M,N,K,best_opus_parent,best_opus_actual,candidate_token,preferred_same_family,package,side,launch_id,library,library_sha256,workspace_bytes,kernel_calls,contract_checked,numerical_validation,performance_validation
8,65536,1536,9041,9041,hybrid_small/direct_b_ahead1:9043,False,hybrid_small,direct_b_ahead1,9043,reports/opus_flydsl_all_20261009/hybrid_small/build/direct_b_ahead1/experiments.so,f836d9fe683f0246d403f5f5a3798db1696de05e3d2b34c18568533d5f0e9a8e,0,1,CPU actual header and launcher constraints,pending_gpu_stop,pending_gpu_stop
8,65536,1536,9041,9041,hybrid_small/direct_b_ahead2:9043,False,hybrid_small,direct_b_ahead2,9043,reports/opus_flydsl_all_20261009/hybrid_small/build/direct_b_ahead2/experiments.so,b714e774c27dc34d257e48aa3072aecdbe680ed20db33116036258a31eafae93,0,1,CPU actual header and launcher constraints,pending_gpu_stop,pending_gpu_stop
8,65536,1536,9041,9041,hybrid_small/direct_b_ahead3:9043,False,hybrid_small,direct_b_ahead3,9043,reports/opus_flydsl_all_20261009/hybrid_small/build/direct_b_ahead3/experiments.so,1d8e364ea7cc5bb5da75bb5b93d177a520a5c0fbbcbfe782c761e6014f076c42,0,1,CPU actual header and launcher constraints,pending_gpu_stop,pending_gpu_stop
8,65536,1536,9041,9041,hybrid_small/direct_b_ahead1:9044,False,hybrid_small,direct_b_ahead1,9044,reports/opus_flydsl_all_20261009/hybrid_small/build/direct_b_ahead1/experiments.so,f836d9fe683f0246d403f5f5a3798db1696de05e3d2b34c18568533d5f0e9a8e,0,1,CPU actual header and launcher constraints,pending_gpu_stop,pending_gpu_stop
8,65536,1536,9041,9041,hybrid_small/direct_b_ahead2:9044,False,hybrid_small,direct_b_ahead2,9044,reports/opus_flydsl_all_20261009/hybrid_small/build/direct_b_ahead2/experiments.so,b714e774c27dc34d257e48aa3072aecdbe680ed20db33116036258a31eafae93,0,1,CPU actual header and launcher constraints,pending_gpu_stop,pending_gpu_stop
8,65536,1536,9041,9041,hybrid_small/direct_b_ahead3:9044,False,hybrid_small,direct_b_ahead3,9044,reports/opus_flydsl_all_20261009/hybrid_small/build/direct_b_ahead3/experiments.so,1d8e364ea7cc5bb5da75bb5b93d177a520a5c0fbbcbfe782c761e6014f076c42,0,1,CPU actual header and launcher constraints,pending_gpu_stop,pending_gpu_stop
8,65536,1536,9041,9041,hybrid_small/direct_b_ahead1:9045,False,hybrid_small,direct_b_ahead1,9045,reports/opus_flydsl_all_20261009/hybrid_small/build/direct_b_ahead1/experiments.so,f836d9fe683f0246d403f5f5a3798db1696de05e3d2b34c18568533d5f0e9a8e,0,1,CPU actual header and launcher constraints,pending_gpu_stop,pending_gpu_stop
8,65536,1536,9041,9041,hybrid_small/direct_b_ahead2:9045,False,hybrid_small,direct_b_ahead2,9045,reports/opus_flydsl_all_20261009/hybrid_small/build/direct_b_ahead2/experiments.so,b714e774c27dc34d257e48aa3072aecdbe680ed20db33116036258a31eafae93,0,1,CPU actual header and launcher constraints,pending_gpu_stop,pending_gpu_stop
8,65536,1536,9041,9041,hybrid_small/direct_b_ahead3:9045,False,hybrid_small,direct_b_ahead3,9045,reports/opus_flydsl_all_20261009/hybrid_small/build/direct_b_ahead3/experiments.so,1d8e364ea7cc5bb5da75bb5b93d177a520a5c0fbbcbfe782c761e6014f076c42,0,1,CPU actual header and launcher constraints,pending_gpu_stop,pending_gpu_stop
8,65536,1536,9041,9041,hybrid_small/direct_b_ahead1:9046,False,hybrid_small,direct_b_ahead1,9046,reports/opus_flydsl_all_20261009/hybrid_small/build/direct_b_ahead1/experiments.so,f836d9fe683f0246d403f5f5a3798db1696de05e3d2b34c18568533d5f0e9a8e,0,1,CPU actual header and launcher constraints,pending_gpu_stop,pending_gpu_stop
8,65536,1536,9041,9041,hybrid_small/direct_b_ahead2:9046,False,hybrid_small,direct_b_ahead2,9046,reports/opus_flydsl_all_20261009/hybrid_small/build/direct_b_ahead2/experiments.so,b714e774c27dc34d257e48aa3072aecdbe680ed20db33116036258a31eafae93,0,1,CPU actual header and launcher constraints,pending_gpu_stop,pending_gpu_stop
8,65536,1536,9041,9041,hybrid_small/direct_b_ahead3:9046,False,hybrid_small,direct_b_ahead3,9046,reports/opus_flydsl_all_20261009/hybrid_small/build/direct_b_ahead3/experiments.so,1d8e364ea7cc5bb5da75bb5b93d177a520a5c0fbbcbfe782c761e6014f076c42,0,1,CPU actual header and launcher constraints,pending_gpu_stop,pending_gpu_stop
8,65536,1536,9041,9041,hybrid_small/direct_b_ahead1:9047,False,hybrid_small,direct_b_ahead1,9047,reports/opus_flydsl_all_20261009/hybrid_small/build/direct_b_ahead1/experiments.so,f836d9fe683f0246d403f5f5a3798db1696de05e3d2b34c18568533d5f0e9a8e,0,1,CPU actual header and launcher constraints,pending_gpu_stop,pending_gpu_stop
8,65536,1536,9041,9041,hybrid_small/direct_b_ahead2:9047,False,hybrid_small,direct_b_ahead2,9047,reports/opus_flydsl_all_20261009/hybrid_small/build/direct_b_ahead2/experiments.so,b714e774c27dc34d257e48aa3072aecdbe680ed20db33116036258a31eafae93,0,1,CPU actual header and launcher constraints,pending_gpu_stop,pending_gpu_stop
8,65536,1536,9041,9041,hybrid_small/direct_b_ahead3:9047,False,hybrid_small,direct_b_ahead3,9047,reports/opus_flydsl_all_20261009/hybrid_small/build/direct_b_ahead3/experiments.so,1d8e364ea7cc5bb5da75bb5b93d177a520a5c0fbbcbfe782c761e6014f076c42,0,1,CPU actual header and launcher constraints,pending_gpu_stop,pending_gpu_stop
8,65536,1536,9041,9041,hybrid_small/direct_b_ahead1:9049,False,hybrid_small,direct_b_ahead1,9049,reports/opus_flydsl_all_20261009/hybrid_small/build/direct_b_ahead1/experiments.so,f836d9fe683f0246d403f5f5a3798db1696de05e3d2b34c18568533d5f0e9a8e,0,1,CPU actual header and launcher constraints,pending_gpu_stop,pending_gpu_stop
8,65536,1536,9041,9041,hybrid_small/direct_b_ahead2:9049,False,hybrid_small,direct_b_ahead2,9049,reports/opus_flydsl_all_20261009/hybrid_small/build/direct_b_ahead2/experiments.so,b714e774c27dc34d257e48aa3072aecdbe680ed20db33116036258a31eafae93,0,1,CPU actual header and launcher constraints,pending_gpu_stop,pending_gpu_stop
8,65536,1536,9041,9041,hybrid_small/direct_b_ahead3:9049,False,hybrid_small,direct_b_ahead3,9049,reports/opus_flydsl_all_20261009/hybrid_small/build/direct_b_ahead3/experiments.so,1d8e364ea7cc5bb5da75bb5b93d177a520a5c0fbbcbfe782c761e6014f076c42,0,1,CPU actual header and launcher constraints,pending_gpu_stop,pending_gpu_stop
8,65536,1536,9041,9041,hybrid_small/direct_b_ahead1:9055,False,hybrid_small,direct_b_ahead1,9055,reports/opus_flydsl_all_20261009/hybrid_small/build/direct_b_ahead1/experiments.so,f836d9fe683f0246d403f5f5a3798db1696de05e3d2b34c18568533d5f0e9a8e,0,1,CPU actual header and launcher constraints,pending_gpu_stop,pending_gpu_stop
8,65536,1536,9041,9041,hybrid_small/direct_b_ahead2:9055,False,hybrid_small,direct_b_ahead2,9055,reports/opus_flydsl_all_20261009/hybrid_small/build/direct_b_ahead2/experiments.so,b714e774c27dc34d257e48aa3072aecdbe680ed20db33116036258a31eafae93,0,1,CPU actual header and launcher constraints,pending_gpu_stop,pending_gpu_stop
8,65536,1536,9041,9041,hybrid_small/direct_b_ahead3:9055,False,hybrid_small,direct_b_ahead3,9055,reports/opus_flydsl_all_20261009/hybrid_small/build/direct_b_ahead3/experiments.so,1d8e364ea7cc5bb5da75bb5b93d177a520a5c0fbbcbfe782c761e6014f076c42,0,1,CPU actual header and launcher constraints,pending_gpu_stop,pending_gpu_stop
8,65536,1536,9041,9041,hybrid_small/direct_b_ahead1:9056,False,hybrid_small,direct_b_ahead1,9056,reports/opus_flydsl_all_20261009/hybrid_small/build/direct_b_ahead1/experiments.so,f836d9fe683f0246d403f5f5a3798db1696de05e3d2b34c18568533d5f0e9a8e,0,1,CPU actual header and launcher constraints,pending_gpu_stop,pending_gpu_stop
8,65536,1536,9041,9041,hybrid_small/direct_b_ahead2:9056,False,hybrid_small,direct_b_ahead2,9056,reports/opus_flydsl_all_20261009/hybrid_small/build/direct_b_ahead2/experiments.so,b714e774c27dc34d257e48aa3072aecdbe680ed20db33116036258a31eafae93,0,1,CPU actual header and launcher constraints,pending_gpu_stop,pending_gpu_stop
8,65536,1536,9041,9041,hybrid_small/direct_b_ahead3:9056,False,hybrid_small,direct_b_ahead3,9056,reports/opus_flydsl_all_20261009/hybrid_small/build/direct_b_ahead3/experiments.so,1d8e364ea7cc5bb5da75bb5b93d177a520a5c0fbbcbfe782c761e6014f076c42,0,1,CPU actual header and launcher constraints,pending_gpu_stop,pending_gpu_stop
8,65536,1536,9041,9041,small_split/candidate:110,True,small_split,candidate,110,reports/opus_flydsl_all_20261009/small_split/build/candidate/experiments.so,7822e988744329482bbd6a7fcb5215b561e9aeada63a3aedf9cd5e541958a886,8388608,2,CPU actual header and launcher constraints,pending_gpu_stop,pending_gpu_stop
8,65536,1536,9041,9041,small_split/candidate:111,True,small_split,candidate,111,reports/opus_flydsl_all_20261009/small_split/build/candidate/experiments.so,7822e988744329482bbd6a7fcb5215b561e9aeada63a3aedf9cd5e541958a886,8388608,2,CPU actual header and launcher constraints,pending_gpu_stop,pending_gpu_stop
8,65536,1536,9041,9041,small_split/candidate:120,True,small_split,candidate,120,reports/opus_flydsl_all_20261009/small_split/build/candidate/experiments.so,7822e988744329482bbd6a7fcb5215b561e9aeada63a3aedf9cd5e541958a886,8388608,2,CPU actual header and launcher constraints,pending_gpu_stop,pending_gpu_stop
8,65536,1536,9041,9041,small_split/candidate:121,True,small_split,candidate,121,reports/opus_flydsl_all_20261009/small_split/build/candidate/experiments.so,7822e988744329482bbd6a7fcb5215b561e9aeada63a3aedf9cd5e541958a886,8388608,2,CPU actual header and launcher constraints,pending_gpu_stop,pending_gpu_stop
8,65536,1536,9041,9041,small_split/candidate:130,True,small_split,candidate,130,reports/opus_flydsl_all_20261009/small_split/build/candidate/experiments.so,7822e988744329482bbd6a7fcb5215b561e9aeada63a3aedf9cd5e541958a886,8388608,2,CPU actual header and launcher constraints,pending_gpu_stop,pending_gpu_stop
8,65536,1536,9041,9041,small_split/candidate:140,True,small_split,candidate,140,reports/opus_flydsl_all_20261009/small_split/build/candidate/experiments.so,7822e988744329482bbd6a7fcb5215b561e9aeada63a3aedf9cd5e541958a886,8388608,2,CPU actual header and launcher constraints,pending_gpu_stop,pending_gpu_stop
8,65536,1536,9041,9041,small_split/candidate:210,False,small_split,candidate,210,reports/opus_flydsl_all_20261009/small_split/build/candidate/experiments.so,7822e988744329482bbd6a7fcb5215b561e9aeada63a3aedf9cd5e541958a886,0,1,CPU actual header and launcher constraints,pending_gpu_stop,pending_gpu_stop
8,65536,1536,9041,9041,small_split/candidate:211,False,small_split,candidate,211,reports/opus_flydsl_all_20261009/small_split/build/candidate/experiments.so,7822e988744329482bbd6a7fcb5215b561e9aeada63a3aedf9cd5e541958a886,4194304,2,CPU actual header and launcher constraints,pending_gpu_stop,pending_gpu_stop
8,65536,1536,9041,9041,small_split/candidate:220,False,small_split,candidate,220,reports/opus_flydsl_all_20261009/small_split/build/candidate/experiments.so,7822e988744329482bbd6a7fcb5215b561e9aeada63a3aedf9cd5e541958a886,0,1,CPU actual header and launcher constraints,pending_gpu_stop,pending_gpu_stop
8,65536,1536,9041,9041,small_split/candidate:221,False,small_split,candidate,221,reports/opus_flydsl_all_20261009/small_split/build/candidate/experiments.so,7822e988744329482bbd6a7fcb5215b561e9aeada63a3aedf9cd5e541958a886,4194304,2,CPU actual header and launcher constraints,pending_gpu_stop,pending_gpu_stop
8,65536,1536,9041,9041,small_split/candidate:230,False,small_split,candidate,230,reports/opus_flydsl_all_20261009/small_split/build/candidate/experiments.so,7822e988744329482bbd6a7fcb5215b561e9aeada63a3aedf9cd5e541958a886,0,1,CPU actual header and launcher constraints,pending_gpu_stop,pending_gpu_stop
8,65536,1536,9041,9041,small_split/candidate:231,False,small_split,candidate,231,reports/opus_flydsl_all_20261009/small_split/build/candidate/experiments.so,7822e988744329482bbd6a7fcb5215b561e9aeada63a3aedf9cd5e541958a886,4194304,2,CPU actual header and launcher constraints,pending_gpu_stop,pending_gpu_stop
16,16384,1536,9052,9052,hybrid_small/direct_b_ahead1:9043,False,hybrid_small,direct_b_ahead1,9043,reports/opus_flydsl_all_20261009/hybrid_small/build/direct_b_ahead1/experiments.so,f836d9fe683f0246d403f5f5a3798db1696de05e3d2b34c18568533d5f0e9a8e,0,1,CPU actual header and launcher constraints,pending_gpu_stop,pending_gpu_stop
16,16384,1536,9052,9052,hybrid_small/direct_b_ahead2:9043,False,hybrid_small,direct_b_ahead2,9043,reports/opus_flydsl_all_20261009/hybrid_small/build/direct_b_ahead2/experiments.so,b714e774c27dc34d257e48aa3072aecdbe680ed20db33116036258a31eafae93,0,1,CPU actual header and launcher constraints,pending_gpu_stop,pending_gpu_stop
16,16384,1536,9052,9052,hybrid_small/direct_b_ahead3:9043,False,hybrid_small,direct_b_ahead3,9043,reports/opus_flydsl_all_20261009/hybrid_small/build/direct_b_ahead3/experiments.so,1d8e364ea7cc5bb5da75bb5b93d177a520a5c0fbbcbfe782c761e6014f076c42,0,1,CPU actual header and launcher constraints,pending_gpu_stop,pending_gpu_stop
16,16384,1536,9052,9052,hybrid_small/direct_b_ahead1:9044,False,hybrid_small,direct_b_ahead1,9044,reports/opus_flydsl_all_20261009/hybrid_small/build/direct_b_ahead1/experiments.so,f836d9fe683f0246d403f5f5a3798db1696de05e3d2b34c18568533d5f0e9a8e,0,1,CPU actual header and launcher constraints,pending_gpu_stop,pending_gpu_stop
16,16384,1536,9052,9052,hybrid_small/direct_b_ahead2:9044,False,hybrid_small,direct_b_ahead2,9044,reports/opus_flydsl_all_20261009/hybrid_small/build/direct_b_ahead2/experiments.so,b714e774c27dc34d257e48aa3072aecdbe680ed20db33116036258a31eafae93,0,1,CPU actual header and launcher constraints,pending_gpu_stop,pending_gpu_stop
16,16384,1536,9052,9052,hybrid_small/direct_b_ahead3:9044,False,hybrid_small,direct_b_ahead3,9044,reports/opus_flydsl_all_20261009/hybrid_small/build/direct_b_ahead3/experiments.so,1d8e364ea7cc5bb5da75bb5b93d177a520a5c0fbbcbfe782c761e6014f076c42,0,1,CPU actual header and launcher constraints,pending_gpu_stop,pending_gpu_stop
16,16384,1536,9052,9052,hybrid_small/direct_b_ahead1:9045,False,hybrid_small,direct_b_ahead1,9045,reports/opus_flydsl_all_20261009/hybrid_small/build/direct_b_ahead1/experiments.so,f836d9fe683f0246d403f5f5a3798db1696de05e3d2b34c18568533d5f0e9a8e,0,1,CPU actual header and launcher constraints,pending_gpu_stop,pending_gpu_stop
16,16384,1536,9052,9052,hybrid_small/direct_b_ahead2:9045,False,hybrid_small,direct_b_ahead2,9045,reports/opus_flydsl_all_20261009/hybrid_small/build/direct_b_ahead2/experiments.so,b714e774c27dc34d257e48aa3072aecdbe680ed20db33116036258a31eafae93,0,1,CPU actual header and launcher constraints,pending_gpu_stop,pending_gpu_stop
16,16384,1536,9052,9052,hybrid_small/direct_b_ahead3:9045,False,hybrid_small,direct_b_ahead3,9045,reports/opus_flydsl_all_20261009/hybrid_small/build/direct_b_ahead3/experiments.so,1d8e364ea7cc5bb5da75bb5b93d177a520a5c0fbbcbfe782c761e6014f076c42,0,1,CPU actual header and launcher constraints,pending_gpu_stop,pending_gpu_stop
16,16384,1536,9052,9052,hybrid_small/direct_b_ahead1:9046,False,hybrid_small,direct_b_ahead1,9046,reports/opus_flydsl_all_20261009/hybrid_small/build/direct_b_ahead1/experiments.so,f836d9fe683f0246d403f5f5a3798db1696de05e3d2b34c18568533d5f0e9a8e,0,1,CPU actual header and launcher constraints,pending_gpu_stop,pending_gpu_stop
16,16384,1536,9052,9052,hybrid_small/direct_b_ahead2:9046,False,hybrid_small,direct_b_ahead2,9046,reports/opus_flydsl_all_20261009/hybrid_small/build/direct_b_ahead2/experiments.so,b714e774c27dc34d257e48aa3072aecdbe680ed20db33116036258a31eafae93,0,1,CPU actual header and launcher constraints,pending_gpu_stop,pending_gpu_stop
16,16384,1536,9052,9052,hybrid_small/direct_b_ahead3:9046,False,hybrid_small,direct_b_ahead3,9046,reports/opus_flydsl_all_20261009/hybrid_small/build/direct_b_ahead3/experiments.so,1d8e364ea7cc5bb5da75bb5b93d177a520a5c0fbbcbfe782c761e6014f076c42,0,1,CPU actual header and launcher constraints,pending_gpu_stop,pending_gpu_stop
16,16384,1536,9052,9052,hybrid_small/direct_b_ahead1:9047,False,hybrid_small,direct_b_ahead1,9047,reports/opus_flydsl_all_20261009/hybrid_small/build/direct_b_ahead1/experiments.so,f836d9fe683f0246d403f5f5a3798db1696de05e3d2b34c18568533d5f0e9a8e,0,1,CPU actual header and launcher constraints,pending_gpu_stop,pending_gpu_stop
16,16384,1536,9052,9052,hybrid_small/direct_b_ahead2:9047,False,hybrid_small,direct_b_ahead2,9047,reports/opus_flydsl_all_20261009/hybrid_small/build/direct_b_ahead2/experiments.so,b714e774c27dc34d257e48aa3072aecdbe680ed20db33116036258a31eafae93,0,1,CPU actual header and launcher constraints,pending_gpu_stop,pending_gpu_stop
16,16384,1536,9052,9052,hybrid_small/direct_b_ahead3:9047,False,hybrid_small,direct_b_ahead3,9047,reports/opus_flydsl_all_20261009/hybrid_small/build/direct_b_ahead3/experiments.so,1d8e364ea7cc5bb5da75bb5b93d177a520a5c0fbbcbfe782c761e6014f076c42,0,1,CPU actual header and launcher constraints,pending_gpu_stop,pending_gpu_stop
16,16384,1536,9052,9052,hybrid_small/direct_b_ahead1:9049,False,hybrid_small,direct_b_ahead1,9049,reports/opus_flydsl_all_20261009/hybrid_small/build/direct_b_ahead1/experiments.so,f836d9fe683f0246d403f5f5a3798db1696de05e3d2b34c18568533d5f0e9a8e,0,1,CPU actual header and launcher constraints,pending_gpu_stop,pending_gpu_stop
16,16384,1536,9052,9052,hybrid_small/direct_b_ahead2:9049,False,hybrid_small,direct_b_ahead2,9049,reports/opus_flydsl_all_20261009/hybrid_small/build/direct_b_ahead2/experiments.so,b714e774c27dc34d257e48aa3072aecdbe680ed20db33116036258a31eafae93,0,1,CPU actual header and launcher constraints,pending_gpu_stop,pending_gpu_stop
16,16384,1536,9052,9052,hybrid_small/direct_b_ahead3:9049,False,hybrid_small,direct_b_ahead3,9049,reports/opus_flydsl_all_20261009/hybrid_small/build/direct_b_ahead3/experiments.so,1d8e364ea7cc5bb5da75bb5b93d177a520a5c0fbbcbfe782c761e6014f076c42,0,1,CPU actual header and launcher constraints,pending_gpu_stop,pending_gpu_stop
16,16384,1536,9052,9052,hybrid_small/direct_b_ahead1:9055,False,hybrid_small,direct_b_ahead1,9055,reports/opus_flydsl_all_20261009/hybrid_small/build/direct_b_ahead1/experiments.so,f836d9fe683f0246d403f5f5a3798db1696de05e3d2b34c18568533d5f0e9a8e,0,1,CPU actual header and launcher constraints,pending_gpu_stop,pending_gpu_stop
16,16384,1536,9052,9052,hybrid_small/direct_b_ahead2:9055,False,hybrid_small,direct_b_ahead2,9055,reports/opus_flydsl_all_20261009/hybrid_small/build/direct_b_ahead2/experiments.so,b714e774c27dc34d257e48aa3072aecdbe680ed20db33116036258a31eafae93,0,1,CPU actual header and launcher constraints,pending_gpu_stop,pending_gpu_stop
16,16384,1536,9052,9052,hybrid_small/direct_b_ahead3:9055,False,hybrid_small,direct_b_ahead3,9055,reports/opus_flydsl_all_20261009/hybrid_small/build/direct_b_ahead3/experiments.so,1d8e364ea7cc5bb5da75bb5b93d177a520a5c0fbbcbfe782c761e6014f076c42,0,1,CPU actual header and launcher constraints,pending_gpu_stop,pending_gpu_stop
16,16384,1536,9052,9052,hybrid_small/direct_b_ahead1:9056,False,hybrid_small,direct_b_ahead1,9056,reports/opus_flydsl_all_20261009/hybrid_small/build/direct_b_ahead1/experiments.so,f836d9fe683f0246d403f5f5a3798db1696de05e3d2b34c18568533d5f0e9a8e,0,1,CPU actual header and launcher constraints,pending_gpu_stop,pending_gpu_stop
16,16384,1536,9052,9052,hybrid_small/direct_b_ahead2:9056,False,hybrid_small,direct_b_ahead2,9056,reports/opus_flydsl_all_20261009/hybrid_small/build/direct_b_ahead2/experiments.so,b714e774c27dc34d257e48aa3072aecdbe680ed20db33116036258a31eafae93,0,1,CPU actual header and launcher constraints,pending_gpu_stop,pending_gpu_stop
16,16384,1536,9052,9052,hybrid_small/direct_b_ahead3:9056,False,hybrid_small,direct_b_ahead3,9056,reports/opus_flydsl_all_20261009/hybrid_small/build/direct_b_ahead3/experiments.so,1d8e364ea7cc5bb5da75bb5b93d177a520a5c0fbbcbfe782c761e6014f076c42,0,1,CPU actual header and launcher constraints,pending_gpu_stop,pending_gpu_stop
16,16384,1536,9052,9052,small_split/candidate:110,True,small_split,candidate,110,reports/opus_flydsl_all_20261009/small_split/build/candidate/experiments.so,7822e988744329482bbd6a7fcb5215b561e9aeada63a3aedf9cd5e541958a886,4194304,2,CPU actual header and launcher constraints,pending_gpu_stop,pending_gpu_stop
16,16384,1536,9052,9052,small_split/candidate:111,True,small_split,candidate,111,reports/opus_flydsl_all_20261009/small_split/build/candidate/experiments.so,7822e988744329482bbd6a7fcb5215b561e9aeada63a3aedf9cd5e541958a886,4194304,2,CPU actual header and launcher constraints,pending_gpu_stop,pending_gpu_stop
16,16384,1536,9052,9052,small_split/candidate:120,True,small_split,candidate,120,reports/opus_flydsl_all_20261009/small_split/build/candidate/experiments.so,7822e988744329482bbd6a7fcb5215b561e9aeada63a3aedf9cd5e541958a886,4194304,2,CPU actual header and launcher constraints,pending_gpu_stop,pending_gpu_stop
16,16384,1536,9052,9052,small_split/candidate:121,True,small_split,candidate,121,reports/opus_flydsl_all_20261009/small_split/build/candidate/experiments.so,7822e988744329482bbd6a7fcb5215b561e9aeada63a3aedf9cd5e541958a886,4194304,2,CPU actual header and launcher constraints,pending_gpu_stop,pending_gpu_stop
16,16384,1536,9052,9052,small_split/candidate:130,True,small_split,candidate,130,reports/opus_flydsl_all_20261009/small_split/build/candidate/experiments.so,7822e988744329482bbd6a7fcb5215b561e9aeada63a3aedf9cd5e541958a886,4194304,2,CPU actual header and launcher constraints,pending_gpu_stop,pending_gpu_stop
16,16384,1536,9052,9052,small_split/candidate:140,True,small_split,candidate,140,reports/opus_flydsl_all_20261009/small_split/build/candidate/experiments.so,7822e988744329482bbd6a7fcb5215b561e9aeada63a3aedf9cd5e541958a886,4194304,2,CPU actual header and launcher constraints,pending_gpu_stop,pending_gpu_stop
16,16384,1536,9052,9052,small_split/candidate:210,False,small_split,candidate,210,reports/opus_flydsl_all_20261009/small_split/build/candidate/experiments.so,7822e988744329482bbd6a7fcb5215b561e9aeada63a3aedf9cd5e541958a886,0,1,CPU actual header and launcher constraints,pending_gpu_stop,pending_gpu_stop
16,16384,1536,9052,9052,small_split/candidate:211,False,small_split,candidate,211,reports/opus_flydsl_all_20261009/small_split/build/candidate/experiments.so,7822e988744329482bbd6a7fcb5215b561e9aeada63a3aedf9cd5e541958a886,2097152,2,CPU actual header and launcher constraints,pending_gpu_stop,pending_gpu_stop
16,16384,1536,9052,9052,small_split/candidate:220,False,small_split,candidate,220,reports/opus_flydsl_all_20261009/small_split/build/candidate/experiments.so,7822e988744329482bbd6a7fcb5215b561e9aeada63a3aedf9cd5e541958a886,0,1,CPU actual header and launcher constraints,pending_gpu_stop,pending_gpu_stop
16,16384,1536,9052,9052,small_split/candidate:221,False,small_split,candidate,221,reports/opus_flydsl_all_20261009/small_split/build/candidate/experiments.so,7822e988744329482bbd6a7fcb5215b561e9aeada63a3aedf9cd5e541958a886,2097152,2,CPU actual header and launcher constraints,pending_gpu_stop,pending_gpu_stop
16,16384,1536,9052,9052,small_split/candidate:230,False,small_split,candidate,230,reports/opus_flydsl_all_20261009/small_split/build/candidate/experiments.so,7822e988744329482bbd6a7fcb5215b561e9aeada63a3aedf9cd5e541958a886,0,1,CPU actual header and launcher constraints,pending_gpu_stop,pending_gpu_stop
16,16384,1536,9052,9052,small_split/candidate:231,False,small_split,candidate,231,reports/opus_flydsl_all_20261009/small_split/build/candidate/experiments.so,7822e988744329482bbd6a7fcb5215b561e9aeada63a3aedf9cd5e541958a886,2097152,2,CPU actual header and launcher constraints,pending_gpu_stop,pending_gpu_stop
16,16384,1536,9052,9052,main_variants/main23:92000,False,main_variants,main23,92000,reports/opus_flydsl_all_20261009/main_variants/build/main23/experiments.so,55927bffd4f3b05b59e0eda5fad3d5b58396f525f618fed0eec4a1cb48df83b6,0,1,CPU actual header and launcher constraints,pending_gpu_stop,pending_gpu_stop
16,16384,1536,9052,9052,main_variants/main23:92001,False,main_variants,main23,92001,reports/opus_flydsl_all_20261009/main_variants/build/main23/experiments.so,55927bffd4f3b05b59e0eda5fad3d5b58396f525f618fed0eec4a1cb48df83b6,0,1,CPU actual header and launcher constraints,pending_gpu_stop,pending_gpu_stop
16,16384,1536,9052,9052,main_variants/main23:92002,False,main_variants,main23,92002,reports/opus_flydsl_all_20261009/main_variants/build/main23/experiments.so,55927bffd4f3b05b59e0eda5fad3d5b58396f525f618fed0eec4a1cb48df83b6,0,1,CPU actual header and launcher constraints,pending_gpu_stop,pending_gpu_stop
16,16384,1536,9052,9052,main_variants/main23:92005,False,main_variants,main23,92005,reports/opus_flydsl_all_20261009/main_variants/build/main23/experiments.so,55927bffd4f3b05b59e0eda5fad3d5b58396f525f618fed0eec4a1cb48df83b6,0,1,CPU actual header and launcher constraints,pending_gpu_stop,pending_gpu_stop
16,16384,1536,9052,9052,main_variants/main23:92006,False,main_variants,main23,92006,reports/opus_flydsl_all_20261009/main_variants/build/main23/experiments.so,55927bffd4f3b05b59e0eda5fad3d5b58396f525f618fed0eec4a1cb48df83b6,0,1,CPU actual header and launcher constraints,pending_gpu_stop,pending_gpu_stop
16,65536,1536,9040,9040,hybrid_small/direct_b_ahead1:9043,False,hybrid_small,direct_b_ahead1,9043,reports/opus_flydsl_all_20261009/hybrid_small/build/direct_b_ahead1/experiments.so,f836d9fe683f0246d403f5f5a3798db1696de05e3d2b34c18568533d5f0e9a8e,0,1,CPU actual header and launcher constraints,pending_gpu_stop,pending_gpu_stop
16,65536,1536,9040,9040,hybrid_small/direct_b_ahead2:9043,False,hybrid_small,direct_b_ahead2,9043,reports/opus_flydsl_all_20261009/hybrid_small/build/direct_b_ahead2/experiments.so,b714e774c27dc34d257e48aa3072aecdbe680ed20db33116036258a31eafae93,0,1,CPU actual header and launcher constraints,pending_gpu_stop,pending_gpu_stop
16,65536,1536,9040,9040,hybrid_small/direct_b_ahead3:9043,False,hybrid_small,direct_b_ahead3,9043,reports/opus_flydsl_all_20261009/hybrid_small/build/direct_b_ahead3/experiments.so,1d8e364ea7cc5bb5da75bb5b93d177a520a5c0fbbcbfe782c761e6014f076c42,0,1,CPU actual header and launcher constraints,pending_gpu_stop,pending_gpu_stop
16,65536,1536,9040,9040,hybrid_small/direct_b_ahead1:9044,False,hybrid_small,direct_b_ahead1,9044,reports/opus_flydsl_all_20261009/hybrid_small/build/direct_b_ahead1/experiments.so,f836d9fe683f0246d403f5f5a3798db1696de05e3d2b34c18568533d5f0e9a8e,0,1,CPU actual header and launcher constraints,pending_gpu_stop,pending_gpu_stop
16,65536,1536,9040,9040,hybrid_small/direct_b_ahead2:9044,False,hybrid_small,direct_b_ahead2,9044,reports/opus_flydsl_all_20261009/hybrid_small/build/direct_b_ahead2/experiments.so,b714e774c27dc34d257e48aa3072aecdbe680ed20db33116036258a31eafae93,0,1,CPU actual header and launcher constraints,pending_gpu_stop,pending_gpu_stop
16,65536,1536,9040,9040,hybrid_small/direct_b_ahead3:9044,False,hybrid_small,direct_b_ahead3,9044,reports/opus_flydsl_all_20261009/hybrid_small/build/direct_b_ahead3/experiments.so,1d8e364ea7cc5bb5da75bb5b93d177a520a5c0fbbcbfe782c761e6014f076c42,0,1,CPU actual header and launcher constraints,pending_gpu_stop,pending_gpu_stop
16,65536,1536,9040,9040,hybrid_small/direct_b_ahead1:9045,False,hybrid_small,direct_b_ahead1,9045,reports/opus_flydsl_all_20261009/hybrid_small/build/direct_b_ahead1/experiments.so,f836d9fe683f0246d403f5f5a3798db1696de05e3d2b34c18568533d5f0e9a8e,0,1,CPU actual header and launcher constraints,pending_gpu_stop,pending_gpu_stop
16,65536,1536,9040,9040,hybrid_small/direct_b_ahead2:9045,False,hybrid_small,direct_b_ahead2,9045,reports/opus_flydsl_all_20261009/hybrid_small/build/direct_b_ahead2/experiments.so,b714e774c27dc34d257e48aa3072aecdbe680ed20db33116036258a31eafae93,0,1,CPU actual header and launcher constraints,pending_gpu_stop,pending_gpu_stop
16,65536,1536,9040,9040,hybrid_small/direct_b_ahead3:9045,False,hybrid_small,direct_b_ahead3,9045,reports/opus_flydsl_all_20261009/hybrid_small/build/direct_b_ahead3/experiments.so,1d8e364ea7cc5bb5da75bb5b93d177a520a5c0fbbcbfe782c761e6014f076c42,0,1,CPU actual header and launcher constraints,pending_gpu_stop,pending_gpu_stop
16,65536,1536,9040,9040,hybrid_small/direct_b_ahead1:9046,False,hybrid_small,direct_b_ahead1,9046,reports/opus_flydsl_all_20261009/hybrid_small/build/direct_b_ahead1/experiments.so,f836d9fe683f0246d403f5f5a3798db1696de05e3d2b34c18568533d5f0e9a8e,0,1,CPU actual header and launcher constraints,pending_gpu_stop,pending_gpu_stop
16,65536,1536,9040,9040,hybrid_small/direct_b_ahead2:9046,False,hybrid_small,direct_b_ahead2,9046,reports/opus_flydsl_all_20261009/hybrid_small/build/direct_b_ahead2/experiments.so,b714e774c27dc34d257e48aa3072aecdbe680ed20db33116036258a31eafae93,0,1,CPU actual header and launcher constraints,pending_gpu_stop,pending_gpu_stop
16,65536,1536,9040,9040,hybrid_small/direct_b_ahead3:9046,False,hybrid_small,direct_b_ahead3,9046,reports/opus_flydsl_all_20261009/hybrid_small/build/direct_b_ahead3/experiments.so,1d8e364ea7cc5bb5da75bb5b93d177a520a5c0fbbcbfe782c761e6014f076c42,0,1,CPU actual header and launcher constraints,pending_gpu_stop,pending_gpu_stop
16,65536,1536,9040,9040,hybrid_small/direct_b_ahead1:9047,False,hybrid_small,direct_b_ahead1,9047,reports/opus_flydsl_all_20261009/hybrid_small/build/direct_b_ahead1/experiments.so,f836d9fe683f0246d403f5f5a3798db1696de05e3d2b34c18568533d5f0e9a8e,0,1,CPU actual header and launcher constraints,pending_gpu_stop,pending_gpu_stop
16,65536,1536,9040,9040,hybrid_small/direct_b_ahead2:9047,False,hybrid_small,direct_b_ahead2,9047,reports/opus_flydsl_all_20261009/hybrid_small/build/direct_b_ahead2/experiments.so,b714e774c27dc34d257e48aa3072aecdbe680ed20db33116036258a31eafae93,0,1,CPU actual header and launcher constraints,pending_gpu_stop,pending_gpu_stop
16,65536,1536,9040,9040,hybrid_small/direct_b_ahead3:9047,False,hybrid_small,direct_b_ahead3,9047,reports/opus_flydsl_all_20261009/hybrid_small/build/direct_b_ahead3/experiments.so,1d8e364ea7cc5bb5da75bb5b93d177a520a5c0fbbcbfe782c761e6014f076c42,0,1,CPU actual header and launcher constraints,pending_gpu_stop,pending_gpu_stop
16,65536,1536,9040,9040,hybrid_small/direct_b_ahead1:9049,False,hybrid_small,direct_b_ahead1,9049,reports/opus_flydsl_all_20261009/hybrid_small/build/direct_b_ahead1/experiments.so,f836d9fe683f0246d403f5f5a3798db1696de05e3d2b34c18568533d5f0e9a8e,0,1,CPU actual header and launcher constraints,pending_gpu_stop,pending_gpu_stop
16,65536,1536,9040,9040,hybrid_small/direct_b_ahead2:9049,False,hybrid_small,direct_b_ahead2,9049,reports/opus_flydsl_all_20261009/hybrid_small/build/direct_b_ahead2/experiments.so,b714e774c27dc34d257e48aa3072aecdbe680ed20db33116036258a31eafae93,0,1,CPU actual header and launcher constraints,pending_gpu_stop,pending_gpu_stop
16,65536,1536,9040,9040,hybrid_small/direct_b_ahead3:9049,False,hybrid_small,direct_b_ahead3,9049,reports/opus_flydsl_all_20261009/hybrid_small/build/direct_b_ahead3/experiments.so,1d8e364ea7cc5bb5da75bb5b93d177a520a5c0fbbcbfe782c761e6014f076c42,0,1,CPU actual header and launcher constraints,pending_gpu_stop,pending_gpu_stop
16,65536,1536,9040,9040,hybrid_small/direct_b_ahead1:9055,False,hybrid_small,direct_b_ahead1,9055,reports/opus_flydsl_all_20261009/hybrid_small/build/direct_b_ahead1/experiments.so,f836d9fe683f0246d403f5f5a3798db1696de05e3d2b34c18568533d5f0e9a8e,0,1,CPU actual header and launcher constraints,pending_gpu_stop,pending_gpu_stop
16,65536,1536,9040,9040,hybrid_small/direct_b_ahead2:9055,False,hybrid_small,direct_b_ahead2,9055,reports/opus_flydsl_all_20261009/hybrid_small/build/direct_b_ahead2/experiments.so,b714e774c27dc34d257e48aa3072aecdbe680ed20db33116036258a31eafae93,0,1,CPU actual header and launcher constraints,pending_gpu_stop,pending_gpu_stop
16,65536,1536,9040,9040,hybrid_small/direct_b_ahead3:9055,False,hybrid_small,direct_b_ahead3,9055,reports/opus_flydsl_all_20261009/hybrid_small/build/direct_b_ahead3/experiments.so,1d8e364ea7cc5bb5da75bb5b93d177a520a5c0fbbcbfe782c761e6014f076c42,0,1,CPU actual header and launcher constraints,pending_gpu_stop,pending_gpu_stop
16,65536,1536,9040,9040,hybrid_small/direct_b_ahead1:9056,False,hybrid_small,direct_b_ahead1,9056,reports/opus_flydsl_all_20261009/hybrid_small/build/direct_b_ahead1/experiments.so,f836d9fe683f0246d403f5f5a3798db1696de05e3d2b34c18568533d5f0e9a8e,0,1,CPU actual header and launcher constraints,pending_gpu_stop,pending_gpu_stop
16,65536,1536,9040,9040,hybrid_small/direct_b_ahead2:9056,False,hybrid_small,direct_b_ahead2,9056,reports/opus_flydsl_all_20261009/hybrid_small/build/direct_b_ahead2/experiments.so,b714e774c27dc34d257e48aa3072aecdbe680ed20db33116036258a31eafae93,0,1,CPU actual header and launcher constraints,pending_gpu_stop,pending_gpu_stop
16,65536,1536,9040,9040,hybrid_small/direct_b_ahead3:9056,False,hybrid_small,direct_b_ahead3,9056,reports/opus_flydsl_all_20261009/hybrid_small/build/direct_b_ahead3/experiments.so,1d8e364ea7cc5bb5da75bb5b93d177a520a5c0fbbcbfe782c761e6014f076c42,0,1,CPU actual header and launcher constraints,pending_gpu_stop,pending_gpu_stop
16,65536,1536,9040,9040,small_split/candidate:110,True,small_split,candidate,110,reports/opus_flydsl_all_20261009/small_split/build/candidate/experiments.so,7822e988744329482bbd6a7fcb5215b561e9aeada63a3aedf9cd5e541958a886,16777216,2,CPU actual header and launcher constraints,pending_gpu_stop,pending_gpu_stop
16,65536,1536,9040,9040,small_split/candidate:111,True,small_split,candidate,111,reports/opus_flydsl_all_20261009/small_split/build/candidate/experiments.so,7822e988744329482bbd6a7fcb5215b561e9aeada63a3aedf9cd5e541958a886,16777216,2,CPU actual header and launcher constraints,pending_gpu_stop,pending_gpu_stop
16,65536,1536,9040,9040,small_split/candidate:120,True,small_split,candidate,120,reports/opus_flydsl_all_20261009/small_split/build/candidate/experiments.so,7822e988744329482bbd6a7fcb5215b561e9aeada63a3aedf9cd5e541958a886,16777216,2,CPU actual header and launcher constraints,pending_gpu_stop,pending_gpu_stop
16,65536,1536,9040,9040,small_split/candidate:121,True,small_split,candidate,121,reports/opus_flydsl_all_20261009/small_split/build/candidate/experiments.so,7822e988744329482bbd6a7fcb5215b561e9aeada63a3aedf9cd5e541958a886,16777216,2,CPU actual header and launcher constraints,pending_gpu_stop,pending_gpu_stop
16,65536,1536,9040,9040,small_split/candidate:130,True,small_split,candidate,130,reports/opus_flydsl_all_20261009/small_split/build/candidate/experiments.so,7822e988744329482bbd6a7fcb5215b561e9aeada63a3aedf9cd5e541958a886,16777216,2,CPU actual header and launcher constraints,pending_gpu_stop,pending_gpu_stop
16,65536,1536,9040,9040,small_split/candidate:140,True,small_split,candidate,140,reports/opus_flydsl_all_20261009/small_split/build/candidate/experiments.so,7822e988744329482bbd6a7fcb5215b561e9aeada63a3aedf9cd5e541958a886,16777216,2,CPU actual header and launcher constraints,pending_gpu_stop,pending_gpu_stop
16,65536,1536,9040,9040,small_split/candidate:210,False,small_split,candidate,210,reports/opus_flydsl_all_20261009/small_split/build/candidate/experiments.so,7822e988744329482bbd6a7fcb5215b561e9aeada63a3aedf9cd5e541958a886,0,1,CPU actual header and launcher constraints,pending_gpu_stop,pending_gpu_stop
16,65536,1536,9040,9040,small_split/candidate:211,False,small_split,candidate,211,reports/opus_flydsl_all_20261009/small_split/build/candidate/experiments.so,7822e988744329482bbd6a7fcb5215b561e9aeada63a3aedf9cd5e541958a886,8388608,2,CPU actual header and launcher constraints,pending_gpu_stop,pending_gpu_stop
16,65536,1536,9040,9040,small_split/candidate:220,False,small_split,candidate,220,reports/opus_flydsl_all_20261009/small_split/build/candidate/experiments.so,7822e988744329482bbd6a7fcb5215b561e9aeada63a3aedf9cd5e541958a886,0,1,CPU actual header and launcher constraints,pending_gpu_stop,pending_gpu_stop
16,65536,1536,9040,9040,small_split/candidate:221,False,small_split,candidate,221,reports/opus_flydsl_all_20261009/small_split/build/candidate/experiments.so,7822e988744329482bbd6a7fcb5215b561e9aeada63a3aedf9cd5e541958a886,8388608,2,CPU actual header and launcher constraints,pending_gpu_stop,pending_gpu_stop
16,65536,1536,9040,9040,small_split/candidate:230,False,small_split,candidate,230,reports/opus_flydsl_all_20261009/small_split/build/candidate/experiments.so,7822e988744329482bbd6a7fcb5215b561e9aeada63a3aedf9cd5e541958a886,0,1,CPU actual header and launcher constraints,pending_gpu_stop,pending_gpu_stop
16,65536,1536,9040,9040,small_split/candidate:231,False,small_split,candidate,231,reports/opus_flydsl_all_20261009/small_split/build/candidate/experiments.so,7822e988744329482bbd6a7fcb5215b561e9aeada63a3aedf9cd5e541958a886,8388608,2,CPU actual header and launcher constraints,pending_gpu_stop,pending_gpu_stop
16,65536,1536,9040,9040,main_variants/main23:92000,False,main_variants,main23,92000,reports/opus_flydsl_all_20261009/main_variants/build/main23/experiments.so,55927bffd4f3b05b59e0eda5fad3d5b58396f525f618fed0eec4a1cb48df83b6,0,1,CPU actual header and launcher constraints,pending_gpu_stop,pending_gpu_stop
16,65536,1536,9040,9040,main_variants/main23:92001,False,main_variants,main23,92001,reports/opus_flydsl_all_20261009/main_variants/build/main23/experiments.so,55927bffd4f3b05b59e0eda5fad3d5b58396f525f618fed0eec4a1cb48df83b6,0,1,CPU actual header and launcher constraints,pending_gpu_stop,pending_gpu_stop
16,65536,1536,9040,9040,main_variants/main23:92002,False,main_variants,main23,92002,reports/opus_flydsl_all_20261009/main_variants/build/main23/experiments.so,55927bffd4f3b05b59e0eda5fad3d5b58396f525f618fed0eec4a1cb48df83b6,0,1,CPU actual header and launcher constraints,pending_gpu_stop,pending_gpu_stop
16,65536,1536,9040,9040,main_variants/main23:92005,False,main_variants,main23,92005,reports/opus_flydsl_all_20261009/main_variants/build/main23/experiments.so,55927bffd4f3b05b59e0eda5fad3d5b58396f525f618fed0eec4a1cb48df83b6,0,1,CPU actual header and launcher constraints,pending_gpu_stop,pending_gpu_stop
16,65536,1536,9040,9040,main_variants/main23:92006,False,main_variants,main23,92006,reports/opus_flydsl_all_20261009/main_variants/build/main23/experiments.so,55927bffd4f3b05b59e0eda5fad3d5b58396f525f618fed0eec4a1cb48df83b6,0,1,CPU actual header and launcher constraints,pending_gpu_stop,pending_gpu_stop
32,6144,7168,9055,9055,hybrid_small/direct_b_ahead1:9043,False,hybrid_small,direct_b_ahead1,9043,reports/opus_flydsl_all_20261009/hybrid_small/build/direct_b_ahead1/experiments.so,f836d9fe683f0246d403f5f5a3798db1696de05e3d2b34c18568533d5f0e9a8e,0,1,CPU actual header and launcher constraints,pending_gpu_stop,pending_gpu_stop
32,6144,7168,9055,9055,hybrid_small/direct_b_ahead2:9043,False,hybrid_small,direct_b_ahead2,9043,reports/opus_flydsl_all_20261009/hybrid_small/build/direct_b_ahead2/experiments.so,b714e774c27dc34d257e48aa3072aecdbe680ed20db33116036258a31eafae93,0,1,CPU actual header and launcher constraints,pending_gpu_stop,pending_gpu_stop
32,6144,7168,9055,9055,hybrid_small/direct_b_ahead3:9043,False,hybrid_small,direct_b_ahead3,9043,reports/opus_flydsl_all_20261009/hybrid_small/build/direct_b_ahead3/experiments.so,1d8e364ea7cc5bb5da75bb5b93d177a520a5c0fbbcbfe782c761e6014f076c42,0,1,CPU actual header and launcher constraints,pending_gpu_stop,pending_gpu_stop
32,6144,7168,9055,9055,hybrid_small/direct_b_ahead1:9044,False,hybrid_small,direct_b_ahead1,9044,reports/opus_flydsl_all_20261009/hybrid_small/build/direct_b_ahead1/experiments.so,f836d9fe683f0246d403f5f5a3798db1696de05e3d2b34c18568533d5f0e9a8e,0,1,CPU actual header and launcher constraints,pending_gpu_stop,pending_gpu_stop
32,6144,7168,9055,9055,hybrid_small/direct_b_ahead2:9044,False,hybrid_small,direct_b_ahead2,9044,reports/opus_flydsl_all_20261009/hybrid_small/build/direct_b_ahead2/experiments.so,b714e774c27dc34d257e48aa3072aecdbe680ed20db33116036258a31eafae93,0,1,CPU actual header and launcher constraints,pending_gpu_stop,pending_gpu_stop
32,6144,7168,9055,9055,hybrid_small/direct_b_ahead3:9044,False,hybrid_small,direct_b_ahead3,9044,reports/opus_flydsl_all_20261009/hybrid_small/build/direct_b_ahead3/experiments.so,1d8e364ea7cc5bb5da75bb5b93d177a520a5c0fbbcbfe782c761e6014f076c42,0,1,CPU actual header and launcher constraints,pending_gpu_stop,pending_gpu_stop
32,6144,7168,9055,9055,hybrid_small/direct_b_ahead1:9045,False,hybrid_small,direct_b_ahead1,9045,reports/opus_flydsl_all_20261009/hybrid_small/build/direct_b_ahead1/experiments.so,f836d9fe683f0246d403f5f5a3798db1696de05e3d2b34c18568533d5f0e9a8e,0,1,CPU actual header and launcher constraints,pending_gpu_stop,pending_gpu_stop
32,6144,7168,9055,9055,hybrid_small/direct_b_ahead2:9045,False,hybrid_small,direct_b_ahead2,9045,reports/opus_flydsl_all_20261009/hybrid_small/build/direct_b_ahead2/experiments.so,b714e774c27dc34d257e48aa3072aecdbe680ed20db33116036258a31eafae93,0,1,CPU actual header and launcher constraints,pending_gpu_stop,pending_gpu_stop
32,6144,7168,9055,9055,hybrid_small/direct_b_ahead3:9045,False,hybrid_small,direct_b_ahead3,9045,reports/opus_flydsl_all_20261009/hybrid_small/build/direct_b_ahead3/experiments.so,1d8e364ea7cc5bb5da75bb5b93d177a520a5c0fbbcbfe782c761e6014f076c42,0,1,CPU actual header and launcher constraints,pending_gpu_stop,pending_gpu_stop
32,6144,7168,9055,9055,hybrid_small/direct_b_ahead1:9046,False,hybrid_small,direct_b_ahead1,9046,reports/opus_flydsl_all_20261009/hybrid_small/build/direct_b_ahead1/experiments.so,f836d9fe683f0246d403f5f5a3798db1696de05e3d2b34c18568533d5f0e9a8e,0,1,CPU actual header and launcher constraints,pending_gpu_stop,pending_gpu_stop
32,6144,7168,9055,9055,hybrid_small/direct_b_ahead2:9046,False,hybrid_small,direct_b_ahead2,9046,reports/opus_flydsl_all_20261009/hybrid_small/build/direct_b_ahead2/experiments.so,b714e774c27dc34d257e48aa3072aecdbe680ed20db33116036258a31eafae93,0,1,CPU actual header and launcher constraints,pending_gpu_stop,pending_gpu_stop
32,6144,7168,9055,9055,hybrid_small/direct_b_ahead3:9046,False,hybrid_small,direct_b_ahead3,9046,reports/opus_flydsl_all_20261009/hybrid_small/build/direct_b_ahead3/experiments.so,1d8e364ea7cc5bb5da75bb5b93d177a520a5c0fbbcbfe782c761e6014f076c42,0,1,CPU actual header and launcher constraints,pending_gpu_stop,pending_gpu_stop
32,6144,7168,9055,9055,hybrid_small/direct_b_ahead1:9047,False,hybrid_small,direct_b_ahead1,9047,reports/opus_flydsl_all_20261009/hybrid_small/build/direct_b_ahead1/experiments.so,f836d9fe683f0246d403f5f5a3798db1696de05e3d2b34c18568533d5f0e9a8e,0,1,CPU actual header and launcher constraints,pending_gpu_stop,pending_gpu_stop
32,6144,7168,9055,9055,hybrid_small/direct_b_ahead2:9047,False,hybrid_small,direct_b_ahead2,9047,reports/opus_flydsl_all_20261009/hybrid_small/build/direct_b_ahead2/experiments.so,b714e774c27dc34d257e48aa3072aecdbe680ed20db33116036258a31eafae93,0,1,CPU actual header and launcher constraints,pending_gpu_stop,pending_gpu_stop
32,6144,7168,9055,9055,hybrid_small/direct_b_ahead3:9047,False,hybrid_small,direct_b_ahead3,9047,reports/opus_flydsl_all_20261009/hybrid_small/build/direct_b_ahead3/experiments.so,1d8e364ea7cc5bb5da75bb5b93d177a520a5c0fbbcbfe782c761e6014f076c42,0,1,CPU actual header and launcher constraints,pending_gpu_stop,pending_gpu_stop
32,6144,7168,9055,9055,hybrid_small/direct_b_ahead1:9049,False,hybrid_small,direct_b_ahead1,9049,reports/opus_flydsl_all_20261009/hybrid_small/build/direct_b_ahead1/experiments.so,f836d9fe683f0246d403f5f5a3798db1696de05e3d2b34c18568533d5f0e9a8e,0,1,CPU actual header and launcher constraints,pending_gpu_stop,pending_gpu_stop
32,6144,7168,9055,9055,hybrid_small/direct_b_ahead2:9049,False,hybrid_small,direct_b_ahead2,9049,reports/opus_flydsl_all_20261009/hybrid_small/build/direct_b_ahead2/experiments.so,b714e774c27dc34d257e48aa3072aecdbe680ed20db33116036258a31eafae93,0,1,CPU actual header and launcher constraints,pending_gpu_stop,pending_gpu_stop
32,6144,7168,9055,9055,hybrid_small/direct_b_ahead3:9049,False,hybrid_small,direct_b_ahead3,9049,reports/opus_flydsl_all_20261009/hybrid_small/build/direct_b_ahead3/experiments.so,1d8e364ea7cc5bb5da75bb5b93d177a520a5c0fbbcbfe782c761e6014f076c42,0,1,CPU actual header and launcher constraints,pending_gpu_stop,pending_gpu_stop
32,6144,7168,9055,9055,hybrid_small/direct_b_ahead1:9055,True,hybrid_small,direct_b_ahead1,9055,reports/opus_flydsl_all_20261009/hybrid_small/build/direct_b_ahead1/experiments.so,f836d9fe683f0246d403f5f5a3798db1696de05e3d2b34c18568533d5f0e9a8e,0,1,CPU actual header and launcher constraints,pending_gpu_stop,pending_gpu_stop
32,6144,7168,9055,9055,hybrid_small/direct_b_ahead2:9055,True,hybrid_small,direct_b_ahead2,9055,reports/opus_flydsl_all_20261009/hybrid_small/build/direct_b_ahead2/experiments.so,b714e774c27dc34d257e48aa3072aecdbe680ed20db33116036258a31eafae93,0,1,CPU actual header and launcher constraints,pending_gpu_stop,pending_gpu_stop
32,6144,7168,9055,9055,hybrid_small/direct_b_ahead3:9055,True,hybrid_small,direct_b_ahead3,9055,reports/opus_flydsl_all_20261009/hybrid_small/build/direct_b_ahead3/experiments.so,1d8e364ea7cc5bb5da75bb5b93d177a520a5c0fbbcbfe782c761e6014f076c42,0,1,CPU actual header and launcher constraints,pending_gpu_stop,pending_gpu_stop
32,6144,7168,9055,9055,hybrid_small/direct_b_ahead1:9056,False,hybrid_small,direct_b_ahead1,9056,reports/opus_flydsl_all_20261009/hybrid_small/build/direct_b_ahead1/experiments.so,f836d9fe683f0246d403f5f5a3798db1696de05e3d2b34c18568533d5f0e9a8e,0,1,CPU actual header and launcher constraints,pending_gpu_stop,pending_gpu_stop
32,6144,7168,9055,9055,hybrid_small/direct_b_ahead2:9056,False,hybrid_small,direct_b_ahead2,9056,reports/opus_flydsl_all_20261009/hybrid_small/build/direct_b_ahead2/experiments.so,b714e774c27dc34d257e48aa3072aecdbe680ed20db33116036258a31eafae93,0,1,CPU actual header and launcher constraints,pending_gpu_stop,pending_gpu_stop
32,6144,7168,9055,9055,hybrid_small/direct_b_ahead3:9056,False,hybrid_small,direct_b_ahead3,9056,reports/opus_flydsl_all_20261009/hybrid_small/build/direct_b_ahead3/experiments.so,1d8e364ea7cc5bb5da75bb5b93d177a520a5c0fbbcbfe782c761e6014f076c42,0,1,CPU actual header and launcher constraints,pending_gpu_stop,pending_gpu_stop
32,6144,7168,9055,9055,small_split/candidate:110,False,small_split,candidate,110,reports/opus_flydsl_all_20261009/small_split/build/candidate/experiments.so,7822e988744329482bbd6a7fcb5215b561e9aeada63a3aedf9cd5e541958a886,3145728,2,CPU actual header and launcher constraints,pending_gpu_stop,pending_gpu_stop
32,6144,7168,9055,9055,small_split/candidate:111,False,small_split,candidate,111,reports/opus_flydsl_all_20261009/small_split/build/candidate/experiments.so,7822e988744329482bbd6a7fcb5215b561e9aeada63a3aedf9cd5e541958a886,3145728,2,CPU actual header and launcher constraints,pending_gpu_stop,pending_gpu_stop
32,6144,7168,9055,9055,small_split/candidate:120,False,small_split,candidate,120,reports/opus_flydsl_all_20261009/small_split/build/candidate/experiments.so,7822e988744329482bbd6a7fcb5215b561e9aeada63a3aedf9cd5e541958a886,3145728,2,CPU actual header and launcher constraints,pending_gpu_stop,pending_gpu_stop
32,6144,7168,9055,9055,small_split/candidate:121,False,small_split,candidate,121,reports/opus_flydsl_all_20261009/small_split/build/candidate/experiments.so,7822e988744329482bbd6a7fcb5215b561e9aeada63a3aedf9cd5e541958a886,3145728,2,CPU actual header and launcher constraints,pending_gpu_stop,pending_gpu_stop
32,6144,7168,9055,9055,small_split/candidate:130,False,small_split,candidate,130,reports/opus_flydsl_all_20261009/small_split/build/candidate/experiments.so,7822e988744329482bbd6a7fcb5215b561e9aeada63a3aedf9cd5e541958a886,3145728,2,CPU actual header and launcher constraints,pending_gpu_stop,pending_gpu_stop
32,6144,7168,9055,9055,small_split/candidate:140,False,small_split,candidate,140,reports/opus_flydsl_all_20261009/small_split/build/candidate/experiments.so,7822e988744329482bbd6a7fcb5215b561e9aeada63a3aedf9cd5e541958a886,3145728,2,CPU actual header and launcher constraints,pending_gpu_stop,pending_gpu_stop
32,6144,7168,9055,9055,small_split/candidate:210,False,small_split,candidate,210,reports/opus_flydsl_all_20261009/small_split/build/candidate/experiments.so,7822e988744329482bbd6a7fcb5215b561e9aeada63a3aedf9cd5e541958a886,0,1,CPU actual header and launcher constraints,pending_gpu_stop,pending_gpu_stop
32,6144,7168,9055,9055,small_split/candidate:211,False,small_split,candidate,211,reports/opus_flydsl_all_20261009/small_split/build/candidate/experiments.so,7822e988744329482bbd6a7fcb5215b561e9aeada63a3aedf9cd5e541958a886,1572864,2,CPU actual header and launcher constraints,pending_gpu_stop,pending_gpu_stop
32,6144,7168,9055,9055,small_split/candidate:220,False,small_split,candidate,220,reports/opus_flydsl_all_20261009/small_split/build/candidate/experiments.so,7822e988744329482bbd6a7fcb5215b561e9aeada63a3aedf9cd5e541958a886,0,1,CPU actual header and launcher constraints,pending_gpu_stop,pending_gpu_stop
32,6144,7168,9055,9055,small_split/candidate:221,False,small_split,candidate,221,reports/opus_flydsl_all_20261009/small_split/build/candidate/experiments.so,7822e988744329482bbd6a7fcb5215b561e9aeada63a3aedf9cd5e541958a886,1572864,2,CPU actual header and launcher constraints,pending_gpu_stop,pending_gpu_stop
32,6144,7168,9055,9055,small_split/candidate:230,False,small_split,candidate,230,reports/opus_flydsl_all_20261009/small_split/build/candidate/experiments.so,7822e988744329482bbd6a7fcb5215b561e9aeada63a3aedf9cd5e541958a886,0,1,CPU actual header and launcher constraints,pending_gpu_stop,pending_gpu_stop
32,6144,7168,9055,9055,small_split/candidate:231,False,small_split,candidate,231,reports/opus_flydsl_all_20261009/small_split/build/candidate/experiments.so,7822e988744329482bbd6a7fcb5215b561e9aeada63a3aedf9cd5e541958a886,1572864,2,CPU actual header and launcher constraints,pending_gpu_stop,pending_gpu_stop
32,6144,7168,9055,9055,main_variants/main23:92000,False,main_variants,main23,92000,reports/opus_flydsl_all_20261009/main_variants/build/main23/experiments.so,55927bffd4f3b05b59e0eda5fad3d5b58396f525f618fed0eec4a1cb48df83b6,0,1,CPU actual header and launcher constraints,pending_gpu_stop,pending_gpu_stop
32,6144,7168,9055,9055,main_variants/main23:92001,False,main_variants,main23,92001,reports/opus_flydsl_all_20261009/main_variants/build/main23/experiments.so,55927bffd4f3b05b59e0eda5fad3d5b58396f525f618fed0eec4a1cb48df83b6,0,1,CPU actual header and launcher constraints,pending_gpu_stop,pending_gpu_stop
32,6144,7168,9055,9055,main_variants/main23:92002,False,main_variants,main23,92002,reports/opus_flydsl_all_20261009/main_variants/build/main23/experiments.so,55927bffd4f3b05b59e0eda5fad3d5b58396f525f618fed0eec4a1cb48df83b6,0,1,CPU actual header and launcher constraints,pending_gpu_stop,pending_gpu_stop
32,6144,7168,9055,9055,main_variants/main23:92008,False,main_variants,main23,92008,reports/opus_flydsl_all_20261009/main_variants/build/main23/experiments.so,55927bffd4f3b05b59e0eda5fad3d5b58396f525f618fed0eec4a1cb48df83b6,0,1,CPU actual header and launcher constraints,pending_gpu_stop,pending_gpu_stop
32,6144,7168,9055,9055,main_variants/main23:92009,False,main_variants,main23,92009,reports/opus_flydsl_all_20261009/main_variants/build/main23/experiments.so,55927bffd4f3b05b59e0eda5fad3d5b58396f525f618fed0eec4a1cb48df83b6,0,1,CPU actual header and launcher constraints,pending_gpu_stop,pending_gpu_stop
32,6144,7168,9055,9055,main_variants/main23:92011,False,main_variants,main23,92011,reports/opus_flydsl_all_20261009/main_variants/build/main23/experiments.so,55927bffd4f3b05b59e0eda5fad3d5b58396f525f618fed0eec4a1cb48df83b6,0,1,CPU actual header and launcher constraints,pending_gpu_stop,pending_gpu_stop
32,6144,7168,9055,9055,main_variants/main23:92012,False,main_variants,main23,92012,reports/opus_flydsl_all_20261009/main_variants/build/main23/experiments.so,55927bffd4f3b05b59e0eda5fad3d5b58396f525f618fed0eec4a1cb48df83b6,0,1,CPU actual header and launcher constraints,pending_gpu_stop,pending_gpu_stop
32,6144,7168,9055,9055,main_variants/pin24:92120,False,main_variants,pin24,92120,reports/opus_flydsl_all_20261009/main_variants/build/pin24/experiments.so,3b9fb951504917f017ffb87b5eb192be99453337cdf969b6800ff47283d2746d,0,1,CPU actual header and launcher constraints,pending_gpu_stop,pending_gpu_stop
32,7168,7168,9055,9055,hybrid_small/direct_b_ahead1:9043,False,hybrid_small,direct_b_ahead1,9043,reports/opus_flydsl_all_20261009/hybrid_small/build/direct_b_ahead1/experiments.so,f836d9fe683f0246d403f5f5a3798db1696de05e3d2b34c18568533d5f0e9a8e,0,1,CPU actual header and launcher constraints,pending_gpu_stop,pending_gpu_stop
32,7168,7168,9055,9055,hybrid_small/direct_b_ahead2:9043,False,hybrid_small,direct_b_ahead2,9043,reports/opus_flydsl_all_20261009/hybrid_small/build/direct_b_ahead2/experiments.so,b714e774c27dc34d257e48aa3072aecdbe680ed20db33116036258a31eafae93,0,1,CPU actual header and launcher constraints,pending_gpu_stop,pending_gpu_stop
32,7168,7168,9055,9055,hybrid_small/direct_b_ahead3:9043,False,hybrid_small,direct_b_ahead3,9043,reports/opus_flydsl_all_20261009/hybrid_small/build/direct_b_ahead3/experiments.so,1d8e364ea7cc5bb5da75bb5b93d177a520a5c0fbbcbfe782c761e6014f076c42,0,1,CPU actual header and launcher constraints,pending_gpu_stop,pending_gpu_stop
32,7168,7168,9055,9055,hybrid_small/direct_b_ahead1:9044,False,hybrid_small,direct_b_ahead1,9044,reports/opus_flydsl_all_20261009/hybrid_small/build/direct_b_ahead1/experiments.so,f836d9fe683f0246d403f5f5a3798db1696de05e3d2b34c18568533d5f0e9a8e,0,1,CPU actual header and launcher constraints,pending_gpu_stop,pending_gpu_stop
32,7168,7168,9055,9055,hybrid_small/direct_b_ahead2:9044,False,hybrid_small,direct_b_ahead2,9044,reports/opus_flydsl_all_20261009/hybrid_small/build/direct_b_ahead2/experiments.so,b714e774c27dc34d257e48aa3072aecdbe680ed20db33116036258a31eafae93,0,1,CPU actual header and launcher constraints,pending_gpu_stop,pending_gpu_stop
32,7168,7168,9055,9055,hybrid_small/direct_b_ahead3:9044,False,hybrid_small,direct_b_ahead3,9044,reports/opus_flydsl_all_20261009/hybrid_small/build/direct_b_ahead3/experiments.so,1d8e364ea7cc5bb5da75bb5b93d177a520a5c0fbbcbfe782c761e6014f076c42,0,1,CPU actual header and launcher constraints,pending_gpu_stop,pending_gpu_stop
32,7168,7168,9055,9055,hybrid_small/direct_b_ahead1:9045,False,hybrid_small,direct_b_ahead1,9045,reports/opus_flydsl_all_20261009/hybrid_small/build/direct_b_ahead1/experiments.so,f836d9fe683f0246d403f5f5a3798db1696de05e3d2b34c18568533d5f0e9a8e,0,1,CPU actual header and launcher constraints,pending_gpu_stop,pending_gpu_stop
32,7168,7168,9055,9055,hybrid_small/direct_b_ahead2:9045,False,hybrid_small,direct_b_ahead2,9045,reports/opus_flydsl_all_20261009/hybrid_small/build/direct_b_ahead2/experiments.so,b714e774c27dc34d257e48aa3072aecdbe680ed20db33116036258a31eafae93,0,1,CPU actual header and launcher constraints,pending_gpu_stop,pending_gpu_stop
32,7168,7168,9055,9055,hybrid_small/direct_b_ahead3:9045,False,hybrid_small,direct_b_ahead3,9045,reports/opus_flydsl_all_20261009/hybrid_small/build/direct_b_ahead3/experiments.so,1d8e364ea7cc5bb5da75bb5b93d177a520a5c0fbbcbfe782c761e6014f076c42,0,1,CPU actual header and launcher constraints,pending_gpu_stop,pending_gpu_stop
32,7168,7168,9055,9055,hybrid_small/direct_b_ahead1:9046,False,hybrid_small,direct_b_ahead1,9046,reports/opus_flydsl_all_20261009/hybrid_small/build/direct_b_ahead1/experiments.so,f836d9fe683f0246d403f5f5a3798db1696de05e3d2b34c18568533d5f0e9a8e,0,1,CPU actual header and launcher constraints,pending_gpu_stop,pending_gpu_stop
32,7168,7168,9055,9055,hybrid_small/direct_b_ahead2:9046,False,hybrid_small,direct_b_ahead2,9046,reports/opus_flydsl_all_20261009/hybrid_small/build/direct_b_ahead2/experiments.so,b714e774c27dc34d257e48aa3072aecdbe680ed20db33116036258a31eafae93,0,1,CPU actual header and launcher constraints,pending_gpu_stop,pending_gpu_stop
32,7168,7168,9055,9055,hybrid_small/direct_b_ahead3:9046,False,hybrid_small,direct_b_ahead3,9046,reports/opus_flydsl_all_20261009/hybrid_small/build/direct_b_ahead3/experiments.so,1d8e364ea7cc5bb5da75bb5b93d177a520a5c0fbbcbfe782c761e6014f076c42,0,1,CPU actual header and launcher constraints,pending_gpu_stop,pending_gpu_stop
32,7168,7168,9055,9055,hybrid_small/direct_b_ahead1:9047,False,hybrid_small,direct_b_ahead1,9047,reports/opus_flydsl_all_20261009/hybrid_small/build/direct_b_ahead1/experiments.so,f836d9fe683f0246d403f5f5a3798db1696de05e3d2b34c18568533d5f0e9a8e,0,1,CPU actual header and launcher constraints,pending_gpu_stop,pending_gpu_stop
32,7168,7168,9055,9055,hybrid_small/direct_b_ahead2:9047,False,hybrid_small,direct_b_ahead2,9047,reports/opus_flydsl_all_20261009/hybrid_small/build/direct_b_ahead2/experiments.so,b714e774c27dc34d257e48aa3072aecdbe680ed20db33116036258a31eafae93,0,1,CPU actual header and launcher constraints,pending_gpu_stop,pending_gpu_stop
32,7168,7168,9055,9055,hybrid_small/direct_b_ahead3:9047,False,hybrid_small,direct_b_ahead3,9047,reports/opus_flydsl_all_20261009/hybrid_small/build/direct_b_ahead3/experiments.so,1d8e364ea7cc5bb5da75bb5b93d177a520a5c0fbbcbfe782c761e6014f076c42,0,1,CPU actual header and launcher constraints,pending_gpu_stop,pending_gpu_stop
32,7168,7168,9055,9055,hybrid_small/direct_b_ahead1:9049,False,hybrid_small,direct_b_ahead1,9049,reports/opus_flydsl_all_20261009/hybrid_small/build/direct_b_ahead1/experiments.so,f836d9fe683f0246d403f5f5a3798db1696de05e3d2b34c18568533d5f0e9a8e,0,1,CPU actual header and launcher constraints,pending_gpu_stop,pending_gpu_stop
32,7168,7168,9055,9055,hybrid_small/direct_b_ahead2:9049,False,hybrid_small,direct_b_ahead2,9049,reports/opus_flydsl_all_20261009/hybrid_small/build/direct_b_ahead2/experiments.so,b714e774c27dc34d257e48aa3072aecdbe680ed20db33116036258a31eafae93,0,1,CPU actual header and launcher constraints,pending_gpu_stop,pending_gpu_stop
32,7168,7168,9055,9055,hybrid_small/direct_b_ahead3:9049,False,hybrid_small,direct_b_ahead3,9049,reports/opus_flydsl_all_20261009/hybrid_small/build/direct_b_ahead3/experiments.so,1d8e364ea7cc5bb5da75bb5b93d177a520a5c0fbbcbfe782c761e6014f076c42,0,1,CPU actual header and launcher constraints,pending_gpu_stop,pending_gpu_stop
32,7168,7168,9055,9055,hybrid_small/direct_b_ahead1:9055,True,hybrid_small,direct_b_ahead1,9055,reports/opus_flydsl_all_20261009/hybrid_small/build/direct_b_ahead1/experiments.so,f836d9fe683f0246d403f5f5a3798db1696de05e3d2b34c18568533d5f0e9a8e,0,1,CPU actual header and launcher constraints,pending_gpu_stop,pending_gpu_stop
32,7168,7168,9055,9055,hybrid_small/direct_b_ahead2:9055,True,hybrid_small,direct_b_ahead2,9055,reports/opus_flydsl_all_20261009/hybrid_small/build/direct_b_ahead2/experiments.so,b714e774c27dc34d257e48aa3072aecdbe680ed20db33116036258a31eafae93,0,1,CPU actual header and launcher constraints,pending_gpu_stop,pending_gpu_stop
32,7168,7168,9055,9055,hybrid_small/direct_b_ahead3:9055,True,hybrid_small,direct_b_ahead3,9055,reports/opus_flydsl_all_20261009/hybrid_small/build/direct_b_ahead3/experiments.so,1d8e364ea7cc5bb5da75bb5b93d177a520a5c0fbbcbfe782c761e6014f076c42,0,1,CPU actual header and launcher constraints,pending_gpu_stop,pending_gpu_stop
32,7168,7168,9055,9055,hybrid_small/direct_b_ahead1:9056,False,hybrid_small,direct_b_ahead1,9056,reports/opus_flydsl_all_20261009/hybrid_small/build/direct_b_ahead1/experiments.so,f836d9fe683f0246d403f5f5a3798db1696de05e3d2b34c18568533d5f0e9a8e,0,1,CPU actual header and launcher constraints,pending_gpu_stop,pending_gpu_stop
32,7168,7168,9055,9055,hybrid_small/direct_b_ahead2:9056,False,hybrid_small,direct_b_ahead2,9056,reports/opus_flydsl_all_20261009/hybrid_small/build/direct_b_ahead2/experiments.so,b714e774c27dc34d257e48aa3072aecdbe680ed20db33116036258a31eafae93,0,1,CPU actual header and launcher constraints,pending_gpu_stop,pending_gpu_stop
32,7168,7168,9055,9055,hybrid_small/direct_b_ahead3:9056,False,hybrid_small,direct_b_ahead3,9056,reports/opus_flydsl_all_20261009/hybrid_small/build/direct_b_ahead3/experiments.so,1d8e364ea7cc5bb5da75bb5b93d177a520a5c0fbbcbfe782c761e6014f076c42,0,1,CPU actual header and launcher constraints,pending_gpu_stop,pending_gpu_stop
32,7168,7168,9055,9055,small_split/candidate:110,False,small_split,candidate,110,reports/opus_flydsl_all_20261009/small_split/build/candidate/experiments.so,7822e988744329482bbd6a7fcb5215b561e9aeada63a3aedf9cd5e541958a886,3670016,2,CPU actual header and launcher constraints,pending_gpu_stop,pending_gpu_stop
32,7168,7168,9055,9055,small_split/candidate:111,False,small_split,candidate,111,reports/opus_flydsl_all_20261009/small_split/build/candidate/experiments.so,7822e988744329482bbd6a7fcb5215b561e9aeada63a3aedf9cd5e541958a886,3670016,2,CPU actual header and launcher constraints,pending_gpu_stop,pending_gpu_stop
32,7168,7168,9055,9055,small_split/candidate:120,False,small_split,candidate,120,reports/opus_flydsl_all_20261009/small_split/build/candidate/experiments.so,7822e988744329482bbd6a7fcb5215b561e9aeada63a3aedf9cd5e541958a886,3670016,2,CPU actual header and launcher constraints,pending_gpu_stop,pending_gpu_stop
32,7168,7168,9055,9055,small_split/candidate:121,False,small_split,candidate,121,reports/opus_flydsl_all_20261009/small_split/build/candidate/experiments.so,7822e988744329482bbd6a7fcb5215b561e9aeada63a3aedf9cd5e541958a886,3670016,2,CPU actual header and launcher constraints,pending_gpu_stop,pending_gpu_stop
32,7168,7168,9055,9055,small_split/candidate:130,False,small_split,candidate,130,reports/opus_flydsl_all_20261009/small_split/build/candidate/experiments.so,7822e988744329482bbd6a7fcb5215b561e9aeada63a3aedf9cd5e541958a886,3670016,2,CPU actual header and launcher constraints,pending_gpu_stop,pending_gpu_stop
32,7168,7168,9055,9055,small_split/candidate:140,False,small_split,candidate,140,reports/opus_flydsl_all_20261009/small_split/build/candidate/experiments.so,7822e988744329482bbd6a7fcb5215b561e9aeada63a3aedf9cd5e541958a886,3670016,2,CPU actual header and launcher constraints,pending_gpu_stop,pending_gpu_stop
32,7168,7168,9055,9055,small_split/candidate:210,False,small_split,candidate,210,reports/opus_flydsl_all_20261009/small_split/build/candidate/experiments.so,7822e988744329482bbd6a7fcb5215b561e9aeada63a3aedf9cd5e541958a886,0,1,CPU actual header and launcher constraints,pending_gpu_stop,pending_gpu_stop
32,7168,7168,9055,9055,small_split/candidate:211,False,small_split,candidate,211,reports/opus_flydsl_all_20261009/small_split/build/candidate/experiments.so,7822e988744329482bbd6a7fcb5215b561e9aeada63a3aedf9cd5e541958a886,1835008,2,CPU actual header and launcher constraints,pending_gpu_stop,pending_gpu_stop
32,7168,7168,9055,9055,small_split/candidate:220,False,small_split,candidate,220,reports/opus_flydsl_all_20261009/small_split/build/candidate/experiments.so,7822e988744329482bbd6a7fcb5215b561e9aeada63a3aedf9cd5e541958a886,0,1,CPU actual header and launcher constraints,pending_gpu_stop,pending_gpu_stop
32,7168,7168,9055,9055,small_split/candidate:221,False,small_split,candidate,221,reports/opus_flydsl_all_20261009/small_split/build/candidate/experiments.so,7822e988744329482bbd6a7fcb5215b561e9aeada63a3aedf9cd5e541958a886,1835008,2,CPU actual header and launcher constraints,pending_gpu_stop,pending_gpu_stop
32,7168,7168,9055,9055,small_split/candidate:230,False,small_split,candidate,230,reports/opus_flydsl_all_20261009/small_split/build/candidate/experiments.so,7822e988744329482bbd6a7fcb5215b561e9aeada63a3aedf9cd5e541958a886,0,1,CPU actual header and launcher constraints,pending_gpu_stop,pending_gpu_stop
32,7168,7168,9055,9055,small_split/candidate:231,False,small_split,candidate,231,reports/opus_flydsl_all_20261009/small_split/build/candidate/experiments.so,7822e988744329482bbd6a7fcb5215b561e9aeada63a3aedf9cd5e541958a886,1835008,2,CPU actual header and launcher constraints,pending_gpu_stop,pending_gpu_stop
32,7168,7168,9055,9055,main_variants/main23:92000,False,main_variants,main23,92000,reports/opus_flydsl_all_20261009/main_variants/build/main23/experiments.so,55927bffd4f3b05b59e0eda5fad3d5b58396f525f618fed0eec4a1cb48df83b6,0,1,CPU actual header and launcher constraints,pending_gpu_stop,pending_gpu_stop
32,7168,7168,9055,9055,main_variants/main23:92001,False,main_variants,main23,92001,reports/opus_flydsl_all_20261009/main_variants/build/main23/experiments.so,55927bffd4f3b05b59e0eda5fad3d5b58396f525f618fed0eec4a1cb48df83b6,0,1,CPU actual header and launcher constraints,pending_gpu_stop,pending_gpu_stop
32,7168,7168,9055,9055,main_variants/main23:92002,False,main_variants,main23,92002,reports/opus_flydsl_all_20261009/main_variants/build/main23/experiments.so,55927bffd4f3b05b59e0eda5fad3d5b58396f525f618fed0eec4a1cb48df83b6,0,1,CPU actual header and launcher constraints,pending_gpu_stop,pending_gpu_stop
32,7168,7168,9055,9055,main_variants/main23:92008,False,main_variants,main23,92008,reports/opus_flydsl_all_20261009/main_variants/build/main23/experiments.so,55927bffd4f3b05b59e0eda5fad3d5b58396f525f618fed0eec4a1cb48df83b6,0,1,CPU actual header and launcher constraints,pending_gpu_stop,pending_gpu_stop
32,7168,7168,9055,9055,main_variants/main23:92009,False,main_variants,main23,92009,reports/opus_flydsl_all_20261009/main_variants/build/main23/experiments.so,55927bffd4f3b05b59e0eda5fad3d5b58396f525f618fed0eec4a1cb48df83b6,0,1,CPU actual header and launcher constraints,pending_gpu_stop,pending_gpu_stop
32,7168,7168,9055,9055,main_variants/main23:92011,False,main_variants,main23,92011,reports/opus_flydsl_all_20261009/main_variants/build/main23/experiments.so,55927bffd4f3b05b59e0eda5fad3d5b58396f525f618fed0eec4a1cb48df83b6,0,1,CPU actual header and launcher constraints,pending_gpu_stop,pending_gpu_stop
32,7168,7168,9055,9055,main_variants/main23:92012,False,main_variants,main23,92012,reports/opus_flydsl_all_20261009/main_variants/build/main23/experiments.so,55927bffd4f3b05b59e0eda5fad3d5b58396f525f618fed0eec4a1cb48df83b6,0,1,CPU actual header and launcher constraints,pending_gpu_stop,pending_gpu_stop
32,7168,7168,9055,9055,main_variants/pin24:92120,False,main_variants,pin24,92120,reports/opus_flydsl_all_20261009/main_variants/build/pin24/experiments.so,3b9fb951504917f017ffb87b5eb192be99453337cdf969b6800ff47283d2746d,0,1,CPU actual header and launcher constraints,pending_gpu_stop,pending_gpu_stop
32,16384,1536,9054,9054,hybrid_small/direct_b_ahead1:9043,False,hybrid_small,direct_b_ahead1,9043,reports/opus_flydsl_all_20261009/hybrid_small/build/direct_b_ahead1/experiments.so,f836d9fe683f0246d403f5f5a3798db1696de05e3d2b34c18568533d5f0e9a8e,0,1,CPU actual header and launcher constraints,pending_gpu_stop,pending_gpu_stop
32,16384,1536,9054,9054,hybrid_small/direct_b_ahead2:9043,False,hybrid_small,direct_b_ahead2,9043,reports/opus_flydsl_all_20261009/hybrid_small/build/direct_b_ahead2/experiments.so,b714e774c27dc34d257e48aa3072aecdbe680ed20db33116036258a31eafae93,0,1,CPU actual header and launcher constraints,pending_gpu_stop,pending_gpu_stop
32,16384,1536,9054,9054,hybrid_small/direct_b_ahead3:9043,False,hybrid_small,direct_b_ahead3,9043,reports/opus_flydsl_all_20261009/hybrid_small/build/direct_b_ahead3/experiments.so,1d8e364ea7cc5bb5da75bb5b93d177a520a5c0fbbcbfe782c761e6014f076c42,0,1,CPU actual header and launcher constraints,pending_gpu_stop,pending_gpu_stop
32,16384,1536,9054,9054,hybrid_small/direct_b_ahead1:9044,False,hybrid_small,direct_b_ahead1,9044,reports/opus_flydsl_all_20261009/hybrid_small/build/direct_b_ahead1/experiments.so,f836d9fe683f0246d403f5f5a3798db1696de05e3d2b34c18568533d5f0e9a8e,0,1,CPU actual header and launcher constraints,pending_gpu_stop,pending_gpu_stop
32,16384,1536,9054,9054,hybrid_small/direct_b_ahead2:9044,False,hybrid_small,direct_b_ahead2,9044,reports/opus_flydsl_all_20261009/hybrid_small/build/direct_b_ahead2/experiments.so,b714e774c27dc34d257e48aa3072aecdbe680ed20db33116036258a31eafae93,0,1,CPU actual header and launcher constraints,pending_gpu_stop,pending_gpu_stop
32,16384,1536,9054,9054,hybrid_small/direct_b_ahead3:9044,False,hybrid_small,direct_b_ahead3,9044,reports/opus_flydsl_all_20261009/hybrid_small/build/direct_b_ahead3/experiments.so,1d8e364ea7cc5bb5da75bb5b93d177a520a5c0fbbcbfe782c761e6014f076c42,0,1,CPU actual header and launcher constraints,pending_gpu_stop,pending_gpu_stop
32,16384,1536,9054,9054,hybrid_small/direct_b_ahead1:9045,False,hybrid_small,direct_b_ahead1,9045,reports/opus_flydsl_all_20261009/hybrid_small/build/direct_b_ahead1/experiments.so,f836d9fe683f0246d403f5f5a3798db1696de05e3d2b34c18568533d5f0e9a8e,0,1,CPU actual header and launcher constraints,pending_gpu_stop,pending_gpu_stop
32,16384,1536,9054,9054,hybrid_small/direct_b_ahead2:9045,False,hybrid_small,direct_b_ahead2,9045,reports/opus_flydsl_all_20261009/hybrid_small/build/direct_b_ahead2/experiments.so,b714e774c27dc34d257e48aa3072aecdbe680ed20db33116036258a31eafae93,0,1,CPU actual header and launcher constraints,pending_gpu_stop,pending_gpu_stop
32,16384,1536,9054,9054,hybrid_small/direct_b_ahead3:9045,False,hybrid_small,direct_b_ahead3,9045,reports/opus_flydsl_all_20261009/hybrid_small/build/direct_b_ahead3/experiments.so,1d8e364ea7cc5bb5da75bb5b93d177a520a5c0fbbcbfe782c761e6014f076c42,0,1,CPU actual header and launcher constraints,pending_gpu_stop,pending_gpu_stop
32,16384,1536,9054,9054,hybrid_small/direct_b_ahead1:9046,False,hybrid_small,direct_b_ahead1,9046,reports/opus_flydsl_all_20261009/hybrid_small/build/direct_b_ahead1/experiments.so,f836d9fe683f0246d403f5f5a3798db1696de05e3d2b34c18568533d5f0e9a8e,0,1,CPU actual header and launcher constraints,pending_gpu_stop,pending_gpu_stop
32,16384,1536,9054,9054,hybrid_small/direct_b_ahead2:9046,False,hybrid_small,direct_b_ahead2,9046,reports/opus_flydsl_all_20261009/hybrid_small/build/direct_b_ahead2/experiments.so,b714e774c27dc34d257e48aa3072aecdbe680ed20db33116036258a31eafae93,0,1,CPU actual header and launcher constraints,pending_gpu_stop,pending_gpu_stop
32,16384,1536,9054,9054,hybrid_small/direct_b_ahead3:9046,False,hybrid_small,direct_b_ahead3,9046,reports/opus_flydsl_all_20261009/hybrid_small/build/direct_b_ahead3/experiments.so,1d8e364ea7cc5bb5da75bb5b93d177a520a5c0fbbcbfe782c761e6014f076c42,0,1,CPU actual header and launcher constraints,pending_gpu_stop,pending_gpu_stop
32,16384,1536,9054,9054,hybrid_small/direct_b_ahead1:9047,False,hybrid_small,direct_b_ahead1,9047,reports/opus_flydsl_all_20261009/hybrid_small/build/direct_b_ahead1/experiments.so,f836d9fe683f0246d403f5f5a3798db1696de05e3d2b34c18568533d5f0e9a8e,0,1,CPU actual header and launcher constraints,pending_gpu_stop,pending_gpu_stop
32,16384,1536,9054,9054,hybrid_small/direct_b_ahead2:9047,False,hybrid_small,direct_b_ahead2,9047,reports/opus_flydsl_all_20261009/hybrid_small/build/direct_b_ahead2/experiments.so,b714e774c27dc34d257e48aa3072aecdbe680ed20db33116036258a31eafae93,0,1,CPU actual header and launcher constraints,pending_gpu_stop,pending_gpu_stop
32,16384,1536,9054,9054,hybrid_small/direct_b_ahead3:9047,False,hybrid_small,direct_b_ahead3,9047,reports/opus_flydsl_all_20261009/hybrid_small/build/direct_b_ahead3/experiments.so,1d8e364ea7cc5bb5da75bb5b93d177a520a5c0fbbcbfe782c761e6014f076c42,0,1,CPU actual header and launcher constraints,pending_gpu_stop,pending_gpu_stop
32,16384,1536,9054,9054,hybrid_small/direct_b_ahead1:9049,False,hybrid_small,direct_b_ahead1,9049,reports/opus_flydsl_all_20261009/hybrid_small/build/direct_b_ahead1/experiments.so,f836d9fe683f0246d403f5f5a3798db1696de05e3d2b34c18568533d5f0e9a8e,0,1,CPU actual header and launcher constraints,pending_gpu_stop,pending_gpu_stop
32,16384,1536,9054,9054,hybrid_small/direct_b_ahead2:9049,False,hybrid_small,direct_b_ahead2,9049,reports/opus_flydsl_all_20261009/hybrid_small/build/direct_b_ahead2/experiments.so,b714e774c27dc34d257e48aa3072aecdbe680ed20db33116036258a31eafae93,0,1,CPU actual header and launcher constraints,pending_gpu_stop,pending_gpu_stop
32,16384,1536,9054,9054,hybrid_small/direct_b_ahead3:9049,False,hybrid_small,direct_b_ahead3,9049,reports/opus_flydsl_all_20261009/hybrid_small/build/direct_b_ahead3/experiments.so,1d8e364ea7cc5bb5da75bb5b93d177a520a5c0fbbcbfe782c761e6014f076c42,0,1,CPU actual header and launcher constraints,pending_gpu_stop,pending_gpu_stop
32,16384,1536,9054,9054,hybrid_small/direct_b_ahead1:9055,False,hybrid_small,direct_b_ahead1,9055,reports/opus_flydsl_all_20261009/hybrid_small/build/direct_b_ahead1/experiments.so,f836d9fe683f0246d403f5f5a3798db1696de05e3d2b34c18568533d5f0e9a8e,0,1,CPU actual header and launcher constraints,pending_gpu_stop,pending_gpu_stop
32,16384,1536,9054,9054,hybrid_small/direct_b_ahead2:9055,False,hybrid_small,direct_b_ahead2,9055,reports/opus_flydsl_all_20261009/hybrid_small/build/direct_b_ahead2/experiments.so,b714e774c27dc34d257e48aa3072aecdbe680ed20db33116036258a31eafae93,0,1,CPU actual header and launcher constraints,pending_gpu_stop,pending_gpu_stop
32,16384,1536,9054,9054,hybrid_small/direct_b_ahead3:9055,False,hybrid_small,direct_b_ahead3,9055,reports/opus_flydsl_all_20261009/hybrid_small/build/direct_b_ahead3/experiments.so,1d8e364ea7cc5bb5da75bb5b93d177a520a5c0fbbcbfe782c761e6014f076c42,0,1,CPU actual header and launcher constraints,pending_gpu_stop,pending_gpu_stop
32,16384,1536,9054,9054,hybrid_small/direct_b_ahead1:9056,False,hybrid_small,direct_b_ahead1,9056,reports/opus_flydsl_all_20261009/hybrid_small/build/direct_b_ahead1/experiments.so,f836d9fe683f0246d403f5f5a3798db1696de05e3d2b34c18568533d5f0e9a8e,0,1,CPU actual header and launcher constraints,pending_gpu_stop,pending_gpu_stop
32,16384,1536,9054,9054,hybrid_small/direct_b_ahead2:9056,False,hybrid_small,direct_b_ahead2,9056,reports/opus_flydsl_all_20261009/hybrid_small/build/direct_b_ahead2/experiments.so,b714e774c27dc34d257e48aa3072aecdbe680ed20db33116036258a31eafae93,0,1,CPU actual header and launcher constraints,pending_gpu_stop,pending_gpu_stop
32,16384,1536,9054,9054,hybrid_small/direct_b_ahead3:9056,False,hybrid_small,direct_b_ahead3,9056,reports/opus_flydsl_all_20261009/hybrid_small/build/direct_b_ahead3/experiments.so,1d8e364ea7cc5bb5da75bb5b93d177a520a5c0fbbcbfe782c761e6014f076c42,0,1,CPU actual header and launcher constraints,pending_gpu_stop,pending_gpu_stop
32,16384,1536,9054,9054,small_split/candidate:110,True,small_split,candidate,110,reports/opus_flydsl_all_20261009/small_split/build/candidate/experiments.so,7822e988744329482bbd6a7fcb5215b561e9aeada63a3aedf9cd5e541958a886,8388608,2,CPU actual header and launcher constraints,pending_gpu_stop,pending_gpu_stop
32,16384,1536,9054,9054,small_split/candidate:111,True,small_split,candidate,111,reports/opus_flydsl_all_20261009/small_split/build/candidate/experiments.so,7822e988744329482bbd6a7fcb5215b561e9aeada63a3aedf9cd5e541958a886,8388608,2,CPU actual header and launcher constraints,pending_gpu_stop,pending_gpu_stop
32,16384,1536,9054,9054,small_split/candidate:120,True,small_split,candidate,120,reports/opus_flydsl_all_20261009/small_split/build/candidate/experiments.so,7822e988744329482bbd6a7fcb5215b561e9aeada63a3aedf9cd5e541958a886,8388608,2,CPU actual header and launcher constraints,pending_gpu_stop,pending_gpu_stop
32,16384,1536,9054,9054,small_split/candidate:121,True,small_split,candidate,121,reports/opus_flydsl_all_20261009/small_split/build/candidate/experiments.so,7822e988744329482bbd6a7fcb5215b561e9aeada63a3aedf9cd5e541958a886,8388608,2,CPU actual header and launcher constraints,pending_gpu_stop,pending_gpu_stop
32,16384,1536,9054,9054,small_split/candidate:130,True,small_split,candidate,130,reports/opus_flydsl_all_20261009/small_split/build/candidate/experiments.so,7822e988744329482bbd6a7fcb5215b561e9aeada63a3aedf9cd5e541958a886,8388608,2,CPU actual header and launcher constraints,pending_gpu_stop,pending_gpu_stop
32,16384,1536,9054,9054,small_split/candidate:140,True,small_split,candidate,140,reports/opus_flydsl_all_20261009/small_split/build/candidate/experiments.so,7822e988744329482bbd6a7fcb5215b561e9aeada63a3aedf9cd5e541958a886,8388608,2,CPU actual header and launcher constraints,pending_gpu_stop,pending_gpu_stop
32,16384,1536,9054,9054,small_split/candidate:210,False,small_split,candidate,210,reports/opus_flydsl_all_20261009/small_split/build/candidate/experiments.so,7822e988744329482bbd6a7fcb5215b561e9aeada63a3aedf9cd5e541958a886,0,1,CPU actual header and launcher constraints,pending_gpu_stop,pending_gpu_stop
32,16384,1536,9054,9054,small_split/candidate:211,False,small_split,candidate,211,reports/opus_flydsl_all_20261009/small_split/build/candidate/experiments.so,7822e988744329482bbd6a7fcb5215b561e9aeada63a3aedf9cd5e541958a886,4194304,2,CPU actual header and launcher constraints,pending_gpu_stop,pending_gpu_stop
32,16384,1536,9054,9054,small_split/candidate:220,False,small_split,candidate,220,reports/opus_flydsl_all_20261009/small_split/build/candidate/experiments.so,7822e988744329482bbd6a7fcb5215b561e9aeada63a3aedf9cd5e541958a886,0,1,CPU actual header and launcher constraints,pending_gpu_stop,pending_gpu_stop
32,16384,1536,9054,9054,small_split/candidate:221,False,small_split,candidate,221,reports/opus_flydsl_all_20261009/small_split/build/candidate/experiments.so,7822e988744329482bbd6a7fcb5215b561e9aeada63a3aedf9cd5e541958a886,4194304,2,CPU actual header and launcher constraints,pending_gpu_stop,pending_gpu_stop
32,16384,1536,9054,9054,small_split/candidate:230,False,small_split,candidate,230,reports/opus_flydsl_all_20261009/small_split/build/candidate/experiments.so,7822e988744329482bbd6a7fcb5215b561e9aeada63a3aedf9cd5e541958a886,0,1,CPU actual header and launcher constraints,pending_gpu_stop,pending_gpu_stop
32,16384,1536,9054,9054,small_split/candidate:231,False,small_split,candidate,231,reports/opus_flydsl_all_20261009/small_split/build/candidate/experiments.so,7822e988744329482bbd6a7fcb5215b561e9aeada63a3aedf9cd5e541958a886,4194304,2,CPU actual header and launcher constraints,pending_gpu_stop,pending_gpu_stop
32,16384,1536,9054,9054,main_variants/main23:92000,False,main_variants,main23,92000,reports/opus_flydsl_all_20261009/main_variants/build/main23/experiments.so,55927bffd4f3b05b59e0eda5fad3d5b58396f525f618fed0eec4a1cb48df83b6,0,1,CPU actual header and launcher constraints,pending_gpu_stop,pending_gpu_stop
32,16384,1536,9054,9054,main_variants/main23:92001,False,main_variants,main23,92001,reports/opus_flydsl_all_20261009/main_variants/build/main23/experiments.so,55927bffd4f3b05b59e0eda5fad3d5b58396f525f618fed0eec4a1cb48df83b6,0,1,CPU actual header and launcher constraints,pending_gpu_stop,pending_gpu_stop
32,16384,1536,9054,9054,main_variants/main23:92002,False,main_variants,main23,92002,reports/opus_flydsl_all_20261009/main_variants/build/main23/experiments.so,55927bffd4f3b05b59e0eda5fad3d5b58396f525f618fed0eec4a1cb48df83b6,0,1,CPU actual header and launcher constraints,pending_gpu_stop,pending_gpu_stop
32,16384,1536,9054,9054,main_variants/main23:92005,False,main_variants,main23,92005,reports/opus_flydsl_all_20261009/main_variants/build/main23/experiments.so,55927bffd4f3b05b59e0eda5fad3d5b58396f525f618fed0eec4a1cb48df83b6,0,1,CPU actual header and launcher constraints,pending_gpu_stop,pending_gpu_stop
32,16384,1536,9054,9054,main_variants/main23:92006,False,main_variants,main23,92006,reports/opus_flydsl_all_20261009/main_variants/build/main23/experiments.so,55927bffd4f3b05b59e0eda5fad3d5b58396f525f618fed0eec4a1cb48df83b6,0,1,CPU actual header and launcher constraints,pending_gpu_stop,pending_gpu_stop
48,2048,7168,9052,9070,hybrid_small/direct_b_ahead1:9043,False,hybrid_small,direct_b_ahead1,9043,reports/opus_flydsl_all_20261009/hybrid_small/build/direct_b_ahead1/experiments.so,f836d9fe683f0246d403f5f5a3798db1696de05e3d2b34c18568533d5f0e9a8e,0,1,CPU actual header and launcher constraints,pending_gpu_stop,pending_gpu_stop
48,2048,7168,9052,9070,hybrid_small/direct_b_ahead2:9043,False,hybrid_small,direct_b_ahead2,9043,reports/opus_flydsl_all_20261009/hybrid_small/build/direct_b_ahead2/experiments.so,b714e774c27dc34d257e48aa3072aecdbe680ed20db33116036258a31eafae93,0,1,CPU actual header and launcher constraints,pending_gpu_stop,pending_gpu_stop
48,2048,7168,9052,9070,hybrid_small/direct_b_ahead3:9043,False,hybrid_small,direct_b_ahead3,9043,reports/opus_flydsl_all_20261009/hybrid_small/build/direct_b_ahead3/experiments.so,1d8e364ea7cc5bb5da75bb5b93d177a520a5c0fbbcbfe782c761e6014f076c42,0,1,CPU actual header and launcher constraints,pending_gpu_stop,pending_gpu_stop
48,2048,7168,9052,9070,hybrid_small/direct_b_ahead1:9044,False,hybrid_small,direct_b_ahead1,9044,reports/opus_flydsl_all_20261009/hybrid_small/build/direct_b_ahead1/experiments.so,f836d9fe683f0246d403f5f5a3798db1696de05e3d2b34c18568533d5f0e9a8e,0,1,CPU actual header and launcher constraints,pending_gpu_stop,pending_gpu_stop
48,2048,7168,9052,9070,hybrid_small/direct_b_ahead2:9044,False,hybrid_small,direct_b_ahead2,9044,reports/opus_flydsl_all_20261009/hybrid_small/build/direct_b_ahead2/experiments.so,b714e774c27dc34d257e48aa3072aecdbe680ed20db33116036258a31eafae93,0,1,CPU actual header and launcher constraints,pending_gpu_stop,pending_gpu_stop
48,2048,7168,9052,9070,hybrid_small/direct_b_ahead3:9044,False,hybrid_small,direct_b_ahead3,9044,reports/opus_flydsl_all_20261009/hybrid_small/build/direct_b_ahead3/experiments.so,1d8e364ea7cc5bb5da75bb5b93d177a520a5c0fbbcbfe782c761e6014f076c42,0,1,CPU actual header and launcher constraints,pending_gpu_stop,pending_gpu_stop
48,2048,7168,9052,9070,hybrid_small/direct_b_ahead1:9045,False,hybrid_small,direct_b_ahead1,9045,reports/opus_flydsl_all_20261009/hybrid_small/build/direct_b_ahead1/experiments.so,f836d9fe683f0246d403f5f5a3798db1696de05e3d2b34c18568533d5f0e9a8e,0,1,CPU actual header and launcher constraints,pending_gpu_stop,pending_gpu_stop
48,2048,7168,9052,9070,hybrid_small/direct_b_ahead2:9045,False,hybrid_small,direct_b_ahead2,9045,reports/opus_flydsl_all_20261009/hybrid_small/build/direct_b_ahead2/experiments.so,b714e774c27dc34d257e48aa3072aecdbe680ed20db33116036258a31eafae93,0,1,CPU actual header and launcher constraints,pending_gpu_stop,pending_gpu_stop
48,2048,7168,9052,9070,hybrid_small/direct_b_ahead3:9045,False,hybrid_small,direct_b_ahead3,9045,reports/opus_flydsl_all_20261009/hybrid_small/build/direct_b_ahead3/experiments.so,1d8e364ea7cc5bb5da75bb5b93d177a520a5c0fbbcbfe782c761e6014f076c42,0,1,CPU actual header and launcher constraints,pending_gpu_stop,pending_gpu_stop
48,2048,7168,9052,9070,hybrid_small/direct_b_ahead1:9046,False,hybrid_small,direct_b_ahead1,9046,reports/opus_flydsl_all_20261009/hybrid_small/build/direct_b_ahead1/experiments.so,f836d9fe683f0246d403f5f5a3798db1696de05e3d2b34c18568533d5f0e9a8e,0,1,CPU actual header and launcher constraints,pending_gpu_stop,pending_gpu_stop
48,2048,7168,9052,9070,hybrid_small/direct_b_ahead2:9046,False,hybrid_small,direct_b_ahead2,9046,reports/opus_flydsl_all_20261009/hybrid_small/build/direct_b_ahead2/experiments.so,b714e774c27dc34d257e48aa3072aecdbe680ed20db33116036258a31eafae93,0,1,CPU actual header and launcher constraints,pending_gpu_stop,pending_gpu_stop
48,2048,7168,9052,9070,hybrid_small/direct_b_ahead3:9046,False,hybrid_small,direct_b_ahead3,9046,reports/opus_flydsl_all_20261009/hybrid_small/build/direct_b_ahead3/experiments.so,1d8e364ea7cc5bb5da75bb5b93d177a520a5c0fbbcbfe782c761e6014f076c42,0,1,CPU actual header and launcher constraints,pending_gpu_stop,pending_gpu_stop
48,2048,7168,9052,9070,hybrid_small/direct_b_ahead1:9047,False,hybrid_small,direct_b_ahead1,9047,reports/opus_flydsl_all_20261009/hybrid_small/build/direct_b_ahead1/experiments.so,f836d9fe683f0246d403f5f5a3798db1696de05e3d2b34c18568533d5f0e9a8e,0,1,CPU actual header and launcher constraints,pending_gpu_stop,pending_gpu_stop
48,2048,7168,9052,9070,hybrid_small/direct_b_ahead2:9047,False,hybrid_small,direct_b_ahead2,9047,reports/opus_flydsl_all_20261009/hybrid_small/build/direct_b_ahead2/experiments.so,b714e774c27dc34d257e48aa3072aecdbe680ed20db33116036258a31eafae93,0,1,CPU actual header and launcher constraints,pending_gpu_stop,pending_gpu_stop
48,2048,7168,9052,9070,hybrid_small/direct_b_ahead3:9047,False,hybrid_small,direct_b_ahead3,9047,reports/opus_flydsl_all_20261009/hybrid_small/build/direct_b_ahead3/experiments.so,1d8e364ea7cc5bb5da75bb5b93d177a520a5c0fbbcbfe782c761e6014f076c42,0,1,CPU actual header and launcher constraints,pending_gpu_stop,pending_gpu_stop
48,2048,7168,9052,9070,hybrid_small/direct_b_ahead1:9049,False,hybrid_small,direct_b_ahead1,9049,reports/opus_flydsl_all_20261009/hybrid_small/build/direct_b_ahead1/experiments.so,f836d9fe683f0246d403f5f5a3798db1696de05e3d2b34c18568533d5f0e9a8e,0,1,CPU actual header and launcher constraints,pending_gpu_stop,pending_gpu_stop
48,2048,7168,9052,9070,hybrid_small/direct_b_ahead2:9049,False,hybrid_small,direct_b_ahead2,9049,reports/opus_flydsl_all_20261009/hybrid_small/build/direct_b_ahead2/experiments.so,b714e774c27dc34d257e48aa3072aecdbe680ed20db33116036258a31eafae93,0,1,CPU actual header and launcher constraints,pending_gpu_stop,pending_gpu_stop
48,2048,7168,9052,9070,hybrid_small/direct_b_ahead3:9049,False,hybrid_small,direct_b_ahead3,9049,reports/opus_flydsl_all_20261009/hybrid_small/build/direct_b_ahead3/experiments.so,1d8e364ea7cc5bb5da75bb5b93d177a520a5c0fbbcbfe782c761e6014f076c42,0,1,CPU actual header and launcher constraints,pending_gpu_stop,pending_gpu_stop
48,2048,7168,9052,9070,hybrid_small/direct_b_ahead1:9055,False,hybrid_small,direct_b_ahead1,9055,reports/opus_flydsl_all_20261009/hybrid_small/build/direct_b_ahead1/experiments.so,f836d9fe683f0246d403f5f5a3798db1696de05e3d2b34c18568533d5f0e9a8e,0,1,CPU actual header and launcher constraints,pending_gpu_stop,pending_gpu_stop
48,2048,7168,9052,9070,hybrid_small/direct_b_ahead2:9055,False,hybrid_small,direct_b_ahead2,9055,reports/opus_flydsl_all_20261009/hybrid_small/build/direct_b_ahead2/experiments.so,b714e774c27dc34d257e48aa3072aecdbe680ed20db33116036258a31eafae93,0,1,CPU actual header and launcher constraints,pending_gpu_stop,pending_gpu_stop
48,2048,7168,9052,9070,hybrid_small/direct_b_ahead3:9055,False,hybrid_small,direct_b_ahead3,9055,reports/opus_flydsl_all_20261009/hybrid_small/build/direct_b_ahead3/experiments.so,1d8e364ea7cc5bb5da75bb5b93d177a520a5c0fbbcbfe782c761e6014f076c42,0,1,CPU actual header and launcher constraints,pending_gpu_stop,pending_gpu_stop
48,2048,7168,9052,9070,hybrid_small/direct_b_ahead1:9056,False,hybrid_small,direct_b_ahead1,9056,reports/opus_flydsl_all_20261009/hybrid_small/build/direct_b_ahead1/experiments.so,f836d9fe683f0246d403f5f5a3798db1696de05e3d2b34c18568533d5f0e9a8e,0,1,CPU actual header and launcher constraints,pending_gpu_stop,pending_gpu_stop
48,2048,7168,9052,9070,hybrid_small/direct_b_ahead2:9056,False,hybrid_small,direct_b_ahead2,9056,reports/opus_flydsl_all_20261009/hybrid_small/build/direct_b_ahead2/experiments.so,b714e774c27dc34d257e48aa3072aecdbe680ed20db33116036258a31eafae93,0,1,CPU actual header and launcher constraints,pending_gpu_stop,pending_gpu_stop
48,2048,7168,9052,9070,hybrid_small/direct_b_ahead3:9056,False,hybrid_small,direct_b_ahead3,9056,reports/opus_flydsl_all_20261009/hybrid_small/build/direct_b_ahead3/experiments.so,1d8e364ea7cc5bb5da75bb5b93d177a520a5c0fbbcbfe782c761e6014f076c42,0,1,CPU actual header and launcher constraints,pending_gpu_stop,pending_gpu_stop
48,2048,7168,9052,9070,small_split/candidate:110,True,small_split,candidate,110,reports/opus_flydsl_all_20261009/small_split/build/candidate/experiments.so,7822e988744329482bbd6a7fcb5215b561e9aeada63a3aedf9cd5e541958a886,1572864,2,CPU actual header and launcher constraints,pending_gpu_stop,pending_gpu_stop
48,2048,7168,9052,9070,small_split/candidate:111,True,small_split,candidate,111,reports/opus_flydsl_all_20261009/small_split/build/candidate/experiments.so,7822e988744329482bbd6a7fcb5215b561e9aeada63a3aedf9cd5e541958a886,1572864,2,CPU actual header and launcher constraints,pending_gpu_stop,pending_gpu_stop
48,2048,7168,9052,9070,small_split/candidate:120,True,small_split,candidate,120,reports/opus_flydsl_all_20261009/small_split/build/candidate/experiments.so,7822e988744329482bbd6a7fcb5215b561e9aeada63a3aedf9cd5e541958a886,1572864,2,CPU actual header and launcher constraints,pending_gpu_stop,pending_gpu_stop
48,2048,7168,9052,9070,small_split/candidate:121,True,small_split,candidate,121,reports/opus_flydsl_all_20261009/small_split/build/candidate/experiments.so,7822e988744329482bbd6a7fcb5215b561e9aeada63a3aedf9cd5e541958a886,1572864,2,CPU actual header and launcher constraints,pending_gpu_stop,pending_gpu_stop
48,2048,7168,9052,9070,small_split/candidate:130,True,small_split,candidate,130,reports/opus_flydsl_all_20261009/small_split/build/candidate/experiments.so,7822e988744329482bbd6a7fcb5215b561e9aeada63a3aedf9cd5e541958a886,1572864,2,CPU actual header and launcher constraints,pending_gpu_stop,pending_gpu_stop
48,2048,7168,9052,9070,small_split/candidate:140,True,small_split,candidate,140,reports/opus_flydsl_all_20261009/small_split/build/candidate/experiments.so,7822e988744329482bbd6a7fcb5215b561e9aeada63a3aedf9cd5e541958a886,1572864,2,CPU actual header and launcher constraints,pending_gpu_stop,pending_gpu_stop
48,2048,7168,9052,9070,small_split/candidate:210,False,small_split,candidate,210,reports/opus_flydsl_all_20261009/small_split/build/candidate/experiments.so,7822e988744329482bbd6a7fcb5215b561e9aeada63a3aedf9cd5e541958a886,0,1,CPU actual header and launcher constraints,pending_gpu_stop,pending_gpu_stop
48,2048,7168,9052,9070,small_split/candidate:211,False,small_split,candidate,211,reports/opus_flydsl_all_20261009/small_split/build/candidate/experiments.so,7822e988744329482bbd6a7fcb5215b561e9aeada63a3aedf9cd5e541958a886,786432,2,CPU actual header and launcher constraints,pending_gpu_stop,pending_gpu_stop
48,2048,7168,9052,9070,small_split/candidate:220,False,small_split,candidate,220,reports/opus_flydsl_all_20261009/small_split/build/candidate/experiments.so,7822e988744329482bbd6a7fcb5215b561e9aeada63a3aedf9cd5e541958a886,0,1,CPU actual header and launcher constraints,pending_gpu_stop,pending_gpu_stop
48,2048,7168,9052,9070,small_split/candidate:221,False,small_split,candidate,221,reports/opus_flydsl_all_20261009/small_split/build/candidate/experiments.so,7822e988744329482bbd6a7fcb5215b561e9aeada63a3aedf9cd5e541958a886,786432,2,CPU actual header and launcher constraints,pending_gpu_stop,pending_gpu_stop
48,2048,7168,9052,9070,small_split/candidate:230,False,small_split,candidate,230,reports/opus_flydsl_all_20261009/small_split/build/candidate/experiments.so,7822e988744329482bbd6a7fcb5215b561e9aeada63a3aedf9cd5e541958a886,0,1,CPU actual header and launcher constraints,pending_gpu_stop,pending_gpu_stop
48,2048,7168,9052,9070,small_split/candidate:231,False,small_split,candidate,231,reports/opus_flydsl_all_20261009/small_split/build/candidate/experiments.so,7822e988744329482bbd6a7fcb5215b561e9aeada63a3aedf9cd5e541958a886,786432,2,CPU actual header and launcher constraints,pending_gpu_stop,pending_gpu_stop
48,2048,7168,9052,9070,main_variants/main23:92000,False,main_variants,main23,92000,reports/opus_flydsl_all_20261009/main_variants/build/main23/experiments.so,55927bffd4f3b05b59e0eda5fad3d5b58396f525f618fed0eec4a1cb48df83b6,0,1,CPU actual header and launcher constraints,pending_gpu_stop,pending_gpu_stop
48,2048,7168,9052,9070,main_variants/main23:92001,False,main_variants,main23,92001,reports/opus_flydsl_all_20261009/main_variants/build/main23/experiments.so,55927bffd4f3b05b59e0eda5fad3d5b58396f525f618fed0eec4a1cb48df83b6,0,1,CPU actual header and launcher constraints,pending_gpu_stop,pending_gpu_stop
48,2048,7168,9052,9070,main_variants/main23:92002,False,main_variants,main23,92002,reports/opus_flydsl_all_20261009/main_variants/build/main23/experiments.so,55927bffd4f3b05b59e0eda5fad3d5b58396f525f618fed0eec4a1cb48df83b6,0,1,CPU actual header and launcher constraints,pending_gpu_stop,pending_gpu_stop
48,2048,7168,9052,9070,main_variants/main23:92008,False,main_variants,main23,92008,reports/opus_flydsl_all_20261009/main_variants/build/main23/experiments.so,55927bffd4f3b05b59e0eda5fad3d5b58396f525f618fed0eec4a1cb48df83b6,0,1,CPU actual header and launcher constraints,pending_gpu_stop,pending_gpu_stop
48,2048,7168,9052,9070,main_variants/main23:92009,False,main_variants,main23,92009,reports/opus_flydsl_all_20261009/main_variants/build/main23/experiments.so,55927bffd4f3b05b59e0eda5fad3d5b58396f525f618fed0eec4a1cb48df83b6,0,1,CPU actual header and launcher constraints,pending_gpu_stop,pending_gpu_stop
48,2048,7168,9052,9070,main_variants/main23:92011,False,main_variants,main23,92011,reports/opus_flydsl_all_20261009/main_variants/build/main23/experiments.so,55927bffd4f3b05b59e0eda5fad3d5b58396f525f618fed0eec4a1cb48df83b6,0,1,CPU actual header and launcher constraints,pending_gpu_stop,pending_gpu_stop
48,2048,7168,9052,9070,main_variants/main23:92012,False,main_variants,main23,92012,reports/opus_flydsl_all_20261009/main_variants/build/main23/experiments.so,55927bffd4f3b05b59e0eda5fad3d5b58396f525f618fed0eec4a1cb48df83b6,0,1,CPU actual header and launcher constraints,pending_gpu_stop,pending_gpu_stop
48,2048,7168,9052,9070,main_variants/pin24:92120,False,main_variants,pin24,92120,reports/opus_flydsl_all_20261009/main_variants/build/pin24/experiments.so,3b9fb951504917f017ffb87b5eb192be99453337cdf969b6800ff47283d2746d,0,1,CPU actual header and launcher constraints,pending_gpu_stop,pending_gpu_stop
64,2048,7168,9052,9070,hybrid_small/direct_b_ahead1:9043,False,hybrid_small,direct_b_ahead1,9043,reports/opus_flydsl_all_20261009/hybrid_small/build/direct_b_ahead1/experiments.so,f836d9fe683f0246d403f5f5a3798db1696de05e3d2b34c18568533d5f0e9a8e,0,1,CPU actual header and launcher constraints,pending_gpu_stop,pending_gpu_stop
64,2048,7168,9052,9070,hybrid_small/direct_b_ahead2:9043,False,hybrid_small,direct_b_ahead2,9043,reports/opus_flydsl_all_20261009/hybrid_small/build/direct_b_ahead2/experiments.so,b714e774c27dc34d257e48aa3072aecdbe680ed20db33116036258a31eafae93,0,1,CPU actual header and launcher constraints,pending_gpu_stop,pending_gpu_stop
64,2048,7168,9052,9070,hybrid_small/direct_b_ahead3:9043,False,hybrid_small,direct_b_ahead3,9043,reports/opus_flydsl_all_20261009/hybrid_small/build/direct_b_ahead3/experiments.so,1d8e364ea7cc5bb5da75bb5b93d177a520a5c0fbbcbfe782c761e6014f076c42,0,1,CPU actual header and launcher constraints,pending_gpu_stop,pending_gpu_stop
64,2048,7168,9052,9070,hybrid_small/direct_b_ahead1:9044,False,hybrid_small,direct_b_ahead1,9044,reports/opus_flydsl_all_20261009/hybrid_small/build/direct_b_ahead1/experiments.so,f836d9fe683f0246d403f5f5a3798db1696de05e3d2b34c18568533d5f0e9a8e,0,1,CPU actual header and launcher constraints,pending_gpu_stop,pending_gpu_stop
64,2048,7168,9052,9070,hybrid_small/direct_b_ahead2:9044,False,hybrid_small,direct_b_ahead2,9044,reports/opus_flydsl_all_20261009/hybrid_small/build/direct_b_ahead2/experiments.so,b714e774c27dc34d257e48aa3072aecdbe680ed20db33116036258a31eafae93,0,1,CPU actual header and launcher constraints,pending_gpu_stop,pending_gpu_stop
64,2048,7168,9052,9070,hybrid_small/direct_b_ahead3:9044,False,hybrid_small,direct_b_ahead3,9044,reports/opus_flydsl_all_20261009/hybrid_small/build/direct_b_ahead3/experiments.so,1d8e364ea7cc5bb5da75bb5b93d177a520a5c0fbbcbfe782c761e6014f076c42,0,1,CPU actual header and launcher constraints,pending_gpu_stop,pending_gpu_stop
64,2048,7168,9052,9070,hybrid_small/direct_b_ahead1:9045,False,hybrid_small,direct_b_ahead1,9045,reports/opus_flydsl_all_20261009/hybrid_small/build/direct_b_ahead1/experiments.so,f836d9fe683f0246d403f5f5a3798db1696de05e3d2b34c18568533d5f0e9a8e,0,1,CPU actual header and launcher constraints,pending_gpu_stop,pending_gpu_stop
64,2048,7168,9052,9070,hybrid_small/direct_b_ahead2:9045,False,hybrid_small,direct_b_ahead2,9045,reports/opus_flydsl_all_20261009/hybrid_small/build/direct_b_ahead2/experiments.so,b714e774c27dc34d257e48aa3072aecdbe680ed20db33116036258a31eafae93,0,1,CPU actual header and launcher constraints,pending_gpu_stop,pending_gpu_stop
64,2048,7168,9052,9070,hybrid_small/direct_b_ahead3:9045,False,hybrid_small,direct_b_ahead3,9045,reports/opus_flydsl_all_20261009/hybrid_small/build/direct_b_ahead3/experiments.so,1d8e364ea7cc5bb5da75bb5b93d177a520a5c0fbbcbfe782c761e6014f076c42,0,1,CPU actual header and launcher constraints,pending_gpu_stop,pending_gpu_stop
64,2048,7168,9052,9070,hybrid_small/direct_b_ahead1:9046,False,hybrid_small,direct_b_ahead1,9046,reports/opus_flydsl_all_20261009/hybrid_small/build/direct_b_ahead1/experiments.so,f836d9fe683f0246d403f5f5a3798db1696de05e3d2b34c18568533d5f0e9a8e,0,1,CPU actual header and launcher constraints,pending_gpu_stop,pending_gpu_stop
64,2048,7168,9052,9070,hybrid_small/direct_b_ahead2:9046,False,hybrid_small,direct_b_ahead2,9046,reports/opus_flydsl_all_20261009/hybrid_small/build/direct_b_ahead2/experiments.so,b714e774c27dc34d257e48aa3072aecdbe680ed20db33116036258a31eafae93,0,1,CPU actual header and launcher constraints,pending_gpu_stop,pending_gpu_stop
64,2048,7168,9052,9070,hybrid_small/direct_b_ahead3:9046,False,hybrid_small,direct_b_ahead3,9046,reports/opus_flydsl_all_20261009/hybrid_small/build/direct_b_ahead3/experiments.so,1d8e364ea7cc5bb5da75bb5b93d177a520a5c0fbbcbfe782c761e6014f076c42,0,1,CPU actual header and launcher constraints,pending_gpu_stop,pending_gpu_stop
64,2048,7168,9052,9070,hybrid_small/direct_b_ahead1:9047,False,hybrid_small,direct_b_ahead1,9047,reports/opus_flydsl_all_20261009/hybrid_small/build/direct_b_ahead1/experiments.so,f836d9fe683f0246d403f5f5a3798db1696de05e3d2b34c18568533d5f0e9a8e,0,1,CPU actual header and launcher constraints,pending_gpu_stop,pending_gpu_stop
64,2048,7168,9052,9070,hybrid_small/direct_b_ahead2:9047,False,hybrid_small,direct_b_ahead2,9047,reports/opus_flydsl_all_20261009/hybrid_small/build/direct_b_ahead2/experiments.so,b714e774c27dc34d257e48aa3072aecdbe680ed20db33116036258a31eafae93,0,1,CPU actual header and launcher constraints,pending_gpu_stop,pending_gpu_stop
64,2048,7168,9052,9070,hybrid_small/direct_b_ahead3:9047,False,hybrid_small,direct_b_ahead3,9047,reports/opus_flydsl_all_20261009/hybrid_small/build/direct_b_ahead3/experiments.so,1d8e364ea7cc5bb5da75bb5b93d177a520a5c0fbbcbfe782c761e6014f076c42,0,1,CPU actual header and launcher constraints,pending_gpu_stop,pending_gpu_stop
64,2048,7168,9052,9070,hybrid_small/direct_b_ahead1:9049,False,hybrid_small,direct_b_ahead1,9049,reports/opus_flydsl_all_20261009/hybrid_small/build/direct_b_ahead1/experiments.so,f836d9fe683f0246d403f5f5a3798db1696de05e3d2b34c18568533d5f0e9a8e,0,1,CPU actual header and launcher constraints,pending_gpu_stop,pending_gpu_stop
64,2048,7168,9052,9070,hybrid_small/direct_b_ahead2:9049,False,hybrid_small,direct_b_ahead2,9049,reports/opus_flydsl_all_20261009/hybrid_small/build/direct_b_ahead2/experiments.so,b714e774c27dc34d257e48aa3072aecdbe680ed20db33116036258a31eafae93,0,1,CPU actual header and launcher constraints,pending_gpu_stop,pending_gpu_stop
64,2048,7168,9052,9070,hybrid_small/direct_b_ahead3:9049,False,hybrid_small,direct_b_ahead3,9049,reports/opus_flydsl_all_20261009/hybrid_small/build/direct_b_ahead3/experiments.so,1d8e364ea7cc5bb5da75bb5b93d177a520a5c0fbbcbfe782c761e6014f076c42,0,1,CPU actual header and launcher constraints,pending_gpu_stop,pending_gpu_stop
64,2048,7168,9052,9070,hybrid_small/direct_b_ahead1:9055,False,hybrid_small,direct_b_ahead1,9055,reports/opus_flydsl_all_20261009/hybrid_small/build/direct_b_ahead1/experiments.so,f836d9fe683f0246d403f5f5a3798db1696de05e3d2b34c18568533d5f0e9a8e,0,1,CPU actual header and launcher constraints,pending_gpu_stop,pending_gpu_stop
64,2048,7168,9052,9070,hybrid_small/direct_b_ahead2:9055,False,hybrid_small,direct_b_ahead2,9055,reports/opus_flydsl_all_20261009/hybrid_small/build/direct_b_ahead2/experiments.so,b714e774c27dc34d257e48aa3072aecdbe680ed20db33116036258a31eafae93,0,1,CPU actual header and launcher constraints,pending_gpu_stop,pending_gpu_stop
64,2048,7168,9052,9070,hybrid_small/direct_b_ahead3:9055,False,hybrid_small,direct_b_ahead3,9055,reports/opus_flydsl_all_20261009/hybrid_small/build/direct_b_ahead3/experiments.so,1d8e364ea7cc5bb5da75bb5b93d177a520a5c0fbbcbfe782c761e6014f076c42,0,1,CPU actual header and launcher constraints,pending_gpu_stop,pending_gpu_stop
64,2048,7168,9052,9070,hybrid_small/direct_b_ahead1:9056,False,hybrid_small,direct_b_ahead1,9056,reports/opus_flydsl_all_20261009/hybrid_small/build/direct_b_ahead1/experiments.so,f836d9fe683f0246d403f5f5a3798db1696de05e3d2b34c18568533d5f0e9a8e,0,1,CPU actual header and launcher constraints,pending_gpu_stop,pending_gpu_stop
64,2048,7168,9052,9070,hybrid_small/direct_b_ahead2:9056,False,hybrid_small,direct_b_ahead2,9056,reports/opus_flydsl_all_20261009/hybrid_small/build/direct_b_ahead2/experiments.so,b714e774c27dc34d257e48aa3072aecdbe680ed20db33116036258a31eafae93,0,1,CPU actual header and launcher constraints,pending_gpu_stop,pending_gpu_stop
64,2048,7168,9052,9070,hybrid_small/direct_b_ahead3:9056,False,hybrid_small,direct_b_ahead3,9056,reports/opus_flydsl_all_20261009/hybrid_small/build/direct_b_ahead3/experiments.so,1d8e364ea7cc5bb5da75bb5b93d177a520a5c0fbbcbfe782c761e6014f076c42,0,1,CPU actual header and launcher constraints,pending_gpu_stop,pending_gpu_stop
64,2048,7168,9052,9070,small_split/candidate:110,True,small_split,candidate,110,reports/opus_flydsl_all_20261009/small_split/build/candidate/experiments.so,7822e988744329482bbd6a7fcb5215b561e9aeada63a3aedf9cd5e541958a886,2097152,2,CPU actual header and launcher constraints,pending_gpu_stop,pending_gpu_stop
64,2048,7168,9052,9070,small_split/candidate:111,True,small_split,candidate,111,reports/opus_flydsl_all_20261009/small_split/build/candidate/experiments.so,7822e988744329482bbd6a7fcb5215b561e9aeada63a3aedf9cd5e541958a886,2097152,2,CPU actual header and launcher constraints,pending_gpu_stop,pending_gpu_stop
64,2048,7168,9052,9070,small_split/candidate:120,True,small_split,candidate,120,reports/opus_flydsl_all_20261009/small_split/build/candidate/experiments.so,7822e988744329482bbd6a7fcb5215b561e9aeada63a3aedf9cd5e541958a886,2097152,2,CPU actual header and launcher constraints,pending_gpu_stop,pending_gpu_stop
64,2048,7168,9052,9070,small_split/candidate:121,True,small_split,candidate,121,reports/opus_flydsl_all_20261009/small_split/build/candidate/experiments.so,7822e988744329482bbd6a7fcb5215b561e9aeada63a3aedf9cd5e541958a886,2097152,2,CPU actual header and launcher constraints,pending_gpu_stop,pending_gpu_stop
64,2048,7168,9052,9070,small_split/candidate:130,True,small_split,candidate,130,reports/opus_flydsl_all_20261009/small_split/build/candidate/experiments.so,7822e988744329482bbd6a7fcb5215b561e9aeada63a3aedf9cd5e541958a886,2097152,2,CPU actual header and launcher constraints,pending_gpu_stop,pending_gpu_stop
64,2048,7168,9052,9070,small_split/candidate:140,True,small_split,candidate,140,reports/opus_flydsl_all_20261009/small_split/build/candidate/experiments.so,7822e988744329482bbd6a7fcb5215b561e9aeada63a3aedf9cd5e541958a886,2097152,2,CPU actual header and launcher constraints,pending_gpu_stop,pending_gpu_stop
64,2048,7168,9052,9070,small_split/candidate:210,False,small_split,candidate,210,reports/opus_flydsl_all_20261009/small_split/build/candidate/experiments.so,7822e988744329482bbd6a7fcb5215b561e9aeada63a3aedf9cd5e541958a886,0,1,CPU actual header and launcher constraints,pending_gpu_stop,pending_gpu_stop
64,2048,7168,9052,9070,small_split/candidate:211,False,small_split,candidate,211,reports/opus_flydsl_all_20261009/small_split/build/candidate/experiments.so,7822e988744329482bbd6a7fcb5215b561e9aeada63a3aedf9cd5e541958a886,1048576,2,CPU actual header and launcher constraints,pending_gpu_stop,pending_gpu_stop
64,2048,7168,9052,9070,small_split/candidate:220,False,small_split,candidate,220,reports/opus_flydsl_all_20261009/small_split/build/candidate/experiments.so,7822e988744329482bbd6a7fcb5215b561e9aeada63a3aedf9cd5e541958a886,0,1,CPU actual header and launcher constraints,pending_gpu_stop,pending_gpu_stop
64,2048,7168,9052,9070,small_split/candidate:221,False,small_split,candidate,221,reports/opus_flydsl_all_20261009/small_split/build/candidate/experiments.so,7822e988744329482bbd6a7fcb5215b561e9aeada63a3aedf9cd5e541958a886,1048576,2,CPU actual header and launcher constraints,pending_gpu_stop,pending_gpu_stop
64,2048,7168,9052,9070,small_split/candidate:230,False,small_split,candidate,230,reports/opus_flydsl_all_20261009/small_split/build/candidate/experiments.so,7822e988744329482bbd6a7fcb5215b561e9aeada63a3aedf9cd5e541958a886,0,1,CPU actual header and launcher constraints,pending_gpu_stop,pending_gpu_stop
64,2048,7168,9052,9070,small_split/candidate:231,False,small_split,candidate,231,reports/opus_flydsl_all_20261009/small_split/build/candidate/experiments.so,7822e988744329482bbd6a7fcb5215b561e9aeada63a3aedf9cd5e541958a886,1048576,2,CPU actual header and launcher constraints,pending_gpu_stop,pending_gpu_stop
64,2048,7168,9052,9070,main_variants/main23:92000,False,main_variants,main23,92000,reports/opus_flydsl_all_20261009/main_variants/build/main23/experiments.so,55927bffd4f3b05b59e0eda5fad3d5b58396f525f618fed0eec4a1cb48df83b6,0,1,CPU actual header and launcher constraints,pending_gpu_stop,pending_gpu_stop
64,2048,7168,9052,9070,main_variants/main23:92001,False,main_variants,main23,92001,reports/opus_flydsl_all_20261009/main_variants/build/main23/experiments.so,55927bffd4f3b05b59e0eda5fad3d5b58396f525f618fed0eec4a1cb48df83b6,0,1,CPU actual header and launcher constraints,pending_gpu_stop,pending_gpu_stop
64,2048,7168,9052,9070,main_variants/main23:92002,False,main_variants,main23,92002,reports/opus_flydsl_all_20261009/main_variants/build/main23/experiments.so,55927bffd4f3b05b59e0eda5fad3d5b58396f525f618fed0eec4a1cb48df83b6,0,1,CPU actual header and launcher constraints,pending_gpu_stop,pending_gpu_stop
64,2048,7168,9052,9070,main_variants/main23:92008,False,main_variants,main23,92008,reports/opus_flydsl_all_20261009/main_variants/build/main23/experiments.so,55927bffd4f3b05b59e0eda5fad3d5b58396f525f618fed0eec4a1cb48df83b6,0,1,CPU actual header and launcher constraints,pending_gpu_stop,pending_gpu_stop
64,2048,7168,9052,9070,main_variants/main23:92009,False,main_variants,main23,92009,reports/opus_flydsl_all_20261009/main_variants/build/main23/experiments.so,55927bffd4f3b05b59e0eda5fad3d5b58396f525f618fed0eec4a1cb48df83b6,0,1,CPU actual header and launcher constraints,pending_gpu_stop,pending_gpu_stop
64,2048,7168,9052,9070,main_variants/main23:92011,False,main_variants,main23,92011,reports/opus_flydsl_all_20261009/main_variants/build/main23/experiments.so,55927bffd4f3b05b59e0eda5fad3d5b58396f525f618fed0eec4a1cb48df83b6,0,1,CPU actual header and launcher constraints,pending_gpu_stop,pending_gpu_stop
64,2048,7168,9052,9070,main_variants/main23:92012,False,main_variants,main23,92012,reports/opus_flydsl_all_20261009/main_variants/build/main23/experiments.so,55927bffd4f3b05b59e0eda5fad3d5b58396f525f618fed0eec4a1cb48df83b6,0,1,CPU actual header and launcher constraints,pending_gpu_stop,pending_gpu_stop
64,2048,7168,9052,9070,main_variants/pin24:92120,False,main_variants,pin24,92120,reports/opus_flydsl_all_20261009/main_variants/build/pin24/experiments.so,3b9fb951504917f017ffb87b5eb192be99453337cdf969b6800ff47283d2746d,0,1,CPU actual header and launcher constraints,pending_gpu_stop,pending_gpu_stop
80,2048,7168,9055,9055,hybrid_small/direct_b_ahead1:9043,False,hybrid_small,direct_b_ahead1,9043,reports/opus_flydsl_all_20261009/hybrid_small/build/direct_b_ahead1/experiments.so,f836d9fe683f0246d403f5f5a3798db1696de05e3d2b34c18568533d5f0e9a8e,0,1,CPU actual header and launcher constraints,pending_gpu_stop,pending_gpu_stop
80,2048,7168,9055,9055,hybrid_small/direct_b_ahead2:9043,False,hybrid_small,direct_b_ahead2,9043,reports/opus_flydsl_all_20261009/hybrid_small/build/direct_b_ahead2/experiments.so,b714e774c27dc34d257e48aa3072aecdbe680ed20db33116036258a31eafae93,0,1,CPU actual header and launcher constraints,pending_gpu_stop,pending_gpu_stop
80,2048,7168,9055,9055,hybrid_small/direct_b_ahead3:9043,False,hybrid_small,direct_b_ahead3,9043,reports/opus_flydsl_all_20261009/hybrid_small/build/direct_b_ahead3/experiments.so,1d8e364ea7cc5bb5da75bb5b93d177a520a5c0fbbcbfe782c761e6014f076c42,0,1,CPU actual header and launcher constraints,pending_gpu_stop,pending_gpu_stop
80,2048,7168,9055,9055,hybrid_small/direct_b_ahead1:9044,False,hybrid_small,direct_b_ahead1,9044,reports/opus_flydsl_all_20261009/hybrid_small/build/direct_b_ahead1/experiments.so,f836d9fe683f0246d403f5f5a3798db1696de05e3d2b34c18568533d5f0e9a8e,0,1,CPU actual header and launcher constraints,pending_gpu_stop,pending_gpu_stop
80,2048,7168,9055,9055,hybrid_small/direct_b_ahead2:9044,False,hybrid_small,direct_b_ahead2,9044,reports/opus_flydsl_all_20261009/hybrid_small/build/direct_b_ahead2/experiments.so,b714e774c27dc34d257e48aa3072aecdbe680ed20db33116036258a31eafae93,0,1,CPU actual header and launcher constraints,pending_gpu_stop,pending_gpu_stop
80,2048,7168,9055,9055,hybrid_small/direct_b_ahead3:9044,False,hybrid_small,direct_b_ahead3,9044,reports/opus_flydsl_all_20261009/hybrid_small/build/direct_b_ahead3/experiments.so,1d8e364ea7cc5bb5da75bb5b93d177a520a5c0fbbcbfe782c761e6014f076c42,0,1,CPU actual header and launcher constraints,pending_gpu_stop,pending_gpu_stop
80,2048,7168,9055,9055,hybrid_small/direct_b_ahead1:9045,False,hybrid_small,direct_b_ahead1,9045,reports/opus_flydsl_all_20261009/hybrid_small/build/direct_b_ahead1/experiments.so,f836d9fe683f0246d403f5f5a3798db1696de05e3d2b34c18568533d5f0e9a8e,0,1,CPU actual header and launcher constraints,pending_gpu_stop,pending_gpu_stop
80,2048,7168,9055,9055,hybrid_small/direct_b_ahead2:9045,False,hybrid_small,direct_b_ahead2,9045,reports/opus_flydsl_all_20261009/hybrid_small/build/direct_b_ahead2/experiments.so,b714e774c27dc34d257e48aa3072aecdbe680ed20db33116036258a31eafae93,0,1,CPU actual header and launcher constraints,pending_gpu_stop,pending_gpu_stop
80,2048,7168,9055,9055,hybrid_small/direct_b_ahead3:9045,False,hybrid_small,direct_b_ahead3,9045,reports/opus_flydsl_all_20261009/hybrid_small/build/direct_b_ahead3/experiments.so,1d8e364ea7cc5bb5da75bb5b93d177a520a5c0fbbcbfe782c761e6014f076c42,0,1,CPU actual header and launcher constraints,pending_gpu_stop,pending_gpu_stop
80,2048,7168,9055,9055,hybrid_small/direct_b_ahead1:9046,False,hybrid_small,direct_b_ahead1,9046,reports/opus_flydsl_all_20261009/hybrid_small/build/direct_b_ahead1/experiments.so,f836d9fe683f0246d403f5f5a3798db1696de05e3d2b34c18568533d5f0e9a8e,0,1,CPU actual header and launcher constraints,pending_gpu_stop,pending_gpu_stop
80,2048,7168,9055,9055,hybrid_small/direct_b_ahead2:9046,False,hybrid_small,direct_b_ahead2,9046,reports/opus_flydsl_all_20261009/hybrid_small/build/direct_b_ahead2/experiments.so,b714e774c27dc34d257e48aa3072aecdbe680ed20db33116036258a31eafae93,0,1,CPU actual header and launcher constraints,pending_gpu_stop,pending_gpu_stop
80,2048,7168,9055,9055,hybrid_small/direct_b_ahead3:9046,False,hybrid_small,direct_b_ahead3,9046,reports/opus_flydsl_all_20261009/hybrid_small/build/direct_b_ahead3/experiments.so,1d8e364ea7cc5bb5da75bb5b93d177a520a5c0fbbcbfe782c761e6014f076c42,0,1,CPU actual header and launcher constraints,pending_gpu_stop,pending_gpu_stop
80,2048,7168,9055,9055,hybrid_small/direct_b_ahead1:9047,False,hybrid_small,direct_b_ahead1,9047,reports/opus_flydsl_all_20261009/hybrid_small/build/direct_b_ahead1/experiments.so,f836d9fe683f0246d403f5f5a3798db1696de05e3d2b34c18568533d5f0e9a8e,0,1,CPU actual header and launcher constraints,pending_gpu_stop,pending_gpu_stop
80,2048,7168,9055,9055,hybrid_small/direct_b_ahead2:9047,False,hybrid_small,direct_b_ahead2,9047,reports/opus_flydsl_all_20261009/hybrid_small/build/direct_b_ahead2/experiments.so,b714e774c27dc34d257e48aa3072aecdbe680ed20db33116036258a31eafae93,0,1,CPU actual header and launcher constraints,pending_gpu_stop,pending_gpu_stop
80,2048,7168,9055,9055,hybrid_small/direct_b_ahead3:9047,False,hybrid_small,direct_b_ahead3,9047,reports/opus_flydsl_all_20261009/hybrid_small/build/direct_b_ahead3/experiments.so,1d8e364ea7cc5bb5da75bb5b93d177a520a5c0fbbcbfe782c761e6014f076c42,0,1,CPU actual header and launcher constraints,pending_gpu_stop,pending_gpu_stop
80,2048,7168,9055,9055,hybrid_small/direct_b_ahead1:9049,False,hybrid_small,direct_b_ahead1,9049,reports/opus_flydsl_all_20261009/hybrid_small/build/direct_b_ahead1/experiments.so,f836d9fe683f0246d403f5f5a3798db1696de05e3d2b34c18568533d5f0e9a8e,0,1,CPU actual header and launcher constraints,pending_gpu_stop,pending_gpu_stop
80,2048,7168,9055,9055,hybrid_small/direct_b_ahead2:9049,False,hybrid_small,direct_b_ahead2,9049,reports/opus_flydsl_all_20261009/hybrid_small/build/direct_b_ahead2/experiments.so,b714e774c27dc34d257e48aa3072aecdbe680ed20db33116036258a31eafae93,0,1,CPU actual header and launcher constraints,pending_gpu_stop,pending_gpu_stop
80,2048,7168,9055,9055,hybrid_small/direct_b_ahead3:9049,False,hybrid_small,direct_b_ahead3,9049,reports/opus_flydsl_all_20261009/hybrid_small/build/direct_b_ahead3/experiments.so,1d8e364ea7cc5bb5da75bb5b93d177a520a5c0fbbcbfe782c761e6014f076c42,0,1,CPU actual header and launcher constraints,pending_gpu_stop,pending_gpu_stop
80,2048,7168,9055,9055,hybrid_small/direct_b_ahead1:9055,True,hybrid_small,direct_b_ahead1,9055,reports/opus_flydsl_all_20261009/hybrid_small/build/direct_b_ahead1/experiments.so,f836d9fe683f0246d403f5f5a3798db1696de05e3d2b34c18568533d5f0e9a8e,0,1,CPU actual header and launcher constraints,pending_gpu_stop,pending_gpu_stop
80,2048,7168,9055,9055,hybrid_small/direct_b_ahead2:9055,True,hybrid_small,direct_b_ahead2,9055,reports/opus_flydsl_all_20261009/hybrid_small/build/direct_b_ahead2/experiments.so,b714e774c27dc34d257e48aa3072aecdbe680ed20db33116036258a31eafae93,0,1,CPU actual header and launcher constraints,pending_gpu_stop,pending_gpu_stop
80,2048,7168,9055,9055,hybrid_small/direct_b_ahead3:9055,True,hybrid_small,direct_b_ahead3,9055,reports/opus_flydsl_all_20261009/hybrid_small/build/direct_b_ahead3/experiments.so,1d8e364ea7cc5bb5da75bb5b93d177a520a5c0fbbcbfe782c761e6014f076c42,0,1,CPU actual header and launcher constraints,pending_gpu_stop,pending_gpu_stop
80,2048,7168,9055,9055,hybrid_small/direct_b_ahead1:9056,False,hybrid_small,direct_b_ahead1,9056,reports/opus_flydsl_all_20261009/hybrid_small/build/direct_b_ahead1/experiments.so,f836d9fe683f0246d403f5f5a3798db1696de05e3d2b34c18568533d5f0e9a8e,0,1,CPU actual header and launcher constraints,pending_gpu_stop,pending_gpu_stop
80,2048,7168,9055,9055,hybrid_small/direct_b_ahead2:9056,False,hybrid_small,direct_b_ahead2,9056,reports/opus_flydsl_all_20261009/hybrid_small/build/direct_b_ahead2/experiments.so,b714e774c27dc34d257e48aa3072aecdbe680ed20db33116036258a31eafae93,0,1,CPU actual header and launcher constraints,pending_gpu_stop,pending_gpu_stop
80,2048,7168,9055,9055,hybrid_small/direct_b_ahead3:9056,False,hybrid_small,direct_b_ahead3,9056,reports/opus_flydsl_all_20261009/hybrid_small/build/direct_b_ahead3/experiments.so,1d8e364ea7cc5bb5da75bb5b93d177a520a5c0fbbcbfe782c761e6014f076c42,0,1,CPU actual header and launcher constraints,pending_gpu_stop,pending_gpu_stop
80,2048,7168,9055,9055,small_split/candidate:110,False,small_split,candidate,110,reports/opus_flydsl_all_20261009/small_split/build/candidate/experiments.so,7822e988744329482bbd6a7fcb5215b561e9aeada63a3aedf9cd5e541958a886,2621440,2,CPU actual header and launcher constraints,pending_gpu_stop,pending_gpu_stop
80,2048,7168,9055,9055,small_split/candidate:111,False,small_split,candidate,111,reports/opus_flydsl_all_20261009/small_split/build/candidate/experiments.so,7822e988744329482bbd6a7fcb5215b561e9aeada63a3aedf9cd5e541958a886,2621440,2,CPU actual header and launcher constraints,pending_gpu_stop,pending_gpu_stop
80,2048,7168,9055,9055,small_split/candidate:120,False,small_split,candidate,120,reports/opus_flydsl_all_20261009/small_split/build/candidate/experiments.so,7822e988744329482bbd6a7fcb5215b561e9aeada63a3aedf9cd5e541958a886,2621440,2,CPU actual header and launcher constraints,pending_gpu_stop,pending_gpu_stop
80,2048,7168,9055,9055,small_split/candidate:121,False,small_split,candidate,121,reports/opus_flydsl_all_20261009/small_split/build/candidate/experiments.so,7822e988744329482bbd6a7fcb5215b561e9aeada63a3aedf9cd5e541958a886,2621440,2,CPU actual header and launcher constraints,pending_gpu_stop,pending_gpu_stop
80,2048,7168,9055,9055,small_split/candidate:130,False,small_split,candidate,130,reports/opus_flydsl_all_20261009/small_split/build/candidate/experiments.so,7822e988744329482bbd6a7fcb5215b561e9aeada63a3aedf9cd5e541958a886,2621440,2,CPU actual header and launcher constraints,pending_gpu_stop,pending_gpu_stop
80,2048,7168,9055,9055,small_split/candidate:140,False,small_split,candidate,140,reports/opus_flydsl_all_20261009/small_split/build/candidate/experiments.so,7822e988744329482bbd6a7fcb5215b561e9aeada63a3aedf9cd5e541958a886,2621440,2,CPU actual header and launcher constraints,pending_gpu_stop,pending_gpu_stop
80,2048,7168,9055,9055,small_split/candidate:210,False,small_split,candidate,210,reports/opus_flydsl_all_20261009/small_split/build/candidate/experiments.so,7822e988744329482bbd6a7fcb5215b561e9aeada63a3aedf9cd5e541958a886,0,1,CPU actual header and launcher constraints,pending_gpu_stop,pending_gpu_stop
80,2048,7168,9055,9055,small_split/candidate:211,False,small_split,candidate,211,reports/opus_flydsl_all_20261009/small_split/build/candidate/experiments.so,7822e988744329482bbd6a7fcb5215b561e9aeada63a3aedf9cd5e541958a886,1310720,2,CPU actual header and launcher constraints,pending_gpu_stop,pending_gpu_stop
80,2048,7168,9055,9055,small_split/candidate:220,False,small_split,candidate,220,reports/opus_flydsl_all_20261009/small_split/build/candidate/experiments.so,7822e988744329482bbd6a7fcb5215b561e9aeada63a3aedf9cd5e541958a886,0,1,CPU actual header and launcher constraints,pending_gpu_stop,pending_gpu_stop
80,2048,7168,9055,9055,small_split/candidate:221,False,small_split,candidate,221,reports/opus_flydsl_all_20261009/small_split/build/candidate/experiments.so,7822e988744329482bbd6a7fcb5215b561e9aeada63a3aedf9cd5e541958a886,1310720,2,CPU actual header and launcher constraints,pending_gpu_stop,pending_gpu_stop
80,2048,7168,9055,9055,small_split/candidate:230,False,small_split,candidate,230,reports/opus_flydsl_all_20261009/small_split/build/candidate/experiments.so,7822e988744329482bbd6a7fcb5215b561e9aeada63a3aedf9cd5e541958a886,0,1,CPU actual header and launcher constraints,pending_gpu_stop,pending_gpu_stop
80,2048,7168,9055,9055,small_split/candidate:231,False,small_split,candidate,231,reports/opus_flydsl_all_20261009/small_split/build/candidate/experiments.so,7822e988744329482bbd6a7fcb5215b561e9aeada63a3aedf9cd5e541958a886,1310720,2,CPU actual header and launcher constraints,pending_gpu_stop,pending_gpu_stop
80,2048,7168,9055,9055,main_variants/main23:92000,False,main_variants,main23,92000,reports/opus_flydsl_all_20261009/main_variants/build/main23/experiments.so,55927bffd4f3b05b59e0eda5fad3d5b58396f525f618fed0eec4a1cb48df83b6,0,1,CPU actual header and launcher constraints,pending_gpu_stop,pending_gpu_stop
80,2048,7168,9055,9055,main_variants/main23:92001,False,main_variants,main23,92001,reports/opus_flydsl_all_20261009/main_variants/build/main23/experiments.so,55927bffd4f3b05b59e0eda5fad3d5b58396f525f618fed0eec4a1cb48df83b6,0,1,CPU actual header and launcher constraints,pending_gpu_stop,pending_gpu_stop
80,2048,7168,9055,9055,main_variants/main23:92002,False,main_variants,main23,92002,reports/opus_flydsl_all_20261009/main_variants/build/main23/experiments.so,55927bffd4f3b05b59e0eda5fad3d5b58396f525f618fed0eec4a1cb48df83b6,0,1,CPU actual header and launcher constraints,pending_gpu_stop,pending_gpu_stop
80,2048,7168,9055,9055,main_variants/main23:92008,False,main_variants,main23,92008,reports/opus_flydsl_all_20261009/main_variants/build/main23/experiments.so,55927bffd4f3b05b59e0eda5fad3d5b58396f525f618fed0eec4a1cb48df83b6,0,1,CPU actual header and launcher constraints,pending_gpu_stop,pending_gpu_stop
80,2048,7168,9055,9055,main_variants/main23:92009,False,main_variants,main23,92009,reports/opus_flydsl_all_20261009/main_variants/build/main23/experiments.so,55927bffd4f3b05b59e0eda5fad3d5b58396f525f618fed0eec4a1cb48df83b6,0,1,CPU actual header and launcher constraints,pending_gpu_stop,pending_gpu_stop
80,2048,7168,9055,9055,main_variants/main23:92011,False,main_variants,main23,92011,reports/opus_flydsl_all_20261009/main_variants/build/main23/experiments.so,55927bffd4f3b05b59e0eda5fad3d5b58396f525f618fed0eec4a1cb48df83b6,0,1,CPU actual header and launcher constraints,pending_gpu_stop,pending_gpu_stop
80,2048,7168,9055,9055,main_variants/main23:92012,False,main_variants,main23,92012,reports/opus_flydsl_all_20261009/main_variants/build/main23/experiments.so,55927bffd4f3b05b59e0eda5fad3d5b58396f525f618fed0eec4a1cb48df83b6,0,1,CPU actual header and launcher constraints,pending_gpu_stop,pending_gpu_stop
80,2048,7168,9055,9055,main_variants/pin24:92120,False,main_variants,pin24,92120,reports/opus_flydsl_all_20261009/main_variants/build/pin24/experiments.so,3b9fb951504917f017ffb87b5eb192be99453337cdf969b6800ff47283d2746d,0,1,CPU actual header and launcher constraints,pending_gpu_stop,pending_gpu_stop
96,768,7168,9052,9070,hybrid_small/direct_b_ahead1:9043,False,hybrid_small,direct_b_ahead1,9043,reports/opus_flydsl_all_20261009/hybrid_small/build/direct_b_ahead1/experiments.so,f836d9fe683f0246d403f5f5a3798db1696de05e3d2b34c18568533d5f0e9a8e,0,1,CPU actual header and launcher constraints,pending_gpu_stop,pending_gpu_stop
96,768,7168,9052,9070,hybrid_small/direct_b_ahead2:9043,False,hybrid_small,direct_b_ahead2,9043,reports/opus_flydsl_all_20261009/hybrid_small/build/direct_b_ahead2/experiments.so,b714e774c27dc34d257e48aa3072aecdbe680ed20db33116036258a31eafae93,0,1,CPU actual header and launcher constraints,pending_gpu_stop,pending_gpu_stop
96,768,7168,9052,9070,hybrid_small/direct_b_ahead3:9043,False,hybrid_small,direct_b_ahead3,9043,reports/opus_flydsl_all_20261009/hybrid_small/build/direct_b_ahead3/experiments.so,1d8e364ea7cc5bb5da75bb5b93d177a520a5c0fbbcbfe782c761e6014f076c42,0,1,CPU actual header and launcher constraints,pending_gpu_stop,pending_gpu_stop
96,768,7168,9052,9070,hybrid_small/direct_b_ahead1:9044,False,hybrid_small,direct_b_ahead1,9044,reports/opus_flydsl_all_20261009/hybrid_small/build/direct_b_ahead1/experiments.so,f836d9fe683f0246d403f5f5a3798db1696de05e3d2b34c18568533d5f0e9a8e,0,1,CPU actual header and launcher constraints,pending_gpu_stop,pending_gpu_stop
96,768,7168,9052,9070,hybrid_small/direct_b_ahead2:9044,False,hybrid_small,direct_b_ahead2,9044,reports/opus_flydsl_all_20261009/hybrid_small/build/direct_b_ahead2/experiments.so,b714e774c27dc34d257e48aa3072aecdbe680ed20db33116036258a31eafae93,0,1,CPU actual header and launcher constraints,pending_gpu_stop,pending_gpu_stop
96,768,7168,9052,9070,hybrid_small/direct_b_ahead3:9044,False,hybrid_small,direct_b_ahead3,9044,reports/opus_flydsl_all_20261009/hybrid_small/build/direct_b_ahead3/experiments.so,1d8e364ea7cc5bb5da75bb5b93d177a520a5c0fbbcbfe782c761e6014f076c42,0,1,CPU actual header and launcher constraints,pending_gpu_stop,pending_gpu_stop
96,768,7168,9052,9070,hybrid_small/direct_b_ahead1:9045,False,hybrid_small,direct_b_ahead1,9045,reports/opus_flydsl_all_20261009/hybrid_small/build/direct_b_ahead1/experiments.so,f836d9fe683f0246d403f5f5a3798db1696de05e3d2b34c18568533d5f0e9a8e,0,1,CPU actual header and launcher constraints,pending_gpu_stop,pending_gpu_stop
96,768,7168,9052,9070,hybrid_small/direct_b_ahead2:9045,False,hybrid_small,direct_b_ahead2,9045,reports/opus_flydsl_all_20261009/hybrid_small/build/direct_b_ahead2/experiments.so,b714e774c27dc34d257e48aa3072aecdbe680ed20db33116036258a31eafae93,0,1,CPU actual header and launcher constraints,pending_gpu_stop,pending_gpu_stop
96,768,7168,9052,9070,hybrid_small/direct_b_ahead3:9045,False,hybrid_small,direct_b_ahead3,9045,reports/opus_flydsl_all_20261009/hybrid_small/build/direct_b_ahead3/experiments.so,1d8e364ea7cc5bb5da75bb5b93d177a520a5c0fbbcbfe782c761e6014f076c42,0,1,CPU actual header and launcher constraints,pending_gpu_stop,pending_gpu_stop
96,768,7168,9052,9070,hybrid_small/direct_b_ahead1:9046,False,hybrid_small,direct_b_ahead1,9046,reports/opus_flydsl_all_20261009/hybrid_small/build/direct_b_ahead1/experiments.so,f836d9fe683f0246d403f5f5a3798db1696de05e3d2b34c18568533d5f0e9a8e,0,1,CPU actual header and launcher constraints,pending_gpu_stop,pending_gpu_stop
96,768,7168,9052,9070,hybrid_small/direct_b_ahead2:9046,False,hybrid_small,direct_b_ahead2,9046,reports/opus_flydsl_all_20261009/hybrid_small/build/direct_b_ahead2/experiments.so,b714e774c27dc34d257e48aa3072aecdbe680ed20db33116036258a31eafae93,0,1,CPU actual header and launcher constraints,pending_gpu_stop,pending_gpu_stop
96,768,7168,9052,9070,hybrid_small/direct_b_ahead3:9046,False,hybrid_small,direct_b_ahead3,9046,reports/opus_flydsl_all_20261009/hybrid_small/build/direct_b_ahead3/experiments.so,1d8e364ea7cc5bb5da75bb5b93d177a520a5c0fbbcbfe782c761e6014f076c42,0,1,CPU actual header and launcher constraints,pending_gpu_stop,pending_gpu_stop
96,768,7168,9052,9070,hybrid_small/direct_b_ahead1:9047,False,hybrid_small,direct_b_ahead1,9047,reports/opus_flydsl_all_20261009/hybrid_small/build/direct_b_ahead1/experiments.so,f836d9fe683f0246d403f5f5a3798db1696de05e3d2b34c18568533d5f0e9a8e,0,1,CPU actual header and launcher constraints,pending_gpu_stop,pending_gpu_stop
96,768,7168,9052,9070,hybrid_small/direct_b_ahead2:9047,False,hybrid_small,direct_b_ahead2,9047,reports/opus_flydsl_all_20261009/hybrid_small/build/direct_b_ahead2/experiments.so,b714e774c27dc34d257e48aa3072aecdbe680ed20db33116036258a31eafae93,0,1,CPU actual header and launcher constraints,pending_gpu_stop,pending_gpu_stop
96,768,7168,9052,9070,hybrid_small/direct_b_ahead3:9047,False,hybrid_small,direct_b_ahead3,9047,reports/opus_flydsl_all_20261009/hybrid_small/build/direct_b_ahead3/experiments.so,1d8e364ea7cc5bb5da75bb5b93d177a520a5c0fbbcbfe782c761e6014f076c42,0,1,CPU actual header and launcher constraints,pending_gpu_stop,pending_gpu_stop
96,768,7168,9052,9070,hybrid_small/direct_b_ahead1:9049,False,hybrid_small,direct_b_ahead1,9049,reports/opus_flydsl_all_20261009/hybrid_small/build/direct_b_ahead1/experiments.so,f836d9fe683f0246d403f5f5a3798db1696de05e3d2b34c18568533d5f0e9a8e,0,1,CPU actual header and launcher constraints,pending_gpu_stop,pending_gpu_stop
96,768,7168,9052,9070,hybrid_small/direct_b_ahead2:9049,False,hybrid_small,direct_b_ahead2,9049,reports/opus_flydsl_all_20261009/hybrid_small/build/direct_b_ahead2/experiments.so,b714e774c27dc34d257e48aa3072aecdbe680ed20db33116036258a31eafae93,0,1,CPU actual header and launcher constraints,pending_gpu_stop,pending_gpu_stop
96,768,7168,9052,9070,hybrid_small/direct_b_ahead3:9049,False,hybrid_small,direct_b_ahead3,9049,reports/opus_flydsl_all_20261009/hybrid_small/build/direct_b_ahead3/experiments.so,1d8e364ea7cc5bb5da75bb5b93d177a520a5c0fbbcbfe782c761e6014f076c42,0,1,CPU actual header and launcher constraints,pending_gpu_stop,pending_gpu_stop
96,768,7168,9052,9070,hybrid_small/direct_b_ahead1:9055,False,hybrid_small,direct_b_ahead1,9055,reports/opus_flydsl_all_20261009/hybrid_small/build/direct_b_ahead1/experiments.so,f836d9fe683f0246d403f5f5a3798db1696de05e3d2b34c18568533d5f0e9a8e,0,1,CPU actual header and launcher constraints,pending_gpu_stop,pending_gpu_stop
96,768,7168,9052,9070,hybrid_small/direct_b_ahead2:9055,False,hybrid_small,direct_b_ahead2,9055,reports/opus_flydsl_all_20261009/hybrid_small/build/direct_b_ahead2/experiments.so,b714e774c27dc34d257e48aa3072aecdbe680ed20db33116036258a31eafae93,0,1,CPU actual header and launcher constraints,pending_gpu_stop,pending_gpu_stop
96,768,7168,9052,9070,hybrid_small/direct_b_ahead3:9055,False,hybrid_small,direct_b_ahead3,9055,reports/opus_flydsl_all_20261009/hybrid_small/build/direct_b_ahead3/experiments.so,1d8e364ea7cc5bb5da75bb5b93d177a520a5c0fbbcbfe782c761e6014f076c42,0,1,CPU actual header and launcher constraints,pending_gpu_stop,pending_gpu_stop
96,768,7168,9052,9070,hybrid_small/direct_b_ahead1:9056,False,hybrid_small,direct_b_ahead1,9056,reports/opus_flydsl_all_20261009/hybrid_small/build/direct_b_ahead1/experiments.so,f836d9fe683f0246d403f5f5a3798db1696de05e3d2b34c18568533d5f0e9a8e,0,1,CPU actual header and launcher constraints,pending_gpu_stop,pending_gpu_stop
96,768,7168,9052,9070,hybrid_small/direct_b_ahead2:9056,False,hybrid_small,direct_b_ahead2,9056,reports/opus_flydsl_all_20261009/hybrid_small/build/direct_b_ahead2/experiments.so,b714e774c27dc34d257e48aa3072aecdbe680ed20db33116036258a31eafae93,0,1,CPU actual header and launcher constraints,pending_gpu_stop,pending_gpu_stop
96,768,7168,9052,9070,hybrid_small/direct_b_ahead3:9056,False,hybrid_small,direct_b_ahead3,9056,reports/opus_flydsl_all_20261009/hybrid_small/build/direct_b_ahead3/experiments.so,1d8e364ea7cc5bb5da75bb5b93d177a520a5c0fbbcbfe782c761e6014f076c42,0,1,CPU actual header and launcher constraints,pending_gpu_stop,pending_gpu_stop
96,768,7168,9052,9070,small_split/candidate:110,True,small_split,candidate,110,reports/opus_flydsl_all_20261009/small_split/build/candidate/experiments.so,7822e988744329482bbd6a7fcb5215b561e9aeada63a3aedf9cd5e541958a886,1179648,2,CPU actual header and launcher constraints,pending_gpu_stop,pending_gpu_stop
96,768,7168,9052,9070,small_split/candidate:111,True,small_split,candidate,111,reports/opus_flydsl_all_20261009/small_split/build/candidate/experiments.so,7822e988744329482bbd6a7fcb5215b561e9aeada63a3aedf9cd5e541958a886,1179648,2,CPU actual header and launcher constraints,pending_gpu_stop,pending_gpu_stop
96,768,7168,9052,9070,small_split/candidate:120,True,small_split,candidate,120,reports/opus_flydsl_all_20261009/small_split/build/candidate/experiments.so,7822e988744329482bbd6a7fcb5215b561e9aeada63a3aedf9cd5e541958a886,1179648,2,CPU actual header and launcher constraints,pending_gpu_stop,pending_gpu_stop
96,768,7168,9052,9070,small_split/candidate:121,True,small_split,candidate,121,reports/opus_flydsl_all_20261009/small_split/build/candidate/experiments.so,7822e988744329482bbd6a7fcb5215b561e9aeada63a3aedf9cd5e541958a886,1179648,2,CPU actual header and launcher constraints,pending_gpu_stop,pending_gpu_stop
96,768,7168,9052,9070,small_split/candidate:130,True,small_split,candidate,130,reports/opus_flydsl_all_20261009/small_split/build/candidate/experiments.so,7822e988744329482bbd6a7fcb5215b561e9aeada63a3aedf9cd5e541958a886,1179648,2,CPU actual header and launcher constraints,pending_gpu_stop,pending_gpu_stop
96,768,7168,9052,9070,small_split/candidate:140,True,small_split,candidate,140,reports/opus_flydsl_all_20261009/small_split/build/candidate/experiments.so,7822e988744329482bbd6a7fcb5215b561e9aeada63a3aedf9cd5e541958a886,1179648,2,CPU actual header and launcher constraints,pending_gpu_stop,pending_gpu_stop
96,768,7168,9052,9070,small_split/candidate:210,False,small_split,candidate,210,reports/opus_flydsl_all_20261009/small_split/build/candidate/experiments.so,7822e988744329482bbd6a7fcb5215b561e9aeada63a3aedf9cd5e541958a886,0,1,CPU actual header and launcher constraints,pending_gpu_stop,pending_gpu_stop
96,768,7168,9052,9070,small_split/candidate:211,False,small_split,candidate,211,reports/opus_flydsl_all_20261009/small_split/build/candidate/experiments.so,7822e988744329482bbd6a7fcb5215b561e9aeada63a3aedf9cd5e541958a886,589824,2,CPU actual header and launcher constraints,pending_gpu_stop,pending_gpu_stop
96,768,7168,9052,9070,small_split/candidate:220,False,small_split,candidate,220,reports/opus_flydsl_all_20261009/small_split/build/candidate/experiments.so,7822e988744329482bbd6a7fcb5215b561e9aeada63a3aedf9cd5e541958a886,0,1,CPU actual header and launcher constraints,pending_gpu_stop,pending_gpu_stop
96,768,7168,9052,9070,small_split/candidate:221,False,small_split,candidate,221,reports/opus_flydsl_all_20261009/small_split/build/candidate/experiments.so,7822e988744329482bbd6a7fcb5215b561e9aeada63a3aedf9cd5e541958a886,589824,2,CPU actual header and launcher constraints,pending_gpu_stop,pending_gpu_stop
96,768,7168,9052,9070,small_split/candidate:230,False,small_split,candidate,230,reports/opus_flydsl_all_20261009/small_split/build/candidate/experiments.so,7822e988744329482bbd6a7fcb5215b561e9aeada63a3aedf9cd5e541958a886,0,1,CPU actual header and launcher constraints,pending_gpu_stop,pending_gpu_stop
96,768,7168,9052,9070,small_split/candidate:231,False,small_split,candidate,231,reports/opus_flydsl_all_20261009/small_split/build/candidate/experiments.so,7822e988744329482bbd6a7fcb5215b561e9aeada63a3aedf9cd5e541958a886,589824,2,CPU actual header and launcher constraints,pending_gpu_stop,pending_gpu_stop
96,768,7168,9052,9070,main_variants/main23:92000,False,main_variants,main23,92000,reports/opus_flydsl_all_20261009/main_variants/build/main23/experiments.so,55927bffd4f3b05b59e0eda5fad3d5b58396f525f618fed0eec4a1cb48df83b6,0,1,CPU actual header and launcher constraints,pending_gpu_stop,pending_gpu_stop
96,768,7168,9052,9070,main_variants/main23:92001,False,main_variants,main23,92001,reports/opus_flydsl_all_20261009/main_variants/build/main23/experiments.so,55927bffd4f3b05b59e0eda5fad3d5b58396f525f618fed0eec4a1cb48df83b6,0,1,CPU actual header and launcher constraints,pending_gpu_stop,pending_gpu_stop
96,768,7168,9052,9070,main_variants/main23:92002,False,main_variants,main23,92002,reports/opus_flydsl_all_20261009/main_variants/build/main23/experiments.so,55927bffd4f3b05b59e0eda5fad3d5b58396f525f618fed0eec4a1cb48df83b6,0,1,CPU actual header and launcher constraints,pending_gpu_stop,pending_gpu_stop
96,768,7168,9052,9070,main_variants/main23:92008,False,main_variants,main23,92008,reports/opus_flydsl_all_20261009/main_variants/build/main23/experiments.so,55927bffd4f3b05b59e0eda5fad3d5b58396f525f618fed0eec4a1cb48df83b6,0,1,CPU actual header and launcher constraints,pending_gpu_stop,pending_gpu_stop
96,768,7168,9052,9070,main_variants/main23:92009,False,main_variants,main23,92009,reports/opus_flydsl_all_20261009/main_variants/build/main23/experiments.so,55927bffd4f3b05b59e0eda5fad3d5b58396f525f618fed0eec4a1cb48df83b6,0,1,CPU actual header and launcher constraints,pending_gpu_stop,pending_gpu_stop
96,768,7168,9052,9070,main_variants/main23:92011,False,main_variants,main23,92011,reports/opus_flydsl_all_20261009/main_variants/build/main23/experiments.so,55927bffd4f3b05b59e0eda5fad3d5b58396f525f618fed0eec4a1cb48df83b6,0,1,CPU actual header and launcher constraints,pending_gpu_stop,pending_gpu_stop
96,768,7168,9052,9070,main_variants/main23:92012,False,main_variants,main23,92012,reports/opus_flydsl_all_20261009/main_variants/build/main23/experiments.so,55927bffd4f3b05b59e0eda5fad3d5b58396f525f618fed0eec4a1cb48df83b6,0,1,CPU actual header and launcher constraints,pending_gpu_stop,pending_gpu_stop
96,768,7168,9052,9070,main_variants/pin24:92120,False,main_variants,pin24,92120,reports/opus_flydsl_all_20261009/main_variants/build/pin24/experiments.so,3b9fb951504917f017ffb87b5eb192be99453337cdf969b6800ff47283d2746d,0,1,CPU actual header and launcher constraints,pending_gpu_stop,pending_gpu_stop
96,2048,7168,9055,9055,hybrid_small/direct_b_ahead1:9043,False,hybrid_small,direct_b_ahead1,9043,reports/opus_flydsl_all_20261009/hybrid_small/build/direct_b_ahead1/experiments.so,f836d9fe683f0246d403f5f5a3798db1696de05e3d2b34c18568533d5f0e9a8e,0,1,CPU actual header and launcher constraints,pending_gpu_stop,pending_gpu_stop
96,2048,7168,9055,9055,hybrid_small/direct_b_ahead2:9043,False,hybrid_small,direct_b_ahead2,9043,reports/opus_flydsl_all_20261009/hybrid_small/build/direct_b_ahead2/experiments.so,b714e774c27dc34d257e48aa3072aecdbe680ed20db33116036258a31eafae93,0,1,CPU actual header and launcher constraints,pending_gpu_stop,pending_gpu_stop
96,2048,7168,9055,9055,hybrid_small/direct_b_ahead3:9043,False,hybrid_small,direct_b_ahead3,9043,reports/opus_flydsl_all_20261009/hybrid_small/build/direct_b_ahead3/experiments.so,1d8e364ea7cc5bb5da75bb5b93d177a520a5c0fbbcbfe782c761e6014f076c42,0,1,CPU actual header and launcher constraints,pending_gpu_stop,pending_gpu_stop
96,2048,7168,9055,9055,hybrid_small/direct_b_ahead1:9044,False,hybrid_small,direct_b_ahead1,9044,reports/opus_flydsl_all_20261009/hybrid_small/build/direct_b_ahead1/experiments.so,f836d9fe683f0246d403f5f5a3798db1696de05e3d2b34c18568533d5f0e9a8e,0,1,CPU actual header and launcher constraints,pending_gpu_stop,pending_gpu_stop
96,2048,7168,9055,9055,hybrid_small/direct_b_ahead2:9044,False,hybrid_small,direct_b_ahead2,9044,reports/opus_flydsl_all_20261009/hybrid_small/build/direct_b_ahead2/experiments.so,b714e774c27dc34d257e48aa3072aecdbe680ed20db33116036258a31eafae93,0,1,CPU actual header and launcher constraints,pending_gpu_stop,pending_gpu_stop
96,2048,7168,9055,9055,hybrid_small/direct_b_ahead3:9044,False,hybrid_small,direct_b_ahead3,9044,reports/opus_flydsl_all_20261009/hybrid_small/build/direct_b_ahead3/experiments.so,1d8e364ea7cc5bb5da75bb5b93d177a520a5c0fbbcbfe782c761e6014f076c42,0,1,CPU actual header and launcher constraints,pending_gpu_stop,pending_gpu_stop
96,2048,7168,9055,9055,hybrid_small/direct_b_ahead1:9045,False,hybrid_small,direct_b_ahead1,9045,reports/opus_flydsl_all_20261009/hybrid_small/build/direct_b_ahead1/experiments.so,f836d9fe683f0246d403f5f5a3798db1696de05e3d2b34c18568533d5f0e9a8e,0,1,CPU actual header and launcher constraints,pending_gpu_stop,pending_gpu_stop
96,2048,7168,9055,9055,hybrid_small/direct_b_ahead2:9045,False,hybrid_small,direct_b_ahead2,9045,reports/opus_flydsl_all_20261009/hybrid_small/build/direct_b_ahead2/experiments.so,b714e774c27dc34d257e48aa3072aecdbe680ed20db33116036258a31eafae93,0,1,CPU actual header and launcher constraints,pending_gpu_stop,pending_gpu_stop
96,2048,7168,9055,9055,hybrid_small/direct_b_ahead3:9045,False,hybrid_small,direct_b_ahead3,9045,reports/opus_flydsl_all_20261009/hybrid_small/build/direct_b_ahead3/experiments.so,1d8e364ea7cc5bb5da75bb5b93d177a520a5c0fbbcbfe782c761e6014f076c42,0,1,CPU actual header and launcher constraints,pending_gpu_stop,pending_gpu_stop
96,2048,7168,9055,9055,hybrid_small/direct_b_ahead1:9046,False,hybrid_small,direct_b_ahead1,9046,reports/opus_flydsl_all_20261009/hybrid_small/build/direct_b_ahead1/experiments.so,f836d9fe683f0246d403f5f5a3798db1696de05e3d2b34c18568533d5f0e9a8e,0,1,CPU actual header and launcher constraints,pending_gpu_stop,pending_gpu_stop
96,2048,7168,9055,9055,hybrid_small/direct_b_ahead2:9046,False,hybrid_small,direct_b_ahead2,9046,reports/opus_flydsl_all_20261009/hybrid_small/build/direct_b_ahead2/experiments.so,b714e774c27dc34d257e48aa3072aecdbe680ed20db33116036258a31eafae93,0,1,CPU actual header and launcher constraints,pending_gpu_stop,pending_gpu_stop
96,2048,7168,9055,9055,hybrid_small/direct_b_ahead3:9046,False,hybrid_small,direct_b_ahead3,9046,reports/opus_flydsl_all_20261009/hybrid_small/build/direct_b_ahead3/experiments.so,1d8e364ea7cc5bb5da75bb5b93d177a520a5c0fbbcbfe782c761e6014f076c42,0,1,CPU actual header and launcher constraints,pending_gpu_stop,pending_gpu_stop
96,2048,7168,9055,9055,hybrid_small/direct_b_ahead1:9047,False,hybrid_small,direct_b_ahead1,9047,reports/opus_flydsl_all_20261009/hybrid_small/build/direct_b_ahead1/experiments.so,f836d9fe683f0246d403f5f5a3798db1696de05e3d2b34c18568533d5f0e9a8e,0,1,CPU actual header and launcher constraints,pending_gpu_stop,pending_gpu_stop
96,2048,7168,9055,9055,hybrid_small/direct_b_ahead2:9047,False,hybrid_small,direct_b_ahead2,9047,reports/opus_flydsl_all_20261009/hybrid_small/build/direct_b_ahead2/experiments.so,b714e774c27dc34d257e48aa3072aecdbe680ed20db33116036258a31eafae93,0,1,CPU actual header and launcher constraints,pending_gpu_stop,pending_gpu_stop
96,2048,7168,9055,9055,hybrid_small/direct_b_ahead3:9047,False,hybrid_small,direct_b_ahead3,9047,reports/opus_flydsl_all_20261009/hybrid_small/build/direct_b_ahead3/experiments.so,1d8e364ea7cc5bb5da75bb5b93d177a520a5c0fbbcbfe782c761e6014f076c42,0,1,CPU actual header and launcher constraints,pending_gpu_stop,pending_gpu_stop
96,2048,7168,9055,9055,hybrid_small/direct_b_ahead1:9049,False,hybrid_small,direct_b_ahead1,9049,reports/opus_flydsl_all_20261009/hybrid_small/build/direct_b_ahead1/experiments.so,f836d9fe683f0246d403f5f5a3798db1696de05e3d2b34c18568533d5f0e9a8e,0,1,CPU actual header and launcher constraints,pending_gpu_stop,pending_gpu_stop
96,2048,7168,9055,9055,hybrid_small/direct_b_ahead2:9049,False,hybrid_small,direct_b_ahead2,9049,reports/opus_flydsl_all_20261009/hybrid_small/build/direct_b_ahead2/experiments.so,b714e774c27dc34d257e48aa3072aecdbe680ed20db33116036258a31eafae93,0,1,CPU actual header and launcher constraints,pending_gpu_stop,pending_gpu_stop
96,2048,7168,9055,9055,hybrid_small/direct_b_ahead3:9049,False,hybrid_small,direct_b_ahead3,9049,reports/opus_flydsl_all_20261009/hybrid_small/build/direct_b_ahead3/experiments.so,1d8e364ea7cc5bb5da75bb5b93d177a520a5c0fbbcbfe782c761e6014f076c42,0,1,CPU actual header and launcher constraints,pending_gpu_stop,pending_gpu_stop
96,2048,7168,9055,9055,hybrid_small/direct_b_ahead1:9055,True,hybrid_small,direct_b_ahead1,9055,reports/opus_flydsl_all_20261009/hybrid_small/build/direct_b_ahead1/experiments.so,f836d9fe683f0246d403f5f5a3798db1696de05e3d2b34c18568533d5f0e9a8e,0,1,CPU actual header and launcher constraints,pending_gpu_stop,pending_gpu_stop
96,2048,7168,9055,9055,hybrid_small/direct_b_ahead2:9055,True,hybrid_small,direct_b_ahead2,9055,reports/opus_flydsl_all_20261009/hybrid_small/build/direct_b_ahead2/experiments.so,b714e774c27dc34d257e48aa3072aecdbe680ed20db33116036258a31eafae93,0,1,CPU actual header and launcher constraints,pending_gpu_stop,pending_gpu_stop
96,2048,7168,9055,9055,hybrid_small/direct_b_ahead3:9055,True,hybrid_small,direct_b_ahead3,9055,reports/opus_flydsl_all_20261009/hybrid_small/build/direct_b_ahead3/experiments.so,1d8e364ea7cc5bb5da75bb5b93d177a520a5c0fbbcbfe782c761e6014f076c42,0,1,CPU actual header and launcher constraints,pending_gpu_stop,pending_gpu_stop
96,2048,7168,9055,9055,hybrid_small/direct_b_ahead1:9056,False,hybrid_small,direct_b_ahead1,9056,reports/opus_flydsl_all_20261009/hybrid_small/build/direct_b_ahead1/experiments.so,f836d9fe683f0246d403f5f5a3798db1696de05e3d2b34c18568533d5f0e9a8e,0,1,CPU actual header and launcher constraints,pending_gpu_stop,pending_gpu_stop
96,2048,7168,9055,9055,hybrid_small/direct_b_ahead2:9056,False,hybrid_small,direct_b_ahead2,9056,reports/opus_flydsl_all_20261009/hybrid_small/build/direct_b_ahead2/experiments.so,b714e774c27dc34d257e48aa3072aecdbe680ed20db33116036258a31eafae93,0,1,CPU actual header and launcher constraints,pending_gpu_stop,pending_gpu_stop
96,2048,7168,9055,9055,hybrid_small/direct_b_ahead3:9056,False,hybrid_small,direct_b_ahead3,9056,reports/opus_flydsl_all_20261009/hybrid_small/build/direct_b_ahead3/experiments.so,1d8e364ea7cc5bb5da75bb5b93d177a520a5c0fbbcbfe782c761e6014f076c42,0,1,CPU actual header and launcher constraints,pending_gpu_stop,pending_gpu_stop
96,2048,7168,9055,9055,small_split/candidate:110,False,small_split,candidate,110,reports/opus_flydsl_all_20261009/small_split/build/candidate/experiments.so,7822e988744329482bbd6a7fcb5215b561e9aeada63a3aedf9cd5e541958a886,3145728,2,CPU actual header and launcher constraints,pending_gpu_stop,pending_gpu_stop
96,2048,7168,9055,9055,small_split/candidate:111,False,small_split,candidate,111,reports/opus_flydsl_all_20261009/small_split/build/candidate/experiments.so,7822e988744329482bbd6a7fcb5215b561e9aeada63a3aedf9cd5e541958a886,3145728,2,CPU actual header and launcher constraints,pending_gpu_stop,pending_gpu_stop
96,2048,7168,9055,9055,small_split/candidate:120,False,small_split,candidate,120,reports/opus_flydsl_all_20261009/small_split/build/candidate/experiments.so,7822e988744329482bbd6a7fcb5215b561e9aeada63a3aedf9cd5e541958a886,3145728,2,CPU actual header and launcher constraints,pending_gpu_stop,pending_gpu_stop
96,2048,7168,9055,9055,small_split/candidate:121,False,small_split,candidate,121,reports/opus_flydsl_all_20261009/small_split/build/candidate/experiments.so,7822e988744329482bbd6a7fcb5215b561e9aeada63a3aedf9cd5e541958a886,3145728,2,CPU actual header and launcher constraints,pending_gpu_stop,pending_gpu_stop
96,2048,7168,9055,9055,small_split/candidate:130,False,small_split,candidate,130,reports/opus_flydsl_all_20261009/small_split/build/candidate/experiments.so,7822e988744329482bbd6a7fcb5215b561e9aeada63a3aedf9cd5e541958a886,3145728,2,CPU actual header and launcher constraints,pending_gpu_stop,pending_gpu_stop
96,2048,7168,9055,9055,small_split/candidate:140,False,small_split,candidate,140,reports/opus_flydsl_all_20261009/small_split/build/candidate/experiments.so,7822e988744329482bbd6a7fcb5215b561e9aeada63a3aedf9cd5e541958a886,3145728,2,CPU actual header and launcher constraints,pending_gpu_stop,pending_gpu_stop
96,2048,7168,9055,9055,small_split/candidate:210,False,small_split,candidate,210,reports/opus_flydsl_all_20261009/small_split/build/candidate/experiments.so,7822e988744329482bbd6a7fcb5215b561e9aeada63a3aedf9cd5e541958a886,0,1,CPU actual header and launcher constraints,pending_gpu_stop,pending_gpu_stop
96,2048,7168,9055,9055,small_split/candidate:211,False,small_split,candidate,211,reports/opus_flydsl_all_20261009/small_split/build/candidate/experiments.so,7822e988744329482bbd6a7fcb5215b561e9aeada63a3aedf9cd5e541958a886,1572864,2,CPU actual header and launcher constraints,pending_gpu_stop,pending_gpu_stop
96,2048,7168,9055,9055,small_split/candidate:220,False,small_split,candidate,220,reports/opus_flydsl_all_20261009/small_split/build/candidate/experiments.so,7822e988744329482bbd6a7fcb5215b561e9aeada63a3aedf9cd5e541958a886,0,1,CPU actual header and launcher constraints,pending_gpu_stop,pending_gpu_stop
96,2048,7168,9055,9055,small_split/candidate:221,False,small_split,candidate,221,reports/opus_flydsl_all_20261009/small_split/build/candidate/experiments.so,7822e988744329482bbd6a7fcb5215b561e9aeada63a3aedf9cd5e541958a886,1572864,2,CPU actual header and launcher constraints,pending_gpu_stop,pending_gpu_stop
96,2048,7168,9055,9055,small_split/candidate:230,False,small_split,candidate,230,reports/opus_flydsl_all_20261009/small_split/build/candidate/experiments.so,7822e988744329482bbd6a7fcb5215b561e9aeada63a3aedf9cd5e541958a886,0,1,CPU actual header and launcher constraints,pending_gpu_stop,pending_gpu_stop
96,2048,7168,9055,9055,small_split/candidate:231,False,small_split,candidate,231,reports/opus_flydsl_all_20261009/small_split/build/candidate/experiments.so,7822e988744329482bbd6a7fcb5215b561e9aeada63a3aedf9cd5e541958a886,1572864,2,CPU actual header and launcher constraints,pending_gpu_stop,pending_gpu_stop
96,2048,7168,9055,9055,main_variants/main23:92000,False,main_variants,main23,92000,reports/opus_flydsl_all_20261009/main_variants/build/main23/experiments.so,55927bffd4f3b05b59e0eda5fad3d5b58396f525f618fed0eec4a1cb48df83b6,0,1,CPU actual header and launcher constraints,pending_gpu_stop,pending_gpu_stop
96,2048,7168,9055,9055,main_variants/main23:92001,False,main_variants,main23,92001,reports/opus_flydsl_all_20261009/main_variants/build/main23/experiments.so,55927bffd4f3b05b59e0eda5fad3d5b58396f525f618fed0eec4a1cb48df83b6,0,1,CPU actual header and launcher constraints,pending_gpu_stop,pending_gpu_stop
96,2048,7168,9055,9055,main_variants/main23:92002,False,main_variants,main23,92002,reports/opus_flydsl_all_20261009/main_variants/build/main23/experiments.so,55927bffd4f3b05b59e0eda5fad3d5b58396f525f618fed0eec4a1cb48df83b6,0,1,CPU actual header and launcher constraints,pending_gpu_stop,pending_gpu_stop
96,2048,7168,9055,9055,main_variants/main23:92008,False,main_variants,main23,92008,reports/opus_flydsl_all_20261009/main_variants/build/main23/experiments.so,55927bffd4f3b05b59e0eda5fad3d5b58396f525f618fed0eec4a1cb48df83b6,0,1,CPU actual header and launcher constraints,pending_gpu_stop,pending_gpu_stop
96,2048,7168,9055,9055,main_variants/main23:92009,False,main_variants,main23,92009,reports/opus_flydsl_all_20261009/main_variants/build/main23/experiments.so,55927bffd4f3b05b59e0eda5fad3d5b58396f525f618fed0eec4a1cb48df83b6,0,1,CPU actual header and launcher constraints,pending_gpu_stop,pending_gpu_stop
96,2048,7168,9055,9055,main_variants/main23:92011,False,main_variants,main23,92011,reports/opus_flydsl_all_20261009/main_variants/build/main23/experiments.so,55927bffd4f3b05b59e0eda5fad3d5b58396f525f618fed0eec4a1cb48df83b6,0,1,CPU actual header and launcher constraints,pending_gpu_stop,pending_gpu_stop
96,2048,7168,9055,9055,main_variants/main23:92012,False,main_variants,main23,92012,reports/opus_flydsl_all_20261009/main_variants/build/main23/experiments.so,55927bffd4f3b05b59e0eda5fad3d5b58396f525f618fed0eec4a1cb48df83b6,0,1,CPU actual header and launcher constraints,pending_gpu_stop,pending_gpu_stop
96,2048,7168,9055,9055,main_variants/pin24:92120,False,main_variants,pin24,92120,reports/opus_flydsl_all_20261009/main_variants/build/pin24/experiments.so,3b9fb951504917f017ffb87b5eb192be99453337cdf969b6800ff47283d2746d,0,1,CPU actual header and launcher constraints,pending_gpu_stop,pending_gpu_stop
112,2048,7168,9055,9055,hybrid_small/direct_b_ahead1:9043,False,hybrid_small,direct_b_ahead1,9043,reports/opus_flydsl_all_20261009/hybrid_small/build/direct_b_ahead1/experiments.so,f836d9fe683f0246d403f5f5a3798db1696de05e3d2b34c18568533d5f0e9a8e,0,1,CPU actual header and launcher constraints,pending_gpu_stop,pending_gpu_stop
112,2048,7168,9055,9055,hybrid_small/direct_b_ahead2:9043,False,hybrid_small,direct_b_ahead2,9043,reports/opus_flydsl_all_20261009/hybrid_small/build/direct_b_ahead2/experiments.so,b714e774c27dc34d257e48aa3072aecdbe680ed20db33116036258a31eafae93,0,1,CPU actual header and launcher constraints,pending_gpu_stop,pending_gpu_stop
112,2048,7168,9055,9055,hybrid_small/direct_b_ahead3:9043,False,hybrid_small,direct_b_ahead3,9043,reports/opus_flydsl_all_20261009/hybrid_small/build/direct_b_ahead3/experiments.so,1d8e364ea7cc5bb5da75bb5b93d177a520a5c0fbbcbfe782c761e6014f076c42,0,1,CPU actual header and launcher constraints,pending_gpu_stop,pending_gpu_stop
112,2048,7168,9055,9055,hybrid_small/direct_b_ahead1:9044,False,hybrid_small,direct_b_ahead1,9044,reports/opus_flydsl_all_20261009/hybrid_small/build/direct_b_ahead1/experiments.so,f836d9fe683f0246d403f5f5a3798db1696de05e3d2b34c18568533d5f0e9a8e,0,1,CPU actual header and launcher constraints,pending_gpu_stop,pending_gpu_stop
112,2048,7168,9055,9055,hybrid_small/direct_b_ahead2:9044,False,hybrid_small,direct_b_ahead2,9044,reports/opus_flydsl_all_20261009/hybrid_small/build/direct_b_ahead2/experiments.so,b714e774c27dc34d257e48aa3072aecdbe680ed20db33116036258a31eafae93,0,1,CPU actual header and launcher constraints,pending_gpu_stop,pending_gpu_stop
112,2048,7168,9055,9055,hybrid_small/direct_b_ahead3:9044,False,hybrid_small,direct_b_ahead3,9044,reports/opus_flydsl_all_20261009/hybrid_small/build/direct_b_ahead3/experiments.so,1d8e364ea7cc5bb5da75bb5b93d177a520a5c0fbbcbfe782c761e6014f076c42,0,1,CPU actual header and launcher constraints,pending_gpu_stop,pending_gpu_stop
112,2048,7168,9055,9055,hybrid_small/direct_b_ahead1:9045,False,hybrid_small,direct_b_ahead1,9045,reports/opus_flydsl_all_20261009/hybrid_small/build/direct_b_ahead1/experiments.so,f836d9fe683f0246d403f5f5a3798db1696de05e3d2b34c18568533d5f0e9a8e,0,1,CPU actual header and launcher constraints,pending_gpu_stop,pending_gpu_stop
112,2048,7168,9055,9055,hybrid_small/direct_b_ahead2:9045,False,hybrid_small,direct_b_ahead2,9045,reports/opus_flydsl_all_20261009/hybrid_small/build/direct_b_ahead2/experiments.so,b714e774c27dc34d257e48aa3072aecdbe680ed20db33116036258a31eafae93,0,1,CPU actual header and launcher constraints,pending_gpu_stop,pending_gpu_stop
112,2048,7168,9055,9055,hybrid_small/direct_b_ahead3:9045,False,hybrid_small,direct_b_ahead3,9045,reports/opus_flydsl_all_20261009/hybrid_small/build/direct_b_ahead3/experiments.so,1d8e364ea7cc5bb5da75bb5b93d177a520a5c0fbbcbfe782c761e6014f076c42,0,1,CPU actual header and launcher constraints,pending_gpu_stop,pending_gpu_stop
112,2048,7168,9055,9055,hybrid_small/direct_b_ahead1:9046,False,hybrid_small,direct_b_ahead1,9046,reports/opus_flydsl_all_20261009/hybrid_small/build/direct_b_ahead1/experiments.so,f836d9fe683f0246d403f5f5a3798db1696de05e3d2b34c18568533d5f0e9a8e,0,1,CPU actual header and launcher constraints,pending_gpu_stop,pending_gpu_stop
112,2048,7168,9055,9055,hybrid_small/direct_b_ahead2:9046,False,hybrid_small,direct_b_ahead2,9046,reports/opus_flydsl_all_20261009/hybrid_small/build/direct_b_ahead2/experiments.so,b714e774c27dc34d257e48aa3072aecdbe680ed20db33116036258a31eafae93,0,1,CPU actual header and launcher constraints,pending_gpu_stop,pending_gpu_stop
112,2048,7168,9055,9055,hybrid_small/direct_b_ahead3:9046,False,hybrid_small,direct_b_ahead3,9046,reports/opus_flydsl_all_20261009/hybrid_small/build/direct_b_ahead3/experiments.so,1d8e364ea7cc5bb5da75bb5b93d177a520a5c0fbbcbfe782c761e6014f076c42,0,1,CPU actual header and launcher constraints,pending_gpu_stop,pending_gpu_stop
112,2048,7168,9055,9055,hybrid_small/direct_b_ahead1:9047,False,hybrid_small,direct_b_ahead1,9047,reports/opus_flydsl_all_20261009/hybrid_small/build/direct_b_ahead1/experiments.so,f836d9fe683f0246d403f5f5a3798db1696de05e3d2b34c18568533d5f0e9a8e,0,1,CPU actual header and launcher constraints,pending_gpu_stop,pending_gpu_stop
112,2048,7168,9055,9055,hybrid_small/direct_b_ahead2:9047,False,hybrid_small,direct_b_ahead2,9047,reports/opus_flydsl_all_20261009/hybrid_small/build/direct_b_ahead2/experiments.so,b714e774c27dc34d257e48aa3072aecdbe680ed20db33116036258a31eafae93,0,1,CPU actual header and launcher constraints,pending_gpu_stop,pending_gpu_stop
112,2048,7168,9055,9055,hybrid_small/direct_b_ahead3:9047,False,hybrid_small,direct_b_ahead3,9047,reports/opus_flydsl_all_20261009/hybrid_small/build/direct_b_ahead3/experiments.so,1d8e364ea7cc5bb5da75bb5b93d177a520a5c0fbbcbfe782c761e6014f076c42,0,1,CPU actual header and launcher constraints,pending_gpu_stop,pending_gpu_stop
112,2048,7168,9055,9055,hybrid_small/direct_b_ahead1:9049,False,hybrid_small,direct_b_ahead1,9049,reports/opus_flydsl_all_20261009/hybrid_small/build/direct_b_ahead1/experiments.so,f836d9fe683f0246d403f5f5a3798db1696de05e3d2b34c18568533d5f0e9a8e,0,1,CPU actual header and launcher constraints,pending_gpu_stop,pending_gpu_stop
112,2048,7168,9055,9055,hybrid_small/direct_b_ahead2:9049,False,hybrid_small,direct_b_ahead2,9049,reports/opus_flydsl_all_20261009/hybrid_small/build/direct_b_ahead2/experiments.so,b714e774c27dc34d257e48aa3072aecdbe680ed20db33116036258a31eafae93,0,1,CPU actual header and launcher constraints,pending_gpu_stop,pending_gpu_stop
112,2048,7168,9055,9055,hybrid_small/direct_b_ahead3:9049,False,hybrid_small,direct_b_ahead3,9049,reports/opus_flydsl_all_20261009/hybrid_small/build/direct_b_ahead3/experiments.so,1d8e364ea7cc5bb5da75bb5b93d177a520a5c0fbbcbfe782c761e6014f076c42,0,1,CPU actual header and launcher constraints,pending_gpu_stop,pending_gpu_stop
112,2048,7168,9055,9055,hybrid_small/direct_b_ahead1:9055,True,hybrid_small,direct_b_ahead1,9055,reports/opus_flydsl_all_20261009/hybrid_small/build/direct_b_ahead1/experiments.so,f836d9fe683f0246d403f5f5a3798db1696de05e3d2b34c18568533d5f0e9a8e,0,1,CPU actual header and launcher constraints,pending_gpu_stop,pending_gpu_stop
112,2048,7168,9055,9055,hybrid_small/direct_b_ahead2:9055,True,hybrid_small,direct_b_ahead2,9055,reports/opus_flydsl_all_20261009/hybrid_small/build/direct_b_ahead2/experiments.so,b714e774c27dc34d257e48aa3072aecdbe680ed20db33116036258a31eafae93,0,1,CPU actual header and launcher constraints,pending_gpu_stop,pending_gpu_stop
112,2048,7168,9055,9055,hybrid_small/direct_b_ahead3:9055,True,hybrid_small,direct_b_ahead3,9055,reports/opus_flydsl_all_20261009/hybrid_small/build/direct_b_ahead3/experiments.so,1d8e364ea7cc5bb5da75bb5b93d177a520a5c0fbbcbfe782c761e6014f076c42,0,1,CPU actual header and launcher constraints,pending_gpu_stop,pending_gpu_stop
112,2048,7168,9055,9055,hybrid_small/direct_b_ahead1:9056,False,hybrid_small,direct_b_ahead1,9056,reports/opus_flydsl_all_20261009/hybrid_small/build/direct_b_ahead1/experiments.so,f836d9fe683f0246d403f5f5a3798db1696de05e3d2b34c18568533d5f0e9a8e,0,1,CPU actual header and launcher constraints,pending_gpu_stop,pending_gpu_stop
112,2048,7168,9055,9055,hybrid_small/direct_b_ahead2:9056,False,hybrid_small,direct_b_ahead2,9056,reports/opus_flydsl_all_20261009/hybrid_small/build/direct_b_ahead2/experiments.so,b714e774c27dc34d257e48aa3072aecdbe680ed20db33116036258a31eafae93,0,1,CPU actual header and launcher constraints,pending_gpu_stop,pending_gpu_stop
112,2048,7168,9055,9055,hybrid_small/direct_b_ahead3:9056,False,hybrid_small,direct_b_ahead3,9056,reports/opus_flydsl_all_20261009/hybrid_small/build/direct_b_ahead3/experiments.so,1d8e364ea7cc5bb5da75bb5b93d177a520a5c0fbbcbfe782c761e6014f076c42,0,1,CPU actual header and launcher constraints,pending_gpu_stop,pending_gpu_stop
112,2048,7168,9055,9055,small_split/candidate:110,False,small_split,candidate,110,reports/opus_flydsl_all_20261009/small_split/build/candidate/experiments.so,7822e988744329482bbd6a7fcb5215b561e9aeada63a3aedf9cd5e541958a886,3670016,2,CPU actual header and launcher constraints,pending_gpu_stop,pending_gpu_stop
112,2048,7168,9055,9055,small_split/candidate:111,False,small_split,candidate,111,reports/opus_flydsl_all_20261009/small_split/build/candidate/experiments.so,7822e988744329482bbd6a7fcb5215b561e9aeada63a3aedf9cd5e541958a886,3670016,2,CPU actual header and launcher constraints,pending_gpu_stop,pending_gpu_stop
112,2048,7168,9055,9055,small_split/candidate:120,False,small_split,candidate,120,reports/opus_flydsl_all_20261009/small_split/build/candidate/experiments.so,7822e988744329482bbd6a7fcb5215b561e9aeada63a3aedf9cd5e541958a886,3670016,2,CPU actual header and launcher constraints,pending_gpu_stop,pending_gpu_stop
112,2048,7168,9055,9055,small_split/candidate:121,False,small_split,candidate,121,reports/opus_flydsl_all_20261009/small_split/build/candidate/experiments.so,7822e988744329482bbd6a7fcb5215b561e9aeada63a3aedf9cd5e541958a886,3670016,2,CPU actual header and launcher constraints,pending_gpu_stop,pending_gpu_stop
112,2048,7168,9055,9055,small_split/candidate:130,False,small_split,candidate,130,reports/opus_flydsl_all_20261009/small_split/build/candidate/experiments.so,7822e988744329482bbd6a7fcb5215b561e9aeada63a3aedf9cd5e541958a886,3670016,2,CPU actual header and launcher constraints,pending_gpu_stop,pending_gpu_stop
112,2048,7168,9055,9055,small_split/candidate:140,False,small_split,candidate,140,reports/opus_flydsl_all_20261009/small_split/build/candidate/experiments.so,7822e988744329482bbd6a7fcb5215b561e9aeada63a3aedf9cd5e541958a886,3670016,2,CPU actual header and launcher constraints,pending_gpu_stop,pending_gpu_stop
112,2048,7168,9055,9055,small_split/candidate:210,False,small_split,candidate,210,reports/opus_flydsl_all_20261009/small_split/build/candidate/experiments.so,7822e988744329482bbd6a7fcb5215b561e9aeada63a3aedf9cd5e541958a886,0,1,CPU actual header and launcher constraints,pending_gpu_stop,pending_gpu_stop
112,2048,7168,9055,9055,small_split/candidate:211,False,small_split,candidate,211,reports/opus_flydsl_all_20261009/small_split/build/candidate/experiments.so,7822e988744329482bbd6a7fcb5215b561e9aeada63a3aedf9cd5e541958a886,1835008,2,CPU actual header and launcher constraints,pending_gpu_stop,pending_gpu_stop
112,2048,7168,9055,9055,small_split/candidate:220,False,small_split,candidate,220,reports/opus_flydsl_all_20261009/small_split/build/candidate/experiments.so,7822e988744329482bbd6a7fcb5215b561e9aeada63a3aedf9cd5e541958a886,0,1,CPU actual header and launcher constraints,pending_gpu_stop,pending_gpu_stop
112,2048,7168,9055,9055,small_split/candidate:221,False,small_split,candidate,221,reports/opus_flydsl_all_20261009/small_split/build/candidate/experiments.so,7822e988744329482bbd6a7fcb5215b561e9aeada63a3aedf9cd5e541958a886,1835008,2,CPU actual header and launcher constraints,pending_gpu_stop,pending_gpu_stop
112,2048,7168,9055,9055,small_split/candidate:230,False,small_split,candidate,230,reports/opus_flydsl_all_20261009/small_split/build/candidate/experiments.so,7822e988744329482bbd6a7fcb5215b561e9aeada63a3aedf9cd5e541958a886,0,1,CPU actual header and launcher constraints,pending_gpu_stop,pending_gpu_stop
112,2048,7168,9055,9055,small_split/candidate:231,False,small_split,candidate,231,reports/opus_flydsl_all_20261009/small_split/build/candidate/experiments.so,7822e988744329482bbd6a7fcb5215b561e9aeada63a3aedf9cd5e541958a886,1835008,2,CPU actual header and launcher constraints,pending_gpu_stop,pending_gpu_stop
112,2048,7168,9055,9055,main_variants/main23:92000,False,main_variants,main23,92000,reports/opus_flydsl_all_20261009/main_variants/build/main23/experiments.so,55927bffd4f3b05b59e0eda5fad3d5b58396f525f618fed0eec4a1cb48df83b6,0,1,CPU actual header and launcher constraints,pending_gpu_stop,pending_gpu_stop
112,2048,7168,9055,9055,main_variants/main23:92001,False,main_variants,main23,92001,reports/opus_flydsl_all_20261009/main_variants/build/main23/experiments.so,55927bffd4f3b05b59e0eda5fad3d5b58396f525f618fed0eec4a1cb48df83b6,0,1,CPU actual header and launcher constraints,pending_gpu_stop,pending_gpu_stop
112,2048,7168,9055,9055,main_variants/main23:92002,False,main_variants,main23,92002,reports/opus_flydsl_all_20261009/main_variants/build/main23/experiments.so,55927bffd4f3b05b59e0eda5fad3d5b58396f525f618fed0eec4a1cb48df83b6,0,1,CPU actual header and launcher constraints,pending_gpu_stop,pending_gpu_stop
112,2048,7168,9055,9055,main_variants/main23:92008,False,main_variants,main23,92008,reports/opus_flydsl_all_20261009/main_variants/build/main23/experiments.so,55927bffd4f3b05b59e0eda5fad3d5b58396f525f618fed0eec4a1cb48df83b6,0,1,CPU actual header and launcher constraints,pending_gpu_stop,pending_gpu_stop
112,2048,7168,9055,9055,main_variants/main23:92009,False,main_variants,main23,92009,reports/opus_flydsl_all_20261009/main_variants/build/main23/experiments.so,55927bffd4f3b05b59e0eda5fad3d5b58396f525f618fed0eec4a1cb48df83b6,0,1,CPU actual header and launcher constraints,pending_gpu_stop,pending_gpu_stop
112,2048,7168,9055,9055,main_variants/main23:92011,False,main_variants,main23,92011,reports/opus_flydsl_all_20261009/main_variants/build/main23/experiments.so,55927bffd4f3b05b59e0eda5fad3d5b58396f525f618fed0eec4a1cb48df83b6,0,1,CPU actual header and launcher constraints,pending_gpu_stop,pending_gpu_stop
112,2048,7168,9055,9055,main_variants/main23:92012,False,main_variants,main23,92012,reports/opus_flydsl_all_20261009/main_variants/build/main23/experiments.so,55927bffd4f3b05b59e0eda5fad3d5b58396f525f618fed0eec4a1cb48df83b6,0,1,CPU actual header and launcher constraints,pending_gpu_stop,pending_gpu_stop
112,2048,7168,9055,9055,main_variants/pin24:92120,False,main_variants,pin24,92120,reports/opus_flydsl_all_20261009/main_variants/build/pin24/experiments.so,3b9fb951504917f017ffb87b5eb192be99453337cdf969b6800ff47283d2746d,0,1,CPU actual header and launcher constraints,pending_gpu_stop,pending_gpu_stop
128,768,7168,9052,9070,hybrid_small/direct_b_ahead1:9043,False,hybrid_small,direct_b_ahead1,9043,reports/opus_flydsl_all_20261009/hybrid_small/build/direct_b_ahead1/experiments.so,f836d9fe683f0246d403f5f5a3798db1696de05e3d2b34c18568533d5f0e9a8e,0,1,CPU actual header and launcher constraints,pending_gpu_stop,pending_gpu_stop
128,768,7168,9052,9070,hybrid_small/direct_b_ahead2:9043,False,hybrid_small,direct_b_ahead2,9043,reports/opus_flydsl_all_20261009/hybrid_small/build/direct_b_ahead2/experiments.so,b714e774c27dc34d257e48aa3072aecdbe680ed20db33116036258a31eafae93,0,1,CPU actual header and launcher constraints,pending_gpu_stop,pending_gpu_stop
128,768,7168,9052,9070,hybrid_small/direct_b_ahead3:9043,False,hybrid_small,direct_b_ahead3,9043,reports/opus_flydsl_all_20261009/hybrid_small/build/direct_b_ahead3/experiments.so,1d8e364ea7cc5bb5da75bb5b93d177a520a5c0fbbcbfe782c761e6014f076c42,0,1,CPU actual header and launcher constraints,pending_gpu_stop,pending_gpu_stop
128,768,7168,9052,9070,hybrid_small/direct_b_ahead1:9044,False,hybrid_small,direct_b_ahead1,9044,reports/opus_flydsl_all_20261009/hybrid_small/build/direct_b_ahead1/experiments.so,f836d9fe683f0246d403f5f5a3798db1696de05e3d2b34c18568533d5f0e9a8e,0,1,CPU actual header and launcher constraints,pending_gpu_stop,pending_gpu_stop
128,768,7168,9052,9070,hybrid_small/direct_b_ahead2:9044,False,hybrid_small,direct_b_ahead2,9044,reports/opus_flydsl_all_20261009/hybrid_small/build/direct_b_ahead2/experiments.so,b714e774c27dc34d257e48aa3072aecdbe680ed20db33116036258a31eafae93,0,1,CPU actual header and launcher constraints,pending_gpu_stop,pending_gpu_stop
128,768,7168,9052,9070,hybrid_small/direct_b_ahead3:9044,False,hybrid_small,direct_b_ahead3,9044,reports/opus_flydsl_all_20261009/hybrid_small/build/direct_b_ahead3/experiments.so,1d8e364ea7cc5bb5da75bb5b93d177a520a5c0fbbcbfe782c761e6014f076c42,0,1,CPU actual header and launcher constraints,pending_gpu_stop,pending_gpu_stop
128,768,7168,9052,9070,hybrid_small/direct_b_ahead1:9045,False,hybrid_small,direct_b_ahead1,9045,reports/opus_flydsl_all_20261009/hybrid_small/build/direct_b_ahead1/experiments.so,f836d9fe683f0246d403f5f5a3798db1696de05e3d2b34c18568533d5f0e9a8e,0,1,CPU actual header and launcher constraints,pending_gpu_stop,pending_gpu_stop
128,768,7168,9052,9070,hybrid_small/direct_b_ahead2:9045,False,hybrid_small,direct_b_ahead2,9045,reports/opus_flydsl_all_20261009/hybrid_small/build/direct_b_ahead2/experiments.so,b714e774c27dc34d257e48aa3072aecdbe680ed20db33116036258a31eafae93,0,1,CPU actual header and launcher constraints,pending_gpu_stop,pending_gpu_stop
128,768,7168,9052,9070,hybrid_small/direct_b_ahead3:9045,False,hybrid_small,direct_b_ahead3,9045,reports/opus_flydsl_all_20261009/hybrid_small/build/direct_b_ahead3/experiments.so,1d8e364ea7cc5bb5da75bb5b93d177a520a5c0fbbcbfe782c761e6014f076c42,0,1,CPU actual header and launcher constraints,pending_gpu_stop,pending_gpu_stop
128,768,7168,9052,9070,hybrid_small/direct_b_ahead1:9046,False,hybrid_small,direct_b_ahead1,9046,reports/opus_flydsl_all_20261009/hybrid_small/build/direct_b_ahead1/experiments.so,f836d9fe683f0246d403f5f5a3798db1696de05e3d2b34c18568533d5f0e9a8e,0,1,CPU actual header and launcher constraints,pending_gpu_stop,pending_gpu_stop
128,768,7168,9052,9070,hybrid_small/direct_b_ahead2:9046,False,hybrid_small,direct_b_ahead2,9046,reports/opus_flydsl_all_20261009/hybrid_small/build/direct_b_ahead2/experiments.so,b714e774c27dc34d257e48aa3072aecdbe680ed20db33116036258a31eafae93,0,1,CPU actual header and launcher constraints,pending_gpu_stop,pending_gpu_stop
128,768,7168,9052,9070,hybrid_small/direct_b_ahead3:9046,False,hybrid_small,direct_b_ahead3,9046,reports/opus_flydsl_all_20261009/hybrid_small/build/direct_b_ahead3/experiments.so,1d8e364ea7cc5bb5da75bb5b93d177a520a5c0fbbcbfe782c761e6014f076c42,0,1,CPU actual header and launcher constraints,pending_gpu_stop,pending_gpu_stop
128,768,7168,9052,9070,hybrid_small/direct_b_ahead1:9047,False,hybrid_small,direct_b_ahead1,9047,reports/opus_flydsl_all_20261009/hybrid_small/build/direct_b_ahead1/experiments.so,f836d9fe683f0246d403f5f5a3798db1696de05e3d2b34c18568533d5f0e9a8e,0,1,CPU actual header and launcher constraints,pending_gpu_stop,pending_gpu_stop
128,768,7168,9052,9070,hybrid_small/direct_b_ahead2:9047,False,hybrid_small,direct_b_ahead2,9047,reports/opus_flydsl_all_20261009/hybrid_small/build/direct_b_ahead2/experiments.so,b714e774c27dc34d257e48aa3072aecdbe680ed20db33116036258a31eafae93,0,1,CPU actual header and launcher constraints,pending_gpu_stop,pending_gpu_stop
128,768,7168,9052,9070,hybrid_small/direct_b_ahead3:9047,False,hybrid_small,direct_b_ahead3,9047,reports/opus_flydsl_all_20261009/hybrid_small/build/direct_b_ahead3/experiments.so,1d8e364ea7cc5bb5da75bb5b93d177a520a5c0fbbcbfe782c761e6014f076c42,0,1,CPU actual header and launcher constraints,pending_gpu_stop,pending_gpu_stop
128,768,7168,9052,9070,hybrid_small/direct_b_ahead1:9049,False,hybrid_small,direct_b_ahead1,9049,reports/opus_flydsl_all_20261009/hybrid_small/build/direct_b_ahead1/experiments.so,f836d9fe683f0246d403f5f5a3798db1696de05e3d2b34c18568533d5f0e9a8e,0,1,CPU actual header and launcher constraints,pending_gpu_stop,pending_gpu_stop
128,768,7168,9052,9070,hybrid_small/direct_b_ahead2:9049,False,hybrid_small,direct_b_ahead2,9049,reports/opus_flydsl_all_20261009/hybrid_small/build/direct_b_ahead2/experiments.so,b714e774c27dc34d257e48aa3072aecdbe680ed20db33116036258a31eafae93,0,1,CPU actual header and launcher constraints,pending_gpu_stop,pending_gpu_stop
128,768,7168,9052,9070,hybrid_small/direct_b_ahead3:9049,False,hybrid_small,direct_b_ahead3,9049,reports/opus_flydsl_all_20261009/hybrid_small/build/direct_b_ahead3/experiments.so,1d8e364ea7cc5bb5da75bb5b93d177a520a5c0fbbcbfe782c761e6014f076c42,0,1,CPU actual header and launcher constraints,pending_gpu_stop,pending_gpu_stop
128,768,7168,9052,9070,hybrid_small/direct_b_ahead1:9055,False,hybrid_small,direct_b_ahead1,9055,reports/opus_flydsl_all_20261009/hybrid_small/build/direct_b_ahead1/experiments.so,f836d9fe683f0246d403f5f5a3798db1696de05e3d2b34c18568533d5f0e9a8e,0,1,CPU actual header and launcher constraints,pending_gpu_stop,pending_gpu_stop
128,768,7168,9052,9070,hybrid_small/direct_b_ahead2:9055,False,hybrid_small,direct_b_ahead2,9055,reports/opus_flydsl_all_20261009/hybrid_small/build/direct_b_ahead2/experiments.so,b714e774c27dc34d257e48aa3072aecdbe680ed20db33116036258a31eafae93,0,1,CPU actual header and launcher constraints,pending_gpu_stop,pending_gpu_stop
128,768,7168,9052,9070,hybrid_small/direct_b_ahead3:9055,False,hybrid_small,direct_b_ahead3,9055,reports/opus_flydsl_all_20261009/hybrid_small/build/direct_b_ahead3/experiments.so,1d8e364ea7cc5bb5da75bb5b93d177a520a5c0fbbcbfe782c761e6014f076c42,0,1,CPU actual header and launcher constraints,pending_gpu_stop,pending_gpu_stop
128,768,7168,9052,9070,hybrid_small/direct_b_ahead1:9056,False,hybrid_small,direct_b_ahead1,9056,reports/opus_flydsl_all_20261009/hybrid_small/build/direct_b_ahead1/experiments.so,f836d9fe683f0246d403f5f5a3798db1696de05e3d2b34c18568533d5f0e9a8e,0,1,CPU actual header and launcher constraints,pending_gpu_stop,pending_gpu_stop
128,768,7168,9052,9070,hybrid_small/direct_b_ahead2:9056,False,hybrid_small,direct_b_ahead2,9056,reports/opus_flydsl_all_20261009/hybrid_small/build/direct_b_ahead2/experiments.so,b714e774c27dc34d257e48aa3072aecdbe680ed20db33116036258a31eafae93,0,1,CPU actual header and launcher constraints,pending_gpu_stop,pending_gpu_stop
128,768,7168,9052,9070,hybrid_small/direct_b_ahead3:9056,False,hybrid_small,direct_b_ahead3,9056,reports/opus_flydsl_all_20261009/hybrid_small/build/direct_b_ahead3/experiments.so,1d8e364ea7cc5bb5da75bb5b93d177a520a5c0fbbcbfe782c761e6014f076c42,0,1,CPU actual header and launcher constraints,pending_gpu_stop,pending_gpu_stop
128,768,7168,9052,9070,small_split/candidate:110,True,small_split,candidate,110,reports/opus_flydsl_all_20261009/small_split/build/candidate/experiments.so,7822e988744329482bbd6a7fcb5215b561e9aeada63a3aedf9cd5e541958a886,1572864,2,CPU actual header and launcher constraints,pending_gpu_stop,pending_gpu_stop
128,768,7168,9052,9070,small_split/candidate:111,True,small_split,candidate,111,reports/opus_flydsl_all_20261009/small_split/build/candidate/experiments.so,7822e988744329482bbd6a7fcb5215b561e9aeada63a3aedf9cd5e541958a886,1572864,2,CPU actual header and launcher constraints,pending_gpu_stop,pending_gpu_stop
128,768,7168,9052,9070,small_split/candidate:120,True,small_split,candidate,120,reports/opus_flydsl_all_20261009/small_split/build/candidate/experiments.so,7822e988744329482bbd6a7fcb5215b561e9aeada63a3aedf9cd5e541958a886,1572864,2,CPU actual header and launcher constraints,pending_gpu_stop,pending_gpu_stop
128,768,7168,9052,9070,small_split/candidate:121,True,small_split,candidate,121,reports/opus_flydsl_all_20261009/small_split/build/candidate/experiments.so,7822e988744329482bbd6a7fcb5215b561e9aeada63a3aedf9cd5e541958a886,1572864,2,CPU actual header and launcher constraints,pending_gpu_stop,pending_gpu_stop
128,768,7168,9052,9070,small_split/candidate:130,True,small_split,candidate,130,reports/opus_flydsl_all_20261009/small_split/build/candidate/experiments.so,7822e988744329482bbd6a7fcb5215b561e9aeada63a3aedf9cd5e541958a886,1572864,2,CPU actual header and launcher constraints,pending_gpu_stop,pending_gpu_stop
128,768,7168,9052,9070,small_split/candidate:140,True,small_split,candidate,140,reports/opus_flydsl_all_20261009/small_split/build/candidate/experiments.so,7822e988744329482bbd6a7fcb5215b561e9aeada63a3aedf9cd5e541958a886,1572864,2,CPU actual header and launcher constraints,pending_gpu_stop,pending_gpu_stop
128,768,7168,9052,9070,small_split/candidate:210,False,small_split,candidate,210,reports/opus_flydsl_all_20261009/small_split/build/candidate/experiments.so,7822e988744329482bbd6a7fcb5215b561e9aeada63a3aedf9cd5e541958a886,0,1,CPU actual header and launcher constraints,pending_gpu_stop,pending_gpu_stop
128,768,7168,9052,9070,small_split/candidate:211,False,small_split,candidate,211,reports/opus_flydsl_all_20261009/small_split/build/candidate/experiments.so,7822e988744329482bbd6a7fcb5215b561e9aeada63a3aedf9cd5e541958a886,786432,2,CPU actual header and launcher constraints,pending_gpu_stop,pending_gpu_stop
128,768,7168,9052,9070,small_split/candidate:220,False,small_split,candidate,220,reports/opus_flydsl_all_20261009/small_split/build/candidate/experiments.so,7822e988744329482bbd6a7fcb5215b561e9aeada63a3aedf9cd5e541958a886,0,1,CPU actual header and launcher constraints,pending_gpu_stop,pending_gpu_stop
128,768,7168,9052,9070,small_split/candidate:221,False,small_split,candidate,221,reports/opus_flydsl_all_20261009/small_split/build/candidate/experiments.so,7822e988744329482bbd6a7fcb5215b561e9aeada63a3aedf9cd5e541958a886,786432,2,CPU actual header and launcher constraints,pending_gpu_stop,pending_gpu_stop
128,768,7168,9052,9070,small_split/candidate:230,False,small_split,candidate,230,reports/opus_flydsl_all_20261009/small_split/build/candidate/experiments.so,7822e988744329482bbd6a7fcb5215b561e9aeada63a3aedf9cd5e541958a886,0,1,CPU actual header and launcher constraints,pending_gpu_stop,pending_gpu_stop
128,768,7168,9052,9070,small_split/candidate:231,False,small_split,candidate,231,reports/opus_flydsl_all_20261009/small_split/build/candidate/experiments.so,7822e988744329482bbd6a7fcb5215b561e9aeada63a3aedf9cd5e541958a886,786432,2,CPU actual header and launcher constraints,pending_gpu_stop,pending_gpu_stop
128,768,7168,9052,9070,main_variants/main23:92000,False,main_variants,main23,92000,reports/opus_flydsl_all_20261009/main_variants/build/main23/experiments.so,55927bffd4f3b05b59e0eda5fad3d5b58396f525f618fed0eec4a1cb48df83b6,0,1,CPU actual header and launcher constraints,pending_gpu_stop,pending_gpu_stop
128,768,7168,9052,9070,main_variants/main23:92001,False,main_variants,main23,92001,reports/opus_flydsl_all_20261009/main_variants/build/main23/experiments.so,55927bffd4f3b05b59e0eda5fad3d5b58396f525f618fed0eec4a1cb48df83b6,0,1,CPU actual header and launcher constraints,pending_gpu_stop,pending_gpu_stop
128,768,7168,9052,9070,main_variants/main23:92002,False,main_variants,main23,92002,reports/opus_flydsl_all_20261009/main_variants/build/main23/experiments.so,55927bffd4f3b05b59e0eda5fad3d5b58396f525f618fed0eec4a1cb48df83b6,0,1,CPU actual header and launcher constraints,pending_gpu_stop,pending_gpu_stop
128,768,7168,9052,9070,main_variants/main23:92008,False,main_variants,main23,92008,reports/opus_flydsl_all_20261009/main_variants/build/main23/experiments.so,55927bffd4f3b05b59e0eda5fad3d5b58396f525f618fed0eec4a1cb48df83b6,0,1,CPU actual header and launcher constraints,pending_gpu_stop,pending_gpu_stop
128,768,7168,9052,9070,main_variants/main23:92009,False,main_variants,main23,92009,reports/opus_flydsl_all_20261009/main_variants/build/main23/experiments.so,55927bffd4f3b05b59e0eda5fad3d5b58396f525f618fed0eec4a1cb48df83b6,0,1,CPU actual header and launcher constraints,pending_gpu_stop,pending_gpu_stop
128,768,7168,9052,9070,main_variants/main23:92011,False,main_variants,main23,92011,reports/opus_flydsl_all_20261009/main_variants/build/main23/experiments.so,55927bffd4f3b05b59e0eda5fad3d5b58396f525f618fed0eec4a1cb48df83b6,0,1,CPU actual header and launcher constraints,pending_gpu_stop,pending_gpu_stop
128,768,7168,9052,9070,main_variants/main23:92012,False,main_variants,main23,92012,reports/opus_flydsl_all_20261009/main_variants/build/main23/experiments.so,55927bffd4f3b05b59e0eda5fad3d5b58396f525f618fed0eec4a1cb48df83b6,0,1,CPU actual header and launcher constraints,pending_gpu_stop,pending_gpu_stop
128,768,7168,9052,9070,main_variants/pin24:92120,False,main_variants,pin24,92120,reports/opus_flydsl_all_20261009/main_variants/build/pin24/experiments.so,3b9fb951504917f017ffb87b5eb192be99453337cdf969b6800ff47283d2746d,0,1,CPU actual header and launcher constraints,pending_gpu_stop,pending_gpu_stop
128,2048,7168,9055,9055,hybrid_small/direct_b_ahead1:9043,False,hybrid_small,direct_b_ahead1,9043,reports/opus_flydsl_all_20261009/hybrid_small/build/direct_b_ahead1/experiments.so,f836d9fe683f0246d403f5f5a3798db1696de05e3d2b34c18568533d5f0e9a8e,0,1,CPU actual header and launcher constraints,pending_gpu_stop,pending_gpu_stop
128,2048,7168,9055,9055,hybrid_small/direct_b_ahead2:9043,False,hybrid_small,direct_b_ahead2,9043,reports/opus_flydsl_all_20261009/hybrid_small/build/direct_b_ahead2/experiments.so,b714e774c27dc34d257e48aa3072aecdbe680ed20db33116036258a31eafae93,0,1,CPU actual header and launcher constraints,pending_gpu_stop,pending_gpu_stop
128,2048,7168,9055,9055,hybrid_small/direct_b_ahead3:9043,False,hybrid_small,direct_b_ahead3,9043,reports/opus_flydsl_all_20261009/hybrid_small/build/direct_b_ahead3/experiments.so,1d8e364ea7cc5bb5da75bb5b93d177a520a5c0fbbcbfe782c761e6014f076c42,0,1,CPU actual header and launcher constraints,pending_gpu_stop,pending_gpu_stop
128,2048,7168,9055,9055,hybrid_small/direct_b_ahead1:9044,False,hybrid_small,direct_b_ahead1,9044,reports/opus_flydsl_all_20261009/hybrid_small/build/direct_b_ahead1/experiments.so,f836d9fe683f0246d403f5f5a3798db1696de05e3d2b34c18568533d5f0e9a8e,0,1,CPU actual header and launcher constraints,pending_gpu_stop,pending_gpu_stop
128,2048,7168,9055,9055,hybrid_small/direct_b_ahead2:9044,False,hybrid_small,direct_b_ahead2,9044,reports/opus_flydsl_all_20261009/hybrid_small/build/direct_b_ahead2/experiments.so,b714e774c27dc34d257e48aa3072aecdbe680ed20db33116036258a31eafae93,0,1,CPU actual header and launcher constraints,pending_gpu_stop,pending_gpu_stop
128,2048,7168,9055,9055,hybrid_small/direct_b_ahead3:9044,False,hybrid_small,direct_b_ahead3,9044,reports/opus_flydsl_all_20261009/hybrid_small/build/direct_b_ahead3/experiments.so,1d8e364ea7cc5bb5da75bb5b93d177a520a5c0fbbcbfe782c761e6014f076c42,0,1,CPU actual header and launcher constraints,pending_gpu_stop,pending_gpu_stop
128,2048,7168,9055,9055,hybrid_small/direct_b_ahead1:9045,False,hybrid_small,direct_b_ahead1,9045,reports/opus_flydsl_all_20261009/hybrid_small/build/direct_b_ahead1/experiments.so,f836d9fe683f0246d403f5f5a3798db1696de05e3d2b34c18568533d5f0e9a8e,0,1,CPU actual header and launcher constraints,pending_gpu_stop,pending_gpu_stop
128,2048,7168,9055,9055,hybrid_small/direct_b_ahead2:9045,False,hybrid_small,direct_b_ahead2,9045,reports/opus_flydsl_all_20261009/hybrid_small/build/direct_b_ahead2/experiments.so,b714e774c27dc34d257e48aa3072aecdbe680ed20db33116036258a31eafae93,0,1,CPU actual header and launcher constraints,pending_gpu_stop,pending_gpu_stop
128,2048,7168,9055,9055,hybrid_small/direct_b_ahead3:9045,False,hybrid_small,direct_b_ahead3,9045,reports/opus_flydsl_all_20261009/hybrid_small/build/direct_b_ahead3/experiments.so,1d8e364ea7cc5bb5da75bb5b93d177a520a5c0fbbcbfe782c761e6014f076c42,0,1,CPU actual header and launcher constraints,pending_gpu_stop,pending_gpu_stop
128,2048,7168,9055,9055,hybrid_small/direct_b_ahead1:9046,False,hybrid_small,direct_b_ahead1,9046,reports/opus_flydsl_all_20261009/hybrid_small/build/direct_b_ahead1/experiments.so,f836d9fe683f0246d403f5f5a3798db1696de05e3d2b34c18568533d5f0e9a8e,0,1,CPU actual header and launcher constraints,pending_gpu_stop,pending_gpu_stop
128,2048,7168,9055,9055,hybrid_small/direct_b_ahead2:9046,False,hybrid_small,direct_b_ahead2,9046,reports/opus_flydsl_all_20261009/hybrid_small/build/direct_b_ahead2/experiments.so,b714e774c27dc34d257e48aa3072aecdbe680ed20db33116036258a31eafae93,0,1,CPU actual header and launcher constraints,pending_gpu_stop,pending_gpu_stop
128,2048,7168,9055,9055,hybrid_small/direct_b_ahead3:9046,False,hybrid_small,direct_b_ahead3,9046,reports/opus_flydsl_all_20261009/hybrid_small/build/direct_b_ahead3/experiments.so,1d8e364ea7cc5bb5da75bb5b93d177a520a5c0fbbcbfe782c761e6014f076c42,0,1,CPU actual header and launcher constraints,pending_gpu_stop,pending_gpu_stop
128,2048,7168,9055,9055,hybrid_small/direct_b_ahead1:9047,False,hybrid_small,direct_b_ahead1,9047,reports/opus_flydsl_all_20261009/hybrid_small/build/direct_b_ahead1/experiments.so,f836d9fe683f0246d403f5f5a3798db1696de05e3d2b34c18568533d5f0e9a8e,0,1,CPU actual header and launcher constraints,pending_gpu_stop,pending_gpu_stop
128,2048,7168,9055,9055,hybrid_small/direct_b_ahead2:9047,False,hybrid_small,direct_b_ahead2,9047,reports/opus_flydsl_all_20261009/hybrid_small/build/direct_b_ahead2/experiments.so,b714e774c27dc34d257e48aa3072aecdbe680ed20db33116036258a31eafae93,0,1,CPU actual header and launcher constraints,pending_gpu_stop,pending_gpu_stop
128,2048,7168,9055,9055,hybrid_small/direct_b_ahead3:9047,False,hybrid_small,direct_b_ahead3,9047,reports/opus_flydsl_all_20261009/hybrid_small/build/direct_b_ahead3/experiments.so,1d8e364ea7cc5bb5da75bb5b93d177a520a5c0fbbcbfe782c761e6014f076c42,0,1,CPU actual header and launcher constraints,pending_gpu_stop,pending_gpu_stop
128,2048,7168,9055,9055,hybrid_small/direct_b_ahead1:9049,False,hybrid_small,direct_b_ahead1,9049,reports/opus_flydsl_all_20261009/hybrid_small/build/direct_b_ahead1/experiments.so,f836d9fe683f0246d403f5f5a3798db1696de05e3d2b34c18568533d5f0e9a8e,0,1,CPU actual header and launcher constraints,pending_gpu_stop,pending_gpu_stop
128,2048,7168,9055,9055,hybrid_small/direct_b_ahead2:9049,False,hybrid_small,direct_b_ahead2,9049,reports/opus_flydsl_all_20261009/hybrid_small/build/direct_b_ahead2/experiments.so,b714e774c27dc34d257e48aa3072aecdbe680ed20db33116036258a31eafae93,0,1,CPU actual header and launcher constraints,pending_gpu_stop,pending_gpu_stop
128,2048,7168,9055,9055,hybrid_small/direct_b_ahead3:9049,False,hybrid_small,direct_b_ahead3,9049,reports/opus_flydsl_all_20261009/hybrid_small/build/direct_b_ahead3/experiments.so,1d8e364ea7cc5bb5da75bb5b93d177a520a5c0fbbcbfe782c761e6014f076c42,0,1,CPU actual header and launcher constraints,pending_gpu_stop,pending_gpu_stop
128,2048,7168,9055,9055,hybrid_small/direct_b_ahead1:9055,True,hybrid_small,direct_b_ahead1,9055,reports/opus_flydsl_all_20261009/hybrid_small/build/direct_b_ahead1/experiments.so,f836d9fe683f0246d403f5f5a3798db1696de05e3d2b34c18568533d5f0e9a8e,0,1,CPU actual header and launcher constraints,pending_gpu_stop,pending_gpu_stop
128,2048,7168,9055,9055,hybrid_small/direct_b_ahead2:9055,True,hybrid_small,direct_b_ahead2,9055,reports/opus_flydsl_all_20261009/hybrid_small/build/direct_b_ahead2/experiments.so,b714e774c27dc34d257e48aa3072aecdbe680ed20db33116036258a31eafae93,0,1,CPU actual header and launcher constraints,pending_gpu_stop,pending_gpu_stop
128,2048,7168,9055,9055,hybrid_small/direct_b_ahead3:9055,True,hybrid_small,direct_b_ahead3,9055,reports/opus_flydsl_all_20261009/hybrid_small/build/direct_b_ahead3/experiments.so,1d8e364ea7cc5bb5da75bb5b93d177a520a5c0fbbcbfe782c761e6014f076c42,0,1,CPU actual header and launcher constraints,pending_gpu_stop,pending_gpu_stop
128,2048,7168,9055,9055,hybrid_small/direct_b_ahead1:9056,False,hybrid_small,direct_b_ahead1,9056,reports/opus_flydsl_all_20261009/hybrid_small/build/direct_b_ahead1/experiments.so,f836d9fe683f0246d403f5f5a3798db1696de05e3d2b34c18568533d5f0e9a8e,0,1,CPU actual header and launcher constraints,pending_gpu_stop,pending_gpu_stop
128,2048,7168,9055,9055,hybrid_small/direct_b_ahead2:9056,False,hybrid_small,direct_b_ahead2,9056,reports/opus_flydsl_all_20261009/hybrid_small/build/direct_b_ahead2/experiments.so,b714e774c27dc34d257e48aa3072aecdbe680ed20db33116036258a31eafae93,0,1,CPU actual header and launcher constraints,pending_gpu_stop,pending_gpu_stop
128,2048,7168,9055,9055,hybrid_small/direct_b_ahead3:9056,False,hybrid_small,direct_b_ahead3,9056,reports/opus_flydsl_all_20261009/hybrid_small/build/direct_b_ahead3/experiments.so,1d8e364ea7cc5bb5da75bb5b93d177a520a5c0fbbcbfe782c761e6014f076c42,0,1,CPU actual header and launcher constraints,pending_gpu_stop,pending_gpu_stop
128,2048,7168,9055,9055,small_split/candidate:110,False,small_split,candidate,110,reports/opus_flydsl_all_20261009/small_split/build/candidate/experiments.so,7822e988744329482bbd6a7fcb5215b561e9aeada63a3aedf9cd5e541958a886,4194304,2,CPU actual header and launcher constraints,pending_gpu_stop,pending_gpu_stop
128,2048,7168,9055,9055,small_split/candidate:111,False,small_split,candidate,111,reports/opus_flydsl_all_20261009/small_split/build/candidate/experiments.so,7822e988744329482bbd6a7fcb5215b561e9aeada63a3aedf9cd5e541958a886,4194304,2,CPU actual header and launcher constraints,pending_gpu_stop,pending_gpu_stop
128,2048,7168,9055,9055,small_split/candidate:120,False,small_split,candidate,120,reports/opus_flydsl_all_20261009/small_split/build/candidate/experiments.so,7822e988744329482bbd6a7fcb5215b561e9aeada63a3aedf9cd5e541958a886,4194304,2,CPU actual header and launcher constraints,pending_gpu_stop,pending_gpu_stop
128,2048,7168,9055,9055,small_split/candidate:121,False,small_split,candidate,121,reports/opus_flydsl_all_20261009/small_split/build/candidate/experiments.so,7822e988744329482bbd6a7fcb5215b561e9aeada63a3aedf9cd5e541958a886,4194304,2,CPU actual header and launcher constraints,pending_gpu_stop,pending_gpu_stop
128,2048,7168,9055,9055,small_split/candidate:130,False,small_split,candidate,130,reports/opus_flydsl_all_20261009/small_split/build/candidate/experiments.so,7822e988744329482bbd6a7fcb5215b561e9aeada63a3aedf9cd5e541958a886,4194304,2,CPU actual header and launcher constraints,pending_gpu_stop,pending_gpu_stop
128,2048,7168,9055,9055,small_split/candidate:140,False,small_split,candidate,140,reports/opus_flydsl_all_20261009/small_split/build/candidate/experiments.so,7822e988744329482bbd6a7fcb5215b561e9aeada63a3aedf9cd5e541958a886,4194304,2,CPU actual header and launcher constraints,pending_gpu_stop,pending_gpu_stop
128,2048,7168,9055,9055,small_split/candidate:210,False,small_split,candidate,210,reports/opus_flydsl_all_20261009/small_split/build/candidate/experiments.so,7822e988744329482bbd6a7fcb5215b561e9aeada63a3aedf9cd5e541958a886,0,1,CPU actual header and launcher constraints,pending_gpu_stop,pending_gpu_stop
128,2048,7168,9055,9055,small_split/candidate:211,False,small_split,candidate,211,reports/opus_flydsl_all_20261009/small_split/build/candidate/experiments.so,7822e988744329482bbd6a7fcb5215b561e9aeada63a3aedf9cd5e541958a886,2097152,2,CPU actual header and launcher constraints,pending_gpu_stop,pending_gpu_stop
128,2048,7168,9055,9055,small_split/candidate:220,False,small_split,candidate,220,reports/opus_flydsl_all_20261009/small_split/build/candidate/experiments.so,7822e988744329482bbd6a7fcb5215b561e9aeada63a3aedf9cd5e541958a886,0,1,CPU actual header and launcher constraints,pending_gpu_stop,pending_gpu_stop
128,2048,7168,9055,9055,small_split/candidate:221,False,small_split,candidate,221,reports/opus_flydsl_all_20261009/small_split/build/candidate/experiments.so,7822e988744329482bbd6a7fcb5215b561e9aeada63a3aedf9cd5e541958a886,2097152,2,CPU actual header and launcher constraints,pending_gpu_stop,pending_gpu_stop
128,2048,7168,9055,9055,small_split/candidate:230,False,small_split,candidate,230,reports/opus_flydsl_all_20261009/small_split/build/candidate/experiments.so,7822e988744329482bbd6a7fcb5215b561e9aeada63a3aedf9cd5e541958a886,0,1,CPU actual header and launcher constraints,pending_gpu_stop,pending_gpu_stop
128,2048,7168,9055,9055,small_split/candidate:231,False,small_split,candidate,231,reports/opus_flydsl_all_20261009/small_split/build/candidate/experiments.so,7822e988744329482bbd6a7fcb5215b561e9aeada63a3aedf9cd5e541958a886,2097152,2,CPU actual header and launcher constraints,pending_gpu_stop,pending_gpu_stop
128,2048,7168,9055,9055,main_variants/main23:92000,False,main_variants,main23,92000,reports/opus_flydsl_all_20261009/main_variants/build/main23/experiments.so,55927bffd4f3b05b59e0eda5fad3d5b58396f525f618fed0eec4a1cb48df83b6,0,1,CPU actual header and launcher constraints,pending_gpu_stop,pending_gpu_stop
128,2048,7168,9055,9055,main_variants/main23:92001,False,main_variants,main23,92001,reports/opus_flydsl_all_20261009/main_variants/build/main23/experiments.so,55927bffd4f3b05b59e0eda5fad3d5b58396f525f618fed0eec4a1cb48df83b6,0,1,CPU actual header and launcher constraints,pending_gpu_stop,pending_gpu_stop
128,2048,7168,9055,9055,main_variants/main23:92002,False,main_variants,main23,92002,reports/opus_flydsl_all_20261009/main_variants/build/main23/experiments.so,55927bffd4f3b05b59e0eda5fad3d5b58396f525f618fed0eec4a1cb48df83b6,0,1,CPU actual header and launcher constraints,pending_gpu_stop,pending_gpu_stop
128,2048,7168,9055,9055,main_variants/main23:92008,False,main_variants,main23,92008,reports/opus_flydsl_all_20261009/main_variants/build/main23/experiments.so,55927bffd4f3b05b59e0eda5fad3d5b58396f525f618fed0eec4a1cb48df83b6,0,1,CPU actual header and launcher constraints,pending_gpu_stop,pending_gpu_stop
128,2048,7168,9055,9055,main_variants/main23:92009,False,main_variants,main23,92009,reports/opus_flydsl_all_20261009/main_variants/build/main23/experiments.so,55927bffd4f3b05b59e0eda5fad3d5b58396f525f618fed0eec4a1cb48df83b6,0,1,CPU actual header and launcher constraints,pending_gpu_stop,pending_gpu_stop
128,2048,7168,9055,9055,main_variants/main23:92011,False,main_variants,main23,92011,reports/opus_flydsl_all_20261009/main_variants/build/main23/experiments.so,55927bffd4f3b05b59e0eda5fad3d5b58396f525f618fed0eec4a1cb48df83b6,0,1,CPU actual header and launcher constraints,pending_gpu_stop,pending_gpu_stop
128,2048,7168,9055,9055,main_variants/main23:92012,False,main_variants,main23,92012,reports/opus_flydsl_all_20261009/main_variants/build/main23/experiments.so,55927bffd4f3b05b59e0eda5fad3d5b58396f525f618fed0eec4a1cb48df83b6,0,1,CPU actual header and launcher constraints,pending_gpu_stop,pending_gpu_stop
128,2048,7168,9055,9055,main_variants/pin24:92120,False,main_variants,pin24,92120,reports/opus_flydsl_all_20261009/main_variants/build/pin24/experiments.so,3b9fb951504917f017ffb87b5eb192be99453337cdf969b6800ff47283d2746d,0,1,CPU actual header and launcher constraints,pending_gpu_stop,pending_gpu_stop
144,768,7168,9052,9070,hybrid_small/direct_b_ahead1:9043,False,hybrid_small,direct_b_ahead1,9043,reports/opus_flydsl_all_20261009/hybrid_small/build/direct_b_ahead1/experiments.so,f836d9fe683f0246d403f5f5a3798db1696de05e3d2b34c18568533d5f0e9a8e,0,1,CPU actual header and launcher constraints,pending_gpu_stop,pending_gpu_stop
144,768,7168,9052,9070,hybrid_small/direct_b_ahead2:9043,False,hybrid_small,direct_b_ahead2,9043,reports/opus_flydsl_all_20261009/hybrid_small/build/direct_b_ahead2/experiments.so,b714e774c27dc34d257e48aa3072aecdbe680ed20db33116036258a31eafae93,0,1,CPU actual header and launcher constraints,pending_gpu_stop,pending_gpu_stop
144,768,7168,9052,9070,hybrid_small/direct_b_ahead3:9043,False,hybrid_small,direct_b_ahead3,9043,reports/opus_flydsl_all_20261009/hybrid_small/build/direct_b_ahead3/experiments.so,1d8e364ea7cc5bb5da75bb5b93d177a520a5c0fbbcbfe782c761e6014f076c42,0,1,CPU actual header and launcher constraints,pending_gpu_stop,pending_gpu_stop
144,768,7168,9052,9070,hybrid_small/direct_b_ahead1:9044,False,hybrid_small,direct_b_ahead1,9044,reports/opus_flydsl_all_20261009/hybrid_small/build/direct_b_ahead1/experiments.so,f836d9fe683f0246d403f5f5a3798db1696de05e3d2b34c18568533d5f0e9a8e,0,1,CPU actual header and launcher constraints,pending_gpu_stop,pending_gpu_stop
144,768,7168,9052,9070,hybrid_small/direct_b_ahead2:9044,False,hybrid_small,direct_b_ahead2,9044,reports/opus_flydsl_all_20261009/hybrid_small/build/direct_b_ahead2/experiments.so,b714e774c27dc34d257e48aa3072aecdbe680ed20db33116036258a31eafae93,0,1,CPU actual header and launcher constraints,pending_gpu_stop,pending_gpu_stop
144,768,7168,9052,9070,hybrid_small/direct_b_ahead3:9044,False,hybrid_small,direct_b_ahead3,9044,reports/opus_flydsl_all_20261009/hybrid_small/build/direct_b_ahead3/experiments.so,1d8e364ea7cc5bb5da75bb5b93d177a520a5c0fbbcbfe782c761e6014f076c42,0,1,CPU actual header and launcher constraints,pending_gpu_stop,pending_gpu_stop
144,768,7168,9052,9070,hybrid_small/direct_b_ahead1:9045,False,hybrid_small,direct_b_ahead1,9045,reports/opus_flydsl_all_20261009/hybrid_small/build/direct_b_ahead1/experiments.so,f836d9fe683f0246d403f5f5a3798db1696de05e3d2b34c18568533d5f0e9a8e,0,1,CPU actual header and launcher constraints,pending_gpu_stop,pending_gpu_stop
144,768,7168,9052,9070,hybrid_small/direct_b_ahead2:9045,False,hybrid_small,direct_b_ahead2,9045,reports/opus_flydsl_all_20261009/hybrid_small/build/direct_b_ahead2/experiments.so,b714e774c27dc34d257e48aa3072aecdbe680ed20db33116036258a31eafae93,0,1,CPU actual header and launcher constraints,pending_gpu_stop,pending_gpu_stop
144,768,7168,9052,9070,hybrid_small/direct_b_ahead3:9045,False,hybrid_small,direct_b_ahead3,9045,reports/opus_flydsl_all_20261009/hybrid_small/build/direct_b_ahead3/experiments.so,1d8e364ea7cc5bb5da75bb5b93d177a520a5c0fbbcbfe782c761e6014f076c42,0,1,CPU actual header and launcher constraints,pending_gpu_stop,pending_gpu_stop
144,768,7168,9052,9070,hybrid_small/direct_b_ahead1:9046,False,hybrid_small,direct_b_ahead1,9046,reports/opus_flydsl_all_20261009/hybrid_small/build/direct_b_ahead1/experiments.so,f836d9fe683f0246d403f5f5a3798db1696de05e3d2b34c18568533d5f0e9a8e,0,1,CPU actual header and launcher constraints,pending_gpu_stop,pending_gpu_stop
144,768,7168,9052,9070,hybrid_small/direct_b_ahead2:9046,False,hybrid_small,direct_b_ahead2,9046,reports/opus_flydsl_all_20261009/hybrid_small/build/direct_b_ahead2/experiments.so,b714e774c27dc34d257e48aa3072aecdbe680ed20db33116036258a31eafae93,0,1,CPU actual header and launcher constraints,pending_gpu_stop,pending_gpu_stop
144,768,7168,9052,9070,hybrid_small/direct_b_ahead3:9046,False,hybrid_small,direct_b_ahead3,9046,reports/opus_flydsl_all_20261009/hybrid_small/build/direct_b_ahead3/experiments.so,1d8e364ea7cc5bb5da75bb5b93d177a520a5c0fbbcbfe782c761e6014f076c42,0,1,CPU actual header and launcher constraints,pending_gpu_stop,pending_gpu_stop
144,768,7168,9052,9070,hybrid_small/direct_b_ahead1:9047,False,hybrid_small,direct_b_ahead1,9047,reports/opus_flydsl_all_20261009/hybrid_small/build/direct_b_ahead1/experiments.so,f836d9fe683f0246d403f5f5a3798db1696de05e3d2b34c18568533d5f0e9a8e,0,1,CPU actual header and launcher constraints,pending_gpu_stop,pending_gpu_stop
144,768,7168,9052,9070,hybrid_small/direct_b_ahead2:9047,False,hybrid_small,direct_b_ahead2,9047,reports/opus_flydsl_all_20261009/hybrid_small/build/direct_b_ahead2/experiments.so,b714e774c27dc34d257e48aa3072aecdbe680ed20db33116036258a31eafae93,0,1,CPU actual header and launcher constraints,pending_gpu_stop,pending_gpu_stop
144,768,7168,9052,9070,hybrid_small/direct_b_ahead3:9047,False,hybrid_small,direct_b_ahead3,9047,reports/opus_flydsl_all_20261009/hybrid_small/build/direct_b_ahead3/experiments.so,1d8e364ea7cc5bb5da75bb5b93d177a520a5c0fbbcbfe782c761e6014f076c42,0,1,CPU actual header and launcher constraints,pending_gpu_stop,pending_gpu_stop
144,768,7168,9052,9070,hybrid_small/direct_b_ahead1:9049,False,hybrid_small,direct_b_ahead1,9049,reports/opus_flydsl_all_20261009/hybrid_small/build/direct_b_ahead1/experiments.so,f836d9fe683f0246d403f5f5a3798db1696de05e3d2b34c18568533d5f0e9a8e,0,1,CPU actual header and launcher constraints,pending_gpu_stop,pending_gpu_stop
144,768,7168,9052,9070,hybrid_small/direct_b_ahead2:9049,False,hybrid_small,direct_b_ahead2,9049,reports/opus_flydsl_all_20261009/hybrid_small/build/direct_b_ahead2/experiments.so,b714e774c27dc34d257e48aa3072aecdbe680ed20db33116036258a31eafae93,0,1,CPU actual header and launcher constraints,pending_gpu_stop,pending_gpu_stop
144,768,7168,9052,9070,hybrid_small/direct_b_ahead3:9049,False,hybrid_small,direct_b_ahead3,9049,reports/opus_flydsl_all_20261009/hybrid_small/build/direct_b_ahead3/experiments.so,1d8e364ea7cc5bb5da75bb5b93d177a520a5c0fbbcbfe782c761e6014f076c42,0,1,CPU actual header and launcher constraints,pending_gpu_stop,pending_gpu_stop
144,768,7168,9052,9070,hybrid_small/direct_b_ahead1:9055,False,hybrid_small,direct_b_ahead1,9055,reports/opus_flydsl_all_20261009/hybrid_small/build/direct_b_ahead1/experiments.so,f836d9fe683f0246d403f5f5a3798db1696de05e3d2b34c18568533d5f0e9a8e,0,1,CPU actual header and launcher constraints,pending_gpu_stop,pending_gpu_stop
144,768,7168,9052,9070,hybrid_small/direct_b_ahead2:9055,False,hybrid_small,direct_b_ahead2,9055,reports/opus_flydsl_all_20261009/hybrid_small/build/direct_b_ahead2/experiments.so,b714e774c27dc34d257e48aa3072aecdbe680ed20db33116036258a31eafae93,0,1,CPU actual header and launcher constraints,pending_gpu_stop,pending_gpu_stop
144,768,7168,9052,9070,hybrid_small/direct_b_ahead3:9055,False,hybrid_small,direct_b_ahead3,9055,reports/opus_flydsl_all_20261009/hybrid_small/build/direct_b_ahead3/experiments.so,1d8e364ea7cc5bb5da75bb5b93d177a520a5c0fbbcbfe782c761e6014f076c42,0,1,CPU actual header and launcher constraints,pending_gpu_stop,pending_gpu_stop
144,768,7168,9052,9070,hybrid_small/direct_b_ahead1:9056,False,hybrid_small,direct_b_ahead1,9056,reports/opus_flydsl_all_20261009/hybrid_small/build/direct_b_ahead1/experiments.so,f836d9fe683f0246d403f5f5a3798db1696de05e3d2b34c18568533d5f0e9a8e,0,1,CPU actual header and launcher constraints,pending_gpu_stop,pending_gpu_stop
144,768,7168,9052,9070,hybrid_small/direct_b_ahead2:9056,False,hybrid_small,direct_b_ahead2,9056,reports/opus_flydsl_all_20261009/hybrid_small/build/direct_b_ahead2/experiments.so,b714e774c27dc34d257e48aa3072aecdbe680ed20db33116036258a31eafae93,0,1,CPU actual header and launcher constraints,pending_gpu_stop,pending_gpu_stop
144,768,7168,9052,9070,hybrid_small/direct_b_ahead3:9056,False,hybrid_small,direct_b_ahead3,9056,reports/opus_flydsl_all_20261009/hybrid_small/build/direct_b_ahead3/experiments.so,1d8e364ea7cc5bb5da75bb5b93d177a520a5c0fbbcbfe782c761e6014f076c42,0,1,CPU actual header and launcher constraints,pending_gpu_stop,pending_gpu_stop
144,768,7168,9052,9070,small_split/candidate:110,True,small_split,candidate,110,reports/opus_flydsl_all_20261009/small_split/build/candidate/experiments.so,7822e988744329482bbd6a7fcb5215b561e9aeada63a3aedf9cd5e541958a886,1769472,2,CPU actual header and launcher constraints,pending_gpu_stop,pending_gpu_stop
144,768,7168,9052,9070,small_split/candidate:111,True,small_split,candidate,111,reports/opus_flydsl_all_20261009/small_split/build/candidate/experiments.so,7822e988744329482bbd6a7fcb5215b561e9aeada63a3aedf9cd5e541958a886,1769472,2,CPU actual header and launcher constraints,pending_gpu_stop,pending_gpu_stop
144,768,7168,9052,9070,small_split/candidate:120,True,small_split,candidate,120,reports/opus_flydsl_all_20261009/small_split/build/candidate/experiments.so,7822e988744329482bbd6a7fcb5215b561e9aeada63a3aedf9cd5e541958a886,1769472,2,CPU actual header and launcher constraints,pending_gpu_stop,pending_gpu_stop
144,768,7168,9052,9070,small_split/candidate:121,True,small_split,candidate,121,reports/opus_flydsl_all_20261009/small_split/build/candidate/experiments.so,7822e988744329482bbd6a7fcb5215b561e9aeada63a3aedf9cd5e541958a886,1769472,2,CPU actual header and launcher constraints,pending_gpu_stop,pending_gpu_stop
144,768,7168,9052,9070,small_split/candidate:130,True,small_split,candidate,130,reports/opus_flydsl_all_20261009/small_split/build/candidate/experiments.so,7822e988744329482bbd6a7fcb5215b561e9aeada63a3aedf9cd5e541958a886,1769472,2,CPU actual header and launcher constraints,pending_gpu_stop,pending_gpu_stop
144,768,7168,9052,9070,small_split/candidate:140,True,small_split,candidate,140,reports/opus_flydsl_all_20261009/small_split/build/candidate/experiments.so,7822e988744329482bbd6a7fcb5215b561e9aeada63a3aedf9cd5e541958a886,1769472,2,CPU actual header and launcher constraints,pending_gpu_stop,pending_gpu_stop
144,768,7168,9052,9070,small_split/candidate:210,False,small_split,candidate,210,reports/opus_flydsl_all_20261009/small_split/build/candidate/experiments.so,7822e988744329482bbd6a7fcb5215b561e9aeada63a3aedf9cd5e541958a886,0,1,CPU actual header and launcher constraints,pending_gpu_stop,pending_gpu_stop
144,768,7168,9052,9070,small_split/candidate:211,False,small_split,candidate,211,reports/opus_flydsl_all_20261009/small_split/build/candidate/experiments.so,7822e988744329482bbd6a7fcb5215b561e9aeada63a3aedf9cd5e541958a886,884736,2,CPU actual header and launcher constraints,pending_gpu_stop,pending_gpu_stop
144,768,7168,9052,9070,small_split/candidate:220,False,small_split,candidate,220,reports/opus_flydsl_all_20261009/small_split/build/candidate/experiments.so,7822e988744329482bbd6a7fcb5215b561e9aeada63a3aedf9cd5e541958a886,0,1,CPU actual header and launcher constraints,pending_gpu_stop,pending_gpu_stop
144,768,7168,9052,9070,small_split/candidate:221,False,small_split,candidate,221,reports/opus_flydsl_all_20261009/small_split/build/candidate/experiments.so,7822e988744329482bbd6a7fcb5215b561e9aeada63a3aedf9cd5e541958a886,884736,2,CPU actual header and launcher constraints,pending_gpu_stop,pending_gpu_stop
144,768,7168,9052,9070,small_split/candidate:230,False,small_split,candidate,230,reports/opus_flydsl_all_20261009/small_split/build/candidate/experiments.so,7822e988744329482bbd6a7fcb5215b561e9aeada63a3aedf9cd5e541958a886,0,1,CPU actual header and launcher constraints,pending_gpu_stop,pending_gpu_stop
144,768,7168,9052,9070,small_split/candidate:231,False,small_split,candidate,231,reports/opus_flydsl_all_20261009/small_split/build/candidate/experiments.so,7822e988744329482bbd6a7fcb5215b561e9aeada63a3aedf9cd5e541958a886,884736,2,CPU actual header and launcher constraints,pending_gpu_stop,pending_gpu_stop
144,768,7168,9052,9070,main_variants/main23:92000,False,main_variants,main23,92000,reports/opus_flydsl_all_20261009/main_variants/build/main23/experiments.so,55927bffd4f3b05b59e0eda5fad3d5b58396f525f618fed0eec4a1cb48df83b6,0,1,CPU actual header and launcher constraints,pending_gpu_stop,pending_gpu_stop
144,768,7168,9052,9070,main_variants/main23:92001,False,main_variants,main23,92001,reports/opus_flydsl_all_20261009/main_variants/build/main23/experiments.so,55927bffd4f3b05b59e0eda5fad3d5b58396f525f618fed0eec4a1cb48df83b6,0,1,CPU actual header and launcher constraints,pending_gpu_stop,pending_gpu_stop
144,768,7168,9052,9070,main_variants/main23:92002,False,main_variants,main23,92002,reports/opus_flydsl_all_20261009/main_variants/build/main23/experiments.so,55927bffd4f3b05b59e0eda5fad3d5b58396f525f618fed0eec4a1cb48df83b6,0,1,CPU actual header and launcher constraints,pending_gpu_stop,pending_gpu_stop
144,768,7168,9052,9070,main_variants/main23:92008,False,main_variants,main23,92008,reports/opus_flydsl_all_20261009/main_variants/build/main23/experiments.so,55927bffd4f3b05b59e0eda5fad3d5b58396f525f618fed0eec4a1cb48df83b6,0,1,CPU actual header and launcher constraints,pending_gpu_stop,pending_gpu_stop
144,768,7168,9052,9070,main_variants/main23:92009,False,main_variants,main23,92009,reports/opus_flydsl_all_20261009/main_variants/build/main23/experiments.so,55927bffd4f3b05b59e0eda5fad3d5b58396f525f618fed0eec4a1cb48df83b6,0,1,CPU actual header and launcher constraints,pending_gpu_stop,pending_gpu_stop
144,768,7168,9052,9070,main_variants/main23:92011,False,main_variants,main23,92011,reports/opus_flydsl_all_20261009/main_variants/build/main23/experiments.so,55927bffd4f3b05b59e0eda5fad3d5b58396f525f618fed0eec4a1cb48df83b6,0,1,CPU actual header and launcher constraints,pending_gpu_stop,pending_gpu_stop
144,768,7168,9052,9070,main_variants/main23:92012,False,main_variants,main23,92012,reports/opus_flydsl_all_20261009/main_variants/build/main23/experiments.so,55927bffd4f3b05b59e0eda5fad3d5b58396f525f618fed0eec4a1cb48df83b6,0,1,CPU actual header and launcher constraints,pending_gpu_stop,pending_gpu_stop
144,768,7168,9052,9070,main_variants/pin24:92120,False,main_variants,pin24,92120,reports/opus_flydsl_all_20261009/main_variants/build/pin24/experiments.so,3b9fb951504917f017ffb87b5eb192be99453337cdf969b6800ff47283d2746d,0,1,CPU actual header and launcher constraints,pending_gpu_stop,pending_gpu_stop
144,2048,7168,9055,9055,hybrid_small/direct_b_ahead1:9043,False,hybrid_small,direct_b_ahead1,9043,reports/opus_flydsl_all_20261009/hybrid_small/build/direct_b_ahead1/experiments.so,f836d9fe683f0246d403f5f5a3798db1696de05e3d2b34c18568533d5f0e9a8e,0,1,CPU actual header and launcher constraints,pending_gpu_stop,pending_gpu_stop
144,2048,7168,9055,9055,hybrid_small/direct_b_ahead2:9043,False,hybrid_small,direct_b_ahead2,9043,reports/opus_flydsl_all_20261009/hybrid_small/build/direct_b_ahead2/experiments.so,b714e774c27dc34d257e48aa3072aecdbe680ed20db33116036258a31eafae93,0,1,CPU actual header and launcher constraints,pending_gpu_stop,pending_gpu_stop
144,2048,7168,9055,9055,hybrid_small/direct_b_ahead3:9043,False,hybrid_small,direct_b_ahead3,9043,reports/opus_flydsl_all_20261009/hybrid_small/build/direct_b_ahead3/experiments.so,1d8e364ea7cc5bb5da75bb5b93d177a520a5c0fbbcbfe782c761e6014f076c42,0,1,CPU actual header and launcher constraints,pending_gpu_stop,pending_gpu_stop
144,2048,7168,9055,9055,hybrid_small/direct_b_ahead1:9044,False,hybrid_small,direct_b_ahead1,9044,reports/opus_flydsl_all_20261009/hybrid_small/build/direct_b_ahead1/experiments.so,f836d9fe683f0246d403f5f5a3798db1696de05e3d2b34c18568533d5f0e9a8e,0,1,CPU actual header and launcher constraints,pending_gpu_stop,pending_gpu_stop
144,2048,7168,9055,9055,hybrid_small/direct_b_ahead2:9044,False,hybrid_small,direct_b_ahead2,9044,reports/opus_flydsl_all_20261009/hybrid_small/build/direct_b_ahead2/experiments.so,b714e774c27dc34d257e48aa3072aecdbe680ed20db33116036258a31eafae93,0,1,CPU actual header and launcher constraints,pending_gpu_stop,pending_gpu_stop
144,2048,7168,9055,9055,hybrid_small/direct_b_ahead3:9044,False,hybrid_small,direct_b_ahead3,9044,reports/opus_flydsl_all_20261009/hybrid_small/build/direct_b_ahead3/experiments.so,1d8e364ea7cc5bb5da75bb5b93d177a520a5c0fbbcbfe782c761e6014f076c42,0,1,CPU actual header and launcher constraints,pending_gpu_stop,pending_gpu_stop
144,2048,7168,9055,9055,hybrid_small/direct_b_ahead1:9045,False,hybrid_small,direct_b_ahead1,9045,reports/opus_flydsl_all_20261009/hybrid_small/build/direct_b_ahead1/experiments.so,f836d9fe683f0246d403f5f5a3798db1696de05e3d2b34c18568533d5f0e9a8e,0,1,CPU actual header and launcher constraints,pending_gpu_stop,pending_gpu_stop
144,2048,7168,9055,9055,hybrid_small/direct_b_ahead2:9045,False,hybrid_small,direct_b_ahead2,9045,reports/opus_flydsl_all_20261009/hybrid_small/build/direct_b_ahead2/experiments.so,b714e774c27dc34d257e48aa3072aecdbe680ed20db33116036258a31eafae93,0,1,CPU actual header and launcher constraints,pending_gpu_stop,pending_gpu_stop
144,2048,7168,9055,9055,hybrid_small/direct_b_ahead3:9045,False,hybrid_small,direct_b_ahead3,9045,reports/opus_flydsl_all_20261009/hybrid_small/build/direct_b_ahead3/experiments.so,1d8e364ea7cc5bb5da75bb5b93d177a520a5c0fbbcbfe782c761e6014f076c42,0,1,CPU actual header and launcher constraints,pending_gpu_stop,pending_gpu_stop
144,2048,7168,9055,9055,hybrid_small/direct_b_ahead1:9046,False,hybrid_small,direct_b_ahead1,9046,reports/opus_flydsl_all_20261009/hybrid_small/build/direct_b_ahead1/experiments.so,f836d9fe683f0246d403f5f5a3798db1696de05e3d2b34c18568533d5f0e9a8e,0,1,CPU actual header and launcher constraints,pending_gpu_stop,pending_gpu_stop
144,2048,7168,9055,9055,hybrid_small/direct_b_ahead2:9046,False,hybrid_small,direct_b_ahead2,9046,reports/opus_flydsl_all_20261009/hybrid_small/build/direct_b_ahead2/experiments.so,b714e774c27dc34d257e48aa3072aecdbe680ed20db33116036258a31eafae93,0,1,CPU actual header and launcher constraints,pending_gpu_stop,pending_gpu_stop
144,2048,7168,9055,9055,hybrid_small/direct_b_ahead3:9046,False,hybrid_small,direct_b_ahead3,9046,reports/opus_flydsl_all_20261009/hybrid_small/build/direct_b_ahead3/experiments.so,1d8e364ea7cc5bb5da75bb5b93d177a520a5c0fbbcbfe782c761e6014f076c42,0,1,CPU actual header and launcher constraints,pending_gpu_stop,pending_gpu_stop
144,2048,7168,9055,9055,hybrid_small/direct_b_ahead1:9047,False,hybrid_small,direct_b_ahead1,9047,reports/opus_flydsl_all_20261009/hybrid_small/build/direct_b_ahead1/experiments.so,f836d9fe683f0246d403f5f5a3798db1696de05e3d2b34c18568533d5f0e9a8e,0,1,CPU actual header and launcher constraints,pending_gpu_stop,pending_gpu_stop
144,2048,7168,9055,9055,hybrid_small/direct_b_ahead2:9047,False,hybrid_small,direct_b_ahead2,9047,reports/opus_flydsl_all_20261009/hybrid_small/build/direct_b_ahead2/experiments.so,b714e774c27dc34d257e48aa3072aecdbe680ed20db33116036258a31eafae93,0,1,CPU actual header and launcher constraints,pending_gpu_stop,pending_gpu_stop
144,2048,7168,9055,9055,hybrid_small/direct_b_ahead3:9047,False,hybrid_small,direct_b_ahead3,9047,reports/opus_flydsl_all_20261009/hybrid_small/build/direct_b_ahead3/experiments.so,1d8e364ea7cc5bb5da75bb5b93d177a520a5c0fbbcbfe782c761e6014f076c42,0,1,CPU actual header and launcher constraints,pending_gpu_stop,pending_gpu_stop
144,2048,7168,9055,9055,hybrid_small/direct_b_ahead1:9049,False,hybrid_small,direct_b_ahead1,9049,reports/opus_flydsl_all_20261009/hybrid_small/build/direct_b_ahead1/experiments.so,f836d9fe683f0246d403f5f5a3798db1696de05e3d2b34c18568533d5f0e9a8e,0,1,CPU actual header and launcher constraints,pending_gpu_stop,pending_gpu_stop
144,2048,7168,9055,9055,hybrid_small/direct_b_ahead2:9049,False,hybrid_small,direct_b_ahead2,9049,reports/opus_flydsl_all_20261009/hybrid_small/build/direct_b_ahead2/experiments.so,b714e774c27dc34d257e48aa3072aecdbe680ed20db33116036258a31eafae93,0,1,CPU actual header and launcher constraints,pending_gpu_stop,pending_gpu_stop
144,2048,7168,9055,9055,hybrid_small/direct_b_ahead3:9049,False,hybrid_small,direct_b_ahead3,9049,reports/opus_flydsl_all_20261009/hybrid_small/build/direct_b_ahead3/experiments.so,1d8e364ea7cc5bb5da75bb5b93d177a520a5c0fbbcbfe782c761e6014f076c42,0,1,CPU actual header and launcher constraints,pending_gpu_stop,pending_gpu_stop
144,2048,7168,9055,9055,hybrid_small/direct_b_ahead1:9055,True,hybrid_small,direct_b_ahead1,9055,reports/opus_flydsl_all_20261009/hybrid_small/build/direct_b_ahead1/experiments.so,f836d9fe683f0246d403f5f5a3798db1696de05e3d2b34c18568533d5f0e9a8e,0,1,CPU actual header and launcher constraints,pending_gpu_stop,pending_gpu_stop
144,2048,7168,9055,9055,hybrid_small/direct_b_ahead2:9055,True,hybrid_small,direct_b_ahead2,9055,reports/opus_flydsl_all_20261009/hybrid_small/build/direct_b_ahead2/experiments.so,b714e774c27dc34d257e48aa3072aecdbe680ed20db33116036258a31eafae93,0,1,CPU actual header and launcher constraints,pending_gpu_stop,pending_gpu_stop
144,2048,7168,9055,9055,hybrid_small/direct_b_ahead3:9055,True,hybrid_small,direct_b_ahead3,9055,reports/opus_flydsl_all_20261009/hybrid_small/build/direct_b_ahead3/experiments.so,1d8e364ea7cc5bb5da75bb5b93d177a520a5c0fbbcbfe782c761e6014f076c42,0,1,CPU actual header and launcher constraints,pending_gpu_stop,pending_gpu_stop
144,2048,7168,9055,9055,hybrid_small/direct_b_ahead1:9056,False,hybrid_small,direct_b_ahead1,9056,reports/opus_flydsl_all_20261009/hybrid_small/build/direct_b_ahead1/experiments.so,f836d9fe683f0246d403f5f5a3798db1696de05e3d2b34c18568533d5f0e9a8e,0,1,CPU actual header and launcher constraints,pending_gpu_stop,pending_gpu_stop
144,2048,7168,9055,9055,hybrid_small/direct_b_ahead2:9056,False,hybrid_small,direct_b_ahead2,9056,reports/opus_flydsl_all_20261009/hybrid_small/build/direct_b_ahead2/experiments.so,b714e774c27dc34d257e48aa3072aecdbe680ed20db33116036258a31eafae93,0,1,CPU actual header and launcher constraints,pending_gpu_stop,pending_gpu_stop
144,2048,7168,9055,9055,hybrid_small/direct_b_ahead3:9056,False,hybrid_small,direct_b_ahead3,9056,reports/opus_flydsl_all_20261009/hybrid_small/build/direct_b_ahead3/experiments.so,1d8e364ea7cc5bb5da75bb5b93d177a520a5c0fbbcbfe782c761e6014f076c42,0,1,CPU actual header and launcher constraints,pending_gpu_stop,pending_gpu_stop
144,2048,7168,9055,9055,small_split/candidate:110,False,small_split,candidate,110,reports/opus_flydsl_all_20261009/small_split/build/candidate/experiments.so,7822e988744329482bbd6a7fcb5215b561e9aeada63a3aedf9cd5e541958a886,4718592,2,CPU actual header and launcher constraints,pending_gpu_stop,pending_gpu_stop
144,2048,7168,9055,9055,small_split/candidate:111,False,small_split,candidate,111,reports/opus_flydsl_all_20261009/small_split/build/candidate/experiments.so,7822e988744329482bbd6a7fcb5215b561e9aeada63a3aedf9cd5e541958a886,4718592,2,CPU actual header and launcher constraints,pending_gpu_stop,pending_gpu_stop
144,2048,7168,9055,9055,small_split/candidate:120,False,small_split,candidate,120,reports/opus_flydsl_all_20261009/small_split/build/candidate/experiments.so,7822e988744329482bbd6a7fcb5215b561e9aeada63a3aedf9cd5e541958a886,4718592,2,CPU actual header and launcher constraints,pending_gpu_stop,pending_gpu_stop
144,2048,7168,9055,9055,small_split/candidate:121,False,small_split,candidate,121,reports/opus_flydsl_all_20261009/small_split/build/candidate/experiments.so,7822e988744329482bbd6a7fcb5215b561e9aeada63a3aedf9cd5e541958a886,4718592,2,CPU actual header and launcher constraints,pending_gpu_stop,pending_gpu_stop
144,2048,7168,9055,9055,small_split/candidate:130,False,small_split,candidate,130,reports/opus_flydsl_all_20261009/small_split/build/candidate/experiments.so,7822e988744329482bbd6a7fcb5215b561e9aeada63a3aedf9cd5e541958a886,4718592,2,CPU actual header and launcher constraints,pending_gpu_stop,pending_gpu_stop
144,2048,7168,9055,9055,small_split/candidate:140,False,small_split,candidate,140,reports/opus_flydsl_all_20261009/small_split/build/candidate/experiments.so,7822e988744329482bbd6a7fcb5215b561e9aeada63a3aedf9cd5e541958a886,4718592,2,CPU actual header and launcher constraints,pending_gpu_stop,pending_gpu_stop
144,2048,7168,9055,9055,small_split/candidate:210,False,small_split,candidate,210,reports/opus_flydsl_all_20261009/small_split/build/candidate/experiments.so,7822e988744329482bbd6a7fcb5215b561e9aeada63a3aedf9cd5e541958a886,0,1,CPU actual header and launcher constraints,pending_gpu_stop,pending_gpu_stop
144,2048,7168,9055,9055,small_split/candidate:211,False,small_split,candidate,211,reports/opus_flydsl_all_20261009/small_split/build/candidate/experiments.so,7822e988744329482bbd6a7fcb5215b561e9aeada63a3aedf9cd5e541958a886,2359296,2,CPU actual header and launcher constraints,pending_gpu_stop,pending_gpu_stop
144,2048,7168,9055,9055,small_split/candidate:220,False,small_split,candidate,220,reports/opus_flydsl_all_20261009/small_split/build/candidate/experiments.so,7822e988744329482bbd6a7fcb5215b561e9aeada63a3aedf9cd5e541958a886,0,1,CPU actual header and launcher constraints,pending_gpu_stop,pending_gpu_stop
144,2048,7168,9055,9055,small_split/candidate:221,False,small_split,candidate,221,reports/opus_flydsl_all_20261009/small_split/build/candidate/experiments.so,7822e988744329482bbd6a7fcb5215b561e9aeada63a3aedf9cd5e541958a886,2359296,2,CPU actual header and launcher constraints,pending_gpu_stop,pending_gpu_stop
144,2048,7168,9055,9055,small_split/candidate:230,False,small_split,candidate,230,reports/opus_flydsl_all_20261009/small_split/build/candidate/experiments.so,7822e988744329482bbd6a7fcb5215b561e9aeada63a3aedf9cd5e541958a886,0,1,CPU actual header and launcher constraints,pending_gpu_stop,pending_gpu_stop
144,2048,7168,9055,9055,small_split/candidate:231,False,small_split,candidate,231,reports/opus_flydsl_all_20261009/small_split/build/candidate/experiments.so,7822e988744329482bbd6a7fcb5215b561e9aeada63a3aedf9cd5e541958a886,2359296,2,CPU actual header and launcher constraints,pending_gpu_stop,pending_gpu_stop
144,2048,7168,9055,9055,main_variants/main23:92000,False,main_variants,main23,92000,reports/opus_flydsl_all_20261009/main_variants/build/main23/experiments.so,55927bffd4f3b05b59e0eda5fad3d5b58396f525f618fed0eec4a1cb48df83b6,0,1,CPU actual header and launcher constraints,pending_gpu_stop,pending_gpu_stop
144,2048,7168,9055,9055,main_variants/main23:92001,False,main_variants,main23,92001,reports/opus_flydsl_all_20261009/main_variants/build/main23/experiments.so,55927bffd4f3b05b59e0eda5fad3d5b58396f525f618fed0eec4a1cb48df83b6,0,1,CPU actual header and launcher constraints,pending_gpu_stop,pending_gpu_stop
144,2048,7168,9055,9055,main_variants/main23:92002,False,main_variants,main23,92002,reports/opus_flydsl_all_20261009/main_variants/build/main23/experiments.so,55927bffd4f3b05b59e0eda5fad3d5b58396f525f618fed0eec4a1cb48df83b6,0,1,CPU actual header and launcher constraints,pending_gpu_stop,pending_gpu_stop
144,2048,7168,9055,9055,main_variants/main23:92008,False,main_variants,main23,92008,reports/opus_flydsl_all_20261009/main_variants/build/main23/experiments.so,55927bffd4f3b05b59e0eda5fad3d5b58396f525f618fed0eec4a1cb48df83b6,0,1,CPU actual header and launcher constraints,pending_gpu_stop,pending_gpu_stop
144,2048,7168,9055,9055,main_variants/main23:92009,False,main_variants,main23,92009,reports/opus_flydsl_all_20261009/main_variants/build/main23/experiments.so,55927bffd4f3b05b59e0eda5fad3d5b58396f525f618fed0eec4a1cb48df83b6,0,1,CPU actual header and launcher constraints,pending_gpu_stop,pending_gpu_stop
144,2048,7168,9055,9055,main_variants/main23:92011,False,main_variants,main23,92011,reports/opus_flydsl_all_20261009/main_variants/build/main23/experiments.so,55927bffd4f3b05b59e0eda5fad3d5b58396f525f618fed0eec4a1cb48df83b6,0,1,CPU actual header and launcher constraints,pending_gpu_stop,pending_gpu_stop
144,2048,7168,9055,9055,main_variants/main23:92012,False,main_variants,main23,92012,reports/opus_flydsl_all_20261009/main_variants/build/main23/experiments.so,55927bffd4f3b05b59e0eda5fad3d5b58396f525f618fed0eec4a1cb48df83b6,0,1,CPU actual header and launcher constraints,pending_gpu_stop,pending_gpu_stop
144,2048,7168,9055,9055,main_variants/pin24:92120,False,main_variants,pin24,92120,reports/opus_flydsl_all_20261009/main_variants/build/pin24/experiments.so,3b9fb951504917f017ffb87b5eb192be99453337cdf969b6800ff47283d2746d,0,1,CPU actual header and launcher constraints,pending_gpu_stop,pending_gpu_stop
160,768,7168,9052,9070,hybrid_small/direct_b_ahead1:9043,False,hybrid_small,direct_b_ahead1,9043,reports/opus_flydsl_all_20261009/hybrid_small/build/direct_b_ahead1/experiments.so,f836d9fe683f0246d403f5f5a3798db1696de05e3d2b34c18568533d5f0e9a8e,0,1,CPU actual header and launcher constraints,pending_gpu_stop,pending_gpu_stop
160,768,7168,9052,9070,hybrid_small/direct_b_ahead2:9043,False,hybrid_small,direct_b_ahead2,9043,reports/opus_flydsl_all_20261009/hybrid_small/build/direct_b_ahead2/experiments.so,b714e774c27dc34d257e48aa3072aecdbe680ed20db33116036258a31eafae93,0,1,CPU actual header and launcher constraints,pending_gpu_stop,pending_gpu_stop
160,768,7168,9052,9070,hybrid_small/direct_b_ahead3:9043,False,hybrid_small,direct_b_ahead3,9043,reports/opus_flydsl_all_20261009/hybrid_small/build/direct_b_ahead3/experiments.so,1d8e364ea7cc5bb5da75bb5b93d177a520a5c0fbbcbfe782c761e6014f076c42,0,1,CPU actual header and launcher constraints,pending_gpu_stop,pending_gpu_stop
160,768,7168,9052,9070,hybrid_small/direct_b_ahead1:9044,False,hybrid_small,direct_b_ahead1,9044,reports/opus_flydsl_all_20261009/hybrid_small/build/direct_b_ahead1/experiments.so,f836d9fe683f0246d403f5f5a3798db1696de05e3d2b34c18568533d5f0e9a8e,0,1,CPU actual header and launcher constraints,pending_gpu_stop,pending_gpu_stop
160,768,7168,9052,9070,hybrid_small/direct_b_ahead2:9044,False,hybrid_small,direct_b_ahead2,9044,reports/opus_flydsl_all_20261009/hybrid_small/build/direct_b_ahead2/experiments.so,b714e774c27dc34d257e48aa3072aecdbe680ed20db33116036258a31eafae93,0,1,CPU actual header and launcher constraints,pending_gpu_stop,pending_gpu_stop
160,768,7168,9052,9070,hybrid_small/direct_b_ahead3:9044,False,hybrid_small,direct_b_ahead3,9044,reports/opus_flydsl_all_20261009/hybrid_small/build/direct_b_ahead3/experiments.so,1d8e364ea7cc5bb5da75bb5b93d177a520a5c0fbbcbfe782c761e6014f076c42,0,1,CPU actual header and launcher constraints,pending_gpu_stop,pending_gpu_stop
160,768,7168,9052,9070,hybrid_small/direct_b_ahead1:9045,False,hybrid_small,direct_b_ahead1,9045,reports/opus_flydsl_all_20261009/hybrid_small/build/direct_b_ahead1/experiments.so,f836d9fe683f0246d403f5f5a3798db1696de05e3d2b34c18568533d5f0e9a8e,0,1,CPU actual header and launcher constraints,pending_gpu_stop,pending_gpu_stop
160,768,7168,9052,9070,hybrid_small/direct_b_ahead2:9045,False,hybrid_small,direct_b_ahead2,9045,reports/opus_flydsl_all_20261009/hybrid_small/build/direct_b_ahead2/experiments.so,b714e774c27dc34d257e48aa3072aecdbe680ed20db33116036258a31eafae93,0,1,CPU actual header and launcher constraints,pending_gpu_stop,pending_gpu_stop
160,768,7168,9052,9070,hybrid_small/direct_b_ahead3:9045,False,hybrid_small,direct_b_ahead3,9045,reports/opus_flydsl_all_20261009/hybrid_small/build/direct_b_ahead3/experiments.so,1d8e364ea7cc5bb5da75bb5b93d177a520a5c0fbbcbfe782c761e6014f076c42,0,1,CPU actual header and launcher constraints,pending_gpu_stop,pending_gpu_stop
160,768,7168,9052,9070,hybrid_small/direct_b_ahead1:9046,False,hybrid_small,direct_b_ahead1,9046,reports/opus_flydsl_all_20261009/hybrid_small/build/direct_b_ahead1/experiments.so,f836d9fe683f0246d403f5f5a3798db1696de05e3d2b34c18568533d5f0e9a8e,0,1,CPU actual header and launcher constraints,pending_gpu_stop,pending_gpu_stop
160,768,7168,9052,9070,hybrid_small/direct_b_ahead2:9046,False,hybrid_small,direct_b_ahead2,9046,reports/opus_flydsl_all_20261009/hybrid_small/build/direct_b_ahead2/experiments.so,b714e774c27dc34d257e48aa3072aecdbe680ed20db33116036258a31eafae93,0,1,CPU actual header and launcher constraints,pending_gpu_stop,pending_gpu_stop
160,768,7168,9052,9070,hybrid_small/direct_b_ahead3:9046,False,hybrid_small,direct_b_ahead3,9046,reports/opus_flydsl_all_20261009/hybrid_small/build/direct_b_ahead3/experiments.so,1d8e364ea7cc5bb5da75bb5b93d177a520a5c0fbbcbfe782c761e6014f076c42,0,1,CPU actual header and launcher constraints,pending_gpu_stop,pending_gpu_stop
160,768,7168,9052,9070,hybrid_small/direct_b_ahead1:9047,False,hybrid_small,direct_b_ahead1,9047,reports/opus_flydsl_all_20261009/hybrid_small/build/direct_b_ahead1/experiments.so,f836d9fe683f0246d403f5f5a3798db1696de05e3d2b34c18568533d5f0e9a8e,0,1,CPU actual header and launcher constraints,pending_gpu_stop,pending_gpu_stop
160,768,7168,9052,9070,hybrid_small/direct_b_ahead2:9047,False,hybrid_small,direct_b_ahead2,9047,reports/opus_flydsl_all_20261009/hybrid_small/build/direct_b_ahead2/experiments.so,b714e774c27dc34d257e48aa3072aecdbe680ed20db33116036258a31eafae93,0,1,CPU actual header and launcher constraints,pending_gpu_stop,pending_gpu_stop
160,768,7168,9052,9070,hybrid_small/direct_b_ahead3:9047,False,hybrid_small,direct_b_ahead3,9047,reports/opus_flydsl_all_20261009/hybrid_small/build/direct_b_ahead3/experiments.so,1d8e364ea7cc5bb5da75bb5b93d177a520a5c0fbbcbfe782c761e6014f076c42,0,1,CPU actual header and launcher constraints,pending_gpu_stop,pending_gpu_stop
160,768,7168,9052,9070,hybrid_small/direct_b_ahead1:9049,False,hybrid_small,direct_b_ahead1,9049,reports/opus_flydsl_all_20261009/hybrid_small/build/direct_b_ahead1/experiments.so,f836d9fe683f0246d403f5f5a3798db1696de05e3d2b34c18568533d5f0e9a8e,0,1,CPU actual header and launcher constraints,pending_gpu_stop,pending_gpu_stop
160,768,7168,9052,9070,hybrid_small/direct_b_ahead2:9049,False,hybrid_small,direct_b_ahead2,9049,reports/opus_flydsl_all_20261009/hybrid_small/build/direct_b_ahead2/experiments.so,b714e774c27dc34d257e48aa3072aecdbe680ed20db33116036258a31eafae93,0,1,CPU actual header and launcher constraints,pending_gpu_stop,pending_gpu_stop
160,768,7168,9052,9070,hybrid_small/direct_b_ahead3:9049,False,hybrid_small,direct_b_ahead3,9049,reports/opus_flydsl_all_20261009/hybrid_small/build/direct_b_ahead3/experiments.so,1d8e364ea7cc5bb5da75bb5b93d177a520a5c0fbbcbfe782c761e6014f076c42,0,1,CPU actual header and launcher constraints,pending_gpu_stop,pending_gpu_stop
160,768,7168,9052,9070,hybrid_small/direct_b_ahead1:9055,False,hybrid_small,direct_b_ahead1,9055,reports/opus_flydsl_all_20261009/hybrid_small/build/direct_b_ahead1/experiments.so,f836d9fe683f0246d403f5f5a3798db1696de05e3d2b34c18568533d5f0e9a8e,0,1,CPU actual header and launcher constraints,pending_gpu_stop,pending_gpu_stop
160,768,7168,9052,9070,hybrid_small/direct_b_ahead2:9055,False,hybrid_small,direct_b_ahead2,9055,reports/opus_flydsl_all_20261009/hybrid_small/build/direct_b_ahead2/experiments.so,b714e774c27dc34d257e48aa3072aecdbe680ed20db33116036258a31eafae93,0,1,CPU actual header and launcher constraints,pending_gpu_stop,pending_gpu_stop
160,768,7168,9052,9070,hybrid_small/direct_b_ahead3:9055,False,hybrid_small,direct_b_ahead3,9055,reports/opus_flydsl_all_20261009/hybrid_small/build/direct_b_ahead3/experiments.so,1d8e364ea7cc5bb5da75bb5b93d177a520a5c0fbbcbfe782c761e6014f076c42,0,1,CPU actual header and launcher constraints,pending_gpu_stop,pending_gpu_stop
160,768,7168,9052,9070,hybrid_small/direct_b_ahead1:9056,False,hybrid_small,direct_b_ahead1,9056,reports/opus_flydsl_all_20261009/hybrid_small/build/direct_b_ahead1/experiments.so,f836d9fe683f0246d403f5f5a3798db1696de05e3d2b34c18568533d5f0e9a8e,0,1,CPU actual header and launcher constraints,pending_gpu_stop,pending_gpu_stop
160,768,7168,9052,9070,hybrid_small/direct_b_ahead2:9056,False,hybrid_small,direct_b_ahead2,9056,reports/opus_flydsl_all_20261009/hybrid_small/build/direct_b_ahead2/experiments.so,b714e774c27dc34d257e48aa3072aecdbe680ed20db33116036258a31eafae93,0,1,CPU actual header and launcher constraints,pending_gpu_stop,pending_gpu_stop
160,768,7168,9052,9070,hybrid_small/direct_b_ahead3:9056,False,hybrid_small,direct_b_ahead3,9056,reports/opus_flydsl_all_20261009/hybrid_small/build/direct_b_ahead3/experiments.so,1d8e364ea7cc5bb5da75bb5b93d177a520a5c0fbbcbfe782c761e6014f076c42,0,1,CPU actual header and launcher constraints,pending_gpu_stop,pending_gpu_stop
160,768,7168,9052,9070,small_split/candidate:110,True,small_split,candidate,110,reports/opus_flydsl_all_20261009/small_split/build/candidate/experiments.so,7822e988744329482bbd6a7fcb5215b561e9aeada63a3aedf9cd5e541958a886,1966080,2,CPU actual header and launcher constraints,pending_gpu_stop,pending_gpu_stop
160,768,7168,9052,9070,small_split/candidate:111,True,small_split,candidate,111,reports/opus_flydsl_all_20261009/small_split/build/candidate/experiments.so,7822e988744329482bbd6a7fcb5215b561e9aeada63a3aedf9cd5e541958a886,1966080,2,CPU actual header and launcher constraints,pending_gpu_stop,pending_gpu_stop
160,768,7168,9052,9070,small_split/candidate:120,True,small_split,candidate,120,reports/opus_flydsl_all_20261009/small_split/build/candidate/experiments.so,7822e988744329482bbd6a7fcb5215b561e9aeada63a3aedf9cd5e541958a886,1966080,2,CPU actual header and launcher constraints,pending_gpu_stop,pending_gpu_stop
160,768,7168,9052,9070,small_split/candidate:121,True,small_split,candidate,121,reports/opus_flydsl_all_20261009/small_split/build/candidate/experiments.so,7822e988744329482bbd6a7fcb5215b561e9aeada63a3aedf9cd5e541958a886,1966080,2,CPU actual header and launcher constraints,pending_gpu_stop,pending_gpu_stop
160,768,7168,9052,9070,small_split/candidate:130,True,small_split,candidate,130,reports/opus_flydsl_all_20261009/small_split/build/candidate/experiments.so,7822e988744329482bbd6a7fcb5215b561e9aeada63a3aedf9cd5e541958a886,1966080,2,CPU actual header and launcher constraints,pending_gpu_stop,pending_gpu_stop
160,768,7168,9052,9070,small_split/candidate:140,True,small_split,candidate,140,reports/opus_flydsl_all_20261009/small_split/build/candidate/experiments.so,7822e988744329482bbd6a7fcb5215b561e9aeada63a3aedf9cd5e541958a886,1966080,2,CPU actual header and launcher constraints,pending_gpu_stop,pending_gpu_stop
160,768,7168,9052,9070,small_split/candidate:210,False,small_split,candidate,210,reports/opus_flydsl_all_20261009/small_split/build/candidate/experiments.so,7822e988744329482bbd6a7fcb5215b561e9aeada63a3aedf9cd5e541958a886,0,1,CPU actual header and launcher constraints,pending_gpu_stop,pending_gpu_stop
160,768,7168,9052,9070,small_split/candidate:211,False,small_split,candidate,211,reports/opus_flydsl_all_20261009/small_split/build/candidate/experiments.so,7822e988744329482bbd6a7fcb5215b561e9aeada63a3aedf9cd5e541958a886,983040,2,CPU actual header and launcher constraints,pending_gpu_stop,pending_gpu_stop
160,768,7168,9052,9070,small_split/candidate:220,False,small_split,candidate,220,reports/opus_flydsl_all_20261009/small_split/build/candidate/experiments.so,7822e988744329482bbd6a7fcb5215b561e9aeada63a3aedf9cd5e541958a886,0,1,CPU actual header and launcher constraints,pending_gpu_stop,pending_gpu_stop
160,768,7168,9052,9070,small_split/candidate:221,False,small_split,candidate,221,reports/opus_flydsl_all_20261009/small_split/build/candidate/experiments.so,7822e988744329482bbd6a7fcb5215b561e9aeada63a3aedf9cd5e541958a886,983040,2,CPU actual header and launcher constraints,pending_gpu_stop,pending_gpu_stop
160,768,7168,9052,9070,small_split/candidate:230,False,small_split,candidate,230,reports/opus_flydsl_all_20261009/small_split/build/candidate/experiments.so,7822e988744329482bbd6a7fcb5215b561e9aeada63a3aedf9cd5e541958a886,0,1,CPU actual header and launcher constraints,pending_gpu_stop,pending_gpu_stop
160,768,7168,9052,9070,small_split/candidate:231,False,small_split,candidate,231,reports/opus_flydsl_all_20261009/small_split/build/candidate/experiments.so,7822e988744329482bbd6a7fcb5215b561e9aeada63a3aedf9cd5e541958a886,983040,2,CPU actual header and launcher constraints,pending_gpu_stop,pending_gpu_stop
160,768,7168,9052,9070,main_variants/main23:92000,False,main_variants,main23,92000,reports/opus_flydsl_all_20261009/main_variants/build/main23/experiments.so,55927bffd4f3b05b59e0eda5fad3d5b58396f525f618fed0eec4a1cb48df83b6,0,1,CPU actual header and launcher constraints,pending_gpu_stop,pending_gpu_stop
160,768,7168,9052,9070,main_variants/main23:92001,False,main_variants,main23,92001,reports/opus_flydsl_all_20261009/main_variants/build/main23/experiments.so,55927bffd4f3b05b59e0eda5fad3d5b58396f525f618fed0eec4a1cb48df83b6,0,1,CPU actual header and launcher constraints,pending_gpu_stop,pending_gpu_stop
160,768,7168,9052,9070,main_variants/main23:92002,False,main_variants,main23,92002,reports/opus_flydsl_all_20261009/main_variants/build/main23/experiments.so,55927bffd4f3b05b59e0eda5fad3d5b58396f525f618fed0eec4a1cb48df83b6,0,1,CPU actual header and launcher constraints,pending_gpu_stop,pending_gpu_stop
160,768,7168,9052,9070,main_variants/main23:92008,False,main_variants,main23,92008,reports/opus_flydsl_all_20261009/main_variants/build/main23/experiments.so,55927bffd4f3b05b59e0eda5fad3d5b58396f525f618fed0eec4a1cb48df83b6,0,1,CPU actual header and launcher constraints,pending_gpu_stop,pending_gpu_stop
160,768,7168,9052,9070,main_variants/main23:92009,False,main_variants,main23,92009,reports/opus_flydsl_all_20261009/main_variants/build/main23/experiments.so,55927bffd4f3b05b59e0eda5fad3d5b58396f525f618fed0eec4a1cb48df83b6,0,1,CPU actual header and launcher constraints,pending_gpu_stop,pending_gpu_stop
160,768,7168,9052,9070,main_variants/main23:92011,False,main_variants,main23,92011,reports/opus_flydsl_all_20261009/main_variants/build/main23/experiments.so,55927bffd4f3b05b59e0eda5fad3d5b58396f525f618fed0eec4a1cb48df83b6,0,1,CPU actual header and launcher constraints,pending_gpu_stop,pending_gpu_stop
160,768,7168,9052,9070,main_variants/main23:92012,False,main_variants,main23,92012,reports/opus_flydsl_all_20261009/main_variants/build/main23/experiments.so,55927bffd4f3b05b59e0eda5fad3d5b58396f525f618fed0eec4a1cb48df83b6,0,1,CPU actual header and launcher constraints,pending_gpu_stop,pending_gpu_stop
160,768,7168,9052,9070,main_variants/pin24:92120,False,main_variants,pin24,92120,reports/opus_flydsl_all_20261009/main_variants/build/pin24/experiments.so,3b9fb951504917f017ffb87b5eb192be99453337cdf969b6800ff47283d2746d,0,1,CPU actual header and launcher constraints,pending_gpu_stop,pending_gpu_stop
160,2048,7168,9055,9055,hybrid_small/direct_b_ahead1:9043,False,hybrid_small,direct_b_ahead1,9043,reports/opus_flydsl_all_20261009/hybrid_small/build/direct_b_ahead1/experiments.so,f836d9fe683f0246d403f5f5a3798db1696de05e3d2b34c18568533d5f0e9a8e,0,1,CPU actual header and launcher constraints,pending_gpu_stop,pending_gpu_stop
160,2048,7168,9055,9055,hybrid_small/direct_b_ahead2:9043,False,hybrid_small,direct_b_ahead2,9043,reports/opus_flydsl_all_20261009/hybrid_small/build/direct_b_ahead2/experiments.so,b714e774c27dc34d257e48aa3072aecdbe680ed20db33116036258a31eafae93,0,1,CPU actual header and launcher constraints,pending_gpu_stop,pending_gpu_stop
160,2048,7168,9055,9055,hybrid_small/direct_b_ahead3:9043,False,hybrid_small,direct_b_ahead3,9043,reports/opus_flydsl_all_20261009/hybrid_small/build/direct_b_ahead3/experiments.so,1d8e364ea7cc5bb5da75bb5b93d177a520a5c0fbbcbfe782c761e6014f076c42,0,1,CPU actual header and launcher constraints,pending_gpu_stop,pending_gpu_stop
160,2048,7168,9055,9055,hybrid_small/direct_b_ahead1:9044,False,hybrid_small,direct_b_ahead1,9044,reports/opus_flydsl_all_20261009/hybrid_small/build/direct_b_ahead1/experiments.so,f836d9fe683f0246d403f5f5a3798db1696de05e3d2b34c18568533d5f0e9a8e,0,1,CPU actual header and launcher constraints,pending_gpu_stop,pending_gpu_stop
160,2048,7168,9055,9055,hybrid_small/direct_b_ahead2:9044,False,hybrid_small,direct_b_ahead2,9044,reports/opus_flydsl_all_20261009/hybrid_small/build/direct_b_ahead2/experiments.so,b714e774c27dc34d257e48aa3072aecdbe680ed20db33116036258a31eafae93,0,1,CPU actual header and launcher constraints,pending_gpu_stop,pending_gpu_stop
160,2048,7168,9055,9055,hybrid_small/direct_b_ahead3:9044,False,hybrid_small,direct_b_ahead3,9044,reports/opus_flydsl_all_20261009/hybrid_small/build/direct_b_ahead3/experiments.so,1d8e364ea7cc5bb5da75bb5b93d177a520a5c0fbbcbfe782c761e6014f076c42,0,1,CPU actual header and launcher constraints,pending_gpu_stop,pending_gpu_stop
160,2048,7168,9055,9055,hybrid_small/direct_b_ahead1:9045,False,hybrid_small,direct_b_ahead1,9045,reports/opus_flydsl_all_20261009/hybrid_small/build/direct_b_ahead1/experiments.so,f836d9fe683f0246d403f5f5a3798db1696de05e3d2b34c18568533d5f0e9a8e,0,1,CPU actual header and launcher constraints,pending_gpu_stop,pending_gpu_stop
160,2048,7168,9055,9055,hybrid_small/direct_b_ahead2:9045,False,hybrid_small,direct_b_ahead2,9045,reports/opus_flydsl_all_20261009/hybrid_small/build/direct_b_ahead2/experiments.so,b714e774c27dc34d257e48aa3072aecdbe680ed20db33116036258a31eafae93,0,1,CPU actual header and launcher constraints,pending_gpu_stop,pending_gpu_stop
160,2048,7168,9055,9055,hybrid_small/direct_b_ahead3:9045,False,hybrid_small,direct_b_ahead3,9045,reports/opus_flydsl_all_20261009/hybrid_small/build/direct_b_ahead3/experiments.so,1d8e364ea7cc5bb5da75bb5b93d177a520a5c0fbbcbfe782c761e6014f076c42,0,1,CPU actual header and launcher constraints,pending_gpu_stop,pending_gpu_stop
160,2048,7168,9055,9055,hybrid_small/direct_b_ahead1:9046,False,hybrid_small,direct_b_ahead1,9046,reports/opus_flydsl_all_20261009/hybrid_small/build/direct_b_ahead1/experiments.so,f836d9fe683f0246d403f5f5a3798db1696de05e3d2b34c18568533d5f0e9a8e,0,1,CPU actual header and launcher constraints,pending_gpu_stop,pending_gpu_stop
160,2048,7168,9055,9055,hybrid_small/direct_b_ahead2:9046,False,hybrid_small,direct_b_ahead2,9046,reports/opus_flydsl_all_20261009/hybrid_small/build/direct_b_ahead2/experiments.so,b714e774c27dc34d257e48aa3072aecdbe680ed20db33116036258a31eafae93,0,1,CPU actual header and launcher constraints,pending_gpu_stop,pending_gpu_stop
160,2048,7168,9055,9055,hybrid_small/direct_b_ahead3:9046,False,hybrid_small,direct_b_ahead3,9046,reports/opus_flydsl_all_20261009/hybrid_small/build/direct_b_ahead3/experiments.so,1d8e364ea7cc5bb5da75bb5b93d177a520a5c0fbbcbfe782c761e6014f076c42,0,1,CPU actual header and launcher constraints,pending_gpu_stop,pending_gpu_stop
160,2048,7168,9055,9055,hybrid_small/direct_b_ahead1:9047,False,hybrid_small,direct_b_ahead1,9047,reports/opus_flydsl_all_20261009/hybrid_small/build/direct_b_ahead1/experiments.so,f836d9fe683f0246d403f5f5a3798db1696de05e3d2b34c18568533d5f0e9a8e,0,1,CPU actual header and launcher constraints,pending_gpu_stop,pending_gpu_stop
160,2048,7168,9055,9055,hybrid_small/direct_b_ahead2:9047,False,hybrid_small,direct_b_ahead2,9047,reports/opus_flydsl_all_20261009/hybrid_small/build/direct_b_ahead2/experiments.so,b714e774c27dc34d257e48aa3072aecdbe680ed20db33116036258a31eafae93,0,1,CPU actual header and launcher constraints,pending_gpu_stop,pending_gpu_stop
160,2048,7168,9055,9055,hybrid_small/direct_b_ahead3:9047,False,hybrid_small,direct_b_ahead3,9047,reports/opus_flydsl_all_20261009/hybrid_small/build/direct_b_ahead3/experiments.so,1d8e364ea7cc5bb5da75bb5b93d177a520a5c0fbbcbfe782c761e6014f076c42,0,1,CPU actual header and launcher constraints,pending_gpu_stop,pending_gpu_stop
160,2048,7168,9055,9055,hybrid_small/direct_b_ahead1:9049,False,hybrid_small,direct_b_ahead1,9049,reports/opus_flydsl_all_20261009/hybrid_small/build/direct_b_ahead1/experiments.so,f836d9fe683f0246d403f5f5a3798db1696de05e3d2b34c18568533d5f0e9a8e,0,1,CPU actual header and launcher constraints,pending_gpu_stop,pending_gpu_stop
160,2048,7168,9055,9055,hybrid_small/direct_b_ahead2:9049,False,hybrid_small,direct_b_ahead2,9049,reports/opus_flydsl_all_20261009/hybrid_small/build/direct_b_ahead2/experiments.so,b714e774c27dc34d257e48aa3072aecdbe680ed20db33116036258a31eafae93,0,1,CPU actual header and launcher constraints,pending_gpu_stop,pending_gpu_stop
160,2048,7168,9055,9055,hybrid_small/direct_b_ahead3:9049,False,hybrid_small,direct_b_ahead3,9049,reports/opus_flydsl_all_20261009/hybrid_small/build/direct_b_ahead3/experiments.so,1d8e364ea7cc5bb5da75bb5b93d177a520a5c0fbbcbfe782c761e6014f076c42,0,1,CPU actual header and launcher constraints,pending_gpu_stop,pending_gpu_stop
160,2048,7168,9055,9055,hybrid_small/direct_b_ahead1:9055,True,hybrid_small,direct_b_ahead1,9055,reports/opus_flydsl_all_20261009/hybrid_small/build/direct_b_ahead1/experiments.so,f836d9fe683f0246d403f5f5a3798db1696de05e3d2b34c18568533d5f0e9a8e,0,1,CPU actual header and launcher constraints,pending_gpu_stop,pending_gpu_stop
160,2048,7168,9055,9055,hybrid_small/direct_b_ahead2:9055,True,hybrid_small,direct_b_ahead2,9055,reports/opus_flydsl_all_20261009/hybrid_small/build/direct_b_ahead2/experiments.so,b714e774c27dc34d257e48aa3072aecdbe680ed20db33116036258a31eafae93,0,1,CPU actual header and launcher constraints,pending_gpu_stop,pending_gpu_stop
160,2048,7168,9055,9055,hybrid_small/direct_b_ahead3:9055,True,hybrid_small,direct_b_ahead3,9055,reports/opus_flydsl_all_20261009/hybrid_small/build/direct_b_ahead3/experiments.so,1d8e364ea7cc5bb5da75bb5b93d177a520a5c0fbbcbfe782c761e6014f076c42,0,1,CPU actual header and launcher constraints,pending_gpu_stop,pending_gpu_stop
160,2048,7168,9055,9055,hybrid_small/direct_b_ahead1:9056,False,hybrid_small,direct_b_ahead1,9056,reports/opus_flydsl_all_20261009/hybrid_small/build/direct_b_ahead1/experiments.so,f836d9fe683f0246d403f5f5a3798db1696de05e3d2b34c18568533d5f0e9a8e,0,1,CPU actual header and launcher constraints,pending_gpu_stop,pending_gpu_stop
160,2048,7168,9055,9055,hybrid_small/direct_b_ahead2:9056,False,hybrid_small,direct_b_ahead2,9056,reports/opus_flydsl_all_20261009/hybrid_small/build/direct_b_ahead2/experiments.so,b714e774c27dc34d257e48aa3072aecdbe680ed20db33116036258a31eafae93,0,1,CPU actual header and launcher constraints,pending_gpu_stop,pending_gpu_stop
160,2048,7168,9055,9055,hybrid_small/direct_b_ahead3:9056,False,hybrid_small,direct_b_ahead3,9056,reports/opus_flydsl_all_20261009/hybrid_small/build/direct_b_ahead3/experiments.so,1d8e364ea7cc5bb5da75bb5b93d177a520a5c0fbbcbfe782c761e6014f076c42,0,1,CPU actual header and launcher constraints,pending_gpu_stop,pending_gpu_stop
160,2048,7168,9055,9055,small_split/candidate:110,False,small_split,candidate,110,reports/opus_flydsl_all_20261009/small_split/build/candidate/experiments.so,7822e988744329482bbd6a7fcb5215b561e9aeada63a3aedf9cd5e541958a886,5242880,2,CPU actual header and launcher constraints,pending_gpu_stop,pending_gpu_stop
160,2048,7168,9055,9055,small_split/candidate:111,False,small_split,candidate,111,reports/opus_flydsl_all_20261009/small_split/build/candidate/experiments.so,7822e988744329482bbd6a7fcb5215b561e9aeada63a3aedf9cd5e541958a886,5242880,2,CPU actual header and launcher constraints,pending_gpu_stop,pending_gpu_stop
160,2048,7168,9055,9055,small_split/candidate:120,False,small_split,candidate,120,reports/opus_flydsl_all_20261009/small_split/build/candidate/experiments.so,7822e988744329482bbd6a7fcb5215b561e9aeada63a3aedf9cd5e541958a886,5242880,2,CPU actual header and launcher constraints,pending_gpu_stop,pending_gpu_stop
160,2048,7168,9055,9055,small_split/candidate:121,False,small_split,candidate,121,reports/opus_flydsl_all_20261009/small_split/build/candidate/experiments.so,7822e988744329482bbd6a7fcb5215b561e9aeada63a3aedf9cd5e541958a886,5242880,2,CPU actual header and launcher constraints,pending_gpu_stop,pending_gpu_stop
160,2048,7168,9055,9055,small_split/candidate:130,False,small_split,candidate,130,reports/opus_flydsl_all_20261009/small_split/build/candidate/experiments.so,7822e988744329482bbd6a7fcb5215b561e9aeada63a3aedf9cd5e541958a886,5242880,2,CPU actual header and launcher constraints,pending_gpu_stop,pending_gpu_stop
160,2048,7168,9055,9055,small_split/candidate:140,False,small_split,candidate,140,reports/opus_flydsl_all_20261009/small_split/build/candidate/experiments.so,7822e988744329482bbd6a7fcb5215b561e9aeada63a3aedf9cd5e541958a886,5242880,2,CPU actual header and launcher constraints,pending_gpu_stop,pending_gpu_stop
160,2048,7168,9055,9055,small_split/candidate:210,False,small_split,candidate,210,reports/opus_flydsl_all_20261009/small_split/build/candidate/experiments.so,7822e988744329482bbd6a7fcb5215b561e9aeada63a3aedf9cd5e541958a886,0,1,CPU actual header and launcher constraints,pending_gpu_stop,pending_gpu_stop
160,2048,7168,9055,9055,small_split/candidate:211,False,small_split,candidate,211,reports/opus_flydsl_all_20261009/small_split/build/candidate/experiments.so,7822e988744329482bbd6a7fcb5215b561e9aeada63a3aedf9cd5e541958a886,2621440,2,CPU actual header and launcher constraints,pending_gpu_stop,pending_gpu_stop
160,2048,7168,9055,9055,small_split/candidate:220,False,small_split,candidate,220,reports/opus_flydsl_all_20261009/small_split/build/candidate/experiments.so,7822e988744329482bbd6a7fcb5215b561e9aeada63a3aedf9cd5e541958a886,0,1,CPU actual header and launcher constraints,pending_gpu_stop,pending_gpu_stop
160,2048,7168,9055,9055,small_split/candidate:221,False,small_split,candidate,221,reports/opus_flydsl_all_20261009/small_split/build/candidate/experiments.so,7822e988744329482bbd6a7fcb5215b561e9aeada63a3aedf9cd5e541958a886,2621440,2,CPU actual header and launcher constraints,pending_gpu_stop,pending_gpu_stop
160,2048,7168,9055,9055,small_split/candidate:230,False,small_split,candidate,230,reports/opus_flydsl_all_20261009/small_split/build/candidate/experiments.so,7822e988744329482bbd6a7fcb5215b561e9aeada63a3aedf9cd5e541958a886,0,1,CPU actual header and launcher constraints,pending_gpu_stop,pending_gpu_stop
160,2048,7168,9055,9055,small_split/candidate:231,False,small_split,candidate,231,reports/opus_flydsl_all_20261009/small_split/build/candidate/experiments.so,7822e988744329482bbd6a7fcb5215b561e9aeada63a3aedf9cd5e541958a886,2621440,2,CPU actual header and launcher constraints,pending_gpu_stop,pending_gpu_stop
160,2048,7168,9055,9055,main_variants/main23:92000,False,main_variants,main23,92000,reports/opus_flydsl_all_20261009/main_variants/build/main23/experiments.so,55927bffd4f3b05b59e0eda5fad3d5b58396f525f618fed0eec4a1cb48df83b6,0,1,CPU actual header and launcher constraints,pending_gpu_stop,pending_gpu_stop
160,2048,7168,9055,9055,main_variants/main23:92001,False,main_variants,main23,92001,reports/opus_flydsl_all_20261009/main_variants/build/main23/experiments.so,55927bffd4f3b05b59e0eda5fad3d5b58396f525f618fed0eec4a1cb48df83b6,0,1,CPU actual header and launcher constraints,pending_gpu_stop,pending_gpu_stop
160,2048,7168,9055,9055,main_variants/main23:92002,False,main_variants,main23,92002,reports/opus_flydsl_all_20261009/main_variants/build/main23/experiments.so,55927bffd4f3b05b59e0eda5fad3d5b58396f525f618fed0eec4a1cb48df83b6,0,1,CPU actual header and launcher constraints,pending_gpu_stop,pending_gpu_stop
160,2048,7168,9055,9055,main_variants/main23:92008,False,main_variants,main23,92008,reports/opus_flydsl_all_20261009/main_variants/build/main23/experiments.so,55927bffd4f3b05b59e0eda5fad3d5b58396f525f618fed0eec4a1cb48df83b6,0,1,CPU actual header and launcher constraints,pending_gpu_stop,pending_gpu_stop
160,2048,7168,9055,9055,main_variants/main23:92009,False,main_variants,main23,92009,reports/opus_flydsl_all_20261009/main_variants/build/main23/experiments.so,55927bffd4f3b05b59e0eda5fad3d5b58396f525f618fed0eec4a1cb48df83b6,0,1,CPU actual header and launcher constraints,pending_gpu_stop,pending_gpu_stop
160,2048,7168,9055,9055,main_variants/main23:92011,False,main_variants,main23,92011,reports/opus_flydsl_all_20261009/main_variants/build/main23/experiments.so,55927bffd4f3b05b59e0eda5fad3d5b58396f525f618fed0eec4a1cb48df83b6,0,1,CPU actual header and launcher constraints,pending_gpu_stop,pending_gpu_stop
160,2048,7168,9055,9055,main_variants/main23:92012,False,main_variants,main23,92012,reports/opus_flydsl_all_20261009/main_variants/build/main23/experiments.so,55927bffd4f3b05b59e0eda5fad3d5b58396f525f618fed0eec4a1cb48df83b6,0,1,CPU actual header and launcher constraints,pending_gpu_stop,pending_gpu_stop
160,2048,7168,9055,9055,main_variants/pin24:92120,False,main_variants,pin24,92120,reports/opus_flydsl_all_20261009/main_variants/build/pin24/experiments.so,3b9fb951504917f017ffb87b5eb192be99453337cdf969b6800ff47283d2746d,0,1,CPU actual header and launcher constraints,pending_gpu_stop,pending_gpu_stop
176,768,7168,9055,9055,hybrid_small/direct_b_ahead1:9043,False,hybrid_small,direct_b_ahead1,9043,reports/opus_flydsl_all_20261009/hybrid_small/build/direct_b_ahead1/experiments.so,f836d9fe683f0246d403f5f5a3798db1696de05e3d2b34c18568533d5f0e9a8e,0,1,CPU actual header and launcher constraints,pending_gpu_stop,pending_gpu_stop
176,768,7168,9055,9055,hybrid_small/direct_b_ahead2:9043,False,hybrid_small,direct_b_ahead2,9043,reports/opus_flydsl_all_20261009/hybrid_small/build/direct_b_ahead2/experiments.so,b714e774c27dc34d257e48aa3072aecdbe680ed20db33116036258a31eafae93,0,1,CPU actual header and launcher constraints,pending_gpu_stop,pending_gpu_stop
176,768,7168,9055,9055,hybrid_small/direct_b_ahead3:9043,False,hybrid_small,direct_b_ahead3,9043,reports/opus_flydsl_all_20261009/hybrid_small/build/direct_b_ahead3/experiments.so,1d8e364ea7cc5bb5da75bb5b93d177a520a5c0fbbcbfe782c761e6014f076c42,0,1,CPU actual header and launcher constraints,pending_gpu_stop,pending_gpu_stop
176,768,7168,9055,9055,hybrid_small/direct_b_ahead1:9044,False,hybrid_small,direct_b_ahead1,9044,reports/opus_flydsl_all_20261009/hybrid_small/build/direct_b_ahead1/experiments.so,f836d9fe683f0246d403f5f5a3798db1696de05e3d2b34c18568533d5f0e9a8e,0,1,CPU actual header and launcher constraints,pending_gpu_stop,pending_gpu_stop
176,768,7168,9055,9055,hybrid_small/direct_b_ahead2:9044,False,hybrid_small,direct_b_ahead2,9044,reports/opus_flydsl_all_20261009/hybrid_small/build/direct_b_ahead2/experiments.so,b714e774c27dc34d257e48aa3072aecdbe680ed20db33116036258a31eafae93,0,1,CPU actual header and launcher constraints,pending_gpu_stop,pending_gpu_stop
176,768,7168,9055,9055,hybrid_small/direct_b_ahead3:9044,False,hybrid_small,direct_b_ahead3,9044,reports/opus_flydsl_all_20261009/hybrid_small/build/direct_b_ahead3/experiments.so,1d8e364ea7cc5bb5da75bb5b93d177a520a5c0fbbcbfe782c761e6014f076c42,0,1,CPU actual header and launcher constraints,pending_gpu_stop,pending_gpu_stop
176,768,7168,9055,9055,hybrid_small/direct_b_ahead1:9045,False,hybrid_small,direct_b_ahead1,9045,reports/opus_flydsl_all_20261009/hybrid_small/build/direct_b_ahead1/experiments.so,f836d9fe683f0246d403f5f5a3798db1696de05e3d2b34c18568533d5f0e9a8e,0,1,CPU actual header and launcher constraints,pending_gpu_stop,pending_gpu_stop
176,768,7168,9055,9055,hybrid_small/direct_b_ahead2:9045,False,hybrid_small,direct_b_ahead2,9045,reports/opus_flydsl_all_20261009/hybrid_small/build/direct_b_ahead2/experiments.so,b714e774c27dc34d257e48aa3072aecdbe680ed20db33116036258a31eafae93,0,1,CPU actual header and launcher constraints,pending_gpu_stop,pending_gpu_stop
176,768,7168,9055,9055,hybrid_small/direct_b_ahead3:9045,False,hybrid_small,direct_b_ahead3,9045,reports/opus_flydsl_all_20261009/hybrid_small/build/direct_b_ahead3/experiments.so,1d8e364ea7cc5bb5da75bb5b93d177a520a5c0fbbcbfe782c761e6014f076c42,0,1,CPU actual header and launcher constraints,pending_gpu_stop,pending_gpu_stop
176,768,7168,9055,9055,hybrid_small/direct_b_ahead1:9046,False,hybrid_small,direct_b_ahead1,9046,reports/opus_flydsl_all_20261009/hybrid_small/build/direct_b_ahead1/experiments.so,f836d9fe683f0246d403f5f5a3798db1696de05e3d2b34c18568533d5f0e9a8e,0,1,CPU actual header and launcher constraints,pending_gpu_stop,pending_gpu_stop
176,768,7168,9055,9055,hybrid_small/direct_b_ahead2:9046,False,hybrid_small,direct_b_ahead2,9046,reports/opus_flydsl_all_20261009/hybrid_small/build/direct_b_ahead2/experiments.so,b714e774c27dc34d257e48aa3072aecdbe680ed20db33116036258a31eafae93,0,1,CPU actual header and launcher constraints,pending_gpu_stop,pending_gpu_stop
176,768,7168,9055,9055,hybrid_small/direct_b_ahead3:9046,False,hybrid_small,direct_b_ahead3,9046,reports/opus_flydsl_all_20261009/hybrid_small/build/direct_b_ahead3/experiments.so,1d8e364ea7cc5bb5da75bb5b93d177a520a5c0fbbcbfe782c761e6014f076c42,0,1,CPU actual header and launcher constraints,pending_gpu_stop,pending_gpu_stop
176,768,7168,9055,9055,hybrid_small/direct_b_ahead1:9047,False,hybrid_small,direct_b_ahead1,9047,reports/opus_flydsl_all_20261009/hybrid_small/build/direct_b_ahead1/experiments.so,f836d9fe683f0246d403f5f5a3798db1696de05e3d2b34c18568533d5f0e9a8e,0,1,CPU actual header and launcher constraints,pending_gpu_stop,pending_gpu_stop
176,768,7168,9055,9055,hybrid_small/direct_b_ahead2:9047,False,hybrid_small,direct_b_ahead2,9047,reports/opus_flydsl_all_20261009/hybrid_small/build/direct_b_ahead2/experiments.so,b714e774c27dc34d257e48aa3072aecdbe680ed20db33116036258a31eafae93,0,1,CPU actual header and launcher constraints,pending_gpu_stop,pending_gpu_stop
176,768,7168,9055,9055,hybrid_small/direct_b_ahead3:9047,False,hybrid_small,direct_b_ahead3,9047,reports/opus_flydsl_all_20261009/hybrid_small/build/direct_b_ahead3/experiments.so,1d8e364ea7cc5bb5da75bb5b93d177a520a5c0fbbcbfe782c761e6014f076c42,0,1,CPU actual header and launcher constraints,pending_gpu_stop,pending_gpu_stop
176,768,7168,9055,9055,hybrid_small/direct_b_ahead1:9049,False,hybrid_small,direct_b_ahead1,9049,reports/opus_flydsl_all_20261009/hybrid_small/build/direct_b_ahead1/experiments.so,f836d9fe683f0246d403f5f5a3798db1696de05e3d2b34c18568533d5f0e9a8e,0,1,CPU actual header and launcher constraints,pending_gpu_stop,pending_gpu_stop
176,768,7168,9055,9055,hybrid_small/direct_b_ahead2:9049,False,hybrid_small,direct_b_ahead2,9049,reports/opus_flydsl_all_20261009/hybrid_small/build/direct_b_ahead2/experiments.so,b714e774c27dc34d257e48aa3072aecdbe680ed20db33116036258a31eafae93,0,1,CPU actual header and launcher constraints,pending_gpu_stop,pending_gpu_stop
176,768,7168,9055,9055,hybrid_small/direct_b_ahead3:9049,False,hybrid_small,direct_b_ahead3,9049,reports/opus_flydsl_all_20261009/hybrid_small/build/direct_b_ahead3/experiments.so,1d8e364ea7cc5bb5da75bb5b93d177a520a5c0fbbcbfe782c761e6014f076c42,0,1,CPU actual header and launcher constraints,pending_gpu_stop,pending_gpu_stop
176,768,7168,9055,9055,hybrid_small/direct_b_ahead1:9055,True,hybrid_small,direct_b_ahead1,9055,reports/opus_flydsl_all_20261009/hybrid_small/build/direct_b_ahead1/experiments.so,f836d9fe683f0246d403f5f5a3798db1696de05e3d2b34c18568533d5f0e9a8e,0,1,CPU actual header and launcher constraints,pending_gpu_stop,pending_gpu_stop
176,768,7168,9055,9055,hybrid_small/direct_b_ahead2:9055,True,hybrid_small,direct_b_ahead2,9055,reports/opus_flydsl_all_20261009/hybrid_small/build/direct_b_ahead2/experiments.so,b714e774c27dc34d257e48aa3072aecdbe680ed20db33116036258a31eafae93,0,1,CPU actual header and launcher constraints,pending_gpu_stop,pending_gpu_stop
176,768,7168,9055,9055,hybrid_small/direct_b_ahead3:9055,True,hybrid_small,direct_b_ahead3,9055,reports/opus_flydsl_all_20261009/hybrid_small/build/direct_b_ahead3/experiments.so,1d8e364ea7cc5bb5da75bb5b93d177a520a5c0fbbcbfe782c761e6014f076c42,0,1,CPU actual header and launcher constraints,pending_gpu_stop,pending_gpu_stop
176,768,7168,9055,9055,hybrid_small/direct_b_ahead1:9056,False,hybrid_small,direct_b_ahead1,9056,reports/opus_flydsl_all_20261009/hybrid_small/build/direct_b_ahead1/experiments.so,f836d9fe683f0246d403f5f5a3798db1696de05e3d2b34c18568533d5f0e9a8e,0,1,CPU actual header and launcher constraints,pending_gpu_stop,pending_gpu_stop
176,768,7168,9055,9055,hybrid_small/direct_b_ahead2:9056,False,hybrid_small,direct_b_ahead2,9056,reports/opus_flydsl_all_20261009/hybrid_small/build/direct_b_ahead2/experiments.so,b714e774c27dc34d257e48aa3072aecdbe680ed20db33116036258a31eafae93,0,1,CPU actual header and launcher constraints,pending_gpu_stop,pending_gpu_stop
176,768,7168,9055,9055,hybrid_small/direct_b_ahead3:9056,False,hybrid_small,direct_b_ahead3,9056,reports/opus_flydsl_all_20261009/hybrid_small/build/direct_b_ahead3/experiments.so,1d8e364ea7cc5bb5da75bb5b93d177a520a5c0fbbcbfe782c761e6014f076c42,0,1,CPU actual header and launcher constraints,pending_gpu_stop,pending_gpu_stop
176,768,7168,9055,9055,small_split/candidate:110,False,small_split,candidate,110,reports/opus_flydsl_all_20261009/small_split/build/candidate/experiments.so,7822e988744329482bbd6a7fcb5215b561e9aeada63a3aedf9cd5e541958a886,2162688,2,CPU actual header and launcher constraints,pending_gpu_stop,pending_gpu_stop
176,768,7168,9055,9055,small_split/candidate:111,False,small_split,candidate,111,reports/opus_flydsl_all_20261009/small_split/build/candidate/experiments.so,7822e988744329482bbd6a7fcb5215b561e9aeada63a3aedf9cd5e541958a886,2162688,2,CPU actual header and launcher constraints,pending_gpu_stop,pending_gpu_stop
176,768,7168,9055,9055,small_split/candidate:120,False,small_split,candidate,120,reports/opus_flydsl_all_20261009/small_split/build/candidate/experiments.so,7822e988744329482bbd6a7fcb5215b561e9aeada63a3aedf9cd5e541958a886,2162688,2,CPU actual header and launcher constraints,pending_gpu_stop,pending_gpu_stop
176,768,7168,9055,9055,small_split/candidate:121,False,small_split,candidate,121,reports/opus_flydsl_all_20261009/small_split/build/candidate/experiments.so,7822e988744329482bbd6a7fcb5215b561e9aeada63a3aedf9cd5e541958a886,2162688,2,CPU actual header and launcher constraints,pending_gpu_stop,pending_gpu_stop
176,768,7168,9055,9055,small_split/candidate:130,False,small_split,candidate,130,reports/opus_flydsl_all_20261009/small_split/build/candidate/experiments.so,7822e988744329482bbd6a7fcb5215b561e9aeada63a3aedf9cd5e541958a886,2162688,2,CPU actual header and launcher constraints,pending_gpu_stop,pending_gpu_stop
176,768,7168,9055,9055,small_split/candidate:140,False,small_split,candidate,140,reports/opus_flydsl_all_20261009/small_split/build/candidate/experiments.so,7822e988744329482bbd6a7fcb5215b561e9aeada63a3aedf9cd5e541958a886,2162688,2,CPU actual header and launcher constraints,pending_gpu_stop,pending_gpu_stop
176,768,7168,9055,9055,small_split/candidate:210,False,small_split,candidate,210,reports/opus_flydsl_all_20261009/small_split/build/candidate/experiments.so,7822e988744329482bbd6a7fcb5215b561e9aeada63a3aedf9cd5e541958a886,0,1,CPU actual header and launcher constraints,pending_gpu_stop,pending_gpu_stop
176,768,7168,9055,9055,small_split/candidate:211,False,small_split,candidate,211,reports/opus_flydsl_all_20261009/small_split/build/candidate/experiments.so,7822e988744329482bbd6a7fcb5215b561e9aeada63a3aedf9cd5e541958a886,1081344,2,CPU actual header and launcher constraints,pending_gpu_stop,pending_gpu_stop
176,768,7168,9055,9055,small_split/candidate:220,False,small_split,candidate,220,reports/opus_flydsl_all_20261009/small_split/build/candidate/experiments.so,7822e988744329482bbd6a7fcb5215b561e9aeada63a3aedf9cd5e541958a886,0,1,CPU actual header and launcher constraints,pending_gpu_stop,pending_gpu_stop
176,768,7168,9055,9055,small_split/candidate:221,False,small_split,candidate,221,reports/opus_flydsl_all_20261009/small_split/build/candidate/experiments.so,7822e988744329482bbd6a7fcb5215b561e9aeada63a3aedf9cd5e541958a886,1081344,2,CPU actual header and launcher constraints,pending_gpu_stop,pending_gpu_stop
176,768,7168,9055,9055,small_split/candidate:230,False,small_split,candidate,230,reports/opus_flydsl_all_20261009/small_split/build/candidate/experiments.so,7822e988744329482bbd6a7fcb5215b561e9aeada63a3aedf9cd5e541958a886,0,1,CPU actual header and launcher constraints,pending_gpu_stop,pending_gpu_stop
176,768,7168,9055,9055,small_split/candidate:231,False,small_split,candidate,231,reports/opus_flydsl_all_20261009/small_split/build/candidate/experiments.so,7822e988744329482bbd6a7fcb5215b561e9aeada63a3aedf9cd5e541958a886,1081344,2,CPU actual header and launcher constraints,pending_gpu_stop,pending_gpu_stop
176,768,7168,9055,9055,main_variants/main23:92000,False,main_variants,main23,92000,reports/opus_flydsl_all_20261009/main_variants/build/main23/experiments.so,55927bffd4f3b05b59e0eda5fad3d5b58396f525f618fed0eec4a1cb48df83b6,0,1,CPU actual header and launcher constraints,pending_gpu_stop,pending_gpu_stop
176,768,7168,9055,9055,main_variants/main23:92001,False,main_variants,main23,92001,reports/opus_flydsl_all_20261009/main_variants/build/main23/experiments.so,55927bffd4f3b05b59e0eda5fad3d5b58396f525f618fed0eec4a1cb48df83b6,0,1,CPU actual header and launcher constraints,pending_gpu_stop,pending_gpu_stop
176,768,7168,9055,9055,main_variants/main23:92002,False,main_variants,main23,92002,reports/opus_flydsl_all_20261009/main_variants/build/main23/experiments.so,55927bffd4f3b05b59e0eda5fad3d5b58396f525f618fed0eec4a1cb48df83b6,0,1,CPU actual header and launcher constraints,pending_gpu_stop,pending_gpu_stop
176,768,7168,9055,9055,main_variants/main23:92008,False,main_variants,main23,92008,reports/opus_flydsl_all_20261009/main_variants/build/main23/experiments.so,55927bffd4f3b05b59e0eda5fad3d5b58396f525f618fed0eec4a1cb48df83b6,0,1,CPU actual header and launcher constraints,pending_gpu_stop,pending_gpu_stop
176,768,7168,9055,9055,main_variants/main23:92009,False,main_variants,main23,92009,reports/opus_flydsl_all_20261009/main_variants/build/main23/experiments.so,55927bffd4f3b05b59e0eda5fad3d5b58396f525f618fed0eec4a1cb48df83b6,0,1,CPU actual header and launcher constraints,pending_gpu_stop,pending_gpu_stop
176,768,7168,9055,9055,main_variants/main23:92011,False,main_variants,main23,92011,reports/opus_flydsl_all_20261009/main_variants/build/main23/experiments.so,55927bffd4f3b05b59e0eda5fad3d5b58396f525f618fed0eec4a1cb48df83b6,0,1,CPU actual header and launcher constraints,pending_gpu_stop,pending_gpu_stop
176,768,7168,9055,9055,main_variants/main23:92012,False,main_variants,main23,92012,reports/opus_flydsl_all_20261009/main_variants/build/main23/experiments.so,55927bffd4f3b05b59e0eda5fad3d5b58396f525f618fed0eec4a1cb48df83b6,0,1,CPU actual header and launcher constraints,pending_gpu_stop,pending_gpu_stop
176,768,7168,9055,9055,main_variants/pin24:92120,False,main_variants,pin24,92120,reports/opus_flydsl_all_20261009/main_variants/build/pin24/experiments.so,3b9fb951504917f017ffb87b5eb192be99453337cdf969b6800ff47283d2746d,0,1,CPU actual header and launcher constraints,pending_gpu_stop,pending_gpu_stop
176,2048,7168,9055,9055,hybrid_small/direct_b_ahead1:9043,False,hybrid_small,direct_b_ahead1,9043,reports/opus_flydsl_all_20261009/hybrid_small/build/direct_b_ahead1/experiments.so,f836d9fe683f0246d403f5f5a3798db1696de05e3d2b34c18568533d5f0e9a8e,0,1,CPU actual header and launcher constraints,pending_gpu_stop,pending_gpu_stop
176,2048,7168,9055,9055,hybrid_small/direct_b_ahead2:9043,False,hybrid_small,direct_b_ahead2,9043,reports/opus_flydsl_all_20261009/hybrid_small/build/direct_b_ahead2/experiments.so,b714e774c27dc34d257e48aa3072aecdbe680ed20db33116036258a31eafae93,0,1,CPU actual header and launcher constraints,pending_gpu_stop,pending_gpu_stop
176,2048,7168,9055,9055,hybrid_small/direct_b_ahead3:9043,False,hybrid_small,direct_b_ahead3,9043,reports/opus_flydsl_all_20261009/hybrid_small/build/direct_b_ahead3/experiments.so,1d8e364ea7cc5bb5da75bb5b93d177a520a5c0fbbcbfe782c761e6014f076c42,0,1,CPU actual header and launcher constraints,pending_gpu_stop,pending_gpu_stop
176,2048,7168,9055,9055,hybrid_small/direct_b_ahead1:9044,False,hybrid_small,direct_b_ahead1,9044,reports/opus_flydsl_all_20261009/hybrid_small/build/direct_b_ahead1/experiments.so,f836d9fe683f0246d403f5f5a3798db1696de05e3d2b34c18568533d5f0e9a8e,0,1,CPU actual header and launcher constraints,pending_gpu_stop,pending_gpu_stop
176,2048,7168,9055,9055,hybrid_small/direct_b_ahead2:9044,False,hybrid_small,direct_b_ahead2,9044,reports/opus_flydsl_all_20261009/hybrid_small/build/direct_b_ahead2/experiments.so,b714e774c27dc34d257e48aa3072aecdbe680ed20db33116036258a31eafae93,0,1,CPU actual header and launcher constraints,pending_gpu_stop,pending_gpu_stop
176,2048,7168,9055,9055,hybrid_small/direct_b_ahead3:9044,False,hybrid_small,direct_b_ahead3,9044,reports/opus_flydsl_all_20261009/hybrid_small/build/direct_b_ahead3/experiments.so,1d8e364ea7cc5bb5da75bb5b93d177a520a5c0fbbcbfe782c761e6014f076c42,0,1,CPU actual header and launcher constraints,pending_gpu_stop,pending_gpu_stop
176,2048,7168,9055,9055,hybrid_small/direct_b_ahead1:9045,False,hybrid_small,direct_b_ahead1,9045,reports/opus_flydsl_all_20261009/hybrid_small/build/direct_b_ahead1/experiments.so,f836d9fe683f0246d403f5f5a3798db1696de05e3d2b34c18568533d5f0e9a8e,0,1,CPU actual header and launcher constraints,pending_gpu_stop,pending_gpu_stop
176,2048,7168,9055,9055,hybrid_small/direct_b_ahead2:9045,False,hybrid_small,direct_b_ahead2,9045,reports/opus_flydsl_all_20261009/hybrid_small/build/direct_b_ahead2/experiments.so,b714e774c27dc34d257e48aa3072aecdbe680ed20db33116036258a31eafae93,0,1,CPU actual header and launcher constraints,pending_gpu_stop,pending_gpu_stop
176,2048,7168,9055,9055,hybrid_small/direct_b_ahead3:9045,False,hybrid_small,direct_b_ahead3,9045,reports/opus_flydsl_all_20261009/hybrid_small/build/direct_b_ahead3/experiments.so,1d8e364ea7cc5bb5da75bb5b93d177a520a5c0fbbcbfe782c761e6014f076c42,0,1,CPU actual header and launcher constraints,pending_gpu_stop,pending_gpu_stop
176,2048,7168,9055,9055,hybrid_small/direct_b_ahead1:9046,False,hybrid_small,direct_b_ahead1,9046,reports/opus_flydsl_all_20261009/hybrid_small/build/direct_b_ahead1/experiments.so,f836d9fe683f0246d403f5f5a3798db1696de05e3d2b34c18568533d5f0e9a8e,0,1,CPU actual header and launcher constraints,pending_gpu_stop,pending_gpu_stop
176,2048,7168,9055,9055,hybrid_small/direct_b_ahead2:9046,False,hybrid_small,direct_b_ahead2,9046,reports/opus_flydsl_all_20261009/hybrid_small/build/direct_b_ahead2/experiments.so,b714e774c27dc34d257e48aa3072aecdbe680ed20db33116036258a31eafae93,0,1,CPU actual header and launcher constraints,pending_gpu_stop,pending_gpu_stop
176,2048,7168,9055,9055,hybrid_small/direct_b_ahead3:9046,False,hybrid_small,direct_b_ahead3,9046,reports/opus_flydsl_all_20261009/hybrid_small/build/direct_b_ahead3/experiments.so,1d8e364ea7cc5bb5da75bb5b93d177a520a5c0fbbcbfe782c761e6014f076c42,0,1,CPU actual header and launcher constraints,pending_gpu_stop,pending_gpu_stop
176,2048,7168,9055,9055,hybrid_small/direct_b_ahead1:9047,False,hybrid_small,direct_b_ahead1,9047,reports/opus_flydsl_all_20261009/hybrid_small/build/direct_b_ahead1/experiments.so,f836d9fe683f0246d403f5f5a3798db1696de05e3d2b34c18568533d5f0e9a8e,0,1,CPU actual header and launcher constraints,pending_gpu_stop,pending_gpu_stop
176,2048,7168,9055,9055,hybrid_small/direct_b_ahead2:9047,False,hybrid_small,direct_b_ahead2,9047,reports/opus_flydsl_all_20261009/hybrid_small/build/direct_b_ahead2/experiments.so,b714e774c27dc34d257e48aa3072aecdbe680ed20db33116036258a31eafae93,0,1,CPU actual header and launcher constraints,pending_gpu_stop,pending_gpu_stop
176,2048,7168,9055,9055,hybrid_small/direct_b_ahead3:9047,False,hybrid_small,direct_b_ahead3,9047,reports/opus_flydsl_all_20261009/hybrid_small/build/direct_b_ahead3/experiments.so,1d8e364ea7cc5bb5da75bb5b93d177a520a5c0fbbcbfe782c761e6014f076c42,0,1,CPU actual header and launcher constraints,pending_gpu_stop,pending_gpu_stop
176,2048,7168,9055,9055,hybrid_small/direct_b_ahead1:9049,False,hybrid_small,direct_b_ahead1,9049,reports/opus_flydsl_all_20261009/hybrid_small/build/direct_b_ahead1/experiments.so,f836d9fe683f0246d403f5f5a3798db1696de05e3d2b34c18568533d5f0e9a8e,0,1,CPU actual header and launcher constraints,pending_gpu_stop,pending_gpu_stop
176,2048,7168,9055,9055,hybrid_small/direct_b_ahead2:9049,False,hybrid_small,direct_b_ahead2,9049,reports/opus_flydsl_all_20261009/hybrid_small/build/direct_b_ahead2/experiments.so,b714e774c27dc34d257e48aa3072aecdbe680ed20db33116036258a31eafae93,0,1,CPU actual header and launcher constraints,pending_gpu_stop,pending_gpu_stop
176,2048,7168,9055,9055,hybrid_small/direct_b_ahead3:9049,False,hybrid_small,direct_b_ahead3,9049,reports/opus_flydsl_all_20261009/hybrid_small/build/direct_b_ahead3/experiments.so,1d8e364ea7cc5bb5da75bb5b93d177a520a5c0fbbcbfe782c761e6014f076c42,0,1,CPU actual header and launcher constraints,pending_gpu_stop,pending_gpu_stop
176,2048,7168,9055,9055,hybrid_small/direct_b_ahead1:9055,True,hybrid_small,direct_b_ahead1,9055,reports/opus_flydsl_all_20261009/hybrid_small/build/direct_b_ahead1/experiments.so,f836d9fe683f0246d403f5f5a3798db1696de05e3d2b34c18568533d5f0e9a8e,0,1,CPU actual header and launcher constraints,pending_gpu_stop,pending_gpu_stop
176,2048,7168,9055,9055,hybrid_small/direct_b_ahead2:9055,True,hybrid_small,direct_b_ahead2,9055,reports/opus_flydsl_all_20261009/hybrid_small/build/direct_b_ahead2/experiments.so,b714e774c27dc34d257e48aa3072aecdbe680ed20db33116036258a31eafae93,0,1,CPU actual header and launcher constraints,pending_gpu_stop,pending_gpu_stop
176,2048,7168,9055,9055,hybrid_small/direct_b_ahead3:9055,True,hybrid_small,direct_b_ahead3,9055,reports/opus_flydsl_all_20261009/hybrid_small/build/direct_b_ahead3/experiments.so,1d8e364ea7cc5bb5da75bb5b93d177a520a5c0fbbcbfe782c761e6014f076c42,0,1,CPU actual header and launcher constraints,pending_gpu_stop,pending_gpu_stop
176,2048,7168,9055,9055,hybrid_small/direct_b_ahead1:9056,False,hybrid_small,direct_b_ahead1,9056,reports/opus_flydsl_all_20261009/hybrid_small/build/direct_b_ahead1/experiments.so,f836d9fe683f0246d403f5f5a3798db1696de05e3d2b34c18568533d5f0e9a8e,0,1,CPU actual header and launcher constraints,pending_gpu_stop,pending_gpu_stop
176,2048,7168,9055,9055,hybrid_small/direct_b_ahead2:9056,False,hybrid_small,direct_b_ahead2,9056,reports/opus_flydsl_all_20261009/hybrid_small/build/direct_b_ahead2/experiments.so,b714e774c27dc34d257e48aa3072aecdbe680ed20db33116036258a31eafae93,0,1,CPU actual header and launcher constraints,pending_gpu_stop,pending_gpu_stop
176,2048,7168,9055,9055,hybrid_small/direct_b_ahead3:9056,False,hybrid_small,direct_b_ahead3,9056,reports/opus_flydsl_all_20261009/hybrid_small/build/direct_b_ahead3/experiments.so,1d8e364ea7cc5bb5da75bb5b93d177a520a5c0fbbcbfe782c761e6014f076c42,0,1,CPU actual header and launcher constraints,pending_gpu_stop,pending_gpu_stop
176,2048,7168,9055,9055,small_split/candidate:110,False,small_split,candidate,110,reports/opus_flydsl_all_20261009/small_split/build/candidate/experiments.so,7822e988744329482bbd6a7fcb5215b561e9aeada63a3aedf9cd5e541958a886,5767168,2,CPU actual header and launcher constraints,pending_gpu_stop,pending_gpu_stop
176,2048,7168,9055,9055,small_split/candidate:111,False,small_split,candidate,111,reports/opus_flydsl_all_20261009/small_split/build/candidate/experiments.so,7822e988744329482bbd6a7fcb5215b561e9aeada63a3aedf9cd5e541958a886,5767168,2,CPU actual header and launcher constraints,pending_gpu_stop,pending_gpu_stop
176,2048,7168,9055,9055,small_split/candidate:120,False,small_split,candidate,120,reports/opus_flydsl_all_20261009/small_split/build/candidate/experiments.so,7822e988744329482bbd6a7fcb5215b561e9aeada63a3aedf9cd5e541958a886,5767168,2,CPU actual header and launcher constraints,pending_gpu_stop,pending_gpu_stop
176,2048,7168,9055,9055,small_split/candidate:121,False,small_split,candidate,121,reports/opus_flydsl_all_20261009/small_split/build/candidate/experiments.so,7822e988744329482bbd6a7fcb5215b561e9aeada63a3aedf9cd5e541958a886,5767168,2,CPU actual header and launcher constraints,pending_gpu_stop,pending_gpu_stop
176,2048,7168,9055,9055,small_split/candidate:130,False,small_split,candidate,130,reports/opus_flydsl_all_20261009/small_split/build/candidate/experiments.so,7822e988744329482bbd6a7fcb5215b561e9aeada63a3aedf9cd5e541958a886,5767168,2,CPU actual header and launcher constraints,pending_gpu_stop,pending_gpu_stop
176,2048,7168,9055,9055,small_split/candidate:140,False,small_split,candidate,140,reports/opus_flydsl_all_20261009/small_split/build/candidate/experiments.so,7822e988744329482bbd6a7fcb5215b561e9aeada63a3aedf9cd5e541958a886,5767168,2,CPU actual header and launcher constraints,pending_gpu_stop,pending_gpu_stop
176,2048,7168,9055,9055,small_split/candidate:210,False,small_split,candidate,210,reports/opus_flydsl_all_20261009/small_split/build/candidate/experiments.so,7822e988744329482bbd6a7fcb5215b561e9aeada63a3aedf9cd5e541958a886,0,1,CPU actual header and launcher constraints,pending_gpu_stop,pending_gpu_stop
176,2048,7168,9055,9055,small_split/candidate:211,False,small_split,candidate,211,reports/opus_flydsl_all_20261009/small_split/build/candidate/experiments.so,7822e988744329482bbd6a7fcb5215b561e9aeada63a3aedf9cd5e541958a886,2883584,2,CPU actual header and launcher constraints,pending_gpu_stop,pending_gpu_stop
176,2048,7168,9055,9055,small_split/candidate:220,False,small_split,candidate,220,reports/opus_flydsl_all_20261009/small_split/build/candidate/experiments.so,7822e988744329482bbd6a7fcb5215b561e9aeada63a3aedf9cd5e541958a886,0,1,CPU actual header and launcher constraints,pending_gpu_stop,pending_gpu_stop
176,2048,7168,9055,9055,small_split/candidate:221,False,small_split,candidate,221,reports/opus_flydsl_all_20261009/small_split/build/candidate/experiments.so,7822e988744329482bbd6a7fcb5215b561e9aeada63a3aedf9cd5e541958a886,2883584,2,CPU actual header and launcher constraints,pending_gpu_stop,pending_gpu_stop
176,2048,7168,9055,9055,small_split/candidate:230,False,small_split,candidate,230,reports/opus_flydsl_all_20261009/small_split/build/candidate/experiments.so,7822e988744329482bbd6a7fcb5215b561e9aeada63a3aedf9cd5e541958a886,0,1,CPU actual header and launcher constraints,pending_gpu_stop,pending_gpu_stop
176,2048,7168,9055,9055,small_split/candidate:231,False,small_split,candidate,231,reports/opus_flydsl_all_20261009/small_split/build/candidate/experiments.so,7822e988744329482bbd6a7fcb5215b561e9aeada63a3aedf9cd5e541958a886,2883584,2,CPU actual header and launcher constraints,pending_gpu_stop,pending_gpu_stop
176,2048,7168,9055,9055,main_variants/main23:92000,False,main_variants,main23,92000,reports/opus_flydsl_all_20261009/main_variants/build/main23/experiments.so,55927bffd4f3b05b59e0eda5fad3d5b58396f525f618fed0eec4a1cb48df83b6,0,1,CPU actual header and launcher constraints,pending_gpu_stop,pending_gpu_stop
176,2048,7168,9055,9055,main_variants/main23:92001,False,main_variants,main23,92001,reports/opus_flydsl_all_20261009/main_variants/build/main23/experiments.so,55927bffd4f3b05b59e0eda5fad3d5b58396f525f618fed0eec4a1cb48df83b6,0,1,CPU actual header and launcher constraints,pending_gpu_stop,pending_gpu_stop
176,2048,7168,9055,9055,main_variants/main23:92002,False,main_variants,main23,92002,reports/opus_flydsl_all_20261009/main_variants/build/main23/experiments.so,55927bffd4f3b05b59e0eda5fad3d5b58396f525f618fed0eec4a1cb48df83b6,0,1,CPU actual header and launcher constraints,pending_gpu_stop,pending_gpu_stop
176,2048,7168,9055,9055,main_variants/main23:92008,False,main_variants,main23,92008,reports/opus_flydsl_all_20261009/main_variants/build/main23/experiments.so,55927bffd4f3b05b59e0eda5fad3d5b58396f525f618fed0eec4a1cb48df83b6,0,1,CPU actual header and launcher constraints,pending_gpu_stop,pending_gpu_stop
176,2048,7168,9055,9055,main_variants/main23:92009,False,main_variants,main23,92009,reports/opus_flydsl_all_20261009/main_variants/build/main23/experiments.so,55927bffd4f3b05b59e0eda5fad3d5b58396f525f618fed0eec4a1cb48df83b6,0,1,CPU actual header and launcher constraints,pending_gpu_stop,pending_gpu_stop
176,2048,7168,9055,9055,main_variants/main23:92011,False,main_variants,main23,92011,reports/opus_flydsl_all_20261009/main_variants/build/main23/experiments.so,55927bffd4f3b05b59e0eda5fad3d5b58396f525f618fed0eec4a1cb48df83b6,0,1,CPU actual header and launcher constraints,pending_gpu_stop,pending_gpu_stop
176,2048,7168,9055,9055,main_variants/main23:92012,False,main_variants,main23,92012,reports/opus_flydsl_all_20261009/main_variants/build/main23/experiments.so,55927bffd4f3b05b59e0eda5fad3d5b58396f525f618fed0eec4a1cb48df83b6,0,1,CPU actual header and launcher constraints,pending_gpu_stop,pending_gpu_stop
176,2048,7168,9055,9055,main_variants/pin24:92120,False,main_variants,pin24,92120,reports/opus_flydsl_all_20261009/main_variants/build/pin24/experiments.so,3b9fb951504917f017ffb87b5eb192be99453337cdf969b6800ff47283d2746d,0,1,CPU actual header and launcher constraints,pending_gpu_stop,pending_gpu_stop
192,768,7168,9055,9055,hybrid_small/direct_b_ahead1:9043,False,hybrid_small,direct_b_ahead1,9043,reports/opus_flydsl_all_20261009/hybrid_small/build/direct_b_ahead1/experiments.so,f836d9fe683f0246d403f5f5a3798db1696de05e3d2b34c18568533d5f0e9a8e,0,1,CPU actual header and launcher constraints,pending_gpu_stop,pending_gpu_stop
192,768,7168,9055,9055,hybrid_small/direct_b_ahead2:9043,False,hybrid_small,direct_b_ahead2,9043,reports/opus_flydsl_all_20261009/hybrid_small/build/direct_b_ahead2/experiments.so,b714e774c27dc34d257e48aa3072aecdbe680ed20db33116036258a31eafae93,0,1,CPU actual header and launcher constraints,pending_gpu_stop,pending_gpu_stop
192,768,7168,9055,9055,hybrid_small/direct_b_ahead3:9043,False,hybrid_small,direct_b_ahead3,9043,reports/opus_flydsl_all_20261009/hybrid_small/build/direct_b_ahead3/experiments.so,1d8e364ea7cc5bb5da75bb5b93d177a520a5c0fbbcbfe782c761e6014f076c42,0,1,CPU actual header and launcher constraints,pending_gpu_stop,pending_gpu_stop
192,768,7168,9055,9055,hybrid_small/direct_b_ahead1:9044,False,hybrid_small,direct_b_ahead1,9044,reports/opus_flydsl_all_20261009/hybrid_small/build/direct_b_ahead1/experiments.so,f836d9fe683f0246d403f5f5a3798db1696de05e3d2b34c18568533d5f0e9a8e,0,1,CPU actual header and launcher constraints,pending_gpu_stop,pending_gpu_stop
192,768,7168,9055,9055,hybrid_small/direct_b_ahead2:9044,False,hybrid_small,direct_b_ahead2,9044,reports/opus_flydsl_all_20261009/hybrid_small/build/direct_b_ahead2/experiments.so,b714e774c27dc34d257e48aa3072aecdbe680ed20db33116036258a31eafae93,0,1,CPU actual header and launcher constraints,pending_gpu_stop,pending_gpu_stop
192,768,7168,9055,9055,hybrid_small/direct_b_ahead3:9044,False,hybrid_small,direct_b_ahead3,9044,reports/opus_flydsl_all_20261009/hybrid_small/build/direct_b_ahead3/experiments.so,1d8e364ea7cc5bb5da75bb5b93d177a520a5c0fbbcbfe782c761e6014f076c42,0,1,CPU actual header and launcher constraints,pending_gpu_stop,pending_gpu_stop
192,768,7168,9055,9055,hybrid_small/direct_b_ahead1:9045,False,hybrid_small,direct_b_ahead1,9045,reports/opus_flydsl_all_20261009/hybrid_small/build/direct_b_ahead1/experiments.so,f836d9fe683f0246d403f5f5a3798db1696de05e3d2b34c18568533d5f0e9a8e,0,1,CPU actual header and launcher constraints,pending_gpu_stop,pending_gpu_stop
192,768,7168,9055,9055,hybrid_small/direct_b_ahead2:9045,False,hybrid_small,direct_b_ahead2,9045,reports/opus_flydsl_all_20261009/hybrid_small/build/direct_b_ahead2/experiments.so,b714e774c27dc34d257e48aa3072aecdbe680ed20db33116036258a31eafae93,0,1,CPU actual header and launcher constraints,pending_gpu_stop,pending_gpu_stop
192,768,7168,9055,9055,hybrid_small/direct_b_ahead3:9045,False,hybrid_small,direct_b_ahead3,9045,reports/opus_flydsl_all_20261009/hybrid_small/build/direct_b_ahead3/experiments.so,1d8e364ea7cc5bb5da75bb5b93d177a520a5c0fbbcbfe782c761e6014f076c42,0,1,CPU actual header and launcher constraints,pending_gpu_stop,pending_gpu_stop
192,768,7168,9055,9055,hybrid_small/direct_b_ahead1:9046,False,hybrid_small,direct_b_ahead1,9046,reports/opus_flydsl_all_20261009/hybrid_small/build/direct_b_ahead1/experiments.so,f836d9fe683f0246d403f5f5a3798db1696de05e3d2b34c18568533d5f0e9a8e,0,1,CPU actual header and launcher constraints,pending_gpu_stop,pending_gpu_stop
192,768,7168,9055,9055,hybrid_small/direct_b_ahead2:9046,False,hybrid_small,direct_b_ahead2,9046,reports/opus_flydsl_all_20261009/hybrid_small/build/direct_b_ahead2/experiments.so,b714e774c27dc34d257e48aa3072aecdbe680ed20db33116036258a31eafae93,0,1,CPU actual header and launcher constraints,pending_gpu_stop,pending_gpu_stop
192,768,7168,9055,9055,hybrid_small/direct_b_ahead3:9046,False,hybrid_small,direct_b_ahead3,9046,reports/opus_flydsl_all_20261009/hybrid_small/build/direct_b_ahead3/experiments.so,1d8e364ea7cc5bb5da75bb5b93d177a520a5c0fbbcbfe782c761e6014f076c42,0,1,CPU actual header and launcher constraints,pending_gpu_stop,pending_gpu_stop
192,768,7168,9055,9055,hybrid_small/direct_b_ahead1:9047,False,hybrid_small,direct_b_ahead1,9047,reports/opus_flydsl_all_20261009/hybrid_small/build/direct_b_ahead1/experiments.so,f836d9fe683f0246d403f5f5a3798db1696de05e3d2b34c18568533d5f0e9a8e,0,1,CPU actual header and launcher constraints,pending_gpu_stop,pending_gpu_stop
192,768,7168,9055,9055,hybrid_small/direct_b_ahead2:9047,False,hybrid_small,direct_b_ahead2,9047,reports/opus_flydsl_all_20261009/hybrid_small/build/direct_b_ahead2/experiments.so,b714e774c27dc34d257e48aa3072aecdbe680ed20db33116036258a31eafae93,0,1,CPU actual header and launcher constraints,pending_gpu_stop,pending_gpu_stop
192,768,7168,9055,9055,hybrid_small/direct_b_ahead3:9047,False,hybrid_small,direct_b_ahead3,9047,reports/opus_flydsl_all_20261009/hybrid_small/build/direct_b_ahead3/experiments.so,1d8e364ea7cc5bb5da75bb5b93d177a520a5c0fbbcbfe782c761e6014f076c42,0,1,CPU actual header and launcher constraints,pending_gpu_stop,pending_gpu_stop
192,768,7168,9055,9055,hybrid_small/direct_b_ahead1:9049,False,hybrid_small,direct_b_ahead1,9049,reports/opus_flydsl_all_20261009/hybrid_small/build/direct_b_ahead1/experiments.so,f836d9fe683f0246d403f5f5a3798db1696de05e3d2b34c18568533d5f0e9a8e,0,1,CPU actual header and launcher constraints,pending_gpu_stop,pending_gpu_stop
192,768,7168,9055,9055,hybrid_small/direct_b_ahead2:9049,False,hybrid_small,direct_b_ahead2,9049,reports/opus_flydsl_all_20261009/hybrid_small/build/direct_b_ahead2/experiments.so,b714e774c27dc34d257e48aa3072aecdbe680ed20db33116036258a31eafae93,0,1,CPU actual header and launcher constraints,pending_gpu_stop,pending_gpu_stop
192,768,7168,9055,9055,hybrid_small/direct_b_ahead3:9049,False,hybrid_small,direct_b_ahead3,9049,reports/opus_flydsl_all_20261009/hybrid_small/build/direct_b_ahead3/experiments.so,1d8e364ea7cc5bb5da75bb5b93d177a520a5c0fbbcbfe782c761e6014f076c42,0,1,CPU actual header and launcher constraints,pending_gpu_stop,pending_gpu_stop
192,768,7168,9055,9055,hybrid_small/direct_b_ahead1:9055,True,hybrid_small,direct_b_ahead1,9055,reports/opus_flydsl_all_20261009/hybrid_small/build/direct_b_ahead1/experiments.so,f836d9fe683f0246d403f5f5a3798db1696de05e3d2b34c18568533d5f0e9a8e,0,1,CPU actual header and launcher constraints,pending_gpu_stop,pending_gpu_stop
192,768,7168,9055,9055,hybrid_small/direct_b_ahead2:9055,True,hybrid_small,direct_b_ahead2,9055,reports/opus_flydsl_all_20261009/hybrid_small/build/direct_b_ahead2/experiments.so,b714e774c27dc34d257e48aa3072aecdbe680ed20db33116036258a31eafae93,0,1,CPU actual header and launcher constraints,pending_gpu_stop,pending_gpu_stop
192,768,7168,9055,9055,hybrid_small/direct_b_ahead3:9055,True,hybrid_small,direct_b_ahead3,9055,reports/opus_flydsl_all_20261009/hybrid_small/build/direct_b_ahead3/experiments.so,1d8e364ea7cc5bb5da75bb5b93d177a520a5c0fbbcbfe782c761e6014f076c42,0,1,CPU actual header and launcher constraints,pending_gpu_stop,pending_gpu_stop
192,768,7168,9055,9055,hybrid_small/direct_b_ahead1:9056,False,hybrid_small,direct_b_ahead1,9056,reports/opus_flydsl_all_20261009/hybrid_small/build/direct_b_ahead1/experiments.so,f836d9fe683f0246d403f5f5a3798db1696de05e3d2b34c18568533d5f0e9a8e,0,1,CPU actual header and launcher constraints,pending_gpu_stop,pending_gpu_stop
192,768,7168,9055,9055,hybrid_small/direct_b_ahead2:9056,False,hybrid_small,direct_b_ahead2,9056,reports/opus_flydsl_all_20261009/hybrid_small/build/direct_b_ahead2/experiments.so,b714e774c27dc34d257e48aa3072aecdbe680ed20db33116036258a31eafae93,0,1,CPU actual header and launcher constraints,pending_gpu_stop,pending_gpu_stop
192,768,7168,9055,9055,hybrid_small/direct_b_ahead3:9056,False,hybrid_small,direct_b_ahead3,9056,reports/opus_flydsl_all_20261009/hybrid_small/build/direct_b_ahead3/experiments.so,1d8e364ea7cc5bb5da75bb5b93d177a520a5c0fbbcbfe782c761e6014f076c42,0,1,CPU actual header and launcher constraints,pending_gpu_stop,pending_gpu_stop
192,768,7168,9055,9055,small_split/candidate:110,False,small_split,candidate,110,reports/opus_flydsl_all_20261009/small_split/build/candidate/experiments.so,7822e988744329482bbd6a7fcb5215b561e9aeada63a3aedf9cd5e541958a886,2359296,2,CPU actual header and launcher constraints,pending_gpu_stop,pending_gpu_stop
192,768,7168,9055,9055,small_split/candidate:111,False,small_split,candidate,111,reports/opus_flydsl_all_20261009/small_split/build/candidate/experiments.so,7822e988744329482bbd6a7fcb5215b561e9aeada63a3aedf9cd5e541958a886,2359296,2,CPU actual header and launcher constraints,pending_gpu_stop,pending_gpu_stop
192,768,7168,9055,9055,small_split/candidate:120,False,small_split,candidate,120,reports/opus_flydsl_all_20261009/small_split/build/candidate/experiments.so,7822e988744329482bbd6a7fcb5215b561e9aeada63a3aedf9cd5e541958a886,2359296,2,CPU actual header and launcher constraints,pending_gpu_stop,pending_gpu_stop
192,768,7168,9055,9055,small_split/candidate:121,False,small_split,candidate,121,reports/opus_flydsl_all_20261009/small_split/build/candidate/experiments.so,7822e988744329482bbd6a7fcb5215b561e9aeada63a3aedf9cd5e541958a886,2359296,2,CPU actual header and launcher constraints,pending_gpu_stop,pending_gpu_stop
192,768,7168,9055,9055,small_split/candidate:130,False,small_split,candidate,130,reports/opus_flydsl_all_20261009/small_split/build/candidate/experiments.so,7822e988744329482bbd6a7fcb5215b561e9aeada63a3aedf9cd5e541958a886,2359296,2,CPU actual header and launcher constraints,pending_gpu_stop,pending_gpu_stop
192,768,7168,9055,9055,small_split/candidate:140,False,small_split,candidate,140,reports/opus_flydsl_all_20261009/small_split/build/candidate/experiments.so,7822e988744329482bbd6a7fcb5215b561e9aeada63a3aedf9cd5e541958a886,2359296,2,CPU actual header and launcher constraints,pending_gpu_stop,pending_gpu_stop
192,768,7168,9055,9055,small_split/candidate:210,False,small_split,candidate,210,reports/opus_flydsl_all_20261009/small_split/build/candidate/experiments.so,7822e988744329482bbd6a7fcb5215b561e9aeada63a3aedf9cd5e541958a886,0,1,CPU actual header and launcher constraints,pending_gpu_stop,pending_gpu_stop
192,768,7168,9055,9055,small_split/candidate:211,False,small_split,candidate,211,reports/opus_flydsl_all_20261009/small_split/build/candidate/experiments.so,7822e988744329482bbd6a7fcb5215b561e9aeada63a3aedf9cd5e541958a886,1179648,2,CPU actual header and launcher constraints,pending_gpu_stop,pending_gpu_stop
192,768,7168,9055,9055,small_split/candidate:220,False,small_split,candidate,220,reports/opus_flydsl_all_20261009/small_split/build/candidate/experiments.so,7822e988744329482bbd6a7fcb5215b561e9aeada63a3aedf9cd5e541958a886,0,1,CPU actual header and launcher constraints,pending_gpu_stop,pending_gpu_stop
192,768,7168,9055,9055,small_split/candidate:221,False,small_split,candidate,221,reports/opus_flydsl_all_20261009/small_split/build/candidate/experiments.so,7822e988744329482bbd6a7fcb5215b561e9aeada63a3aedf9cd5e541958a886,1179648,2,CPU actual header and launcher constraints,pending_gpu_stop,pending_gpu_stop
192,768,7168,9055,9055,small_split/candidate:230,False,small_split,candidate,230,reports/opus_flydsl_all_20261009/small_split/build/candidate/experiments.so,7822e988744329482bbd6a7fcb5215b561e9aeada63a3aedf9cd5e541958a886,0,1,CPU actual header and launcher constraints,pending_gpu_stop,pending_gpu_stop
192,768,7168,9055,9055,small_split/candidate:231,False,small_split,candidate,231,reports/opus_flydsl_all_20261009/small_split/build/candidate/experiments.so,7822e988744329482bbd6a7fcb5215b561e9aeada63a3aedf9cd5e541958a886,1179648,2,CPU actual header and launcher constraints,pending_gpu_stop,pending_gpu_stop
192,768,7168,9055,9055,main_variants/main23:92000,False,main_variants,main23,92000,reports/opus_flydsl_all_20261009/main_variants/build/main23/experiments.so,55927bffd4f3b05b59e0eda5fad3d5b58396f525f618fed0eec4a1cb48df83b6,0,1,CPU actual header and launcher constraints,pending_gpu_stop,pending_gpu_stop
192,768,7168,9055,9055,main_variants/main23:92001,False,main_variants,main23,92001,reports/opus_flydsl_all_20261009/main_variants/build/main23/experiments.so,55927bffd4f3b05b59e0eda5fad3d5b58396f525f618fed0eec4a1cb48df83b6,0,1,CPU actual header and launcher constraints,pending_gpu_stop,pending_gpu_stop
192,768,7168,9055,9055,main_variants/main23:92002,False,main_variants,main23,92002,reports/opus_flydsl_all_20261009/main_variants/build/main23/experiments.so,55927bffd4f3b05b59e0eda5fad3d5b58396f525f618fed0eec4a1cb48df83b6,0,1,CPU actual header and launcher constraints,pending_gpu_stop,pending_gpu_stop
192,768,7168,9055,9055,main_variants/main23:92008,False,main_variants,main23,92008,reports/opus_flydsl_all_20261009/main_variants/build/main23/experiments.so,55927bffd4f3b05b59e0eda5fad3d5b58396f525f618fed0eec4a1cb48df83b6,0,1,CPU actual header and launcher constraints,pending_gpu_stop,pending_gpu_stop
192,768,7168,9055,9055,main_variants/main23:92009,False,main_variants,main23,92009,reports/opus_flydsl_all_20261009/main_variants/build/main23/experiments.so,55927bffd4f3b05b59e0eda5fad3d5b58396f525f618fed0eec4a1cb48df83b6,0,1,CPU actual header and launcher constraints,pending_gpu_stop,pending_gpu_stop
192,768,7168,9055,9055,main_variants/main23:92011,False,main_variants,main23,92011,reports/opus_flydsl_all_20261009/main_variants/build/main23/experiments.so,55927bffd4f3b05b59e0eda5fad3d5b58396f525f618fed0eec4a1cb48df83b6,0,1,CPU actual header and launcher constraints,pending_gpu_stop,pending_gpu_stop
192,768,7168,9055,9055,main_variants/main23:92012,False,main_variants,main23,92012,reports/opus_flydsl_all_20261009/main_variants/build/main23/experiments.so,55927bffd4f3b05b59e0eda5fad3d5b58396f525f618fed0eec4a1cb48df83b6,0,1,CPU actual header and launcher constraints,pending_gpu_stop,pending_gpu_stop
192,768,7168,9055,9055,main_variants/pin24:92120,False,main_variants,pin24,92120,reports/opus_flydsl_all_20261009/main_variants/build/pin24/experiments.so,3b9fb951504917f017ffb87b5eb192be99453337cdf969b6800ff47283d2746d,0,1,CPU actual header and launcher constraints,pending_gpu_stop,pending_gpu_stop
192,2048,7168,9055,9055,hybrid_small/direct_b_ahead1:9043,False,hybrid_small,direct_b_ahead1,9043,reports/opus_flydsl_all_20261009/hybrid_small/build/direct_b_ahead1/experiments.so,f836d9fe683f0246d403f5f5a3798db1696de05e3d2b34c18568533d5f0e9a8e,0,1,CPU actual header and launcher constraints,pending_gpu_stop,pending_gpu_stop
192,2048,7168,9055,9055,hybrid_small/direct_b_ahead2:9043,False,hybrid_small,direct_b_ahead2,9043,reports/opus_flydsl_all_20261009/hybrid_small/build/direct_b_ahead2/experiments.so,b714e774c27dc34d257e48aa3072aecdbe680ed20db33116036258a31eafae93,0,1,CPU actual header and launcher constraints,pending_gpu_stop,pending_gpu_stop
192,2048,7168,9055,9055,hybrid_small/direct_b_ahead3:9043,False,hybrid_small,direct_b_ahead3,9043,reports/opus_flydsl_all_20261009/hybrid_small/build/direct_b_ahead3/experiments.so,1d8e364ea7cc5bb5da75bb5b93d177a520a5c0fbbcbfe782c761e6014f076c42,0,1,CPU actual header and launcher constraints,pending_gpu_stop,pending_gpu_stop
192,2048,7168,9055,9055,hybrid_small/direct_b_ahead1:9044,False,hybrid_small,direct_b_ahead1,9044,reports/opus_flydsl_all_20261009/hybrid_small/build/direct_b_ahead1/experiments.so,f836d9fe683f0246d403f5f5a3798db1696de05e3d2b34c18568533d5f0e9a8e,0,1,CPU actual header and launcher constraints,pending_gpu_stop,pending_gpu_stop
192,2048,7168,9055,9055,hybrid_small/direct_b_ahead2:9044,False,hybrid_small,direct_b_ahead2,9044,reports/opus_flydsl_all_20261009/hybrid_small/build/direct_b_ahead2/experiments.so,b714e774c27dc34d257e48aa3072aecdbe680ed20db33116036258a31eafae93,0,1,CPU actual header and launcher constraints,pending_gpu_stop,pending_gpu_stop
192,2048,7168,9055,9055,hybrid_small/direct_b_ahead3:9044,False,hybrid_small,direct_b_ahead3,9044,reports/opus_flydsl_all_20261009/hybrid_small/build/direct_b_ahead3/experiments.so,1d8e364ea7cc5bb5da75bb5b93d177a520a5c0fbbcbfe782c761e6014f076c42,0,1,CPU actual header and launcher constraints,pending_gpu_stop,pending_gpu_stop
192,2048,7168,9055,9055,hybrid_small/direct_b_ahead1:9045,False,hybrid_small,direct_b_ahead1,9045,reports/opus_flydsl_all_20261009/hybrid_small/build/direct_b_ahead1/experiments.so,f836d9fe683f0246d403f5f5a3798db1696de05e3d2b34c18568533d5f0e9a8e,0,1,CPU actual header and launcher constraints,pending_gpu_stop,pending_gpu_stop
192,2048,7168,9055,9055,hybrid_small/direct_b_ahead2:9045,False,hybrid_small,direct_b_ahead2,9045,reports/opus_flydsl_all_20261009/hybrid_small/build/direct_b_ahead2/experiments.so,b714e774c27dc34d257e48aa3072aecdbe680ed20db33116036258a31eafae93,0,1,CPU actual header and launcher constraints,pending_gpu_stop,pending_gpu_stop
192,2048,7168,9055,9055,hybrid_small/direct_b_ahead3:9045,False,hybrid_small,direct_b_ahead3,9045,reports/opus_flydsl_all_20261009/hybrid_small/build/direct_b_ahead3/experiments.so,1d8e364ea7cc5bb5da75bb5b93d177a520a5c0fbbcbfe782c761e6014f076c42,0,1,CPU actual header and launcher constraints,pending_gpu_stop,pending_gpu_stop
192,2048,7168,9055,9055,hybrid_small/direct_b_ahead1:9046,False,hybrid_small,direct_b_ahead1,9046,reports/opus_flydsl_all_20261009/hybrid_small/build/direct_b_ahead1/experiments.so,f836d9fe683f0246d403f5f5a3798db1696de05e3d2b34c18568533d5f0e9a8e,0,1,CPU actual header and launcher constraints,pending_gpu_stop,pending_gpu_stop
192,2048,7168,9055,9055,hybrid_small/direct_b_ahead2:9046,False,hybrid_small,direct_b_ahead2,9046,reports/opus_flydsl_all_20261009/hybrid_small/build/direct_b_ahead2/experiments.so,b714e774c27dc34d257e48aa3072aecdbe680ed20db33116036258a31eafae93,0,1,CPU actual header and launcher constraints,pending_gpu_stop,pending_gpu_stop
192,2048,7168,9055,9055,hybrid_small/direct_b_ahead3:9046,False,hybrid_small,direct_b_ahead3,9046,reports/opus_flydsl_all_20261009/hybrid_small/build/direct_b_ahead3/experiments.so,1d8e364ea7cc5bb5da75bb5b93d177a520a5c0fbbcbfe782c761e6014f076c42,0,1,CPU actual header and launcher constraints,pending_gpu_stop,pending_gpu_stop
192,2048,7168,9055,9055,hybrid_small/direct_b_ahead1:9047,False,hybrid_small,direct_b_ahead1,9047,reports/opus_flydsl_all_20261009/hybrid_small/build/direct_b_ahead1/experiments.so,f836d9fe683f0246d403f5f5a3798db1696de05e3d2b34c18568533d5f0e9a8e,0,1,CPU actual header and launcher constraints,pending_gpu_stop,pending_gpu_stop
192,2048,7168,9055,9055,hybrid_small/direct_b_ahead2:9047,False,hybrid_small,direct_b_ahead2,9047,reports/opus_flydsl_all_20261009/hybrid_small/build/direct_b_ahead2/experiments.so,b714e774c27dc34d257e48aa3072aecdbe680ed20db33116036258a31eafae93,0,1,CPU actual header and launcher constraints,pending_gpu_stop,pending_gpu_stop
192,2048,7168,9055,9055,hybrid_small/direct_b_ahead3:9047,False,hybrid_small,direct_b_ahead3,9047,reports/opus_flydsl_all_20261009/hybrid_small/build/direct_b_ahead3/experiments.so,1d8e364ea7cc5bb5da75bb5b93d177a520a5c0fbbcbfe782c761e6014f076c42,0,1,CPU actual header and launcher constraints,pending_gpu_stop,pending_gpu_stop
192,2048,7168,9055,9055,hybrid_small/direct_b_ahead1:9049,False,hybrid_small,direct_b_ahead1,9049,reports/opus_flydsl_all_20261009/hybrid_small/build/direct_b_ahead1/experiments.so,f836d9fe683f0246d403f5f5a3798db1696de05e3d2b34c18568533d5f0e9a8e,0,1,CPU actual header and launcher constraints,pending_gpu_stop,pending_gpu_stop
192,2048,7168,9055,9055,hybrid_small/direct_b_ahead2:9049,False,hybrid_small,direct_b_ahead2,9049,reports/opus_flydsl_all_20261009/hybrid_small/build/direct_b_ahead2/experiments.so,b714e774c27dc34d257e48aa3072aecdbe680ed20db33116036258a31eafae93,0,1,CPU actual header and launcher constraints,pending_gpu_stop,pending_gpu_stop
192,2048,7168,9055,9055,hybrid_small/direct_b_ahead3:9049,False,hybrid_small,direct_b_ahead3,9049,reports/opus_flydsl_all_20261009/hybrid_small/build/direct_b_ahead3/experiments.so,1d8e364ea7cc5bb5da75bb5b93d177a520a5c0fbbcbfe782c761e6014f076c42,0,1,CPU actual header and launcher constraints,pending_gpu_stop,pending_gpu_stop
192,2048,7168,9055,9055,hybrid_small/direct_b_ahead1:9055,True,hybrid_small,direct_b_ahead1,9055,reports/opus_flydsl_all_20261009/hybrid_small/build/direct_b_ahead1/experiments.so,f836d9fe683f0246d403f5f5a3798db1696de05e3d2b34c18568533d5f0e9a8e,0,1,CPU actual header and launcher constraints,pending_gpu_stop,pending_gpu_stop
192,2048,7168,9055,9055,hybrid_small/direct_b_ahead2:9055,True,hybrid_small,direct_b_ahead2,9055,reports/opus_flydsl_all_20261009/hybrid_small/build/direct_b_ahead2/experiments.so,b714e774c27dc34d257e48aa3072aecdbe680ed20db33116036258a31eafae93,0,1,CPU actual header and launcher constraints,pending_gpu_stop,pending_gpu_stop
192,2048,7168,9055,9055,hybrid_small/direct_b_ahead3:9055,True,hybrid_small,direct_b_ahead3,9055,reports/opus_flydsl_all_20261009/hybrid_small/build/direct_b_ahead3/experiments.so,1d8e364ea7cc5bb5da75bb5b93d177a520a5c0fbbcbfe782c761e6014f076c42,0,1,CPU actual header and launcher constraints,pending_gpu_stop,pending_gpu_stop
192,2048,7168,9055,9055,hybrid_small/direct_b_ahead1:9056,False,hybrid_small,direct_b_ahead1,9056,reports/opus_flydsl_all_20261009/hybrid_small/build/direct_b_ahead1/experiments.so,f836d9fe683f0246d403f5f5a3798db1696de05e3d2b34c18568533d5f0e9a8e,0,1,CPU actual header and launcher constraints,pending_gpu_stop,pending_gpu_stop
192,2048,7168,9055,9055,hybrid_small/direct_b_ahead2:9056,False,hybrid_small,direct_b_ahead2,9056,reports/opus_flydsl_all_20261009/hybrid_small/build/direct_b_ahead2/experiments.so,b714e774c27dc34d257e48aa3072aecdbe680ed20db33116036258a31eafae93,0,1,CPU actual header and launcher constraints,pending_gpu_stop,pending_gpu_stop
192,2048,7168,9055,9055,hybrid_small/direct_b_ahead3:9056,False,hybrid_small,direct_b_ahead3,9056,reports/opus_flydsl_all_20261009/hybrid_small/build/direct_b_ahead3/experiments.so,1d8e364ea7cc5bb5da75bb5b93d177a520a5c0fbbcbfe782c761e6014f076c42,0,1,CPU actual header and launcher constraints,pending_gpu_stop,pending_gpu_stop
192,2048,7168,9055,9055,small_split/candidate:110,False,small_split,candidate,110,reports/opus_flydsl_all_20261009/small_split/build/candidate/experiments.so,7822e988744329482bbd6a7fcb5215b561e9aeada63a3aedf9cd5e541958a886,6291456,2,CPU actual header and launcher constraints,pending_gpu_stop,pending_gpu_stop
192,2048,7168,9055,9055,small_split/candidate:111,False,small_split,candidate,111,reports/opus_flydsl_all_20261009/small_split/build/candidate/experiments.so,7822e988744329482bbd6a7fcb5215b561e9aeada63a3aedf9cd5e541958a886,6291456,2,CPU actual header and launcher constraints,pending_gpu_stop,pending_gpu_stop
192,2048,7168,9055,9055,small_split/candidate:120,False,small_split,candidate,120,reports/opus_flydsl_all_20261009/small_split/build/candidate/experiments.so,7822e988744329482bbd6a7fcb5215b561e9aeada63a3aedf9cd5e541958a886,6291456,2,CPU actual header and launcher constraints,pending_gpu_stop,pending_gpu_stop
192,2048,7168,9055,9055,small_split/candidate:121,False,small_split,candidate,121,reports/opus_flydsl_all_20261009/small_split/build/candidate/experiments.so,7822e988744329482bbd6a7fcb5215b561e9aeada63a3aedf9cd5e541958a886,6291456,2,CPU actual header and launcher constraints,pending_gpu_stop,pending_gpu_stop
192,2048,7168,9055,9055,small_split/candidate:130,False,small_split,candidate,130,reports/opus_flydsl_all_20261009/small_split/build/candidate/experiments.so,7822e988744329482bbd6a7fcb5215b561e9aeada63a3aedf9cd5e541958a886,6291456,2,CPU actual header and launcher constraints,pending_gpu_stop,pending_gpu_stop
192,2048,7168,9055,9055,small_split/candidate:140,False,small_split,candidate,140,reports/opus_flydsl_all_20261009/small_split/build/candidate/experiments.so,7822e988744329482bbd6a7fcb5215b561e9aeada63a3aedf9cd5e541958a886,6291456,2,CPU actual header and launcher constraints,pending_gpu_stop,pending_gpu_stop
192,2048,7168,9055,9055,small_split/candidate:210,False,small_split,candidate,210,reports/opus_flydsl_all_20261009/small_split/build/candidate/experiments.so,7822e988744329482bbd6a7fcb5215b561e9aeada63a3aedf9cd5e541958a886,0,1,CPU actual header and launcher constraints,pending_gpu_stop,pending_gpu_stop
192,2048,7168,9055,9055,small_split/candidate:211,False,small_split,candidate,211,reports/opus_flydsl_all_20261009/small_split/build/candidate/experiments.so,7822e988744329482bbd6a7fcb5215b561e9aeada63a3aedf9cd5e541958a886,3145728,2,CPU actual header and launcher constraints,pending_gpu_stop,pending_gpu_stop
192,2048,7168,9055,9055,small_split/candidate:220,False,small_split,candidate,220,reports/opus_flydsl_all_20261009/small_split/build/candidate/experiments.so,7822e988744329482bbd6a7fcb5215b561e9aeada63a3aedf9cd5e541958a886,0,1,CPU actual header and launcher constraints,pending_gpu_stop,pending_gpu_stop
192,2048,7168,9055,9055,small_split/candidate:221,False,small_split,candidate,221,reports/opus_flydsl_all_20261009/small_split/build/candidate/experiments.so,7822e988744329482bbd6a7fcb5215b561e9aeada63a3aedf9cd5e541958a886,3145728,2,CPU actual header and launcher constraints,pending_gpu_stop,pending_gpu_stop
192,2048,7168,9055,9055,small_split/candidate:230,False,small_split,candidate,230,reports/opus_flydsl_all_20261009/small_split/build/candidate/experiments.so,7822e988744329482bbd6a7fcb5215b561e9aeada63a3aedf9cd5e541958a886,0,1,CPU actual header and launcher constraints,pending_gpu_stop,pending_gpu_stop
192,2048,7168,9055,9055,small_split/candidate:231,False,small_split,candidate,231,reports/opus_flydsl_all_20261009/small_split/build/candidate/experiments.so,7822e988744329482bbd6a7fcb5215b561e9aeada63a3aedf9cd5e541958a886,3145728,2,CPU actual header and launcher constraints,pending_gpu_stop,pending_gpu_stop
192,2048,7168,9055,9055,main_variants/main23:92000,False,main_variants,main23,92000,reports/opus_flydsl_all_20261009/main_variants/build/main23/experiments.so,55927bffd4f3b05b59e0eda5fad3d5b58396f525f618fed0eec4a1cb48df83b6,0,1,CPU actual header and launcher constraints,pending_gpu_stop,pending_gpu_stop
192,2048,7168,9055,9055,main_variants/main23:92001,False,main_variants,main23,92001,reports/opus_flydsl_all_20261009/main_variants/build/main23/experiments.so,55927bffd4f3b05b59e0eda5fad3d5b58396f525f618fed0eec4a1cb48df83b6,0,1,CPU actual header and launcher constraints,pending_gpu_stop,pending_gpu_stop
192,2048,7168,9055,9055,main_variants/main23:92002,False,main_variants,main23,92002,reports/opus_flydsl_all_20261009/main_variants/build/main23/experiments.so,55927bffd4f3b05b59e0eda5fad3d5b58396f525f618fed0eec4a1cb48df83b6,0,1,CPU actual header and launcher constraints,pending_gpu_stop,pending_gpu_stop
192,2048,7168,9055,9055,main_variants/main23:92008,False,main_variants,main23,92008,reports/opus_flydsl_all_20261009/main_variants/build/main23/experiments.so,55927bffd4f3b05b59e0eda5fad3d5b58396f525f618fed0eec4a1cb48df83b6,0,1,CPU actual header and launcher constraints,pending_gpu_stop,pending_gpu_stop
192,2048,7168,9055,9055,main_variants/main23:92009,False,main_variants,main23,92009,reports/opus_flydsl_all_20261009/main_variants/build/main23/experiments.so,55927bffd4f3b05b59e0eda5fad3d5b58396f525f618fed0eec4a1cb48df83b6,0,1,CPU actual header and launcher constraints,pending_gpu_stop,pending_gpu_stop
192,2048,7168,9055,9055,main_variants/main23:92011,False,main_variants,main23,92011,reports/opus_flydsl_all_20261009/main_variants/build/main23/experiments.so,55927bffd4f3b05b59e0eda5fad3d5b58396f525f618fed0eec4a1cb48df83b6,0,1,CPU actual header and launcher constraints,pending_gpu_stop,pending_gpu_stop
192,2048,7168,9055,9055,main_variants/main23:92012,False,main_variants,main23,92012,reports/opus_flydsl_all_20261009/main_variants/build/main23/experiments.so,55927bffd4f3b05b59e0eda5fad3d5b58396f525f618fed0eec4a1cb48df83b6,0,1,CPU actual header and launcher constraints,pending_gpu_stop,pending_gpu_stop
192,2048,7168,9055,9055,main_variants/pin24:92120,False,main_variants,pin24,92120,reports/opus_flydsl_all_20261009/main_variants/build/pin24/experiments.so,3b9fb951504917f017ffb87b5eb192be99453337cdf969b6800ff47283d2746d,0,1,CPU actual header and launcher constraints,pending_gpu_stop,pending_gpu_stop
208,768,7168,9055,9055,hybrid_small/direct_b_ahead1:9043,False,hybrid_small,direct_b_ahead1,9043,reports/opus_flydsl_all_20261009/hybrid_small/build/direct_b_ahead1/experiments.so,f836d9fe683f0246d403f5f5a3798db1696de05e3d2b34c18568533d5f0e9a8e,0,1,CPU actual header and launcher constraints,pending_gpu_stop,pending_gpu_stop
208,768,7168,9055,9055,hybrid_small/direct_b_ahead2:9043,False,hybrid_small,direct_b_ahead2,9043,reports/opus_flydsl_all_20261009/hybrid_small/build/direct_b_ahead2/experiments.so,b714e774c27dc34d257e48aa3072aecdbe680ed20db33116036258a31eafae93,0,1,CPU actual header and launcher constraints,pending_gpu_stop,pending_gpu_stop
208,768,7168,9055,9055,hybrid_small/direct_b_ahead3:9043,False,hybrid_small,direct_b_ahead3,9043,reports/opus_flydsl_all_20261009/hybrid_small/build/direct_b_ahead3/experiments.so,1d8e364ea7cc5bb5da75bb5b93d177a520a5c0fbbcbfe782c761e6014f076c42,0,1,CPU actual header and launcher constraints,pending_gpu_stop,pending_gpu_stop
208,768,7168,9055,9055,hybrid_small/direct_b_ahead1:9044,False,hybrid_small,direct_b_ahead1,9044,reports/opus_flydsl_all_20261009/hybrid_small/build/direct_b_ahead1/experiments.so,f836d9fe683f0246d403f5f5a3798db1696de05e3d2b34c18568533d5f0e9a8e,0,1,CPU actual header and launcher constraints,pending_gpu_stop,pending_gpu_stop
208,768,7168,9055,9055,hybrid_small/direct_b_ahead2:9044,False,hybrid_small,direct_b_ahead2,9044,reports/opus_flydsl_all_20261009/hybrid_small/build/direct_b_ahead2/experiments.so,b714e774c27dc34d257e48aa3072aecdbe680ed20db33116036258a31eafae93,0,1,CPU actual header and launcher constraints,pending_gpu_stop,pending_gpu_stop
208,768,7168,9055,9055,hybrid_small/direct_b_ahead3:9044,False,hybrid_small,direct_b_ahead3,9044,reports/opus_flydsl_all_20261009/hybrid_small/build/direct_b_ahead3/experiments.so,1d8e364ea7cc5bb5da75bb5b93d177a520a5c0fbbcbfe782c761e6014f076c42,0,1,CPU actual header and launcher constraints,pending_gpu_stop,pending_gpu_stop
208,768,7168,9055,9055,hybrid_small/direct_b_ahead1:9045,False,hybrid_small,direct_b_ahead1,9045,reports/opus_flydsl_all_20261009/hybrid_small/build/direct_b_ahead1/experiments.so,f836d9fe683f0246d403f5f5a3798db1696de05e3d2b34c18568533d5f0e9a8e,0,1,CPU actual header and launcher constraints,pending_gpu_stop,pending_gpu_stop
208,768,7168,9055,9055,hybrid_small/direct_b_ahead2:9045,False,hybrid_small,direct_b_ahead2,9045,reports/opus_flydsl_all_20261009/hybrid_small/build/direct_b_ahead2/experiments.so,b714e774c27dc34d257e48aa3072aecdbe680ed20db33116036258a31eafae93,0,1,CPU actual header and launcher constraints,pending_gpu_stop,pending_gpu_stop
208,768,7168,9055,9055,hybrid_small/direct_b_ahead3:9045,False,hybrid_small,direct_b_ahead3,9045,reports/opus_flydsl_all_20261009/hybrid_small/build/direct_b_ahead3/experiments.so,1d8e364ea7cc5bb5da75bb5b93d177a520a5c0fbbcbfe782c761e6014f076c42,0,1,CPU actual header and launcher constraints,pending_gpu_stop,pending_gpu_stop
208,768,7168,9055,9055,hybrid_small/direct_b_ahead1:9046,False,hybrid_small,direct_b_ahead1,9046,reports/opus_flydsl_all_20261009/hybrid_small/build/direct_b_ahead1/experiments.so,f836d9fe683f0246d403f5f5a3798db1696de05e3d2b34c18568533d5f0e9a8e,0,1,CPU actual header and launcher constraints,pending_gpu_stop,pending_gpu_stop
208,768,7168,9055,9055,hybrid_small/direct_b_ahead2:9046,False,hybrid_small,direct_b_ahead2,9046,reports/opus_flydsl_all_20261009/hybrid_small/build/direct_b_ahead2/experiments.so,b714e774c27dc34d257e48aa3072aecdbe680ed20db33116036258a31eafae93,0,1,CPU actual header and launcher constraints,pending_gpu_stop,pending_gpu_stop
208,768,7168,9055,9055,hybrid_small/direct_b_ahead3:9046,False,hybrid_small,direct_b_ahead3,9046,reports/opus_flydsl_all_20261009/hybrid_small/build/direct_b_ahead3/experiments.so,1d8e364ea7cc5bb5da75bb5b93d177a520a5c0fbbcbfe782c761e6014f076c42,0,1,CPU actual header and launcher constraints,pending_gpu_stop,pending_gpu_stop
208,768,7168,9055,9055,hybrid_small/direct_b_ahead1:9047,False,hybrid_small,direct_b_ahead1,9047,reports/opus_flydsl_all_20261009/hybrid_small/build/direct_b_ahead1/experiments.so,f836d9fe683f0246d403f5f5a3798db1696de05e3d2b34c18568533d5f0e9a8e,0,1,CPU actual header and launcher constraints,pending_gpu_stop,pending_gpu_stop
208,768,7168,9055,9055,hybrid_small/direct_b_ahead2:9047,False,hybrid_small,direct_b_ahead2,9047,reports/opus_flydsl_all_20261009/hybrid_small/build/direct_b_ahead2/experiments.so,b714e774c27dc34d257e48aa3072aecdbe680ed20db33116036258a31eafae93,0,1,CPU actual header and launcher constraints,pending_gpu_stop,pending_gpu_stop
208,768,7168,9055,9055,hybrid_small/direct_b_ahead3:9047,False,hybrid_small,direct_b_ahead3,9047,reports/opus_flydsl_all_20261009/hybrid_small/build/direct_b_ahead3/experiments.so,1d8e364ea7cc5bb5da75bb5b93d177a520a5c0fbbcbfe782c761e6014f076c42,0,1,CPU actual header and launcher constraints,pending_gpu_stop,pending_gpu_stop
208,768,7168,9055,9055,hybrid_small/direct_b_ahead1:9049,False,hybrid_small,direct_b_ahead1,9049,reports/opus_flydsl_all_20261009/hybrid_small/build/direct_b_ahead1/experiments.so,f836d9fe683f0246d403f5f5a3798db1696de05e3d2b34c18568533d5f0e9a8e,0,1,CPU actual header and launcher constraints,pending_gpu_stop,pending_gpu_stop
208,768,7168,9055,9055,hybrid_small/direct_b_ahead2:9049,False,hybrid_small,direct_b_ahead2,9049,reports/opus_flydsl_all_20261009/hybrid_small/build/direct_b_ahead2/experiments.so,b714e774c27dc34d257e48aa3072aecdbe680ed20db33116036258a31eafae93,0,1,CPU actual header and launcher constraints,pending_gpu_stop,pending_gpu_stop
208,768,7168,9055,9055,hybrid_small/direct_b_ahead3:9049,False,hybrid_small,direct_b_ahead3,9049,reports/opus_flydsl_all_20261009/hybrid_small/build/direct_b_ahead3/experiments.so,1d8e364ea7cc5bb5da75bb5b93d177a520a5c0fbbcbfe782c761e6014f076c42,0,1,CPU actual header and launcher constraints,pending_gpu_stop,pending_gpu_stop
208,768,7168,9055,9055,hybrid_small/direct_b_ahead1:9055,True,hybrid_small,direct_b_ahead1,9055,reports/opus_flydsl_all_20261009/hybrid_small/build/direct_b_ahead1/experiments.so,f836d9fe683f0246d403f5f5a3798db1696de05e3d2b34c18568533d5f0e9a8e,0,1,CPU actual header and launcher constraints,pending_gpu_stop,pending_gpu_stop
208,768,7168,9055,9055,hybrid_small/direct_b_ahead2:9055,True,hybrid_small,direct_b_ahead2,9055,reports/opus_flydsl_all_20261009/hybrid_small/build/direct_b_ahead2/experiments.so,b714e774c27dc34d257e48aa3072aecdbe680ed20db33116036258a31eafae93,0,1,CPU actual header and launcher constraints,pending_gpu_stop,pending_gpu_stop
208,768,7168,9055,9055,hybrid_small/direct_b_ahead3:9055,True,hybrid_small,direct_b_ahead3,9055,reports/opus_flydsl_all_20261009/hybrid_small/build/direct_b_ahead3/experiments.so,1d8e364ea7cc5bb5da75bb5b93d177a520a5c0fbbcbfe782c761e6014f076c42,0,1,CPU actual header and launcher constraints,pending_gpu_stop,pending_gpu_stop
208,768,7168,9055,9055,hybrid_small/direct_b_ahead1:9056,False,hybrid_small,direct_b_ahead1,9056,reports/opus_flydsl_all_20261009/hybrid_small/build/direct_b_ahead1/experiments.so,f836d9fe683f0246d403f5f5a3798db1696de05e3d2b34c18568533d5f0e9a8e,0,1,CPU actual header and launcher constraints,pending_gpu_stop,pending_gpu_stop
208,768,7168,9055,9055,hybrid_small/direct_b_ahead2:9056,False,hybrid_small,direct_b_ahead2,9056,reports/opus_flydsl_all_20261009/hybrid_small/build/direct_b_ahead2/experiments.so,b714e774c27dc34d257e48aa3072aecdbe680ed20db33116036258a31eafae93,0,1,CPU actual header and launcher constraints,pending_gpu_stop,pending_gpu_stop
208,768,7168,9055,9055,hybrid_small/direct_b_ahead3:9056,False,hybrid_small,direct_b_ahead3,9056,reports/opus_flydsl_all_20261009/hybrid_small/build/direct_b_ahead3/experiments.so,1d8e364ea7cc5bb5da75bb5b93d177a520a5c0fbbcbfe782c761e6014f076c42,0,1,CPU actual header and launcher constraints,pending_gpu_stop,pending_gpu_stop
208,768,7168,9055,9055,small_split/candidate:110,False,small_split,candidate,110,reports/opus_flydsl_all_20261009/small_split/build/candidate/experiments.so,7822e988744329482bbd6a7fcb5215b561e9aeada63a3aedf9cd5e541958a886,2555904,2,CPU actual header and launcher constraints,pending_gpu_stop,pending_gpu_stop
208,768,7168,9055,9055,small_split/candidate:111,False,small_split,candidate,111,reports/opus_flydsl_all_20261009/small_split/build/candidate/experiments.so,7822e988744329482bbd6a7fcb5215b561e9aeada63a3aedf9cd5e541958a886,2555904,2,CPU actual header and launcher constraints,pending_gpu_stop,pending_gpu_stop
208,768,7168,9055,9055,small_split/candidate:120,False,small_split,candidate,120,reports/opus_flydsl_all_20261009/small_split/build/candidate/experiments.so,7822e988744329482bbd6a7fcb5215b561e9aeada63a3aedf9cd5e541958a886,2555904,2,CPU actual header and launcher constraints,pending_gpu_stop,pending_gpu_stop
208,768,7168,9055,9055,small_split/candidate:121,False,small_split,candidate,121,reports/opus_flydsl_all_20261009/small_split/build/candidate/experiments.so,7822e988744329482bbd6a7fcb5215b561e9aeada63a3aedf9cd5e541958a886,2555904,2,CPU actual header and launcher constraints,pending_gpu_stop,pending_gpu_stop
208,768,7168,9055,9055,small_split/candidate:130,False,small_split,candidate,130,reports/opus_flydsl_all_20261009/small_split/build/candidate/experiments.so,7822e988744329482bbd6a7fcb5215b561e9aeada63a3aedf9cd5e541958a886,2555904,2,CPU actual header and launcher constraints,pending_gpu_stop,pending_gpu_stop
208,768,7168,9055,9055,small_split/candidate:140,False,small_split,candidate,140,reports/opus_flydsl_all_20261009/small_split/build/candidate/experiments.so,7822e988744329482bbd6a7fcb5215b561e9aeada63a3aedf9cd5e541958a886,2555904,2,CPU actual header and launcher constraints,pending_gpu_stop,pending_gpu_stop
208,768,7168,9055,9055,small_split/candidate:210,False,small_split,candidate,210,reports/opus_flydsl_all_20261009/small_split/build/candidate/experiments.so,7822e988744329482bbd6a7fcb5215b561e9aeada63a3aedf9cd5e541958a886,0,1,CPU actual header and launcher constraints,pending_gpu_stop,pending_gpu_stop
208,768,7168,9055,9055,small_split/candidate:211,False,small_split,candidate,211,reports/opus_flydsl_all_20261009/small_split/build/candidate/experiments.so,7822e988744329482bbd6a7fcb5215b561e9aeada63a3aedf9cd5e541958a886,1277952,2,CPU actual header and launcher constraints,pending_gpu_stop,pending_gpu_stop
208,768,7168,9055,9055,small_split/candidate:220,False,small_split,candidate,220,reports/opus_flydsl_all_20261009/small_split/build/candidate/experiments.so,7822e988744329482bbd6a7fcb5215b561e9aeada63a3aedf9cd5e541958a886,0,1,CPU actual header and launcher constraints,pending_gpu_stop,pending_gpu_stop
208,768,7168,9055,9055,small_split/candidate:221,False,small_split,candidate,221,reports/opus_flydsl_all_20261009/small_split/build/candidate/experiments.so,7822e988744329482bbd6a7fcb5215b561e9aeada63a3aedf9cd5e541958a886,1277952,2,CPU actual header and launcher constraints,pending_gpu_stop,pending_gpu_stop
208,768,7168,9055,9055,small_split/candidate:230,False,small_split,candidate,230,reports/opus_flydsl_all_20261009/small_split/build/candidate/experiments.so,7822e988744329482bbd6a7fcb5215b561e9aeada63a3aedf9cd5e541958a886,0,1,CPU actual header and launcher constraints,pending_gpu_stop,pending_gpu_stop
208,768,7168,9055,9055,small_split/candidate:231,False,small_split,candidate,231,reports/opus_flydsl_all_20261009/small_split/build/candidate/experiments.so,7822e988744329482bbd6a7fcb5215b561e9aeada63a3aedf9cd5e541958a886,1277952,2,CPU actual header and launcher constraints,pending_gpu_stop,pending_gpu_stop
208,768,7168,9055,9055,main_variants/main23:92000,False,main_variants,main23,92000,reports/opus_flydsl_all_20261009/main_variants/build/main23/experiments.so,55927bffd4f3b05b59e0eda5fad3d5b58396f525f618fed0eec4a1cb48df83b6,0,1,CPU actual header and launcher constraints,pending_gpu_stop,pending_gpu_stop
208,768,7168,9055,9055,main_variants/main23:92001,False,main_variants,main23,92001,reports/opus_flydsl_all_20261009/main_variants/build/main23/experiments.so,55927bffd4f3b05b59e0eda5fad3d5b58396f525f618fed0eec4a1cb48df83b6,0,1,CPU actual header and launcher constraints,pending_gpu_stop,pending_gpu_stop
208,768,7168,9055,9055,main_variants/main23:92002,False,main_variants,main23,92002,reports/opus_flydsl_all_20261009/main_variants/build/main23/experiments.so,55927bffd4f3b05b59e0eda5fad3d5b58396f525f618fed0eec4a1cb48df83b6,0,1,CPU actual header and launcher constraints,pending_gpu_stop,pending_gpu_stop
208,768,7168,9055,9055,main_variants/main23:92008,False,main_variants,main23,92008,reports/opus_flydsl_all_20261009/main_variants/build/main23/experiments.so,55927bffd4f3b05b59e0eda5fad3d5b58396f525f618fed0eec4a1cb48df83b6,0,1,CPU actual header and launcher constraints,pending_gpu_stop,pending_gpu_stop
208,768,7168,9055,9055,main_variants/main23:92009,False,main_variants,main23,92009,reports/opus_flydsl_all_20261009/main_variants/build/main23/experiments.so,55927bffd4f3b05b59e0eda5fad3d5b58396f525f618fed0eec4a1cb48df83b6,0,1,CPU actual header and launcher constraints,pending_gpu_stop,pending_gpu_stop
208,768,7168,9055,9055,main_variants/main23:92011,False,main_variants,main23,92011,reports/opus_flydsl_all_20261009/main_variants/build/main23/experiments.so,55927bffd4f3b05b59e0eda5fad3d5b58396f525f618fed0eec4a1cb48df83b6,0,1,CPU actual header and launcher constraints,pending_gpu_stop,pending_gpu_stop
208,768,7168,9055,9055,main_variants/main23:92012,False,main_variants,main23,92012,reports/opus_flydsl_all_20261009/main_variants/build/main23/experiments.so,55927bffd4f3b05b59e0eda5fad3d5b58396f525f618fed0eec4a1cb48df83b6,0,1,CPU actual header and launcher constraints,pending_gpu_stop,pending_gpu_stop
208,768,7168,9055,9055,main_variants/pin24:92120,False,main_variants,pin24,92120,reports/opus_flydsl_all_20261009/main_variants/build/pin24/experiments.so,3b9fb951504917f017ffb87b5eb192be99453337cdf969b6800ff47283d2746d,0,1,CPU actual header and launcher constraints,pending_gpu_stop,pending_gpu_stop
224,768,7168,9042,9071,hybrid_small/direct_b_ahead1:9043,False,hybrid_small,direct_b_ahead1,9043,reports/opus_flydsl_all_20261009/hybrid_small/build/direct_b_ahead1/experiments.so,f836d9fe683f0246d403f5f5a3798db1696de05e3d2b34c18568533d5f0e9a8e,0,1,CPU actual header and launcher constraints,pending_gpu_stop,pending_gpu_stop
224,768,7168,9042,9071,hybrid_small/direct_b_ahead2:9043,False,hybrid_small,direct_b_ahead2,9043,reports/opus_flydsl_all_20261009/hybrid_small/build/direct_b_ahead2/experiments.so,b714e774c27dc34d257e48aa3072aecdbe680ed20db33116036258a31eafae93,0,1,CPU actual header and launcher constraints,pending_gpu_stop,pending_gpu_stop
224,768,7168,9042,9071,hybrid_small/direct_b_ahead3:9043,False,hybrid_small,direct_b_ahead3,9043,reports/opus_flydsl_all_20261009/hybrid_small/build/direct_b_ahead3/experiments.so,1d8e364ea7cc5bb5da75bb5b93d177a520a5c0fbbcbfe782c761e6014f076c42,0,1,CPU actual header and launcher constraints,pending_gpu_stop,pending_gpu_stop
224,768,7168,9042,9071,hybrid_small/direct_b_ahead1:9044,False,hybrid_small,direct_b_ahead1,9044,reports/opus_flydsl_all_20261009/hybrid_small/build/direct_b_ahead1/experiments.so,f836d9fe683f0246d403f5f5a3798db1696de05e3d2b34c18568533d5f0e9a8e,0,1,CPU actual header and launcher constraints,pending_gpu_stop,pending_gpu_stop
224,768,7168,9042,9071,hybrid_small/direct_b_ahead2:9044,False,hybrid_small,direct_b_ahead2,9044,reports/opus_flydsl_all_20261009/hybrid_small/build/direct_b_ahead2/experiments.so,b714e774c27dc34d257e48aa3072aecdbe680ed20db33116036258a31eafae93,0,1,CPU actual header and launcher constraints,pending_gpu_stop,pending_gpu_stop
224,768,7168,9042,9071,hybrid_small/direct_b_ahead3:9044,False,hybrid_small,direct_b_ahead3,9044,reports/opus_flydsl_all_20261009/hybrid_small/build/direct_b_ahead3/experiments.so,1d8e364ea7cc5bb5da75bb5b93d177a520a5c0fbbcbfe782c761e6014f076c42,0,1,CPU actual header and launcher constraints,pending_gpu_stop,pending_gpu_stop
224,768,7168,9042,9071,hybrid_small/direct_b_ahead1:9045,False,hybrid_small,direct_b_ahead1,9045,reports/opus_flydsl_all_20261009/hybrid_small/build/direct_b_ahead1/experiments.so,f836d9fe683f0246d403f5f5a3798db1696de05e3d2b34c18568533d5f0e9a8e,0,1,CPU actual header and launcher constraints,pending_gpu_stop,pending_gpu_stop
224,768,7168,9042,9071,hybrid_small/direct_b_ahead2:9045,False,hybrid_small,direct_b_ahead2,9045,reports/opus_flydsl_all_20261009/hybrid_small/build/direct_b_ahead2/experiments.so,b714e774c27dc34d257e48aa3072aecdbe680ed20db33116036258a31eafae93,0,1,CPU actual header and launcher constraints,pending_gpu_stop,pending_gpu_stop
224,768,7168,9042,9071,hybrid_small/direct_b_ahead3:9045,False,hybrid_small,direct_b_ahead3,9045,reports/opus_flydsl_all_20261009/hybrid_small/build/direct_b_ahead3/experiments.so,1d8e364ea7cc5bb5da75bb5b93d177a520a5c0fbbcbfe782c761e6014f076c42,0,1,CPU actual header and launcher constraints,pending_gpu_stop,pending_gpu_stop
224,768,7168,9042,9071,hybrid_small/direct_b_ahead1:9046,False,hybrid_small,direct_b_ahead1,9046,reports/opus_flydsl_all_20261009/hybrid_small/build/direct_b_ahead1/experiments.so,f836d9fe683f0246d403f5f5a3798db1696de05e3d2b34c18568533d5f0e9a8e,0,1,CPU actual header and launcher constraints,pending_gpu_stop,pending_gpu_stop
224,768,7168,9042,9071,hybrid_small/direct_b_ahead2:9046,False,hybrid_small,direct_b_ahead2,9046,reports/opus_flydsl_all_20261009/hybrid_small/build/direct_b_ahead2/experiments.so,b714e774c27dc34d257e48aa3072aecdbe680ed20db33116036258a31eafae93,0,1,CPU actual header and launcher constraints,pending_gpu_stop,pending_gpu_stop
224,768,7168,9042,9071,hybrid_small/direct_b_ahead3:9046,False,hybrid_small,direct_b_ahead3,9046,reports/opus_flydsl_all_20261009/hybrid_small/build/direct_b_ahead3/experiments.so,1d8e364ea7cc5bb5da75bb5b93d177a520a5c0fbbcbfe782c761e6014f076c42,0,1,CPU actual header and launcher constraints,pending_gpu_stop,pending_gpu_stop
224,768,7168,9042,9071,hybrid_small/direct_b_ahead1:9047,False,hybrid_small,direct_b_ahead1,9047,reports/opus_flydsl_all_20261009/hybrid_small/build/direct_b_ahead1/experiments.so,f836d9fe683f0246d403f5f5a3798db1696de05e3d2b34c18568533d5f0e9a8e,0,1,CPU actual header and launcher constraints,pending_gpu_stop,pending_gpu_stop
224,768,7168,9042,9071,hybrid_small/direct_b_ahead2:9047,False,hybrid_small,direct_b_ahead2,9047,reports/opus_flydsl_all_20261009/hybrid_small/build/direct_b_ahead2/experiments.so,b714e774c27dc34d257e48aa3072aecdbe680ed20db33116036258a31eafae93,0,1,CPU actual header and launcher constraints,pending_gpu_stop,pending_gpu_stop
224,768,7168,9042,9071,hybrid_small/direct_b_ahead3:9047,False,hybrid_small,direct_b_ahead3,9047,reports/opus_flydsl_all_20261009/hybrid_small/build/direct_b_ahead3/experiments.so,1d8e364ea7cc5bb5da75bb5b93d177a520a5c0fbbcbfe782c761e6014f076c42,0,1,CPU actual header and launcher constraints,pending_gpu_stop,pending_gpu_stop
224,768,7168,9042,9071,hybrid_small/direct_b_ahead1:9049,False,hybrid_small,direct_b_ahead1,9049,reports/opus_flydsl_all_20261009/hybrid_small/build/direct_b_ahead1/experiments.so,f836d9fe683f0246d403f5f5a3798db1696de05e3d2b34c18568533d5f0e9a8e,0,1,CPU actual header and launcher constraints,pending_gpu_stop,pending_gpu_stop
224,768,7168,9042,9071,hybrid_small/direct_b_ahead2:9049,False,hybrid_small,direct_b_ahead2,9049,reports/opus_flydsl_all_20261009/hybrid_small/build/direct_b_ahead2/experiments.so,b714e774c27dc34d257e48aa3072aecdbe680ed20db33116036258a31eafae93,0,1,CPU actual header and launcher constraints,pending_gpu_stop,pending_gpu_stop
224,768,7168,9042,9071,hybrid_small/direct_b_ahead3:9049,False,hybrid_small,direct_b_ahead3,9049,reports/opus_flydsl_all_20261009/hybrid_small/build/direct_b_ahead3/experiments.so,1d8e364ea7cc5bb5da75bb5b93d177a520a5c0fbbcbfe782c761e6014f076c42,0,1,CPU actual header and launcher constraints,pending_gpu_stop,pending_gpu_stop
224,768,7168,9042,9071,hybrid_small/direct_b_ahead1:9055,False,hybrid_small,direct_b_ahead1,9055,reports/opus_flydsl_all_20261009/hybrid_small/build/direct_b_ahead1/experiments.so,f836d9fe683f0246d403f5f5a3798db1696de05e3d2b34c18568533d5f0e9a8e,0,1,CPU actual header and launcher constraints,pending_gpu_stop,pending_gpu_stop
224,768,7168,9042,9071,hybrid_small/direct_b_ahead2:9055,False,hybrid_small,direct_b_ahead2,9055,reports/opus_flydsl_all_20261009/hybrid_small/build/direct_b_ahead2/experiments.so,b714e774c27dc34d257e48aa3072aecdbe680ed20db33116036258a31eafae93,0,1,CPU actual header and launcher constraints,pending_gpu_stop,pending_gpu_stop
224,768,7168,9042,9071,hybrid_small/direct_b_ahead3:9055,False,hybrid_small,direct_b_ahead3,9055,reports/opus_flydsl_all_20261009/hybrid_small/build/direct_b_ahead3/experiments.so,1d8e364ea7cc5bb5da75bb5b93d177a520a5c0fbbcbfe782c761e6014f076c42,0,1,CPU actual header and launcher constraints,pending_gpu_stop,pending_gpu_stop
224,768,7168,9042,9071,hybrid_small/direct_b_ahead1:9056,False,hybrid_small,direct_b_ahead1,9056,reports/opus_flydsl_all_20261009/hybrid_small/build/direct_b_ahead1/experiments.so,f836d9fe683f0246d403f5f5a3798db1696de05e3d2b34c18568533d5f0e9a8e,0,1,CPU actual header and launcher constraints,pending_gpu_stop,pending_gpu_stop
224,768,7168,9042,9071,hybrid_small/direct_b_ahead2:9056,False,hybrid_small,direct_b_ahead2,9056,reports/opus_flydsl_all_20261009/hybrid_small/build/direct_b_ahead2/experiments.so,b714e774c27dc34d257e48aa3072aecdbe680ed20db33116036258a31eafae93,0,1,CPU actual header and launcher constraints,pending_gpu_stop,pending_gpu_stop
224,768,7168,9042,9071,hybrid_small/direct_b_ahead3:9056,False,hybrid_small,direct_b_ahead3,9056,reports/opus_flydsl_all_20261009/hybrid_small/build/direct_b_ahead3/experiments.so,1d8e364ea7cc5bb5da75bb5b93d177a520a5c0fbbcbfe782c761e6014f076c42,0,1,CPU actual header and launcher constraints,pending_gpu_stop,pending_gpu_stop
224,768,7168,9042,9071,small_split/candidate:110,True,small_split,candidate,110,reports/opus_flydsl_all_20261009/small_split/build/candidate/experiments.so,7822e988744329482bbd6a7fcb5215b561e9aeada63a3aedf9cd5e541958a886,2752512,2,CPU actual header and launcher constraints,pending_gpu_stop,pending_gpu_stop
224,768,7168,9042,9071,small_split/candidate:111,True,small_split,candidate,111,reports/opus_flydsl_all_20261009/small_split/build/candidate/experiments.so,7822e988744329482bbd6a7fcb5215b561e9aeada63a3aedf9cd5e541958a886,2752512,2,CPU actual header and launcher constraints,pending_gpu_stop,pending_gpu_stop
224,768,7168,9042,9071,small_split/candidate:120,True,small_split,candidate,120,reports/opus_flydsl_all_20261009/small_split/build/candidate/experiments.so,7822e988744329482bbd6a7fcb5215b561e9aeada63a3aedf9cd5e541958a886,2752512,2,CPU actual header and launcher constraints,pending_gpu_stop,pending_gpu_stop
224,768,7168,9042,9071,small_split/candidate:121,True,small_split,candidate,121,reports/opus_flydsl_all_20261009/small_split/build/candidate/experiments.so,7822e988744329482bbd6a7fcb5215b561e9aeada63a3aedf9cd5e541958a886,2752512,2,CPU actual header and launcher constraints,pending_gpu_stop,pending_gpu_stop
224,768,7168,9042,9071,small_split/candidate:130,True,small_split,candidate,130,reports/opus_flydsl_all_20261009/small_split/build/candidate/experiments.so,7822e988744329482bbd6a7fcb5215b561e9aeada63a3aedf9cd5e541958a886,2752512,2,CPU actual header and launcher constraints,pending_gpu_stop,pending_gpu_stop
224,768,7168,9042,9071,small_split/candidate:140,True,small_split,candidate,140,reports/opus_flydsl_all_20261009/small_split/build/candidate/experiments.so,7822e988744329482bbd6a7fcb5215b561e9aeada63a3aedf9cd5e541958a886,2752512,2,CPU actual header and launcher constraints,pending_gpu_stop,pending_gpu_stop
224,768,7168,9042,9071,small_split/candidate:210,False,small_split,candidate,210,reports/opus_flydsl_all_20261009/small_split/build/candidate/experiments.so,7822e988744329482bbd6a7fcb5215b561e9aeada63a3aedf9cd5e541958a886,0,1,CPU actual header and launcher constraints,pending_gpu_stop,pending_gpu_stop
224,768,7168,9042,9071,small_split/candidate:211,False,small_split,candidate,211,reports/opus_flydsl_all_20261009/small_split/build/candidate/experiments.so,7822e988744329482bbd6a7fcb5215b561e9aeada63a3aedf9cd5e541958a886,1376256,2,CPU actual header and launcher constraints,pending_gpu_stop,pending_gpu_stop
224,768,7168,9042,9071,small_split/candidate:220,False,small_split,candidate,220,reports/opus_flydsl_all_20261009/small_split/build/candidate/experiments.so,7822e988744329482bbd6a7fcb5215b561e9aeada63a3aedf9cd5e541958a886,0,1,CPU actual header and launcher constraints,pending_gpu_stop,pending_gpu_stop
224,768,7168,9042,9071,small_split/candidate:221,False,small_split,candidate,221,reports/opus_flydsl_all_20261009/small_split/build/candidate/experiments.so,7822e988744329482bbd6a7fcb5215b561e9aeada63a3aedf9cd5e541958a886,1376256,2,CPU actual header and launcher constraints,pending_gpu_stop,pending_gpu_stop
224,768,7168,9042,9071,small_split/candidate:230,False,small_split,candidate,230,reports/opus_flydsl_all_20261009/small_split/build/candidate/experiments.so,7822e988744329482bbd6a7fcb5215b561e9aeada63a3aedf9cd5e541958a886,0,1,CPU actual header and launcher constraints,pending_gpu_stop,pending_gpu_stop
224,768,7168,9042,9071,small_split/candidate:231,False,small_split,candidate,231,reports/opus_flydsl_all_20261009/small_split/build/candidate/experiments.so,7822e988744329482bbd6a7fcb5215b561e9aeada63a3aedf9cd5e541958a886,1376256,2,CPU actual header and launcher constraints,pending_gpu_stop,pending_gpu_stop
224,768,7168,9042,9071,main_variants/main23:92000,False,main_variants,main23,92000,reports/opus_flydsl_all_20261009/main_variants/build/main23/experiments.so,55927bffd4f3b05b59e0eda5fad3d5b58396f525f618fed0eec4a1cb48df83b6,0,1,CPU actual header and launcher constraints,pending_gpu_stop,pending_gpu_stop
224,768,7168,9042,9071,main_variants/main23:92001,False,main_variants,main23,92001,reports/opus_flydsl_all_20261009/main_variants/build/main23/experiments.so,55927bffd4f3b05b59e0eda5fad3d5b58396f525f618fed0eec4a1cb48df83b6,0,1,CPU actual header and launcher constraints,pending_gpu_stop,pending_gpu_stop
224,768,7168,9042,9071,main_variants/main23:92002,False,main_variants,main23,92002,reports/opus_flydsl_all_20261009/main_variants/build/main23/experiments.so,55927bffd4f3b05b59e0eda5fad3d5b58396f525f618fed0eec4a1cb48df83b6,0,1,CPU actual header and launcher constraints,pending_gpu_stop,pending_gpu_stop
224,768,7168,9042,9071,main_variants/main23:92008,False,main_variants,main23,92008,reports/opus_flydsl_all_20261009/main_variants/build/main23/experiments.so,55927bffd4f3b05b59e0eda5fad3d5b58396f525f618fed0eec4a1cb48df83b6,0,1,CPU actual header and launcher constraints,pending_gpu_stop,pending_gpu_stop
224,768,7168,9042,9071,main_variants/main23:92009,False,main_variants,main23,92009,reports/opus_flydsl_all_20261009/main_variants/build/main23/experiments.so,55927bffd4f3b05b59e0eda5fad3d5b58396f525f618fed0eec4a1cb48df83b6,0,1,CPU actual header and launcher constraints,pending_gpu_stop,pending_gpu_stop
224,768,7168,9042,9071,main_variants/main23:92011,False,main_variants,main23,92011,reports/opus_flydsl_all_20261009/main_variants/build/main23/experiments.so,55927bffd4f3b05b59e0eda5fad3d5b58396f525f618fed0eec4a1cb48df83b6,0,1,CPU actual header and launcher constraints,pending_gpu_stop,pending_gpu_stop
224,768,7168,9042,9071,main_variants/main23:92012,False,main_variants,main23,92012,reports/opus_flydsl_all_20261009/main_variants/build/main23/experiments.so,55927bffd4f3b05b59e0eda5fad3d5b58396f525f618fed0eec4a1cb48df83b6,0,1,CPU actual header and launcher constraints,pending_gpu_stop,pending_gpu_stop
224,768,7168,9042,9071,main_variants/pin24:92120,False,main_variants,pin24,92120,reports/opus_flydsl_all_20261009/main_variants/build/pin24/experiments.so,3b9fb951504917f017ffb87b5eb192be99453337cdf969b6800ff47283d2746d,0,1,CPU actual header and launcher constraints,pending_gpu_stop,pending_gpu_stop
224,7168,768,9049,9049,hybrid_small/direct_b_ahead1:9043,False,hybrid_small,direct_b_ahead1,9043,reports/opus_flydsl_all_20261009/hybrid_small/build/direct_b_ahead1/experiments.so,f836d9fe683f0246d403f5f5a3798db1696de05e3d2b34c18568533d5f0e9a8e,0,1,CPU actual header and launcher constraints,pending_gpu_stop,pending_gpu_stop
224,7168,768,9049,9049,hybrid_small/direct_b_ahead2:9043,False,hybrid_small,direct_b_ahead2,9043,reports/opus_flydsl_all_20261009/hybrid_small/build/direct_b_ahead2/experiments.so,b714e774c27dc34d257e48aa3072aecdbe680ed20db33116036258a31eafae93,0,1,CPU actual header and launcher constraints,pending_gpu_stop,pending_gpu_stop
224,7168,768,9049,9049,hybrid_small/direct_b_ahead3:9043,False,hybrid_small,direct_b_ahead3,9043,reports/opus_flydsl_all_20261009/hybrid_small/build/direct_b_ahead3/experiments.so,1d8e364ea7cc5bb5da75bb5b93d177a520a5c0fbbcbfe782c761e6014f076c42,0,1,CPU actual header and launcher constraints,pending_gpu_stop,pending_gpu_stop
224,7168,768,9049,9049,hybrid_small/direct_b_ahead1:9044,False,hybrid_small,direct_b_ahead1,9044,reports/opus_flydsl_all_20261009/hybrid_small/build/direct_b_ahead1/experiments.so,f836d9fe683f0246d403f5f5a3798db1696de05e3d2b34c18568533d5f0e9a8e,0,1,CPU actual header and launcher constraints,pending_gpu_stop,pending_gpu_stop
224,7168,768,9049,9049,hybrid_small/direct_b_ahead2:9044,False,hybrid_small,direct_b_ahead2,9044,reports/opus_flydsl_all_20261009/hybrid_small/build/direct_b_ahead2/experiments.so,b714e774c27dc34d257e48aa3072aecdbe680ed20db33116036258a31eafae93,0,1,CPU actual header and launcher constraints,pending_gpu_stop,pending_gpu_stop
224,7168,768,9049,9049,hybrid_small/direct_b_ahead3:9044,False,hybrid_small,direct_b_ahead3,9044,reports/opus_flydsl_all_20261009/hybrid_small/build/direct_b_ahead3/experiments.so,1d8e364ea7cc5bb5da75bb5b93d177a520a5c0fbbcbfe782c761e6014f076c42,0,1,CPU actual header and launcher constraints,pending_gpu_stop,pending_gpu_stop
224,7168,768,9049,9049,hybrid_small/direct_b_ahead1:9045,False,hybrid_small,direct_b_ahead1,9045,reports/opus_flydsl_all_20261009/hybrid_small/build/direct_b_ahead1/experiments.so,f836d9fe683f0246d403f5f5a3798db1696de05e3d2b34c18568533d5f0e9a8e,0,1,CPU actual header and launcher constraints,pending_gpu_stop,pending_gpu_stop
224,7168,768,9049,9049,hybrid_small/direct_b_ahead2:9045,False,hybrid_small,direct_b_ahead2,9045,reports/opus_flydsl_all_20261009/hybrid_small/build/direct_b_ahead2/experiments.so,b714e774c27dc34d257e48aa3072aecdbe680ed20db33116036258a31eafae93,0,1,CPU actual header and launcher constraints,pending_gpu_stop,pending_gpu_stop
224,7168,768,9049,9049,hybrid_small/direct_b_ahead3:9045,False,hybrid_small,direct_b_ahead3,9045,reports/opus_flydsl_all_20261009/hybrid_small/build/direct_b_ahead3/experiments.so,1d8e364ea7cc5bb5da75bb5b93d177a520a5c0fbbcbfe782c761e6014f076c42,0,1,CPU actual header and launcher constraints,pending_gpu_stop,pending_gpu_stop
224,7168,768,9049,9049,hybrid_small/direct_b_ahead1:9046,False,hybrid_small,direct_b_ahead1,9046,reports/opus_flydsl_all_20261009/hybrid_small/build/direct_b_ahead1/experiments.so,f836d9fe683f0246d403f5f5a3798db1696de05e3d2b34c18568533d5f0e9a8e,0,1,CPU actual header and launcher constraints,pending_gpu_stop,pending_gpu_stop
224,7168,768,9049,9049,hybrid_small/direct_b_ahead2:9046,False,hybrid_small,direct_b_ahead2,9046,reports/opus_flydsl_all_20261009/hybrid_small/build/direct_b_ahead2/experiments.so,b714e774c27dc34d257e48aa3072aecdbe680ed20db33116036258a31eafae93,0,1,CPU actual header and launcher constraints,pending_gpu_stop,pending_gpu_stop
224,7168,768,9049,9049,hybrid_small/direct_b_ahead3:9046,False,hybrid_small,direct_b_ahead3,9046,reports/opus_flydsl_all_20261009/hybrid_small/build/direct_b_ahead3/experiments.so,1d8e364ea7cc5bb5da75bb5b93d177a520a5c0fbbcbfe782c761e6014f076c42,0,1,CPU actual header and launcher constraints,pending_gpu_stop,pending_gpu_stop
224,7168,768,9049,9049,hybrid_small/direct_b_ahead1:9047,False,hybrid_small,direct_b_ahead1,9047,reports/opus_flydsl_all_20261009/hybrid_small/build/direct_b_ahead1/experiments.so,f836d9fe683f0246d403f5f5a3798db1696de05e3d2b34c18568533d5f0e9a8e,0,1,CPU actual header and launcher constraints,pending_gpu_stop,pending_gpu_stop
224,7168,768,9049,9049,hybrid_small/direct_b_ahead2:9047,False,hybrid_small,direct_b_ahead2,9047,reports/opus_flydsl_all_20261009/hybrid_small/build/direct_b_ahead2/experiments.so,b714e774c27dc34d257e48aa3072aecdbe680ed20db33116036258a31eafae93,0,1,CPU actual header and launcher constraints,pending_gpu_stop,pending_gpu_stop
224,7168,768,9049,9049,hybrid_small/direct_b_ahead3:9047,False,hybrid_small,direct_b_ahead3,9047,reports/opus_flydsl_all_20261009/hybrid_small/build/direct_b_ahead3/experiments.so,1d8e364ea7cc5bb5da75bb5b93d177a520a5c0fbbcbfe782c761e6014f076c42,0,1,CPU actual header and launcher constraints,pending_gpu_stop,pending_gpu_stop
224,7168,768,9049,9049,hybrid_small/direct_b_ahead1:9049,True,hybrid_small,direct_b_ahead1,9049,reports/opus_flydsl_all_20261009/hybrid_small/build/direct_b_ahead1/experiments.so,f836d9fe683f0246d403f5f5a3798db1696de05e3d2b34c18568533d5f0e9a8e,0,1,CPU actual header and launcher constraints,pending_gpu_stop,pending_gpu_stop
224,7168,768,9049,9049,hybrid_small/direct_b_ahead2:9049,True,hybrid_small,direct_b_ahead2,9049,reports/opus_flydsl_all_20261009/hybrid_small/build/direct_b_ahead2/experiments.so,b714e774c27dc34d257e48aa3072aecdbe680ed20db33116036258a31eafae93,0,1,CPU actual header and launcher constraints,pending_gpu_stop,pending_gpu_stop
224,7168,768,9049,9049,hybrid_small/direct_b_ahead3:9049,True,hybrid_small,direct_b_ahead3,9049,reports/opus_flydsl_all_20261009/hybrid_small/build/direct_b_ahead3/experiments.so,1d8e364ea7cc5bb5da75bb5b93d177a520a5c0fbbcbfe782c761e6014f076c42,0,1,CPU actual header and launcher constraints,pending_gpu_stop,pending_gpu_stop
224,7168,768,9049,9049,hybrid_small/direct_b_ahead1:9055,False,hybrid_small,direct_b_ahead1,9055,reports/opus_flydsl_all_20261009/hybrid_small/build/direct_b_ahead1/experiments.so,f836d9fe683f0246d403f5f5a3798db1696de05e3d2b34c18568533d5f0e9a8e,0,1,CPU actual header and launcher constraints,pending_gpu_stop,pending_gpu_stop
224,7168,768,9049,9049,hybrid_small/direct_b_ahead2:9055,False,hybrid_small,direct_b_ahead2,9055,reports/opus_flydsl_all_20261009/hybrid_small/build/direct_b_ahead2/experiments.so,b714e774c27dc34d257e48aa3072aecdbe680ed20db33116036258a31eafae93,0,1,CPU actual header and launcher constraints,pending_gpu_stop,pending_gpu_stop
224,7168,768,9049,9049,hybrid_small/direct_b_ahead3:9055,False,hybrid_small,direct_b_ahead3,9055,reports/opus_flydsl_all_20261009/hybrid_small/build/direct_b_ahead3/experiments.so,1d8e364ea7cc5bb5da75bb5b93d177a520a5c0fbbcbfe782c761e6014f076c42,0,1,CPU actual header and launcher constraints,pending_gpu_stop,pending_gpu_stop
224,7168,768,9049,9049,hybrid_small/direct_b_ahead1:9056,False,hybrid_small,direct_b_ahead1,9056,reports/opus_flydsl_all_20261009/hybrid_small/build/direct_b_ahead1/experiments.so,f836d9fe683f0246d403f5f5a3798db1696de05e3d2b34c18568533d5f0e9a8e,0,1,CPU actual header and launcher constraints,pending_gpu_stop,pending_gpu_stop
224,7168,768,9049,9049,hybrid_small/direct_b_ahead2:9056,False,hybrid_small,direct_b_ahead2,9056,reports/opus_flydsl_all_20261009/hybrid_small/build/direct_b_ahead2/experiments.so,b714e774c27dc34d257e48aa3072aecdbe680ed20db33116036258a31eafae93,0,1,CPU actual header and launcher constraints,pending_gpu_stop,pending_gpu_stop
224,7168,768,9049,9049,hybrid_small/direct_b_ahead3:9056,False,hybrid_small,direct_b_ahead3,9056,reports/opus_flydsl_all_20261009/hybrid_small/build/direct_b_ahead3/experiments.so,1d8e364ea7cc5bb5da75bb5b93d177a520a5c0fbbcbfe782c761e6014f076c42,0,1,CPU actual header and launcher constraints,pending_gpu_stop,pending_gpu_stop
224,7168,768,9049,9049,small_split/candidate:110,False,small_split,candidate,110,reports/opus_flydsl_all_20261009/small_split/build/candidate/experiments.so,7822e988744329482bbd6a7fcb5215b561e9aeada63a3aedf9cd5e541958a886,25690112,2,CPU actual header and launcher constraints,pending_gpu_stop,pending_gpu_stop
224,7168,768,9049,9049,small_split/candidate:111,False,small_split,candidate,111,reports/opus_flydsl_all_20261009/small_split/build/candidate/experiments.so,7822e988744329482bbd6a7fcb5215b561e9aeada63a3aedf9cd5e541958a886,25690112,2,CPU actual header and launcher constraints,pending_gpu_stop,pending_gpu_stop
224,7168,768,9049,9049,small_split/candidate:120,False,small_split,candidate,120,reports/opus_flydsl_all_20261009/small_split/build/candidate/experiments.so,7822e988744329482bbd6a7fcb5215b561e9aeada63a3aedf9cd5e541958a886,25690112,2,CPU actual header and launcher constraints,pending_gpu_stop,pending_gpu_stop
224,7168,768,9049,9049,small_split/candidate:121,False,small_split,candidate,121,reports/opus_flydsl_all_20261009/small_split/build/candidate/experiments.so,7822e988744329482bbd6a7fcb5215b561e9aeada63a3aedf9cd5e541958a886,25690112,2,CPU actual header and launcher constraints,pending_gpu_stop,pending_gpu_stop
224,7168,768,9049,9049,small_split/candidate:130,False,small_split,candidate,130,reports/opus_flydsl_all_20261009/small_split/build/candidate/experiments.so,7822e988744329482bbd6a7fcb5215b561e9aeada63a3aedf9cd5e541958a886,25690112,2,CPU actual header and launcher constraints,pending_gpu_stop,pending_gpu_stop
224,7168,768,9049,9049,small_split/candidate:140,False,small_split,candidate,140,reports/opus_flydsl_all_20261009/small_split/build/candidate/experiments.so,7822e988744329482bbd6a7fcb5215b561e9aeada63a3aedf9cd5e541958a886,25690112,2,CPU actual header and launcher constraints,pending_gpu_stop,pending_gpu_stop
224,7168,768,9049,9049,small_split/candidate:210,False,small_split,candidate,210,reports/opus_flydsl_all_20261009/small_split/build/candidate/experiments.so,7822e988744329482bbd6a7fcb5215b561e9aeada63a3aedf9cd5e541958a886,0,1,CPU actual header and launcher constraints,pending_gpu_stop,pending_gpu_stop
224,7168,768,9049,9049,small_split/candidate:211,False,small_split,candidate,211,reports/opus_flydsl_all_20261009/small_split/build/candidate/experiments.so,7822e988744329482bbd6a7fcb5215b561e9aeada63a3aedf9cd5e541958a886,12845056,2,CPU actual header and launcher constraints,pending_gpu_stop,pending_gpu_stop
224,7168,768,9049,9049,small_split/candidate:220,False,small_split,candidate,220,reports/opus_flydsl_all_20261009/small_split/build/candidate/experiments.so,7822e988744329482bbd6a7fcb5215b561e9aeada63a3aedf9cd5e541958a886,0,1,CPU actual header and launcher constraints,pending_gpu_stop,pending_gpu_stop
224,7168,768,9049,9049,small_split/candidate:221,False,small_split,candidate,221,reports/opus_flydsl_all_20261009/small_split/build/candidate/experiments.so,7822e988744329482bbd6a7fcb5215b561e9aeada63a3aedf9cd5e541958a886,12845056,2,CPU actual header and launcher constraints,pending_gpu_stop,pending_gpu_stop
224,7168,768,9049,9049,small_split/candidate:230,False,small_split,candidate,230,reports/opus_flydsl_all_20261009/small_split/build/candidate/experiments.so,7822e988744329482bbd6a7fcb5215b561e9aeada63a3aedf9cd5e541958a886,0,1,CPU actual header and launcher constraints,pending_gpu_stop,pending_gpu_stop
224,7168,768,9049,9049,small_split/candidate:231,False,small_split,candidate,231,reports/opus_flydsl_all_20261009/small_split/build/candidate/experiments.so,7822e988744329482bbd6a7fcb5215b561e9aeada63a3aedf9cd5e541958a886,12845056,2,CPU actual header and launcher constraints,pending_gpu_stop,pending_gpu_stop
224,7168,768,9049,9049,main_variants/main23:92000,False,main_variants,main23,92000,reports/opus_flydsl_all_20261009/main_variants/build/main23/experiments.so,55927bffd4f3b05b59e0eda5fad3d5b58396f525f618fed0eec4a1cb48df83b6,0,1,CPU actual header and launcher constraints,pending_gpu_stop,pending_gpu_stop
224,7168,768,9049,9049,main_variants/main23:92001,False,main_variants,main23,92001,reports/opus_flydsl_all_20261009/main_variants/build/main23/experiments.so,55927bffd4f3b05b59e0eda5fad3d5b58396f525f618fed0eec4a1cb48df83b6,0,1,CPU actual header and launcher constraints,pending_gpu_stop,pending_gpu_stop
224,7168,768,9049,9049,main_variants/main23:92002,False,main_variants,main23,92002,reports/opus_flydsl_all_20261009/main_variants/build/main23/experiments.so,55927bffd4f3b05b59e0eda5fad3d5b58396f525f618fed0eec4a1cb48df83b6,0,1,CPU actual header and launcher constraints,pending_gpu_stop,pending_gpu_stop
224,7168,768,9049,9049,main_variants/main23:92004,False,main_variants,main23,92004,reports/opus_flydsl_all_20261009/main_variants/build/main23/experiments.so,55927bffd4f3b05b59e0eda5fad3d5b58396f525f618fed0eec4a1cb48df83b6,0,1,CPU actual header and launcher constraints,pending_gpu_stop,pending_gpu_stop
240,768,7168,9042,9071,hybrid_small/direct_b_ahead1:9043,False,hybrid_small,direct_b_ahead1,9043,reports/opus_flydsl_all_20261009/hybrid_small/build/direct_b_ahead1/experiments.so,f836d9fe683f0246d403f5f5a3798db1696de05e3d2b34c18568533d5f0e9a8e,0,1,CPU actual header and launcher constraints,pending_gpu_stop,pending_gpu_stop
240,768,7168,9042,9071,hybrid_small/direct_b_ahead2:9043,False,hybrid_small,direct_b_ahead2,9043,reports/opus_flydsl_all_20261009/hybrid_small/build/direct_b_ahead2/experiments.so,b714e774c27dc34d257e48aa3072aecdbe680ed20db33116036258a31eafae93,0,1,CPU actual header and launcher constraints,pending_gpu_stop,pending_gpu_stop
240,768,7168,9042,9071,hybrid_small/direct_b_ahead3:9043,False,hybrid_small,direct_b_ahead3,9043,reports/opus_flydsl_all_20261009/hybrid_small/build/direct_b_ahead3/experiments.so,1d8e364ea7cc5bb5da75bb5b93d177a520a5c0fbbcbfe782c761e6014f076c42,0,1,CPU actual header and launcher constraints,pending_gpu_stop,pending_gpu_stop
240,768,7168,9042,9071,hybrid_small/direct_b_ahead1:9044,False,hybrid_small,direct_b_ahead1,9044,reports/opus_flydsl_all_20261009/hybrid_small/build/direct_b_ahead1/experiments.so,f836d9fe683f0246d403f5f5a3798db1696de05e3d2b34c18568533d5f0e9a8e,0,1,CPU actual header and launcher constraints,pending_gpu_stop,pending_gpu_stop
240,768,7168,9042,9071,hybrid_small/direct_b_ahead2:9044,False,hybrid_small,direct_b_ahead2,9044,reports/opus_flydsl_all_20261009/hybrid_small/build/direct_b_ahead2/experiments.so,b714e774c27dc34d257e48aa3072aecdbe680ed20db33116036258a31eafae93,0,1,CPU actual header and launcher constraints,pending_gpu_stop,pending_gpu_stop
240,768,7168,9042,9071,hybrid_small/direct_b_ahead3:9044,False,hybrid_small,direct_b_ahead3,9044,reports/opus_flydsl_all_20261009/hybrid_small/build/direct_b_ahead3/experiments.so,1d8e364ea7cc5bb5da75bb5b93d177a520a5c0fbbcbfe782c761e6014f076c42,0,1,CPU actual header and launcher constraints,pending_gpu_stop,pending_gpu_stop
240,768,7168,9042,9071,hybrid_small/direct_b_ahead1:9045,False,hybrid_small,direct_b_ahead1,9045,reports/opus_flydsl_all_20261009/hybrid_small/build/direct_b_ahead1/experiments.so,f836d9fe683f0246d403f5f5a3798db1696de05e3d2b34c18568533d5f0e9a8e,0,1,CPU actual header and launcher constraints,pending_gpu_stop,pending_gpu_stop
240,768,7168,9042,9071,hybrid_small/direct_b_ahead2:9045,False,hybrid_small,direct_b_ahead2,9045,reports/opus_flydsl_all_20261009/hybrid_small/build/direct_b_ahead2/experiments.so,b714e774c27dc34d257e48aa3072aecdbe680ed20db33116036258a31eafae93,0,1,CPU actual header and launcher constraints,pending_gpu_stop,pending_gpu_stop
240,768,7168,9042,9071,hybrid_small/direct_b_ahead3:9045,False,hybrid_small,direct_b_ahead3,9045,reports/opus_flydsl_all_20261009/hybrid_small/build/direct_b_ahead3/experiments.so,1d8e364ea7cc5bb5da75bb5b93d177a520a5c0fbbcbfe782c761e6014f076c42,0,1,CPU actual header and launcher constraints,pending_gpu_stop,pending_gpu_stop
240,768,7168,9042,9071,hybrid_small/direct_b_ahead1:9046,False,hybrid_small,direct_b_ahead1,9046,reports/opus_flydsl_all_20261009/hybrid_small/build/direct_b_ahead1/experiments.so,f836d9fe683f0246d403f5f5a3798db1696de05e3d2b34c18568533d5f0e9a8e,0,1,CPU actual header and launcher constraints,pending_gpu_stop,pending_gpu_stop
240,768,7168,9042,9071,hybrid_small/direct_b_ahead2:9046,False,hybrid_small,direct_b_ahead2,9046,reports/opus_flydsl_all_20261009/hybrid_small/build/direct_b_ahead2/experiments.so,b714e774c27dc34d257e48aa3072aecdbe680ed20db33116036258a31eafae93,0,1,CPU actual header and launcher constraints,pending_gpu_stop,pending_gpu_stop
240,768,7168,9042,9071,hybrid_small/direct_b_ahead3:9046,False,hybrid_small,direct_b_ahead3,9046,reports/opus_flydsl_all_20261009/hybrid_small/build/direct_b_ahead3/experiments.so,1d8e364ea7cc5bb5da75bb5b93d177a520a5c0fbbcbfe782c761e6014f076c42,0,1,CPU actual header and launcher constraints,pending_gpu_stop,pending_gpu_stop
240,768,7168,9042,9071,hybrid_small/direct_b_ahead1:9047,False,hybrid_small,direct_b_ahead1,9047,reports/opus_flydsl_all_20261009/hybrid_small/build/direct_b_ahead1/experiments.so,f836d9fe683f0246d403f5f5a3798db1696de05e3d2b34c18568533d5f0e9a8e,0,1,CPU actual header and launcher constraints,pending_gpu_stop,pending_gpu_stop
240,768,7168,9042,9071,hybrid_small/direct_b_ahead2:9047,False,hybrid_small,direct_b_ahead2,9047,reports/opus_flydsl_all_20261009/hybrid_small/build/direct_b_ahead2/experiments.so,b714e774c27dc34d257e48aa3072aecdbe680ed20db33116036258a31eafae93,0,1,CPU actual header and launcher constraints,pending_gpu_stop,pending_gpu_stop
240,768,7168,9042,9071,hybrid_small/direct_b_ahead3:9047,False,hybrid_small,direct_b_ahead3,9047,reports/opus_flydsl_all_20261009/hybrid_small/build/direct_b_ahead3/experiments.so,1d8e364ea7cc5bb5da75bb5b93d177a520a5c0fbbcbfe782c761e6014f076c42,0,1,CPU actual header and launcher constraints,pending_gpu_stop,pending_gpu_stop
240,768,7168,9042,9071,hybrid_small/direct_b_ahead1:9049,False,hybrid_small,direct_b_ahead1,9049,reports/opus_flydsl_all_20261009/hybrid_small/build/direct_b_ahead1/experiments.so,f836d9fe683f0246d403f5f5a3798db1696de05e3d2b34c18568533d5f0e9a8e,0,1,CPU actual header and launcher constraints,pending_gpu_stop,pending_gpu_stop
240,768,7168,9042,9071,hybrid_small/direct_b_ahead2:9049,False,hybrid_small,direct_b_ahead2,9049,reports/opus_flydsl_all_20261009/hybrid_small/build/direct_b_ahead2/experiments.so,b714e774c27dc34d257e48aa3072aecdbe680ed20db33116036258a31eafae93,0,1,CPU actual header and launcher constraints,pending_gpu_stop,pending_gpu_stop
240,768,7168,9042,9071,hybrid_small/direct_b_ahead3:9049,False,hybrid_small,direct_b_ahead3,9049,reports/opus_flydsl_all_20261009/hybrid_small/build/direct_b_ahead3/experiments.so,1d8e364ea7cc5bb5da75bb5b93d177a520a5c0fbbcbfe782c761e6014f076c42,0,1,CPU actual header and launcher constraints,pending_gpu_stop,pending_gpu_stop
240,768,7168,9042,9071,hybrid_small/direct_b_ahead1:9055,False,hybrid_small,direct_b_ahead1,9055,reports/opus_flydsl_all_20261009/hybrid_small/build/direct_b_ahead1/experiments.so,f836d9fe683f0246d403f5f5a3798db1696de05e3d2b34c18568533d5f0e9a8e,0,1,CPU actual header and launcher constraints,pending_gpu_stop,pending_gpu_stop
240,768,7168,9042,9071,hybrid_small/direct_b_ahead2:9055,False,hybrid_small,direct_b_ahead2,9055,reports/opus_flydsl_all_20261009/hybrid_small/build/direct_b_ahead2/experiments.so,b714e774c27dc34d257e48aa3072aecdbe680ed20db33116036258a31eafae93,0,1,CPU actual header and launcher constraints,pending_gpu_stop,pending_gpu_stop
240,768,7168,9042,9071,hybrid_small/direct_b_ahead3:9055,False,hybrid_small,direct_b_ahead3,9055,reports/opus_flydsl_all_20261009/hybrid_small/build/direct_b_ahead3/experiments.so,1d8e364ea7cc5bb5da75bb5b93d177a520a5c0fbbcbfe782c761e6014f076c42,0,1,CPU actual header and launcher constraints,pending_gpu_stop,pending_gpu_stop
240,768,7168,9042,9071,hybrid_small/direct_b_ahead1:9056,False,hybrid_small,direct_b_ahead1,9056,reports/opus_flydsl_all_20261009/hybrid_small/build/direct_b_ahead1/experiments.so,f836d9fe683f0246d403f5f5a3798db1696de05e3d2b34c18568533d5f0e9a8e,0,1,CPU actual header and launcher constraints,pending_gpu_stop,pending_gpu_stop
240,768,7168,9042,9071,hybrid_small/direct_b_ahead2:9056,False,hybrid_small,direct_b_ahead2,9056,reports/opus_flydsl_all_20261009/hybrid_small/build/direct_b_ahead2/experiments.so,b714e774c27dc34d257e48aa3072aecdbe680ed20db33116036258a31eafae93,0,1,CPU actual header and launcher constraints,pending_gpu_stop,pending_gpu_stop
240,768,7168,9042,9071,hybrid_small/direct_b_ahead3:9056,False,hybrid_small,direct_b_ahead3,9056,reports/opus_flydsl_all_20261009/hybrid_small/build/direct_b_ahead3/experiments.so,1d8e364ea7cc5bb5da75bb5b93d177a520a5c0fbbcbfe782c761e6014f076c42,0,1,CPU actual header and launcher constraints,pending_gpu_stop,pending_gpu_stop
240,768,7168,9042,9071,small_split/candidate:110,True,small_split,candidate,110,reports/opus_flydsl_all_20261009/small_split/build/candidate/experiments.so,7822e988744329482bbd6a7fcb5215b561e9aeada63a3aedf9cd5e541958a886,2949120,2,CPU actual header and launcher constraints,pending_gpu_stop,pending_gpu_stop
240,768,7168,9042,9071,small_split/candidate:111,True,small_split,candidate,111,reports/opus_flydsl_all_20261009/small_split/build/candidate/experiments.so,7822e988744329482bbd6a7fcb5215b561e9aeada63a3aedf9cd5e541958a886,2949120,2,CPU actual header and launcher constraints,pending_gpu_stop,pending_gpu_stop
240,768,7168,9042,9071,small_split/candidate:120,True,small_split,candidate,120,reports/opus_flydsl_all_20261009/small_split/build/candidate/experiments.so,7822e988744329482bbd6a7fcb5215b561e9aeada63a3aedf9cd5e541958a886,2949120,2,CPU actual header and launcher constraints,pending_gpu_stop,pending_gpu_stop
240,768,7168,9042,9071,small_split/candidate:121,True,small_split,candidate,121,reports/opus_flydsl_all_20261009/small_split/build/candidate/experiments.so,7822e988744329482bbd6a7fcb5215b561e9aeada63a3aedf9cd5e541958a886,2949120,2,CPU actual header and launcher constraints,pending_gpu_stop,pending_gpu_stop
240,768,7168,9042,9071,small_split/candidate:130,True,small_split,candidate,130,reports/opus_flydsl_all_20261009/small_split/build/candidate/experiments.so,7822e988744329482bbd6a7fcb5215b561e9aeada63a3aedf9cd5e541958a886,2949120,2,CPU actual header and launcher constraints,pending_gpu_stop,pending_gpu_stop
240,768,7168,9042,9071,small_split/candidate:140,True,small_split,candidate,140,reports/opus_flydsl_all_20261009/small_split/build/candidate/experiments.so,7822e988744329482bbd6a7fcb5215b561e9aeada63a3aedf9cd5e541958a886,2949120,2,CPU actual header and launcher constraints,pending_gpu_stop,pending_gpu_stop
240,768,7168,9042,9071,small_split/candidate:210,False,small_split,candidate,210,reports/opus_flydsl_all_20261009/small_split/build/candidate/experiments.so,7822e988744329482bbd6a7fcb5215b561e9aeada63a3aedf9cd5e541958a886,0,1,CPU actual header and launcher constraints,pending_gpu_stop,pending_gpu_stop
240,768,7168,9042,9071,small_split/candidate:211,False,small_split,candidate,211,reports/opus_flydsl_all_20261009/small_split/build/candidate/experiments.so,7822e988744329482bbd6a7fcb5215b561e9aeada63a3aedf9cd5e541958a886,1474560,2,CPU actual header and launcher constraints,pending_gpu_stop,pending_gpu_stop
240,768,7168,9042,9071,small_split/candidate:220,False,small_split,candidate,220,reports/opus_flydsl_all_20261009/small_split/build/candidate/experiments.so,7822e988744329482bbd6a7fcb5215b561e9aeada63a3aedf9cd5e541958a886,0,1,CPU actual header and launcher constraints,pending_gpu_stop,pending_gpu_stop
240,768,7168,9042,9071,small_split/candidate:221,False,small_split,candidate,221,reports/opus_flydsl_all_20261009/small_split/build/candidate/experiments.so,7822e988744329482bbd6a7fcb5215b561e9aeada63a3aedf9cd5e541958a886,1474560,2,CPU actual header and launcher constraints,pending_gpu_stop,pending_gpu_stop
240,768,7168,9042,9071,small_split/candidate:230,False,small_split,candidate,230,reports/opus_flydsl_all_20261009/small_split/build/candidate/experiments.so,7822e988744329482bbd6a7fcb5215b561e9aeada63a3aedf9cd5e541958a886,0,1,CPU actual header and launcher constraints,pending_gpu_stop,pending_gpu_stop
240,768,7168,9042,9071,small_split/candidate:231,False,small_split,candidate,231,reports/opus_flydsl_all_20261009/small_split/build/candidate/experiments.so,7822e988744329482bbd6a7fcb5215b561e9aeada63a3aedf9cd5e541958a886,1474560,2,CPU actual header and launcher constraints,pending_gpu_stop,pending_gpu_stop
240,768,7168,9042,9071,main_variants/main23:92000,False,main_variants,main23,92000,reports/opus_flydsl_all_20261009/main_variants/build/main23/experiments.so,55927bffd4f3b05b59e0eda5fad3d5b58396f525f618fed0eec4a1cb48df83b6,0,1,CPU actual header and launcher constraints,pending_gpu_stop,pending_gpu_stop
240,768,7168,9042,9071,main_variants/main23:92001,False,main_variants,main23,92001,reports/opus_flydsl_all_20261009/main_variants/build/main23/experiments.so,55927bffd4f3b05b59e0eda5fad3d5b58396f525f618fed0eec4a1cb48df83b6,0,1,CPU actual header and launcher constraints,pending_gpu_stop,pending_gpu_stop
240,768,7168,9042,9071,main_variants/main23:92002,False,main_variants,main23,92002,reports/opus_flydsl_all_20261009/main_variants/build/main23/experiments.so,55927bffd4f3b05b59e0eda5fad3d5b58396f525f618fed0eec4a1cb48df83b6,0,1,CPU actual header and launcher constraints,pending_gpu_stop,pending_gpu_stop
240,768,7168,9042,9071,main_variants/main23:92008,False,main_variants,main23,92008,reports/opus_flydsl_all_20261009/main_variants/build/main23/experiments.so,55927bffd4f3b05b59e0eda5fad3d5b58396f525f618fed0eec4a1cb48df83b6,0,1,CPU actual header and launcher constraints,pending_gpu_stop,pending_gpu_stop
240,768,7168,9042,9071,main_variants/main23:92009,False,main_variants,main23,92009,reports/opus_flydsl_all_20261009/main_variants/build/main23/experiments.so,55927bffd4f3b05b59e0eda5fad3d5b58396f525f618fed0eec4a1cb48df83b6,0,1,CPU actual header and launcher constraints,pending_gpu_stop,pending_gpu_stop
240,768,7168,9042,9071,main_variants/main23:92011,False,main_variants,main23,92011,reports/opus_flydsl_all_20261009/main_variants/build/main23/experiments.so,55927bffd4f3b05b59e0eda5fad3d5b58396f525f618fed0eec4a1cb48df83b6,0,1,CPU actual header and launcher constraints,pending_gpu_stop,pending_gpu_stop
240,768,7168,9042,9071,main_variants/main23:92012,False,main_variants,main23,92012,reports/opus_flydsl_all_20261009/main_variants/build/main23/experiments.so,55927bffd4f3b05b59e0eda5fad3d5b58396f525f618fed0eec4a1cb48df83b6,0,1,CPU actual header and launcher constraints,pending_gpu_stop,pending_gpu_stop
240,768,7168,9042,9071,main_variants/pin24:92120,False,main_variants,pin24,92120,reports/opus_flydsl_all_20261009/main_variants/build/pin24/experiments.so,3b9fb951504917f017ffb87b5eb192be99453337cdf969b6800ff47283d2746d,0,1,CPU actual header and launcher constraints,pending_gpu_stop,pending_gpu_stop
256,768,7168,9042,9071,hybrid_small/direct_b_ahead1:9043,False,hybrid_small,direct_b_ahead1,9043,reports/opus_flydsl_all_20261009/hybrid_small/build/direct_b_ahead1/experiments.so,f836d9fe683f0246d403f5f5a3798db1696de05e3d2b34c18568533d5f0e9a8e,0,1,CPU actual header and launcher constraints,pending_gpu_stop,pending_gpu_stop
256,768,7168,9042,9071,hybrid_small/direct_b_ahead2:9043,False,hybrid_small,direct_b_ahead2,9043,reports/opus_flydsl_all_20261009/hybrid_small/build/direct_b_ahead2/experiments.so,b714e774c27dc34d257e48aa3072aecdbe680ed20db33116036258a31eafae93,0,1,CPU actual header and launcher constraints,pending_gpu_stop,pending_gpu_stop
256,768,7168,9042,9071,hybrid_small/direct_b_ahead3:9043,False,hybrid_small,direct_b_ahead3,9043,reports/opus_flydsl_all_20261009/hybrid_small/build/direct_b_ahead3/experiments.so,1d8e364ea7cc5bb5da75bb5b93d177a520a5c0fbbcbfe782c761e6014f076c42,0,1,CPU actual header and launcher constraints,pending_gpu_stop,pending_gpu_stop
256,768,7168,9042,9071,hybrid_small/direct_b_ahead1:9044,False,hybrid_small,direct_b_ahead1,9044,reports/opus_flydsl_all_20261009/hybrid_small/build/direct_b_ahead1/experiments.so,f836d9fe683f0246d403f5f5a3798db1696de05e3d2b34c18568533d5f0e9a8e,0,1,CPU actual header and launcher constraints,pending_gpu_stop,pending_gpu_stop
256,768,7168,9042,9071,hybrid_small/direct_b_ahead2:9044,False,hybrid_small,direct_b_ahead2,9044,reports/opus_flydsl_all_20261009/hybrid_small/build/direct_b_ahead2/experiments.so,b714e774c27dc34d257e48aa3072aecdbe680ed20db33116036258a31eafae93,0,1,CPU actual header and launcher constraints,pending_gpu_stop,pending_gpu_stop
256,768,7168,9042,9071,hybrid_small/direct_b_ahead3:9044,False,hybrid_small,direct_b_ahead3,9044,reports/opus_flydsl_all_20261009/hybrid_small/build/direct_b_ahead3/experiments.so,1d8e364ea7cc5bb5da75bb5b93d177a520a5c0fbbcbfe782c761e6014f076c42,0,1,CPU actual header and launcher constraints,pending_gpu_stop,pending_gpu_stop
256,768,7168,9042,9071,hybrid_small/direct_b_ahead1:9045,False,hybrid_small,direct_b_ahead1,9045,reports/opus_flydsl_all_20261009/hybrid_small/build/direct_b_ahead1/experiments.so,f836d9fe683f0246d403f5f5a3798db1696de05e3d2b34c18568533d5f0e9a8e,0,1,CPU actual header and launcher constraints,pending_gpu_stop,pending_gpu_stop
256,768,7168,9042,9071,hybrid_small/direct_b_ahead2:9045,False,hybrid_small,direct_b_ahead2,9045,reports/opus_flydsl_all_20261009/hybrid_small/build/direct_b_ahead2/experiments.so,b714e774c27dc34d257e48aa3072aecdbe680ed20db33116036258a31eafae93,0,1,CPU actual header and launcher constraints,pending_gpu_stop,pending_gpu_stop
256,768,7168,9042,9071,hybrid_small/direct_b_ahead3:9045,False,hybrid_small,direct_b_ahead3,9045,reports/opus_flydsl_all_20261009/hybrid_small/build/direct_b_ahead3/experiments.so,1d8e364ea7cc5bb5da75bb5b93d177a520a5c0fbbcbfe782c761e6014f076c42,0,1,CPU actual header and launcher constraints,pending_gpu_stop,pending_gpu_stop
256,768,7168,9042,9071,hybrid_small/direct_b_ahead1:9046,False,hybrid_small,direct_b_ahead1,9046,reports/opus_flydsl_all_20261009/hybrid_small/build/direct_b_ahead1/experiments.so,f836d9fe683f0246d403f5f5a3798db1696de05e3d2b34c18568533d5f0e9a8e,0,1,CPU actual header and launcher constraints,pending_gpu_stop,pending_gpu_stop
256,768,7168,9042,9071,hybrid_small/direct_b_ahead2:9046,False,hybrid_small,direct_b_ahead2,9046,reports/opus_flydsl_all_20261009/hybrid_small/build/direct_b_ahead2/experiments.so,b714e774c27dc34d257e48aa3072aecdbe680ed20db33116036258a31eafae93,0,1,CPU actual header and launcher constraints,pending_gpu_stop,pending_gpu_stop
256,768,7168,9042,9071,hybrid_small/direct_b_ahead3:9046,False,hybrid_small,direct_b_ahead3,9046,reports/opus_flydsl_all_20261009/hybrid_small/build/direct_b_ahead3/experiments.so,1d8e364ea7cc5bb5da75bb5b93d177a520a5c0fbbcbfe782c761e6014f076c42,0,1,CPU actual header and launcher constraints,pending_gpu_stop,pending_gpu_stop
256,768,7168,9042,9071,hybrid_small/direct_b_ahead1:9047,False,hybrid_small,direct_b_ahead1,9047,reports/opus_flydsl_all_20261009/hybrid_small/build/direct_b_ahead1/experiments.so,f836d9fe683f0246d403f5f5a3798db1696de05e3d2b34c18568533d5f0e9a8e,0,1,CPU actual header and launcher constraints,pending_gpu_stop,pending_gpu_stop
256,768,7168,9042,9071,hybrid_small/direct_b_ahead2:9047,False,hybrid_small,direct_b_ahead2,9047,reports/opus_flydsl_all_20261009/hybrid_small/build/direct_b_ahead2/experiments.so,b714e774c27dc34d257e48aa3072aecdbe680ed20db33116036258a31eafae93,0,1,CPU actual header and launcher constraints,pending_gpu_stop,pending_gpu_stop
256,768,7168,9042,9071,hybrid_small/direct_b_ahead3:9047,False,hybrid_small,direct_b_ahead3,9047,reports/opus_flydsl_all_20261009/hybrid_small/build/direct_b_ahead3/experiments.so,1d8e364ea7cc5bb5da75bb5b93d177a520a5c0fbbcbfe782c761e6014f076c42,0,1,CPU actual header and launcher constraints,pending_gpu_stop,pending_gpu_stop
256,768,7168,9042,9071,hybrid_small/direct_b_ahead1:9049,False,hybrid_small,direct_b_ahead1,9049,reports/opus_flydsl_all_20261009/hybrid_small/build/direct_b_ahead1/experiments.so,f836d9fe683f0246d403f5f5a3798db1696de05e3d2b34c18568533d5f0e9a8e,0,1,CPU actual header and launcher constraints,pending_gpu_stop,pending_gpu_stop
256,768,7168,9042,9071,hybrid_small/direct_b_ahead2:9049,False,hybrid_small,direct_b_ahead2,9049,reports/opus_flydsl_all_20261009/hybrid_small/build/direct_b_ahead2/experiments.so,b714e774c27dc34d257e48aa3072aecdbe680ed20db33116036258a31eafae93,0,1,CPU actual header and launcher constraints,pending_gpu_stop,pending_gpu_stop
256,768,7168,9042,9071,hybrid_small/direct_b_ahead3:9049,False,hybrid_small,direct_b_ahead3,9049,reports/opus_flydsl_all_20261009/hybrid_small/build/direct_b_ahead3/experiments.so,1d8e364ea7cc5bb5da75bb5b93d177a520a5c0fbbcbfe782c761e6014f076c42,0,1,CPU actual header and launcher constraints,pending_gpu_stop,pending_gpu_stop
256,768,7168,9042,9071,hybrid_small/direct_b_ahead1:9055,False,hybrid_small,direct_b_ahead1,9055,reports/opus_flydsl_all_20261009/hybrid_small/build/direct_b_ahead1/experiments.so,f836d9fe683f0246d403f5f5a3798db1696de05e3d2b34c18568533d5f0e9a8e,0,1,CPU actual header and launcher constraints,pending_gpu_stop,pending_gpu_stop
256,768,7168,9042,9071,hybrid_small/direct_b_ahead2:9055,False,hybrid_small,direct_b_ahead2,9055,reports/opus_flydsl_all_20261009/hybrid_small/build/direct_b_ahead2/experiments.so,b714e774c27dc34d257e48aa3072aecdbe680ed20db33116036258a31eafae93,0,1,CPU actual header and launcher constraints,pending_gpu_stop,pending_gpu_stop
256,768,7168,9042,9071,hybrid_small/direct_b_ahead3:9055,False,hybrid_small,direct_b_ahead3,9055,reports/opus_flydsl_all_20261009/hybrid_small/build/direct_b_ahead3/experiments.so,1d8e364ea7cc5bb5da75bb5b93d177a520a5c0fbbcbfe782c761e6014f076c42,0,1,CPU actual header and launcher constraints,pending_gpu_stop,pending_gpu_stop
256,768,7168,9042,9071,hybrid_small/direct_b_ahead1:9056,False,hybrid_small,direct_b_ahead1,9056,reports/opus_flydsl_all_20261009/hybrid_small/build/direct_b_ahead1/experiments.so,f836d9fe683f0246d403f5f5a3798db1696de05e3d2b34c18568533d5f0e9a8e,0,1,CPU actual header and launcher constraints,pending_gpu_stop,pending_gpu_stop
256,768,7168,9042,9071,hybrid_small/direct_b_ahead2:9056,False,hybrid_small,direct_b_ahead2,9056,reports/opus_flydsl_all_20261009/hybrid_small/build/direct_b_ahead2/experiments.so,b714e774c27dc34d257e48aa3072aecdbe680ed20db33116036258a31eafae93,0,1,CPU actual header and launcher constraints,pending_gpu_stop,pending_gpu_stop
256,768,7168,9042,9071,hybrid_small/direct_b_ahead3:9056,False,hybrid_small,direct_b_ahead3,9056,reports/opus_flydsl_all_20261009/hybrid_small/build/direct_b_ahead3/experiments.so,1d8e364ea7cc5bb5da75bb5b93d177a520a5c0fbbcbfe782c761e6014f076c42,0,1,CPU actual header and launcher constraints,pending_gpu_stop,pending_gpu_stop
256,768,7168,9042,9071,small_split/candidate:110,True,small_split,candidate,110,reports/opus_flydsl_all_20261009/small_split/build/candidate/experiments.so,7822e988744329482bbd6a7fcb5215b561e9aeada63a3aedf9cd5e541958a886,3145728,2,CPU actual header and launcher constraints,pending_gpu_stop,pending_gpu_stop
256,768,7168,9042,9071,small_split/candidate:111,True,small_split,candidate,111,reports/opus_flydsl_all_20261009/small_split/build/candidate/experiments.so,7822e988744329482bbd6a7fcb5215b561e9aeada63a3aedf9cd5e541958a886,3145728,2,CPU actual header and launcher constraints,pending_gpu_stop,pending_gpu_stop
256,768,7168,9042,9071,small_split/candidate:120,True,small_split,candidate,120,reports/opus_flydsl_all_20261009/small_split/build/candidate/experiments.so,7822e988744329482bbd6a7fcb5215b561e9aeada63a3aedf9cd5e541958a886,3145728,2,CPU actual header and launcher constraints,pending_gpu_stop,pending_gpu_stop
256,768,7168,9042,9071,small_split/candidate:121,True,small_split,candidate,121,reports/opus_flydsl_all_20261009/small_split/build/candidate/experiments.so,7822e988744329482bbd6a7fcb5215b561e9aeada63a3aedf9cd5e541958a886,3145728,2,CPU actual header and launcher constraints,pending_gpu_stop,pending_gpu_stop
256,768,7168,9042,9071,small_split/candidate:130,True,small_split,candidate,130,reports/opus_flydsl_all_20261009/small_split/build/candidate/experiments.so,7822e988744329482bbd6a7fcb5215b561e9aeada63a3aedf9cd5e541958a886,3145728,2,CPU actual header and launcher constraints,pending_gpu_stop,pending_gpu_stop
256,768,7168,9042,9071,small_split/candidate:140,True,small_split,candidate,140,reports/opus_flydsl_all_20261009/small_split/build/candidate/experiments.so,7822e988744329482bbd6a7fcb5215b561e9aeada63a3aedf9cd5e541958a886,3145728,2,CPU actual header and launcher constraints,pending_gpu_stop,pending_gpu_stop
256,768,7168,9042,9071,small_split/candidate:210,False,small_split,candidate,210,reports/opus_flydsl_all_20261009/small_split/build/candidate/experiments.so,7822e988744329482bbd6a7fcb5215b561e9aeada63a3aedf9cd5e541958a886,0,1,CPU actual header and launcher constraints,pending_gpu_stop,pending_gpu_stop
256,768,7168,9042,9071,small_split/candidate:211,False,small_split,candidate,211,reports/opus_flydsl_all_20261009/small_split/build/candidate/experiments.so,7822e988744329482bbd6a7fcb5215b561e9aeada63a3aedf9cd5e541958a886,1572864,2,CPU actual header and launcher constraints,pending_gpu_stop,pending_gpu_stop
256,768,7168,9042,9071,small_split/candidate:220,False,small_split,candidate,220,reports/opus_flydsl_all_20261009/small_split/build/candidate/experiments.so,7822e988744329482bbd6a7fcb5215b561e9aeada63a3aedf9cd5e541958a886,0,1,CPU actual header and launcher constraints,pending_gpu_stop,pending_gpu_stop
256,768,7168,9042,9071,small_split/candidate:221,False,small_split,candidate,221,reports/opus_flydsl_all_20261009/small_split/build/candidate/experiments.so,7822e988744329482bbd6a7fcb5215b561e9aeada63a3aedf9cd5e541958a886,1572864,2,CPU actual header and launcher constraints,pending_gpu_stop,pending_gpu_stop
256,768,7168,9042,9071,small_split/candidate:230,False,small_split,candidate,230,reports/opus_flydsl_all_20261009/small_split/build/candidate/experiments.so,7822e988744329482bbd6a7fcb5215b561e9aeada63a3aedf9cd5e541958a886,0,1,CPU actual header and launcher constraints,pending_gpu_stop,pending_gpu_stop
256,768,7168,9042,9071,small_split/candidate:231,False,small_split,candidate,231,reports/opus_flydsl_all_20261009/small_split/build/candidate/experiments.so,7822e988744329482bbd6a7fcb5215b561e9aeada63a3aedf9cd5e541958a886,1572864,2,CPU actual header and launcher constraints,pending_gpu_stop,pending_gpu_stop
256,768,7168,9042,9071,main_variants/main23:92000,False,main_variants,main23,92000,reports/opus_flydsl_all_20261009/main_variants/build/main23/experiments.so,55927bffd4f3b05b59e0eda5fad3d5b58396f525f618fed0eec4a1cb48df83b6,0,1,CPU actual header and launcher constraints,pending_gpu_stop,pending_gpu_stop
256,768,7168,9042,9071,main_variants/main23:92001,False,main_variants,main23,92001,reports/opus_flydsl_all_20261009/main_variants/build/main23/experiments.so,55927bffd4f3b05b59e0eda5fad3d5b58396f525f618fed0eec4a1cb48df83b6,0,1,CPU actual header and launcher constraints,pending_gpu_stop,pending_gpu_stop
256,768,7168,9042,9071,main_variants/main23:92002,False,main_variants,main23,92002,reports/opus_flydsl_all_20261009/main_variants/build/main23/experiments.so,55927bffd4f3b05b59e0eda5fad3d5b58396f525f618fed0eec4a1cb48df83b6,0,1,CPU actual header and launcher constraints,pending_gpu_stop,pending_gpu_stop
256,768,7168,9042,9071,main_variants/main23:92008,False,main_variants,main23,92008,reports/opus_flydsl_all_20261009/main_variants/build/main23/experiments.so,55927bffd4f3b05b59e0eda5fad3d5b58396f525f618fed0eec4a1cb48df83b6,0,1,CPU actual header and launcher constraints,pending_gpu_stop,pending_gpu_stop
256,768,7168,9042,9071,main_variants/main23:92009,False,main_variants,main23,92009,reports/opus_flydsl_all_20261009/main_variants/build/main23/experiments.so,55927bffd4f3b05b59e0eda5fad3d5b58396f525f618fed0eec4a1cb48df83b6,0,1,CPU actual header and launcher constraints,pending_gpu_stop,pending_gpu_stop
256,768,7168,9042,9071,main_variants/main23:92011,False,main_variants,main23,92011,reports/opus_flydsl_all_20261009/main_variants/build/main23/experiments.so,55927bffd4f3b05b59e0eda5fad3d5b58396f525f618fed0eec4a1cb48df83b6,0,1,CPU actual header and launcher constraints,pending_gpu_stop,pending_gpu_stop
256,768,7168,9042,9071,main_variants/main23:92012,False,main_variants,main23,92012,reports/opus_flydsl_all_20261009/main_variants/build/main23/experiments.so,55927bffd4f3b05b59e0eda5fad3d5b58396f525f618fed0eec4a1cb48df83b6,0,1,CPU actual header and launcher constraints,pending_gpu_stop,pending_gpu_stop
256,768,7168,9042,9071,main_variants/pin24:92103,False,main_variants,pin24,92103,reports/opus_flydsl_all_20261009/main_variants/build/pin24/experiments.so,3b9fb951504917f017ffb87b5eb192be99453337cdf969b6800ff47283d2746d,0,1,CPU actual header and launcher constraints,pending_gpu_stop,pending_gpu_stop
256,768,7168,9042,9071,main_variants/pin24:92113,False,main_variants,pin24,92113,reports/opus_flydsl_all_20261009/main_variants/build/pin24/experiments.so,3b9fb951504917f017ffb87b5eb192be99453337cdf969b6800ff47283d2746d,0,1,CPU actual header and launcher constraints,pending_gpu_stop,pending_gpu_stop
256,768,7168,9042,9071,main_variants/pin24:92120,False,main_variants,pin24,92120,reports/opus_flydsl_all_20261009/main_variants/build/pin24/experiments.so,3b9fb951504917f017ffb87b5eb192be99453337cdf969b6800ff47283d2746d,0,1,CPU actual header and launcher constraints,pending_gpu_stop,pending_gpu_stop
256,7168,768,9044,9044,hybrid_small/direct_b_ahead1:9043,False,hybrid_small,direct_b_ahead1,9043,reports/opus_flydsl_all_20261009/hybrid_small/build/direct_b_ahead1/experiments.so,f836d9fe683f0246d403f5f5a3798db1696de05e3d2b34c18568533d5f0e9a8e,0,1,CPU actual header and launcher constraints,pending_gpu_stop,pending_gpu_stop
256,7168,768,9044,9044,hybrid_small/direct_b_ahead2:9043,False,hybrid_small,direct_b_ahead2,9043,reports/opus_flydsl_all_20261009/hybrid_small/build/direct_b_ahead2/experiments.so,b714e774c27dc34d257e48aa3072aecdbe680ed20db33116036258a31eafae93,0,1,CPU actual header and launcher constraints,pending_gpu_stop,pending_gpu_stop
256,7168,768,9044,9044,hybrid_small/direct_b_ahead3:9043,False,hybrid_small,direct_b_ahead3,9043,reports/opus_flydsl_all_20261009/hybrid_small/build/direct_b_ahead3/experiments.so,1d8e364ea7cc5bb5da75bb5b93d177a520a5c0fbbcbfe782c761e6014f076c42,0,1,CPU actual header and launcher constraints,pending_gpu_stop,pending_gpu_stop
256,7168,768,9044,9044,hybrid_small/direct_b_ahead1:9044,True,hybrid_small,direct_b_ahead1,9044,reports/opus_flydsl_all_20261009/hybrid_small/build/direct_b_ahead1/experiments.so,f836d9fe683f0246d403f5f5a3798db1696de05e3d2b34c18568533d5f0e9a8e,0,1,CPU actual header and launcher constraints,pending_gpu_stop,pending_gpu_stop
256,7168,768,9044,9044,hybrid_small/direct_b_ahead2:9044,True,hybrid_small,direct_b_ahead2,9044,reports/opus_flydsl_all_20261009/hybrid_small/build/direct_b_ahead2/experiments.so,b714e774c27dc34d257e48aa3072aecdbe680ed20db33116036258a31eafae93,0,1,CPU actual header and launcher constraints,pending_gpu_stop,pending_gpu_stop
256,7168,768,9044,9044,hybrid_small/direct_b_ahead3:9044,True,hybrid_small,direct_b_ahead3,9044,reports/opus_flydsl_all_20261009/hybrid_small/build/direct_b_ahead3/experiments.so,1d8e364ea7cc5bb5da75bb5b93d177a520a5c0fbbcbfe782c761e6014f076c42,0,1,CPU actual header and launcher constraints,pending_gpu_stop,pending_gpu_stop
256,7168,768,9044,9044,hybrid_small/direct_b_ahead1:9045,False,hybrid_small,direct_b_ahead1,9045,reports/opus_flydsl_all_20261009/hybrid_small/build/direct_b_ahead1/experiments.so,f836d9fe683f0246d403f5f5a3798db1696de05e3d2b34c18568533d5f0e9a8e,0,1,CPU actual header and launcher constraints,pending_gpu_stop,pending_gpu_stop
256,7168,768,9044,9044,hybrid_small/direct_b_ahead2:9045,False,hybrid_small,direct_b_ahead2,9045,reports/opus_flydsl_all_20261009/hybrid_small/build/direct_b_ahead2/experiments.so,b714e774c27dc34d257e48aa3072aecdbe680ed20db33116036258a31eafae93,0,1,CPU actual header and launcher constraints,pending_gpu_stop,pending_gpu_stop
256,7168,768,9044,9044,hybrid_small/direct_b_ahead3:9045,False,hybrid_small,direct_b_ahead3,9045,reports/opus_flydsl_all_20261009/hybrid_small/build/direct_b_ahead3/experiments.so,1d8e364ea7cc5bb5da75bb5b93d177a520a5c0fbbcbfe782c761e6014f076c42,0,1,CPU actual header and launcher constraints,pending_gpu_stop,pending_gpu_stop
256,7168,768,9044,9044,hybrid_small/direct_b_ahead1:9046,False,hybrid_small,direct_b_ahead1,9046,reports/opus_flydsl_all_20261009/hybrid_small/build/direct_b_ahead1/experiments.so,f836d9fe683f0246d403f5f5a3798db1696de05e3d2b34c18568533d5f0e9a8e,0,1,CPU actual header and launcher constraints,pending_gpu_stop,pending_gpu_stop
256,7168,768,9044,9044,hybrid_small/direct_b_ahead2:9046,False,hybrid_small,direct_b_ahead2,9046,reports/opus_flydsl_all_20261009/hybrid_small/build/direct_b_ahead2/experiments.so,b714e774c27dc34d257e48aa3072aecdbe680ed20db33116036258a31eafae93,0,1,CPU actual header and launcher constraints,pending_gpu_stop,pending_gpu_stop
256,7168,768,9044,9044,hybrid_small/direct_b_ahead3:9046,False,hybrid_small,direct_b_ahead3,9046,reports/opus_flydsl_all_20261009/hybrid_small/build/direct_b_ahead3/experiments.so,1d8e364ea7cc5bb5da75bb5b93d177a520a5c0fbbcbfe782c761e6014f076c42,0,1,CPU actual header and launcher constraints,pending_gpu_stop,pending_gpu_stop
256,7168,768,9044,9044,hybrid_small/direct_b_ahead1:9047,False,hybrid_small,direct_b_ahead1,9047,reports/opus_flydsl_all_20261009/hybrid_small/build/direct_b_ahead1/experiments.so,f836d9fe683f0246d403f5f5a3798db1696de05e3d2b34c18568533d5f0e9a8e,0,1,CPU actual header and launcher constraints,pending_gpu_stop,pending_gpu_stop
256,7168,768,9044,9044,hybrid_small/direct_b_ahead2:9047,False,hybrid_small,direct_b_ahead2,9047,reports/opus_flydsl_all_20261009/hybrid_small/build/direct_b_ahead2/experiments.so,b714e774c27dc34d257e48aa3072aecdbe680ed20db33116036258a31eafae93,0,1,CPU actual header and launcher constraints,pending_gpu_stop,pending_gpu_stop
256,7168,768,9044,9044,hybrid_small/direct_b_ahead3:9047,False,hybrid_small,direct_b_ahead3,9047,reports/opus_flydsl_all_20261009/hybrid_small/build/direct_b_ahead3/experiments.so,1d8e364ea7cc5bb5da75bb5b93d177a520a5c0fbbcbfe782c761e6014f076c42,0,1,CPU actual header and launcher constraints,pending_gpu_stop,pending_gpu_stop
256,7168,768,9044,9044,hybrid_small/direct_b_ahead1:9049,False,hybrid_small,direct_b_ahead1,9049,reports/opus_flydsl_all_20261009/hybrid_small/build/direct_b_ahead1/experiments.so,f836d9fe683f0246d403f5f5a3798db1696de05e3d2b34c18568533d5f0e9a8e,0,1,CPU actual header and launcher constraints,pending_gpu_stop,pending_gpu_stop
256,7168,768,9044,9044,hybrid_small/direct_b_ahead2:9049,False,hybrid_small,direct_b_ahead2,9049,reports/opus_flydsl_all_20261009/hybrid_small/build/direct_b_ahead2/experiments.so,b714e774c27dc34d257e48aa3072aecdbe680ed20db33116036258a31eafae93,0,1,CPU actual header and launcher constraints,pending_gpu_stop,pending_gpu_stop
256,7168,768,9044,9044,hybrid_small/direct_b_ahead3:9049,False,hybrid_small,direct_b_ahead3,9049,reports/opus_flydsl_all_20261009/hybrid_small/build/direct_b_ahead3/experiments.so,1d8e364ea7cc5bb5da75bb5b93d177a520a5c0fbbcbfe782c761e6014f076c42,0,1,CPU actual header and launcher constraints,pending_gpu_stop,pending_gpu_stop
256,7168,768,9044,9044,hybrid_small/direct_b_ahead1:9055,False,hybrid_small,direct_b_ahead1,9055,reports/opus_flydsl_all_20261009/hybrid_small/build/direct_b_ahead1/experiments.so,f836d9fe683f0246d403f5f5a3798db1696de05e3d2b34c18568533d5f0e9a8e,0,1,CPU actual header and launcher constraints,pending_gpu_stop,pending_gpu_stop
256,7168,768,9044,9044,hybrid_small/direct_b_ahead2:9055,False,hybrid_small,direct_b_ahead2,9055,reports/opus_flydsl_all_20261009/hybrid_small/build/direct_b_ahead2/experiments.so,b714e774c27dc34d257e48aa3072aecdbe680ed20db33116036258a31eafae93,0,1,CPU actual header and launcher constraints,pending_gpu_stop,pending_gpu_stop
256,7168,768,9044,9044,hybrid_small/direct_b_ahead3:9055,False,hybrid_small,direct_b_ahead3,9055,reports/opus_flydsl_all_20261009/hybrid_small/build/direct_b_ahead3/experiments.so,1d8e364ea7cc5bb5da75bb5b93d177a520a5c0fbbcbfe782c761e6014f076c42,0,1,CPU actual header and launcher constraints,pending_gpu_stop,pending_gpu_stop
256,7168,768,9044,9044,hybrid_small/direct_b_ahead1:9056,False,hybrid_small,direct_b_ahead1,9056,reports/opus_flydsl_all_20261009/hybrid_small/build/direct_b_ahead1/experiments.so,f836d9fe683f0246d403f5f5a3798db1696de05e3d2b34c18568533d5f0e9a8e,0,1,CPU actual header and launcher constraints,pending_gpu_stop,pending_gpu_stop
256,7168,768,9044,9044,hybrid_small/direct_b_ahead2:9056,False,hybrid_small,direct_b_ahead2,9056,reports/opus_flydsl_all_20261009/hybrid_small/build/direct_b_ahead2/experiments.so,b714e774c27dc34d257e48aa3072aecdbe680ed20db33116036258a31eafae93,0,1,CPU actual header and launcher constraints,pending_gpu_stop,pending_gpu_stop
256,7168,768,9044,9044,hybrid_small/direct_b_ahead3:9056,False,hybrid_small,direct_b_ahead3,9056,reports/opus_flydsl_all_20261009/hybrid_small/build/direct_b_ahead3/experiments.so,1d8e364ea7cc5bb5da75bb5b93d177a520a5c0fbbcbfe782c761e6014f076c42,0,1,CPU actual header and launcher constraints,pending_gpu_stop,pending_gpu_stop
256,7168,768,9044,9044,small_split/candidate:110,False,small_split,candidate,110,reports/opus_flydsl_all_20261009/small_split/build/candidate/experiments.so,7822e988744329482bbd6a7fcb5215b561e9aeada63a3aedf9cd5e541958a886,29360128,2,CPU actual header and launcher constraints,pending_gpu_stop,pending_gpu_stop
256,7168,768,9044,9044,small_split/candidate:111,False,small_split,candidate,111,reports/opus_flydsl_all_20261009/small_split/build/candidate/experiments.so,7822e988744329482bbd6a7fcb5215b561e9aeada63a3aedf9cd5e541958a886,29360128,2,CPU actual header and launcher constraints,pending_gpu_stop,pending_gpu_stop
256,7168,768,9044,9044,small_split/candidate:120,False,small_split,candidate,120,reports/opus_flydsl_all_20261009/small_split/build/candidate/experiments.so,7822e988744329482bbd6a7fcb5215b561e9aeada63a3aedf9cd5e541958a886,29360128,2,CPU actual header and launcher constraints,pending_gpu_stop,pending_gpu_stop
256,7168,768,9044,9044,small_split/candidate:121,False,small_split,candidate,121,reports/opus_flydsl_all_20261009/small_split/build/candidate/experiments.so,7822e988744329482bbd6a7fcb5215b561e9aeada63a3aedf9cd5e541958a886,29360128,2,CPU actual header and launcher constraints,pending_gpu_stop,pending_gpu_stop
256,7168,768,9044,9044,small_split/candidate:130,False,small_split,candidate,130,reports/opus_flydsl_all_20261009/small_split/build/candidate/experiments.so,7822e988744329482bbd6a7fcb5215b561e9aeada63a3aedf9cd5e541958a886,29360128,2,CPU actual header and launcher constraints,pending_gpu_stop,pending_gpu_stop
256,7168,768,9044,9044,small_split/candidate:140,False,small_split,candidate,140,reports/opus_flydsl_all_20261009/small_split/build/candidate/experiments.so,7822e988744329482bbd6a7fcb5215b561e9aeada63a3aedf9cd5e541958a886,29360128,2,CPU actual header and launcher constraints,pending_gpu_stop,pending_gpu_stop
256,7168,768,9044,9044,small_split/candidate:210,False,small_split,candidate,210,reports/opus_flydsl_all_20261009/small_split/build/candidate/experiments.so,7822e988744329482bbd6a7fcb5215b561e9aeada63a3aedf9cd5e541958a886,0,1,CPU actual header and launcher constraints,pending_gpu_stop,pending_gpu_stop
256,7168,768,9044,9044,small_split/candidate:211,False,small_split,candidate,211,reports/opus_flydsl_all_20261009/small_split/build/candidate/experiments.so,7822e988744329482bbd6a7fcb5215b561e9aeada63a3aedf9cd5e541958a886,14680064,2,CPU actual header and launcher constraints,pending_gpu_stop,pending_gpu_stop
256,7168,768,9044,9044,small_split/candidate:220,False,small_split,candidate,220,reports/opus_flydsl_all_20261009/small_split/build/candidate/experiments.so,7822e988744329482bbd6a7fcb5215b561e9aeada63a3aedf9cd5e541958a886,0,1,CPU actual header and launcher constraints,pending_gpu_stop,pending_gpu_stop
256,7168,768,9044,9044,small_split/candidate:221,False,small_split,candidate,221,reports/opus_flydsl_all_20261009/small_split/build/candidate/experiments.so,7822e988744329482bbd6a7fcb5215b561e9aeada63a3aedf9cd5e541958a886,14680064,2,CPU actual header and launcher constraints,pending_gpu_stop,pending_gpu_stop
256,7168,768,9044,9044,small_split/candidate:230,False,small_split,candidate,230,reports/opus_flydsl_all_20261009/small_split/build/candidate/experiments.so,7822e988744329482bbd6a7fcb5215b561e9aeada63a3aedf9cd5e541958a886,0,1,CPU actual header and launcher constraints,pending_gpu_stop,pending_gpu_stop
256,7168,768,9044,9044,small_split/candidate:231,False,small_split,candidate,231,reports/opus_flydsl_all_20261009/small_split/build/candidate/experiments.so,7822e988744329482bbd6a7fcb5215b561e9aeada63a3aedf9cd5e541958a886,14680064,2,CPU actual header and launcher constraints,pending_gpu_stop,pending_gpu_stop
256,7168,768,9044,9044,main_variants/main23:92000,False,main_variants,main23,92000,reports/opus_flydsl_all_20261009/main_variants/build/main23/experiments.so,55927bffd4f3b05b59e0eda5fad3d5b58396f525f618fed0eec4a1cb48df83b6,0,1,CPU actual header and launcher constraints,pending_gpu_stop,pending_gpu_stop
256,7168,768,9044,9044,main_variants/main23:92001,False,main_variants,main23,92001,reports/opus_flydsl_all_20261009/main_variants/build/main23/experiments.so,55927bffd4f3b05b59e0eda5fad3d5b58396f525f618fed0eec4a1cb48df83b6,0,1,CPU actual header and launcher constraints,pending_gpu_stop,pending_gpu_stop
256,7168,768,9044,9044,main_variants/main23:92002,False,main_variants,main23,92002,reports/opus_flydsl_all_20261009/main_variants/build/main23/experiments.so,55927bffd4f3b05b59e0eda5fad3d5b58396f525f618fed0eec4a1cb48df83b6,0,1,CPU actual header and launcher constraints,pending_gpu_stop,pending_gpu_stop
256,7168,768,9044,9044,main_variants/main23:92004,False,main_variants,main23,92004,reports/opus_flydsl_all_20261009/main_variants/build/main23/experiments.so,55927bffd4f3b05b59e0eda5fad3d5b58396f525f618fed0eec4a1cb48df83b6,0,1,CPU actual header and launcher constraints,pending_gpu_stop,pending_gpu_stop
288,768,7168,9055,9055,hybrid_small/direct_b_ahead1:9043,False,hybrid_small,direct_b_ahead1,9043,reports/opus_flydsl_all_20261009/hybrid_small/build/direct_b_ahead1/experiments.so,f836d9fe683f0246d403f5f5a3798db1696de05e3d2b34c18568533d5f0e9a8e,0,1,CPU actual header and launcher constraints,pending_gpu_stop,pending_gpu_stop
288,768,7168,9055,9055,hybrid_small/direct_b_ahead2:9043,False,hybrid_small,direct_b_ahead2,9043,reports/opus_flydsl_all_20261009/hybrid_small/build/direct_b_ahead2/experiments.so,b714e774c27dc34d257e48aa3072aecdbe680ed20db33116036258a31eafae93,0,1,CPU actual header and launcher constraints,pending_gpu_stop,pending_gpu_stop
288,768,7168,9055,9055,hybrid_small/direct_b_ahead3:9043,False,hybrid_small,direct_b_ahead3,9043,reports/opus_flydsl_all_20261009/hybrid_small/build/direct_b_ahead3/experiments.so,1d8e364ea7cc5bb5da75bb5b93d177a520a5c0fbbcbfe782c761e6014f076c42,0,1,CPU actual header and launcher constraints,pending_gpu_stop,pending_gpu_stop
288,768,7168,9055,9055,hybrid_small/direct_b_ahead1:9044,False,hybrid_small,direct_b_ahead1,9044,reports/opus_flydsl_all_20261009/hybrid_small/build/direct_b_ahead1/experiments.so,f836d9fe683f0246d403f5f5a3798db1696de05e3d2b34c18568533d5f0e9a8e,0,1,CPU actual header and launcher constraints,pending_gpu_stop,pending_gpu_stop
288,768,7168,9055,9055,hybrid_small/direct_b_ahead2:9044,False,hybrid_small,direct_b_ahead2,9044,reports/opus_flydsl_all_20261009/hybrid_small/build/direct_b_ahead2/experiments.so,b714e774c27dc34d257e48aa3072aecdbe680ed20db33116036258a31eafae93,0,1,CPU actual header and launcher constraints,pending_gpu_stop,pending_gpu_stop
288,768,7168,9055,9055,hybrid_small/direct_b_ahead3:9044,False,hybrid_small,direct_b_ahead3,9044,reports/opus_flydsl_all_20261009/hybrid_small/build/direct_b_ahead3/experiments.so,1d8e364ea7cc5bb5da75bb5b93d177a520a5c0fbbcbfe782c761e6014f076c42,0,1,CPU actual header and launcher constraints,pending_gpu_stop,pending_gpu_stop
288,768,7168,9055,9055,hybrid_small/direct_b_ahead1:9045,False,hybrid_small,direct_b_ahead1,9045,reports/opus_flydsl_all_20261009/hybrid_small/build/direct_b_ahead1/experiments.so,f836d9fe683f0246d403f5f5a3798db1696de05e3d2b34c18568533d5f0e9a8e,0,1,CPU actual header and launcher constraints,pending_gpu_stop,pending_gpu_stop
288,768,7168,9055,9055,hybrid_small/direct_b_ahead2:9045,False,hybrid_small,direct_b_ahead2,9045,reports/opus_flydsl_all_20261009/hybrid_small/build/direct_b_ahead2/experiments.so,b714e774c27dc34d257e48aa3072aecdbe680ed20db33116036258a31eafae93,0,1,CPU actual header and launcher constraints,pending_gpu_stop,pending_gpu_stop
288,768,7168,9055,9055,hybrid_small/direct_b_ahead3:9045,False,hybrid_small,direct_b_ahead3,9045,reports/opus_flydsl_all_20261009/hybrid_small/build/direct_b_ahead3/experiments.so,1d8e364ea7cc5bb5da75bb5b93d177a520a5c0fbbcbfe782c761e6014f076c42,0,1,CPU actual header and launcher constraints,pending_gpu_stop,pending_gpu_stop
288,768,7168,9055,9055,hybrid_small/direct_b_ahead1:9046,False,hybrid_small,direct_b_ahead1,9046,reports/opus_flydsl_all_20261009/hybrid_small/build/direct_b_ahead1/experiments.so,f836d9fe683f0246d403f5f5a3798db1696de05e3d2b34c18568533d5f0e9a8e,0,1,CPU actual header and launcher constraints,pending_gpu_stop,pending_gpu_stop
288,768,7168,9055,9055,hybrid_small/direct_b_ahead2:9046,False,hybrid_small,direct_b_ahead2,9046,reports/opus_flydsl_all_20261009/hybrid_small/build/direct_b_ahead2/experiments.so,b714e774c27dc34d257e48aa3072aecdbe680ed20db33116036258a31eafae93,0,1,CPU actual header and launcher constraints,pending_gpu_stop,pending_gpu_stop
288,768,7168,9055,9055,hybrid_small/direct_b_ahead3:9046,False,hybrid_small,direct_b_ahead3,9046,reports/opus_flydsl_all_20261009/hybrid_small/build/direct_b_ahead3/experiments.so,1d8e364ea7cc5bb5da75bb5b93d177a520a5c0fbbcbfe782c761e6014f076c42,0,1,CPU actual header and launcher constraints,pending_gpu_stop,pending_gpu_stop
288,768,7168,9055,9055,hybrid_small/direct_b_ahead1:9047,False,hybrid_small,direct_b_ahead1,9047,reports/opus_flydsl_all_20261009/hybrid_small/build/direct_b_ahead1/experiments.so,f836d9fe683f0246d403f5f5a3798db1696de05e3d2b34c18568533d5f0e9a8e,0,1,CPU actual header and launcher constraints,pending_gpu_stop,pending_gpu_stop
288,768,7168,9055,9055,hybrid_small/direct_b_ahead2:9047,False,hybrid_small,direct_b_ahead2,9047,reports/opus_flydsl_all_20261009/hybrid_small/build/direct_b_ahead2/experiments.so,b714e774c27dc34d257e48aa3072aecdbe680ed20db33116036258a31eafae93,0,1,CPU actual header and launcher constraints,pending_gpu_stop,pending_gpu_stop
288,768,7168,9055,9055,hybrid_small/direct_b_ahead3:9047,False,hybrid_small,direct_b_ahead3,9047,reports/opus_flydsl_all_20261009/hybrid_small/build/direct_b_ahead3/experiments.so,1d8e364ea7cc5bb5da75bb5b93d177a520a5c0fbbcbfe782c761e6014f076c42,0,1,CPU actual header and launcher constraints,pending_gpu_stop,pending_gpu_stop
288,768,7168,9055,9055,hybrid_small/direct_b_ahead1:9049,False,hybrid_small,direct_b_ahead1,9049,reports/opus_flydsl_all_20261009/hybrid_small/build/direct_b_ahead1/experiments.so,f836d9fe683f0246d403f5f5a3798db1696de05e3d2b34c18568533d5f0e9a8e,0,1,CPU actual header and launcher constraints,pending_gpu_stop,pending_gpu_stop
288,768,7168,9055,9055,hybrid_small/direct_b_ahead2:9049,False,hybrid_small,direct_b_ahead2,9049,reports/opus_flydsl_all_20261009/hybrid_small/build/direct_b_ahead2/experiments.so,b714e774c27dc34d257e48aa3072aecdbe680ed20db33116036258a31eafae93,0,1,CPU actual header and launcher constraints,pending_gpu_stop,pending_gpu_stop
288,768,7168,9055,9055,hybrid_small/direct_b_ahead3:9049,False,hybrid_small,direct_b_ahead3,9049,reports/opus_flydsl_all_20261009/hybrid_small/build/direct_b_ahead3/experiments.so,1d8e364ea7cc5bb5da75bb5b93d177a520a5c0fbbcbfe782c761e6014f076c42,0,1,CPU actual header and launcher constraints,pending_gpu_stop,pending_gpu_stop
288,768,7168,9055,9055,hybrid_small/direct_b_ahead1:9055,True,hybrid_small,direct_b_ahead1,9055,reports/opus_flydsl_all_20261009/hybrid_small/build/direct_b_ahead1/experiments.so,f836d9fe683f0246d403f5f5a3798db1696de05e3d2b34c18568533d5f0e9a8e,0,1,CPU actual header and launcher constraints,pending_gpu_stop,pending_gpu_stop
288,768,7168,9055,9055,hybrid_small/direct_b_ahead2:9055,True,hybrid_small,direct_b_ahead2,9055,reports/opus_flydsl_all_20261009/hybrid_small/build/direct_b_ahead2/experiments.so,b714e774c27dc34d257e48aa3072aecdbe680ed20db33116036258a31eafae93,0,1,CPU actual header and launcher constraints,pending_gpu_stop,pending_gpu_stop
288,768,7168,9055,9055,hybrid_small/direct_b_ahead3:9055,True,hybrid_small,direct_b_ahead3,9055,reports/opus_flydsl_all_20261009/hybrid_small/build/direct_b_ahead3/experiments.so,1d8e364ea7cc5bb5da75bb5b93d177a520a5c0fbbcbfe782c761e6014f076c42,0,1,CPU actual header and launcher constraints,pending_gpu_stop,pending_gpu_stop
288,768,7168,9055,9055,hybrid_small/direct_b_ahead1:9056,False,hybrid_small,direct_b_ahead1,9056,reports/opus_flydsl_all_20261009/hybrid_small/build/direct_b_ahead1/experiments.so,f836d9fe683f0246d403f5f5a3798db1696de05e3d2b34c18568533d5f0e9a8e,0,1,CPU actual header and launcher constraints,pending_gpu_stop,pending_gpu_stop
288,768,7168,9055,9055,hybrid_small/direct_b_ahead2:9056,False,hybrid_small,direct_b_ahead2,9056,reports/opus_flydsl_all_20261009/hybrid_small/build/direct_b_ahead2/experiments.so,b714e774c27dc34d257e48aa3072aecdbe680ed20db33116036258a31eafae93,0,1,CPU actual header and launcher constraints,pending_gpu_stop,pending_gpu_stop
288,768,7168,9055,9055,hybrid_small/direct_b_ahead3:9056,False,hybrid_small,direct_b_ahead3,9056,reports/opus_flydsl_all_20261009/hybrid_small/build/direct_b_ahead3/experiments.so,1d8e364ea7cc5bb5da75bb5b93d177a520a5c0fbbcbfe782c761e6014f076c42,0,1,CPU actual header and launcher constraints,pending_gpu_stop,pending_gpu_stop
288,768,7168,9055,9055,small_split/candidate:110,False,small_split,candidate,110,reports/opus_flydsl_all_20261009/small_split/build/candidate/experiments.so,7822e988744329482bbd6a7fcb5215b561e9aeada63a3aedf9cd5e541958a886,3538944,2,CPU actual header and launcher constraints,pending_gpu_stop,pending_gpu_stop
288,768,7168,9055,9055,small_split/candidate:111,False,small_split,candidate,111,reports/opus_flydsl_all_20261009/small_split/build/candidate/experiments.so,7822e988744329482bbd6a7fcb5215b561e9aeada63a3aedf9cd5e541958a886,3538944,2,CPU actual header and launcher constraints,pending_gpu_stop,pending_gpu_stop
288,768,7168,9055,9055,small_split/candidate:120,False,small_split,candidate,120,reports/opus_flydsl_all_20261009/small_split/build/candidate/experiments.so,7822e988744329482bbd6a7fcb5215b561e9aeada63a3aedf9cd5e541958a886,3538944,2,CPU actual header and launcher constraints,pending_gpu_stop,pending_gpu_stop
288,768,7168,9055,9055,small_split/candidate:121,False,small_split,candidate,121,reports/opus_flydsl_all_20261009/small_split/build/candidate/experiments.so,7822e988744329482bbd6a7fcb5215b561e9aeada63a3aedf9cd5e541958a886,3538944,2,CPU actual header and launcher constraints,pending_gpu_stop,pending_gpu_stop
288,768,7168,9055,9055,small_split/candidate:130,False,small_split,candidate,130,reports/opus_flydsl_all_20261009/small_split/build/candidate/experiments.so,7822e988744329482bbd6a7fcb5215b561e9aeada63a3aedf9cd5e541958a886,3538944,2,CPU actual header and launcher constraints,pending_gpu_stop,pending_gpu_stop
288,768,7168,9055,9055,small_split/candidate:140,False,small_split,candidate,140,reports/opus_flydsl_all_20261009/small_split/build/candidate/experiments.so,7822e988744329482bbd6a7fcb5215b561e9aeada63a3aedf9cd5e541958a886,3538944,2,CPU actual header and launcher constraints,pending_gpu_stop,pending_gpu_stop
288,768,7168,9055,9055,small_split/candidate:210,False,small_split,candidate,210,reports/opus_flydsl_all_20261009/small_split/build/candidate/experiments.so,7822e988744329482bbd6a7fcb5215b561e9aeada63a3aedf9cd5e541958a886,0,1,CPU actual header and launcher constraints,pending_gpu_stop,pending_gpu_stop
288,768,7168,9055,9055,small_split/candidate:211,False,small_split,candidate,211,reports/opus_flydsl_all_20261009/small_split/build/candidate/experiments.so,7822e988744329482bbd6a7fcb5215b561e9aeada63a3aedf9cd5e541958a886,1769472,2,CPU actual header and launcher constraints,pending_gpu_stop,pending_gpu_stop
288,768,7168,9055,9055,small_split/candidate:220,False,small_split,candidate,220,reports/opus_flydsl_all_20261009/small_split/build/candidate/experiments.so,7822e988744329482bbd6a7fcb5215b561e9aeada63a3aedf9cd5e541958a886,0,1,CPU actual header and launcher constraints,pending_gpu_stop,pending_gpu_stop
288,768,7168,9055,9055,small_split/candidate:221,False,small_split,candidate,221,reports/opus_flydsl_all_20261009/small_split/build/candidate/experiments.so,7822e988744329482bbd6a7fcb5215b561e9aeada63a3aedf9cd5e541958a886,1769472,2,CPU actual header and launcher constraints,pending_gpu_stop,pending_gpu_stop
288,768,7168,9055,9055,small_split/candidate:230,False,small_split,candidate,230,reports/opus_flydsl_all_20261009/small_split/build/candidate/experiments.so,7822e988744329482bbd6a7fcb5215b561e9aeada63a3aedf9cd5e541958a886,0,1,CPU actual header and launcher constraints,pending_gpu_stop,pending_gpu_stop
288,768,7168,9055,9055,small_split/candidate:231,False,small_split,candidate,231,reports/opus_flydsl_all_20261009/small_split/build/candidate/experiments.so,7822e988744329482bbd6a7fcb5215b561e9aeada63a3aedf9cd5e541958a886,1769472,2,CPU actual header and launcher constraints,pending_gpu_stop,pending_gpu_stop
288,768,7168,9055,9055,main_variants/main23:92000,False,main_variants,main23,92000,reports/opus_flydsl_all_20261009/main_variants/build/main23/experiments.so,55927bffd4f3b05b59e0eda5fad3d5b58396f525f618fed0eec4a1cb48df83b6,0,1,CPU actual header and launcher constraints,pending_gpu_stop,pending_gpu_stop
288,768,7168,9055,9055,main_variants/main23:92001,False,main_variants,main23,92001,reports/opus_flydsl_all_20261009/main_variants/build/main23/experiments.so,55927bffd4f3b05b59e0eda5fad3d5b58396f525f618fed0eec4a1cb48df83b6,0,1,CPU actual header and launcher constraints,pending_gpu_stop,pending_gpu_stop
288,768,7168,9055,9055,main_variants/main23:92002,False,main_variants,main23,92002,reports/opus_flydsl_all_20261009/main_variants/build/main23/experiments.so,55927bffd4f3b05b59e0eda5fad3d5b58396f525f618fed0eec4a1cb48df83b6,0,1,CPU actual header and launcher constraints,pending_gpu_stop,pending_gpu_stop
288,768,7168,9055,9055,main_variants/main23:92008,False,main_variants,main23,92008,reports/opus_flydsl_all_20261009/main_variants/build/main23/experiments.so,55927bffd4f3b05b59e0eda5fad3d5b58396f525f618fed0eec4a1cb48df83b6,0,1,CPU actual header and launcher constraints,pending_gpu_stop,pending_gpu_stop
288,768,7168,9055,9055,main_variants/main23:92009,False,main_variants,main23,92009,reports/opus_flydsl_all_20261009/main_variants/build/main23/experiments.so,55927bffd4f3b05b59e0eda5fad3d5b58396f525f618fed0eec4a1cb48df83b6,0,1,CPU actual header and launcher constraints,pending_gpu_stop,pending_gpu_stop
288,768,7168,9055,9055,main_variants/main23:92011,False,main_variants,main23,92011,reports/opus_flydsl_all_20261009/main_variants/build/main23/experiments.so,55927bffd4f3b05b59e0eda5fad3d5b58396f525f618fed0eec4a1cb48df83b6,0,1,CPU actual header and launcher constraints,pending_gpu_stop,pending_gpu_stop
288,768,7168,9055,9055,main_variants/main23:92012,False,main_variants,main23,92012,reports/opus_flydsl_all_20261009/main_variants/build/main23/experiments.so,55927bffd4f3b05b59e0eda5fad3d5b58396f525f618fed0eec4a1cb48df83b6,0,1,CPU actual header and launcher constraints,pending_gpu_stop,pending_gpu_stop
288,768,7168,9055,9055,main_variants/pin24:92120,False,main_variants,pin24,92120,reports/opus_flydsl_all_20261009/main_variants/build/pin24/experiments.so,3b9fb951504917f017ffb87b5eb192be99453337cdf969b6800ff47283d2746d,0,1,CPU actual header and launcher constraints,pending_gpu_stop,pending_gpu_stop
288,7168,3072,9060,9060,hybrid_small/direct_b_ahead1:9043,False,hybrid_small,direct_b_ahead1,9043,reports/opus_flydsl_all_20261009/hybrid_small/build/direct_b_ahead1/experiments.so,f836d9fe683f0246d403f5f5a3798db1696de05e3d2b34c18568533d5f0e9a8e,0,1,CPU actual header and launcher constraints,pending_gpu_stop,pending_gpu_stop
288,7168,3072,9060,9060,hybrid_small/direct_b_ahead2:9043,False,hybrid_small,direct_b_ahead2,9043,reports/opus_flydsl_all_20261009/hybrid_small/build/direct_b_ahead2/experiments.so,b714e774c27dc34d257e48aa3072aecdbe680ed20db33116036258a31eafae93,0,1,CPU actual header and launcher constraints,pending_gpu_stop,pending_gpu_stop
288,7168,3072,9060,9060,hybrid_small/direct_b_ahead3:9043,False,hybrid_small,direct_b_ahead3,9043,reports/opus_flydsl_all_20261009/hybrid_small/build/direct_b_ahead3/experiments.so,1d8e364ea7cc5bb5da75bb5b93d177a520a5c0fbbcbfe782c761e6014f076c42,0,1,CPU actual header and launcher constraints,pending_gpu_stop,pending_gpu_stop
288,7168,3072,9060,9060,hybrid_small/direct_b_ahead1:9044,False,hybrid_small,direct_b_ahead1,9044,reports/opus_flydsl_all_20261009/hybrid_small/build/direct_b_ahead1/experiments.so,f836d9fe683f0246d403f5f5a3798db1696de05e3d2b34c18568533d5f0e9a8e,0,1,CPU actual header and launcher constraints,pending_gpu_stop,pending_gpu_stop
288,7168,3072,9060,9060,hybrid_small/direct_b_ahead2:9044,False,hybrid_small,direct_b_ahead2,9044,reports/opus_flydsl_all_20261009/hybrid_small/build/direct_b_ahead2/experiments.so,b714e774c27dc34d257e48aa3072aecdbe680ed20db33116036258a31eafae93,0,1,CPU actual header and launcher constraints,pending_gpu_stop,pending_gpu_stop
288,7168,3072,9060,9060,hybrid_small/direct_b_ahead3:9044,False,hybrid_small,direct_b_ahead3,9044,reports/opus_flydsl_all_20261009/hybrid_small/build/direct_b_ahead3/experiments.so,1d8e364ea7cc5bb5da75bb5b93d177a520a5c0fbbcbfe782c761e6014f076c42,0,1,CPU actual header and launcher constraints,pending_gpu_stop,pending_gpu_stop
288,7168,3072,9060,9060,hybrid_small/direct_b_ahead1:9045,False,hybrid_small,direct_b_ahead1,9045,reports/opus_flydsl_all_20261009/hybrid_small/build/direct_b_ahead1/experiments.so,f836d9fe683f0246d403f5f5a3798db1696de05e3d2b34c18568533d5f0e9a8e,0,1,CPU actual header and launcher constraints,pending_gpu_stop,pending_gpu_stop
288,7168,3072,9060,9060,hybrid_small/direct_b_ahead2:9045,False,hybrid_small,direct_b_ahead2,9045,reports/opus_flydsl_all_20261009/hybrid_small/build/direct_b_ahead2/experiments.so,b714e774c27dc34d257e48aa3072aecdbe680ed20db33116036258a31eafae93,0,1,CPU actual header and launcher constraints,pending_gpu_stop,pending_gpu_stop
288,7168,3072,9060,9060,hybrid_small/direct_b_ahead3:9045,False,hybrid_small,direct_b_ahead3,9045,reports/opus_flydsl_all_20261009/hybrid_small/build/direct_b_ahead3/experiments.so,1d8e364ea7cc5bb5da75bb5b93d177a520a5c0fbbcbfe782c761e6014f076c42,0,1,CPU actual header and launcher constraints,pending_gpu_stop,pending_gpu_stop
288,7168,3072,9060,9060,hybrid_small/direct_b_ahead1:9046,False,hybrid_small,direct_b_ahead1,9046,reports/opus_flydsl_all_20261009/hybrid_small/build/direct_b_ahead1/experiments.so,f836d9fe683f0246d403f5f5a3798db1696de05e3d2b34c18568533d5f0e9a8e,0,1,CPU actual header and launcher constraints,pending_gpu_stop,pending_gpu_stop
288,7168,3072,9060,9060,hybrid_small/direct_b_ahead2:9046,False,hybrid_small,direct_b_ahead2,9046,reports/opus_flydsl_all_20261009/hybrid_small/build/direct_b_ahead2/experiments.so,b714e774c27dc34d257e48aa3072aecdbe680ed20db33116036258a31eafae93,0,1,CPU actual header and launcher constraints,pending_gpu_stop,pending_gpu_stop
288,7168,3072,9060,9060,hybrid_small/direct_b_ahead3:9046,False,hybrid_small,direct_b_ahead3,9046,reports/opus_flydsl_all_20261009/hybrid_small/build/direct_b_ahead3/experiments.so,1d8e364ea7cc5bb5da75bb5b93d177a520a5c0fbbcbfe782c761e6014f076c42,0,1,CPU actual header and launcher constraints,pending_gpu_stop,pending_gpu_stop
288,7168,3072,9060,9060,hybrid_small/direct_b_ahead1:9047,False,hybrid_small,direct_b_ahead1,9047,reports/opus_flydsl_all_20261009/hybrid_small/build/direct_b_ahead1/experiments.so,f836d9fe683f0246d403f5f5a3798db1696de05e3d2b34c18568533d5f0e9a8e,0,1,CPU actual header and launcher constraints,pending_gpu_stop,pending_gpu_stop
288,7168,3072,9060,9060,hybrid_small/direct_b_ahead2:9047,False,hybrid_small,direct_b_ahead2,9047,reports/opus_flydsl_all_20261009/hybrid_small/build/direct_b_ahead2/experiments.so,b714e774c27dc34d257e48aa3072aecdbe680ed20db33116036258a31eafae93,0,1,CPU actual header and launcher constraints,pending_gpu_stop,pending_gpu_stop
288,7168,3072,9060,9060,hybrid_small/direct_b_ahead3:9047,False,hybrid_small,direct_b_ahead3,9047,reports/opus_flydsl_all_20261009/hybrid_small/build/direct_b_ahead3/experiments.so,1d8e364ea7cc5bb5da75bb5b93d177a520a5c0fbbcbfe782c761e6014f076c42,0,1,CPU actual header and launcher constraints,pending_gpu_stop,pending_gpu_stop
288,7168,3072,9060,9060,hybrid_small/direct_b_ahead1:9049,False,hybrid_small,direct_b_ahead1,9049,reports/opus_flydsl_all_20261009/hybrid_small/build/direct_b_ahead1/experiments.so,f836d9fe683f0246d403f5f5a3798db1696de05e3d2b34c18568533d5f0e9a8e,0,1,CPU actual header and launcher constraints,pending_gpu_stop,pending_gpu_stop
288,7168,3072,9060,9060,hybrid_small/direct_b_ahead2:9049,False,hybrid_small,direct_b_ahead2,9049,reports/opus_flydsl_all_20261009/hybrid_small/build/direct_b_ahead2/experiments.so,b714e774c27dc34d257e48aa3072aecdbe680ed20db33116036258a31eafae93,0,1,CPU actual header and launcher constraints,pending_gpu_stop,pending_gpu_stop
288,7168,3072,9060,9060,hybrid_small/direct_b_ahead3:9049,False,hybrid_small,direct_b_ahead3,9049,reports/opus_flydsl_all_20261009/hybrid_small/build/direct_b_ahead3/experiments.so,1d8e364ea7cc5bb5da75bb5b93d177a520a5c0fbbcbfe782c761e6014f076c42,0,1,CPU actual header and launcher constraints,pending_gpu_stop,pending_gpu_stop
288,7168,3072,9060,9060,hybrid_small/direct_b_ahead1:9055,False,hybrid_small,direct_b_ahead1,9055,reports/opus_flydsl_all_20261009/hybrid_small/build/direct_b_ahead1/experiments.so,f836d9fe683f0246d403f5f5a3798db1696de05e3d2b34c18568533d5f0e9a8e,0,1,CPU actual header and launcher constraints,pending_gpu_stop,pending_gpu_stop
288,7168,3072,9060,9060,hybrid_small/direct_b_ahead2:9055,False,hybrid_small,direct_b_ahead2,9055,reports/opus_flydsl_all_20261009/hybrid_small/build/direct_b_ahead2/experiments.so,b714e774c27dc34d257e48aa3072aecdbe680ed20db33116036258a31eafae93,0,1,CPU actual header and launcher constraints,pending_gpu_stop,pending_gpu_stop
288,7168,3072,9060,9060,hybrid_small/direct_b_ahead3:9055,False,hybrid_small,direct_b_ahead3,9055,reports/opus_flydsl_all_20261009/hybrid_small/build/direct_b_ahead3/experiments.so,1d8e364ea7cc5bb5da75bb5b93d177a520a5c0fbbcbfe782c761e6014f076c42,0,1,CPU actual header and launcher constraints,pending_gpu_stop,pending_gpu_stop
288,7168,3072,9060,9060,hybrid_small/direct_b_ahead1:9056,False,hybrid_small,direct_b_ahead1,9056,reports/opus_flydsl_all_20261009/hybrid_small/build/direct_b_ahead1/experiments.so,f836d9fe683f0246d403f5f5a3798db1696de05e3d2b34c18568533d5f0e9a8e,0,1,CPU actual header and launcher constraints,pending_gpu_stop,pending_gpu_stop
288,7168,3072,9060,9060,hybrid_small/direct_b_ahead2:9056,False,hybrid_small,direct_b_ahead2,9056,reports/opus_flydsl_all_20261009/hybrid_small/build/direct_b_ahead2/experiments.so,b714e774c27dc34d257e48aa3072aecdbe680ed20db33116036258a31eafae93,0,1,CPU actual header and launcher constraints,pending_gpu_stop,pending_gpu_stop
288,7168,3072,9060,9060,hybrid_small/direct_b_ahead3:9056,False,hybrid_small,direct_b_ahead3,9056,reports/opus_flydsl_all_20261009/hybrid_small/build/direct_b_ahead3/experiments.so,1d8e364ea7cc5bb5da75bb5b93d177a520a5c0fbbcbfe782c761e6014f076c42,0,1,CPU actual header and launcher constraints,pending_gpu_stop,pending_gpu_stop
288,7168,3072,9060,9060,small_split/candidate:110,False,small_split,candidate,110,reports/opus_flydsl_all_20261009/small_split/build/candidate/experiments.so,7822e988744329482bbd6a7fcb5215b561e9aeada63a3aedf9cd5e541958a886,33030144,2,CPU actual header and launcher constraints,pending_gpu_stop,pending_gpu_stop
288,7168,3072,9060,9060,small_split/candidate:111,False,small_split,candidate,111,reports/opus_flydsl_all_20261009/small_split/build/candidate/experiments.so,7822e988744329482bbd6a7fcb5215b561e9aeada63a3aedf9cd5e541958a886,33030144,2,CPU actual header and launcher constraints,pending_gpu_stop,pending_gpu_stop
288,7168,3072,9060,9060,small_split/candidate:120,False,small_split,candidate,120,reports/opus_flydsl_all_20261009/small_split/build/candidate/experiments.so,7822e988744329482bbd6a7fcb5215b561e9aeada63a3aedf9cd5e541958a886,33030144,2,CPU actual header and launcher constraints,pending_gpu_stop,pending_gpu_stop
288,7168,3072,9060,9060,small_split/candidate:121,False,small_split,candidate,121,reports/opus_flydsl_all_20261009/small_split/build/candidate/experiments.so,7822e988744329482bbd6a7fcb5215b561e9aeada63a3aedf9cd5e541958a886,33030144,2,CPU actual header and launcher constraints,pending_gpu_stop,pending_gpu_stop
288,7168,3072,9060,9060,small_split/candidate:130,False,small_split,candidate,130,reports/opus_flydsl_all_20261009/small_split/build/candidate/experiments.so,7822e988744329482bbd6a7fcb5215b561e9aeada63a3aedf9cd5e541958a886,33030144,2,CPU actual header and launcher constraints,pending_gpu_stop,pending_gpu_stop
288,7168,3072,9060,9060,small_split/candidate:140,False,small_split,candidate,140,reports/opus_flydsl_all_20261009/small_split/build/candidate/experiments.so,7822e988744329482bbd6a7fcb5215b561e9aeada63a3aedf9cd5e541958a886,33030144,2,CPU actual header and launcher constraints,pending_gpu_stop,pending_gpu_stop
288,7168,3072,9060,9060,small_split/candidate:210,True,small_split,candidate,210,reports/opus_flydsl_all_20261009/small_split/build/candidate/experiments.so,7822e988744329482bbd6a7fcb5215b561e9aeada63a3aedf9cd5e541958a886,0,1,CPU actual header and launcher constraints,pending_gpu_stop,pending_gpu_stop
288,7168,3072,9060,9060,small_split/candidate:211,True,small_split,candidate,211,reports/opus_flydsl_all_20261009/small_split/build/candidate/experiments.so,7822e988744329482bbd6a7fcb5215b561e9aeada63a3aedf9cd5e541958a886,16515072,2,CPU actual header and launcher constraints,pending_gpu_stop,pending_gpu_stop
288,7168,3072,9060,9060,small_split/candidate:220,True,small_split,candidate,220,reports/opus_flydsl_all_20261009/small_split/build/candidate/experiments.so,7822e988744329482bbd6a7fcb5215b561e9aeada63a3aedf9cd5e541958a886,0,1,CPU actual header and launcher constraints,pending_gpu_stop,pending_gpu_stop
288,7168,3072,9060,9060,small_split/candidate:221,True,small_split,candidate,221,reports/opus_flydsl_all_20261009/small_split/build/candidate/experiments.so,7822e988744329482bbd6a7fcb5215b561e9aeada63a3aedf9cd5e541958a886,16515072,2,CPU actual header and launcher constraints,pending_gpu_stop,pending_gpu_stop
288,7168,3072,9060,9060,small_split/candidate:230,True,small_split,candidate,230,reports/opus_flydsl_all_20261009/small_split/build/candidate/experiments.so,7822e988744329482bbd6a7fcb5215b561e9aeada63a3aedf9cd5e541958a886,0,1,CPU actual header and launcher constraints,pending_gpu_stop,pending_gpu_stop
288,7168,3072,9060,9060,small_split/candidate:231,True,small_split,candidate,231,reports/opus_flydsl_all_20261009/small_split/build/candidate/experiments.so,7822e988744329482bbd6a7fcb5215b561e9aeada63a3aedf9cd5e541958a886,16515072,2,CPU actual header and launcher constraints,pending_gpu_stop,pending_gpu_stop
288,7168,3072,9060,9060,main_variants/main23:92000,False,main_variants,main23,92000,reports/opus_flydsl_all_20261009/main_variants/build/main23/experiments.so,55927bffd4f3b05b59e0eda5fad3d5b58396f525f618fed0eec4a1cb48df83b6,0,1,CPU actual header and launcher constraints,pending_gpu_stop,pending_gpu_stop
288,7168,3072,9060,9060,main_variants/main23:92001,False,main_variants,main23,92001,reports/opus_flydsl_all_20261009/main_variants/build/main23/experiments.so,55927bffd4f3b05b59e0eda5fad3d5b58396f525f618fed0eec4a1cb48df83b6,0,1,CPU actual header and launcher constraints,pending_gpu_stop,pending_gpu_stop
288,7168,3072,9060,9060,main_variants/main23:92002,False,main_variants,main23,92002,reports/opus_flydsl_all_20261009/main_variants/build/main23/experiments.so,55927bffd4f3b05b59e0eda5fad3d5b58396f525f618fed0eec4a1cb48df83b6,0,1,CPU actual header and launcher constraints,pending_gpu_stop,pending_gpu_stop
288,7168,3072,9060,9060,main_variants/main23:92007,False,main_variants,main23,92007,reports/opus_flydsl_all_20261009/main_variants/build/main23/experiments.so,55927bffd4f3b05b59e0eda5fad3d5b58396f525f618fed0eec4a1cb48df83b6,0,1,CPU actual header and launcher constraints,pending_gpu_stop,pending_gpu_stop
288,7168,3072,9060,9060,main_variants/main23:92010,False,main_variants,main23,92010,reports/opus_flydsl_all_20261009/main_variants/build/main23/experiments.so,55927bffd4f3b05b59e0eda5fad3d5b58396f525f618fed0eec4a1cb48df83b6,0,1,CPU actual header and launcher constraints,pending_gpu_stop,pending_gpu_stop
320,768,7168,9055,9055,hybrid_small/direct_b_ahead1:9043,False,hybrid_small,direct_b_ahead1,9043,reports/opus_flydsl_all_20261009/hybrid_small/build/direct_b_ahead1/experiments.so,f836d9fe683f0246d403f5f5a3798db1696de05e3d2b34c18568533d5f0e9a8e,0,1,CPU actual header and launcher constraints,pending_gpu_stop,pending_gpu_stop
320,768,7168,9055,9055,hybrid_small/direct_b_ahead2:9043,False,hybrid_small,direct_b_ahead2,9043,reports/opus_flydsl_all_20261009/hybrid_small/build/direct_b_ahead2/experiments.so,b714e774c27dc34d257e48aa3072aecdbe680ed20db33116036258a31eafae93,0,1,CPU actual header and launcher constraints,pending_gpu_stop,pending_gpu_stop
320,768,7168,9055,9055,hybrid_small/direct_b_ahead3:9043,False,hybrid_small,direct_b_ahead3,9043,reports/opus_flydsl_all_20261009/hybrid_small/build/direct_b_ahead3/experiments.so,1d8e364ea7cc5bb5da75bb5b93d177a520a5c0fbbcbfe782c761e6014f076c42,0,1,CPU actual header and launcher constraints,pending_gpu_stop,pending_gpu_stop
320,768,7168,9055,9055,hybrid_small/direct_b_ahead1:9044,False,hybrid_small,direct_b_ahead1,9044,reports/opus_flydsl_all_20261009/hybrid_small/build/direct_b_ahead1/experiments.so,f836d9fe683f0246d403f5f5a3798db1696de05e3d2b34c18568533d5f0e9a8e,0,1,CPU actual header and launcher constraints,pending_gpu_stop,pending_gpu_stop
320,768,7168,9055,9055,hybrid_small/direct_b_ahead2:9044,False,hybrid_small,direct_b_ahead2,9044,reports/opus_flydsl_all_20261009/hybrid_small/build/direct_b_ahead2/experiments.so,b714e774c27dc34d257e48aa3072aecdbe680ed20db33116036258a31eafae93,0,1,CPU actual header and launcher constraints,pending_gpu_stop,pending_gpu_stop
320,768,7168,9055,9055,hybrid_small/direct_b_ahead3:9044,False,hybrid_small,direct_b_ahead3,9044,reports/opus_flydsl_all_20261009/hybrid_small/build/direct_b_ahead3/experiments.so,1d8e364ea7cc5bb5da75bb5b93d177a520a5c0fbbcbfe782c761e6014f076c42,0,1,CPU actual header and launcher constraints,pending_gpu_stop,pending_gpu_stop
320,768,7168,9055,9055,hybrid_small/direct_b_ahead1:9045,False,hybrid_small,direct_b_ahead1,9045,reports/opus_flydsl_all_20261009/hybrid_small/build/direct_b_ahead1/experiments.so,f836d9fe683f0246d403f5f5a3798db1696de05e3d2b34c18568533d5f0e9a8e,0,1,CPU actual header and launcher constraints,pending_gpu_stop,pending_gpu_stop
320,768,7168,9055,9055,hybrid_small/direct_b_ahead2:9045,False,hybrid_small,direct_b_ahead2,9045,reports/opus_flydsl_all_20261009/hybrid_small/build/direct_b_ahead2/experiments.so,b714e774c27dc34d257e48aa3072aecdbe680ed20db33116036258a31eafae93,0,1,CPU actual header and launcher constraints,pending_gpu_stop,pending_gpu_stop
320,768,7168,9055,9055,hybrid_small/direct_b_ahead3:9045,False,hybrid_small,direct_b_ahead3,9045,reports/opus_flydsl_all_20261009/hybrid_small/build/direct_b_ahead3/experiments.so,1d8e364ea7cc5bb5da75bb5b93d177a520a5c0fbbcbfe782c761e6014f076c42,0,1,CPU actual header and launcher constraints,pending_gpu_stop,pending_gpu_stop
320,768,7168,9055,9055,hybrid_small/direct_b_ahead1:9046,False,hybrid_small,direct_b_ahead1,9046,reports/opus_flydsl_all_20261009/hybrid_small/build/direct_b_ahead1/experiments.so,f836d9fe683f0246d403f5f5a3798db1696de05e3d2b34c18568533d5f0e9a8e,0,1,CPU actual header and launcher constraints,pending_gpu_stop,pending_gpu_stop
320,768,7168,9055,9055,hybrid_small/direct_b_ahead2:9046,False,hybrid_small,direct_b_ahead2,9046,reports/opus_flydsl_all_20261009/hybrid_small/build/direct_b_ahead2/experiments.so,b714e774c27dc34d257e48aa3072aecdbe680ed20db33116036258a31eafae93,0,1,CPU actual header and launcher constraints,pending_gpu_stop,pending_gpu_stop
320,768,7168,9055,9055,hybrid_small/direct_b_ahead3:9046,False,hybrid_small,direct_b_ahead3,9046,reports/opus_flydsl_all_20261009/hybrid_small/build/direct_b_ahead3/experiments.so,1d8e364ea7cc5bb5da75bb5b93d177a520a5c0fbbcbfe782c761e6014f076c42,0,1,CPU actual header and launcher constraints,pending_gpu_stop,pending_gpu_stop
320,768,7168,9055,9055,hybrid_small/direct_b_ahead1:9047,False,hybrid_small,direct_b_ahead1,9047,reports/opus_flydsl_all_20261009/hybrid_small/build/direct_b_ahead1/experiments.so,f836d9fe683f0246d403f5f5a3798db1696de05e3d2b34c18568533d5f0e9a8e,0,1,CPU actual header and launcher constraints,pending_gpu_stop,pending_gpu_stop
320,768,7168,9055,9055,hybrid_small/direct_b_ahead2:9047,False,hybrid_small,direct_b_ahead2,9047,reports/opus_flydsl_all_20261009/hybrid_small/build/direct_b_ahead2/experiments.so,b714e774c27dc34d257e48aa3072aecdbe680ed20db33116036258a31eafae93,0,1,CPU actual header and launcher constraints,pending_gpu_stop,pending_gpu_stop
320,768,7168,9055,9055,hybrid_small/direct_b_ahead3:9047,False,hybrid_small,direct_b_ahead3,9047,reports/opus_flydsl_all_20261009/hybrid_small/build/direct_b_ahead3/experiments.so,1d8e364ea7cc5bb5da75bb5b93d177a520a5c0fbbcbfe782c761e6014f076c42,0,1,CPU actual header and launcher constraints,pending_gpu_stop,pending_gpu_stop
320,768,7168,9055,9055,hybrid_small/direct_b_ahead1:9049,False,hybrid_small,direct_b_ahead1,9049,reports/opus_flydsl_all_20261009/hybrid_small/build/direct_b_ahead1/experiments.so,f836d9fe683f0246d403f5f5a3798db1696de05e3d2b34c18568533d5f0e9a8e,0,1,CPU actual header and launcher constraints,pending_gpu_stop,pending_gpu_stop
320,768,7168,9055,9055,hybrid_small/direct_b_ahead2:9049,False,hybrid_small,direct_b_ahead2,9049,reports/opus_flydsl_all_20261009/hybrid_small/build/direct_b_ahead2/experiments.so,b714e774c27dc34d257e48aa3072aecdbe680ed20db33116036258a31eafae93,0,1,CPU actual header and launcher constraints,pending_gpu_stop,pending_gpu_stop
320,768,7168,9055,9055,hybrid_small/direct_b_ahead3:9049,False,hybrid_small,direct_b_ahead3,9049,reports/opus_flydsl_all_20261009/hybrid_small/build/direct_b_ahead3/experiments.so,1d8e364ea7cc5bb5da75bb5b93d177a520a5c0fbbcbfe782c761e6014f076c42,0,1,CPU actual header and launcher constraints,pending_gpu_stop,pending_gpu_stop
320,768,7168,9055,9055,hybrid_small/direct_b_ahead1:9055,True,hybrid_small,direct_b_ahead1,9055,reports/opus_flydsl_all_20261009/hybrid_small/build/direct_b_ahead1/experiments.so,f836d9fe683f0246d403f5f5a3798db1696de05e3d2b34c18568533d5f0e9a8e,0,1,CPU actual header and launcher constraints,pending_gpu_stop,pending_gpu_stop
320,768,7168,9055,9055,hybrid_small/direct_b_ahead2:9055,True,hybrid_small,direct_b_ahead2,9055,reports/opus_flydsl_all_20261009/hybrid_small/build/direct_b_ahead2/experiments.so,b714e774c27dc34d257e48aa3072aecdbe680ed20db33116036258a31eafae93,0,1,CPU actual header and launcher constraints,pending_gpu_stop,pending_gpu_stop
320,768,7168,9055,9055,hybrid_small/direct_b_ahead3:9055,True,hybrid_small,direct_b_ahead3,9055,reports/opus_flydsl_all_20261009/hybrid_small/build/direct_b_ahead3/experiments.so,1d8e364ea7cc5bb5da75bb5b93d177a520a5c0fbbcbfe782c761e6014f076c42,0,1,CPU actual header and launcher constraints,pending_gpu_stop,pending_gpu_stop
320,768,7168,9055,9055,hybrid_small/direct_b_ahead1:9056,False,hybrid_small,direct_b_ahead1,9056,reports/opus_flydsl_all_20261009/hybrid_small/build/direct_b_ahead1/experiments.so,f836d9fe683f0246d403f5f5a3798db1696de05e3d2b34c18568533d5f0e9a8e,0,1,CPU actual header and launcher constraints,pending_gpu_stop,pending_gpu_stop
320,768,7168,9055,9055,hybrid_small/direct_b_ahead2:9056,False,hybrid_small,direct_b_ahead2,9056,reports/opus_flydsl_all_20261009/hybrid_small/build/direct_b_ahead2/experiments.so,b714e774c27dc34d257e48aa3072aecdbe680ed20db33116036258a31eafae93,0,1,CPU actual header and launcher constraints,pending_gpu_stop,pending_gpu_stop
320,768,7168,9055,9055,hybrid_small/direct_b_ahead3:9056,False,hybrid_small,direct_b_ahead3,9056,reports/opus_flydsl_all_20261009/hybrid_small/build/direct_b_ahead3/experiments.so,1d8e364ea7cc5bb5da75bb5b93d177a520a5c0fbbcbfe782c761e6014f076c42,0,1,CPU actual header and launcher constraints,pending_gpu_stop,pending_gpu_stop
320,768,7168,9055,9055,small_split/candidate:110,False,small_split,candidate,110,reports/opus_flydsl_all_20261009/small_split/build/candidate/experiments.so,7822e988744329482bbd6a7fcb5215b561e9aeada63a3aedf9cd5e541958a886,3932160,2,CPU actual header and launcher constraints,pending_gpu_stop,pending_gpu_stop
320,768,7168,9055,9055,small_split/candidate:111,False,small_split,candidate,111,reports/opus_flydsl_all_20261009/small_split/build/candidate/experiments.so,7822e988744329482bbd6a7fcb5215b561e9aeada63a3aedf9cd5e541958a886,3932160,2,CPU actual header and launcher constraints,pending_gpu_stop,pending_gpu_stop
320,768,7168,9055,9055,small_split/candidate:120,False,small_split,candidate,120,reports/opus_flydsl_all_20261009/small_split/build/candidate/experiments.so,7822e988744329482bbd6a7fcb5215b561e9aeada63a3aedf9cd5e541958a886,3932160,2,CPU actual header and launcher constraints,pending_gpu_stop,pending_gpu_stop
320,768,7168,9055,9055,small_split/candidate:121,False,small_split,candidate,121,reports/opus_flydsl_all_20261009/small_split/build/candidate/experiments.so,7822e988744329482bbd6a7fcb5215b561e9aeada63a3aedf9cd5e541958a886,3932160,2,CPU actual header and launcher constraints,pending_gpu_stop,pending_gpu_stop
320,768,7168,9055,9055,small_split/candidate:130,False,small_split,candidate,130,reports/opus_flydsl_all_20261009/small_split/build/candidate/experiments.so,7822e988744329482bbd6a7fcb5215b561e9aeada63a3aedf9cd5e541958a886,3932160,2,CPU actual header and launcher constraints,pending_gpu_stop,pending_gpu_stop
320,768,7168,9055,9055,small_split/candidate:140,False,small_split,candidate,140,reports/opus_flydsl_all_20261009/small_split/build/candidate/experiments.so,7822e988744329482bbd6a7fcb5215b561e9aeada63a3aedf9cd5e541958a886,3932160,2,CPU actual header and launcher constraints,pending_gpu_stop,pending_gpu_stop
320,768,7168,9055,9055,small_split/candidate:210,False,small_split,candidate,210,reports/opus_flydsl_all_20261009/small_split/build/candidate/experiments.so,7822e988744329482bbd6a7fcb5215b561e9aeada63a3aedf9cd5e541958a886,0,1,CPU actual header and launcher constraints,pending_gpu_stop,pending_gpu_stop
320,768,7168,9055,9055,small_split/candidate:211,False,small_split,candidate,211,reports/opus_flydsl_all_20261009/small_split/build/candidate/experiments.so,7822e988744329482bbd6a7fcb5215b561e9aeada63a3aedf9cd5e541958a886,1966080,2,CPU actual header and launcher constraints,pending_gpu_stop,pending_gpu_stop
320,768,7168,9055,9055,small_split/candidate:220,False,small_split,candidate,220,reports/opus_flydsl_all_20261009/small_split/build/candidate/experiments.so,7822e988744329482bbd6a7fcb5215b561e9aeada63a3aedf9cd5e541958a886,0,1,CPU actual header and launcher constraints,pending_gpu_stop,pending_gpu_stop
320,768,7168,9055,9055,small_split/candidate:221,False,small_split,candidate,221,reports/opus_flydsl_all_20261009/small_split/build/candidate/experiments.so,7822e988744329482bbd6a7fcb5215b561e9aeada63a3aedf9cd5e541958a886,1966080,2,CPU actual header and launcher constraints,pending_gpu_stop,pending_gpu_stop
320,768,7168,9055,9055,small_split/candidate:230,False,small_split,candidate,230,reports/opus_flydsl_all_20261009/small_split/build/candidate/experiments.so,7822e988744329482bbd6a7fcb5215b561e9aeada63a3aedf9cd5e541958a886,0,1,CPU actual header and launcher constraints,pending_gpu_stop,pending_gpu_stop
320,768,7168,9055,9055,small_split/candidate:231,False,small_split,candidate,231,reports/opus_flydsl_all_20261009/small_split/build/candidate/experiments.so,7822e988744329482bbd6a7fcb5215b561e9aeada63a3aedf9cd5e541958a886,1966080,2,CPU actual header and launcher constraints,pending_gpu_stop,pending_gpu_stop
320,768,7168,9055,9055,main_variants/main23:92000,False,main_variants,main23,92000,reports/opus_flydsl_all_20261009/main_variants/build/main23/experiments.so,55927bffd4f3b05b59e0eda5fad3d5b58396f525f618fed0eec4a1cb48df83b6,0,1,CPU actual header and launcher constraints,pending_gpu_stop,pending_gpu_stop
320,768,7168,9055,9055,main_variants/main23:92001,False,main_variants,main23,92001,reports/opus_flydsl_all_20261009/main_variants/build/main23/experiments.so,55927bffd4f3b05b59e0eda5fad3d5b58396f525f618fed0eec4a1cb48df83b6,0,1,CPU actual header and launcher constraints,pending_gpu_stop,pending_gpu_stop
320,768,7168,9055,9055,main_variants/main23:92002,False,main_variants,main23,92002,reports/opus_flydsl_all_20261009/main_variants/build/main23/experiments.so,55927bffd4f3b05b59e0eda5fad3d5b58396f525f618fed0eec4a1cb48df83b6,0,1,CPU actual header and launcher constraints,pending_gpu_stop,pending_gpu_stop
320,768,7168,9055,9055,main_variants/main23:92008,False,main_variants,main23,92008,reports/opus_flydsl_all_20261009/main_variants/build/main23/experiments.so,55927bffd4f3b05b59e0eda5fad3d5b58396f525f618fed0eec4a1cb48df83b6,0,1,CPU actual header and launcher constraints,pending_gpu_stop,pending_gpu_stop
320,768,7168,9055,9055,main_variants/main23:92009,False,main_variants,main23,92009,reports/opus_flydsl_all_20261009/main_variants/build/main23/experiments.so,55927bffd4f3b05b59e0eda5fad3d5b58396f525f618fed0eec4a1cb48df83b6,0,1,CPU actual header and launcher constraints,pending_gpu_stop,pending_gpu_stop
320,768,7168,9055,9055,main_variants/main23:92011,False,main_variants,main23,92011,reports/opus_flydsl_all_20261009/main_variants/build/main23/experiments.so,55927bffd4f3b05b59e0eda5fad3d5b58396f525f618fed0eec4a1cb48df83b6,0,1,CPU actual header and launcher constraints,pending_gpu_stop,pending_gpu_stop
320,768,7168,9055,9055,main_variants/main23:92012,False,main_variants,main23,92012,reports/opus_flydsl_all_20261009/main_variants/build/main23/experiments.so,55927bffd4f3b05b59e0eda5fad3d5b58396f525f618fed0eec4a1cb48df83b6,0,1,CPU actual header and launcher constraints,pending_gpu_stop,pending_gpu_stop
320,768,7168,9055,9055,main_variants/pin24:92120,False,main_variants,pin24,92120,reports/opus_flydsl_all_20261009/main_variants/build/pin24/experiments.so,3b9fb951504917f017ffb87b5eb192be99453337cdf969b6800ff47283d2746d,0,1,CPU actual header and launcher constraints,pending_gpu_stop,pending_gpu_stop
320,7168,3072,9061,9061,hybrid_small/direct_b_ahead1:9043,False,hybrid_small,direct_b_ahead1,9043,reports/opus_flydsl_all_20261009/hybrid_small/build/direct_b_ahead1/experiments.so,f836d9fe683f0246d403f5f5a3798db1696de05e3d2b34c18568533d5f0e9a8e,0,1,CPU actual header and launcher constraints,pending_gpu_stop,pending_gpu_stop
320,7168,3072,9061,9061,hybrid_small/direct_b_ahead2:9043,False,hybrid_small,direct_b_ahead2,9043,reports/opus_flydsl_all_20261009/hybrid_small/build/direct_b_ahead2/experiments.so,b714e774c27dc34d257e48aa3072aecdbe680ed20db33116036258a31eafae93,0,1,CPU actual header and launcher constraints,pending_gpu_stop,pending_gpu_stop
320,7168,3072,9061,9061,hybrid_small/direct_b_ahead3:9043,False,hybrid_small,direct_b_ahead3,9043,reports/opus_flydsl_all_20261009/hybrid_small/build/direct_b_ahead3/experiments.so,1d8e364ea7cc5bb5da75bb5b93d177a520a5c0fbbcbfe782c761e6014f076c42,0,1,CPU actual header and launcher constraints,pending_gpu_stop,pending_gpu_stop
320,7168,3072,9061,9061,hybrid_small/direct_b_ahead1:9044,False,hybrid_small,direct_b_ahead1,9044,reports/opus_flydsl_all_20261009/hybrid_small/build/direct_b_ahead1/experiments.so,f836d9fe683f0246d403f5f5a3798db1696de05e3d2b34c18568533d5f0e9a8e,0,1,CPU actual header and launcher constraints,pending_gpu_stop,pending_gpu_stop
320,7168,3072,9061,9061,hybrid_small/direct_b_ahead2:9044,False,hybrid_small,direct_b_ahead2,9044,reports/opus_flydsl_all_20261009/hybrid_small/build/direct_b_ahead2/experiments.so,b714e774c27dc34d257e48aa3072aecdbe680ed20db33116036258a31eafae93,0,1,CPU actual header and launcher constraints,pending_gpu_stop,pending_gpu_stop
320,7168,3072,9061,9061,hybrid_small/direct_b_ahead3:9044,False,hybrid_small,direct_b_ahead3,9044,reports/opus_flydsl_all_20261009/hybrid_small/build/direct_b_ahead3/experiments.so,1d8e364ea7cc5bb5da75bb5b93d177a520a5c0fbbcbfe782c761e6014f076c42,0,1,CPU actual header and launcher constraints,pending_gpu_stop,pending_gpu_stop
320,7168,3072,9061,9061,hybrid_small/direct_b_ahead1:9045,False,hybrid_small,direct_b_ahead1,9045,reports/opus_flydsl_all_20261009/hybrid_small/build/direct_b_ahead1/experiments.so,f836d9fe683f0246d403f5f5a3798db1696de05e3d2b34c18568533d5f0e9a8e,0,1,CPU actual header and launcher constraints,pending_gpu_stop,pending_gpu_stop
320,7168,3072,9061,9061,hybrid_small/direct_b_ahead2:9045,False,hybrid_small,direct_b_ahead2,9045,reports/opus_flydsl_all_20261009/hybrid_small/build/direct_b_ahead2/experiments.so,b714e774c27dc34d257e48aa3072aecdbe680ed20db33116036258a31eafae93,0,1,CPU actual header and launcher constraints,pending_gpu_stop,pending_gpu_stop
320,7168,3072,9061,9061,hybrid_small/direct_b_ahead3:9045,False,hybrid_small,direct_b_ahead3,9045,reports/opus_flydsl_all_20261009/hybrid_small/build/direct_b_ahead3/experiments.so,1d8e364ea7cc5bb5da75bb5b93d177a520a5c0fbbcbfe782c761e6014f076c42,0,1,CPU actual header and launcher constraints,pending_gpu_stop,pending_gpu_stop
320,7168,3072,9061,9061,hybrid_small/direct_b_ahead1:9046,False,hybrid_small,direct_b_ahead1,9046,reports/opus_flydsl_all_20261009/hybrid_small/build/direct_b_ahead1/experiments.so,f836d9fe683f0246d403f5f5a3798db1696de05e3d2b34c18568533d5f0e9a8e,0,1,CPU actual header and launcher constraints,pending_gpu_stop,pending_gpu_stop
320,7168,3072,9061,9061,hybrid_small/direct_b_ahead2:9046,False,hybrid_small,direct_b_ahead2,9046,reports/opus_flydsl_all_20261009/hybrid_small/build/direct_b_ahead2/experiments.so,b714e774c27dc34d257e48aa3072aecdbe680ed20db33116036258a31eafae93,0,1,CPU actual header and launcher constraints,pending_gpu_stop,pending_gpu_stop
320,7168,3072,9061,9061,hybrid_small/direct_b_ahead3:9046,False,hybrid_small,direct_b_ahead3,9046,reports/opus_flydsl_all_20261009/hybrid_small/build/direct_b_ahead3/experiments.so,1d8e364ea7cc5bb5da75bb5b93d177a520a5c0fbbcbfe782c761e6014f076c42,0,1,CPU actual header and launcher constraints,pending_gpu_stop,pending_gpu_stop
320,7168,3072,9061,9061,hybrid_small/direct_b_ahead1:9047,False,hybrid_small,direct_b_ahead1,9047,reports/opus_flydsl_all_20261009/hybrid_small/build/direct_b_ahead1/experiments.so,f836d9fe683f0246d403f5f5a3798db1696de05e3d2b34c18568533d5f0e9a8e,0,1,CPU actual header and launcher constraints,pending_gpu_stop,pending_gpu_stop
320,7168,3072,9061,9061,hybrid_small/direct_b_ahead2:9047,False,hybrid_small,direct_b_ahead2,9047,reports/opus_flydsl_all_20261009/hybrid_small/build/direct_b_ahead2/experiments.so,b714e774c27dc34d257e48aa3072aecdbe680ed20db33116036258a31eafae93,0,1,CPU actual header and launcher constraints,pending_gpu_stop,pending_gpu_stop
320,7168,3072,9061,9061,hybrid_small/direct_b_ahead3:9047,False,hybrid_small,direct_b_ahead3,9047,reports/opus_flydsl_all_20261009/hybrid_small/build/direct_b_ahead3/experiments.so,1d8e364ea7cc5bb5da75bb5b93d177a520a5c0fbbcbfe782c761e6014f076c42,0,1,CPU actual header and launcher constraints,pending_gpu_stop,pending_gpu_stop
320,7168,3072,9061,9061,hybrid_small/direct_b_ahead1:9049,False,hybrid_small,direct_b_ahead1,9049,reports/opus_flydsl_all_20261009/hybrid_small/build/direct_b_ahead1/experiments.so,f836d9fe683f0246d403f5f5a3798db1696de05e3d2b34c18568533d5f0e9a8e,0,1,CPU actual header and launcher constraints,pending_gpu_stop,pending_gpu_stop
320,7168,3072,9061,9061,hybrid_small/direct_b_ahead2:9049,False,hybrid_small,direct_b_ahead2,9049,reports/opus_flydsl_all_20261009/hybrid_small/build/direct_b_ahead2/experiments.so,b714e774c27dc34d257e48aa3072aecdbe680ed20db33116036258a31eafae93,0,1,CPU actual header and launcher constraints,pending_gpu_stop,pending_gpu_stop
320,7168,3072,9061,9061,hybrid_small/direct_b_ahead3:9049,False,hybrid_small,direct_b_ahead3,9049,reports/opus_flydsl_all_20261009/hybrid_small/build/direct_b_ahead3/experiments.so,1d8e364ea7cc5bb5da75bb5b93d177a520a5c0fbbcbfe782c761e6014f076c42,0,1,CPU actual header and launcher constraints,pending_gpu_stop,pending_gpu_stop
320,7168,3072,9061,9061,hybrid_small/direct_b_ahead1:9055,False,hybrid_small,direct_b_ahead1,9055,reports/opus_flydsl_all_20261009/hybrid_small/build/direct_b_ahead1/experiments.so,f836d9fe683f0246d403f5f5a3798db1696de05e3d2b34c18568533d5f0e9a8e,0,1,CPU actual header and launcher constraints,pending_gpu_stop,pending_gpu_stop
320,7168,3072,9061,9061,hybrid_small/direct_b_ahead2:9055,False,hybrid_small,direct_b_ahead2,9055,reports/opus_flydsl_all_20261009/hybrid_small/build/direct_b_ahead2/experiments.so,b714e774c27dc34d257e48aa3072aecdbe680ed20db33116036258a31eafae93,0,1,CPU actual header and launcher constraints,pending_gpu_stop,pending_gpu_stop
320,7168,3072,9061,9061,hybrid_small/direct_b_ahead3:9055,False,hybrid_small,direct_b_ahead3,9055,reports/opus_flydsl_all_20261009/hybrid_small/build/direct_b_ahead3/experiments.so,1d8e364ea7cc5bb5da75bb5b93d177a520a5c0fbbcbfe782c761e6014f076c42,0,1,CPU actual header and launcher constraints,pending_gpu_stop,pending_gpu_stop
320,7168,3072,9061,9061,hybrid_small/direct_b_ahead1:9056,False,hybrid_small,direct_b_ahead1,9056,reports/opus_flydsl_all_20261009/hybrid_small/build/direct_b_ahead1/experiments.so,f836d9fe683f0246d403f5f5a3798db1696de05e3d2b34c18568533d5f0e9a8e,0,1,CPU actual header and launcher constraints,pending_gpu_stop,pending_gpu_stop
320,7168,3072,9061,9061,hybrid_small/direct_b_ahead2:9056,False,hybrid_small,direct_b_ahead2,9056,reports/opus_flydsl_all_20261009/hybrid_small/build/direct_b_ahead2/experiments.so,b714e774c27dc34d257e48aa3072aecdbe680ed20db33116036258a31eafae93,0,1,CPU actual header and launcher constraints,pending_gpu_stop,pending_gpu_stop
320,7168,3072,9061,9061,hybrid_small/direct_b_ahead3:9056,False,hybrid_small,direct_b_ahead3,9056,reports/opus_flydsl_all_20261009/hybrid_small/build/direct_b_ahead3/experiments.so,1d8e364ea7cc5bb5da75bb5b93d177a520a5c0fbbcbfe782c761e6014f076c42,0,1,CPU actual header and launcher constraints,pending_gpu_stop,pending_gpu_stop
320,7168,3072,9061,9061,small_split/candidate:110,False,small_split,candidate,110,reports/opus_flydsl_all_20261009/small_split/build/candidate/experiments.so,7822e988744329482bbd6a7fcb5215b561e9aeada63a3aedf9cd5e541958a886,36700160,2,CPU actual header and launcher constraints,pending_gpu_stop,pending_gpu_stop
320,7168,3072,9061,9061,small_split/candidate:111,False,small_split,candidate,111,reports/opus_flydsl_all_20261009/small_split/build/candidate/experiments.so,7822e988744329482bbd6a7fcb5215b561e9aeada63a3aedf9cd5e541958a886,36700160,2,CPU actual header and launcher constraints,pending_gpu_stop,pending_gpu_stop
320,7168,3072,9061,9061,small_split/candidate:120,False,small_split,candidate,120,reports/opus_flydsl_all_20261009/small_split/build/candidate/experiments.so,7822e988744329482bbd6a7fcb5215b561e9aeada63a3aedf9cd5e541958a886,36700160,2,CPU actual header and launcher constraints,pending_gpu_stop,pending_gpu_stop
320,7168,3072,9061,9061,small_split/candidate:121,False,small_split,candidate,121,reports/opus_flydsl_all_20261009/small_split/build/candidate/experiments.so,7822e988744329482bbd6a7fcb5215b561e9aeada63a3aedf9cd5e541958a886,36700160,2,CPU actual header and launcher constraints,pending_gpu_stop,pending_gpu_stop
320,7168,3072,9061,9061,small_split/candidate:130,False,small_split,candidate,130,reports/opus_flydsl_all_20261009/small_split/build/candidate/experiments.so,7822e988744329482bbd6a7fcb5215b561e9aeada63a3aedf9cd5e541958a886,36700160,2,CPU actual header and launcher constraints,pending_gpu_stop,pending_gpu_stop
320,7168,3072,9061,9061,small_split/candidate:140,False,small_split,candidate,140,reports/opus_flydsl_all_20261009/small_split/build/candidate/experiments.so,7822e988744329482bbd6a7fcb5215b561e9aeada63a3aedf9cd5e541958a886,36700160,2,CPU actual header and launcher constraints,pending_gpu_stop,pending_gpu_stop
320,7168,3072,9061,9061,small_split/candidate:210,True,small_split,candidate,210,reports/opus_flydsl_all_20261009/small_split/build/candidate/experiments.so,7822e988744329482bbd6a7fcb5215b561e9aeada63a3aedf9cd5e541958a886,0,1,CPU actual header and launcher constraints,pending_gpu_stop,pending_gpu_stop
320,7168,3072,9061,9061,small_split/candidate:211,True,small_split,candidate,211,reports/opus_flydsl_all_20261009/small_split/build/candidate/experiments.so,7822e988744329482bbd6a7fcb5215b561e9aeada63a3aedf9cd5e541958a886,18350080,2,CPU actual header and launcher constraints,pending_gpu_stop,pending_gpu_stop
320,7168,3072,9061,9061,small_split/candidate:220,True,small_split,candidate,220,reports/opus_flydsl_all_20261009/small_split/build/candidate/experiments.so,7822e988744329482bbd6a7fcb5215b561e9aeada63a3aedf9cd5e541958a886,0,1,CPU actual header and launcher constraints,pending_gpu_stop,pending_gpu_stop
320,7168,3072,9061,9061,small_split/candidate:221,True,small_split,candidate,221,reports/opus_flydsl_all_20261009/small_split/build/candidate/experiments.so,7822e988744329482bbd6a7fcb5215b561e9aeada63a3aedf9cd5e541958a886,18350080,2,CPU actual header and launcher constraints,pending_gpu_stop,pending_gpu_stop
320,7168,3072,9061,9061,small_split/candidate:230,True,small_split,candidate,230,reports/opus_flydsl_all_20261009/small_split/build/candidate/experiments.so,7822e988744329482bbd6a7fcb5215b561e9aeada63a3aedf9cd5e541958a886,0,1,CPU actual header and launcher constraints,pending_gpu_stop,pending_gpu_stop
320,7168,3072,9061,9061,small_split/candidate:231,True,small_split,candidate,231,reports/opus_flydsl_all_20261009/small_split/build/candidate/experiments.so,7822e988744329482bbd6a7fcb5215b561e9aeada63a3aedf9cd5e541958a886,18350080,2,CPU actual header and launcher constraints,pending_gpu_stop,pending_gpu_stop
320,7168,3072,9061,9061,main_variants/main23:92000,False,main_variants,main23,92000,reports/opus_flydsl_all_20261009/main_variants/build/main23/experiments.so,55927bffd4f3b05b59e0eda5fad3d5b58396f525f618fed0eec4a1cb48df83b6,0,1,CPU actual header and launcher constraints,pending_gpu_stop,pending_gpu_stop
320,7168,3072,9061,9061,main_variants/main23:92001,False,main_variants,main23,92001,reports/opus_flydsl_all_20261009/main_variants/build/main23/experiments.so,55927bffd4f3b05b59e0eda5fad3d5b58396f525f618fed0eec4a1cb48df83b6,0,1,CPU actual header and launcher constraints,pending_gpu_stop,pending_gpu_stop
320,7168,3072,9061,9061,main_variants/main23:92002,False,main_variants,main23,92002,reports/opus_flydsl_all_20261009/main_variants/build/main23/experiments.so,55927bffd4f3b05b59e0eda5fad3d5b58396f525f618fed0eec4a1cb48df83b6,0,1,CPU actual header and launcher constraints,pending_gpu_stop,pending_gpu_stop
320,7168,3072,9061,9061,main_variants/main23:92007,False,main_variants,main23,92007,reports/opus_flydsl_all_20261009/main_variants/build/main23/experiments.so,55927bffd4f3b05b59e0eda5fad3d5b58396f525f618fed0eec4a1cb48df83b6,0,1,CPU actual header and launcher constraints,pending_gpu_stop,pending_gpu_stop
320,7168,3072,9061,9061,main_variants/main23:92010,False,main_variants,main23,92010,reports/opus_flydsl_all_20261009/main_variants/build/main23/experiments.so,55927bffd4f3b05b59e0eda5fad3d5b58396f525f618fed0eec4a1cb48df83b6,0,1,CPU actual header and launcher constraints,pending_gpu_stop,pending_gpu_stop
352,768,7168,9043,9043,hybrid_small/direct_b_ahead1:9043,True,hybrid_small,direct_b_ahead1,9043,reports/opus_flydsl_all_20261009/hybrid_small/build/direct_b_ahead1/experiments.so,f836d9fe683f0246d403f5f5a3798db1696de05e3d2b34c18568533d5f0e9a8e,0,1,CPU actual header and launcher constraints,pending_gpu_stop,pending_gpu_stop
352,768,7168,9043,9043,hybrid_small/direct_b_ahead2:9043,True,hybrid_small,direct_b_ahead2,9043,reports/opus_flydsl_all_20261009/hybrid_small/build/direct_b_ahead2/experiments.so,b714e774c27dc34d257e48aa3072aecdbe680ed20db33116036258a31eafae93,0,1,CPU actual header and launcher constraints,pending_gpu_stop,pending_gpu_stop
352,768,7168,9043,9043,hybrid_small/direct_b_ahead3:9043,True,hybrid_small,direct_b_ahead3,9043,reports/opus_flydsl_all_20261009/hybrid_small/build/direct_b_ahead3/experiments.so,1d8e364ea7cc5bb5da75bb5b93d177a520a5c0fbbcbfe782c761e6014f076c42,0,1,CPU actual header and launcher constraints,pending_gpu_stop,pending_gpu_stop
352,768,7168,9043,9043,hybrid_small/direct_b_ahead1:9044,False,hybrid_small,direct_b_ahead1,9044,reports/opus_flydsl_all_20261009/hybrid_small/build/direct_b_ahead1/experiments.so,f836d9fe683f0246d403f5f5a3798db1696de05e3d2b34c18568533d5f0e9a8e,0,1,CPU actual header and launcher constraints,pending_gpu_stop,pending_gpu_stop
352,768,7168,9043,9043,hybrid_small/direct_b_ahead2:9044,False,hybrid_small,direct_b_ahead2,9044,reports/opus_flydsl_all_20261009/hybrid_small/build/direct_b_ahead2/experiments.so,b714e774c27dc34d257e48aa3072aecdbe680ed20db33116036258a31eafae93,0,1,CPU actual header and launcher constraints,pending_gpu_stop,pending_gpu_stop
352,768,7168,9043,9043,hybrid_small/direct_b_ahead3:9044,False,hybrid_small,direct_b_ahead3,9044,reports/opus_flydsl_all_20261009/hybrid_small/build/direct_b_ahead3/experiments.so,1d8e364ea7cc5bb5da75bb5b93d177a520a5c0fbbcbfe782c761e6014f076c42,0,1,CPU actual header and launcher constraints,pending_gpu_stop,pending_gpu_stop
352,768,7168,9043,9043,hybrid_small/direct_b_ahead1:9045,False,hybrid_small,direct_b_ahead1,9045,reports/opus_flydsl_all_20261009/hybrid_small/build/direct_b_ahead1/experiments.so,f836d9fe683f0246d403f5f5a3798db1696de05e3d2b34c18568533d5f0e9a8e,0,1,CPU actual header and launcher constraints,pending_gpu_stop,pending_gpu_stop
352,768,7168,9043,9043,hybrid_small/direct_b_ahead2:9045,False,hybrid_small,direct_b_ahead2,9045,reports/opus_flydsl_all_20261009/hybrid_small/build/direct_b_ahead2/experiments.so,b714e774c27dc34d257e48aa3072aecdbe680ed20db33116036258a31eafae93,0,1,CPU actual header and launcher constraints,pending_gpu_stop,pending_gpu_stop
352,768,7168,9043,9043,hybrid_small/direct_b_ahead3:9045,False,hybrid_small,direct_b_ahead3,9045,reports/opus_flydsl_all_20261009/hybrid_small/build/direct_b_ahead3/experiments.so,1d8e364ea7cc5bb5da75bb5b93d177a520a5c0fbbcbfe782c761e6014f076c42,0,1,CPU actual header and launcher constraints,pending_gpu_stop,pending_gpu_stop
352,768,7168,9043,9043,hybrid_small/direct_b_ahead1:9046,False,hybrid_small,direct_b_ahead1,9046,reports/opus_flydsl_all_20261009/hybrid_small/build/direct_b_ahead1/experiments.so,f836d9fe683f0246d403f5f5a3798db1696de05e3d2b34c18568533d5f0e9a8e,0,1,CPU actual header and launcher constraints,pending_gpu_stop,pending_gpu_stop
352,768,7168,9043,9043,hybrid_small/direct_b_ahead2:9046,False,hybrid_small,direct_b_ahead2,9046,reports/opus_flydsl_all_20261009/hybrid_small/build/direct_b_ahead2/experiments.so,b714e774c27dc34d257e48aa3072aecdbe680ed20db33116036258a31eafae93,0,1,CPU actual header and launcher constraints,pending_gpu_stop,pending_gpu_stop
352,768,7168,9043,9043,hybrid_small/direct_b_ahead3:9046,False,hybrid_small,direct_b_ahead3,9046,reports/opus_flydsl_all_20261009/hybrid_small/build/direct_b_ahead3/experiments.so,1d8e364ea7cc5bb5da75bb5b93d177a520a5c0fbbcbfe782c761e6014f076c42,0,1,CPU actual header and launcher constraints,pending_gpu_stop,pending_gpu_stop
352,768,7168,9043,9043,hybrid_small/direct_b_ahead1:9047,False,hybrid_small,direct_b_ahead1,9047,reports/opus_flydsl_all_20261009/hybrid_small/build/direct_b_ahead1/experiments.so,f836d9fe683f0246d403f5f5a3798db1696de05e3d2b34c18568533d5f0e9a8e,0,1,CPU actual header and launcher constraints,pending_gpu_stop,pending_gpu_stop
352,768,7168,9043,9043,hybrid_small/direct_b_ahead2:9047,False,hybrid_small,direct_b_ahead2,9047,reports/opus_flydsl_all_20261009/hybrid_small/build/direct_b_ahead2/experiments.so,b714e774c27dc34d257e48aa3072aecdbe680ed20db33116036258a31eafae93,0,1,CPU actual header and launcher constraints,pending_gpu_stop,pending_gpu_stop
352,768,7168,9043,9043,hybrid_small/direct_b_ahead3:9047,False,hybrid_small,direct_b_ahead3,9047,reports/opus_flydsl_all_20261009/hybrid_small/build/direct_b_ahead3/experiments.so,1d8e364ea7cc5bb5da75bb5b93d177a520a5c0fbbcbfe782c761e6014f076c42,0,1,CPU actual header and launcher constraints,pending_gpu_stop,pending_gpu_stop
352,768,7168,9043,9043,hybrid_small/direct_b_ahead1:9049,False,hybrid_small,direct_b_ahead1,9049,reports/opus_flydsl_all_20261009/hybrid_small/build/direct_b_ahead1/experiments.so,f836d9fe683f0246d403f5f5a3798db1696de05e3d2b34c18568533d5f0e9a8e,0,1,CPU actual header and launcher constraints,pending_gpu_stop,pending_gpu_stop
352,768,7168,9043,9043,hybrid_small/direct_b_ahead2:9049,False,hybrid_small,direct_b_ahead2,9049,reports/opus_flydsl_all_20261009/hybrid_small/build/direct_b_ahead2/experiments.so,b714e774c27dc34d257e48aa3072aecdbe680ed20db33116036258a31eafae93,0,1,CPU actual header and launcher constraints,pending_gpu_stop,pending_gpu_stop
352,768,7168,9043,9043,hybrid_small/direct_b_ahead3:9049,False,hybrid_small,direct_b_ahead3,9049,reports/opus_flydsl_all_20261009/hybrid_small/build/direct_b_ahead3/experiments.so,1d8e364ea7cc5bb5da75bb5b93d177a520a5c0fbbcbfe782c761e6014f076c42,0,1,CPU actual header and launcher constraints,pending_gpu_stop,pending_gpu_stop
352,768,7168,9043,9043,hybrid_small/direct_b_ahead1:9055,False,hybrid_small,direct_b_ahead1,9055,reports/opus_flydsl_all_20261009/hybrid_small/build/direct_b_ahead1/experiments.so,f836d9fe683f0246d403f5f5a3798db1696de05e3d2b34c18568533d5f0e9a8e,0,1,CPU actual header and launcher constraints,pending_gpu_stop,pending_gpu_stop
352,768,7168,9043,9043,hybrid_small/direct_b_ahead2:9055,False,hybrid_small,direct_b_ahead2,9055,reports/opus_flydsl_all_20261009/hybrid_small/build/direct_b_ahead2/experiments.so,b714e774c27dc34d257e48aa3072aecdbe680ed20db33116036258a31eafae93,0,1,CPU actual header and launcher constraints,pending_gpu_stop,pending_gpu_stop
352,768,7168,9043,9043,hybrid_small/direct_b_ahead3:9055,False,hybrid_small,direct_b_ahead3,9055,reports/opus_flydsl_all_20261009/hybrid_small/build/direct_b_ahead3/experiments.so,1d8e364ea7cc5bb5da75bb5b93d177a520a5c0fbbcbfe782c761e6014f076c42,0,1,CPU actual header and launcher constraints,pending_gpu_stop,pending_gpu_stop
352,768,7168,9043,9043,hybrid_small/direct_b_ahead1:9056,False,hybrid_small,direct_b_ahead1,9056,reports/opus_flydsl_all_20261009/hybrid_small/build/direct_b_ahead1/experiments.so,f836d9fe683f0246d403f5f5a3798db1696de05e3d2b34c18568533d5f0e9a8e,0,1,CPU actual header and launcher constraints,pending_gpu_stop,pending_gpu_stop
352,768,7168,9043,9043,hybrid_small/direct_b_ahead2:9056,False,hybrid_small,direct_b_ahead2,9056,reports/opus_flydsl_all_20261009/hybrid_small/build/direct_b_ahead2/experiments.so,b714e774c27dc34d257e48aa3072aecdbe680ed20db33116036258a31eafae93,0,1,CPU actual header and launcher constraints,pending_gpu_stop,pending_gpu_stop
352,768,7168,9043,9043,hybrid_small/direct_b_ahead3:9056,False,hybrid_small,direct_b_ahead3,9056,reports/opus_flydsl_all_20261009/hybrid_small/build/direct_b_ahead3/experiments.so,1d8e364ea7cc5bb5da75bb5b93d177a520a5c0fbbcbfe782c761e6014f076c42,0,1,CPU actual header and launcher constraints,pending_gpu_stop,pending_gpu_stop
352,768,7168,9043,9043,small_split/candidate:110,False,small_split,candidate,110,reports/opus_flydsl_all_20261009/small_split/build/candidate/experiments.so,7822e988744329482bbd6a7fcb5215b561e9aeada63a3aedf9cd5e541958a886,4325376,2,CPU actual header and launcher constraints,pending_gpu_stop,pending_gpu_stop
352,768,7168,9043,9043,small_split/candidate:111,False,small_split,candidate,111,reports/opus_flydsl_all_20261009/small_split/build/candidate/experiments.so,7822e988744329482bbd6a7fcb5215b561e9aeada63a3aedf9cd5e541958a886,4325376,2,CPU actual header and launcher constraints,pending_gpu_stop,pending_gpu_stop
352,768,7168,9043,9043,small_split/candidate:120,False,small_split,candidate,120,reports/opus_flydsl_all_20261009/small_split/build/candidate/experiments.so,7822e988744329482bbd6a7fcb5215b561e9aeada63a3aedf9cd5e541958a886,4325376,2,CPU actual header and launcher constraints,pending_gpu_stop,pending_gpu_stop
352,768,7168,9043,9043,small_split/candidate:121,False,small_split,candidate,121,reports/opus_flydsl_all_20261009/small_split/build/candidate/experiments.so,7822e988744329482bbd6a7fcb5215b561e9aeada63a3aedf9cd5e541958a886,4325376,2,CPU actual header and launcher constraints,pending_gpu_stop,pending_gpu_stop
352,768,7168,9043,9043,small_split/candidate:130,False,small_split,candidate,130,reports/opus_flydsl_all_20261009/small_split/build/candidate/experiments.so,7822e988744329482bbd6a7fcb5215b561e9aeada63a3aedf9cd5e541958a886,4325376,2,CPU actual header and launcher constraints,pending_gpu_stop,pending_gpu_stop
352,768,7168,9043,9043,small_split/candidate:140,False,small_split,candidate,140,reports/opus_flydsl_all_20261009/small_split/build/candidate/experiments.so,7822e988744329482bbd6a7fcb5215b561e9aeada63a3aedf9cd5e541958a886,4325376,2,CPU actual header and launcher constraints,pending_gpu_stop,pending_gpu_stop
352,768,7168,9043,9043,small_split/candidate:210,False,small_split,candidate,210,reports/opus_flydsl_all_20261009/small_split/build/candidate/experiments.so,7822e988744329482bbd6a7fcb5215b561e9aeada63a3aedf9cd5e541958a886,0,1,CPU actual header and launcher constraints,pending_gpu_stop,pending_gpu_stop
352,768,7168,9043,9043,small_split/candidate:211,False,small_split,candidate,211,reports/opus_flydsl_all_20261009/small_split/build/candidate/experiments.so,7822e988744329482bbd6a7fcb5215b561e9aeada63a3aedf9cd5e541958a886,2162688,2,CPU actual header and launcher constraints,pending_gpu_stop,pending_gpu_stop
352,768,7168,9043,9043,small_split/candidate:220,False,small_split,candidate,220,reports/opus_flydsl_all_20261009/small_split/build/candidate/experiments.so,7822e988744329482bbd6a7fcb5215b561e9aeada63a3aedf9cd5e541958a886,0,1,CPU actual header and launcher constraints,pending_gpu_stop,pending_gpu_stop
352,768,7168,9043,9043,small_split/candidate:221,False,small_split,candidate,221,reports/opus_flydsl_all_20261009/small_split/build/candidate/experiments.so,7822e988744329482bbd6a7fcb5215b561e9aeada63a3aedf9cd5e541958a886,2162688,2,CPU actual header and launcher constraints,pending_gpu_stop,pending_gpu_stop
352,768,7168,9043,9043,small_split/candidate:230,False,small_split,candidate,230,reports/opus_flydsl_all_20261009/small_split/build/candidate/experiments.so,7822e988744329482bbd6a7fcb5215b561e9aeada63a3aedf9cd5e541958a886,0,1,CPU actual header and launcher constraints,pending_gpu_stop,pending_gpu_stop
352,768,7168,9043,9043,small_split/candidate:231,False,small_split,candidate,231,reports/opus_flydsl_all_20261009/small_split/build/candidate/experiments.so,7822e988744329482bbd6a7fcb5215b561e9aeada63a3aedf9cd5e541958a886,2162688,2,CPU actual header and launcher constraints,pending_gpu_stop,pending_gpu_stop
352,768,7168,9043,9043,main_variants/main23:92000,False,main_variants,main23,92000,reports/opus_flydsl_all_20261009/main_variants/build/main23/experiments.so,55927bffd4f3b05b59e0eda5fad3d5b58396f525f618fed0eec4a1cb48df83b6,0,1,CPU actual header and launcher constraints,pending_gpu_stop,pending_gpu_stop
352,768,7168,9043,9043,main_variants/main23:92001,False,main_variants,main23,92001,reports/opus_flydsl_all_20261009/main_variants/build/main23/experiments.so,55927bffd4f3b05b59e0eda5fad3d5b58396f525f618fed0eec4a1cb48df83b6,0,1,CPU actual header and launcher constraints,pending_gpu_stop,pending_gpu_stop
352,768,7168,9043,9043,main_variants/main23:92002,False,main_variants,main23,92002,reports/opus_flydsl_all_20261009/main_variants/build/main23/experiments.so,55927bffd4f3b05b59e0eda5fad3d5b58396f525f618fed0eec4a1cb48df83b6,0,1,CPU actual header and launcher constraints,pending_gpu_stop,pending_gpu_stop
352,768,7168,9043,9043,main_variants/main23:92008,False,main_variants,main23,92008,reports/opus_flydsl_all_20261009/main_variants/build/main23/experiments.so,55927bffd4f3b05b59e0eda5fad3d5b58396f525f618fed0eec4a1cb48df83b6,0,1,CPU actual header and launcher constraints,pending_gpu_stop,pending_gpu_stop
352,768,7168,9043,9043,main_variants/main23:92009,False,main_variants,main23,92009,reports/opus_flydsl_all_20261009/main_variants/build/main23/experiments.so,55927bffd4f3b05b59e0eda5fad3d5b58396f525f618fed0eec4a1cb48df83b6,0,1,CPU actual header and launcher constraints,pending_gpu_stop,pending_gpu_stop
352,768,7168,9043,9043,main_variants/main23:92011,False,main_variants,main23,92011,reports/opus_flydsl_all_20261009/main_variants/build/main23/experiments.so,55927bffd4f3b05b59e0eda5fad3d5b58396f525f618fed0eec4a1cb48df83b6,0,1,CPU actual header and launcher constraints,pending_gpu_stop,pending_gpu_stop
352,768,7168,9043,9043,main_variants/main23:92012,False,main_variants,main23,92012,reports/opus_flydsl_all_20261009/main_variants/build/main23/experiments.so,55927bffd4f3b05b59e0eda5fad3d5b58396f525f618fed0eec4a1cb48df83b6,0,1,CPU actual header and launcher constraints,pending_gpu_stop,pending_gpu_stop
352,768,7168,9043,9043,main_variants/pin24:92120,False,main_variants,pin24,92120,reports/opus_flydsl_all_20261009/main_variants/build/pin24/experiments.so,3b9fb951504917f017ffb87b5eb192be99453337cdf969b6800ff47283d2746d,0,1,CPU actual header and launcher constraints,pending_gpu_stop,pending_gpu_stop
352,6144,7168,9061,9061,hybrid_small/direct_b_ahead1:9043,False,hybrid_small,direct_b_ahead1,9043,reports/opus_flydsl_all_20261009/hybrid_small/build/direct_b_ahead1/experiments.so,f836d9fe683f0246d403f5f5a3798db1696de05e3d2b34c18568533d5f0e9a8e,0,1,CPU actual header and launcher constraints,pending_gpu_stop,pending_gpu_stop
352,6144,7168,9061,9061,hybrid_small/direct_b_ahead2:9043,False,hybrid_small,direct_b_ahead2,9043,reports/opus_flydsl_all_20261009/hybrid_small/build/direct_b_ahead2/experiments.so,b714e774c27dc34d257e48aa3072aecdbe680ed20db33116036258a31eafae93,0,1,CPU actual header and launcher constraints,pending_gpu_stop,pending_gpu_stop
352,6144,7168,9061,9061,hybrid_small/direct_b_ahead3:9043,False,hybrid_small,direct_b_ahead3,9043,reports/opus_flydsl_all_20261009/hybrid_small/build/direct_b_ahead3/experiments.so,1d8e364ea7cc5bb5da75bb5b93d177a520a5c0fbbcbfe782c761e6014f076c42,0,1,CPU actual header and launcher constraints,pending_gpu_stop,pending_gpu_stop
352,6144,7168,9061,9061,hybrid_small/direct_b_ahead1:9044,False,hybrid_small,direct_b_ahead1,9044,reports/opus_flydsl_all_20261009/hybrid_small/build/direct_b_ahead1/experiments.so,f836d9fe683f0246d403f5f5a3798db1696de05e3d2b34c18568533d5f0e9a8e,0,1,CPU actual header and launcher constraints,pending_gpu_stop,pending_gpu_stop
352,6144,7168,9061,9061,hybrid_small/direct_b_ahead2:9044,False,hybrid_small,direct_b_ahead2,9044,reports/opus_flydsl_all_20261009/hybrid_small/build/direct_b_ahead2/experiments.so,b714e774c27dc34d257e48aa3072aecdbe680ed20db33116036258a31eafae93,0,1,CPU actual header and launcher constraints,pending_gpu_stop,pending_gpu_stop
352,6144,7168,9061,9061,hybrid_small/direct_b_ahead3:9044,False,hybrid_small,direct_b_ahead3,9044,reports/opus_flydsl_all_20261009/hybrid_small/build/direct_b_ahead3/experiments.so,1d8e364ea7cc5bb5da75bb5b93d177a520a5c0fbbcbfe782c761e6014f076c42,0,1,CPU actual header and launcher constraints,pending_gpu_stop,pending_gpu_stop
352,6144,7168,9061,9061,hybrid_small/direct_b_ahead1:9045,False,hybrid_small,direct_b_ahead1,9045,reports/opus_flydsl_all_20261009/hybrid_small/build/direct_b_ahead1/experiments.so,f836d9fe683f0246d403f5f5a3798db1696de05e3d2b34c18568533d5f0e9a8e,0,1,CPU actual header and launcher constraints,pending_gpu_stop,pending_gpu_stop
352,6144,7168,9061,9061,hybrid_small/direct_b_ahead2:9045,False,hybrid_small,direct_b_ahead2,9045,reports/opus_flydsl_all_20261009/hybrid_small/build/direct_b_ahead2/experiments.so,b714e774c27dc34d257e48aa3072aecdbe680ed20db33116036258a31eafae93,0,1,CPU actual header and launcher constraints,pending_gpu_stop,pending_gpu_stop
352,6144,7168,9061,9061,hybrid_small/direct_b_ahead3:9045,False,hybrid_small,direct_b_ahead3,9045,reports/opus_flydsl_all_20261009/hybrid_small/build/direct_b_ahead3/experiments.so,1d8e364ea7cc5bb5da75bb5b93d177a520a5c0fbbcbfe782c761e6014f076c42,0,1,CPU actual header and launcher constraints,pending_gpu_stop,pending_gpu_stop
352,6144,7168,9061,9061,hybrid_small/direct_b_ahead1:9046,False,hybrid_small,direct_b_ahead1,9046,reports/opus_flydsl_all_20261009/hybrid_small/build/direct_b_ahead1/experiments.so,f836d9fe683f0246d403f5f5a3798db1696de05e3d2b34c18568533d5f0e9a8e,0,1,CPU actual header and launcher constraints,pending_gpu_stop,pending_gpu_stop
352,6144,7168,9061,9061,hybrid_small/direct_b_ahead2:9046,False,hybrid_small,direct_b_ahead2,9046,reports/opus_flydsl_all_20261009/hybrid_small/build/direct_b_ahead2/experiments.so,b714e774c27dc34d257e48aa3072aecdbe680ed20db33116036258a31eafae93,0,1,CPU actual header and launcher constraints,pending_gpu_stop,pending_gpu_stop
352,6144,7168,9061,9061,hybrid_small/direct_b_ahead3:9046,False,hybrid_small,direct_b_ahead3,9046,reports/opus_flydsl_all_20261009/hybrid_small/build/direct_b_ahead3/experiments.so,1d8e364ea7cc5bb5da75bb5b93d177a520a5c0fbbcbfe782c761e6014f076c42,0,1,CPU actual header and launcher constraints,pending_gpu_stop,pending_gpu_stop
352,6144,7168,9061,9061,hybrid_small/direct_b_ahead1:9047,False,hybrid_small,direct_b_ahead1,9047,reports/opus_flydsl_all_20261009/hybrid_small/build/direct_b_ahead1/experiments.so,f836d9fe683f0246d403f5f5a3798db1696de05e3d2b34c18568533d5f0e9a8e,0,1,CPU actual header and launcher constraints,pending_gpu_stop,pending_gpu_stop
352,6144,7168,9061,9061,hybrid_small/direct_b_ahead2:9047,False,hybrid_small,direct_b_ahead2,9047,reports/opus_flydsl_all_20261009/hybrid_small/build/direct_b_ahead2/experiments.so,b714e774c27dc34d257e48aa3072aecdbe680ed20db33116036258a31eafae93,0,1,CPU actual header and launcher constraints,pending_gpu_stop,pending_gpu_stop
352,6144,7168,9061,9061,hybrid_small/direct_b_ahead3:9047,False,hybrid_small,direct_b_ahead3,9047,reports/opus_flydsl_all_20261009/hybrid_small/build/direct_b_ahead3/experiments.so,1d8e364ea7cc5bb5da75bb5b93d177a520a5c0fbbcbfe782c761e6014f076c42,0,1,CPU actual header and launcher constraints,pending_gpu_stop,pending_gpu_stop
352,6144,7168,9061,9061,hybrid_small/direct_b_ahead1:9049,False,hybrid_small,direct_b_ahead1,9049,reports/opus_flydsl_all_20261009/hybrid_small/build/direct_b_ahead1/experiments.so,f836d9fe683f0246d403f5f5a3798db1696de05e3d2b34c18568533d5f0e9a8e,0,1,CPU actual header and launcher constraints,pending_gpu_stop,pending_gpu_stop
352,6144,7168,9061,9061,hybrid_small/direct_b_ahead2:9049,False,hybrid_small,direct_b_ahead2,9049,reports/opus_flydsl_all_20261009/hybrid_small/build/direct_b_ahead2/experiments.so,b714e774c27dc34d257e48aa3072aecdbe680ed20db33116036258a31eafae93,0,1,CPU actual header and launcher constraints,pending_gpu_stop,pending_gpu_stop
352,6144,7168,9061,9061,hybrid_small/direct_b_ahead3:9049,False,hybrid_small,direct_b_ahead3,9049,reports/opus_flydsl_all_20261009/hybrid_small/build/direct_b_ahead3/experiments.so,1d8e364ea7cc5bb5da75bb5b93d177a520a5c0fbbcbfe782c761e6014f076c42,0,1,CPU actual header and launcher constraints,pending_gpu_stop,pending_gpu_stop
352,6144,7168,9061,9061,hybrid_small/direct_b_ahead1:9055,False,hybrid_small,direct_b_ahead1,9055,reports/opus_flydsl_all_20261009/hybrid_small/build/direct_b_ahead1/experiments.so,f836d9fe683f0246d403f5f5a3798db1696de05e3d2b34c18568533d5f0e9a8e,0,1,CPU actual header and launcher constraints,pending_gpu_stop,pending_gpu_stop
352,6144,7168,9061,9061,hybrid_small/direct_b_ahead2:9055,False,hybrid_small,direct_b_ahead2,9055,reports/opus_flydsl_all_20261009/hybrid_small/build/direct_b_ahead2/experiments.so,b714e774c27dc34d257e48aa3072aecdbe680ed20db33116036258a31eafae93,0,1,CPU actual header and launcher constraints,pending_gpu_stop,pending_gpu_stop
352,6144,7168,9061,9061,hybrid_small/direct_b_ahead3:9055,False,hybrid_small,direct_b_ahead3,9055,reports/opus_flydsl_all_20261009/hybrid_small/build/direct_b_ahead3/experiments.so,1d8e364ea7cc5bb5da75bb5b93d177a520a5c0fbbcbfe782c761e6014f076c42,0,1,CPU actual header and launcher constraints,pending_gpu_stop,pending_gpu_stop
352,6144,7168,9061,9061,hybrid_small/direct_b_ahead1:9056,False,hybrid_small,direct_b_ahead1,9056,reports/opus_flydsl_all_20261009/hybrid_small/build/direct_b_ahead1/experiments.so,f836d9fe683f0246d403f5f5a3798db1696de05e3d2b34c18568533d5f0e9a8e,0,1,CPU actual header and launcher constraints,pending_gpu_stop,pending_gpu_stop
352,6144,7168,9061,9061,hybrid_small/direct_b_ahead2:9056,False,hybrid_small,direct_b_ahead2,9056,reports/opus_flydsl_all_20261009/hybrid_small/build/direct_b_ahead2/experiments.so,b714e774c27dc34d257e48aa3072aecdbe680ed20db33116036258a31eafae93,0,1,CPU actual header and launcher constraints,pending_gpu_stop,pending_gpu_stop
352,6144,7168,9061,9061,hybrid_small/direct_b_ahead3:9056,False,hybrid_small,direct_b_ahead3,9056,reports/opus_flydsl_all_20261009/hybrid_small/build/direct_b_ahead3/experiments.so,1d8e364ea7cc5bb5da75bb5b93d177a520a5c0fbbcbfe782c761e6014f076c42,0,1,CPU actual header and launcher constraints,pending_gpu_stop,pending_gpu_stop
352,6144,7168,9061,9061,small_split/candidate:110,False,small_split,candidate,110,reports/opus_flydsl_all_20261009/small_split/build/candidate/experiments.so,7822e988744329482bbd6a7fcb5215b561e9aeada63a3aedf9cd5e541958a886,34603008,2,CPU actual header and launcher constraints,pending_gpu_stop,pending_gpu_stop
352,6144,7168,9061,9061,small_split/candidate:111,False,small_split,candidate,111,reports/opus_flydsl_all_20261009/small_split/build/candidate/experiments.so,7822e988744329482bbd6a7fcb5215b561e9aeada63a3aedf9cd5e541958a886,34603008,2,CPU actual header and launcher constraints,pending_gpu_stop,pending_gpu_stop
352,6144,7168,9061,9061,small_split/candidate:120,False,small_split,candidate,120,reports/opus_flydsl_all_20261009/small_split/build/candidate/experiments.so,7822e988744329482bbd6a7fcb5215b561e9aeada63a3aedf9cd5e541958a886,34603008,2,CPU actual header and launcher constraints,pending_gpu_stop,pending_gpu_stop
352,6144,7168,9061,9061,small_split/candidate:121,False,small_split,candidate,121,reports/opus_flydsl_all_20261009/small_split/build/candidate/experiments.so,7822e988744329482bbd6a7fcb5215b561e9aeada63a3aedf9cd5e541958a886,34603008,2,CPU actual header and launcher constraints,pending_gpu_stop,pending_gpu_stop
352,6144,7168,9061,9061,small_split/candidate:130,False,small_split,candidate,130,reports/opus_flydsl_all_20261009/small_split/build/candidate/experiments.so,7822e988744329482bbd6a7fcb5215b561e9aeada63a3aedf9cd5e541958a886,34603008,2,CPU actual header and launcher constraints,pending_gpu_stop,pending_gpu_stop
352,6144,7168,9061,9061,small_split/candidate:140,False,small_split,candidate,140,reports/opus_flydsl_all_20261009/small_split/build/candidate/experiments.so,7822e988744329482bbd6a7fcb5215b561e9aeada63a3aedf9cd5e541958a886,34603008,2,CPU actual header and launcher constraints,pending_gpu_stop,pending_gpu_stop
352,6144,7168,9061,9061,small_split/candidate:210,True,small_split,candidate,210,reports/opus_flydsl_all_20261009/small_split/build/candidate/experiments.so,7822e988744329482bbd6a7fcb5215b561e9aeada63a3aedf9cd5e541958a886,0,1,CPU actual header and launcher constraints,pending_gpu_stop,pending_gpu_stop
352,6144,7168,9061,9061,small_split/candidate:211,True,small_split,candidate,211,reports/opus_flydsl_all_20261009/small_split/build/candidate/experiments.so,7822e988744329482bbd6a7fcb5215b561e9aeada63a3aedf9cd5e541958a886,17301504,2,CPU actual header and launcher constraints,pending_gpu_stop,pending_gpu_stop
352,6144,7168,9061,9061,small_split/candidate:220,True,small_split,candidate,220,reports/opus_flydsl_all_20261009/small_split/build/candidate/experiments.so,7822e988744329482bbd6a7fcb5215b561e9aeada63a3aedf9cd5e541958a886,0,1,CPU actual header and launcher constraints,pending_gpu_stop,pending_gpu_stop
352,6144,7168,9061,9061,small_split/candidate:221,True,small_split,candidate,221,reports/opus_flydsl_all_20261009/small_split/build/candidate/experiments.so,7822e988744329482bbd6a7fcb5215b561e9aeada63a3aedf9cd5e541958a886,17301504,2,CPU actual header and launcher constraints,pending_gpu_stop,pending_gpu_stop
352,6144,7168,9061,9061,small_split/candidate:230,True,small_split,candidate,230,reports/opus_flydsl_all_20261009/small_split/build/candidate/experiments.so,7822e988744329482bbd6a7fcb5215b561e9aeada63a3aedf9cd5e541958a886,0,1,CPU actual header and launcher constraints,pending_gpu_stop,pending_gpu_stop
352,6144,7168,9061,9061,small_split/candidate:231,True,small_split,candidate,231,reports/opus_flydsl_all_20261009/small_split/build/candidate/experiments.so,7822e988744329482bbd6a7fcb5215b561e9aeada63a3aedf9cd5e541958a886,17301504,2,CPU actual header and launcher constraints,pending_gpu_stop,pending_gpu_stop
352,6144,7168,9061,9061,main_variants/main23:92000,False,main_variants,main23,92000,reports/opus_flydsl_all_20261009/main_variants/build/main23/experiments.so,55927bffd4f3b05b59e0eda5fad3d5b58396f525f618fed0eec4a1cb48df83b6,0,1,CPU actual header and launcher constraints,pending_gpu_stop,pending_gpu_stop
352,6144,7168,9061,9061,main_variants/main23:92001,False,main_variants,main23,92001,reports/opus_flydsl_all_20261009/main_variants/build/main23/experiments.so,55927bffd4f3b05b59e0eda5fad3d5b58396f525f618fed0eec4a1cb48df83b6,0,1,CPU actual header and launcher constraints,pending_gpu_stop,pending_gpu_stop
352,6144,7168,9061,9061,main_variants/main23:92002,False,main_variants,main23,92002,reports/opus_flydsl_all_20261009/main_variants/build/main23/experiments.so,55927bffd4f3b05b59e0eda5fad3d5b58396f525f618fed0eec4a1cb48df83b6,0,1,CPU actual header and launcher constraints,pending_gpu_stop,pending_gpu_stop
352,6144,7168,9061,9061,main_variants/main23:92008,False,main_variants,main23,92008,reports/opus_flydsl_all_20261009/main_variants/build/main23/experiments.so,55927bffd4f3b05b59e0eda5fad3d5b58396f525f618fed0eec4a1cb48df83b6,0,1,CPU actual header and launcher constraints,pending_gpu_stop,pending_gpu_stop
352,6144,7168,9061,9061,main_variants/main23:92009,False,main_variants,main23,92009,reports/opus_flydsl_all_20261009/main_variants/build/main23/experiments.so,55927bffd4f3b05b59e0eda5fad3d5b58396f525f618fed0eec4a1cb48df83b6,0,1,CPU actual header and launcher constraints,pending_gpu_stop,pending_gpu_stop
352,6144,7168,9061,9061,main_variants/main23:92011,False,main_variants,main23,92011,reports/opus_flydsl_all_20261009/main_variants/build/main23/experiments.so,55927bffd4f3b05b59e0eda5fad3d5b58396f525f618fed0eec4a1cb48df83b6,0,1,CPU actual header and launcher constraints,pending_gpu_stop,pending_gpu_stop
352,6144,7168,9061,9061,main_variants/main23:92012,False,main_variants,main23,92012,reports/opus_flydsl_all_20261009/main_variants/build/main23/experiments.so,55927bffd4f3b05b59e0eda5fad3d5b58396f525f618fed0eec4a1cb48df83b6,0,1,CPU actual header and launcher constraints,pending_gpu_stop,pending_gpu_stop
352,6144,7168,9061,9061,main_variants/pin24:92120,False,main_variants,pin24,92120,reports/opus_flydsl_all_20261009/main_variants/build/pin24/experiments.so,3b9fb951504917f017ffb87b5eb192be99453337cdf969b6800ff47283d2746d,0,1,CPU actual header and launcher constraints,pending_gpu_stop,pending_gpu_stop
384,768,7168,9055,9055,hybrid_small/direct_b_ahead1:9043,False,hybrid_small,direct_b_ahead1,9043,reports/opus_flydsl_all_20261009/hybrid_small/build/direct_b_ahead1/experiments.so,f836d9fe683f0246d403f5f5a3798db1696de05e3d2b34c18568533d5f0e9a8e,0,1,CPU actual header and launcher constraints,pending_gpu_stop,pending_gpu_stop
384,768,7168,9055,9055,hybrid_small/direct_b_ahead2:9043,False,hybrid_small,direct_b_ahead2,9043,reports/opus_flydsl_all_20261009/hybrid_small/build/direct_b_ahead2/experiments.so,b714e774c27dc34d257e48aa3072aecdbe680ed20db33116036258a31eafae93,0,1,CPU actual header and launcher constraints,pending_gpu_stop,pending_gpu_stop
384,768,7168,9055,9055,hybrid_small/direct_b_ahead3:9043,False,hybrid_small,direct_b_ahead3,9043,reports/opus_flydsl_all_20261009/hybrid_small/build/direct_b_ahead3/experiments.so,1d8e364ea7cc5bb5da75bb5b93d177a520a5c0fbbcbfe782c761e6014f076c42,0,1,CPU actual header and launcher constraints,pending_gpu_stop,pending_gpu_stop
384,768,7168,9055,9055,hybrid_small/direct_b_ahead1:9044,False,hybrid_small,direct_b_ahead1,9044,reports/opus_flydsl_all_20261009/hybrid_small/build/direct_b_ahead1/experiments.so,f836d9fe683f0246d403f5f5a3798db1696de05e3d2b34c18568533d5f0e9a8e,0,1,CPU actual header and launcher constraints,pending_gpu_stop,pending_gpu_stop
384,768,7168,9055,9055,hybrid_small/direct_b_ahead2:9044,False,hybrid_small,direct_b_ahead2,9044,reports/opus_flydsl_all_20261009/hybrid_small/build/direct_b_ahead2/experiments.so,b714e774c27dc34d257e48aa3072aecdbe680ed20db33116036258a31eafae93,0,1,CPU actual header and launcher constraints,pending_gpu_stop,pending_gpu_stop
384,768,7168,9055,9055,hybrid_small/direct_b_ahead3:9044,False,hybrid_small,direct_b_ahead3,9044,reports/opus_flydsl_all_20261009/hybrid_small/build/direct_b_ahead3/experiments.so,1d8e364ea7cc5bb5da75bb5b93d177a520a5c0fbbcbfe782c761e6014f076c42,0,1,CPU actual header and launcher constraints,pending_gpu_stop,pending_gpu_stop
384,768,7168,9055,9055,hybrid_small/direct_b_ahead1:9045,False,hybrid_small,direct_b_ahead1,9045,reports/opus_flydsl_all_20261009/hybrid_small/build/direct_b_ahead1/experiments.so,f836d9fe683f0246d403f5f5a3798db1696de05e3d2b34c18568533d5f0e9a8e,0,1,CPU actual header and launcher constraints,pending_gpu_stop,pending_gpu_stop
384,768,7168,9055,9055,hybrid_small/direct_b_ahead2:9045,False,hybrid_small,direct_b_ahead2,9045,reports/opus_flydsl_all_20261009/hybrid_small/build/direct_b_ahead2/experiments.so,b714e774c27dc34d257e48aa3072aecdbe680ed20db33116036258a31eafae93,0,1,CPU actual header and launcher constraints,pending_gpu_stop,pending_gpu_stop
384,768,7168,9055,9055,hybrid_small/direct_b_ahead3:9045,False,hybrid_small,direct_b_ahead3,9045,reports/opus_flydsl_all_20261009/hybrid_small/build/direct_b_ahead3/experiments.so,1d8e364ea7cc5bb5da75bb5b93d177a520a5c0fbbcbfe782c761e6014f076c42,0,1,CPU actual header and launcher constraints,pending_gpu_stop,pending_gpu_stop
384,768,7168,9055,9055,hybrid_small/direct_b_ahead1:9046,False,hybrid_small,direct_b_ahead1,9046,reports/opus_flydsl_all_20261009/hybrid_small/build/direct_b_ahead1/experiments.so,f836d9fe683f0246d403f5f5a3798db1696de05e3d2b34c18568533d5f0e9a8e,0,1,CPU actual header and launcher constraints,pending_gpu_stop,pending_gpu_stop
384,768,7168,9055,9055,hybrid_small/direct_b_ahead2:9046,False,hybrid_small,direct_b_ahead2,9046,reports/opus_flydsl_all_20261009/hybrid_small/build/direct_b_ahead2/experiments.so,b714e774c27dc34d257e48aa3072aecdbe680ed20db33116036258a31eafae93,0,1,CPU actual header and launcher constraints,pending_gpu_stop,pending_gpu_stop
384,768,7168,9055,9055,hybrid_small/direct_b_ahead3:9046,False,hybrid_small,direct_b_ahead3,9046,reports/opus_flydsl_all_20261009/hybrid_small/build/direct_b_ahead3/experiments.so,1d8e364ea7cc5bb5da75bb5b93d177a520a5c0fbbcbfe782c761e6014f076c42,0,1,CPU actual header and launcher constraints,pending_gpu_stop,pending_gpu_stop
384,768,7168,9055,9055,hybrid_small/direct_b_ahead1:9047,False,hybrid_small,direct_b_ahead1,9047,reports/opus_flydsl_all_20261009/hybrid_small/build/direct_b_ahead1/experiments.so,f836d9fe683f0246d403f5f5a3798db1696de05e3d2b34c18568533d5f0e9a8e,0,1,CPU actual header and launcher constraints,pending_gpu_stop,pending_gpu_stop
384,768,7168,9055,9055,hybrid_small/direct_b_ahead2:9047,False,hybrid_small,direct_b_ahead2,9047,reports/opus_flydsl_all_20261009/hybrid_small/build/direct_b_ahead2/experiments.so,b714e774c27dc34d257e48aa3072aecdbe680ed20db33116036258a31eafae93,0,1,CPU actual header and launcher constraints,pending_gpu_stop,pending_gpu_stop
384,768,7168,9055,9055,hybrid_small/direct_b_ahead3:9047,False,hybrid_small,direct_b_ahead3,9047,reports/opus_flydsl_all_20261009/hybrid_small/build/direct_b_ahead3/experiments.so,1d8e364ea7cc5bb5da75bb5b93d177a520a5c0fbbcbfe782c761e6014f076c42,0,1,CPU actual header and launcher constraints,pending_gpu_stop,pending_gpu_stop
384,768,7168,9055,9055,hybrid_small/direct_b_ahead1:9049,False,hybrid_small,direct_b_ahead1,9049,reports/opus_flydsl_all_20261009/hybrid_small/build/direct_b_ahead1/experiments.so,f836d9fe683f0246d403f5f5a3798db1696de05e3d2b34c18568533d5f0e9a8e,0,1,CPU actual header and launcher constraints,pending_gpu_stop,pending_gpu_stop
384,768,7168,9055,9055,hybrid_small/direct_b_ahead2:9049,False,hybrid_small,direct_b_ahead2,9049,reports/opus_flydsl_all_20261009/hybrid_small/build/direct_b_ahead2/experiments.so,b714e774c27dc34d257e48aa3072aecdbe680ed20db33116036258a31eafae93,0,1,CPU actual header and launcher constraints,pending_gpu_stop,pending_gpu_stop
384,768,7168,9055,9055,hybrid_small/direct_b_ahead3:9049,False,hybrid_small,direct_b_ahead3,9049,reports/opus_flydsl_all_20261009/hybrid_small/build/direct_b_ahead3/experiments.so,1d8e364ea7cc5bb5da75bb5b93d177a520a5c0fbbcbfe782c761e6014f076c42,0,1,CPU actual header and launcher constraints,pending_gpu_stop,pending_gpu_stop
384,768,7168,9055,9055,hybrid_small/direct_b_ahead1:9055,True,hybrid_small,direct_b_ahead1,9055,reports/opus_flydsl_all_20261009/hybrid_small/build/direct_b_ahead1/experiments.so,f836d9fe683f0246d403f5f5a3798db1696de05e3d2b34c18568533d5f0e9a8e,0,1,CPU actual header and launcher constraints,pending_gpu_stop,pending_gpu_stop
384,768,7168,9055,9055,hybrid_small/direct_b_ahead2:9055,True,hybrid_small,direct_b_ahead2,9055,reports/opus_flydsl_all_20261009/hybrid_small/build/direct_b_ahead2/experiments.so,b714e774c27dc34d257e48aa3072aecdbe680ed20db33116036258a31eafae93,0,1,CPU actual header and launcher constraints,pending_gpu_stop,pending_gpu_stop
384,768,7168,9055,9055,hybrid_small/direct_b_ahead3:9055,True,hybrid_small,direct_b_ahead3,9055,reports/opus_flydsl_all_20261009/hybrid_small/build/direct_b_ahead3/experiments.so,1d8e364ea7cc5bb5da75bb5b93d177a520a5c0fbbcbfe782c761e6014f076c42,0,1,CPU actual header and launcher constraints,pending_gpu_stop,pending_gpu_stop
384,768,7168,9055,9055,hybrid_small/direct_b_ahead1:9056,False,hybrid_small,direct_b_ahead1,9056,reports/opus_flydsl_all_20261009/hybrid_small/build/direct_b_ahead1/experiments.so,f836d9fe683f0246d403f5f5a3798db1696de05e3d2b34c18568533d5f0e9a8e,0,1,CPU actual header and launcher constraints,pending_gpu_stop,pending_gpu_stop
384,768,7168,9055,9055,hybrid_small/direct_b_ahead2:9056,False,hybrid_small,direct_b_ahead2,9056,reports/opus_flydsl_all_20261009/hybrid_small/build/direct_b_ahead2/experiments.so,b714e774c27dc34d257e48aa3072aecdbe680ed20db33116036258a31eafae93,0,1,CPU actual header and launcher constraints,pending_gpu_stop,pending_gpu_stop
384,768,7168,9055,9055,hybrid_small/direct_b_ahead3:9056,False,hybrid_small,direct_b_ahead3,9056,reports/opus_flydsl_all_20261009/hybrid_small/build/direct_b_ahead3/experiments.so,1d8e364ea7cc5bb5da75bb5b93d177a520a5c0fbbcbfe782c761e6014f076c42,0,1,CPU actual header and launcher constraints,pending_gpu_stop,pending_gpu_stop
384,768,7168,9055,9055,small_split/candidate:110,False,small_split,candidate,110,reports/opus_flydsl_all_20261009/small_split/build/candidate/experiments.so,7822e988744329482bbd6a7fcb5215b561e9aeada63a3aedf9cd5e541958a886,4718592,2,CPU actual header and launcher constraints,pending_gpu_stop,pending_gpu_stop
384,768,7168,9055,9055,small_split/candidate:111,False,small_split,candidate,111,reports/opus_flydsl_all_20261009/small_split/build/candidate/experiments.so,7822e988744329482bbd6a7fcb5215b561e9aeada63a3aedf9cd5e541958a886,4718592,2,CPU actual header and launcher constraints,pending_gpu_stop,pending_gpu_stop
384,768,7168,9055,9055,small_split/candidate:120,False,small_split,candidate,120,reports/opus_flydsl_all_20261009/small_split/build/candidate/experiments.so,7822e988744329482bbd6a7fcb5215b561e9aeada63a3aedf9cd5e541958a886,4718592,2,CPU actual header and launcher constraints,pending_gpu_stop,pending_gpu_stop
384,768,7168,9055,9055,small_split/candidate:121,False,small_split,candidate,121,reports/opus_flydsl_all_20261009/small_split/build/candidate/experiments.so,7822e988744329482bbd6a7fcb5215b561e9aeada63a3aedf9cd5e541958a886,4718592,2,CPU actual header and launcher constraints,pending_gpu_stop,pending_gpu_stop
384,768,7168,9055,9055,small_split/candidate:130,False,small_split,candidate,130,reports/opus_flydsl_all_20261009/small_split/build/candidate/experiments.so,7822e988744329482bbd6a7fcb5215b561e9aeada63a3aedf9cd5e541958a886,4718592,2,CPU actual header and launcher constraints,pending_gpu_stop,pending_gpu_stop
384,768,7168,9055,9055,small_split/candidate:140,False,small_split,candidate,140,reports/opus_flydsl_all_20261009/small_split/build/candidate/experiments.so,7822e988744329482bbd6a7fcb5215b561e9aeada63a3aedf9cd5e541958a886,4718592,2,CPU actual header and launcher constraints,pending_gpu_stop,pending_gpu_stop
384,768,7168,9055,9055,small_split/candidate:210,False,small_split,candidate,210,reports/opus_flydsl_all_20261009/small_split/build/candidate/experiments.so,7822e988744329482bbd6a7fcb5215b561e9aeada63a3aedf9cd5e541958a886,0,1,CPU actual header and launcher constraints,pending_gpu_stop,pending_gpu_stop
384,768,7168,9055,9055,small_split/candidate:211,False,small_split,candidate,211,reports/opus_flydsl_all_20261009/small_split/build/candidate/experiments.so,7822e988744329482bbd6a7fcb5215b561e9aeada63a3aedf9cd5e541958a886,2359296,2,CPU actual header and launcher constraints,pending_gpu_stop,pending_gpu_stop
384,768,7168,9055,9055,small_split/candidate:220,False,small_split,candidate,220,reports/opus_flydsl_all_20261009/small_split/build/candidate/experiments.so,7822e988744329482bbd6a7fcb5215b561e9aeada63a3aedf9cd5e541958a886,0,1,CPU actual header and launcher constraints,pending_gpu_stop,pending_gpu_stop
384,768,7168,9055,9055,small_split/candidate:221,False,small_split,candidate,221,reports/opus_flydsl_all_20261009/small_split/build/candidate/experiments.so,7822e988744329482bbd6a7fcb5215b561e9aeada63a3aedf9cd5e541958a886,2359296,2,CPU actual header and launcher constraints,pending_gpu_stop,pending_gpu_stop
384,768,7168,9055,9055,small_split/candidate:230,False,small_split,candidate,230,reports/opus_flydsl_all_20261009/small_split/build/candidate/experiments.so,7822e988744329482bbd6a7fcb5215b561e9aeada63a3aedf9cd5e541958a886,0,1,CPU actual header and launcher constraints,pending_gpu_stop,pending_gpu_stop
384,768,7168,9055,9055,small_split/candidate:231,False,small_split,candidate,231,reports/opus_flydsl_all_20261009/small_split/build/candidate/experiments.so,7822e988744329482bbd6a7fcb5215b561e9aeada63a3aedf9cd5e541958a886,2359296,2,CPU actual header and launcher constraints,pending_gpu_stop,pending_gpu_stop
384,768,7168,9055,9055,main_variants/main23:92000,False,main_variants,main23,92000,reports/opus_flydsl_all_20261009/main_variants/build/main23/experiments.so,55927bffd4f3b05b59e0eda5fad3d5b58396f525f618fed0eec4a1cb48df83b6,0,1,CPU actual header and launcher constraints,pending_gpu_stop,pending_gpu_stop
384,768,7168,9055,9055,main_variants/main23:92001,False,main_variants,main23,92001,reports/opus_flydsl_all_20261009/main_variants/build/main23/experiments.so,55927bffd4f3b05b59e0eda5fad3d5b58396f525f618fed0eec4a1cb48df83b6,0,1,CPU actual header and launcher constraints,pending_gpu_stop,pending_gpu_stop
384,768,7168,9055,9055,main_variants/main23:92002,False,main_variants,main23,92002,reports/opus_flydsl_all_20261009/main_variants/build/main23/experiments.so,55927bffd4f3b05b59e0eda5fad3d5b58396f525f618fed0eec4a1cb48df83b6,0,1,CPU actual header and launcher constraints,pending_gpu_stop,pending_gpu_stop
384,768,7168,9055,9055,main_variants/main23:92008,False,main_variants,main23,92008,reports/opus_flydsl_all_20261009/main_variants/build/main23/experiments.so,55927bffd4f3b05b59e0eda5fad3d5b58396f525f618fed0eec4a1cb48df83b6,0,1,CPU actual header and launcher constraints,pending_gpu_stop,pending_gpu_stop
384,768,7168,9055,9055,main_variants/main23:92009,False,main_variants,main23,92009,reports/opus_flydsl_all_20261009/main_variants/build/main23/experiments.so,55927bffd4f3b05b59e0eda5fad3d5b58396f525f618fed0eec4a1cb48df83b6,0,1,CPU actual header and launcher constraints,pending_gpu_stop,pending_gpu_stop
384,768,7168,9055,9055,main_variants/main23:92011,False,main_variants,main23,92011,reports/opus_flydsl_all_20261009/main_variants/build/main23/experiments.so,55927bffd4f3b05b59e0eda5fad3d5b58396f525f618fed0eec4a1cb48df83b6,0,1,CPU actual header and launcher constraints,pending_gpu_stop,pending_gpu_stop
384,768,7168,9055,9055,main_variants/main23:92012,False,main_variants,main23,92012,reports/opus_flydsl_all_20261009/main_variants/build/main23/experiments.so,55927bffd4f3b05b59e0eda5fad3d5b58396f525f618fed0eec4a1cb48df83b6,0,1,CPU actual header and launcher constraints,pending_gpu_stop,pending_gpu_stop
384,768,7168,9055,9055,main_variants/pin24:92120,False,main_variants,pin24,92120,reports/opus_flydsl_all_20261009/main_variants/build/pin24/experiments.so,3b9fb951504917f017ffb87b5eb192be99453337cdf969b6800ff47283d2746d,0,1,CPU actual header and launcher constraints,pending_gpu_stop,pending_gpu_stop
448,768,7168,9055,9055,hybrid_small/direct_b_ahead1:9043,False,hybrid_small,direct_b_ahead1,9043,reports/opus_flydsl_all_20261009/hybrid_small/build/direct_b_ahead1/experiments.so,f836d9fe683f0246d403f5f5a3798db1696de05e3d2b34c18568533d5f0e9a8e,0,1,CPU actual header and launcher constraints,pending_gpu_stop,pending_gpu_stop
448,768,7168,9055,9055,hybrid_small/direct_b_ahead2:9043,False,hybrid_small,direct_b_ahead2,9043,reports/opus_flydsl_all_20261009/hybrid_small/build/direct_b_ahead2/experiments.so,b714e774c27dc34d257e48aa3072aecdbe680ed20db33116036258a31eafae93,0,1,CPU actual header and launcher constraints,pending_gpu_stop,pending_gpu_stop
448,768,7168,9055,9055,hybrid_small/direct_b_ahead3:9043,False,hybrid_small,direct_b_ahead3,9043,reports/opus_flydsl_all_20261009/hybrid_small/build/direct_b_ahead3/experiments.so,1d8e364ea7cc5bb5da75bb5b93d177a520a5c0fbbcbfe782c761e6014f076c42,0,1,CPU actual header and launcher constraints,pending_gpu_stop,pending_gpu_stop
448,768,7168,9055,9055,hybrid_small/direct_b_ahead1:9044,False,hybrid_small,direct_b_ahead1,9044,reports/opus_flydsl_all_20261009/hybrid_small/build/direct_b_ahead1/experiments.so,f836d9fe683f0246d403f5f5a3798db1696de05e3d2b34c18568533d5f0e9a8e,0,1,CPU actual header and launcher constraints,pending_gpu_stop,pending_gpu_stop
448,768,7168,9055,9055,hybrid_small/direct_b_ahead2:9044,False,hybrid_small,direct_b_ahead2,9044,reports/opus_flydsl_all_20261009/hybrid_small/build/direct_b_ahead2/experiments.so,b714e774c27dc34d257e48aa3072aecdbe680ed20db33116036258a31eafae93,0,1,CPU actual header and launcher constraints,pending_gpu_stop,pending_gpu_stop
448,768,7168,9055,9055,hybrid_small/direct_b_ahead3:9044,False,hybrid_small,direct_b_ahead3,9044,reports/opus_flydsl_all_20261009/hybrid_small/build/direct_b_ahead3/experiments.so,1d8e364ea7cc5bb5da75bb5b93d177a520a5c0fbbcbfe782c761e6014f076c42,0,1,CPU actual header and launcher constraints,pending_gpu_stop,pending_gpu_stop
448,768,7168,9055,9055,hybrid_small/direct_b_ahead1:9045,False,hybrid_small,direct_b_ahead1,9045,reports/opus_flydsl_all_20261009/hybrid_small/build/direct_b_ahead1/experiments.so,f836d9fe683f0246d403f5f5a3798db1696de05e3d2b34c18568533d5f0e9a8e,0,1,CPU actual header and launcher constraints,pending_gpu_stop,pending_gpu_stop
448,768,7168,9055,9055,hybrid_small/direct_b_ahead2:9045,False,hybrid_small,direct_b_ahead2,9045,reports/opus_flydsl_all_20261009/hybrid_small/build/direct_b_ahead2/experiments.so,b714e774c27dc34d257e48aa3072aecdbe680ed20db33116036258a31eafae93,0,1,CPU actual header and launcher constraints,pending_gpu_stop,pending_gpu_stop
448,768,7168,9055,9055,hybrid_small/direct_b_ahead3:9045,False,hybrid_small,direct_b_ahead3,9045,reports/opus_flydsl_all_20261009/hybrid_small/build/direct_b_ahead3/experiments.so,1d8e364ea7cc5bb5da75bb5b93d177a520a5c0fbbcbfe782c761e6014f076c42,0,1,CPU actual header and launcher constraints,pending_gpu_stop,pending_gpu_stop
448,768,7168,9055,9055,hybrid_small/direct_b_ahead1:9046,False,hybrid_small,direct_b_ahead1,9046,reports/opus_flydsl_all_20261009/hybrid_small/build/direct_b_ahead1/experiments.so,f836d9fe683f0246d403f5f5a3798db1696de05e3d2b34c18568533d5f0e9a8e,0,1,CPU actual header and launcher constraints,pending_gpu_stop,pending_gpu_stop
448,768,7168,9055,9055,hybrid_small/direct_b_ahead2:9046,False,hybrid_small,direct_b_ahead2,9046,reports/opus_flydsl_all_20261009/hybrid_small/build/direct_b_ahead2/experiments.so,b714e774c27dc34d257e48aa3072aecdbe680ed20db33116036258a31eafae93,0,1,CPU actual header and launcher constraints,pending_gpu_stop,pending_gpu_stop
448,768,7168,9055,9055,hybrid_small/direct_b_ahead3:9046,False,hybrid_small,direct_b_ahead3,9046,reports/opus_flydsl_all_20261009/hybrid_small/build/direct_b_ahead3/experiments.so,1d8e364ea7cc5bb5da75bb5b93d177a520a5c0fbbcbfe782c761e6014f076c42,0,1,CPU actual header and launcher constraints,pending_gpu_stop,pending_gpu_stop
448,768,7168,9055,9055,hybrid_small/direct_b_ahead1:9047,False,hybrid_small,direct_b_ahead1,9047,reports/opus_flydsl_all_20261009/hybrid_small/build/direct_b_ahead1/experiments.so,f836d9fe683f0246d403f5f5a3798db1696de05e3d2b34c18568533d5f0e9a8e,0,1,CPU actual header and launcher constraints,pending_gpu_stop,pending_gpu_stop
448,768,7168,9055,9055,hybrid_small/direct_b_ahead2:9047,False,hybrid_small,direct_b_ahead2,9047,reports/opus_flydsl_all_20261009/hybrid_small/build/direct_b_ahead2/experiments.so,b714e774c27dc34d257e48aa3072aecdbe680ed20db33116036258a31eafae93,0,1,CPU actual header and launcher constraints,pending_gpu_stop,pending_gpu_stop
448,768,7168,9055,9055,hybrid_small/direct_b_ahead3:9047,False,hybrid_small,direct_b_ahead3,9047,reports/opus_flydsl_all_20261009/hybrid_small/build/direct_b_ahead3/experiments.so,1d8e364ea7cc5bb5da75bb5b93d177a520a5c0fbbcbfe782c761e6014f076c42,0,1,CPU actual header and launcher constraints,pending_gpu_stop,pending_gpu_stop
448,768,7168,9055,9055,hybrid_small/direct_b_ahead1:9049,False,hybrid_small,direct_b_ahead1,9049,reports/opus_flydsl_all_20261009/hybrid_small/build/direct_b_ahead1/experiments.so,f836d9fe683f0246d403f5f5a3798db1696de05e3d2b34c18568533d5f0e9a8e,0,1,CPU actual header and launcher constraints,pending_gpu_stop,pending_gpu_stop
448,768,7168,9055,9055,hybrid_small/direct_b_ahead2:9049,False,hybrid_small,direct_b_ahead2,9049,reports/opus_flydsl_all_20261009/hybrid_small/build/direct_b_ahead2/experiments.so,b714e774c27dc34d257e48aa3072aecdbe680ed20db33116036258a31eafae93,0,1,CPU actual header and launcher constraints,pending_gpu_stop,pending_gpu_stop
448,768,7168,9055,9055,hybrid_small/direct_b_ahead3:9049,False,hybrid_small,direct_b_ahead3,9049,reports/opus_flydsl_all_20261009/hybrid_small/build/direct_b_ahead3/experiments.so,1d8e364ea7cc5bb5da75bb5b93d177a520a5c0fbbcbfe782c761e6014f076c42,0,1,CPU actual header and launcher constraints,pending_gpu_stop,pending_gpu_stop
448,768,7168,9055,9055,hybrid_small/direct_b_ahead1:9055,True,hybrid_small,direct_b_ahead1,9055,reports/opus_flydsl_all_20261009/hybrid_small/build/direct_b_ahead1/experiments.so,f836d9fe683f0246d403f5f5a3798db1696de05e3d2b34c18568533d5f0e9a8e,0,1,CPU actual header and launcher constraints,pending_gpu_stop,pending_gpu_stop
448,768,7168,9055,9055,hybrid_small/direct_b_ahead2:9055,True,hybrid_small,direct_b_ahead2,9055,reports/opus_flydsl_all_20261009/hybrid_small/build/direct_b_ahead2/experiments.so,b714e774c27dc34d257e48aa3072aecdbe680ed20db33116036258a31eafae93,0,1,CPU actual header and launcher constraints,pending_gpu_stop,pending_gpu_stop
448,768,7168,9055,9055,hybrid_small/direct_b_ahead3:9055,True,hybrid_small,direct_b_ahead3,9055,reports/opus_flydsl_all_20261009/hybrid_small/build/direct_b_ahead3/experiments.so,1d8e364ea7cc5bb5da75bb5b93d177a520a5c0fbbcbfe782c761e6014f076c42,0,1,CPU actual header and launcher constraints,pending_gpu_stop,pending_gpu_stop
448,768,7168,9055,9055,hybrid_small/direct_b_ahead1:9056,False,hybrid_small,direct_b_ahead1,9056,reports/opus_flydsl_all_20261009/hybrid_small/build/direct_b_ahead1/experiments.so,f836d9fe683f0246d403f5f5a3798db1696de05e3d2b34c18568533d5f0e9a8e,0,1,CPU actual header and launcher constraints,pending_gpu_stop,pending_gpu_stop
448,768,7168,9055,9055,hybrid_small/direct_b_ahead2:9056,False,hybrid_small,direct_b_ahead2,9056,reports/opus_flydsl_all_20261009/hybrid_small/build/direct_b_ahead2/experiments.so,b714e774c27dc34d257e48aa3072aecdbe680ed20db33116036258a31eafae93,0,1,CPU actual header and launcher constraints,pending_gpu_stop,pending_gpu_stop
448,768,7168,9055,9055,hybrid_small/direct_b_ahead3:9056,False,hybrid_small,direct_b_ahead3,9056,reports/opus_flydsl_all_20261009/hybrid_small/build/direct_b_ahead3/experiments.so,1d8e364ea7cc5bb5da75bb5b93d177a520a5c0fbbcbfe782c761e6014f076c42,0,1,CPU actual header and launcher constraints,pending_gpu_stop,pending_gpu_stop
448,768,7168,9055,9055,small_split/candidate:110,False,small_split,candidate,110,reports/opus_flydsl_all_20261009/small_split/build/candidate/experiments.so,7822e988744329482bbd6a7fcb5215b561e9aeada63a3aedf9cd5e541958a886,5505024,2,CPU actual header and launcher constraints,pending_gpu_stop,pending_gpu_stop
448,768,7168,9055,9055,small_split/candidate:111,False,small_split,candidate,111,reports/opus_flydsl_all_20261009/small_split/build/candidate/experiments.so,7822e988744329482bbd6a7fcb5215b561e9aeada63a3aedf9cd5e541958a886,5505024,2,CPU actual header and launcher constraints,pending_gpu_stop,pending_gpu_stop
448,768,7168,9055,9055,small_split/candidate:120,False,small_split,candidate,120,reports/opus_flydsl_all_20261009/small_split/build/candidate/experiments.so,7822e988744329482bbd6a7fcb5215b561e9aeada63a3aedf9cd5e541958a886,5505024,2,CPU actual header and launcher constraints,pending_gpu_stop,pending_gpu_stop
448,768,7168,9055,9055,small_split/candidate:121,False,small_split,candidate,121,reports/opus_flydsl_all_20261009/small_split/build/candidate/experiments.so,7822e988744329482bbd6a7fcb5215b561e9aeada63a3aedf9cd5e541958a886,5505024,2,CPU actual header and launcher constraints,pending_gpu_stop,pending_gpu_stop
448,768,7168,9055,9055,small_split/candidate:130,False,small_split,candidate,130,reports/opus_flydsl_all_20261009/small_split/build/candidate/experiments.so,7822e988744329482bbd6a7fcb5215b561e9aeada63a3aedf9cd5e541958a886,5505024,2,CPU actual header and launcher constraints,pending_gpu_stop,pending_gpu_stop
448,768,7168,9055,9055,small_split/candidate:140,False,small_split,candidate,140,reports/opus_flydsl_all_20261009/small_split/build/candidate/experiments.so,7822e988744329482bbd6a7fcb5215b561e9aeada63a3aedf9cd5e541958a886,5505024,2,CPU actual header and launcher constraints,pending_gpu_stop,pending_gpu_stop
448,768,7168,9055,9055,small_split/candidate:210,False,small_split,candidate,210,reports/opus_flydsl_all_20261009/small_split/build/candidate/experiments.so,7822e988744329482bbd6a7fcb5215b561e9aeada63a3aedf9cd5e541958a886,0,1,CPU actual header and launcher constraints,pending_gpu_stop,pending_gpu_stop
448,768,7168,9055,9055,small_split/candidate:211,False,small_split,candidate,211,reports/opus_flydsl_all_20261009/small_split/build/candidate/experiments.so,7822e988744329482bbd6a7fcb5215b561e9aeada63a3aedf9cd5e541958a886,2752512,2,CPU actual header and launcher constraints,pending_gpu_stop,pending_gpu_stop
448,768,7168,9055,9055,small_split/candidate:220,False,small_split,candidate,220,reports/opus_flydsl_all_20261009/small_split/build/candidate/experiments.so,7822e988744329482bbd6a7fcb5215b561e9aeada63a3aedf9cd5e541958a886,0,1,CPU actual header and launcher constraints,pending_gpu_stop,pending_gpu_stop
448,768,7168,9055,9055,small_split/candidate:221,False,small_split,candidate,221,reports/opus_flydsl_all_20261009/small_split/build/candidate/experiments.so,7822e988744329482bbd6a7fcb5215b561e9aeada63a3aedf9cd5e541958a886,2752512,2,CPU actual header and launcher constraints,pending_gpu_stop,pending_gpu_stop
448,768,7168,9055,9055,small_split/candidate:230,False,small_split,candidate,230,reports/opus_flydsl_all_20261009/small_split/build/candidate/experiments.so,7822e988744329482bbd6a7fcb5215b561e9aeada63a3aedf9cd5e541958a886,0,1,CPU actual header and launcher constraints,pending_gpu_stop,pending_gpu_stop
448,768,7168,9055,9055,small_split/candidate:231,False,small_split,candidate,231,reports/opus_flydsl_all_20261009/small_split/build/candidate/experiments.so,7822e988744329482bbd6a7fcb5215b561e9aeada63a3aedf9cd5e541958a886,2752512,2,CPU actual header and launcher constraints,pending_gpu_stop,pending_gpu_stop
448,768,7168,9055,9055,main_variants/main23:92000,False,main_variants,main23,92000,reports/opus_flydsl_all_20261009/main_variants/build/main23/experiments.so,55927bffd4f3b05b59e0eda5fad3d5b58396f525f618fed0eec4a1cb48df83b6,0,1,CPU actual header and launcher constraints,pending_gpu_stop,pending_gpu_stop
448,768,7168,9055,9055,main_variants/main23:92001,False,main_variants,main23,92001,reports/opus_flydsl_all_20261009/main_variants/build/main23/experiments.so,55927bffd4f3b05b59e0eda5fad3d5b58396f525f618fed0eec4a1cb48df83b6,0,1,CPU actual header and launcher constraints,pending_gpu_stop,pending_gpu_stop
448,768,7168,9055,9055,main_variants/main23:92002,False,main_variants,main23,92002,reports/opus_flydsl_all_20261009/main_variants/build/main23/experiments.so,55927bffd4f3b05b59e0eda5fad3d5b58396f525f618fed0eec4a1cb48df83b6,0,1,CPU actual header and launcher constraints,pending_gpu_stop,pending_gpu_stop
448,768,7168,9055,9055,main_variants/main23:92008,False,main_variants,main23,92008,reports/opus_flydsl_all_20261009/main_variants/build/main23/experiments.so,55927bffd4f3b05b59e0eda5fad3d5b58396f525f618fed0eec4a1cb48df83b6,0,1,CPU actual header and launcher constraints,pending_gpu_stop,pending_gpu_stop
448,768,7168,9055,9055,main_variants/main23:92009,False,main_variants,main23,92009,reports/opus_flydsl_all_20261009/main_variants/build/main23/experiments.so,55927bffd4f3b05b59e0eda5fad3d5b58396f525f618fed0eec4a1cb48df83b6,0,1,CPU actual header and launcher constraints,pending_gpu_stop,pending_gpu_stop
448,768,7168,9055,9055,main_variants/main23:92011,False,main_variants,main23,92011,reports/opus_flydsl_all_20261009/main_variants/build/main23/experiments.so,55927bffd4f3b05b59e0eda5fad3d5b58396f525f618fed0eec4a1cb48df83b6,0,1,CPU actual header and launcher constraints,pending_gpu_stop,pending_gpu_stop
448,768,7168,9055,9055,main_variants/main23:92012,False,main_variants,main23,92012,reports/opus_flydsl_all_20261009/main_variants/build/main23/experiments.so,55927bffd4f3b05b59e0eda5fad3d5b58396f525f618fed0eec4a1cb48df83b6,0,1,CPU actual header and launcher constraints,pending_gpu_stop,pending_gpu_stop
448,768,7168,9055,9055,main_variants/pin24:92120,False,main_variants,pin24,92120,reports/opus_flydsl_all_20261009/main_variants/build/pin24/experiments.so,3b9fb951504917f017ffb87b5eb192be99453337cdf969b6800ff47283d2746d,0,1,CPU actual header and launcher constraints,pending_gpu_stop,pending_gpu_stop
480,768,7168,9055,9055,hybrid_small/direct_b_ahead1:9043,False,hybrid_small,direct_b_ahead1,9043,reports/opus_flydsl_all_20261009/hybrid_small/build/direct_b_ahead1/experiments.so,f836d9fe683f0246d403f5f5a3798db1696de05e3d2b34c18568533d5f0e9a8e,0,1,CPU actual header and launcher constraints,pending_gpu_stop,pending_gpu_stop
480,768,7168,9055,9055,hybrid_small/direct_b_ahead2:9043,False,hybrid_small,direct_b_ahead2,9043,reports/opus_flydsl_all_20261009/hybrid_small/build/direct_b_ahead2/experiments.so,b714e774c27dc34d257e48aa3072aecdbe680ed20db33116036258a31eafae93,0,1,CPU actual header and launcher constraints,pending_gpu_stop,pending_gpu_stop
480,768,7168,9055,9055,hybrid_small/direct_b_ahead3:9043,False,hybrid_small,direct_b_ahead3,9043,reports/opus_flydsl_all_20261009/hybrid_small/build/direct_b_ahead3/experiments.so,1d8e364ea7cc5bb5da75bb5b93d177a520a5c0fbbcbfe782c761e6014f076c42,0,1,CPU actual header and launcher constraints,pending_gpu_stop,pending_gpu_stop
480,768,7168,9055,9055,hybrid_small/direct_b_ahead1:9044,False,hybrid_small,direct_b_ahead1,9044,reports/opus_flydsl_all_20261009/hybrid_small/build/direct_b_ahead1/experiments.so,f836d9fe683f0246d403f5f5a3798db1696de05e3d2b34c18568533d5f0e9a8e,0,1,CPU actual header and launcher constraints,pending_gpu_stop,pending_gpu_stop
480,768,7168,9055,9055,hybrid_small/direct_b_ahead2:9044,False,hybrid_small,direct_b_ahead2,9044,reports/opus_flydsl_all_20261009/hybrid_small/build/direct_b_ahead2/experiments.so,b714e774c27dc34d257e48aa3072aecdbe680ed20db33116036258a31eafae93,0,1,CPU actual header and launcher constraints,pending_gpu_stop,pending_gpu_stop
480,768,7168,9055,9055,hybrid_small/direct_b_ahead3:9044,False,hybrid_small,direct_b_ahead3,9044,reports/opus_flydsl_all_20261009/hybrid_small/build/direct_b_ahead3/experiments.so,1d8e364ea7cc5bb5da75bb5b93d177a520a5c0fbbcbfe782c761e6014f076c42,0,1,CPU actual header and launcher constraints,pending_gpu_stop,pending_gpu_stop
480,768,7168,9055,9055,hybrid_small/direct_b_ahead1:9045,False,hybrid_small,direct_b_ahead1,9045,reports/opus_flydsl_all_20261009/hybrid_small/build/direct_b_ahead1/experiments.so,f836d9fe683f0246d403f5f5a3798db1696de05e3d2b34c18568533d5f0e9a8e,0,1,CPU actual header and launcher constraints,pending_gpu_stop,pending_gpu_stop
480,768,7168,9055,9055,hybrid_small/direct_b_ahead2:9045,False,hybrid_small,direct_b_ahead2,9045,reports/opus_flydsl_all_20261009/hybrid_small/build/direct_b_ahead2/experiments.so,b714e774c27dc34d257e48aa3072aecdbe680ed20db33116036258a31eafae93,0,1,CPU actual header and launcher constraints,pending_gpu_stop,pending_gpu_stop
480,768,7168,9055,9055,hybrid_small/direct_b_ahead3:9045,False,hybrid_small,direct_b_ahead3,9045,reports/opus_flydsl_all_20261009/hybrid_small/build/direct_b_ahead3/experiments.so,1d8e364ea7cc5bb5da75bb5b93d177a520a5c0fbbcbfe782c761e6014f076c42,0,1,CPU actual header and launcher constraints,pending_gpu_stop,pending_gpu_stop
480,768,7168,9055,9055,hybrid_small/direct_b_ahead1:9046,False,hybrid_small,direct_b_ahead1,9046,reports/opus_flydsl_all_20261009/hybrid_small/build/direct_b_ahead1/experiments.so,f836d9fe683f0246d403f5f5a3798db1696de05e3d2b34c18568533d5f0e9a8e,0,1,CPU actual header and launcher constraints,pending_gpu_stop,pending_gpu_stop
480,768,7168,9055,9055,hybrid_small/direct_b_ahead2:9046,False,hybrid_small,direct_b_ahead2,9046,reports/opus_flydsl_all_20261009/hybrid_small/build/direct_b_ahead2/experiments.so,b714e774c27dc34d257e48aa3072aecdbe680ed20db33116036258a31eafae93,0,1,CPU actual header and launcher constraints,pending_gpu_stop,pending_gpu_stop
480,768,7168,9055,9055,hybrid_small/direct_b_ahead3:9046,False,hybrid_small,direct_b_ahead3,9046,reports/opus_flydsl_all_20261009/hybrid_small/build/direct_b_ahead3/experiments.so,1d8e364ea7cc5bb5da75bb5b93d177a520a5c0fbbcbfe782c761e6014f076c42,0,1,CPU actual header and launcher constraints,pending_gpu_stop,pending_gpu_stop
480,768,7168,9055,9055,hybrid_small/direct_b_ahead1:9047,False,hybrid_small,direct_b_ahead1,9047,reports/opus_flydsl_all_20261009/hybrid_small/build/direct_b_ahead1/experiments.so,f836d9fe683f0246d403f5f5a3798db1696de05e3d2b34c18568533d5f0e9a8e,0,1,CPU actual header and launcher constraints,pending_gpu_stop,pending_gpu_stop
480,768,7168,9055,9055,hybrid_small/direct_b_ahead2:9047,False,hybrid_small,direct_b_ahead2,9047,reports/opus_flydsl_all_20261009/hybrid_small/build/direct_b_ahead2/experiments.so,b714e774c27dc34d257e48aa3072aecdbe680ed20db33116036258a31eafae93,0,1,CPU actual header and launcher constraints,pending_gpu_stop,pending_gpu_stop
480,768,7168,9055,9055,hybrid_small/direct_b_ahead3:9047,False,hybrid_small,direct_b_ahead3,9047,reports/opus_flydsl_all_20261009/hybrid_small/build/direct_b_ahead3/experiments.so,1d8e364ea7cc5bb5da75bb5b93d177a520a5c0fbbcbfe782c761e6014f076c42,0,1,CPU actual header and launcher constraints,pending_gpu_stop,pending_gpu_stop
480,768,7168,9055,9055,hybrid_small/direct_b_ahead1:9049,False,hybrid_small,direct_b_ahead1,9049,reports/opus_flydsl_all_20261009/hybrid_small/build/direct_b_ahead1/experiments.so,f836d9fe683f0246d403f5f5a3798db1696de05e3d2b34c18568533d5f0e9a8e,0,1,CPU actual header and launcher constraints,pending_gpu_stop,pending_gpu_stop
480,768,7168,9055,9055,hybrid_small/direct_b_ahead2:9049,False,hybrid_small,direct_b_ahead2,9049,reports/opus_flydsl_all_20261009/hybrid_small/build/direct_b_ahead2/experiments.so,b714e774c27dc34d257e48aa3072aecdbe680ed20db33116036258a31eafae93,0,1,CPU actual header and launcher constraints,pending_gpu_stop,pending_gpu_stop
480,768,7168,9055,9055,hybrid_small/direct_b_ahead3:9049,False,hybrid_small,direct_b_ahead3,9049,reports/opus_flydsl_all_20261009/hybrid_small/build/direct_b_ahead3/experiments.so,1d8e364ea7cc5bb5da75bb5b93d177a520a5c0fbbcbfe782c761e6014f076c42,0,1,CPU actual header and launcher constraints,pending_gpu_stop,pending_gpu_stop
480,768,7168,9055,9055,hybrid_small/direct_b_ahead1:9055,True,hybrid_small,direct_b_ahead1,9055,reports/opus_flydsl_all_20261009/hybrid_small/build/direct_b_ahead1/experiments.so,f836d9fe683f0246d403f5f5a3798db1696de05e3d2b34c18568533d5f0e9a8e,0,1,CPU actual header and launcher constraints,pending_gpu_stop,pending_gpu_stop
480,768,7168,9055,9055,hybrid_small/direct_b_ahead2:9055,True,hybrid_small,direct_b_ahead2,9055,reports/opus_flydsl_all_20261009/hybrid_small/build/direct_b_ahead2/experiments.so,b714e774c27dc34d257e48aa3072aecdbe680ed20db33116036258a31eafae93,0,1,CPU actual header and launcher constraints,pending_gpu_stop,pending_gpu_stop
480,768,7168,9055,9055,hybrid_small/direct_b_ahead3:9055,True,hybrid_small,direct_b_ahead3,9055,reports/opus_flydsl_all_20261009/hybrid_small/build/direct_b_ahead3/experiments.so,1d8e364ea7cc5bb5da75bb5b93d177a520a5c0fbbcbfe782c761e6014f076c42,0,1,CPU actual header and launcher constraints,pending_gpu_stop,pending_gpu_stop
480,768,7168,9055,9055,hybrid_small/direct_b_ahead1:9056,False,hybrid_small,direct_b_ahead1,9056,reports/opus_flydsl_all_20261009/hybrid_small/build/direct_b_ahead1/experiments.so,f836d9fe683f0246d403f5f5a3798db1696de05e3d2b34c18568533d5f0e9a8e,0,1,CPU actual header and launcher constraints,pending_gpu_stop,pending_gpu_stop
480,768,7168,9055,9055,hybrid_small/direct_b_ahead2:9056,False,hybrid_small,direct_b_ahead2,9056,reports/opus_flydsl_all_20261009/hybrid_small/build/direct_b_ahead2/experiments.so,b714e774c27dc34d257e48aa3072aecdbe680ed20db33116036258a31eafae93,0,1,CPU actual header and launcher constraints,pending_gpu_stop,pending_gpu_stop
480,768,7168,9055,9055,hybrid_small/direct_b_ahead3:9056,False,hybrid_small,direct_b_ahead3,9056,reports/opus_flydsl_all_20261009/hybrid_small/build/direct_b_ahead3/experiments.so,1d8e364ea7cc5bb5da75bb5b93d177a520a5c0fbbcbfe782c761e6014f076c42,0,1,CPU actual header and launcher constraints,pending_gpu_stop,pending_gpu_stop
480,768,7168,9055,9055,small_split/candidate:110,False,small_split,candidate,110,reports/opus_flydsl_all_20261009/small_split/build/candidate/experiments.so,7822e988744329482bbd6a7fcb5215b561e9aeada63a3aedf9cd5e541958a886,5898240,2,CPU actual header and launcher constraints,pending_gpu_stop,pending_gpu_stop
480,768,7168,9055,9055,small_split/candidate:111,False,small_split,candidate,111,reports/opus_flydsl_all_20261009/small_split/build/candidate/experiments.so,7822e988744329482bbd6a7fcb5215b561e9aeada63a3aedf9cd5e541958a886,5898240,2,CPU actual header and launcher constraints,pending_gpu_stop,pending_gpu_stop
480,768,7168,9055,9055,small_split/candidate:120,False,small_split,candidate,120,reports/opus_flydsl_all_20261009/small_split/build/candidate/experiments.so,7822e988744329482bbd6a7fcb5215b561e9aeada63a3aedf9cd5e541958a886,5898240,2,CPU actual header and launcher constraints,pending_gpu_stop,pending_gpu_stop
480,768,7168,9055,9055,small_split/candidate:121,False,small_split,candidate,121,reports/opus_flydsl_all_20261009/small_split/build/candidate/experiments.so,7822e988744329482bbd6a7fcb5215b561e9aeada63a3aedf9cd5e541958a886,5898240,2,CPU actual header and launcher constraints,pending_gpu_stop,pending_gpu_stop
480,768,7168,9055,9055,small_split/candidate:130,False,small_split,candidate,130,reports/opus_flydsl_all_20261009/small_split/build/candidate/experiments.so,7822e988744329482bbd6a7fcb5215b561e9aeada63a3aedf9cd5e541958a886,5898240,2,CPU actual header and launcher constraints,pending_gpu_stop,pending_gpu_stop
480,768,7168,9055,9055,small_split/candidate:140,False,small_split,candidate,140,reports/opus_flydsl_all_20261009/small_split/build/candidate/experiments.so,7822e988744329482bbd6a7fcb5215b561e9aeada63a3aedf9cd5e541958a886,5898240,2,CPU actual header and launcher constraints,pending_gpu_stop,pending_gpu_stop
480,768,7168,9055,9055,small_split/candidate:210,False,small_split,candidate,210,reports/opus_flydsl_all_20261009/small_split/build/candidate/experiments.so,7822e988744329482bbd6a7fcb5215b561e9aeada63a3aedf9cd5e541958a886,0,1,CPU actual header and launcher constraints,pending_gpu_stop,pending_gpu_stop
480,768,7168,9055,9055,small_split/candidate:211,False,small_split,candidate,211,reports/opus_flydsl_all_20261009/small_split/build/candidate/experiments.so,7822e988744329482bbd6a7fcb5215b561e9aeada63a3aedf9cd5e541958a886,2949120,2,CPU actual header and launcher constraints,pending_gpu_stop,pending_gpu_stop
480,768,7168,9055,9055,small_split/candidate:220,False,small_split,candidate,220,reports/opus_flydsl_all_20261009/small_split/build/candidate/experiments.so,7822e988744329482bbd6a7fcb5215b561e9aeada63a3aedf9cd5e541958a886,0,1,CPU actual header and launcher constraints,pending_gpu_stop,pending_gpu_stop
480,768,7168,9055,9055,small_split/candidate:221,False,small_split,candidate,221,reports/opus_flydsl_all_20261009/small_split/build/candidate/experiments.so,7822e988744329482bbd6a7fcb5215b561e9aeada63a3aedf9cd5e541958a886,2949120,2,CPU actual header and launcher constraints,pending_gpu_stop,pending_gpu_stop
480,768,7168,9055,9055,small_split/candidate:230,False,small_split,candidate,230,reports/opus_flydsl_all_20261009/small_split/build/candidate/experiments.so,7822e988744329482bbd6a7fcb5215b561e9aeada63a3aedf9cd5e541958a886,0,1,CPU actual header and launcher constraints,pending_gpu_stop,pending_gpu_stop
480,768,7168,9055,9055,small_split/candidate:231,False,small_split,candidate,231,reports/opus_flydsl_all_20261009/small_split/build/candidate/experiments.so,7822e988744329482bbd6a7fcb5215b561e9aeada63a3aedf9cd5e541958a886,2949120,2,CPU actual header and launcher constraints,pending_gpu_stop,pending_gpu_stop
480,768,7168,9055,9055,main_variants/main23:92000,False,main_variants,main23,92000,reports/opus_flydsl_all_20261009/main_variants/build/main23/experiments.so,55927bffd4f3b05b59e0eda5fad3d5b58396f525f618fed0eec4a1cb48df83b6,0,1,CPU actual header and launcher constraints,pending_gpu_stop,pending_gpu_stop
480,768,7168,9055,9055,main_variants/main23:92001,False,main_variants,main23,92001,reports/opus_flydsl_all_20261009/main_variants/build/main23/experiments.so,55927bffd4f3b05b59e0eda5fad3d5b58396f525f618fed0eec4a1cb48df83b6,0,1,CPU actual header and launcher constraints,pending_gpu_stop,pending_gpu_stop
480,768,7168,9055,9055,main_variants/main23:92002,False,main_variants,main23,92002,reports/opus_flydsl_all_20261009/main_variants/build/main23/experiments.so,55927bffd4f3b05b59e0eda5fad3d5b58396f525f618fed0eec4a1cb48df83b6,0,1,CPU actual header and launcher constraints,pending_gpu_stop,pending_gpu_stop
480,768,7168,9055,9055,main_variants/main23:92008,False,main_variants,main23,92008,reports/opus_flydsl_all_20261009/main_variants/build/main23/experiments.so,55927bffd4f3b05b59e0eda5fad3d5b58396f525f618fed0eec4a1cb48df83b6,0,1,CPU actual header and launcher constraints,pending_gpu_stop,pending_gpu_stop
480,768,7168,9055,9055,main_variants/main23:92009,False,main_variants,main23,92009,reports/opus_flydsl_all_20261009/main_variants/build/main23/experiments.so,55927bffd4f3b05b59e0eda5fad3d5b58396f525f618fed0eec4a1cb48df83b6,0,1,CPU actual header and launcher constraints,pending_gpu_stop,pending_gpu_stop
480,768,7168,9055,9055,main_variants/main23:92011,False,main_variants,main23,92011,reports/opus_flydsl_all_20261009/main_variants/build/main23/experiments.so,55927bffd4f3b05b59e0eda5fad3d5b58396f525f618fed0eec4a1cb48df83b6,0,1,CPU actual header and launcher constraints,pending_gpu_stop,pending_gpu_stop
480,768,7168,9055,9055,main_variants/main23:92012,False,main_variants,main23,92012,reports/opus_flydsl_all_20261009/main_variants/build/main23/experiments.so,55927bffd4f3b05b59e0eda5fad3d5b58396f525f618fed0eec4a1cb48df83b6,0,1,CPU actual header and launcher constraints,pending_gpu_stop,pending_gpu_stop
480,768,7168,9055,9055,main_variants/pin24:92120,False,main_variants,pin24,92120,reports/opus_flydsl_all_20261009/main_variants/build/pin24/experiments.so,3b9fb951504917f017ffb87b5eb192be99453337cdf969b6800ff47283d2746d,0,1,CPU actual header and launcher constraints,pending_gpu_stop,pending_gpu_stop
512,768,7168,9055,9055,hybrid_small/direct_b_ahead1:9043,False,hybrid_small,direct_b_ahead1,9043,reports/opus_flydsl_all_20261009/hybrid_small/build/direct_b_ahead1/experiments.so,f836d9fe683f0246d403f5f5a3798db1696de05e3d2b34c18568533d5f0e9a8e,0,1,CPU actual header and launcher constraints,pending_gpu_stop,pending_gpu_stop
512,768,7168,9055,9055,hybrid_small/direct_b_ahead2:9043,False,hybrid_small,direct_b_ahead2,9043,reports/opus_flydsl_all_20261009/hybrid_small/build/direct_b_ahead2/experiments.so,b714e774c27dc34d257e48aa3072aecdbe680ed20db33116036258a31eafae93,0,1,CPU actual header and launcher constraints,pending_gpu_stop,pending_gpu_stop
512,768,7168,9055,9055,hybrid_small/direct_b_ahead3:9043,False,hybrid_small,direct_b_ahead3,9043,reports/opus_flydsl_all_20261009/hybrid_small/build/direct_b_ahead3/experiments.so,1d8e364ea7cc5bb5da75bb5b93d177a520a5c0fbbcbfe782c761e6014f076c42,0,1,CPU actual header and launcher constraints,pending_gpu_stop,pending_gpu_stop
512,768,7168,9055,9055,hybrid_small/direct_b_ahead1:9044,False,hybrid_small,direct_b_ahead1,9044,reports/opus_flydsl_all_20261009/hybrid_small/build/direct_b_ahead1/experiments.so,f836d9fe683f0246d403f5f5a3798db1696de05e3d2b34c18568533d5f0e9a8e,0,1,CPU actual header and launcher constraints,pending_gpu_stop,pending_gpu_stop
512,768,7168,9055,9055,hybrid_small/direct_b_ahead2:9044,False,hybrid_small,direct_b_ahead2,9044,reports/opus_flydsl_all_20261009/hybrid_small/build/direct_b_ahead2/experiments.so,b714e774c27dc34d257e48aa3072aecdbe680ed20db33116036258a31eafae93,0,1,CPU actual header and launcher constraints,pending_gpu_stop,pending_gpu_stop
512,768,7168,9055,9055,hybrid_small/direct_b_ahead3:9044,False,hybrid_small,direct_b_ahead3,9044,reports/opus_flydsl_all_20261009/hybrid_small/build/direct_b_ahead3/experiments.so,1d8e364ea7cc5bb5da75bb5b93d177a520a5c0fbbcbfe782c761e6014f076c42,0,1,CPU actual header and launcher constraints,pending_gpu_stop,pending_gpu_stop
512,768,7168,9055,9055,hybrid_small/direct_b_ahead1:9045,False,hybrid_small,direct_b_ahead1,9045,reports/opus_flydsl_all_20261009/hybrid_small/build/direct_b_ahead1/experiments.so,f836d9fe683f0246d403f5f5a3798db1696de05e3d2b34c18568533d5f0e9a8e,0,1,CPU actual header and launcher constraints,pending_gpu_stop,pending_gpu_stop
512,768,7168,9055,9055,hybrid_small/direct_b_ahead2:9045,False,hybrid_small,direct_b_ahead2,9045,reports/opus_flydsl_all_20261009/hybrid_small/build/direct_b_ahead2/experiments.so,b714e774c27dc34d257e48aa3072aecdbe680ed20db33116036258a31eafae93,0,1,CPU actual header and launcher constraints,pending_gpu_stop,pending_gpu_stop
512,768,7168,9055,9055,hybrid_small/direct_b_ahead3:9045,False,hybrid_small,direct_b_ahead3,9045,reports/opus_flydsl_all_20261009/hybrid_small/build/direct_b_ahead3/experiments.so,1d8e364ea7cc5bb5da75bb5b93d177a520a5c0fbbcbfe782c761e6014f076c42,0,1,CPU actual header and launcher constraints,pending_gpu_stop,pending_gpu_stop
512,768,7168,9055,9055,hybrid_small/direct_b_ahead1:9046,False,hybrid_small,direct_b_ahead1,9046,reports/opus_flydsl_all_20261009/hybrid_small/build/direct_b_ahead1/experiments.so,f836d9fe683f0246d403f5f5a3798db1696de05e3d2b34c18568533d5f0e9a8e,0,1,CPU actual header and launcher constraints,pending_gpu_stop,pending_gpu_stop
512,768,7168,9055,9055,hybrid_small/direct_b_ahead2:9046,False,hybrid_small,direct_b_ahead2,9046,reports/opus_flydsl_all_20261009/hybrid_small/build/direct_b_ahead2/experiments.so,b714e774c27dc34d257e48aa3072aecdbe680ed20db33116036258a31eafae93,0,1,CPU actual header and launcher constraints,pending_gpu_stop,pending_gpu_stop
512,768,7168,9055,9055,hybrid_small/direct_b_ahead3:9046,False,hybrid_small,direct_b_ahead3,9046,reports/opus_flydsl_all_20261009/hybrid_small/build/direct_b_ahead3/experiments.so,1d8e364ea7cc5bb5da75bb5b93d177a520a5c0fbbcbfe782c761e6014f076c42,0,1,CPU actual header and launcher constraints,pending_gpu_stop,pending_gpu_stop
512,768,7168,9055,9055,hybrid_small/direct_b_ahead1:9047,False,hybrid_small,direct_b_ahead1,9047,reports/opus_flydsl_all_20261009/hybrid_small/build/direct_b_ahead1/experiments.so,f836d9fe683f0246d403f5f5a3798db1696de05e3d2b34c18568533d5f0e9a8e,0,1,CPU actual header and launcher constraints,pending_gpu_stop,pending_gpu_stop
512,768,7168,9055,9055,hybrid_small/direct_b_ahead2:9047,False,hybrid_small,direct_b_ahead2,9047,reports/opus_flydsl_all_20261009/hybrid_small/build/direct_b_ahead2/experiments.so,b714e774c27dc34d257e48aa3072aecdbe680ed20db33116036258a31eafae93,0,1,CPU actual header and launcher constraints,pending_gpu_stop,pending_gpu_stop
512,768,7168,9055,9055,hybrid_small/direct_b_ahead3:9047,False,hybrid_small,direct_b_ahead3,9047,reports/opus_flydsl_all_20261009/hybrid_small/build/direct_b_ahead3/experiments.so,1d8e364ea7cc5bb5da75bb5b93d177a520a5c0fbbcbfe782c761e6014f076c42,0,1,CPU actual header and launcher constraints,pending_gpu_stop,pending_gpu_stop
512,768,7168,9055,9055,hybrid_small/direct_b_ahead1:9049,False,hybrid_small,direct_b_ahead1,9049,reports/opus_flydsl_all_20261009/hybrid_small/build/direct_b_ahead1/experiments.so,f836d9fe683f0246d403f5f5a3798db1696de05e3d2b34c18568533d5f0e9a8e,0,1,CPU actual header and launcher constraints,pending_gpu_stop,pending_gpu_stop
512,768,7168,9055,9055,hybrid_small/direct_b_ahead2:9049,False,hybrid_small,direct_b_ahead2,9049,reports/opus_flydsl_all_20261009/hybrid_small/build/direct_b_ahead2/experiments.so,b714e774c27dc34d257e48aa3072aecdbe680ed20db33116036258a31eafae93,0,1,CPU actual header and launcher constraints,pending_gpu_stop,pending_gpu_stop
512,768,7168,9055,9055,hybrid_small/direct_b_ahead3:9049,False,hybrid_small,direct_b_ahead3,9049,reports/opus_flydsl_all_20261009/hybrid_small/build/direct_b_ahead3/experiments.so,1d8e364ea7cc5bb5da75bb5b93d177a520a5c0fbbcbfe782c761e6014f076c42,0,1,CPU actual header and launcher constraints,pending_gpu_stop,pending_gpu_stop
512,768,7168,9055,9055,hybrid_small/direct_b_ahead1:9055,True,hybrid_small,direct_b_ahead1,9055,reports/opus_flydsl_all_20261009/hybrid_small/build/direct_b_ahead1/experiments.so,f836d9fe683f0246d403f5f5a3798db1696de05e3d2b34c18568533d5f0e9a8e,0,1,CPU actual header and launcher constraints,pending_gpu_stop,pending_gpu_stop
512,768,7168,9055,9055,hybrid_small/direct_b_ahead2:9055,True,hybrid_small,direct_b_ahead2,9055,reports/opus_flydsl_all_20261009/hybrid_small/build/direct_b_ahead2/experiments.so,b714e774c27dc34d257e48aa3072aecdbe680ed20db33116036258a31eafae93,0,1,CPU actual header and launcher constraints,pending_gpu_stop,pending_gpu_stop
512,768,7168,9055,9055,hybrid_small/direct_b_ahead3:9055,True,hybrid_small,direct_b_ahead3,9055,reports/opus_flydsl_all_20261009/hybrid_small/build/direct_b_ahead3/experiments.so,1d8e364ea7cc5bb5da75bb5b93d177a520a5c0fbbcbfe782c761e6014f076c42,0,1,CPU actual header and launcher constraints,pending_gpu_stop,pending_gpu_stop
512,768,7168,9055,9055,hybrid_small/direct_b_ahead1:9056,False,hybrid_small,direct_b_ahead1,9056,reports/opus_flydsl_all_20261009/hybrid_small/build/direct_b_ahead1/experiments.so,f836d9fe683f0246d403f5f5a3798db1696de05e3d2b34c18568533d5f0e9a8e,0,1,CPU actual header and launcher constraints,pending_gpu_stop,pending_gpu_stop
512,768,7168,9055,9055,hybrid_small/direct_b_ahead2:9056,False,hybrid_small,direct_b_ahead2,9056,reports/opus_flydsl_all_20261009/hybrid_small/build/direct_b_ahead2/experiments.so,b714e774c27dc34d257e48aa3072aecdbe680ed20db33116036258a31eafae93,0,1,CPU actual header and launcher constraints,pending_gpu_stop,pending_gpu_stop
512,768,7168,9055,9055,hybrid_small/direct_b_ahead3:9056,False,hybrid_small,direct_b_ahead3,9056,reports/opus_flydsl_all_20261009/hybrid_small/build/direct_b_ahead3/experiments.so,1d8e364ea7cc5bb5da75bb5b93d177a520a5c0fbbcbfe782c761e6014f076c42,0,1,CPU actual header and launcher constraints,pending_gpu_stop,pending_gpu_stop
512,768,7168,9055,9055,small_split/candidate:110,False,small_split,candidate,110,reports/opus_flydsl_all_20261009/small_split/build/candidate/experiments.so,7822e988744329482bbd6a7fcb5215b561e9aeada63a3aedf9cd5e541958a886,6291456,2,CPU actual header and launcher constraints,pending_gpu_stop,pending_gpu_stop
512,768,7168,9055,9055,small_split/candidate:111,False,small_split,candidate,111,reports/opus_flydsl_all_20261009/small_split/build/candidate/experiments.so,7822e988744329482bbd6a7fcb5215b561e9aeada63a3aedf9cd5e541958a886,6291456,2,CPU actual header and launcher constraints,pending_gpu_stop,pending_gpu_stop
512,768,7168,9055,9055,small_split/candidate:120,False,small_split,candidate,120,reports/opus_flydsl_all_20261009/small_split/build/candidate/experiments.so,7822e988744329482bbd6a7fcb5215b561e9aeada63a3aedf9cd5e541958a886,6291456,2,CPU actual header and launcher constraints,pending_gpu_stop,pending_gpu_stop
512,768,7168,9055,9055,small_split/candidate:121,False,small_split,candidate,121,reports/opus_flydsl_all_20261009/small_split/build/candidate/experiments.so,7822e988744329482bbd6a7fcb5215b561e9aeada63a3aedf9cd5e541958a886,6291456,2,CPU actual header and launcher constraints,pending_gpu_stop,pending_gpu_stop
512,768,7168,9055,9055,small_split/candidate:130,False,small_split,candidate,130,reports/opus_flydsl_all_20261009/small_split/build/candidate/experiments.so,7822e988744329482bbd6a7fcb5215b561e9aeada63a3aedf9cd5e541958a886,6291456,2,CPU actual header and launcher constraints,pending_gpu_stop,pending_gpu_stop
512,768,7168,9055,9055,small_split/candidate:140,False,small_split,candidate,140,reports/opus_flydsl_all_20261009/small_split/build/candidate/experiments.so,7822e988744329482bbd6a7fcb5215b561e9aeada63a3aedf9cd5e541958a886,6291456,2,CPU actual header and launcher constraints,pending_gpu_stop,pending_gpu_stop
512,768,7168,9055,9055,small_split/candidate:210,False,small_split,candidate,210,reports/opus_flydsl_all_20261009/small_split/build/candidate/experiments.so,7822e988744329482bbd6a7fcb5215b561e9aeada63a3aedf9cd5e541958a886,0,1,CPU actual header and launcher constraints,pending_gpu_stop,pending_gpu_stop
512,768,7168,9055,9055,small_split/candidate:211,False,small_split,candidate,211,reports/opus_flydsl_all_20261009/small_split/build/candidate/experiments.so,7822e988744329482bbd6a7fcb5215b561e9aeada63a3aedf9cd5e541958a886,3145728,2,CPU actual header and launcher constraints,pending_gpu_stop,pending_gpu_stop
512,768,7168,9055,9055,small_split/candidate:220,False,small_split,candidate,220,reports/opus_flydsl_all_20261009/small_split/build/candidate/experiments.so,7822e988744329482bbd6a7fcb5215b561e9aeada63a3aedf9cd5e541958a886,0,1,CPU actual header and launcher constraints,pending_gpu_stop,pending_gpu_stop
512,768,7168,9055,9055,small_split/candidate:221,False,small_split,candidate,221,reports/opus_flydsl_all_20261009/small_split/build/candidate/experiments.so,7822e988744329482bbd6a7fcb5215b561e9aeada63a3aedf9cd5e541958a886,3145728,2,CPU actual header and launcher constraints,pending_gpu_stop,pending_gpu_stop
512,768,7168,9055,9055,small_split/candidate:230,False,small_split,candidate,230,reports/opus_flydsl_all_20261009/small_split/build/candidate/experiments.so,7822e988744329482bbd6a7fcb5215b561e9aeada63a3aedf9cd5e541958a886,0,1,CPU actual header and launcher constraints,pending_gpu_stop,pending_gpu_stop
512,768,7168,9055,9055,small_split/candidate:231,False,small_split,candidate,231,reports/opus_flydsl_all_20261009/small_split/build/candidate/experiments.so,7822e988744329482bbd6a7fcb5215b561e9aeada63a3aedf9cd5e541958a886,3145728,2,CPU actual header and launcher constraints,pending_gpu_stop,pending_gpu_stop
512,768,7168,9055,9055,main_variants/main23:92000,False,main_variants,main23,92000,reports/opus_flydsl_all_20261009/main_variants/build/main23/experiments.so,55927bffd4f3b05b59e0eda5fad3d5b58396f525f618fed0eec4a1cb48df83b6,0,1,CPU actual header and launcher constraints,pending_gpu_stop,pending_gpu_stop
512,768,7168,9055,9055,main_variants/main23:92001,False,main_variants,main23,92001,reports/opus_flydsl_all_20261009/main_variants/build/main23/experiments.so,55927bffd4f3b05b59e0eda5fad3d5b58396f525f618fed0eec4a1cb48df83b6,0,1,CPU actual header and launcher constraints,pending_gpu_stop,pending_gpu_stop
512,768,7168,9055,9055,main_variants/main23:92002,False,main_variants,main23,92002,reports/opus_flydsl_all_20261009/main_variants/build/main23/experiments.so,55927bffd4f3b05b59e0eda5fad3d5b58396f525f618fed0eec4a1cb48df83b6,0,1,CPU actual header and launcher constraints,pending_gpu_stop,pending_gpu_stop
512,768,7168,9055,9055,main_variants/main23:92008,False,main_variants,main23,92008,reports/opus_flydsl_all_20261009/main_variants/build/main23/experiments.so,55927bffd4f3b05b59e0eda5fad3d5b58396f525f618fed0eec4a1cb48df83b6,0,1,CPU actual header and launcher constraints,pending_gpu_stop,pending_gpu_stop
512,768,7168,9055,9055,main_variants/main23:92009,False,main_variants,main23,92009,reports/opus_flydsl_all_20261009/main_variants/build/main23/experiments.so,55927bffd4f3b05b59e0eda5fad3d5b58396f525f618fed0eec4a1cb48df83b6,0,1,CPU actual header and launcher constraints,pending_gpu_stop,pending_gpu_stop
512,768,7168,9055,9055,main_variants/main23:92011,False,main_variants,main23,92011,reports/opus_flydsl_all_20261009/main_variants/build/main23/experiments.so,55927bffd4f3b05b59e0eda5fad3d5b58396f525f618fed0eec4a1cb48df83b6,0,1,CPU actual header and launcher constraints,pending_gpu_stop,pending_gpu_stop
512,768,7168,9055,9055,main_variants/main23:92012,False,main_variants,main23,92012,reports/opus_flydsl_all_20261009/main_variants/build/main23/experiments.so,55927bffd4f3b05b59e0eda5fad3d5b58396f525f618fed0eec4a1cb48df83b6,0,1,CPU actual header and launcher constraints,pending_gpu_stop,pending_gpu_stop
512,768,7168,9055,9055,main_variants/pin24:92103,False,main_variants,pin24,92103,reports/opus_flydsl_all_20261009/main_variants/build/pin24/experiments.so,3b9fb951504917f017ffb87b5eb192be99453337cdf969b6800ff47283d2746d,0,1,CPU actual header and launcher constraints,pending_gpu_stop,pending_gpu_stop
512,768,7168,9055,9055,main_variants/pin24:92113,False,main_variants,pin24,92113,reports/opus_flydsl_all_20261009/main_variants/build/pin24/experiments.so,3b9fb951504917f017ffb87b5eb192be99453337cdf969b6800ff47283d2746d,0,1,CPU actual header and launcher constraints,pending_gpu_stop,pending_gpu_stop
512,768,7168,9055,9055,main_variants/pin24:92120,False,main_variants,pin24,92120,reports/opus_flydsl_all_20261009/main_variants/build/pin24/experiments.so,3b9fb951504917f017ffb87b5eb192be99453337cdf969b6800ff47283d2746d,0,1,CPU actual header and launcher constraints,pending_gpu_stop,pending_gpu_stop
576,7168,384,9022,9022,hybrid_small/direct_b_ahead1:9043,False,hybrid_small,direct_b_ahead1,9043,reports/opus_flydsl_all_20261009/hybrid_small/build/direct_b_ahead1/experiments.so,f836d9fe683f0246d403f5f5a3798db1696de05e3d2b34c18568533d5f0e9a8e,0,1,CPU actual header and launcher constraints,pending_gpu_stop,pending_gpu_stop
576,7168,384,9022,9022,hybrid_small/direct_b_ahead2:9043,False,hybrid_small,direct_b_ahead2,9043,reports/opus_flydsl_all_20261009/hybrid_small/build/direct_b_ahead2/experiments.so,b714e774c27dc34d257e48aa3072aecdbe680ed20db33116036258a31eafae93,0,1,CPU actual header and launcher constraints,pending_gpu_stop,pending_gpu_stop
576,7168,384,9022,9022,hybrid_small/direct_b_ahead3:9043,False,hybrid_small,direct_b_ahead3,9043,reports/opus_flydsl_all_20261009/hybrid_small/build/direct_b_ahead3/experiments.so,1d8e364ea7cc5bb5da75bb5b93d177a520a5c0fbbcbfe782c761e6014f076c42,0,1,CPU actual header and launcher constraints,pending_gpu_stop,pending_gpu_stop
576,7168,384,9022,9022,hybrid_small/direct_b_ahead1:9044,False,hybrid_small,direct_b_ahead1,9044,reports/opus_flydsl_all_20261009/hybrid_small/build/direct_b_ahead1/experiments.so,f836d9fe683f0246d403f5f5a3798db1696de05e3d2b34c18568533d5f0e9a8e,0,1,CPU actual header and launcher constraints,pending_gpu_stop,pending_gpu_stop
576,7168,384,9022,9022,hybrid_small/direct_b_ahead2:9044,False,hybrid_small,direct_b_ahead2,9044,reports/opus_flydsl_all_20261009/hybrid_small/build/direct_b_ahead2/experiments.so,b714e774c27dc34d257e48aa3072aecdbe680ed20db33116036258a31eafae93,0,1,CPU actual header and launcher constraints,pending_gpu_stop,pending_gpu_stop
576,7168,384,9022,9022,hybrid_small/direct_b_ahead3:9044,False,hybrid_small,direct_b_ahead3,9044,reports/opus_flydsl_all_20261009/hybrid_small/build/direct_b_ahead3/experiments.so,1d8e364ea7cc5bb5da75bb5b93d177a520a5c0fbbcbfe782c761e6014f076c42,0,1,CPU actual header and launcher constraints,pending_gpu_stop,pending_gpu_stop
576,7168,384,9022,9022,hybrid_small/direct_b_ahead1:9045,False,hybrid_small,direct_b_ahead1,9045,reports/opus_flydsl_all_20261009/hybrid_small/build/direct_b_ahead1/experiments.so,f836d9fe683f0246d403f5f5a3798db1696de05e3d2b34c18568533d5f0e9a8e,0,1,CPU actual header and launcher constraints,pending_gpu_stop,pending_gpu_stop
576,7168,384,9022,9022,hybrid_small/direct_b_ahead2:9045,False,hybrid_small,direct_b_ahead2,9045,reports/opus_flydsl_all_20261009/hybrid_small/build/direct_b_ahead2/experiments.so,b714e774c27dc34d257e48aa3072aecdbe680ed20db33116036258a31eafae93,0,1,CPU actual header and launcher constraints,pending_gpu_stop,pending_gpu_stop
576,7168,384,9022,9022,hybrid_small/direct_b_ahead3:9045,False,hybrid_small,direct_b_ahead3,9045,reports/opus_flydsl_all_20261009/hybrid_small/build/direct_b_ahead3/experiments.so,1d8e364ea7cc5bb5da75bb5b93d177a520a5c0fbbcbfe782c761e6014f076c42,0,1,CPU actual header and launcher constraints,pending_gpu_stop,pending_gpu_stop
576,7168,384,9022,9022,hybrid_small/direct_b_ahead1:9046,False,hybrid_small,direct_b_ahead1,9046,reports/opus_flydsl_all_20261009/hybrid_small/build/direct_b_ahead1/experiments.so,f836d9fe683f0246d403f5f5a3798db1696de05e3d2b34c18568533d5f0e9a8e,0,1,CPU actual header and launcher constraints,pending_gpu_stop,pending_gpu_stop
576,7168,384,9022,9022,hybrid_small/direct_b_ahead2:9046,False,hybrid_small,direct_b_ahead2,9046,reports/opus_flydsl_all_20261009/hybrid_small/build/direct_b_ahead2/experiments.so,b714e774c27dc34d257e48aa3072aecdbe680ed20db33116036258a31eafae93,0,1,CPU actual header and launcher constraints,pending_gpu_stop,pending_gpu_stop
576,7168,384,9022,9022,hybrid_small/direct_b_ahead3:9046,False,hybrid_small,direct_b_ahead3,9046,reports/opus_flydsl_all_20261009/hybrid_small/build/direct_b_ahead3/experiments.so,1d8e364ea7cc5bb5da75bb5b93d177a520a5c0fbbcbfe782c761e6014f076c42,0,1,CPU actual header and launcher constraints,pending_gpu_stop,pending_gpu_stop
576,7168,384,9022,9022,hybrid_small/direct_b_ahead1:9055,False,hybrid_small,direct_b_ahead1,9055,reports/opus_flydsl_all_20261009/hybrid_small/build/direct_b_ahead1/experiments.so,f836d9fe683f0246d403f5f5a3798db1696de05e3d2b34c18568533d5f0e9a8e,0,1,CPU actual header and launcher constraints,pending_gpu_stop,pending_gpu_stop
576,7168,384,9022,9022,hybrid_small/direct_b_ahead2:9055,False,hybrid_small,direct_b_ahead2,9055,reports/opus_flydsl_all_20261009/hybrid_small/build/direct_b_ahead2/experiments.so,b714e774c27dc34d257e48aa3072aecdbe680ed20db33116036258a31eafae93,0,1,CPU actual header and launcher constraints,pending_gpu_stop,pending_gpu_stop
576,7168,384,9022,9022,hybrid_small/direct_b_ahead3:9055,False,hybrid_small,direct_b_ahead3,9055,reports/opus_flydsl_all_20261009/hybrid_small/build/direct_b_ahead3/experiments.so,1d8e364ea7cc5bb5da75bb5b93d177a520a5c0fbbcbfe782c761e6014f076c42,0,1,CPU actual header and launcher constraints,pending_gpu_stop,pending_gpu_stop
576,7168,384,9022,9022,hybrid_small/direct_b_ahead1:9056,False,hybrid_small,direct_b_ahead1,9056,reports/opus_flydsl_all_20261009/hybrid_small/build/direct_b_ahead1/experiments.so,f836d9fe683f0246d403f5f5a3798db1696de05e3d2b34c18568533d5f0e9a8e,0,1,CPU actual header and launcher constraints,pending_gpu_stop,pending_gpu_stop
576,7168,384,9022,9022,hybrid_small/direct_b_ahead2:9056,False,hybrid_small,direct_b_ahead2,9056,reports/opus_flydsl_all_20261009/hybrid_small/build/direct_b_ahead2/experiments.so,b714e774c27dc34d257e48aa3072aecdbe680ed20db33116036258a31eafae93,0,1,CPU actual header and launcher constraints,pending_gpu_stop,pending_gpu_stop
576,7168,384,9022,9022,hybrid_small/direct_b_ahead3:9056,False,hybrid_small,direct_b_ahead3,9056,reports/opus_flydsl_all_20261009/hybrid_small/build/direct_b_ahead3/experiments.so,1d8e364ea7cc5bb5da75bb5b93d177a520a5c0fbbcbfe782c761e6014f076c42,0,1,CPU actual header and launcher constraints,pending_gpu_stop,pending_gpu_stop
576,7168,384,9022,9022,small_split/candidate:210,False,small_split,candidate,210,reports/opus_flydsl_all_20261009/small_split/build/candidate/experiments.so,7822e988744329482bbd6a7fcb5215b561e9aeada63a3aedf9cd5e541958a886,0,1,CPU actual header and launcher constraints,pending_gpu_stop,pending_gpu_stop
576,7168,384,9022,9022,small_split/candidate:211,False,small_split,candidate,211,reports/opus_flydsl_all_20261009/small_split/build/candidate/experiments.so,7822e988744329482bbd6a7fcb5215b561e9aeada63a3aedf9cd5e541958a886,33030144,2,CPU actual header and launcher constraints,pending_gpu_stop,pending_gpu_stop
576,7168,384,9022,9022,small_split/candidate:220,False,small_split,candidate,220,reports/opus_flydsl_all_20261009/small_split/build/candidate/experiments.so,7822e988744329482bbd6a7fcb5215b561e9aeada63a3aedf9cd5e541958a886,0,1,CPU actual header and launcher constraints,pending_gpu_stop,pending_gpu_stop
576,7168,384,9022,9022,small_split/candidate:221,False,small_split,candidate,221,reports/opus_flydsl_all_20261009/small_split/build/candidate/experiments.so,7822e988744329482bbd6a7fcb5215b561e9aeada63a3aedf9cd5e541958a886,33030144,2,CPU actual header and launcher constraints,pending_gpu_stop,pending_gpu_stop
576,7168,384,9022,9022,small_split/candidate:230,False,small_split,candidate,230,reports/opus_flydsl_all_20261009/small_split/build/candidate/experiments.so,7822e988744329482bbd6a7fcb5215b561e9aeada63a3aedf9cd5e541958a886,0,1,CPU actual header and launcher constraints,pending_gpu_stop,pending_gpu_stop
576,7168,384,9022,9022,small_split/candidate:231,False,small_split,candidate,231,reports/opus_flydsl_all_20261009/small_split/build/candidate/experiments.so,7822e988744329482bbd6a7fcb5215b561e9aeada63a3aedf9cd5e541958a886,33030144,2,CPU actual header and launcher constraints,pending_gpu_stop,pending_gpu_stop
576,7168,384,9022,9022,main_variants/main23:92000,True,main_variants,main23,92000,reports/opus_flydsl_all_20261009/main_variants/build/main23/experiments.so,55927bffd4f3b05b59e0eda5fad3d5b58396f525f618fed0eec4a1cb48df83b6,0,1,CPU actual header and launcher constraints,pending_gpu_stop,pending_gpu_stop
576,7168,384,9022,9022,main_variants/main23:92001,True,main_variants,main23,92001,reports/opus_flydsl_all_20261009/main_variants/build/main23/experiments.so,55927bffd4f3b05b59e0eda5fad3d5b58396f525f618fed0eec4a1cb48df83b6,0,1,CPU actual header and launcher constraints,pending_gpu_stop,pending_gpu_stop
576,7168,384,9022,9022,main_variants/main23:92002,True,main_variants,main23,92002,reports/opus_flydsl_all_20261009/main_variants/build/main23/experiments.so,55927bffd4f3b05b59e0eda5fad3d5b58396f525f618fed0eec4a1cb48df83b6,0,1,CPU actual header and launcher constraints,pending_gpu_stop,pending_gpu_stop
576,7168,384,9022,9022,main_variants/main23:92003,True,main_variants,main23,92003,reports/opus_flydsl_all_20261009/main_variants/build/main23/experiments.so,55927bffd4f3b05b59e0eda5fad3d5b58396f525f618fed0eec4a1cb48df83b6,0,1,CPU actual header and launcher constraints,pending_gpu_stop,pending_gpu_stop
1088,2048,7168,9060,9060,hybrid_small/direct_b_ahead1:9043,False,hybrid_small,direct_b_ahead1,9043,reports/opus_flydsl_all_20261009/hybrid_small/build/direct_b_ahead1/experiments.so,f836d9fe683f0246d403f5f5a3798db1696de05e3d2b34c18568533d5f0e9a8e,0,1,CPU actual header and launcher constraints,pending_gpu_stop,pending_gpu_stop
1088,2048,7168,9060,9060,hybrid_small/direct_b_ahead2:9043,False,hybrid_small,direct_b_ahead2,9043,reports/opus_flydsl_all_20261009/hybrid_small/build/direct_b_ahead2/experiments.so,b714e774c27dc34d257e48aa3072aecdbe680ed20db33116036258a31eafae93,0,1,CPU actual header and launcher constraints,pending_gpu_stop,pending_gpu_stop
1088,2048,7168,9060,9060,hybrid_small/direct_b_ahead3:9043,False,hybrid_small,direct_b_ahead3,9043,reports/opus_flydsl_all_20261009/hybrid_small/build/direct_b_ahead3/experiments.so,1d8e364ea7cc5bb5da75bb5b93d177a520a5c0fbbcbfe782c761e6014f076c42,0,1,CPU actual header and launcher constraints,pending_gpu_stop,pending_gpu_stop
1088,2048,7168,9060,9060,hybrid_small/direct_b_ahead1:9044,False,hybrid_small,direct_b_ahead1,9044,reports/opus_flydsl_all_20261009/hybrid_small/build/direct_b_ahead1/experiments.so,f836d9fe683f0246d403f5f5a3798db1696de05e3d2b34c18568533d5f0e9a8e,0,1,CPU actual header and launcher constraints,pending_gpu_stop,pending_gpu_stop
1088,2048,7168,9060,9060,hybrid_small/direct_b_ahead2:9044,False,hybrid_small,direct_b_ahead2,9044,reports/opus_flydsl_all_20261009/hybrid_small/build/direct_b_ahead2/experiments.so,b714e774c27dc34d257e48aa3072aecdbe680ed20db33116036258a31eafae93,0,1,CPU actual header and launcher constraints,pending_gpu_stop,pending_gpu_stop
1088,2048,7168,9060,9060,hybrid_small/direct_b_ahead3:9044,False,hybrid_small,direct_b_ahead3,9044,reports/opus_flydsl_all_20261009/hybrid_small/build/direct_b_ahead3/experiments.so,1d8e364ea7cc5bb5da75bb5b93d177a520a5c0fbbcbfe782c761e6014f076c42,0,1,CPU actual header and launcher constraints,pending_gpu_stop,pending_gpu_stop
1088,2048,7168,9060,9060,hybrid_small/direct_b_ahead1:9045,False,hybrid_small,direct_b_ahead1,9045,reports/opus_flydsl_all_20261009/hybrid_small/build/direct_b_ahead1/experiments.so,f836d9fe683f0246d403f5f5a3798db1696de05e3d2b34c18568533d5f0e9a8e,0,1,CPU actual header and launcher constraints,pending_gpu_stop,pending_gpu_stop
1088,2048,7168,9060,9060,hybrid_small/direct_b_ahead2:9045,False,hybrid_small,direct_b_ahead2,9045,reports/opus_flydsl_all_20261009/hybrid_small/build/direct_b_ahead2/experiments.so,b714e774c27dc34d257e48aa3072aecdbe680ed20db33116036258a31eafae93,0,1,CPU actual header and launcher constraints,pending_gpu_stop,pending_gpu_stop
1088,2048,7168,9060,9060,hybrid_small/direct_b_ahead3:9045,False,hybrid_small,direct_b_ahead3,9045,reports/opus_flydsl_all_20261009/hybrid_small/build/direct_b_ahead3/experiments.so,1d8e364ea7cc5bb5da75bb5b93d177a520a5c0fbbcbfe782c761e6014f076c42,0,1,CPU actual header and launcher constraints,pending_gpu_stop,pending_gpu_stop
1088,2048,7168,9060,9060,hybrid_small/direct_b_ahead1:9046,False,hybrid_small,direct_b_ahead1,9046,reports/opus_flydsl_all_20261009/hybrid_small/build/direct_b_ahead1/experiments.so,f836d9fe683f0246d403f5f5a3798db1696de05e3d2b34c18568533d5f0e9a8e,0,1,CPU actual header and launcher constraints,pending_gpu_stop,pending_gpu_stop
1088,2048,7168,9060,9060,hybrid_small/direct_b_ahead2:9046,False,hybrid_small,direct_b_ahead2,9046,reports/opus_flydsl_all_20261009/hybrid_small/build/direct_b_ahead2/experiments.so,b714e774c27dc34d257e48aa3072aecdbe680ed20db33116036258a31eafae93,0,1,CPU actual header and launcher constraints,pending_gpu_stop,pending_gpu_stop
1088,2048,7168,9060,9060,hybrid_small/direct_b_ahead3:9046,False,hybrid_small,direct_b_ahead3,9046,reports/opus_flydsl_all_20261009/hybrid_small/build/direct_b_ahead3/experiments.so,1d8e364ea7cc5bb5da75bb5b93d177a520a5c0fbbcbfe782c761e6014f076c42,0,1,CPU actual header and launcher constraints,pending_gpu_stop,pending_gpu_stop
1088,2048,7168,9060,9060,hybrid_small/direct_b_ahead1:9055,False,hybrid_small,direct_b_ahead1,9055,reports/opus_flydsl_all_20261009/hybrid_small/build/direct_b_ahead1/experiments.so,f836d9fe683f0246d403f5f5a3798db1696de05e3d2b34c18568533d5f0e9a8e,0,1,CPU actual header and launcher constraints,pending_gpu_stop,pending_gpu_stop
1088,2048,7168,9060,9060,hybrid_small/direct_b_ahead2:9055,False,hybrid_small,direct_b_ahead2,9055,reports/opus_flydsl_all_20261009/hybrid_small/build/direct_b_ahead2/experiments.so,b714e774c27dc34d257e48aa3072aecdbe680ed20db33116036258a31eafae93,0,1,CPU actual header and launcher constraints,pending_gpu_stop,pending_gpu_stop
1088,2048,7168,9060,9060,hybrid_small/direct_b_ahead3:9055,False,hybrid_small,direct_b_ahead3,9055,reports/opus_flydsl_all_20261009/hybrid_small/build/direct_b_ahead3/experiments.so,1d8e364ea7cc5bb5da75bb5b93d177a520a5c0fbbcbfe782c761e6014f076c42,0,1,CPU actual header and launcher constraints,pending_gpu_stop,pending_gpu_stop
1088,2048,7168,9060,9060,hybrid_small/direct_b_ahead1:9056,False,hybrid_small,direct_b_ahead1,9056,reports/opus_flydsl_all_20261009/hybrid_small/build/direct_b_ahead1/experiments.so,f836d9fe683f0246d403f5f5a3798db1696de05e3d2b34c18568533d5f0e9a8e,0,1,CPU actual header and launcher constraints,pending_gpu_stop,pending_gpu_stop
1088,2048,7168,9060,9060,hybrid_small/direct_b_ahead2:9056,False,hybrid_small,direct_b_ahead2,9056,reports/opus_flydsl_all_20261009/hybrid_small/build/direct_b_ahead2/experiments.so,b714e774c27dc34d257e48aa3072aecdbe680ed20db33116036258a31eafae93,0,1,CPU actual header and launcher constraints,pending_gpu_stop,pending_gpu_stop
1088,2048,7168,9060,9060,hybrid_small/direct_b_ahead3:9056,False,hybrid_small,direct_b_ahead3,9056,reports/opus_flydsl_all_20261009/hybrid_small/build/direct_b_ahead3/experiments.so,1d8e364ea7cc5bb5da75bb5b93d177a520a5c0fbbcbfe782c761e6014f076c42,0,1,CPU actual header and launcher constraints,pending_gpu_stop,pending_gpu_stop
1088,2048,7168,9060,9060,small_split/candidate:210,True,small_split,candidate,210,reports/opus_flydsl_all_20261009/small_split/build/candidate/experiments.so,7822e988744329482bbd6a7fcb5215b561e9aeada63a3aedf9cd5e541958a886,0,1,CPU actual header and launcher constraints,pending_gpu_stop,pending_gpu_stop
1088,2048,7168,9060,9060,small_split/candidate:211,True,small_split,candidate,211,reports/opus_flydsl_all_20261009/small_split/build/candidate/experiments.so,7822e988744329482bbd6a7fcb5215b561e9aeada63a3aedf9cd5e541958a886,17825792,2,CPU actual header and launcher constraints,pending_gpu_stop,pending_gpu_stop
1088,2048,7168,9060,9060,small_split/candidate:220,True,small_split,candidate,220,reports/opus_flydsl_all_20261009/small_split/build/candidate/experiments.so,7822e988744329482bbd6a7fcb5215b561e9aeada63a3aedf9cd5e541958a886,0,1,CPU actual header and launcher constraints,pending_gpu_stop,pending_gpu_stop
1088,2048,7168,9060,9060,small_split/candidate:221,True,small_split,candidate,221,reports/opus_flydsl_all_20261009/small_split/build/candidate/experiments.so,7822e988744329482bbd6a7fcb5215b561e9aeada63a3aedf9cd5e541958a886,17825792,2,CPU actual header and launcher constraints,pending_gpu_stop,pending_gpu_stop
1088,2048,7168,9060,9060,small_split/candidate:230,True,small_split,candidate,230,reports/opus_flydsl_all_20261009/small_split/build/candidate/experiments.so,7822e988744329482bbd6a7fcb5215b561e9aeada63a3aedf9cd5e541958a886,0,1,CPU actual header and launcher constraints,pending_gpu_stop,pending_gpu_stop
1088,2048,7168,9060,9060,small_split/candidate:231,True,small_split,candidate,231,reports/opus_flydsl_all_20261009/small_split/build/candidate/experiments.so,7822e988744329482bbd6a7fcb5215b561e9aeada63a3aedf9cd5e541958a886,17825792,2,CPU actual header and launcher constraints,pending_gpu_stop,pending_gpu_stop
1088,2048,7168,9060,9060,main_variants/main23:92000,False,main_variants,main23,92000,reports/opus_flydsl_all_20261009/main_variants/build/main23/experiments.so,55927bffd4f3b05b59e0eda5fad3d5b58396f525f618fed0eec4a1cb48df83b6,0,1,CPU actual header and launcher constraints,pending_gpu_stop,pending_gpu_stop
1088,2048,7168,9060,9060,main_variants/main23:92001,False,main_variants,main23,92001,reports/opus_flydsl_all_20261009/main_variants/build/main23/experiments.so,55927bffd4f3b05b59e0eda5fad3d5b58396f525f618fed0eec4a1cb48df83b6,0,1,CPU actual header and launcher constraints,pending_gpu_stop,pending_gpu_stop
1088,2048,7168,9060,9060,main_variants/main23:92002,False,main_variants,main23,92002,reports/opus_flydsl_all_20261009/main_variants/build/main23/experiments.so,55927bffd4f3b05b59e0eda5fad3d5b58396f525f618fed0eec4a1cb48df83b6,0,1,CPU actual header and launcher constraints,pending_gpu_stop,pending_gpu_stop
1088,2048,7168,9060,9060,main_variants/main23:92008,False,main_variants,main23,92008,reports/opus_flydsl_all_20261009/main_variants/build/main23/experiments.so,55927bffd4f3b05b59e0eda5fad3d5b58396f525f618fed0eec4a1cb48df83b6,0,1,CPU actual header and launcher constraints,pending_gpu_stop,pending_gpu_stop
1088,2048,7168,9060,9060,main_variants/main23:92009,False,main_variants,main23,92009,reports/opus_flydsl_all_20261009/main_variants/build/main23/experiments.so,55927bffd4f3b05b59e0eda5fad3d5b58396f525f618fed0eec4a1cb48df83b6,0,1,CPU actual header and launcher constraints,pending_gpu_stop,pending_gpu_stop
1088,2048,7168,9060,9060,main_variants/main23:92011,False,main_variants,main23,92011,reports/opus_flydsl_all_20261009/main_variants/build/main23/experiments.so,55927bffd4f3b05b59e0eda5fad3d5b58396f525f618fed0eec4a1cb48df83b6,0,1,CPU actual header and launcher constraints,pending_gpu_stop,pending_gpu_stop
1088,2048,7168,9060,9060,main_variants/main23:92012,False,main_variants,main23,92012,reports/opus_flydsl_all_20261009/main_variants/build/main23/experiments.so,55927bffd4f3b05b59e0eda5fad3d5b58396f525f618fed0eec4a1cb48df83b6,0,1,CPU actual header and launcher constraints,pending_gpu_stop,pending_gpu_stop
1088,2048,7168,9060,9060,main_variants/pin24:92120,False,main_variants,pin24,92120,reports/opus_flydsl_all_20261009/main_variants/build/pin24/experiments.so,3b9fb951504917f017ffb87b5eb192be99453337cdf969b6800ff47283d2746d,0,1,CPU actual header and launcher constraints,pending_gpu_stop,pending_gpu_stop
