"Correlation_Id","Dispatch_Id","Agent_Id","Queue_Id","Process_Id","Thread_Id","Grid_Size","Kernel_Id","Kernel_Name","Workgroup_Size","LDS_Block_Size","Scratch_Size","VGPR_Count","Accum_VGPR_Count","SGPR_Count","Counter_Name","Counter_Value","Start_Timestamp","End_Timestamp"
24,24,"Agent 5",1,1196674,1196674,57344,1394,"void gemm_a8w8_mxfp8_scale_4wave_128x128_kernel<opus_gemm_mxscale_bpreshuffle_4wave_128x128_traits_gfx950>(opus_gemm_mxscale_bpreshuffle_kargs_gfx950)",256,105984,0,132,0,112,"OPUS_GFX950_GRBM_COUNT_MAX",44249.000000,3248253843818761,3248253843826881
24,24,"Agent 5",1,1196674,1196674,57344,1394,"void gemm_a8w8_mxfp8_scale_4wave_128x128_kernel<opus_gemm_mxscale_bpreshuffle_4wave_128x128_traits_gfx950>(opus_gemm_mxscale_bpreshuffle_kargs_gfx950)",256,105984,0,132,0,112,"OPUS_GFX950_GRBM_GUI_ACTIVE_MAX",44249.000000,3248253843818761,3248253843826881
24,24,"Agent 5",1,1196674,1196674,57344,1394,"void gemm_a8w8_mxfp8_scale_4wave_128x128_kernel<opus_gemm_mxscale_bpreshuffle_4wave_128x128_traits_gfx950>(opus_gemm_mxscale_bpreshuffle_kargs_gfx950)",256,105984,0,132,0,112,"OPUS_GFX950_SQ_BUSY_CYCLES_SUM",469201.000000,3248253843818761,3248253843826881
24,24,"Agent 5",1,1196674,1196674,57344,1394,"void gemm_a8w8_mxfp8_scale_4wave_128x128_kernel<opus_gemm_mxscale_bpreshuffle_4wave_128x128_traits_gfx950>(opus_gemm_mxscale_bpreshuffle_kargs_gfx950)",256,105984,0,132,0,112,"OPUS_GFX950_TCP_TCP_TA_ADDR_STALL_CYCLES_SUM",37867.000000,3248253843818761,3248253843826881
24,24,"Agent 5",1,1196674,1196674,57344,1394,"void gemm_a8w8_mxfp8_scale_4wave_128x128_kernel<opus_gemm_mxscale_bpreshuffle_4wave_128x128_traits_gfx950>(opus_gemm_mxscale_bpreshuffle_kargs_gfx950)",256,105984,0,132,0,112,"OPUS_GFX950_TCP_GATE_EN1_SUM",4378264.000000,3248253843818761,3248253843826881
24,24,"Agent 5",1,1196674,1196674,57344,1394,"void gemm_a8w8_mxfp8_scale_4wave_128x128_kernel<opus_gemm_mxscale_bpreshuffle_4wave_128x128_traits_gfx950>(opus_gemm_mxscale_bpreshuffle_kargs_gfx950)",256,105984,0,132,0,112,"OPUS_GFX950_SQ_VMEM_TA_ADDR_FIFO_FULL_SUM",41844.000000,3248253843818761,3248253843826881
24,24,"Agent 5",1,1196674,1196674,57344,1394,"void gemm_a8w8_mxfp8_scale_4wave_128x128_kernel<opus_gemm_mxscale_bpreshuffle_4wave_128x128_traits_gfx950>(opus_gemm_mxscale_bpreshuffle_kargs_gfx950)",256,105984,0,132,0,112,"OPUS_GFX950_SQ_LDS_BANK_CONFLICT_SUM",172032.000000,3248253843818761,3248253843826881
24,24,"Agent 5",1,1196674,1196674,57344,1394,"void gemm_a8w8_mxfp8_scale_4wave_128x128_kernel<opus_gemm_mxscale_bpreshuffle_4wave_128x128_traits_gfx950>(opus_gemm_mxscale_bpreshuffle_kargs_gfx950)",256,105984,0,132,0,112,"OPUS_GFX950_SQ_WAIT_INST_LDS_SUM",57209.000000,3248253843818761,3248253843826881
24,24,"Agent 5",1,1196674,1196674,57344,1394,"void gemm_a8w8_mxfp8_scale_4wave_128x128_kernel<opus_gemm_mxscale_bpreshuffle_4wave_128x128_traits_gfx950>(opus_gemm_mxscale_bpreshuffle_kargs_gfx950)",256,105984,0,132,0,112,"OPUS_GFX950_TCP_RFIFO_STALL_CYCLES_SUM",4694.000000,3248253843818761,3248253843826881
24,24,"Agent 5",1,1196674,1196674,57344,1394,"void gemm_a8w8_mxfp8_scale_4wave_128x128_kernel<opus_gemm_mxscale_bpreshuffle_4wave_128x128_traits_gfx950>(opus_gemm_mxscale_bpreshuffle_kargs_gfx950)",256,105984,0,132,0,112,"OPUS_GFX950_TCP_READ_TAGCONFLICT_STALL_CYCLES_SUM",0.00000000e+00,3248253843818761,3248253843826881
24,24,"Agent 5",1,1196674,1196674,57344,1394,"void gemm_a8w8_mxfp8_scale_4wave_128x128_kernel<opus_gemm_mxscale_bpreshuffle_4wave_128x128_traits_gfx950>(opus_gemm_mxscale_bpreshuffle_kargs_gfx950)",256,105984,0,132,0,112,"OPUS_GFX950_TA_BUFFER_READ_LDS_WAVEFRONTS_SUM",21504.000000,3248253843818761,3248253843826881
24,24,"Agent 5",1,1196674,1196674,57344,1394,"void gemm_a8w8_mxfp8_scale_4wave_128x128_kernel<opus_gemm_mxscale_bpreshuffle_4wave_128x128_traits_gfx950>(opus_gemm_mxscale_bpreshuffle_kargs_gfx950)",256,105984,0,132,0,112,"OPUS_GFX950_TA_BUFFER_READ_WAVEFRONTS_SUM",21952.000000,3248253843818761,3248253843826881
275,275,"Agent 5",1,1196674,1196674,57344,1394,"void gemm_a8w8_mxfp8_scale_4wave_128x128_kernel<opus_gemm_mxscale_bpreshuffle_4wave_128x128_traits_gfx950>(opus_gemm_mxscale_bpreshuffle_kargs_gfx950)",256,105984,0,132,0,112,"OPUS_GFX950_GRBM_COUNT_MAX",38663.000000,3248253850570782,3248253850580102
275,275,"Agent 5",1,1196674,1196674,57344,1394,"void gemm_a8w8_mxfp8_scale_4wave_128x128_kernel<opus_gemm_mxscale_bpreshuffle_4wave_128x128_traits_gfx950>(opus_gemm_mxscale_bpreshuffle_kargs_gfx950)",256,105984,0,132,0,112,"OPUS_GFX950_GRBM_GUI_ACTIVE_MAX",38663.000000,3248253850570782,3248253850580102
275,275,"Agent 5",1,1196674,1196674,57344,1394,"void gemm_a8w8_mxfp8_scale_4wave_128x128_kernel<opus_gemm_mxscale_bpreshuffle_4wave_128x128_traits_gfx950>(opus_gemm_mxscale_bpreshuffle_kargs_gfx950)",256,105984,0,132,0,112,"OPUS_GFX950_SQ_BUSY_CYCLES_SUM",447589.000000,3248253850570782,3248253850580102
275,275,"Agent 5",1,1196674,1196674,57344,1394,"void gemm_a8w8_mxfp8_scale_4wave_128x128_kernel<opus_gemm_mxscale_bpreshuffle_4wave_128x128_traits_gfx950>(opus_gemm_mxscale_bpreshuffle_kargs_gfx950)",256,105984,0,132,0,112,"OPUS_GFX950_TCP_TCP_TA_ADDR_STALL_CYCLES_SUM",89591.000000,3248253850570782,3248253850580102
275,275,"Agent 5",1,1196674,1196674,57344,1394,"void gemm_a8w8_mxfp8_scale_4wave_128x128_kernel<opus_gemm_mxscale_bpreshuffle_4wave_128x128_traits_gfx950>(opus_gemm_mxscale_bpreshuffle_kargs_gfx950)",256,105984,0,132,0,112,"OPUS_GFX950_TCP_GATE_EN1_SUM",4199432.000000,3248253850570782,3248253850580102
275,275,"Agent 5",1,1196674,1196674,57344,1394,"void gemm_a8w8_mxfp8_scale_4wave_128x128_kernel<opus_gemm_mxscale_bpreshuffle_4wave_128x128_traits_gfx950>(opus_gemm_mxscale_bpreshuffle_kargs_gfx950)",256,105984,0,132,0,112,"OPUS_GFX950_SQ_VMEM_TA_ADDR_FIFO_FULL_SUM",60888.000000,3248253850570782,3248253850580102
275,275,"Agent 5",1,1196674,1196674,57344,1394,"void gemm_a8w8_mxfp8_scale_4wave_128x128_kernel<opus_gemm_mxscale_bpreshuffle_4wave_128x128_traits_gfx950>(opus_gemm_mxscale_bpreshuffle_kargs_gfx950)",256,105984,0,132,0,112,"OPUS_GFX950_SQ_LDS_BANK_CONFLICT_SUM",172032.000000,3248253850570782,3248253850580102
275,275,"Agent 5",1,1196674,1196674,57344,1394,"void gemm_a8w8_mxfp8_scale_4wave_128x128_kernel<opus_gemm_mxscale_bpreshuffle_4wave_128x128_traits_gfx950>(opus_gemm_mxscale_bpreshuffle_kargs_gfx950)",256,105984,0,132,0,112,"OPUS_GFX950_SQ_WAIT_INST_LDS_SUM",57427.000000,3248253850570782,3248253850580102
275,275,"Agent 5",1,1196674,1196674,57344,1394,"void gemm_a8w8_mxfp8_scale_4wave_128x128_kernel<opus_gemm_mxscale_bpreshuffle_4wave_128x128_traits_gfx950>(opus_gemm_mxscale_bpreshuffle_kargs_gfx950)",256,105984,0,132,0,112,"OPUS_GFX950_TCP_RFIFO_STALL_CYCLES_SUM",1514.000000,3248253850570782,3248253850580102
275,275,"Agent 5",1,1196674,1196674,57344,1394,"void gemm_a8w8_mxfp8_scale_4wave_128x128_kernel<opus_gemm_mxscale_bpreshuffle_4wave_128x128_traits_gfx950>(opus_gemm_mxscale_bpreshuffle_kargs_gfx950)",256,105984,0,132,0,112,"OPUS_GFX950_TCP_READ_TAGCONFLICT_STALL_CYCLES_SUM",0.00000000e+00,3248253850570782,3248253850580102
275,275,"Agent 5",1,1196674,1196674,57344,1394,"void gemm_a8w8_mxfp8_scale_4wave_128x128_kernel<opus_gemm_mxscale_bpreshuffle_4wave_128x128_traits_gfx950>(opus_gemm_mxscale_bpreshuffle_kargs_gfx950)",256,105984,0,132,0,112,"OPUS_GFX950_TA_BUFFER_READ_LDS_WAVEFRONTS_SUM",21504.000000,3248253850570782,3248253850580102
275,275,"Agent 5",1,1196674,1196674,57344,1394,"void gemm_a8w8_mxfp8_scale_4wave_128x128_kernel<opus_gemm_mxscale_bpreshuffle_4wave_128x128_traits_gfx950>(opus_gemm_mxscale_bpreshuffle_kargs_gfx950)",256,105984,0,132,0,112,"OPUS_GFX950_TA_BUFFER_READ_WAVEFRONTS_SUM",21952.000000,3248253850570782,3248253850580102
276,276,"Agent 5",1,1196674,1196674,57344,1394,"void gemm_a8w8_mxfp8_scale_4wave_128x128_kernel<opus_gemm_mxscale_bpreshuffle_4wave_128x128_traits_gfx950>(opus_gemm_mxscale_bpreshuffle_kargs_gfx950)",256,105984,0,132,0,112,"OPUS_GFX950_GRBM_COUNT_MAX",39946.000000,3248253851134787,3248253851142467
276,276,"Agent 5",1,1196674,1196674,57344,1394,"void gemm_a8w8_mxfp8_scale_4wave_128x128_kernel<opus_gemm_mxscale_bpreshuffle_4wave_128x128_traits_gfx950>(opus_gemm_mxscale_bpreshuffle_kargs_gfx950)",256,105984,0,132,0,112,"OPUS_GFX950_GRBM_GUI_ACTIVE_MAX",39946.000000,3248253851134787,3248253851142467
276,276,"Agent 5",1,1196674,1196674,57344,1394,"void gemm_a8w8_mxfp8_scale_4wave_128x128_kernel<opus_gemm_mxscale_bpreshuffle_4wave_128x128_traits_gfx950>(opus_gemm_mxscale_bpreshuffle_kargs_gfx950)",256,105984,0,132,0,112,"OPUS_GFX950_SQ_BUSY_CYCLES_SUM",434795.000000,3248253851134787,3248253851142467
276,276,"Agent 5",1,1196674,1196674,57344,1394,"void gemm_a8w8_mxfp8_scale_4wave_128x128_kernel<opus_gemm_mxscale_bpreshuffle_4wave_128x128_traits_gfx950>(opus_gemm_mxscale_bpreshuffle_kargs_gfx950)",256,105984,0,132,0,112,"OPUS_GFX950_TCP_TCP_TA_ADDR_STALL_CYCLES_SUM",60563.000000,3248253851134787,3248253851142467
276,276,"Agent 5",1,1196674,1196674,57344,1394,"void gemm_a8w8_mxfp8_scale_4wave_128x128_kernel<opus_gemm_mxscale_bpreshuffle_4wave_128x128_traits_gfx950>(opus_gemm_mxscale_bpreshuffle_kargs_gfx950)",256,105984,0,132,0,112,"OPUS_GFX950_TCP_GATE_EN1_SUM",4102880.000000,3248253851134787,3248253851142467
276,276,"Agent 5",1,1196674,1196674,57344,1394,"void gemm_a8w8_mxfp8_scale_4wave_128x128_kernel<opus_gemm_mxscale_bpreshuffle_4wave_128x128_traits_gfx950>(opus_gemm_mxscale_bpreshuffle_kargs_gfx950)",256,105984,0,132,0,112,"OPUS_GFX950_SQ_VMEM_TA_ADDR_FIFO_FULL_SUM",35333.000000,3248253851134787,3248253851142467
276,276,"Agent 5",1,1196674,1196674,57344,1394,"void gemm_a8w8_mxfp8_scale_4wave_128x128_kernel<opus_gemm_mxscale_bpreshuffle_4wave_128x128_traits_gfx950>(opus_gemm_mxscale_bpreshuffle_kargs_gfx950)",256,105984,0,132,0,112,"OPUS_GFX950_SQ_LDS_BANK_CONFLICT_SUM",172032.000000,3248253851134787,3248253851142467
276,276,"Agent 5",1,1196674,1196674,57344,1394,"void gemm_a8w8_mxfp8_scale_4wave_128x128_kernel<opus_gemm_mxscale_bpreshuffle_4wave_128x128_traits_gfx950>(opus_gemm_mxscale_bpreshuffle_kargs_gfx950)",256,105984,0,132,0,112,"OPUS_GFX950_SQ_WAIT_INST_LDS_SUM",58227.000000,3248253851134787,3248253851142467
276,276,"Agent 5",1,1196674,1196674,57344,1394,"void gemm_a8w8_mxfp8_scale_4wave_128x128_kernel<opus_gemm_mxscale_bpreshuffle_4wave_128x128_traits_gfx950>(opus_gemm_mxscale_bpreshuffle_kargs_gfx950)",256,105984,0,132,0,112,"OPUS_GFX950_TCP_RFIFO_STALL_CYCLES_SUM",11205.000000,3248253851134787,3248253851142467
276,276,"Agent 5",1,1196674,1196674,57344,1394,"void gemm_a8w8_mxfp8_scale_4wave_128x128_kernel<opus_gemm_mxscale_bpreshuffle_4wave_128x128_traits_gfx950>(opus_gemm_mxscale_bpreshuffle_kargs_gfx950)",256,105984,0,132,0,112,"OPUS_GFX950_TCP_READ_TAGCONFLICT_STALL_CYCLES_SUM",0.00000000e+00,3248253851134787,3248253851142467
276,276,"Agent 5",1,1196674,1196674,57344,1394,"void gemm_a8w8_mxfp8_scale_4wave_128x128_kernel<opus_gemm_mxscale_bpreshuffle_4wave_128x128_traits_gfx950>(opus_gemm_mxscale_bpreshuffle_kargs_gfx950)",256,105984,0,132,0,112,"OPUS_GFX950_TA_BUFFER_READ_LDS_WAVEFRONTS_SUM",21504.000000,3248253851134787,3248253851142467
276,276,"Agent 5",1,1196674,1196674,57344,1394,"void gemm_a8w8_mxfp8_scale_4wave_128x128_kernel<opus_gemm_mxscale_bpreshuffle_4wave_128x128_traits_gfx950>(opus_gemm_mxscale_bpreshuffle_kargs_gfx950)",256,105984,0,132,0,112,"OPUS_GFX950_TA_BUFFER_READ_WAVEFRONTS_SUM",21952.000000,3248253851134787,3248253851142467
277,277,"Agent 5",1,1196674,1196674,57344,1394,"void gemm_a8w8_mxfp8_scale_4wave_128x128_kernel<opus_gemm_mxscale_bpreshuffle_4wave_128x128_traits_gfx950>(opus_gemm_mxscale_bpreshuffle_kargs_gfx950)",256,105984,0,132,0,112,"OPUS_GFX950_GRBM_COUNT_MAX",40286.000000,3248253851765033,3248253851772633
277,277,"Agent 5",1,1196674,1196674,57344,1394,"void gemm_a8w8_mxfp8_scale_4wave_128x128_kernel<opus_gemm_mxscale_bpreshuffle_4wave_128x128_traits_gfx950>(opus_gemm_mxscale_bpreshuffle_kargs_gfx950)",256,105984,0,132,0,112,"OPUS_GFX950_GRBM_GUI_ACTIVE_MAX",40286.000000,3248253851765033,3248253851772633
277,277,"Agent 5",1,1196674,1196674,57344,1394,"void gemm_a8w8_mxfp8_scale_4wave_128x128_kernel<opus_gemm_mxscale_bpreshuffle_4wave_128x128_traits_gfx950>(opus_gemm_mxscale_bpreshuffle_kargs_gfx950)",256,105984,0,132,0,112,"OPUS_GFX950_SQ_BUSY_CYCLES_SUM",435100.000000,3248253851765033,3248253851772633
277,277,"Agent 5",1,1196674,1196674,57344,1394,"void gemm_a8w8_mxfp8_scale_4wave_128x128_kernel<opus_gemm_mxscale_bpreshuffle_4wave_128x128_traits_gfx950>(opus_gemm_mxscale_bpreshuffle_kargs_gfx950)",256,105984,0,132,0,112,"OPUS_GFX950_TCP_TCP_TA_ADDR_STALL_CYCLES_SUM",30915.000000,3248253851765033,3248253851772633
277,277,"Agent 5",1,1196674,1196674,57344,1394,"void gemm_a8w8_mxfp8_scale_4wave_128x128_kernel<opus_gemm_mxscale_bpreshuffle_4wave_128x128_traits_gfx950>(opus_gemm_mxscale_bpreshuffle_kargs_gfx950)",256,105984,0,132,0,112,"OPUS_GFX950_TCP_GATE_EN1_SUM",4105304.000000,3248253851765033,3248253851772633
277,277,"Agent 5",1,1196674,1196674,57344,1394,"void gemm_a8w8_mxfp8_scale_4wave_128x128_kernel<opus_gemm_mxscale_bpreshuffle_4wave_128x128_traits_gfx950>(opus_gemm_mxscale_bpreshuffle_kargs_gfx950)",256,105984,0,132,0,112,"OPUS_GFX950_SQ_VMEM_TA_ADDR_FIFO_FULL_SUM",39538.000000,3248253851765033,3248253851772633
277,277,"Agent 5",1,1196674,1196674,57344,1394,"void gemm_a8w8_mxfp8_scale_4wave_128x128_kernel<opus_gemm_mxscale_bpreshuffle_4wave_128x128_traits_gfx950>(opus_gemm_mxscale_bpreshuffle_kargs_gfx950)",256,105984,0,132,0,112,"OPUS_GFX950_SQ_LDS_BANK_CONFLICT_SUM",172032.000000,3248253851765033,3248253851772633
277,277,"Agent 5",1,1196674,1196674,57344,1394,"void gemm_a8w8_mxfp8_scale_4wave_128x128_kernel<opus_gemm_mxscale_bpreshuffle_4wave_128x128_traits_gfx950>(opus_gemm_mxscale_bpreshuffle_kargs_gfx950)",256,105984,0,132,0,112,"OPUS_GFX950_SQ_WAIT_INST_LDS_SUM",58211.000000,3248253851765033,3248253851772633
277,277,"Agent 5",1,1196674,1196674,57344,1394,"void gemm_a8w8_mxfp8_scale_4wave_128x128_kernel<opus_gemm_mxscale_bpreshuffle_4wave_128x128_traits_gfx950>(opus_gemm_mxscale_bpreshuffle_kargs_gfx950)",256,105984,0,132,0,112,"OPUS_GFX950_TCP_RFIFO_STALL_CYCLES_SUM",6104.000000,3248253851765033,3248253851772633
277,277,"Agent 5",1,1196674,1196674,57344,1394,"void gemm_a8w8_mxfp8_scale_4wave_128x128_kernel<opus_gemm_mxscale_bpreshuffle_4wave_128x128_traits_gfx950>(opus_gemm_mxscale_bpreshuffle_kargs_gfx950)",256,105984,0,132,0,112,"OPUS_GFX950_TCP_READ_TAGCONFLICT_STALL_CYCLES_SUM",0.00000000e+00,3248253851765033,3248253851772633
277,277,"Agent 5",1,1196674,1196674,57344,1394,"void gemm_a8w8_mxfp8_scale_4wave_128x128_kernel<opus_gemm_mxscale_bpreshuffle_4wave_128x128_traits_gfx950>(opus_gemm_mxscale_bpreshuffle_kargs_gfx950)",256,105984,0,132,0,112,"OPUS_GFX950_TA_BUFFER_READ_LDS_WAVEFRONTS_SUM",21504.000000,3248253851765033,3248253851772633
277,277,"Agent 5",1,1196674,1196674,57344,1394,"void gemm_a8w8_mxfp8_scale_4wave_128x128_kernel<opus_gemm_mxscale_bpreshuffle_4wave_128x128_traits_gfx950>(opus_gemm_mxscale_bpreshuffle_kargs_gfx950)",256,105984,0,132,0,112,"OPUS_GFX950_TA_BUFFER_READ_WAVEFRONTS_SUM",21952.000000,3248253851765033,3248253851772633
278,278,"Agent 5",1,1196674,1196674,57344,1394,"void gemm_a8w8_mxfp8_scale_4wave_128x128_kernel<opus_gemm_mxscale_bpreshuffle_4wave_128x128_traits_gfx950>(opus_gemm_mxscale_bpreshuffle_kargs_gfx950)",256,105984,0,132,0,112,"OPUS_GFX950_GRBM_COUNT_MAX",41490.000000,3248253852382519,3248253852390199
278,278,"Agent 5",1,1196674,1196674,57344,1394,"void gemm_a8w8_mxfp8_scale_4wave_128x128_kernel<opus_gemm_mxscale_bpreshuffle_4wave_128x128_traits_gfx950>(opus_gemm_mxscale_bpreshuffle_kargs_gfx950)",256,105984,0,132,0,112,"OPUS_GFX950_GRBM_GUI_ACTIVE_MAX",41490.000000,3248253852382519,3248253852390199
278,278,"Agent 5",1,1196674,1196674,57344,1394,"void gemm_a8w8_mxfp8_scale_4wave_128x128_kernel<opus_gemm_mxscale_bpreshuffle_4wave_128x128_traits_gfx950>(opus_gemm_mxscale_bpreshuffle_kargs_gfx950)",256,105984,0,132,0,112,"OPUS_GFX950_SQ_BUSY_CYCLES_SUM",438229.000000,3248253852382519,3248253852390199
278,278,"Agent 5",1,1196674,1196674,57344,1394,"void gemm_a8w8_mxfp8_scale_4wave_128x128_kernel<opus_gemm_mxscale_bpreshuffle_4wave_128x128_traits_gfx950>(opus_gemm_mxscale_bpreshuffle_kargs_gfx950)",256,105984,0,132,0,112,"OPUS_GFX950_TCP_TCP_TA_ADDR_STALL_CYCLES_SUM",23055.000000,3248253852382519,3248253852390199
278,278,"Agent 5",1,1196674,1196674,57344,1394,"void gemm_a8w8_mxfp8_scale_4wave_128x128_kernel<opus_gemm_mxscale_bpreshuffle_4wave_128x128_traits_gfx950>(opus_gemm_mxscale_bpreshuffle_kargs_gfx950)",256,105984,0,132,0,112,"OPUS_GFX950_TCP_GATE_EN1_SUM",4130368.000000,3248253852382519,3248253852390199
278,278,"Agent 5",1,1196674,1196674,57344,1394,"void gemm_a8w8_mxfp8_scale_4wave_128x128_kernel<opus_gemm_mxscale_bpreshuffle_4wave_128x128_traits_gfx950>(opus_gemm_mxscale_bpreshuffle_kargs_gfx950)",256,105984,0,132,0,112,"OPUS_GFX950_SQ_VMEM_TA_ADDR_FIFO_FULL_SUM",31777.000000,3248253852382519,3248253852390199
278,278,"Agent 5",1,1196674,1196674,57344,1394,"void gemm_a8w8_mxfp8_scale_4wave_128x128_kernel<opus_gemm_mxscale_bpreshuffle_4wave_128x128_traits_gfx950>(opus_gemm_mxscale_bpreshuffle_kargs_gfx950)",256,105984,0,132,0,112,"OPUS_GFX950_SQ_LDS_BANK_CONFLICT_SUM",172032.000000,3248253852382519,3248253852390199
278,278,"Agent 5",1,1196674,1196674,57344,1394,"void gemm_a8w8_mxfp8_scale_4wave_128x128_kernel<opus_gemm_mxscale_bpreshuffle_4wave_128x128_traits_gfx950>(opus_gemm_mxscale_bpreshuffle_kargs_gfx950)",256,105984,0,132,0,112,"OPUS_GFX950_SQ_WAIT_INST_LDS_SUM",58191.000000,3248253852382519,3248253852390199
278,278,"Agent 5",1,1196674,1196674,57344,1394,"void gemm_a8w8_mxfp8_scale_4wave_128x128_kernel<opus_gemm_mxscale_bpreshuffle_4wave_128x128_traits_gfx950>(opus_gemm_mxscale_bpreshuffle_kargs_gfx950)",256,105984,0,132,0,112,"OPUS_GFX950_TCP_RFIFO_STALL_CYCLES_SUM",4824.000000,3248253852382519,3248253852390199
278,278,"Agent 5",1,1196674,1196674,57344,1394,"void gemm_a8w8_mxfp8_scale_4wave_128x128_kernel<opus_gemm_mxscale_bpreshuffle_4wave_128x128_traits_gfx950>(opus_gemm_mxscale_bpreshuffle_kargs_gfx950)",256,105984,0,132,0,112,"OPUS_GFX950_TCP_READ_TAGCONFLICT_STALL_CYCLES_SUM",0.00000000e+00,3248253852382519,3248253852390199
278,278,"Agent 5",1,1196674,1196674,57344,1394,"void gemm_a8w8_mxfp8_scale_4wave_128x128_kernel<opus_gemm_mxscale_bpreshuffle_4wave_128x128_traits_gfx950>(opus_gemm_mxscale_bpreshuffle_kargs_gfx950)",256,105984,0,132,0,112,"OPUS_GFX950_TA_BUFFER_READ_LDS_WAVEFRONTS_SUM",21504.000000,3248253852382519,3248253852390199
278,278,"Agent 5",1,1196674,1196674,57344,1394,"void gemm_a8w8_mxfp8_scale_4wave_128x128_kernel<opus_gemm_mxscale_bpreshuffle_4wave_128x128_traits_gfx950>(opus_gemm_mxscale_bpreshuffle_kargs_gfx950)",256,105984,0,132,0,112,"OPUS_GFX950_TA_BUFFER_READ_WAVEFRONTS_SUM",21952.000000,3248253852382519,3248253852390199
279,279,"Agent 5",1,1196674,1196674,57344,1394,"void gemm_a8w8_mxfp8_scale_4wave_128x128_kernel<opus_gemm_mxscale_bpreshuffle_4wave_128x128_traits_gfx950>(opus_gemm_mxscale_bpreshuffle_kargs_gfx950)",256,105984,0,132,0,112,"OPUS_GFX950_GRBM_COUNT_MAX",40075.000000,3248253853005324,3248253853012844
279,279,"Agent 5",1,1196674,1196674,57344,1394,"void gemm_a8w8_mxfp8_scale_4wave_128x128_kernel<opus_gemm_mxscale_bpreshuffle_4wave_128x128_traits_gfx950>(opus_gemm_mxscale_bpreshuffle_kargs_gfx950)",256,105984,0,132,0,112,"OPUS_GFX950_GRBM_GUI_ACTIVE_MAX",40075.000000,3248253853005324,3248253853012844
279,279,"Agent 5",1,1196674,1196674,57344,1394,"void gemm_a8w8_mxfp8_scale_4wave_128x128_kernel<opus_gemm_mxscale_bpreshuffle_4wave_128x128_traits_gfx950>(opus_gemm_mxscale_bpreshuffle_kargs_gfx950)",256,105984,0,132,0,112,"OPUS_GFX950_SQ_BUSY_CYCLES_SUM",425201.000000,3248253853005324,3248253853012844
279,279,"Agent 5",1,1196674,1196674,57344,1394,"void gemm_a8w8_mxfp8_scale_4wave_128x128_kernel<opus_gemm_mxscale_bpreshuffle_4wave_128x128_traits_gfx950>(opus_gemm_mxscale_bpreshuffle_kargs_gfx950)",256,105984,0,132,0,112,"OPUS_GFX950_TCP_TCP_TA_ADDR_STALL_CYCLES_SUM",56163.000000,3248253853005324,3248253853012844
279,279,"Agent 5",1,1196674,1196674,57344,1394,"void gemm_a8w8_mxfp8_scale_4wave_128x128_kernel<opus_gemm_mxscale_bpreshuffle_4wave_128x128_traits_gfx950>(opus_gemm_mxscale_bpreshuffle_kargs_gfx950)",256,105984,0,132,0,112,"OPUS_GFX950_TCP_GATE_EN1_SUM",4026088.000000,3248253853005324,3248253853012844
279,279,"Agent 5",1,1196674,1196674,57344,1394,"void gemm_a8w8_mxfp8_scale_4wave_128x128_kernel<opus_gemm_mxscale_bpreshuffle_4wave_128x128_traits_gfx950>(opus_gemm_mxscale_bpreshuffle_kargs_gfx950)",256,105984,0,132,0,112,"OPUS_GFX950_SQ_VMEM_TA_ADDR_FIFO_FULL_SUM",38307.000000,3248253853005324,3248253853012844
279,279,"Agent 5",1,1196674,1196674,57344,1394,"void gemm_a8w8_mxfp8_scale_4wave_128x128_kernel<opus_gemm_mxscale_bpreshuffle_4wave_128x128_traits_gfx950>(opus_gemm_mxscale_bpreshuffle_kargs_gfx950)",256,105984,0,132,0,112,"OPUS_GFX950_SQ_LDS_BANK_CONFLICT_SUM",172032.000000,3248253853005324,3248253853012844
279,279,"Agent 5",1,1196674,1196674,57344,1394,"void gemm_a8w8_mxfp8_scale_4wave_128x128_kernel<opus_gemm_mxscale_bpreshuffle_4wave_128x128_traits_gfx950>(opus_gemm_mxscale_bpreshuffle_kargs_gfx950)",256,105984,0,132,0,112,"OPUS_GFX950_SQ_WAIT_INST_LDS_SUM",57441.000000,3248253853005324,3248253853012844
279,279,"Agent 5",1,1196674,1196674,57344,1394,"void gemm_a8w8_mxfp8_scale_4wave_128x128_kernel<opus_gemm_mxscale_bpreshuffle_4wave_128x128_traits_gfx950>(opus_gemm_mxscale_bpreshuffle_kargs_gfx950)",256,105984,0,132,0,112,"OPUS_GFX950_TCP_RFIFO_STALL_CYCLES_SUM",7323.000000,3248253853005324,3248253853012844
279,279,"Agent 5",1,1196674,1196674,57344,1394,"void gemm_a8w8_mxfp8_scale_4wave_128x128_kernel<opus_gemm_mxscale_bpreshuffle_4wave_128x128_traits_gfx950>(opus_gemm_mxscale_bpreshuffle_kargs_gfx950)",256,105984,0,132,0,112,"OPUS_GFX950_TCP_READ_TAGCONFLICT_STALL_CYCLES_SUM",0.00000000e+00,3248253853005324,3248253853012844
279,279,"Agent 5",1,1196674,1196674,57344,1394,"void gemm_a8w8_mxfp8_scale_4wave_128x128_kernel<opus_gemm_mxscale_bpreshuffle_4wave_128x128_traits_gfx950>(opus_gemm_mxscale_bpreshuffle_kargs_gfx950)",256,105984,0,132,0,112,"OPUS_GFX950_TA_BUFFER_READ_LDS_WAVEFRONTS_SUM",21504.000000,3248253853005324,3248253853012844
279,279,"Agent 5",1,1196674,1196674,57344,1394,"void gemm_a8w8_mxfp8_scale_4wave_128x128_kernel<opus_gemm_mxscale_bpreshuffle_4wave_128x128_traits_gfx950>(opus_gemm_mxscale_bpreshuffle_kargs_gfx950)",256,105984,0,132,0,112,"OPUS_GFX950_TA_BUFFER_READ_WAVEFRONTS_SUM",21952.000000,3248253853005324,3248253853012844
280,280,"Agent 5",1,1196674,1196674,57344,1394,"void gemm_a8w8_mxfp8_scale_4wave_128x128_kernel<opus_gemm_mxscale_bpreshuffle_4wave_128x128_traits_gfx950>(opus_gemm_mxscale_bpreshuffle_kargs_gfx950)",256,105984,0,132,0,112,"OPUS_GFX950_GRBM_COUNT_MAX",40702.000000,3248253853790371,3248253853799051
280,280,"Agent 5",1,1196674,1196674,57344,1394,"void gemm_a8w8_mxfp8_scale_4wave_128x128_kernel<opus_gemm_mxscale_bpreshuffle_4wave_128x128_traits_gfx950>(opus_gemm_mxscale_bpreshuffle_kargs_gfx950)",256,105984,0,132,0,112,"OPUS_GFX950_GRBM_GUI_ACTIVE_MAX",40702.000000,3248253853790371,3248253853799051
280,280,"Agent 5",1,1196674,1196674,57344,1394,"void gemm_a8w8_mxfp8_scale_4wave_128x128_kernel<opus_gemm_mxscale_bpreshuffle_4wave_128x128_traits_gfx950>(opus_gemm_mxscale_bpreshuffle_kargs_gfx950)",256,105984,0,132,0,112,"OPUS_GFX950_SQ_BUSY_CYCLES_SUM",497225.000000,3248253853790371,3248253853799051
280,280,"Agent 5",1,1196674,1196674,57344,1394,"void gemm_a8w8_mxfp8_scale_4wave_128x128_kernel<opus_gemm_mxscale_bpreshuffle_4wave_128x128_traits_gfx950>(opus_gemm_mxscale_bpreshuffle_kargs_gfx950)",256,105984,0,132,0,112,"OPUS_GFX950_TCP_TCP_TA_ADDR_STALL_CYCLES_SUM",132789.000000,3248253853790371,3248253853799051
280,280,"Agent 5",1,1196674,1196674,57344,1394,"void gemm_a8w8_mxfp8_scale_4wave_128x128_kernel<opus_gemm_mxscale_bpreshuffle_4wave_128x128_traits_gfx950>(opus_gemm_mxscale_bpreshuffle_kargs_gfx950)",256,105984,0,132,0,112,"OPUS_GFX950_TCP_GATE_EN1_SUM",4602056.000000,3248253853790371,3248253853799051
280,280,"Agent 5",1,1196674,1196674,57344,1394,"void gemm_a8w8_mxfp8_scale_4wave_128x128_kernel<opus_gemm_mxscale_bpreshuffle_4wave_128x128_traits_gfx950>(opus_gemm_mxscale_bpreshuffle_kargs_gfx950)",256,105984,0,132,0,112,"OPUS_GFX950_SQ_VMEM_TA_ADDR_FIFO_FULL_SUM",90262.000000,3248253853790371,3248253853799051
280,280,"Agent 5",1,1196674,1196674,57344,1394,"void gemm_a8w8_mxfp8_scale_4wave_128x128_kernel<opus_gemm_mxscale_bpreshuffle_4wave_128x128_traits_gfx950>(opus_gemm_mxscale_bpreshuffle_kargs_gfx950)",256,105984,0,132,0,112,"OPUS_GFX950_SQ_LDS_BANK_CONFLICT_SUM",172032.000000,3248253853790371,3248253853799051
280,280,"Agent 5",1,1196674,1196674,57344,1394,"void gemm_a8w8_mxfp8_scale_4wave_128x128_kernel<opus_gemm_mxscale_bpreshuffle_4wave_128x128_traits_gfx950>(opus_gemm_mxscale_bpreshuffle_kargs_gfx950)",256,105984,0,132,0,112,"OPUS_GFX950_SQ_WAIT_INST_LDS_SUM",58605.000000,3248253853790371,3248253853799051
280,280,"Agent 5",1,1196674,1196674,57344,1394,"void gemm_a8w8_mxfp8_scale_4wave_128x128_kernel<opus_gemm_mxscale_bpreshuffle_4wave_128x128_traits_gfx950>(opus_gemm_mxscale_bpreshuffle_kargs_gfx950)",256,105984,0,132,0,112,"OPUS_GFX950_TCP_RFIFO_STALL_CYCLES_SUM",12715.000000,3248253853790371,3248253853799051
280,280,"Agent 5",1,1196674,1196674,57344,1394,"void gemm_a8w8_mxfp8_scale_4wave_128x128_kernel<opus_gemm_mxscale_bpreshuffle_4wave_128x128_traits_gfx950>(opus_gemm_mxscale_bpreshuffle_kargs_gfx950)",256,105984,0,132,0,112,"OPUS_GFX950_TCP_READ_TAGCONFLICT_STALL_CYCLES_SUM",0.00000000e+00,3248253853790371,3248253853799051
280,280,"Agent 5",1,1196674,1196674,57344,1394,"void gemm_a8w8_mxfp8_scale_4wave_128x128_kernel<opus_gemm_mxscale_bpreshuffle_4wave_128x128_traits_gfx950>(opus_gemm_mxscale_bpreshuffle_kargs_gfx950)",256,105984,0,132,0,112,"OPUS_GFX950_TA_BUFFER_READ_LDS_WAVEFRONTS_SUM",21504.000000,3248253853790371,3248253853799051
280,280,"Agent 5",1,1196674,1196674,57344,1394,"void gemm_a8w8_mxfp8_scale_4wave_128x128_kernel<opus_gemm_mxscale_bpreshuffle_4wave_128x128_traits_gfx950>(opus_gemm_mxscale_bpreshuffle_kargs_gfx950)",256,105984,0,132,0,112,"OPUS_GFX950_TA_BUFFER_READ_WAVEFRONTS_SUM",21952.000000,3248253853790371,3248253853799051
281,281,"Agent 5",1,1196674,1196674,57344,1394,"void gemm_a8w8_mxfp8_scale_4wave_128x128_kernel<opus_gemm_mxscale_bpreshuffle_4wave_128x128_traits_gfx950>(opus_gemm_mxscale_bpreshuffle_kargs_gfx950)",256,105984,0,132,0,112,"OPUS_GFX950_GRBM_COUNT_MAX",40791.000000,3248253854358217,3248253854366857
281,281,"Agent 5",1,1196674,1196674,57344,1394,"void gemm_a8w8_mxfp8_scale_4wave_128x128_kernel<opus_gemm_mxscale_bpreshuffle_4wave_128x128_traits_gfx950>(opus_gemm_mxscale_bpreshuffle_kargs_gfx950)",256,105984,0,132,0,112,"OPUS_GFX950_GRBM_GUI_ACTIVE_MAX",40791.000000,3248253854358217,3248253854366857
281,281,"Agent 5",1,1196674,1196674,57344,1394,"void gemm_a8w8_mxfp8_scale_4wave_128x128_kernel<opus_gemm_mxscale_bpreshuffle_4wave_128x128_traits_gfx950>(opus_gemm_mxscale_bpreshuffle_kargs_gfx950)",256,105984,0,132,0,112,"OPUS_GFX950_SQ_BUSY_CYCLES_SUM",495739.000000,3248253854358217,3248253854366857
281,281,"Agent 5",1,1196674,1196674,57344,1394,"void gemm_a8w8_mxfp8_scale_4wave_128x128_kernel<opus_gemm_mxscale_bpreshuffle_4wave_128x128_traits_gfx950>(opus_gemm_mxscale_bpreshuffle_kargs_gfx950)",256,105984,0,132,0,112,"OPUS_GFX950_TCP_TCP_TA_ADDR_STALL_CYCLES_SUM",99206.000000,3248253854358217,3248253854366857
281,281,"Agent 5",1,1196674,1196674,57344,1394,"void gemm_a8w8_mxfp8_scale_4wave_128x128_kernel<opus_gemm_mxscale_bpreshuffle_4wave_128x128_traits_gfx950>(opus_gemm_mxscale_bpreshuffle_kargs_gfx950)",256,105984,0,132,0,112,"OPUS_GFX950_TCP_GATE_EN1_SUM",4590280.000000,3248253854358217,3248253854366857
281,281,"Agent 5",1,1196674,1196674,57344,1394,"void gemm_a8w8_mxfp8_scale_4wave_128x128_kernel<opus_gemm_mxscale_bpreshuffle_4wave_128x128_traits_gfx950>(opus_gemm_mxscale_bpreshuffle_kargs_gfx950)",256,105984,0,132,0,112,"OPUS_GFX950_SQ_VMEM_TA_ADDR_FIFO_FULL_SUM",55510.000000,3248253854358217,3248253854366857
281,281,"Agent 5",1,1196674,1196674,57344,1394,"void gemm_a8w8_mxfp8_scale_4wave_128x128_kernel<opus_gemm_mxscale_bpreshuffle_4wave_128x128_traits_gfx950>(opus_gemm_mxscale_bpreshuffle_kargs_gfx950)",256,105984,0,132,0,112,"OPUS_GFX950_SQ_LDS_BANK_CONFLICT_SUM",172032.000000,3248253854358217,3248253854366857
281,281,"Agent 5",1,1196674,1196674,57344,1394,"void gemm_a8w8_mxfp8_scale_4wave_128x128_kernel<opus_gemm_mxscale_bpreshuffle_4wave_128x128_traits_gfx950>(opus_gemm_mxscale_bpreshuffle_kargs_gfx950)",256,105984,0,132,0,112,"OPUS_GFX950_SQ_WAIT_INST_LDS_SUM",58536.000000,3248253854358217,3248253854366857
281,281,"Agent 5",1,1196674,1196674,57344,1394,"void gemm_a8w8_mxfp8_scale_4wave_128x128_kernel<opus_gemm_mxscale_bpreshuffle_4wave_128x128_traits_gfx950>(opus_gemm_mxscale_bpreshuffle_kargs_gfx950)",256,105984,0,132,0,112,"OPUS_GFX950_TCP_RFIFO_STALL_CYCLES_SUM",8385.000000,3248253854358217,3248253854366857
281,281,"Agent 5",1,1196674,1196674,57344,1394,"void gemm_a8w8_mxfp8_scale_4wave_128x128_kernel<opus_gemm_mxscale_bpreshuffle_4wave_128x128_traits_gfx950>(opus_gemm_mxscale_bpreshuffle_kargs_gfx950)",256,105984,0,132,0,112,"OPUS_GFX950_TCP_READ_TAGCONFLICT_STALL_CYCLES_SUM",0.00000000e+00,3248253854358217,3248253854366857
281,281,"Agent 5",1,1196674,1196674,57344,1394,"void gemm_a8w8_mxfp8_scale_4wave_128x128_kernel<opus_gemm_mxscale_bpreshuffle_4wave_128x128_traits_gfx950>(opus_gemm_mxscale_bpreshuffle_kargs_gfx950)",256,105984,0,132,0,112,"OPUS_GFX950_TA_BUFFER_READ_LDS_WAVEFRONTS_SUM",21504.000000,3248253854358217,3248253854366857
281,281,"Agent 5",1,1196674,1196674,57344,1394,"void gemm_a8w8_mxfp8_scale_4wave_128x128_kernel<opus_gemm_mxscale_bpreshuffle_4wave_128x128_traits_gfx950>(opus_gemm_mxscale_bpreshuffle_kargs_gfx950)",256,105984,0,132,0,112,"OPUS_GFX950_TA_BUFFER_READ_WAVEFRONTS_SUM",21952.000000,3248253854358217,3248253854366857
282,282,"Agent 5",1,1196674,1196674,57344,1394,"void gemm_a8w8_mxfp8_scale_4wave_128x128_kernel<opus_gemm_mxscale_bpreshuffle_4wave_128x128_traits_gfx950>(opus_gemm_mxscale_bpreshuffle_kargs_gfx950)",256,105984,0,132,0,112,"OPUS_GFX950_GRBM_COUNT_MAX",38709.000000,3248253854929502,3248253854937862
282,282,"Agent 5",1,1196674,1196674,57344,1394,"void gemm_a8w8_mxfp8_scale_4wave_128x128_kernel<opus_gemm_mxscale_bpreshuffle_4wave_128x128_traits_gfx950>(opus_gemm_mxscale_bpreshuffle_kargs_gfx950)",256,105984,0,132,0,112,"OPUS_GFX950_GRBM_GUI_ACTIVE_MAX",38709.000000,3248253854929502,3248253854937862
282,282,"Agent 5",1,1196674,1196674,57344,1394,"void gemm_a8w8_mxfp8_scale_4wave_128x128_kernel<opus_gemm_mxscale_bpreshuffle_4wave_128x128_traits_gfx950>(opus_gemm_mxscale_bpreshuffle_kargs_gfx950)",256,105984,0,132,0,112,"OPUS_GFX950_SQ_BUSY_CYCLES_SUM",483317.000000,3248253854929502,3248253854937862
282,282,"Agent 5",1,1196674,1196674,57344,1394,"void gemm_a8w8_mxfp8_scale_4wave_128x128_kernel<opus_gemm_mxscale_bpreshuffle_4wave_128x128_traits_gfx950>(opus_gemm_mxscale_bpreshuffle_kargs_gfx950)",256,105984,0,132,0,112,"OPUS_GFX950_TCP_TCP_TA_ADDR_STALL_CYCLES_SUM",95890.000000,3248253854929502,3248253854937862
282,282,"Agent 5",1,1196674,1196674,57344,1394,"void gemm_a8w8_mxfp8_scale_4wave_128x128_kernel<opus_gemm_mxscale_bpreshuffle_4wave_128x128_traits_gfx950>(opus_gemm_mxscale_bpreshuffle_kargs_gfx950)",256,105984,0,132,0,112,"OPUS_GFX950_TCP_GATE_EN1_SUM",4491120.000000,3248253854929502,3248253854937862
282,282,"Agent 5",1,1196674,1196674,57344,1394,"void gemm_a8w8_mxfp8_scale_4wave_128x128_kernel<opus_gemm_mxscale_bpreshuffle_4wave_128x128_traits_gfx950>(opus_gemm_mxscale_bpreshuffle_kargs_gfx950)",256,105984,0,132,0,112,"OPUS_GFX950_SQ_VMEM_TA_ADDR_FIFO_FULL_SUM",48044.000000,3248253854929502,3248253854937862
282,282,"Agent 5",1,1196674,1196674,57344,1394,"void gemm_a8w8_mxfp8_scale_4wave_128x128_kernel<opus_gemm_mxscale_bpreshuffle_4wave_128x128_traits_gfx950>(opus_gemm_mxscale_bpreshuffle_kargs_gfx950)",256,105984,0,132,0,112,"OPUS_GFX950_SQ_LDS_BANK_CONFLICT_SUM",172032.000000,3248253854929502,3248253854937862
282,282,"Agent 5",1,1196674,1196674,57344,1394,"void gemm_a8w8_mxfp8_scale_4wave_128x128_kernel<opus_gemm_mxscale_bpreshuffle_4wave_128x128_traits_gfx950>(opus_gemm_mxscale_bpreshuffle_kargs_gfx950)",256,105984,0,132,0,112,"OPUS_GFX950_SQ_WAIT_INST_LDS_SUM",58646.000000,3248253854929502,3248253854937862
282,282,"Agent 5",1,1196674,1196674,57344,1394,"void gemm_a8w8_mxfp8_scale_4wave_128x128_kernel<opus_gemm_mxscale_bpreshuffle_4wave_128x128_traits_gfx950>(opus_gemm_mxscale_bpreshuffle_kargs_gfx950)",256,105984,0,132,0,112,"OPUS_GFX950_TCP_RFIFO_STALL_CYCLES_SUM",8218.000000,3248253854929502,3248253854937862
282,282,"Agent 5",1,1196674,1196674,57344,1394,"void gemm_a8w8_mxfp8_scale_4wave_128x128_kernel<opus_gemm_mxscale_bpreshuffle_4wave_128x128_traits_gfx950>(opus_gemm_mxscale_bpreshuffle_kargs_gfx950)",256,105984,0,132,0,112,"OPUS_GFX950_TCP_READ_TAGCONFLICT_STALL_CYCLES_SUM",0.00000000e+00,3248253854929502,3248253854937862
282,282,"Agent 5",1,1196674,1196674,57344,1394,"void gemm_a8w8_mxfp8_scale_4wave_128x128_kernel<opus_gemm_mxscale_bpreshuffle_4wave_128x128_traits_gfx950>(opus_gemm_mxscale_bpreshuffle_kargs_gfx950)",256,105984,0,132,0,112,"OPUS_GFX950_TA_BUFFER_READ_LDS_WAVEFRONTS_SUM",21504.000000,3248253854929502,3248253854937862
282,282,"Agent 5",1,1196674,1196674,57344,1394,"void gemm_a8w8_mxfp8_scale_4wave_128x128_kernel<opus_gemm_mxscale_bpreshuffle_4wave_128x128_traits_gfx950>(opus_gemm_mxscale_bpreshuffle_kargs_gfx950)",256,105984,0,132,0,112,"OPUS_GFX950_TA_BUFFER_READ_WAVEFRONTS_SUM",21952.000000,3248253854929502,3248253854937862
283,283,"Agent 5",1,1196674,1196674,57344,1394,"void gemm_a8w8_mxfp8_scale_4wave_128x128_kernel<opus_gemm_mxscale_bpreshuffle_4wave_128x128_traits_gfx950>(opus_gemm_mxscale_bpreshuffle_kargs_gfx950)",256,105984,0,132,0,112,"OPUS_GFX950_GRBM_COUNT_MAX",35598.000000,3248253855502867,3248253855510987
283,283,"Agent 5",1,1196674,1196674,57344,1394,"void gemm_a8w8_mxfp8_scale_4wave_128x128_kernel<opus_gemm_mxscale_bpreshuffle_4wave_128x128_traits_gfx950>(opus_gemm_mxscale_bpreshuffle_kargs_gfx950)",256,105984,0,132,0,112,"OPUS_GFX950_GRBM_GUI_ACTIVE_MAX",35598.000000,3248253855502867,3248253855510987
283,283,"Agent 5",1,1196674,1196674,57344,1394,"void gemm_a8w8_mxfp8_scale_4wave_128x128_kernel<opus_gemm_mxscale_bpreshuffle_4wave_128x128_traits_gfx950>(opus_gemm_mxscale_bpreshuffle_kargs_gfx950)",256,105984,0,132,0,112,"OPUS_GFX950_SQ_BUSY_CYCLES_SUM",469823.000000,3248253855502867,3248253855510987
283,283,"Agent 5",1,1196674,1196674,57344,1394,"void gemm_a8w8_mxfp8_scale_4wave_128x128_kernel<opus_gemm_mxscale_bpreshuffle_4wave_128x128_traits_gfx950>(opus_gemm_mxscale_bpreshuffle_kargs_gfx950)",256,105984,0,132,0,112,"OPUS_GFX950_TCP_TCP_TA_ADDR_STALL_CYCLES_SUM",158144.000000,3248253855502867,3248253855510987
283,283,"Agent 5",1,1196674,1196674,57344,1394,"void gemm_a8w8_mxfp8_scale_4wave_128x128_kernel<opus_gemm_mxscale_bpreshuffle_4wave_128x128_traits_gfx950>(opus_gemm_mxscale_bpreshuffle_kargs_gfx950)",256,105984,0,132,0,112,"OPUS_GFX950_TCP_GATE_EN1_SUM",4383016.000000,3248253855502867,3248253855510987
283,283,"Agent 5",1,1196674,1196674,57344,1394,"void gemm_a8w8_mxfp8_scale_4wave_128x128_kernel<opus_gemm_mxscale_bpreshuffle_4wave_128x128_traits_gfx950>(opus_gemm_mxscale_bpreshuffle_kargs_gfx950)",256,105984,0,132,0,112,"OPUS_GFX950_SQ_VMEM_TA_ADDR_FIFO_FULL_SUM",52085.000000,3248253855502867,3248253855510987
283,283,"Agent 5",1,1196674,1196674,57344,1394,"void gemm_a8w8_mxfp8_scale_4wave_128x128_kernel<opus_gemm_mxscale_bpreshuffle_4wave_128x128_traits_gfx950>(opus_gemm_mxscale_bpreshuffle_kargs_gfx950)",256,105984,0,132,0,112,"OPUS_GFX950_SQ_LDS_BANK_CONFLICT_SUM",172032.000000,3248253855502867,3248253855510987
283,283,"Agent 5",1,1196674,1196674,57344,1394,"void gemm_a8w8_mxfp8_scale_4wave_128x128_kernel<opus_gemm_mxscale_bpreshuffle_4wave_128x128_traits_gfx950>(opus_gemm_mxscale_bpreshuffle_kargs_gfx950)",256,105984,0,132,0,112,"OPUS_GFX950_SQ_WAIT_INST_LDS_SUM",58981.000000,3248253855502867,3248253855510987
283,283,"Agent 5",1,1196674,1196674,57344,1394,"void gemm_a8w8_mxfp8_scale_4wave_128x128_kernel<opus_gemm_mxscale_bpreshuffle_4wave_128x128_traits_gfx950>(opus_gemm_mxscale_bpreshuffle_kargs_gfx950)",256,105984,0,132,0,112,"OPUS_GFX950_TCP_RFIFO_STALL_CYCLES_SUM",7916.000000,3248253855502867,3248253855510987
283,283,"Agent 5",1,1196674,1196674,57344,1394,"void gemm_a8w8_mxfp8_scale_4wave_128x128_kernel<opus_gemm_mxscale_bpreshuffle_4wave_128x128_traits_gfx950>(opus_gemm_mxscale_bpreshuffle_kargs_gfx950)",256,105984,0,132,0,112,"OPUS_GFX950_TCP_READ_TAGCONFLICT_STALL_CYCLES_SUM",0.00000000e+00,3248253855502867,3248253855510987
283,283,"Agent 5",1,1196674,1196674,57344,1394,"void gemm_a8w8_mxfp8_scale_4wave_128x128_kernel<opus_gemm_mxscale_bpreshuffle_4wave_128x128_traits_gfx950>(opus_gemm_mxscale_bpreshuffle_kargs_gfx950)",256,105984,0,132,0,112,"OPUS_GFX950_TA_BUFFER_READ_LDS_WAVEFRONTS_SUM",21504.000000,3248253855502867,3248253855510987
283,283,"Agent 5",1,1196674,1196674,57344,1394,"void gemm_a8w8_mxfp8_scale_4wave_128x128_kernel<opus_gemm_mxscale_bpreshuffle_4wave_128x128_traits_gfx950>(opus_gemm_mxscale_bpreshuffle_kargs_gfx950)",256,105984,0,132,0,112,"OPUS_GFX950_TA_BUFFER_READ_WAVEFRONTS_SUM",21952.000000,3248253855502867,3248253855510987
284,284,"Agent 5",1,1196674,1196674,57344,1394,"void gemm_a8w8_mxfp8_scale_4wave_128x128_kernel<opus_gemm_mxscale_bpreshuffle_4wave_128x128_traits_gfx950>(opus_gemm_mxscale_bpreshuffle_kargs_gfx950)",256,105984,0,132,0,112,"OPUS_GFX950_GRBM_COUNT_MAX",35151.000000,3248253856076912,3248253856085072
284,284,"Agent 5",1,1196674,1196674,57344,1394,"void gemm_a8w8_mxfp8_scale_4wave_128x128_kernel<opus_gemm_mxscale_bpreshuffle_4wave_128x128_traits_gfx950>(opus_gemm_mxscale_bpreshuffle_kargs_gfx950)",256,105984,0,132,0,112,"OPUS_GFX950_GRBM_GUI_ACTIVE_MAX",35151.000000,3248253856076912,3248253856085072
284,284,"Agent 5",1,1196674,1196674,57344,1394,"void gemm_a8w8_mxfp8_scale_4wave_128x128_kernel<opus_gemm_mxscale_bpreshuffle_4wave_128x128_traits_gfx950>(opus_gemm_mxscale_bpreshuffle_kargs_gfx950)",256,105984,0,132,0,112,"OPUS_GFX950_SQ_BUSY_CYCLES_SUM",461305.000000,3248253856076912,3248253856085072
284,284,"Agent 5",1,1196674,1196674,57344,1394,"void gemm_a8w8_mxfp8_scale_4wave_128x128_kernel<opus_gemm_mxscale_bpreshuffle_4wave_128x128_traits_gfx950>(opus_gemm_mxscale_bpreshuffle_kargs_gfx950)",256,105984,0,132,0,112,"OPUS_GFX950_TCP_TCP_TA_ADDR_STALL_CYCLES_SUM",138573.000000,3248253856076912,3248253856085072
284,284,"Agent 5",1,1196674,1196674,57344,1394,"void gemm_a8w8_mxfp8_scale_4wave_128x128_kernel<opus_gemm_mxscale_bpreshuffle_4wave_128x128_traits_gfx950>(opus_gemm_mxscale_bpreshuffle_kargs_gfx950)",256,105984,0,132,0,112,"OPUS_GFX950_TCP_GATE_EN1_SUM",4314592.000000,3248253856076912,3248253856085072
284,284,"Agent 5",1,1196674,1196674,57344,1394,"void gemm_a8w8_mxfp8_scale_4wave_128x128_kernel<opus_gemm_mxscale_bpreshuffle_4wave_128x128_traits_gfx950>(opus_gemm_mxscale_bpreshuffle_kargs_gfx950)",256,105984,0,132,0,112,"OPUS_GFX950_SQ_VMEM_TA_ADDR_FIFO_FULL_SUM",55844.000000,3248253856076912,3248253856085072
284,284,"Agent 5",1,1196674,1196674,57344,1394,"void gemm_a8w8_mxfp8_scale_4wave_128x128_kernel<opus_gemm_mxscale_bpreshuffle_4wave_128x128_traits_gfx950>(opus_gemm_mxscale_bpreshuffle_kargs_gfx950)",256,105984,0,132,0,112,"OPUS_GFX950_SQ_LDS_BANK_CONFLICT_SUM",172032.000000,3248253856076912,3248253856085072
284,284,"Agent 5",1,1196674,1196674,57344,1394,"void gemm_a8w8_mxfp8_scale_4wave_128x128_kernel<opus_gemm_mxscale_bpreshuffle_4wave_128x128_traits_gfx950>(opus_gemm_mxscale_bpreshuffle_kargs_gfx950)",256,105984,0,132,0,112,"OPUS_GFX950_SQ_WAIT_INST_LDS_SUM",58200.000000,3248253856076912,3248253856085072
284,284,"Agent 5",1,1196674,1196674,57344,1394,"void gemm_a8w8_mxfp8_scale_4wave_128x128_kernel<opus_gemm_mxscale_bpreshuffle_4wave_128x128_traits_gfx950>(opus_gemm_mxscale_bpreshuffle_kargs_gfx950)",256,105984,0,132,0,112,"OPUS_GFX950_TCP_RFIFO_STALL_CYCLES_SUM",9507.000000,3248253856076912,3248253856085072
284,284,"Agent 5",1,1196674,1196674,57344,1394,"void gemm_a8w8_mxfp8_scale_4wave_128x128_kernel<opus_gemm_mxscale_bpreshuffle_4wave_128x128_traits_gfx950>(opus_gemm_mxscale_bpreshuffle_kargs_gfx950)",256,105984,0,132,0,112,"OPUS_GFX950_TCP_READ_TAGCONFLICT_STALL_CYCLES_SUM",0.00000000e+00,3248253856076912,3248253856085072
284,284,"Agent 5",1,1196674,1196674,57344,1394,"void gemm_a8w8_mxfp8_scale_4wave_128x128_kernel<opus_gemm_mxscale_bpreshuffle_4wave_128x128_traits_gfx950>(opus_gemm_mxscale_bpreshuffle_kargs_gfx950)",256,105984,0,132,0,112,"OPUS_GFX950_TA_BUFFER_READ_LDS_WAVEFRONTS_SUM",21504.000000,3248253856076912,3248253856085072
284,284,"Agent 5",1,1196674,1196674,57344,1394,"void gemm_a8w8_mxfp8_scale_4wave_128x128_kernel<opus_gemm_mxscale_bpreshuffle_4wave_128x128_traits_gfx950>(opus_gemm_mxscale_bpreshuffle_kargs_gfx950)",256,105984,0,132,0,112,"OPUS_GFX950_TA_BUFFER_READ_WAVEFRONTS_SUM",21952.000000,3248253856076912,3248253856085072
285,285,"Agent 5",1,1196674,1196674,57344,1394,"void gemm_a8w8_mxfp8_scale_4wave_128x128_kernel<opus_gemm_mxscale_bpreshuffle_4wave_128x128_traits_gfx950>(opus_gemm_mxscale_bpreshuffle_kargs_gfx950)",256,105984,0,132,0,112,"OPUS_GFX950_GRBM_COUNT_MAX",43428.000000,3248253856632277,3248253856641037
285,285,"Agent 5",1,1196674,1196674,57344,1394,"void gemm_a8w8_mxfp8_scale_4wave_128x128_kernel<opus_gemm_mxscale_bpreshuffle_4wave_128x128_traits_gfx950>(opus_gemm_mxscale_bpreshuffle_kargs_gfx950)",256,105984,0,132,0,112,"OPUS_GFX950_GRBM_GUI_ACTIVE_MAX",43428.000000,3248253856632277,3248253856641037
285,285,"Agent 5",1,1196674,1196674,57344,1394,"void gemm_a8w8_mxfp8_scale_4wave_128x128_kernel<opus_gemm_mxscale_bpreshuffle_4wave_128x128_traits_gfx950>(opus_gemm_mxscale_bpreshuffle_kargs_gfx950)",256,105984,0,132,0,112,"OPUS_GFX950_SQ_BUSY_CYCLES_SUM",507944.000000,3248253856632277,3248253856641037
285,285,"Agent 5",1,1196674,1196674,57344,1394,"void gemm_a8w8_mxfp8_scale_4wave_128x128_kernel<opus_gemm_mxscale_bpreshuffle_4wave_128x128_traits_gfx950>(opus_gemm_mxscale_bpreshuffle_kargs_gfx950)",256,105984,0,132,0,112,"OPUS_GFX950_TCP_TCP_TA_ADDR_STALL_CYCLES_SUM",127590.000000,3248253856632277,3248253856641037
285,285,"Agent 5",1,1196674,1196674,57344,1394,"void gemm_a8w8_mxfp8_scale_4wave_128x128_kernel<opus_gemm_mxscale_bpreshuffle_4wave_128x128_traits_gfx950>(opus_gemm_mxscale_bpreshuffle_kargs_gfx950)",256,105984,0,132,0,112,"OPUS_GFX950_TCP_GATE_EN1_SUM",4687928.000000,3248253856632277,3248253856641037
285,285,"Agent 5",1,1196674,1196674,57344,1394,"void gemm_a8w8_mxfp8_scale_4wave_128x128_kernel<opus_gemm_mxscale_bpreshuffle_4wave_128x128_traits_gfx950>(opus_gemm_mxscale_bpreshuffle_kargs_gfx950)",256,105984,0,132,0,112,"OPUS_GFX950_SQ_VMEM_TA_ADDR_FIFO_FULL_SUM",63387.000000,3248253856632277,3248253856641037
285,285,"Agent 5",1,1196674,1196674,57344,1394,"void gemm_a8w8_mxfp8_scale_4wave_128x128_kernel<opus_gemm_mxscale_bpreshuffle_4wave_128x128_traits_gfx950>(opus_gemm_mxscale_bpreshuffle_kargs_gfx950)",256,105984,0,132,0,112,"OPUS_GFX950_SQ_LDS_BANK_CONFLICT_SUM",172032.000000,3248253856632277,3248253856641037
285,285,"Agent 5",1,1196674,1196674,57344,1394,"void gemm_a8w8_mxfp8_scale_4wave_128x128_kernel<opus_gemm_mxscale_bpreshuffle_4wave_128x128_traits_gfx950>(opus_gemm_mxscale_bpreshuffle_kargs_gfx950)",256,105984,0,132,0,112,"OPUS_GFX950_SQ_WAIT_INST_LDS_SUM",58250.000000,3248253856632277,3248253856641037
285,285,"Agent 5",1,1196674,1196674,57344,1394,"void gemm_a8w8_mxfp8_scale_4wave_128x128_kernel<opus_gemm_mxscale_bpreshuffle_4wave_128x128_traits_gfx950>(opus_gemm_mxscale_bpreshuffle_kargs_gfx950)",256,105984,0,132,0,112,"OPUS_GFX950_TCP_RFIFO_STALL_CYCLES_SUM",3424.000000,3248253856632277,3248253856641037
285,285,"Agent 5",1,1196674,1196674,57344,1394,"void gemm_a8w8_mxfp8_scale_4wave_128x128_kernel<opus_gemm_mxscale_bpreshuffle_4wave_128x128_traits_gfx950>(opus_gemm_mxscale_bpreshuffle_kargs_gfx950)",256,105984,0,132,0,112,"OPUS_GFX950_TCP_READ_TAGCONFLICT_STALL_CYCLES_SUM",0.00000000e+00,3248253856632277,3248253856641037
285,285,"Agent 5",1,1196674,1196674,57344,1394,"void gemm_a8w8_mxfp8_scale_4wave_128x128_kernel<opus_gemm_mxscale_bpreshuffle_4wave_128x128_traits_gfx950>(opus_gemm_mxscale_bpreshuffle_kargs_gfx950)",256,105984,0,132,0,112,"OPUS_GFX950_TA_BUFFER_READ_LDS_WAVEFRONTS_SUM",21504.000000,3248253856632277,3248253856641037
285,285,"Agent 5",1,1196674,1196674,57344,1394,"void gemm_a8w8_mxfp8_scale_4wave_128x128_kernel<opus_gemm_mxscale_bpreshuffle_4wave_128x128_traits_gfx950>(opus_gemm_mxscale_bpreshuffle_kargs_gfx950)",256,105984,0,132,0,112,"OPUS_GFX950_TA_BUFFER_READ_WAVEFRONTS_SUM",21952.000000,3248253856632277,3248253856641037
286,286,"Agent 5",1,1196674,1196674,57344,1394,"void gemm_a8w8_mxfp8_scale_4wave_128x128_kernel<opus_gemm_mxscale_bpreshuffle_4wave_128x128_traits_gfx950>(opus_gemm_mxscale_bpreshuffle_kargs_gfx950)",256,105984,0,132,0,112,"OPUS_GFX950_GRBM_COUNT_MAX",41580.000000,3248253857246283,3248253857254723
286,286,"Agent 5",1,1196674,1196674,57344,1394,"void gemm_a8w8_mxfp8_scale_4wave_128x128_kernel<opus_gemm_mxscale_bpreshuffle_4wave_128x128_traits_gfx950>(opus_gemm_mxscale_bpreshuffle_kargs_gfx950)",256,105984,0,132,0,112,"OPUS_GFX950_GRBM_GUI_ACTIVE_MAX",41580.000000,3248253857246283,3248253857254723
286,286,"Agent 5",1,1196674,1196674,57344,1394,"void gemm_a8w8_mxfp8_scale_4wave_128x128_kernel<opus_gemm_mxscale_bpreshuffle_4wave_128x128_traits_gfx950>(opus_gemm_mxscale_bpreshuffle_kargs_gfx950)",256,105984,0,132,0,112,"OPUS_GFX950_SQ_BUSY_CYCLES_SUM",484073.000000,3248253857246283,3248253857254723
286,286,"Agent 5",1,1196674,1196674,57344,1394,"void gemm_a8w8_mxfp8_scale_4wave_128x128_kernel<opus_gemm_mxscale_bpreshuffle_4wave_128x128_traits_gfx950>(opus_gemm_mxscale_bpreshuffle_kargs_gfx950)",256,105984,0,132,0,112,"OPUS_GFX950_TCP_TCP_TA_ADDR_STALL_CYCLES_SUM",147619.000000,3248253857246283,3248253857254723
286,286,"Agent 5",1,1196674,1196674,57344,1394,"void gemm_a8w8_mxfp8_scale_4wave_128x128_kernel<opus_gemm_mxscale_bpreshuffle_4wave_128x128_traits_gfx950>(opus_gemm_mxscale_bpreshuffle_kargs_gfx950)",256,105984,0,132,0,112,"OPUS_GFX950_TCP_GATE_EN1_SUM",4497120.000000,3248253857246283,3248253857254723
286,286,"Agent 5",1,1196674,1196674,57344,1394,"void gemm_a8w8_mxfp8_scale_4wave_128x128_kernel<opus_gemm_mxscale_bpreshuffle_4wave_128x128_traits_gfx950>(opus_gemm_mxscale_bpreshuffle_kargs_gfx950)",256,105984,0,132,0,112,"OPUS_GFX950_SQ_VMEM_TA_ADDR_FIFO_FULL_SUM",52225.000000,3248253857246283,3248253857254723
286,286,"Agent 5",1,1196674,1196674,57344,1394,"void gemm_a8w8_mxfp8_scale_4wave_128x128_kernel<opus_gemm_mxscale_bpreshuffle_4wave_128x128_traits_gfx950>(opus_gemm_mxscale_bpreshuffle_kargs_gfx950)",256,105984,0,132,0,112,"OPUS_GFX950_SQ_LDS_BANK_CONFLICT_SUM",172032.000000,3248253857246283,3248253857254723
286,286,"Agent 5",1,1196674,1196674,57344,1394,"void gemm_a8w8_mxfp8_scale_4wave_128x128_kernel<opus_gemm_mxscale_bpreshuffle_4wave_128x128_traits_gfx950>(opus_gemm_mxscale_bpreshuffle_kargs_gfx950)",256,105984,0,132,0,112,"OPUS_GFX950_SQ_WAIT_INST_LDS_SUM",59198.000000,3248253857246283,3248253857254723
286,286,"Agent 5",1,1196674,1196674,57344,1394,"void gemm_a8w8_mxfp8_scale_4wave_128x128_kernel<opus_gemm_mxscale_bpreshuffle_4wave_128x128_traits_gfx950>(opus_gemm_mxscale_bpreshuffle_kargs_gfx950)",256,105984,0,132,0,112,"OPUS_GFX950_TCP_RFIFO_STALL_CYCLES_SUM",8146.000000,3248253857246283,3248253857254723
286,286,"Agent 5",1,1196674,1196674,57344,1394,"void gemm_a8w8_mxfp8_scale_4wave_128x128_kernel<opus_gemm_mxscale_bpreshuffle_4wave_128x128_traits_gfx950>(opus_gemm_mxscale_bpreshuffle_kargs_gfx950)",256,105984,0,132,0,112,"OPUS_GFX950_TCP_READ_TAGCONFLICT_STALL_CYCLES_SUM",0.00000000e+00,3248253857246283,3248253857254723
286,286,"Agent 5",1,1196674,1196674,57344,1394,"void gemm_a8w8_mxfp8_scale_4wave_128x128_kernel<opus_gemm_mxscale_bpreshuffle_4wave_128x128_traits_gfx950>(opus_gemm_mxscale_bpreshuffle_kargs_gfx950)",256,105984,0,132,0,112,"OPUS_GFX950_TA_BUFFER_READ_LDS_WAVEFRONTS_SUM",21504.000000,3248253857246283,3248253857254723
286,286,"Agent 5",1,1196674,1196674,57344,1394,"void gemm_a8w8_mxfp8_scale_4wave_128x128_kernel<opus_gemm_mxscale_bpreshuffle_4wave_128x128_traits_gfx950>(opus_gemm_mxscale_bpreshuffle_kargs_gfx950)",256,105984,0,132,0,112,"OPUS_GFX950_TA_BUFFER_READ_WAVEFRONTS_SUM",21952.000000,3248253857246283,3248253857254723
287,287,"Agent 5",1,1196674,1196674,57344,1394,"void gemm_a8w8_mxfp8_scale_4wave_128x128_kernel<opus_gemm_mxscale_bpreshuffle_4wave_128x128_traits_gfx950>(opus_gemm_mxscale_bpreshuffle_kargs_gfx950)",256,105984,0,132,0,112,"OPUS_GFX950_GRBM_COUNT_MAX",48789.000000,3248253857857048,3248253857867849
287,287,"Agent 5",1,1196674,1196674,57344,1394,"void gemm_a8w8_mxfp8_scale_4wave_128x128_kernel<opus_gemm_mxscale_bpreshuffle_4wave_128x128_traits_gfx950>(opus_gemm_mxscale_bpreshuffle_kargs_gfx950)",256,105984,0,132,0,112,"OPUS_GFX950_GRBM_GUI_ACTIVE_MAX",48789.000000,3248253857857048,3248253857867849
287,287,"Agent 5",1,1196674,1196674,57344,1394,"void gemm_a8w8_mxfp8_scale_4wave_128x128_kernel<opus_gemm_mxscale_bpreshuffle_4wave_128x128_traits_gfx950>(opus_gemm_mxscale_bpreshuffle_kargs_gfx950)",256,105984,0,132,0,112,"OPUS_GFX950_SQ_BUSY_CYCLES_SUM",655452.000000,3248253857857048,3248253857867849
287,287,"Agent 5",1,1196674,1196674,57344,1394,"void gemm_a8w8_mxfp8_scale_4wave_128x128_kernel<opus_gemm_mxscale_bpreshuffle_4wave_128x128_traits_gfx950>(opus_gemm_mxscale_bpreshuffle_kargs_gfx950)",256,105984,0,132,0,112,"OPUS_GFX950_TCP_TCP_TA_ADDR_STALL_CYCLES_SUM",290697.000000,3248253857857048,3248253857867849
287,287,"Agent 5",1,1196674,1196674,57344,1394,"void gemm_a8w8_mxfp8_scale_4wave_128x128_kernel<opus_gemm_mxscale_bpreshuffle_4wave_128x128_traits_gfx950>(opus_gemm_mxscale_bpreshuffle_kargs_gfx950)",256,105984,0,132,0,112,"OPUS_GFX950_TCP_GATE_EN1_SUM",5868072.000000,3248253857857048,3248253857867849
287,287,"Agent 5",1,1196674,1196674,57344,1394,"void gemm_a8w8_mxfp8_scale_4wave_128x128_kernel<opus_gemm_mxscale_bpreshuffle_4wave_128x128_traits_gfx950>(opus_gemm_mxscale_bpreshuffle_kargs_gfx950)",256,105984,0,132,0,112,"OPUS_GFX950_SQ_VMEM_TA_ADDR_FIFO_FULL_SUM",77552.000000,3248253857857048,3248253857867849
287,287,"Agent 5",1,1196674,1196674,57344,1394,"void gemm_a8w8_mxfp8_scale_4wave_128x128_kernel<opus_gemm_mxscale_bpreshuffle_4wave_128x128_traits_gfx950>(opus_gemm_mxscale_bpreshuffle_kargs_gfx950)",256,105984,0,132,0,112,"OPUS_GFX950_SQ_LDS_BANK_CONFLICT_SUM",172032.000000,3248253857857048,3248253857867849
287,287,"Agent 5",1,1196674,1196674,57344,1394,"void gemm_a8w8_mxfp8_scale_4wave_128x128_kernel<opus_gemm_mxscale_bpreshuffle_4wave_128x128_traits_gfx950>(opus_gemm_mxscale_bpreshuffle_kargs_gfx950)",256,105984,0,132,0,112,"OPUS_GFX950_SQ_WAIT_INST_LDS_SUM",58568.000000,3248253857857048,3248253857867849
287,287,"Agent 5",1,1196674,1196674,57344,1394,"void gemm_a8w8_mxfp8_scale_4wave_128x128_kernel<opus_gemm_mxscale_bpreshuffle_4wave_128x128_traits_gfx950>(opus_gemm_mxscale_bpreshuffle_kargs_gfx950)",256,105984,0,132,0,112,"OPUS_GFX950_TCP_RFIFO_STALL_CYCLES_SUM",5946.000000,3248253857857048,3248253857867849
287,287,"Agent 5",1,1196674,1196674,57344,1394,"void gemm_a8w8_mxfp8_scale_4wave_128x128_kernel<opus_gemm_mxscale_bpreshuffle_4wave_128x128_traits_gfx950>(opus_gemm_mxscale_bpreshuffle_kargs_gfx950)",256,105984,0,132,0,112,"OPUS_GFX950_TCP_READ_TAGCONFLICT_STALL_CYCLES_SUM",0.00000000e+00,3248253857857048,3248253857867849
287,287,"Agent 5",1,1196674,1196674,57344,1394,"void gemm_a8w8_mxfp8_scale_4wave_128x128_kernel<opus_gemm_mxscale_bpreshuffle_4wave_128x128_traits_gfx950>(opus_gemm_mxscale_bpreshuffle_kargs_gfx950)",256,105984,0,132,0,112,"OPUS_GFX950_TA_BUFFER_READ_LDS_WAVEFRONTS_SUM",21504.000000,3248253857857048,3248253857867849
287,287,"Agent 5",1,1196674,1196674,57344,1394,"void gemm_a8w8_mxfp8_scale_4wave_128x128_kernel<opus_gemm_mxscale_bpreshuffle_4wave_128x128_traits_gfx950>(opus_gemm_mxscale_bpreshuffle_kargs_gfx950)",256,105984,0,132,0,112,"OPUS_GFX950_TA_BUFFER_READ_WAVEFRONTS_SUM",21952.000000,3248253857857048,3248253857867849
288,288,"Agent 5",1,1196674,1196674,57344,1394,"void gemm_a8w8_mxfp8_scale_4wave_128x128_kernel<opus_gemm_mxscale_bpreshuffle_4wave_128x128_traits_gfx950>(opus_gemm_mxscale_bpreshuffle_kargs_gfx950)",256,105984,0,132,0,112,"OPUS_GFX950_GRBM_COUNT_MAX",42558.000000,3248253858495294,3248253858503934
288,288,"Agent 5",1,1196674,1196674,57344,1394,"void gemm_a8w8_mxfp8_scale_4wave_128x128_kernel<opus_gemm_mxscale_bpreshuffle_4wave_128x128_traits_gfx950>(opus_gemm_mxscale_bpreshuffle_kargs_gfx950)",256,105984,0,132,0,112,"OPUS_GFX950_GRBM_GUI_ACTIVE_MAX",42558.000000,3248253858495294,3248253858503934
288,288,"Agent 5",1,1196674,1196674,57344,1394,"void gemm_a8w8_mxfp8_scale_4wave_128x128_kernel<opus_gemm_mxscale_bpreshuffle_4wave_128x128_traits_gfx950>(opus_gemm_mxscale_bpreshuffle_kargs_gfx950)",256,105984,0,132,0,112,"OPUS_GFX950_SQ_BUSY_CYCLES_SUM",495944.000000,3248253858495294,3248253858503934
288,288,"Agent 5",1,1196674,1196674,57344,1394,"void gemm_a8w8_mxfp8_scale_4wave_128x128_kernel<opus_gemm_mxscale_bpreshuffle_4wave_128x128_traits_gfx950>(opus_gemm_mxscale_bpreshuffle_kargs_gfx950)",256,105984,0,132,0,112,"OPUS_GFX950_TCP_TCP_TA_ADDR_STALL_CYCLES_SUM",117278.000000,3248253858495294,3248253858503934
288,288,"Agent 5",1,1196674,1196674,57344,1394,"void gemm_a8w8_mxfp8_scale_4wave_128x128_kernel<opus_gemm_mxscale_bpreshuffle_4wave_128x128_traits_gfx950>(opus_gemm_mxscale_bpreshuffle_kargs_gfx950)",256,105984,0,132,0,112,"OPUS_GFX950_TCP_GATE_EN1_SUM",4592008.000000,3248253858495294,3248253858503934
288,288,"Agent 5",1,1196674,1196674,57344,1394,"void gemm_a8w8_mxfp8_scale_4wave_128x128_kernel<opus_gemm_mxscale_bpreshuffle_4wave_128x128_traits_gfx950>(opus_gemm_mxscale_bpreshuffle_kargs_gfx950)",256,105984,0,132,0,112,"OPUS_GFX950_SQ_VMEM_TA_ADDR_FIFO_FULL_SUM",68530.000000,3248253858495294,3248253858503934
288,288,"Agent 5",1,1196674,1196674,57344,1394,"void gemm_a8w8_mxfp8_scale_4wave_128x128_kernel<opus_gemm_mxscale_bpreshuffle_4wave_128x128_traits_gfx950>(opus_gemm_mxscale_bpreshuffle_kargs_gfx950)",256,105984,0,132,0,112,"OPUS_GFX950_SQ_LDS_BANK_CONFLICT_SUM",172032.000000,3248253858495294,3248253858503934
288,288,"Agent 5",1,1196674,1196674,57344,1394,"void gemm_a8w8_mxfp8_scale_4wave_128x128_kernel<opus_gemm_mxscale_bpreshuffle_4wave_128x128_traits_gfx950>(opus_gemm_mxscale_bpreshuffle_kargs_gfx950)",256,105984,0,132,0,112,"OPUS_GFX950_SQ_WAIT_INST_LDS_SUM",58337.000000,3248253858495294,3248253858503934
288,288,"Agent 5",1,1196674,1196674,57344,1394,"void gemm_a8w8_mxfp8_scale_4wave_128x128_kernel<opus_gemm_mxscale_bpreshuffle_4wave_128x128_traits_gfx950>(opus_gemm_mxscale_bpreshuffle_kargs_gfx950)",256,105984,0,132,0,112,"OPUS_GFX950_TCP_RFIFO_STALL_CYCLES_SUM",8814.000000,3248253858495294,3248253858503934
288,288,"Agent 5",1,1196674,1196674,57344,1394,"void gemm_a8w8_mxfp8_scale_4wave_128x128_kernel<opus_gemm_mxscale_bpreshuffle_4wave_128x128_traits_gfx950>(opus_gemm_mxscale_bpreshuffle_kargs_gfx950)",256,105984,0,132,0,112,"OPUS_GFX950_TCP_READ_TAGCONFLICT_STALL_CYCLES_SUM",0.00000000e+00,3248253858495294,3248253858503934
288,288,"Agent 5",1,1196674,1196674,57344,1394,"void gemm_a8w8_mxfp8_scale_4wave_128x128_kernel<opus_gemm_mxscale_bpreshuffle_4wave_128x128_traits_gfx950>(opus_gemm_mxscale_bpreshuffle_kargs_gfx950)",256,105984,0,132,0,112,"OPUS_GFX950_TA_BUFFER_READ_LDS_WAVEFRONTS_SUM",21504.000000,3248253858495294,3248253858503934
288,288,"Agent 5",1,1196674,1196674,57344,1394,"void gemm_a8w8_mxfp8_scale_4wave_128x128_kernel<opus_gemm_mxscale_bpreshuffle_4wave_128x128_traits_gfx950>(opus_gemm_mxscale_bpreshuffle_kargs_gfx950)",256,105984,0,132,0,112,"OPUS_GFX950_TA_BUFFER_READ_WAVEFRONTS_SUM",21952.000000,3248253858495294,3248253858503934
289,289,"Agent 5",1,1196674,1196674,57344,1394,"void gemm_a8w8_mxfp8_scale_4wave_128x128_kernel<opus_gemm_mxscale_bpreshuffle_4wave_128x128_traits_gfx950>(opus_gemm_mxscale_bpreshuffle_kargs_gfx950)",256,105984,0,132,0,112,"OPUS_GFX950_GRBM_COUNT_MAX",38750.000000,3248253859121900,3248253859130380
289,289,"Agent 5",1,1196674,1196674,57344,1394,"void gemm_a8w8_mxfp8_scale_4wave_128x128_kernel<opus_gemm_mxscale_bpreshuffle_4wave_128x128_traits_gfx950>(opus_gemm_mxscale_bpreshuffle_kargs_gfx950)",256,105984,0,132,0,112,"OPUS_GFX950_GRBM_GUI_ACTIVE_MAX",38750.000000,3248253859121900,3248253859130380
289,289,"Agent 5",1,1196674,1196674,57344,1394,"void gemm_a8w8_mxfp8_scale_4wave_128x128_kernel<opus_gemm_mxscale_bpreshuffle_4wave_128x128_traits_gfx950>(opus_gemm_mxscale_bpreshuffle_kargs_gfx950)",256,105984,0,132,0,112,"OPUS_GFX950_SQ_BUSY_CYCLES_SUM",492149.000000,3248253859121900,3248253859130380
289,289,"Agent 5",1,1196674,1196674,57344,1394,"void gemm_a8w8_mxfp8_scale_4wave_128x128_kernel<opus_gemm_mxscale_bpreshuffle_4wave_128x128_traits_gfx950>(opus_gemm_mxscale_bpreshuffle_kargs_gfx950)",256,105984,0,132,0,112,"OPUS_GFX950_TCP_TCP_TA_ADDR_STALL_CYCLES_SUM",116729.000000,3248253859121900,3248253859130380
289,289,"Agent 5",1,1196674,1196674,57344,1394,"void gemm_a8w8_mxfp8_scale_4wave_128x128_kernel<opus_gemm_mxscale_bpreshuffle_4wave_128x128_traits_gfx950>(opus_gemm_mxscale_bpreshuffle_kargs_gfx950)",256,105984,0,132,0,112,"OPUS_GFX950_TCP_GATE_EN1_SUM",4561512.000000,3248253859121900,3248253859130380
289,289,"Agent 5",1,1196674,1196674,57344,1394,"void gemm_a8w8_mxfp8_scale_4wave_128x128_kernel<opus_gemm_mxscale_bpreshuffle_4wave_128x128_traits_gfx950>(opus_gemm_mxscale_bpreshuffle_kargs_gfx950)",256,105984,0,132,0,112,"OPUS_GFX950_SQ_VMEM_TA_ADDR_FIFO_FULL_SUM",56688.000000,3248253859121900,3248253859130380
289,289,"Agent 5",1,1196674,1196674,57344,1394,"void gemm_a8w8_mxfp8_scale_4wave_128x128_kernel<opus_gemm_mxscale_bpreshuffle_4wave_128x128_traits_gfx950>(opus_gemm_mxscale_bpreshuffle_kargs_gfx950)",256,105984,0,132,0,112,"OPUS_GFX950_SQ_LDS_BANK_CONFLICT_SUM",172032.000000,3248253859121900,3248253859130380
289,289,"Agent 5",1,1196674,1196674,57344,1394,"void gemm_a8w8_mxfp8_scale_4wave_128x128_kernel<opus_gemm_mxscale_bpreshuffle_4wave_128x128_traits_gfx950>(opus_gemm_mxscale_bpreshuffle_kargs_gfx950)",256,105984,0,132,0,112,"OPUS_GFX950_SQ_WAIT_INST_LDS_SUM",58432.000000,3248253859121900,3248253859130380
289,289,"Agent 5",1,1196674,1196674,57344,1394,"void gemm_a8w8_mxfp8_scale_4wave_128x128_kernel<opus_gemm_mxscale_bpreshuffle_4wave_128x128_traits_gfx950>(opus_gemm_mxscale_bpreshuffle_kargs_gfx950)",256,105984,0,132,0,112,"OPUS_GFX950_TCP_RFIFO_STALL_CYCLES_SUM",4144.000000,3248253859121900,3248253859130380
289,289,"Agent 5",1,1196674,1196674,57344,1394,"void gemm_a8w8_mxfp8_scale_4wave_128x128_kernel<opus_gemm_mxscale_bpreshuffle_4wave_128x128_traits_gfx950>(opus_gemm_mxscale_bpreshuffle_kargs_gfx950)",256,105984,0,132,0,112,"OPUS_GFX950_TCP_READ_TAGCONFLICT_STALL_CYCLES_SUM",0.00000000e+00,3248253859121900,3248253859130380
289,289,"Agent 5",1,1196674,1196674,57344,1394,"void gemm_a8w8_mxfp8_scale_4wave_128x128_kernel<opus_gemm_mxscale_bpreshuffle_4wave_128x128_traits_gfx950>(opus_gemm_mxscale_bpreshuffle_kargs_gfx950)",256,105984,0,132,0,112,"OPUS_GFX950_TA_BUFFER_READ_LDS_WAVEFRONTS_SUM",21504.000000,3248253859121900,3248253859130380
289,289,"Agent 5",1,1196674,1196674,57344,1394,"void gemm_a8w8_mxfp8_scale_4wave_128x128_kernel<opus_gemm_mxscale_bpreshuffle_4wave_128x128_traits_gfx950>(opus_gemm_mxscale_bpreshuffle_kargs_gfx950)",256,105984,0,132,0,112,"OPUS_GFX950_TA_BUFFER_READ_WAVEFRONTS_SUM",21952.000000,3248253859121900,3248253859130380
290,290,"Agent 5",1,1196674,1196674,57344,1394,"void gemm_a8w8_mxfp8_scale_4wave_128x128_kernel<opus_gemm_mxscale_bpreshuffle_4wave_128x128_traits_gfx950>(opus_gemm_mxscale_bpreshuffle_kargs_gfx950)",256,105984,0,132,0,112,"OPUS_GFX950_GRBM_COUNT_MAX",40348.000000,3248253859756146,3248253859764666
290,290,"Agent 5",1,1196674,1196674,57344,1394,"void gemm_a8w8_mxfp8_scale_4wave_128x128_kernel<opus_gemm_mxscale_bpreshuffle_4wave_128x128_traits_gfx950>(opus_gemm_mxscale_bpreshuffle_kargs_gfx950)",256,105984,0,132,0,112,"OPUS_GFX950_GRBM_GUI_ACTIVE_MAX",40348.000000,3248253859756146,3248253859764666
290,290,"Agent 5",1,1196674,1196674,57344,1394,"void gemm_a8w8_mxfp8_scale_4wave_128x128_kernel<opus_gemm_mxscale_bpreshuffle_4wave_128x128_traits_gfx950>(opus_gemm_mxscale_bpreshuffle_kargs_gfx950)",256,105984,0,132,0,112,"OPUS_GFX950_SQ_BUSY_CYCLES_SUM",493685.000000,3248253859756146,3248253859764666
290,290,"Agent 5",1,1196674,1196674,57344,1394,"void gemm_a8w8_mxfp8_scale_4wave_128x128_kernel<opus_gemm_mxscale_bpreshuffle_4wave_128x128_traits_gfx950>(opus_gemm_mxscale_bpreshuffle_kargs_gfx950)",256,105984,0,132,0,112,"OPUS_GFX950_TCP_TCP_TA_ADDR_STALL_CYCLES_SUM",151559.000000,3248253859756146,3248253859764666
290,290,"Agent 5",1,1196674,1196674,57344,1394,"void gemm_a8w8_mxfp8_scale_4wave_128x128_kernel<opus_gemm_mxscale_bpreshuffle_4wave_128x128_traits_gfx950>(opus_gemm_mxscale_bpreshuffle_kargs_gfx950)",256,105984,0,132,0,112,"OPUS_GFX950_TCP_GATE_EN1_SUM",4573696.000000,3248253859756146,3248253859764666
290,290,"Agent 5",1,1196674,1196674,57344,1394,"void gemm_a8w8_mxfp8_scale_4wave_128x128_kernel<opus_gemm_mxscale_bpreshuffle_4wave_128x128_traits_gfx950>(opus_gemm_mxscale_bpreshuffle_kargs_gfx950)",256,105984,0,132,0,112,"OPUS_GFX950_SQ_VMEM_TA_ADDR_FIFO_FULL_SUM",85877.000000,3248253859756146,3248253859764666
290,290,"Agent 5",1,1196674,1196674,57344,1394,"void gemm_a8w8_mxfp8_scale_4wave_128x128_kernel<opus_gemm_mxscale_bpreshuffle_4wave_128x128_traits_gfx950>(opus_gemm_mxscale_bpreshuffle_kargs_gfx950)",256,105984,0,132,0,112,"OPUS_GFX950_SQ_LDS_BANK_CONFLICT_SUM",172032.000000,3248253859756146,3248253859764666
290,290,"Agent 5",1,1196674,1196674,57344,1394,"void gemm_a8w8_mxfp8_scale_4wave_128x128_kernel<opus_gemm_mxscale_bpreshuffle_4wave_128x128_traits_gfx950>(opus_gemm_mxscale_bpreshuffle_kargs_gfx950)",256,105984,0,132,0,112,"OPUS_GFX950_SQ_WAIT_INST_LDS_SUM",59120.000000,3248253859756146,3248253859764666
290,290,"Agent 5",1,1196674,1196674,57344,1394,"void gemm_a8w8_mxfp8_scale_4wave_128x128_kernel<opus_gemm_mxscale_bpreshuffle_4wave_128x128_traits_gfx950>(opus_gemm_mxscale_bpreshuffle_kargs_gfx950)",256,105984,0,132,0,112,"OPUS_GFX950_TCP_RFIFO_STALL_CYCLES_SUM",7780.000000,3248253859756146,3248253859764666
290,290,"Agent 5",1,1196674,1196674,57344,1394,"void gemm_a8w8_mxfp8_scale_4wave_128x128_kernel<opus_gemm_mxscale_bpreshuffle_4wave_128x128_traits_gfx950>(opus_gemm_mxscale_bpreshuffle_kargs_gfx950)",256,105984,0,132,0,112,"OPUS_GFX950_TCP_READ_TAGCONFLICT_STALL_CYCLES_SUM",0.00000000e+00,3248253859756146,3248253859764666
290,290,"Agent 5",1,1196674,1196674,57344,1394,"void gemm_a8w8_mxfp8_scale_4wave_128x128_kernel<opus_gemm_mxscale_bpreshuffle_4wave_128x128_traits_gfx950>(opus_gemm_mxscale_bpreshuffle_kargs_gfx950)",256,105984,0,132,0,112,"OPUS_GFX950_TA_BUFFER_READ_LDS_WAVEFRONTS_SUM",21504.000000,3248253859756146,3248253859764666
290,290,"Agent 5",1,1196674,1196674,57344,1394,"void gemm_a8w8_mxfp8_scale_4wave_128x128_kernel<opus_gemm_mxscale_bpreshuffle_4wave_128x128_traits_gfx950>(opus_gemm_mxscale_bpreshuffle_kargs_gfx950)",256,105984,0,132,0,112,"OPUS_GFX950_TA_BUFFER_READ_WAVEFRONTS_SUM",21952.000000,3248253859756146,3248253859764666
291,291,"Agent 5",1,1196674,1196674,57344,1394,"void gemm_a8w8_mxfp8_scale_4wave_128x128_kernel<opus_gemm_mxscale_bpreshuffle_4wave_128x128_traits_gfx950>(opus_gemm_mxscale_bpreshuffle_kargs_gfx950)",256,105984,0,132,0,112,"OPUS_GFX950_GRBM_COUNT_MAX",34514.000000,3248253860379111,3248253860387632
291,291,"Agent 5",1,1196674,1196674,57344,1394,"void gemm_a8w8_mxfp8_scale_4wave_128x128_kernel<opus_gemm_mxscale_bpreshuffle_4wave_128x128_traits_gfx950>(opus_gemm_mxscale_bpreshuffle_kargs_gfx950)",256,105984,0,132,0,112,"OPUS_GFX950_GRBM_GUI_ACTIVE_MAX",34514.000000,3248253860379111,3248253860387632
291,291,"Agent 5",1,1196674,1196674,57344,1394,"void gemm_a8w8_mxfp8_scale_4wave_128x128_kernel<opus_gemm_mxscale_bpreshuffle_4wave_128x128_traits_gfx950>(opus_gemm_mxscale_bpreshuffle_kargs_gfx950)",256,105984,0,132,0,112,"OPUS_GFX950_SQ_BUSY_CYCLES_SUM",486936.000000,3248253860379111,3248253860387632
291,291,"Agent 5",1,1196674,1196674,57344,1394,"void gemm_a8w8_mxfp8_scale_4wave_128x128_kernel<opus_gemm_mxscale_bpreshuffle_4wave_128x128_traits_gfx950>(opus_gemm_mxscale_bpreshuffle_kargs_gfx950)",256,105984,0,132,0,112,"OPUS_GFX950_TCP_TCP_TA_ADDR_STALL_CYCLES_SUM",122709.000000,3248253860379111,3248253860387632
291,291,"Agent 5",1,1196674,1196674,57344,1394,"void gemm_a8w8_mxfp8_scale_4wave_128x128_kernel<opus_gemm_mxscale_bpreshuffle_4wave_128x128_traits_gfx950>(opus_gemm_mxscale_bpreshuffle_kargs_gfx950)",256,105984,0,132,0,112,"OPUS_GFX950_TCP_GATE_EN1_SUM",4520024.000000,3248253860379111,3248253860387632
291,291,"Agent 5",1,1196674,1196674,57344,1394,"void gemm_a8w8_mxfp8_scale_4wave_128x128_kernel<opus_gemm_mxscale_bpreshuffle_4wave_128x128_traits_gfx950>(opus_gemm_mxscale_bpreshuffle_kargs_gfx950)",256,105984,0,132,0,112,"OPUS_GFX950_SQ_VMEM_TA_ADDR_FIFO_FULL_SUM",57786.000000,3248253860379111,3248253860387632
291,291,"Agent 5",1,1196674,1196674,57344,1394,"void gemm_a8w8_mxfp8_scale_4wave_128x128_kernel<opus_gemm_mxscale_bpreshuffle_4wave_128x128_traits_gfx950>(opus_gemm_mxscale_bpreshuffle_kargs_gfx950)",256,105984,0,132,0,112,"OPUS_GFX950_SQ_LDS_BANK_CONFLICT_SUM",172032.000000,3248253860379111,3248253860387632
291,291,"Agent 5",1,1196674,1196674,57344,1394,"void gemm_a8w8_mxfp8_scale_4wave_128x128_kernel<opus_gemm_mxscale_bpreshuffle_4wave_128x128_traits_gfx950>(opus_gemm_mxscale_bpreshuffle_kargs_gfx950)",256,105984,0,132,0,112,"OPUS_GFX950_SQ_WAIT_INST_LDS_SUM",58660.000000,3248253860379111,3248253860387632
291,291,"Agent 5",1,1196674,1196674,57344,1394,"void gemm_a8w8_mxfp8_scale_4wave_128x128_kernel<opus_gemm_mxscale_bpreshuffle_4wave_128x128_traits_gfx950>(opus_gemm_mxscale_bpreshuffle_kargs_gfx950)",256,105984,0,132,0,112,"OPUS_GFX950_TCP_RFIFO_STALL_CYCLES_SUM",8400.000000,3248253860379111,3248253860387632
291,291,"Agent 5",1,1196674,1196674,57344,1394,"void gemm_a8w8_mxfp8_scale_4wave_128x128_kernel<opus_gemm_mxscale_bpreshuffle_4wave_128x128_traits_gfx950>(opus_gemm_mxscale_bpreshuffle_kargs_gfx950)",256,105984,0,132,0,112,"OPUS_GFX950_TCP_READ_TAGCONFLICT_STALL_CYCLES_SUM",0.00000000e+00,3248253860379111,3248253860387632
291,291,"Agent 5",1,1196674,1196674,57344,1394,"void gemm_a8w8_mxfp8_scale_4wave_128x128_kernel<opus_gemm_mxscale_bpreshuffle_4wave_128x128_traits_gfx950>(opus_gemm_mxscale_bpreshuffle_kargs_gfx950)",256,105984,0,132,0,112,"OPUS_GFX950_TA_BUFFER_READ_LDS_WAVEFRONTS_SUM",21504.000000,3248253860379111,3248253860387632
291,291,"Agent 5",1,1196674,1196674,57344,1394,"void gemm_a8w8_mxfp8_scale_4wave_128x128_kernel<opus_gemm_mxscale_bpreshuffle_4wave_128x128_traits_gfx950>(opus_gemm_mxscale_bpreshuffle_kargs_gfx950)",256,105984,0,132,0,112,"OPUS_GFX950_TA_BUFFER_READ_WAVEFRONTS_SUM",21952.000000,3248253860379111,3248253860387632
292,292,"Agent 5",1,1196674,1196674,57344,1394,"void gemm_a8w8_mxfp8_scale_4wave_128x128_kernel<opus_gemm_mxscale_bpreshuffle_4wave_128x128_traits_gfx950>(opus_gemm_mxscale_bpreshuffle_kargs_gfx950)",256,105984,0,132,0,112,"OPUS_GFX950_GRBM_COUNT_MAX",42004.000000,3248253860958837,3248253860967237
292,292,"Agent 5",1,1196674,1196674,57344,1394,"void gemm_a8w8_mxfp8_scale_4wave_128x128_kernel<opus_gemm_mxscale_bpreshuffle_4wave_128x128_traits_gfx950>(opus_gemm_mxscale_bpreshuffle_kargs_gfx950)",256,105984,0,132,0,112,"OPUS_GFX950_GRBM_GUI_ACTIVE_MAX",42004.000000,3248253860958837,3248253860967237
292,292,"Agent 5",1,1196674,1196674,57344,1394,"void gemm_a8w8_mxfp8_scale_4wave_128x128_kernel<opus_gemm_mxscale_bpreshuffle_4wave_128x128_traits_gfx950>(opus_gemm_mxscale_bpreshuffle_kargs_gfx950)",256,105984,0,132,0,112,"OPUS_GFX950_SQ_BUSY_CYCLES_SUM",472576.000000,3248253860958837,3248253860967237
292,292,"Agent 5",1,1196674,1196674,57344,1394,"void gemm_a8w8_mxfp8_scale_4wave_128x128_kernel<opus_gemm_mxscale_bpreshuffle_4wave_128x128_traits_gfx950>(opus_gemm_mxscale_bpreshuffle_kargs_gfx950)",256,105984,0,132,0,112,"OPUS_GFX950_TCP_TCP_TA_ADDR_STALL_CYCLES_SUM",156909.000000,3248253860958837,3248253860967237
292,292,"Agent 5",1,1196674,1196674,57344,1394,"void gemm_a8w8_mxfp8_scale_4wave_128x128_kernel<opus_gemm_mxscale_bpreshuffle_4wave_128x128_traits_gfx950>(opus_gemm_mxscale_bpreshuffle_kargs_gfx950)",256,105984,0,132,0,112,"OPUS_GFX950_TCP_GATE_EN1_SUM",4404960.000000,3248253860958837,3248253860967237
292,292,"Agent 5",1,1196674,1196674,57344,1394,"void gemm_a8w8_mxfp8_scale_4wave_128x128_kernel<opus_gemm_mxscale_bpreshuffle_4wave_128x128_traits_gfx950>(opus_gemm_mxscale_bpreshuffle_kargs_gfx950)",256,105984,0,132,0,112,"OPUS_GFX950_SQ_VMEM_TA_ADDR_FIFO_FULL_SUM",60319.000000,3248253860958837,3248253860967237
292,292,"Agent 5",1,1196674,1196674,57344,1394,"void gemm_a8w8_mxfp8_scale_4wave_128x128_kernel<opus_gemm_mxscale_bpreshuffle_4wave_128x128_traits_gfx950>(opus_gemm_mxscale_bpreshuffle_kargs_gfx950)",256,105984,0,132,0,112,"OPUS_GFX950_SQ_LDS_BANK_CONFLICT_SUM",172032.000000,3248253860958837,3248253860967237
292,292,"Agent 5",1,1196674,1196674,57344,1394,"void gemm_a8w8_mxfp8_scale_4wave_128x128_kernel<opus_gemm_mxscale_bpreshuffle_4wave_128x128_traits_gfx950>(opus_gemm_mxscale_bpreshuffle_kargs_gfx950)",256,105984,0,132,0,112,"OPUS_GFX950_SQ_WAIT_INST_LDS_SUM",58339.000000,3248253860958837,3248253860967237
292,292,"Agent 5",1,1196674,1196674,57344,1394,"void gemm_a8w8_mxfp8_scale_4wave_128x128_kernel<opus_gemm_mxscale_bpreshuffle_4wave_128x128_traits_gfx950>(opus_gemm_mxscale_bpreshuffle_kargs_gfx950)",256,105984,0,132,0,112,"OPUS_GFX950_TCP_RFIFO_STALL_CYCLES_SUM",7869.000000,3248253860958837,3248253860967237
292,292,"Agent 5",1,1196674,1196674,57344,1394,"void gemm_a8w8_mxfp8_scale_4wave_128x128_kernel<opus_gemm_mxscale_bpreshuffle_4wave_128x128_traits_gfx950>(opus_gemm_mxscale_bpreshuffle_kargs_gfx950)",256,105984,0,132,0,112,"OPUS_GFX950_TCP_READ_TAGCONFLICT_STALL_CYCLES_SUM",0.00000000e+00,3248253860958837,3248253860967237
292,292,"Agent 5",1,1196674,1196674,57344,1394,"void gemm_a8w8_mxfp8_scale_4wave_128x128_kernel<opus_gemm_mxscale_bpreshuffle_4wave_128x128_traits_gfx950>(opus_gemm_mxscale_bpreshuffle_kargs_gfx950)",256,105984,0,132,0,112,"OPUS_GFX950_TA_BUFFER_READ_LDS_WAVEFRONTS_SUM",21504.000000,3248253860958837,3248253860967237
292,292,"Agent 5",1,1196674,1196674,57344,1394,"void gemm_a8w8_mxfp8_scale_4wave_128x128_kernel<opus_gemm_mxscale_bpreshuffle_4wave_128x128_traits_gfx950>(opus_gemm_mxscale_bpreshuffle_kargs_gfx950)",256,105984,0,132,0,112,"OPUS_GFX950_TA_BUFFER_READ_WAVEFRONTS_SUM",21952.000000,3248253860958837,3248253860967237
293,293,"Agent 5",1,1196674,1196674,57344,1394,"void gemm_a8w8_mxfp8_scale_4wave_128x128_kernel<opus_gemm_mxscale_bpreshuffle_4wave_128x128_traits_gfx950>(opus_gemm_mxscale_bpreshuffle_kargs_gfx950)",256,105984,0,132,0,112,"OPUS_GFX950_GRBM_COUNT_MAX",40112.000000,3248253861557362,3248253861565882
293,293,"Agent 5",1,1196674,1196674,57344,1394,"void gemm_a8w8_mxfp8_scale_4wave_128x128_kernel<opus_gemm_mxscale_bpreshuffle_4wave_128x128_traits_gfx950>(opus_gemm_mxscale_bpreshuffle_kargs_gfx950)",256,105984,0,132,0,112,"OPUS_GFX950_GRBM_GUI_ACTIVE_MAX",40112.000000,3248253861557362,3248253861565882
293,293,"Agent 5",1,1196674,1196674,57344,1394,"void gemm_a8w8_mxfp8_scale_4wave_128x128_kernel<opus_gemm_mxscale_bpreshuffle_4wave_128x128_traits_gfx950>(opus_gemm_mxscale_bpreshuffle_kargs_gfx950)",256,105984,0,132,0,112,"OPUS_GFX950_SQ_BUSY_CYCLES_SUM",492517.000000,3248253861557362,3248253861565882
293,293,"Agent 5",1,1196674,1196674,57344,1394,"void gemm_a8w8_mxfp8_scale_4wave_128x128_kernel<opus_gemm_mxscale_bpreshuffle_4wave_128x128_traits_gfx950>(opus_gemm_mxscale_bpreshuffle_kargs_gfx950)",256,105984,0,132,0,112,"OPUS_GFX950_TCP_TCP_TA_ADDR_STALL_CYCLES_SUM",107589.000000,3248253861557362,3248253861565882
293,293,"Agent 5",1,1196674,1196674,57344,1394,"void gemm_a8w8_mxfp8_scale_4wave_128x128_kernel<opus_gemm_mxscale_bpreshuffle_4wave_128x128_traits_gfx950>(opus_gemm_mxscale_bpreshuffle_kargs_gfx950)",256,105984,0,132,0,112,"OPUS_GFX950_TCP_GATE_EN1_SUM",4564448.000000,3248253861557362,3248253861565882
293,293,"Agent 5",1,1196674,1196674,57344,1394,"void gemm_a8w8_mxfp8_scale_4wave_128x128_kernel<opus_gemm_mxscale_bpreshuffle_4wave_128x128_traits_gfx950>(opus_gemm_mxscale_bpreshuffle_kargs_gfx950)",256,105984,0,132,0,112,"OPUS_GFX950_SQ_VMEM_TA_ADDR_FIFO_FULL_SUM",66497.000000,3248253861557362,3248253861565882
293,293,"Agent 5",1,1196674,1196674,57344,1394,"void gemm_a8w8_mxfp8_scale_4wave_128x128_kernel<opus_gemm_mxscale_bpreshuffle_4wave_128x128_traits_gfx950>(opus_gemm_mxscale_bpreshuffle_kargs_gfx950)",256,105984,0,132,0,112,"OPUS_GFX950_SQ_LDS_BANK_CONFLICT_SUM",172032.000000,3248253861557362,3248253861565882
293,293,"Agent 5",1,1196674,1196674,57344,1394,"void gemm_a8w8_mxfp8_scale_4wave_128x128_kernel<opus_gemm_mxscale_bpreshuffle_4wave_128x128_traits_gfx950>(opus_gemm_mxscale_bpreshuffle_kargs_gfx950)",256,105984,0,132,0,112,"OPUS_GFX950_SQ_WAIT_INST_LDS_SUM",58475.000000,3248253861557362,3248253861565882
293,293,"Agent 5",1,1196674,1196674,57344,1394,"void gemm_a8w8_mxfp8_scale_4wave_128x128_kernel<opus_gemm_mxscale_bpreshuffle_4wave_128x128_traits_gfx950>(opus_gemm_mxscale_bpreshuffle_kargs_gfx950)",256,105984,0,132,0,112,"OPUS_GFX950_TCP_RFIFO_STALL_CYCLES_SUM",7625.000000,3248253861557362,3248253861565882
293,293,"Agent 5",1,1196674,1196674,57344,1394,"void gemm_a8w8_mxfp8_scale_4wave_128x128_kernel<opus_gemm_mxscale_bpreshuffle_4wave_128x128_traits_gfx950>(opus_gemm_mxscale_bpreshuffle_kargs_gfx950)",256,105984,0,132,0,112,"OPUS_GFX950_TCP_READ_TAGCONFLICT_STALL_CYCLES_SUM",0.00000000e+00,3248253861557362,3248253861565882
293,293,"Agent 5",1,1196674,1196674,57344,1394,"void gemm_a8w8_mxfp8_scale_4wave_128x128_kernel<opus_gemm_mxscale_bpreshuffle_4wave_128x128_traits_gfx950>(opus_gemm_mxscale_bpreshuffle_kargs_gfx950)",256,105984,0,132,0,112,"OPUS_GFX950_TA_BUFFER_READ_LDS_WAVEFRONTS_SUM",21504.000000,3248253861557362,3248253861565882
293,293,"Agent 5",1,1196674,1196674,57344,1394,"void gemm_a8w8_mxfp8_scale_4wave_128x128_kernel<opus_gemm_mxscale_bpreshuffle_4wave_128x128_traits_gfx950>(opus_gemm_mxscale_bpreshuffle_kargs_gfx950)",256,105984,0,132,0,112,"OPUS_GFX950_TA_BUFFER_READ_WAVEFRONTS_SUM",21952.000000,3248253861557362,3248253861565882
294,294,"Agent 5",1,1196674,1196674,57344,1394,"void gemm_a8w8_mxfp8_scale_4wave_128x128_kernel<opus_gemm_mxscale_bpreshuffle_4wave_128x128_traits_gfx950>(opus_gemm_mxscale_bpreshuffle_kargs_gfx950)",256,105984,0,132,0,112,"OPUS_GFX950_GRBM_COUNT_MAX",46469.000000,3248253862190968,3248253862199448
294,294,"Agent 5",1,1196674,1196674,57344,1394,"void gemm_a8w8_mxfp8_scale_4wave_128x128_kernel<opus_gemm_mxscale_bpreshuffle_4wave_128x128_traits_gfx950>(opus_gemm_mxscale_bpreshuffle_kargs_gfx950)",256,105984,0,132,0,112,"OPUS_GFX950_GRBM_GUI_ACTIVE_MAX",46469.000000,3248253862190968,3248253862199448
294,294,"Agent 5",1,1196674,1196674,57344,1394,"void gemm_a8w8_mxfp8_scale_4wave_128x128_kernel<opus_gemm_mxscale_bpreshuffle_4wave_128x128_traits_gfx950>(opus_gemm_mxscale_bpreshuffle_kargs_gfx950)",256,105984,0,132,0,112,"OPUS_GFX950_SQ_BUSY_CYCLES_SUM",484439.000000,3248253862190968,3248253862199448
294,294,"Agent 5",1,1196674,1196674,57344,1394,"void gemm_a8w8_mxfp8_scale_4wave_128x128_kernel<opus_gemm_mxscale_bpreshuffle_4wave_128x128_traits_gfx950>(opus_gemm_mxscale_bpreshuffle_kargs_gfx950)",256,105984,0,132,0,112,"OPUS_GFX950_TCP_TCP_TA_ADDR_STALL_CYCLES_SUM",141749.000000,3248253862190968,3248253862199448
294,294,"Agent 5",1,1196674,1196674,57344,1394,"void gemm_a8w8_mxfp8_scale_4wave_128x128_kernel<opus_gemm_mxscale_bpreshuffle_4wave_128x128_traits_gfx950>(opus_gemm_mxscale_bpreshuffle_kargs_gfx950)",256,105984,0,132,0,112,"OPUS_GFX950_TCP_GATE_EN1_SUM",4499896.000000,3248253862190968,3248253862199448
294,294,"Agent 5",1,1196674,1196674,57344,1394,"void gemm_a8w8_mxfp8_scale_4wave_128x128_kernel<opus_gemm_mxscale_bpreshuffle_4wave_128x128_traits_gfx950>(opus_gemm_mxscale_bpreshuffle_kargs_gfx950)",256,105984,0,132,0,112,"OPUS_GFX950_SQ_VMEM_TA_ADDR_FIFO_FULL_SUM",56873.000000,3248253862190968,3248253862199448
294,294,"Agent 5",1,1196674,1196674,57344,1394,"void gemm_a8w8_mxfp8_scale_4wave_128x128_kernel<opus_gemm_mxscale_bpreshuffle_4wave_128x128_traits_gfx950>(opus_gemm_mxscale_bpreshuffle_kargs_gfx950)",256,105984,0,132,0,112,"OPUS_GFX950_SQ_LDS_BANK_CONFLICT_SUM",172032.000000,3248253862190968,3248253862199448
294,294,"Agent 5",1,1196674,1196674,57344,1394,"void gemm_a8w8_mxfp8_scale_4wave_128x128_kernel<opus_gemm_mxscale_bpreshuffle_4wave_128x128_traits_gfx950>(opus_gemm_mxscale_bpreshuffle_kargs_gfx950)",256,105984,0,132,0,112,"OPUS_GFX950_SQ_WAIT_INST_LDS_SUM",58669.000000,3248253862190968,3248253862199448
294,294,"Agent 5",1,1196674,1196674,57344,1394,"void gemm_a8w8_mxfp8_scale_4wave_128x128_kernel<opus_gemm_mxscale_bpreshuffle_4wave_128x128_traits_gfx950>(opus_gemm_mxscale_bpreshuffle_kargs_gfx950)",256,105984,0,132,0,112,"OPUS_GFX950_TCP_RFIFO_STALL_CYCLES_SUM",4627.000000,3248253862190968,3248253862199448
294,294,"Agent 5",1,1196674,1196674,57344,1394,"void gemm_a8w8_mxfp8_scale_4wave_128x128_kernel<opus_gemm_mxscale_bpreshuffle_4wave_128x128_traits_gfx950>(opus_gemm_mxscale_bpreshuffle_kargs_gfx950)",256,105984,0,132,0,112,"OPUS_GFX950_TCP_READ_TAGCONFLICT_STALL_CYCLES_SUM",0.00000000e+00,3248253862190968,3248253862199448
294,294,"Agent 5",1,1196674,1196674,57344,1394,"void gemm_a8w8_mxfp8_scale_4wave_128x128_kernel<opus_gemm_mxscale_bpreshuffle_4wave_128x128_traits_gfx950>(opus_gemm_mxscale_bpreshuffle_kargs_gfx950)",256,105984,0,132,0,112,"OPUS_GFX950_TA_BUFFER_READ_LDS_WAVEFRONTS_SUM",21504.000000,3248253862190968,3248253862199448
294,294,"Agent 5",1,1196674,1196674,57344,1394,"void gemm_a8w8_mxfp8_scale_4wave_128x128_kernel<opus_gemm_mxscale_bpreshuffle_4wave_128x128_traits_gfx950>(opus_gemm_mxscale_bpreshuffle_kargs_gfx950)",256,105984,0,132,0,112,"OPUS_GFX950_TA_BUFFER_READ_WAVEFRONTS_SUM",21952.000000,3248253862190968,3248253862199448
295,295,"Agent 5",1,1196674,1196674,57344,1394,"void gemm_a8w8_mxfp8_scale_4wave_128x128_kernel<opus_gemm_mxscale_bpreshuffle_4wave_128x128_traits_gfx950>(opus_gemm_mxscale_bpreshuffle_kargs_gfx950)",256,105984,0,132,0,112,"OPUS_GFX950_GRBM_COUNT_MAX",39869.000000,3248253862795373,3248253862803694
295,295,"Agent 5",1,1196674,1196674,57344,1394,"void gemm_a8w8_mxfp8_scale_4wave_128x128_kernel<opus_gemm_mxscale_bpreshuffle_4wave_128x128_traits_gfx950>(opus_gemm_mxscale_bpreshuffle_kargs_gfx950)",256,105984,0,132,0,112,"OPUS_GFX950_GRBM_GUI_ACTIVE_MAX",39869.000000,3248253862795373,3248253862803694
295,295,"Agent 5",1,1196674,1196674,57344,1394,"void gemm_a8w8_mxfp8_scale_4wave_128x128_kernel<opus_gemm_mxscale_bpreshuffle_4wave_128x128_traits_gfx950>(opus_gemm_mxscale_bpreshuffle_kargs_gfx950)",256,105984,0,132,0,112,"OPUS_GFX950_SQ_BUSY_CYCLES_SUM",473190.000000,3248253862795373,3248253862803694
295,295,"Agent 5",1,1196674,1196674,57344,1394,"void gemm_a8w8_mxfp8_scale_4wave_128x128_kernel<opus_gemm_mxscale_bpreshuffle_4wave_128x128_traits_gfx950>(opus_gemm_mxscale_bpreshuffle_kargs_gfx950)",256,105984,0,132,0,112,"OPUS_GFX950_TCP_TCP_TA_ADDR_STALL_CYCLES_SUM",130010.000000,3248253862795373,3248253862803694
295,295,"Agent 5",1,1196674,1196674,57344,1394,"void gemm_a8w8_mxfp8_scale_4wave_128x128_kernel<opus_gemm_mxscale_bpreshuffle_4wave_128x128_traits_gfx950>(opus_gemm_mxscale_bpreshuffle_kargs_gfx950)",256,105984,0,132,0,112,"OPUS_GFX950_TCP_GATE_EN1_SUM",4409864.000000,3248253862795373,3248253862803694
295,295,"Agent 5",1,1196674,1196674,57344,1394,"void gemm_a8w8_mxfp8_scale_4wave_128x128_kernel<opus_gemm_mxscale_bpreshuffle_4wave_128x128_traits_gfx950>(opus_gemm_mxscale_bpreshuffle_kargs_gfx950)",256,105984,0,132,0,112,"OPUS_GFX950_SQ_VMEM_TA_ADDR_FIFO_FULL_SUM",55256.000000,3248253862795373,3248253862803694
295,295,"Agent 5",1,1196674,1196674,57344,1394,"void gemm_a8w8_mxfp8_scale_4wave_128x128_kernel<opus_gemm_mxscale_bpreshuffle_4wave_128x128_traits_gfx950>(opus_gemm_mxscale_bpreshuffle_kargs_gfx950)",256,105984,0,132,0,112,"OPUS_GFX950_SQ_LDS_BANK_CONFLICT_SUM",172032.000000,3248253862795373,3248253862803694
295,295,"Agent 5",1,1196674,1196674,57344,1394,"void gemm_a8w8_mxfp8_scale_4wave_128x128_kernel<opus_gemm_mxscale_bpreshuffle_4wave_128x128_traits_gfx950>(opus_gemm_mxscale_bpreshuffle_kargs_gfx950)",256,105984,0,132,0,112,"OPUS_GFX950_SQ_WAIT_INST_LDS_SUM",58592.000000,3248253862795373,3248253862803694
295,295,"Agent 5",1,1196674,1196674,57344,1394,"void gemm_a8w8_mxfp8_scale_4wave_128x128_kernel<opus_gemm_mxscale_bpreshuffle_4wave_128x128_traits_gfx950>(opus_gemm_mxscale_bpreshuffle_kargs_gfx950)",256,105984,0,132,0,112,"OPUS_GFX950_TCP_RFIFO_STALL_CYCLES_SUM",8141.000000,3248253862795373,3248253862803694
295,295,"Agent 5",1,1196674,1196674,57344,1394,"void gemm_a8w8_mxfp8_scale_4wave_128x128_kernel<opus_gemm_mxscale_bpreshuffle_4wave_128x128_traits_gfx950>(opus_gemm_mxscale_bpreshuffle_kargs_gfx950)",256,105984,0,132,0,112,"OPUS_GFX950_TCP_READ_TAGCONFLICT_STALL_CYCLES_SUM",0.00000000e+00,3248253862795373,3248253862803694
295,295,"Agent 5",1,1196674,1196674,57344,1394,"void gemm_a8w8_mxfp8_scale_4wave_128x128_kernel<opus_gemm_mxscale_bpreshuffle_4wave_128x128_traits_gfx950>(opus_gemm_mxscale_bpreshuffle_kargs_gfx950)",256,105984,0,132,0,112,"OPUS_GFX950_TA_BUFFER_READ_LDS_WAVEFRONTS_SUM",21504.000000,3248253862795373,3248253862803694
295,295,"Agent 5",1,1196674,1196674,57344,1394,"void gemm_a8w8_mxfp8_scale_4wave_128x128_kernel<opus_gemm_mxscale_bpreshuffle_4wave_128x128_traits_gfx950>(opus_gemm_mxscale_bpreshuffle_kargs_gfx950)",256,105984,0,132,0,112,"OPUS_GFX950_TA_BUFFER_READ_WAVEFRONTS_SUM",21952.000000,3248253862795373,3248253862803694
296,296,"Agent 5",1,1196674,1196674,57344,1394,"void gemm_a8w8_mxfp8_scale_4wave_128x128_kernel<opus_gemm_mxscale_bpreshuffle_4wave_128x128_traits_gfx950>(opus_gemm_mxscale_bpreshuffle_kargs_gfx950)",256,105984,0,132,0,112,"OPUS_GFX950_GRBM_COUNT_MAX",38044.000000,3248253863406459,3248253863414899
296,296,"Agent 5",1,1196674,1196674,57344,1394,"void gemm_a8w8_mxfp8_scale_4wave_128x128_kernel<opus_gemm_mxscale_bpreshuffle_4wave_128x128_traits_gfx950>(opus_gemm_mxscale_bpreshuffle_kargs_gfx950)",256,105984,0,132,0,112,"OPUS_GFX950_GRBM_GUI_ACTIVE_MAX",38044.000000,3248253863406459,3248253863414899
296,296,"Agent 5",1,1196674,1196674,57344,1394,"void gemm_a8w8_mxfp8_scale_4wave_128x128_kernel<opus_gemm_mxscale_bpreshuffle_4wave_128x128_traits_gfx950>(opus_gemm_mxscale_bpreshuffle_kargs_gfx950)",256,105984,0,132,0,112,"OPUS_GFX950_SQ_BUSY_CYCLES_SUM",480361.000000,3248253863406459,3248253863414899
296,296,"Agent 5",1,1196674,1196674,57344,1394,"void gemm_a8w8_mxfp8_scale_4wave_128x128_kernel<opus_gemm_mxscale_bpreshuffle_4wave_128x128_traits_gfx950>(opus_gemm_mxscale_bpreshuffle_kargs_gfx950)",256,105984,0,132,0,112,"OPUS_GFX950_TCP_TCP_TA_ADDR_STALL_CYCLES_SUM",124746.000000,3248253863406459,3248253863414899
296,296,"Agent 5",1,1196674,1196674,57344,1394,"void gemm_a8w8_mxfp8_scale_4wave_128x128_kernel<opus_gemm_mxscale_bpreshuffle_4wave_128x128_traits_gfx950>(opus_gemm_mxscale_bpreshuffle_kargs_gfx950)",256,105984,0,132,0,112,"OPUS_GFX950_TCP_GATE_EN1_SUM",4467328.000000,3248253863406459,3248253863414899
296,296,"Agent 5",1,1196674,1196674,57344,1394,"void gemm_a8w8_mxfp8_scale_4wave_128x128_kernel<opus_gemm_mxscale_bpreshuffle_4wave_128x128_traits_gfx950>(opus_gemm_mxscale_bpreshuffle_kargs_gfx950)",256,105984,0,132,0,112,"OPUS_GFX950_SQ_VMEM_TA_ADDR_FIFO_FULL_SUM",72116.000000,3248253863406459,3248253863414899
296,296,"Agent 5",1,1196674,1196674,57344,1394,"void gemm_a8w8_mxfp8_scale_4wave_128x128_kernel<opus_gemm_mxscale_bpreshuffle_4wave_128x128_traits_gfx950>(opus_gemm_mxscale_bpreshuffle_kargs_gfx950)",256,105984,0,132,0,112,"OPUS_GFX950_SQ_LDS_BANK_CONFLICT_SUM",172032.000000,3248253863406459,3248253863414899
296,296,"Agent 5",1,1196674,1196674,57344,1394,"void gemm_a8w8_mxfp8_scale_4wave_128x128_kernel<opus_gemm_mxscale_bpreshuffle_4wave_128x128_traits_gfx950>(opus_gemm_mxscale_bpreshuffle_kargs_gfx950)",256,105984,0,132,0,112,"OPUS_GFX950_SQ_WAIT_INST_LDS_SUM",58429.000000,3248253863406459,3248253863414899
296,296,"Agent 5",1,1196674,1196674,57344,1394,"void gemm_a8w8_mxfp8_scale_4wave_128x128_kernel<opus_gemm_mxscale_bpreshuffle_4wave_128x128_traits_gfx950>(opus_gemm_mxscale_bpreshuffle_kargs_gfx950)",256,105984,0,132,0,112,"OPUS_GFX950_TCP_RFIFO_STALL_CYCLES_SUM",16084.000000,3248253863406459,3248253863414899
296,296,"Agent 5",1,1196674,1196674,57344,1394,"void gemm_a8w8_mxfp8_scale_4wave_128x128_kernel<opus_gemm_mxscale_bpreshuffle_4wave_128x128_traits_gfx950>(opus_gemm_mxscale_bpreshuffle_kargs_gfx950)",256,105984,0,132,0,112,"OPUS_GFX950_TCP_READ_TAGCONFLICT_STALL_CYCLES_SUM",0.00000000e+00,3248253863406459,3248253863414899
296,296,"Agent 5",1,1196674,1196674,57344,1394,"void gemm_a8w8_mxfp8_scale_4wave_128x128_kernel<opus_gemm_mxscale_bpreshuffle_4wave_128x128_traits_gfx950>(opus_gemm_mxscale_bpreshuffle_kargs_gfx950)",256,105984,0,132,0,112,"OPUS_GFX950_TA_BUFFER_READ_LDS_WAVEFRONTS_SUM",21504.000000,3248253863406459,3248253863414899
296,296,"Agent 5",1,1196674,1196674,57344,1394,"void gemm_a8w8_mxfp8_scale_4wave_128x128_kernel<opus_gemm_mxscale_bpreshuffle_4wave_128x128_traits_gfx950>(opus_gemm_mxscale_bpreshuffle_kargs_gfx950)",256,105984,0,132,0,112,"OPUS_GFX950_TA_BUFFER_READ_WAVEFRONTS_SUM",21952.000000,3248253863406459,3248253863414899
297,297,"Agent 5",1,1196674,1196674,57344,1394,"void gemm_a8w8_mxfp8_scale_4wave_128x128_kernel<opus_gemm_mxscale_bpreshuffle_4wave_128x128_traits_gfx950>(opus_gemm_mxscale_bpreshuffle_kargs_gfx950)",256,105984,0,132,0,112,"OPUS_GFX950_GRBM_COUNT_MAX",39672.000000,3248253864034505,3248253864042825
297,297,"Agent 5",1,1196674,1196674,57344,1394,"void gemm_a8w8_mxfp8_scale_4wave_128x128_kernel<opus_gemm_mxscale_bpreshuffle_4wave_128x128_traits_gfx950>(opus_gemm_mxscale_bpreshuffle_kargs_gfx950)",256,105984,0,132,0,112,"OPUS_GFX950_GRBM_GUI_ACTIVE_MAX",39672.000000,3248253864034505,3248253864042825
297,297,"Agent 5",1,1196674,1196674,57344,1394,"void gemm_a8w8_mxfp8_scale_4wave_128x128_kernel<opus_gemm_mxscale_bpreshuffle_4wave_128x128_traits_gfx950>(opus_gemm_mxscale_bpreshuffle_kargs_gfx950)",256,105984,0,132,0,112,"OPUS_GFX950_SQ_BUSY_CYCLES_SUM",480698.000000,3248253864034505,3248253864042825
297,297,"Agent 5",1,1196674,1196674,57344,1394,"void gemm_a8w8_mxfp8_scale_4wave_128x128_kernel<opus_gemm_mxscale_bpreshuffle_4wave_128x128_traits_gfx950>(opus_gemm_mxscale_bpreshuffle_kargs_gfx950)",256,105984,0,132,0,112,"OPUS_GFX950_TCP_TCP_TA_ADDR_STALL_CYCLES_SUM",110648.000000,3248253864034505,3248253864042825
297,297,"Agent 5",1,1196674,1196674,57344,1394,"void gemm_a8w8_mxfp8_scale_4wave_128x128_kernel<opus_gemm_mxscale_bpreshuffle_4wave_128x128_traits_gfx950>(opus_gemm_mxscale_bpreshuffle_kargs_gfx950)",256,105984,0,132,0,112,"OPUS_GFX950_TCP_GATE_EN1_SUM",4469880.000000,3248253864034505,3248253864042825
297,297,"Agent 5",1,1196674,1196674,57344,1394,"void gemm_a8w8_mxfp8_scale_4wave_128x128_kernel<opus_gemm_mxscale_bpreshuffle_4wave_128x128_traits_gfx950>(opus_gemm_mxscale_bpreshuffle_kargs_gfx950)",256,105984,0,132,0,112,"OPUS_GFX950_SQ_VMEM_TA_ADDR_FIFO_FULL_SUM",44861.000000,3248253864034505,3248253864042825
297,297,"Agent 5",1,1196674,1196674,57344,1394,"void gemm_a8w8_mxfp8_scale_4wave_128x128_kernel<opus_gemm_mxscale_bpreshuffle_4wave_128x128_traits_gfx950>(opus_gemm_mxscale_bpreshuffle_kargs_gfx950)",256,105984,0,132,0,112,"OPUS_GFX950_SQ_LDS_BANK_CONFLICT_SUM",172032.000000,3248253864034505,3248253864042825
297,297,"Agent 5",1,1196674,1196674,57344,1394,"void gemm_a8w8_mxfp8_scale_4wave_128x128_kernel<opus_gemm_mxscale_bpreshuffle_4wave_128x128_traits_gfx950>(opus_gemm_mxscale_bpreshuffle_kargs_gfx950)",256,105984,0,132,0,112,"OPUS_GFX950_SQ_WAIT_INST_LDS_SUM",58623.000000,3248253864034505,3248253864042825
297,297,"Agent 5",1,1196674,1196674,57344,1394,"void gemm_a8w8_mxfp8_scale_4wave_128x128_kernel<opus_gemm_mxscale_bpreshuffle_4wave_128x128_traits_gfx950>(opus_gemm_mxscale_bpreshuffle_kargs_gfx950)",256,105984,0,132,0,112,"OPUS_GFX950_TCP_RFIFO_STALL_CYCLES_SUM",6437.000000,3248253864034505,3248253864042825
297,297,"Agent 5",1,1196674,1196674,57344,1394,"void gemm_a8w8_mxfp8_scale_4wave_128x128_kernel<opus_gemm_mxscale_bpreshuffle_4wave_128x128_traits_gfx950>(opus_gemm_mxscale_bpreshuffle_kargs_gfx950)",256,105984,0,132,0,112,"OPUS_GFX950_TCP_READ_TAGCONFLICT_STALL_CYCLES_SUM",0.00000000e+00,3248253864034505,3248253864042825
297,297,"Agent 5",1,1196674,1196674,57344,1394,"void gemm_a8w8_mxfp8_scale_4wave_128x128_kernel<opus_gemm_mxscale_bpreshuffle_4wave_128x128_traits_gfx950>(opus_gemm_mxscale_bpreshuffle_kargs_gfx950)",256,105984,0,132,0,112,"OPUS_GFX950_TA_BUFFER_READ_LDS_WAVEFRONTS_SUM",21504.000000,3248253864034505,3248253864042825
297,297,"Agent 5",1,1196674,1196674,57344,1394,"void gemm_a8w8_mxfp8_scale_4wave_128x128_kernel<opus_gemm_mxscale_bpreshuffle_4wave_128x128_traits_gfx950>(opus_gemm_mxscale_bpreshuffle_kargs_gfx950)",256,105984,0,132,0,112,"OPUS_GFX950_TA_BUFFER_READ_WAVEFRONTS_SUM",21952.000000,3248253864034505,3248253864042825
298,298,"Agent 5",1,1196674,1196674,57344,1394,"void gemm_a8w8_mxfp8_scale_4wave_128x128_kernel<opus_gemm_mxscale_bpreshuffle_4wave_128x128_traits_gfx950>(opus_gemm_mxscale_bpreshuffle_kargs_gfx950)",256,105984,0,132,0,112,"OPUS_GFX950_GRBM_COUNT_MAX",41025.000000,3248253864602270,3248253864610790
298,298,"Agent 5",1,1196674,1196674,57344,1394,"void gemm_a8w8_mxfp8_scale_4wave_128x128_kernel<opus_gemm_mxscale_bpreshuffle_4wave_128x128_traits_gfx950>(opus_gemm_mxscale_bpreshuffle_kargs_gfx950)",256,105984,0,132,0,112,"OPUS_GFX950_GRBM_GUI_ACTIVE_MAX",41025.000000,3248253864602270,3248253864610790
298,298,"Agent 5",1,1196674,1196674,57344,1394,"void gemm_a8w8_mxfp8_scale_4wave_128x128_kernel<opus_gemm_mxscale_bpreshuffle_4wave_128x128_traits_gfx950>(opus_gemm_mxscale_bpreshuffle_kargs_gfx950)",256,105984,0,132,0,112,"OPUS_GFX950_SQ_BUSY_CYCLES_SUM",492865.000000,3248253864602270,3248253864610790
298,298,"Agent 5",1,1196674,1196674,57344,1394,"void gemm_a8w8_mxfp8_scale_4wave_128x128_kernel<opus_gemm_mxscale_bpreshuffle_4wave_128x128_traits_gfx950>(opus_gemm_mxscale_bpreshuffle_kargs_gfx950)",256,105984,0,132,0,112,"OPUS_GFX950_TCP_TCP_TA_ADDR_STALL_CYCLES_SUM",125728.000000,3248253864602270,3248253864610790
298,298,"Agent 5",1,1196674,1196674,57344,1394,"void gemm_a8w8_mxfp8_scale_4wave_128x128_kernel<opus_gemm_mxscale_bpreshuffle_4wave_128x128_traits_gfx950>(opus_gemm_mxscale_bpreshuffle_kargs_gfx950)",256,105984,0,132,0,112,"OPUS_GFX950_TCP_GATE_EN1_SUM",4567312.000000,3248253864602270,3248253864610790
298,298,"Agent 5",1,1196674,1196674,57344,1394,"void gemm_a8w8_mxfp8_scale_4wave_128x128_kernel<opus_gemm_mxscale_bpreshuffle_4wave_128x128_traits_gfx950>(opus_gemm_mxscale_bpreshuffle_kargs_gfx950)",256,105984,0,132,0,112,"OPUS_GFX950_SQ_VMEM_TA_ADDR_FIFO_FULL_SUM",72310.000000,3248253864602270,3248253864610790
298,298,"Agent 5",1,1196674,1196674,57344,1394,"void gemm_a8w8_mxfp8_scale_4wave_128x128_kernel<opus_gemm_mxscale_bpreshuffle_4wave_128x128_traits_gfx950>(opus_gemm_mxscale_bpreshuffle_kargs_gfx950)",256,105984,0,132,0,112,"OPUS_GFX950_SQ_LDS_BANK_CONFLICT_SUM",172032.000000,3248253864602270,3248253864610790
298,298,"Agent 5",1,1196674,1196674,57344,1394,"void gemm_a8w8_mxfp8_scale_4wave_128x128_kernel<opus_gemm_mxscale_bpreshuffle_4wave_128x128_traits_gfx950>(opus_gemm_mxscale_bpreshuffle_kargs_gfx950)",256,105984,0,132,0,112,"OPUS_GFX950_SQ_WAIT_INST_LDS_SUM",58367.000000,3248253864602270,3248253864610790
298,298,"Agent 5",1,1196674,1196674,57344,1394,"void gemm_a8w8_mxfp8_scale_4wave_128x128_kernel<opus_gemm_mxscale_bpreshuffle_4wave_128x128_traits_gfx950>(opus_gemm_mxscale_bpreshuffle_kargs_gfx950)",256,105984,0,132,0,112,"OPUS_GFX950_TCP_RFIFO_STALL_CYCLES_SUM",6550.000000,3248253864602270,3248253864610790
298,298,"Agent 5",1,1196674,1196674,57344,1394,"void gemm_a8w8_mxfp8_scale_4wave_128x128_kernel<opus_gemm_mxscale_bpreshuffle_4wave_128x128_traits_gfx950>(opus_gemm_mxscale_bpreshuffle_kargs_gfx950)",256,105984,0,132,0,112,"OPUS_GFX950_TCP_READ_TAGCONFLICT_STALL_CYCLES_SUM",0.00000000e+00,3248253864602270,3248253864610790
298,298,"Agent 5",1,1196674,1196674,57344,1394,"void gemm_a8w8_mxfp8_scale_4wave_128x128_kernel<opus_gemm_mxscale_bpreshuffle_4wave_128x128_traits_gfx950>(opus_gemm_mxscale_bpreshuffle_kargs_gfx950)",256,105984,0,132,0,112,"OPUS_GFX950_TA_BUFFER_READ_LDS_WAVEFRONTS_SUM",21504.000000,3248253864602270,3248253864610790
298,298,"Agent 5",1,1196674,1196674,57344,1394,"void gemm_a8w8_mxfp8_scale_4wave_128x128_kernel<opus_gemm_mxscale_bpreshuffle_4wave_128x128_traits_gfx950>(opus_gemm_mxscale_bpreshuffle_kargs_gfx950)",256,105984,0,132,0,112,"OPUS_GFX950_TA_BUFFER_READ_WAVEFRONTS_SUM",21952.000000,3248253864602270,3248253864610790
299,299,"Agent 5",1,1196674,1196674,57344,1394,"void gemm_a8w8_mxfp8_scale_4wave_128x128_kernel<opus_gemm_mxscale_bpreshuffle_4wave_128x128_traits_gfx950>(opus_gemm_mxscale_bpreshuffle_kargs_gfx950)",256,105984,0,132,0,112,"OPUS_GFX950_GRBM_COUNT_MAX",42275.000000,3248253865223956,3248253865233036
299,299,"Agent 5",1,1196674,1196674,57344,1394,"void gemm_a8w8_mxfp8_scale_4wave_128x128_kernel<opus_gemm_mxscale_bpreshuffle_4wave_128x128_traits_gfx950>(opus_gemm_mxscale_bpreshuffle_kargs_gfx950)",256,105984,0,132,0,112,"OPUS_GFX950_GRBM_GUI_ACTIVE_MAX",42275.000000,3248253865223956,3248253865233036
299,299,"Agent 5",1,1196674,1196674,57344,1394,"void gemm_a8w8_mxfp8_scale_4wave_128x128_kernel<opus_gemm_mxscale_bpreshuffle_4wave_128x128_traits_gfx950>(opus_gemm_mxscale_bpreshuffle_kargs_gfx950)",256,105984,0,132,0,112,"OPUS_GFX950_SQ_BUSY_CYCLES_SUM",512538.000000,3248253865223956,3248253865233036
299,299,"Agent 5",1,1196674,1196674,57344,1394,"void gemm_a8w8_mxfp8_scale_4wave_128x128_kernel<opus_gemm_mxscale_bpreshuffle_4wave_128x128_traits_gfx950>(opus_gemm_mxscale_bpreshuffle_kargs_gfx950)",256,105984,0,132,0,112,"OPUS_GFX950_TCP_TCP_TA_ADDR_STALL_CYCLES_SUM",159347.000000,3248253865223956,3248253865233036
299,299,"Agent 5",1,1196674,1196674,57344,1394,"void gemm_a8w8_mxfp8_scale_4wave_128x128_kernel<opus_gemm_mxscale_bpreshuffle_4wave_128x128_traits_gfx950>(opus_gemm_mxscale_bpreshuffle_kargs_gfx950)",256,105984,0,132,0,112,"OPUS_GFX950_TCP_GATE_EN1_SUM",4724632.000000,3248253865223956,3248253865233036
299,299,"Agent 5",1,1196674,1196674,57344,1394,"void gemm_a8w8_mxfp8_scale_4wave_128x128_kernel<opus_gemm_mxscale_bpreshuffle_4wave_128x128_traits_gfx950>(opus_gemm_mxscale_bpreshuffle_kargs_gfx950)",256,105984,0,132,0,112,"OPUS_GFX950_SQ_VMEM_TA_ADDR_FIFO_FULL_SUM",72545.000000,3248253865223956,3248253865233036
299,299,"Agent 5",1,1196674,1196674,57344,1394,"void gemm_a8w8_mxfp8_scale_4wave_128x128_kernel<opus_gemm_mxscale_bpreshuffle_4wave_128x128_traits_gfx950>(opus_gemm_mxscale_bpreshuffle_kargs_gfx950)",256,105984,0,132,0,112,"OPUS_GFX950_SQ_LDS_BANK_CONFLICT_SUM",172032.000000,3248253865223956,3248253865233036
299,299,"Agent 5",1,1196674,1196674,57344,1394,"void gemm_a8w8_mxfp8_scale_4wave_128x128_kernel<opus_gemm_mxscale_bpreshuffle_4wave_128x128_traits_gfx950>(opus_gemm_mxscale_bpreshuffle_kargs_gfx950)",256,105984,0,132,0,112,"OPUS_GFX950_SQ_WAIT_INST_LDS_SUM",58948.000000,3248253865223956,3248253865233036
299,299,"Agent 5",1,1196674,1196674,57344,1394,"void gemm_a8w8_mxfp8_scale_4wave_128x128_kernel<opus_gemm_mxscale_bpreshuffle_4wave_128x128_traits_gfx950>(opus_gemm_mxscale_bpreshuffle_kargs_gfx950)",256,105984,0,132,0,112,"OPUS_GFX950_TCP_RFIFO_STALL_CYCLES_SUM",6239.000000,3248253865223956,3248253865233036
299,299,"Agent 5",1,1196674,1196674,57344,1394,"void gemm_a8w8_mxfp8_scale_4wave_128x128_kernel<opus_gemm_mxscale_bpreshuffle_4wave_128x128_traits_gfx950>(opus_gemm_mxscale_bpreshuffle_kargs_gfx950)",256,105984,0,132,0,112,"OPUS_GFX950_TCP_READ_TAGCONFLICT_STALL_CYCLES_SUM",0.00000000e+00,3248253865223956,3248253865233036
299,299,"Agent 5",1,1196674,1196674,57344,1394,"void gemm_a8w8_mxfp8_scale_4wave_128x128_kernel<opus_gemm_mxscale_bpreshuffle_4wave_128x128_traits_gfx950>(opus_gemm_mxscale_bpreshuffle_kargs_gfx950)",256,105984,0,132,0,112,"OPUS_GFX950_TA_BUFFER_READ_LDS_WAVEFRONTS_SUM",21504.000000,3248253865223956,3248253865233036
299,299,"Agent 5",1,1196674,1196674,57344,1394,"void gemm_a8w8_mxfp8_scale_4wave_128x128_kernel<opus_gemm_mxscale_bpreshuffle_4wave_128x128_traits_gfx950>(opus_gemm_mxscale_bpreshuffle_kargs_gfx950)",256,105984,0,132,0,112,"OPUS_GFX950_TA_BUFFER_READ_WAVEFRONTS_SUM",21952.000000,3248253865223956,3248253865233036
300,300,"Agent 5",1,1196674,1196674,57344,1394,"void gemm_a8w8_mxfp8_scale_4wave_128x128_kernel<opus_gemm_mxscale_bpreshuffle_4wave_128x128_traits_gfx950>(opus_gemm_mxscale_bpreshuffle_kargs_gfx950)",256,105984,0,132,0,112,"OPUS_GFX950_GRBM_COUNT_MAX",42353.000000,3248253865838601,3248253865847001
300,300,"Agent 5",1,1196674,1196674,57344,1394,"void gemm_a8w8_mxfp8_scale_4wave_128x128_kernel<opus_gemm_mxscale_bpreshuffle_4wave_128x128_traits_gfx950>(opus_gemm_mxscale_bpreshuffle_kargs_gfx950)",256,105984,0,132,0,112,"OPUS_GFX950_GRBM_GUI_ACTIVE_MAX",42353.000000,3248253865838601,3248253865847001
300,300,"Agent 5",1,1196674,1196674,57344,1394,"void gemm_a8w8_mxfp8_scale_4wave_128x128_kernel<opus_gemm_mxscale_bpreshuffle_4wave_128x128_traits_gfx950>(opus_gemm_mxscale_bpreshuffle_kargs_gfx950)",256,105984,0,132,0,112,"OPUS_GFX950_SQ_BUSY_CYCLES_SUM",478367.000000,3248253865838601,3248253865847001
300,300,"Agent 5",1,1196674,1196674,57344,1394,"void gemm_a8w8_mxfp8_scale_4wave_128x128_kernel<opus_gemm_mxscale_bpreshuffle_4wave_128x128_traits_gfx950>(opus_gemm_mxscale_bpreshuffle_kargs_gfx950)",256,105984,0,132,0,112,"OPUS_GFX950_TCP_TCP_TA_ADDR_STALL_CYCLES_SUM",138671.000000,3248253865838601,3248253865847001
300,300,"Agent 5",1,1196674,1196674,57344,1394,"void gemm_a8w8_mxfp8_scale_4wave_128x128_kernel<opus_gemm_mxscale_bpreshuffle_4wave_128x128_traits_gfx950>(opus_gemm_mxscale_bpreshuffle_kargs_gfx950)",256,105984,0,132,0,112,"OPUS_GFX950_TCP_GATE_EN1_SUM",4451560.000000,3248253865838601,3248253865847001
300,300,"Agent 5",1,1196674,1196674,57344,1394,"void gemm_a8w8_mxfp8_scale_4wave_128x128_kernel<opus_gemm_mxscale_bpreshuffle_4wave_128x128_traits_gfx950>(opus_gemm_mxscale_bpreshuffle_kargs_gfx950)",256,105984,0,132,0,112,"OPUS_GFX950_SQ_VMEM_TA_ADDR_FIFO_FULL_SUM",52006.000000,3248253865838601,3248253865847001
300,300,"Agent 5",1,1196674,1196674,57344,1394,"void gemm_a8w8_mxfp8_scale_4wave_128x128_kernel<opus_gemm_mxscale_bpreshuffle_4wave_128x128_traits_gfx950>(opus_gemm_mxscale_bpreshuffle_kargs_gfx950)",256,105984,0,132,0,112,"OPUS_GFX950_SQ_LDS_BANK_CONFLICT_SUM",172032.000000,3248253865838601,3248253865847001
300,300,"Agent 5",1,1196674,1196674,57344,1394,"void gemm_a8w8_mxfp8_scale_4wave_128x128_kernel<opus_gemm_mxscale_bpreshuffle_4wave_128x128_traits_gfx950>(opus_gemm_mxscale_bpreshuffle_kargs_gfx950)",256,105984,0,132,0,112,"OPUS_GFX950_SQ_WAIT_INST_LDS_SUM",58708.000000,3248253865838601,3248253865847001
300,300,"Agent 5",1,1196674,1196674,57344,1394,"void gemm_a8w8_mxfp8_scale_4wave_128x128_kernel<opus_gemm_mxscale_bpreshuffle_4wave_128x128_traits_gfx950>(opus_gemm_mxscale_bpreshuffle_kargs_gfx950)",256,105984,0,132,0,112,"OPUS_GFX950_TCP_RFIFO_STALL_CYCLES_SUM",11097.000000,3248253865838601,3248253865847001
300,300,"Agent 5",1,1196674,1196674,57344,1394,"void gemm_a8w8_mxfp8_scale_4wave_128x128_kernel<opus_gemm_mxscale_bpreshuffle_4wave_128x128_traits_gfx950>(opus_gemm_mxscale_bpreshuffle_kargs_gfx950)",256,105984,0,132,0,112,"OPUS_GFX950_TCP_READ_TAGCONFLICT_STALL_CYCLES_SUM",0.00000000e+00,3248253865838601,3248253865847001
300,300,"Agent 5",1,1196674,1196674,57344,1394,"void gemm_a8w8_mxfp8_scale_4wave_128x128_kernel<opus_gemm_mxscale_bpreshuffle_4wave_128x128_traits_gfx950>(opus_gemm_mxscale_bpreshuffle_kargs_gfx950)",256,105984,0,132,0,112,"OPUS_GFX950_TA_BUFFER_READ_LDS_WAVEFRONTS_SUM",21504.000000,3248253865838601,3248253865847001
300,300,"Agent 5",1,1196674,1196674,57344,1394,"void gemm_a8w8_mxfp8_scale_4wave_128x128_kernel<opus_gemm_mxscale_bpreshuffle_4wave_128x128_traits_gfx950>(opus_gemm_mxscale_bpreshuffle_kargs_gfx950)",256,105984,0,132,0,112,"OPUS_GFX950_TA_BUFFER_READ_WAVEFRONTS_SUM",21952.000000,3248253865838601,3248253865847001
301,301,"Agent 5",1,1196674,1196674,57344,1394,"void gemm_a8w8_mxfp8_scale_4wave_128x128_kernel<opus_gemm_mxscale_bpreshuffle_4wave_128x128_traits_gfx950>(opus_gemm_mxscale_bpreshuffle_kargs_gfx950)",256,105984,0,132,0,112,"OPUS_GFX950_GRBM_COUNT_MAX",40962.000000,3248253866447527,3248253866456167
301,301,"Agent 5",1,1196674,1196674,57344,1394,"void gemm_a8w8_mxfp8_scale_4wave_128x128_kernel<opus_gemm_mxscale_bpreshuffle_4wave_128x128_traits_gfx950>(opus_gemm_mxscale_bpreshuffle_kargs_gfx950)",256,105984,0,132,0,112,"OPUS_GFX950_GRBM_GUI_ACTIVE_MAX",40962.000000,3248253866447527,3248253866456167
301,301,"Agent 5",1,1196674,1196674,57344,1394,"void gemm_a8w8_mxfp8_scale_4wave_128x128_kernel<opus_gemm_mxscale_bpreshuffle_4wave_128x128_traits_gfx950>(opus_gemm_mxscale_bpreshuffle_kargs_gfx950)",256,105984,0,132,0,112,"OPUS_GFX950_SQ_BUSY_CYCLES_SUM",490768.000000,3248253866447527,3248253866456167
301,301,"Agent 5",1,1196674,1196674,57344,1394,"void gemm_a8w8_mxfp8_scale_4wave_128x128_kernel<opus_gemm_mxscale_bpreshuffle_4wave_128x128_traits_gfx950>(opus_gemm_mxscale_bpreshuffle_kargs_gfx950)",256,105984,0,132,0,112,"OPUS_GFX950_TCP_TCP_TA_ADDR_STALL_CYCLES_SUM",139513.000000,3248253866447527,3248253866456167
301,301,"Agent 5",1,1196674,1196674,57344,1394,"void gemm_a8w8_mxfp8_scale_4wave_128x128_kernel<opus_gemm_mxscale_bpreshuffle_4wave_128x128_traits_gfx950>(opus_gemm_mxscale_bpreshuffle_kargs_gfx950)",256,105984,0,132,0,112,"OPUS_GFX950_TCP_GATE_EN1_SUM",4550544.000000,3248253866447527,3248253866456167
301,301,"Agent 5",1,1196674,1196674,57344,1394,"void gemm_a8w8_mxfp8_scale_4wave_128x128_kernel<opus_gemm_mxscale_bpreshuffle_4wave_128x128_traits_gfx950>(opus_gemm_mxscale_bpreshuffle_kargs_gfx950)",256,105984,0,132,0,112,"OPUS_GFX950_SQ_VMEM_TA_ADDR_FIFO_FULL_SUM",81981.000000,3248253866447527,3248253866456167
301,301,"Agent 5",1,1196674,1196674,57344,1394,"void gemm_a8w8_mxfp8_scale_4wave_128x128_kernel<opus_gemm_mxscale_bpreshuffle_4wave_128x128_traits_gfx950>(opus_gemm_mxscale_bpreshuffle_kargs_gfx950)",256,105984,0,132,0,112,"OPUS_GFX950_SQ_LDS_BANK_CONFLICT_SUM",172032.000000,3248253866447527,3248253866456167
301,301,"Agent 5",1,1196674,1196674,57344,1394,"void gemm_a8w8_mxfp8_scale_4wave_128x128_kernel<opus_gemm_mxscale_bpreshuffle_4wave_128x128_traits_gfx950>(opus_gemm_mxscale_bpreshuffle_kargs_gfx950)",256,105984,0,132,0,112,"OPUS_GFX950_SQ_WAIT_INST_LDS_SUM",58749.000000,3248253866447527,3248253866456167
301,301,"Agent 5",1,1196674,1196674,57344,1394,"void gemm_a8w8_mxfp8_scale_4wave_128x128_kernel<opus_gemm_mxscale_bpreshuffle_4wave_128x128_traits_gfx950>(opus_gemm_mxscale_bpreshuffle_kargs_gfx950)",256,105984,0,132,0,112,"OPUS_GFX950_TCP_RFIFO_STALL_CYCLES_SUM",10311.000000,3248253866447527,3248253866456167
301,301,"Agent 5",1,1196674,1196674,57344,1394,"void gemm_a8w8_mxfp8_scale_4wave_128x128_kernel<opus_gemm_mxscale_bpreshuffle_4wave_128x128_traits_gfx950>(opus_gemm_mxscale_bpreshuffle_kargs_gfx950)",256,105984,0,132,0,112,"OPUS_GFX950_TCP_READ_TAGCONFLICT_STALL_CYCLES_SUM",0.00000000e+00,3248253866447527,3248253866456167
301,301,"Agent 5",1,1196674,1196674,57344,1394,"void gemm_a8w8_mxfp8_scale_4wave_128x128_kernel<opus_gemm_mxscale_bpreshuffle_4wave_128x128_traits_gfx950>(opus_gemm_mxscale_bpreshuffle_kargs_gfx950)",256,105984,0,132,0,112,"OPUS_GFX950_TA_BUFFER_READ_LDS_WAVEFRONTS_SUM",21504.000000,3248253866447527,3248253866456167
301,301,"Agent 5",1,1196674,1196674,57344,1394,"void gemm_a8w8_mxfp8_scale_4wave_128x128_kernel<opus_gemm_mxscale_bpreshuffle_4wave_128x128_traits_gfx950>(opus_gemm_mxscale_bpreshuffle_kargs_gfx950)",256,105984,0,132,0,112,"OPUS_GFX950_TA_BUFFER_READ_WAVEFRONTS_SUM",21952.000000,3248253866447527,3248253866456167
302,302,"Agent 5",1,1196674,1196674,57344,1394,"void gemm_a8w8_mxfp8_scale_4wave_128x128_kernel<opus_gemm_mxscale_bpreshuffle_4wave_128x128_traits_gfx950>(opus_gemm_mxscale_bpreshuffle_kargs_gfx950)",256,105984,0,132,0,112,"OPUS_GFX950_GRBM_COUNT_MAX",43093.000000,3248253867019292,3248253867028252
302,302,"Agent 5",1,1196674,1196674,57344,1394,"void gemm_a8w8_mxfp8_scale_4wave_128x128_kernel<opus_gemm_mxscale_bpreshuffle_4wave_128x128_traits_gfx950>(opus_gemm_mxscale_bpreshuffle_kargs_gfx950)",256,105984,0,132,0,112,"OPUS_GFX950_GRBM_GUI_ACTIVE_MAX",43093.000000,3248253867019292,3248253867028252
302,302,"Agent 5",1,1196674,1196674,57344,1394,"void gemm_a8w8_mxfp8_scale_4wave_128x128_kernel<opus_gemm_mxscale_bpreshuffle_4wave_128x128_traits_gfx950>(opus_gemm_mxscale_bpreshuffle_kargs_gfx950)",256,105984,0,132,0,112,"OPUS_GFX950_SQ_BUSY_CYCLES_SUM",510724.000000,3248253867019292,3248253867028252
302,302,"Agent 5",1,1196674,1196674,57344,1394,"void gemm_a8w8_mxfp8_scale_4wave_128x128_kernel<opus_gemm_mxscale_bpreshuffle_4wave_128x128_traits_gfx950>(opus_gemm_mxscale_bpreshuffle_kargs_gfx950)",256,105984,0,132,0,112,"OPUS_GFX950_TCP_TCP_TA_ADDR_STALL_CYCLES_SUM",173751.000000,3248253867019292,3248253867028252
302,302,"Agent 5",1,1196674,1196674,57344,1394,"void gemm_a8w8_mxfp8_scale_4wave_128x128_kernel<opus_gemm_mxscale_bpreshuffle_4wave_128x128_traits_gfx950>(opus_gemm_mxscale_bpreshuffle_kargs_gfx950)",256,105984,0,132,0,112,"OPUS_GFX950_TCP_GATE_EN1_SUM",4710080.000000,3248253867019292,3248253867028252
302,302,"Agent 5",1,1196674,1196674,57344,1394,"void gemm_a8w8_mxfp8_scale_4wave_128x128_kernel<opus_gemm_mxscale_bpreshuffle_4wave_128x128_traits_gfx950>(opus_gemm_mxscale_bpreshuffle_kargs_gfx950)",256,105984,0,132,0,112,"OPUS_GFX950_SQ_VMEM_TA_ADDR_FIFO_FULL_SUM",62293.000000,3248253867019292,3248253867028252
302,302,"Agent 5",1,1196674,1196674,57344,1394,"void gemm_a8w8_mxfp8_scale_4wave_128x128_kernel<opus_gemm_mxscale_bpreshuffle_4wave_128x128_traits_gfx950>(opus_gemm_mxscale_bpreshuffle_kargs_gfx950)",256,105984,0,132,0,112,"OPUS_GFX950_SQ_LDS_BANK_CONFLICT_SUM",172032.000000,3248253867019292,3248253867028252
302,302,"Agent 5",1,1196674,1196674,57344,1394,"void gemm_a8w8_mxfp8_scale_4wave_128x128_kernel<opus_gemm_mxscale_bpreshuffle_4wave_128x128_traits_gfx950>(opus_gemm_mxscale_bpreshuffle_kargs_gfx950)",256,105984,0,132,0,112,"OPUS_GFX950_SQ_WAIT_INST_LDS_SUM",58651.000000,3248253867019292,3248253867028252
302,302,"Agent 5",1,1196674,1196674,57344,1394,"void gemm_a8w8_mxfp8_scale_4wave_128x128_kernel<opus_gemm_mxscale_bpreshuffle_4wave_128x128_traits_gfx950>(opus_gemm_mxscale_bpreshuffle_kargs_gfx950)",256,105984,0,132,0,112,"OPUS_GFX950_TCP_RFIFO_STALL_CYCLES_SUM",7575.000000,3248253867019292,3248253867028252
302,302,"Agent 5",1,1196674,1196674,57344,1394,"void gemm_a8w8_mxfp8_scale_4wave_128x128_kernel<opus_gemm_mxscale_bpreshuffle_4wave_128x128_traits_gfx950>(opus_gemm_mxscale_bpreshuffle_kargs_gfx950)",256,105984,0,132,0,112,"OPUS_GFX950_TCP_READ_TAGCONFLICT_STALL_CYCLES_SUM",0.00000000e+00,3248253867019292,3248253867028252
302,302,"Agent 5",1,1196674,1196674,57344,1394,"void gemm_a8w8_mxfp8_scale_4wave_128x128_kernel<opus_gemm_mxscale_bpreshuffle_4wave_128x128_traits_gfx950>(opus_gemm_mxscale_bpreshuffle_kargs_gfx950)",256,105984,0,132,0,112,"OPUS_GFX950_TA_BUFFER_READ_LDS_WAVEFRONTS_SUM",21504.000000,3248253867019292,3248253867028252
302,302,"Agent 5",1,1196674,1196674,57344,1394,"void gemm_a8w8_mxfp8_scale_4wave_128x128_kernel<opus_gemm_mxscale_bpreshuffle_4wave_128x128_traits_gfx950>(opus_gemm_mxscale_bpreshuffle_kargs_gfx950)",256,105984,0,132,0,112,"OPUS_GFX950_TA_BUFFER_READ_WAVEFRONTS_SUM",21952.000000,3248253867019292,3248253867028252
303,303,"Agent 5",1,1196674,1196674,57344,1394,"void gemm_a8w8_mxfp8_scale_4wave_128x128_kernel<opus_gemm_mxscale_bpreshuffle_4wave_128x128_traits_gfx950>(opus_gemm_mxscale_bpreshuffle_kargs_gfx950)",256,105984,0,132,0,112,"OPUS_GFX950_GRBM_COUNT_MAX",41818.000000,3248253867616817,3248253867625217
303,303,"Agent 5",1,1196674,1196674,57344,1394,"void gemm_a8w8_mxfp8_scale_4wave_128x128_kernel<opus_gemm_mxscale_bpreshuffle_4wave_128x128_traits_gfx950>(opus_gemm_mxscale_bpreshuffle_kargs_gfx950)",256,105984,0,132,0,112,"OPUS_GFX950_GRBM_GUI_ACTIVE_MAX",41818.000000,3248253867616817,3248253867625217
303,303,"Agent 5",1,1196674,1196674,57344,1394,"void gemm_a8w8_mxfp8_scale_4wave_128x128_kernel<opus_gemm_mxscale_bpreshuffle_4wave_128x128_traits_gfx950>(opus_gemm_mxscale_bpreshuffle_kargs_gfx950)",256,105984,0,132,0,112,"OPUS_GFX950_SQ_BUSY_CYCLES_SUM",472609.000000,3248253867616817,3248253867625217
303,303,"Agent 5",1,1196674,1196674,57344,1394,"void gemm_a8w8_mxfp8_scale_4wave_128x128_kernel<opus_gemm_mxscale_bpreshuffle_4wave_128x128_traits_gfx950>(opus_gemm_mxscale_bpreshuffle_kargs_gfx950)",256,105984,0,132,0,112,"OPUS_GFX950_TCP_TCP_TA_ADDR_STALL_CYCLES_SUM",142789.000000,3248253867616817,3248253867625217
303,303,"Agent 5",1,1196674,1196674,57344,1394,"void gemm_a8w8_mxfp8_scale_4wave_128x128_kernel<opus_gemm_mxscale_bpreshuffle_4wave_128x128_traits_gfx950>(opus_gemm_mxscale_bpreshuffle_kargs_gfx950)",256,105984,0,132,0,112,"OPUS_GFX950_TCP_GATE_EN1_SUM",4405032.000000,3248253867616817,3248253867625217
303,303,"Agent 5",1,1196674,1196674,57344,1394,"void gemm_a8w8_mxfp8_scale_4wave_128x128_kernel<opus_gemm_mxscale_bpreshuffle_4wave_128x128_traits_gfx950>(opus_gemm_mxscale_bpreshuffle_kargs_gfx950)",256,105984,0,132,0,112,"OPUS_GFX950_SQ_VMEM_TA_ADDR_FIFO_FULL_SUM",51814.000000,3248253867616817,3248253867625217
303,303,"Agent 5",1,1196674,1196674,57344,1394,"void gemm_a8w8_mxfp8_scale_4wave_128x128_kernel<opus_gemm_mxscale_bpreshuffle_4wave_128x128_traits_gfx950>(opus_gemm_mxscale_bpreshuffle_kargs_gfx950)",256,105984,0,132,0,112,"OPUS_GFX950_SQ_LDS_BANK_CONFLICT_SUM",172032.000000,3248253867616817,3248253867625217
303,303,"Agent 5",1,1196674,1196674,57344,1394,"void gemm_a8w8_mxfp8_scale_4wave_128x128_kernel<opus_gemm_mxscale_bpreshuffle_4wave_128x128_traits_gfx950>(opus_gemm_mxscale_bpreshuffle_kargs_gfx950)",256,105984,0,132,0,112,"OPUS_GFX950_SQ_WAIT_INST_LDS_SUM",58575.000000,3248253867616817,3248253867625217
303,303,"Agent 5",1,1196674,1196674,57344,1394,"void gemm_a8w8_mxfp8_scale_4wave_128x128_kernel<opus_gemm_mxscale_bpreshuffle_4wave_128x128_traits_gfx950>(opus_gemm_mxscale_bpreshuffle_kargs_gfx950)",256,105984,0,132,0,112,"OPUS_GFX950_TCP_RFIFO_STALL_CYCLES_SUM",7808.000000,3248253867616817,3248253867625217
303,303,"Agent 5",1,1196674,1196674,57344,1394,"void gemm_a8w8_mxfp8_scale_4wave_128x128_kernel<opus_gemm_mxscale_bpreshuffle_4wave_128x128_traits_gfx950>(opus_gemm_mxscale_bpreshuffle_kargs_gfx950)",256,105984,0,132,0,112,"OPUS_GFX950_TCP_READ_TAGCONFLICT_STALL_CYCLES_SUM",0.00000000e+00,3248253867616817,3248253867625217
303,303,"Agent 5",1,1196674,1196674,57344,1394,"void gemm_a8w8_mxfp8_scale_4wave_128x128_kernel<opus_gemm_mxscale_bpreshuffle_4wave_128x128_traits_gfx950>(opus_gemm_mxscale_bpreshuffle_kargs_gfx950)",256,105984,0,132,0,112,"OPUS_GFX950_TA_BUFFER_READ_LDS_WAVEFRONTS_SUM",21504.000000,3248253867616817,3248253867625217
303,303,"Agent 5",1,1196674,1196674,57344,1394,"void gemm_a8w8_mxfp8_scale_4wave_128x128_kernel<opus_gemm_mxscale_bpreshuffle_4wave_128x128_traits_gfx950>(opus_gemm_mxscale_bpreshuffle_kargs_gfx950)",256,105984,0,132,0,112,"OPUS_GFX950_TA_BUFFER_READ_WAVEFRONTS_SUM",21952.000000,3248253867616817,3248253867625217
304,304,"Agent 5",1,1196674,1196674,57344,1394,"void gemm_a8w8_mxfp8_scale_4wave_128x128_kernel<opus_gemm_mxscale_bpreshuffle_4wave_128x128_traits_gfx950>(opus_gemm_mxscale_bpreshuffle_kargs_gfx950)",256,105984,0,132,0,112,"OPUS_GFX950_GRBM_COUNT_MAX",42628.000000,3248253868238543,3248253868246943
304,304,"Agent 5",1,1196674,1196674,57344,1394,"void gemm_a8w8_mxfp8_scale_4wave_128x128_kernel<opus_gemm_mxscale_bpreshuffle_4wave_128x128_traits_gfx950>(opus_gemm_mxscale_bpreshuffle_kargs_gfx950)",256,105984,0,132,0,112,"OPUS_GFX950_GRBM_GUI_ACTIVE_MAX",42628.000000,3248253868238543,3248253868246943
304,304,"Agent 5",1,1196674,1196674,57344,1394,"void gemm_a8w8_mxfp8_scale_4wave_128x128_kernel<opus_gemm_mxscale_bpreshuffle_4wave_128x128_traits_gfx950>(opus_gemm_mxscale_bpreshuffle_kargs_gfx950)",256,105984,0,132,0,112,"OPUS_GFX950_SQ_BUSY_CYCLES_SUM",473580.000000,3248253868238543,3248253868246943
304,304,"Agent 5",1,1196674,1196674,57344,1394,"void gemm_a8w8_mxfp8_scale_4wave_128x128_kernel<opus_gemm_mxscale_bpreshuffle_4wave_128x128_traits_gfx950>(opus_gemm_mxscale_bpreshuffle_kargs_gfx950)",256,105984,0,132,0,112,"OPUS_GFX950_TCP_TCP_TA_ADDR_STALL_CYCLES_SUM",115975.000000,3248253868238543,3248253868246943
304,304,"Agent 5",1,1196674,1196674,57344,1394,"void gemm_a8w8_mxfp8_scale_4wave_128x128_kernel<opus_gemm_mxscale_bpreshuffle_4wave_128x128_traits_gfx950>(opus_gemm_mxscale_bpreshuffle_kargs_gfx950)",256,105984,0,132,0,112,"OPUS_GFX950_TCP_GATE_EN1_SUM",4412992.000000,3248253868238543,3248253868246943
304,304,"Agent 5",1,1196674,1196674,57344,1394,"void gemm_a8w8_mxfp8_scale_4wave_128x128_kernel<opus_gemm_mxscale_bpreshuffle_4wave_128x128_traits_gfx950>(opus_gemm_mxscale_bpreshuffle_kargs_gfx950)",256,105984,0,132,0,112,"OPUS_GFX950_SQ_VMEM_TA_ADDR_FIFO_FULL_SUM",49453.000000,3248253868238543,3248253868246943
304,304,"Agent 5",1,1196674,1196674,57344,1394,"void gemm_a8w8_mxfp8_scale_4wave_128x128_kernel<opus_gemm_mxscale_bpreshuffle_4wave_128x128_traits_gfx950>(opus_gemm_mxscale_bpreshuffle_kargs_gfx950)",256,105984,0,132,0,112,"OPUS_GFX950_SQ_LDS_BANK_CONFLICT_SUM",172032.000000,3248253868238543,3248253868246943
304,304,"Agent 5",1,1196674,1196674,57344,1394,"void gemm_a8w8_mxfp8_scale_4wave_128x128_kernel<opus_gemm_mxscale_bpreshuffle_4wave_128x128_traits_gfx950>(opus_gemm_mxscale_bpreshuffle_kargs_gfx950)",256,105984,0,132,0,112,"OPUS_GFX950_SQ_WAIT_INST_LDS_SUM",59264.000000,3248253868238543,3248253868246943
304,304,"Agent 5",1,1196674,1196674,57344,1394,"void gemm_a8w8_mxfp8_scale_4wave_128x128_kernel<opus_gemm_mxscale_bpreshuffle_4wave_128x128_traits_gfx950>(opus_gemm_mxscale_bpreshuffle_kargs_gfx950)",256,105984,0,132,0,112,"OPUS_GFX950_TCP_RFIFO_STALL_CYCLES_SUM",7583.000000,3248253868238543,3248253868246943
304,304,"Agent 5",1,1196674,1196674,57344,1394,"void gemm_a8w8_mxfp8_scale_4wave_128x128_kernel<opus_gemm_mxscale_bpreshuffle_4wave_128x128_traits_gfx950>(opus_gemm_mxscale_bpreshuffle_kargs_gfx950)",256,105984,0,132,0,112,"OPUS_GFX950_TCP_READ_TAGCONFLICT_STALL_CYCLES_SUM",0.00000000e+00,3248253868238543,3248253868246943
304,304,"Agent 5",1,1196674,1196674,57344,1394,"void gemm_a8w8_mxfp8_scale_4wave_128x128_kernel<opus_gemm_mxscale_bpreshuffle_4wave_128x128_traits_gfx950>(opus_gemm_mxscale_bpreshuffle_kargs_gfx950)",256,105984,0,132,0,112,"OPUS_GFX950_TA_BUFFER_READ_LDS_WAVEFRONTS_SUM",21504.000000,3248253868238543,3248253868246943
304,304,"Agent 5",1,1196674,1196674,57344,1394,"void gemm_a8w8_mxfp8_scale_4wave_128x128_kernel<opus_gemm_mxscale_bpreshuffle_4wave_128x128_traits_gfx950>(opus_gemm_mxscale_bpreshuffle_kargs_gfx950)",256,105984,0,132,0,112,"OPUS_GFX950_TA_BUFFER_READ_WAVEFRONTS_SUM",21952.000000,3248253868238543,3248253868246943
305,305,"Agent 5",1,1196674,1196674,57344,1394,"void gemm_a8w8_mxfp8_scale_4wave_128x128_kernel<opus_gemm_mxscale_bpreshuffle_4wave_128x128_traits_gfx950>(opus_gemm_mxscale_bpreshuffle_kargs_gfx950)",256,105984,0,132,0,112,"OPUS_GFX950_GRBM_COUNT_MAX",40178.000000,3248253868856429,3248253868864709
305,305,"Agent 5",1,1196674,1196674,57344,1394,"void gemm_a8w8_mxfp8_scale_4wave_128x128_kernel<opus_gemm_mxscale_bpreshuffle_4wave_128x128_traits_gfx950>(opus_gemm_mxscale_bpreshuffle_kargs_gfx950)",256,105984,0,132,0,112,"OPUS_GFX950_GRBM_GUI_ACTIVE_MAX",40178.000000,3248253868856429,3248253868864709
305,305,"Agent 5",1,1196674,1196674,57344,1394,"void gemm_a8w8_mxfp8_scale_4wave_128x128_kernel<opus_gemm_mxscale_bpreshuffle_4wave_128x128_traits_gfx950>(opus_gemm_mxscale_bpreshuffle_kargs_gfx950)",256,105984,0,132,0,112,"OPUS_GFX950_SQ_BUSY_CYCLES_SUM",475501.000000,3248253868856429,3248253868864709
305,305,"Agent 5",1,1196674,1196674,57344,1394,"void gemm_a8w8_mxfp8_scale_4wave_128x128_kernel<opus_gemm_mxscale_bpreshuffle_4wave_128x128_traits_gfx950>(opus_gemm_mxscale_bpreshuffle_kargs_gfx950)",256,105984,0,132,0,112,"OPUS_GFX950_TCP_TCP_TA_ADDR_STALL_CYCLES_SUM",158318.000000,3248253868856429,3248253868864709
305,305,"Agent 5",1,1196674,1196674,57344,1394,"void gemm_a8w8_mxfp8_scale_4wave_128x128_kernel<opus_gemm_mxscale_bpreshuffle_4wave_128x128_traits_gfx950>(opus_gemm_mxscale_bpreshuffle_kargs_gfx950)",256,105984,0,132,0,112,"OPUS_GFX950_TCP_GATE_EN1_SUM",4428792.000000,3248253868856429,3248253868864709
305,305,"Agent 5",1,1196674,1196674,57344,1394,"void gemm_a8w8_mxfp8_scale_4wave_128x128_kernel<opus_gemm_mxscale_bpreshuffle_4wave_128x128_traits_gfx950>(opus_gemm_mxscale_bpreshuffle_kargs_gfx950)",256,105984,0,132,0,112,"OPUS_GFX950_SQ_VMEM_TA_ADDR_FIFO_FULL_SUM",62910.000000,3248253868856429,3248253868864709
305,305,"Agent 5",1,1196674,1196674,57344,1394,"void gemm_a8w8_mxfp8_scale_4wave_128x128_kernel<opus_gemm_mxscale_bpreshuffle_4wave_128x128_traits_gfx950>(opus_gemm_mxscale_bpreshuffle_kargs_gfx950)",256,105984,0,132,0,112,"OPUS_GFX950_SQ_LDS_BANK_CONFLICT_SUM",172032.000000,3248253868856429,3248253868864709
305,305,"Agent 5",1,1196674,1196674,57344,1394,"void gemm_a8w8_mxfp8_scale_4wave_128x128_kernel<opus_gemm_mxscale_bpreshuffle_4wave_128x128_traits_gfx950>(opus_gemm_mxscale_bpreshuffle_kargs_gfx950)",256,105984,0,132,0,112,"OPUS_GFX950_SQ_WAIT_INST_LDS_SUM",57875.000000,3248253868856429,3248253868864709
305,305,"Agent 5",1,1196674,1196674,57344,1394,"void gemm_a8w8_mxfp8_scale_4wave_128x128_kernel<opus_gemm_mxscale_bpreshuffle_4wave_128x128_traits_gfx950>(opus_gemm_mxscale_bpreshuffle_kargs_gfx950)",256,105984,0,132,0,112,"OPUS_GFX950_TCP_RFIFO_STALL_CYCLES_SUM",4442.000000,3248253868856429,3248253868864709
305,305,"Agent 5",1,1196674,1196674,57344,1394,"void gemm_a8w8_mxfp8_scale_4wave_128x128_kernel<opus_gemm_mxscale_bpreshuffle_4wave_128x128_traits_gfx950>(opus_gemm_mxscale_bpreshuffle_kargs_gfx950)",256,105984,0,132,0,112,"OPUS_GFX950_TCP_READ_TAGCONFLICT_STALL_CYCLES_SUM",0.00000000e+00,3248253868856429,3248253868864709
305,305,"Agent 5",1,1196674,1196674,57344,1394,"void gemm_a8w8_mxfp8_scale_4wave_128x128_kernel<opus_gemm_mxscale_bpreshuffle_4wave_128x128_traits_gfx950>(opus_gemm_mxscale_bpreshuffle_kargs_gfx950)",256,105984,0,132,0,112,"OPUS_GFX950_TA_BUFFER_READ_LDS_WAVEFRONTS_SUM",21504.000000,3248253868856429,3248253868864709
305,305,"Agent 5",1,1196674,1196674,57344,1394,"void gemm_a8w8_mxfp8_scale_4wave_128x128_kernel<opus_gemm_mxscale_bpreshuffle_4wave_128x128_traits_gfx950>(opus_gemm_mxscale_bpreshuffle_kargs_gfx950)",256,105984,0,132,0,112,"OPUS_GFX950_TA_BUFFER_READ_WAVEFRONTS_SUM",21952.000000,3248253868856429,3248253868864709
306,306,"Agent 5",1,1196674,1196674,57344,1394,"void gemm_a8w8_mxfp8_scale_4wave_128x128_kernel<opus_gemm_mxscale_bpreshuffle_4wave_128x128_traits_gfx950>(opus_gemm_mxscale_bpreshuffle_kargs_gfx950)",256,105984,0,132,0,112,"OPUS_GFX950_GRBM_COUNT_MAX",41196.000000,3248253869428794,3248253869437074
306,306,"Agent 5",1,1196674,1196674,57344,1394,"void gemm_a8w8_mxfp8_scale_4wave_128x128_kernel<opus_gemm_mxscale_bpreshuffle_4wave_128x128_traits_gfx950>(opus_gemm_mxscale_bpreshuffle_kargs_gfx950)",256,105984,0,132,0,112,"OPUS_GFX950_GRBM_GUI_ACTIVE_MAX",41196.000000,3248253869428794,3248253869437074
306,306,"Agent 5",1,1196674,1196674,57344,1394,"void gemm_a8w8_mxfp8_scale_4wave_128x128_kernel<opus_gemm_mxscale_bpreshuffle_4wave_128x128_traits_gfx950>(opus_gemm_mxscale_bpreshuffle_kargs_gfx950)",256,105984,0,132,0,112,"OPUS_GFX950_SQ_BUSY_CYCLES_SUM",471915.000000,3248253869428794,3248253869437074
306,306,"Agent 5",1,1196674,1196674,57344,1394,"void gemm_a8w8_mxfp8_scale_4wave_128x128_kernel<opus_gemm_mxscale_bpreshuffle_4wave_128x128_traits_gfx950>(opus_gemm_mxscale_bpreshuffle_kargs_gfx950)",256,105984,0,132,0,112,"OPUS_GFX950_TCP_TCP_TA_ADDR_STALL_CYCLES_SUM",147635.000000,3248253869428794,3248253869437074
306,306,"Agent 5",1,1196674,1196674,57344,1394,"void gemm_a8w8_mxfp8_scale_4wave_128x128_kernel<opus_gemm_mxscale_bpreshuffle_4wave_128x128_traits_gfx950>(opus_gemm_mxscale_bpreshuffle_kargs_gfx950)",256,105984,0,132,0,112,"OPUS_GFX950_TCP_GATE_EN1_SUM",4399712.000000,3248253869428794,3248253869437074
306,306,"Agent 5",1,1196674,1196674,57344,1394,"void gemm_a8w8_mxfp8_scale_4wave_128x128_kernel<opus_gemm_mxscale_bpreshuffle_4wave_128x128_traits_gfx950>(opus_gemm_mxscale_bpreshuffle_kargs_gfx950)",256,105984,0,132,0,112,"OPUS_GFX950_SQ_VMEM_TA_ADDR_FIFO_FULL_SUM",77997.000000,3248253869428794,3248253869437074
306,306,"Agent 5",1,1196674,1196674,57344,1394,"void gemm_a8w8_mxfp8_scale_4wave_128x128_kernel<opus_gemm_mxscale_bpreshuffle_4wave_128x128_traits_gfx950>(opus_gemm_mxscale_bpreshuffle_kargs_gfx950)",256,105984,0,132,0,112,"OPUS_GFX950_SQ_LDS_BANK_CONFLICT_SUM",172032.000000,3248253869428794,3248253869437074
306,306,"Agent 5",1,1196674,1196674,57344,1394,"void gemm_a8w8_mxfp8_scale_4wave_128x128_kernel<opus_gemm_mxscale_bpreshuffle_4wave_128x128_traits_gfx950>(opus_gemm_mxscale_bpreshuffle_kargs_gfx950)",256,105984,0,132,0,112,"OPUS_GFX950_SQ_WAIT_INST_LDS_SUM",57680.000000,3248253869428794,3248253869437074
306,306,"Agent 5",1,1196674,1196674,57344,1394,"void gemm_a8w8_mxfp8_scale_4wave_128x128_kernel<opus_gemm_mxscale_bpreshuffle_4wave_128x128_traits_gfx950>(opus_gemm_mxscale_bpreshuffle_kargs_gfx950)",256,105984,0,132,0,112,"OPUS_GFX950_TCP_RFIFO_STALL_CYCLES_SUM",8031.000000,3248253869428794,3248253869437074
306,306,"Agent 5",1,1196674,1196674,57344,1394,"void gemm_a8w8_mxfp8_scale_4wave_128x128_kernel<opus_gemm_mxscale_bpreshuffle_4wave_128x128_traits_gfx950>(opus_gemm_mxscale_bpreshuffle_kargs_gfx950)",256,105984,0,132,0,112,"OPUS_GFX950_TCP_READ_TAGCONFLICT_STALL_CYCLES_SUM",0.00000000e+00,3248253869428794,3248253869437074
306,306,"Agent 5",1,1196674,1196674,57344,1394,"void gemm_a8w8_mxfp8_scale_4wave_128x128_kernel<opus_gemm_mxscale_bpreshuffle_4wave_128x128_traits_gfx950>(opus_gemm_mxscale_bpreshuffle_kargs_gfx950)",256,105984,0,132,0,112,"OPUS_GFX950_TA_BUFFER_READ_LDS_WAVEFRONTS_SUM",21504.000000,3248253869428794,3248253869437074
306,306,"Agent 5",1,1196674,1196674,57344,1394,"void gemm_a8w8_mxfp8_scale_4wave_128x128_kernel<opus_gemm_mxscale_bpreshuffle_4wave_128x128_traits_gfx950>(opus_gemm_mxscale_bpreshuffle_kargs_gfx950)",256,105984,0,132,0,112,"OPUS_GFX950_TA_BUFFER_READ_WAVEFRONTS_SUM",21952.000000,3248253869428794,3248253869437074
307,307,"Agent 5",1,1196674,1196674,57344,1394,"void gemm_a8w8_mxfp8_scale_4wave_128x128_kernel<opus_gemm_mxscale_bpreshuffle_4wave_128x128_traits_gfx950>(opus_gemm_mxscale_bpreshuffle_kargs_gfx950)",256,105984,0,132,0,112,"OPUS_GFX950_GRBM_COUNT_MAX",41015.000000,3248253870057920,3248253870066240
307,307,"Agent 5",1,1196674,1196674,57344,1394,"void gemm_a8w8_mxfp8_scale_4wave_128x128_kernel<opus_gemm_mxscale_bpreshuffle_4wave_128x128_traits_gfx950>(opus_gemm_mxscale_bpreshuffle_kargs_gfx950)",256,105984,0,132,0,112,"OPUS_GFX950_GRBM_GUI_ACTIVE_MAX",41015.000000,3248253870057920,3248253870066240
307,307,"Agent 5",1,1196674,1196674,57344,1394,"void gemm_a8w8_mxfp8_scale_4wave_128x128_kernel<opus_gemm_mxscale_bpreshuffle_4wave_128x128_traits_gfx950>(opus_gemm_mxscale_bpreshuffle_kargs_gfx950)",256,105984,0,132,0,112,"OPUS_GFX950_SQ_BUSY_CYCLES_SUM",474523.000000,3248253870057920,3248253870066240
307,307,"Agent 5",1,1196674,1196674,57344,1394,"void gemm_a8w8_mxfp8_scale_4wave_128x128_kernel<opus_gemm_mxscale_bpreshuffle_4wave_128x128_traits_gfx950>(opus_gemm_mxscale_bpreshuffle_kargs_gfx950)",256,105984,0,132,0,112,"OPUS_GFX950_TCP_TCP_TA_ADDR_STALL_CYCLES_SUM",119043.000000,3248253870057920,3248253870066240
307,307,"Agent 5",1,1196674,1196674,57344,1394,"void gemm_a8w8_mxfp8_scale_4wave_128x128_kernel<opus_gemm_mxscale_bpreshuffle_4wave_128x128_traits_gfx950>(opus_gemm_mxscale_bpreshuffle_kargs_gfx950)",256,105984,0,132,0,112,"OPUS_GFX950_TCP_GATE_EN1_SUM",4420632.000000,3248253870057920,3248253870066240
307,307,"Agent 5",1,1196674,1196674,57344,1394,"void gemm_a8w8_mxfp8_scale_4wave_128x128_kernel<opus_gemm_mxscale_bpreshuffle_4wave_128x128_traits_gfx950>(opus_gemm_mxscale_bpreshuffle_kargs_gfx950)",256,105984,0,132,0,112,"OPUS_GFX950_SQ_VMEM_TA_ADDR_FIFO_FULL_SUM",61523.000000,3248253870057920,3248253870066240
307,307,"Agent 5",1,1196674,1196674,57344,1394,"void gemm_a8w8_mxfp8_scale_4wave_128x128_kernel<opus_gemm_mxscale_bpreshuffle_4wave_128x128_traits_gfx950>(opus_gemm_mxscale_bpreshuffle_kargs_gfx950)",256,105984,0,132,0,112,"OPUS_GFX950_SQ_LDS_BANK_CONFLICT_SUM",172032.000000,3248253870057920,3248253870066240
307,307,"Agent 5",1,1196674,1196674,57344,1394,"void gemm_a8w8_mxfp8_scale_4wave_128x128_kernel<opus_gemm_mxscale_bpreshuffle_4wave_128x128_traits_gfx950>(opus_gemm_mxscale_bpreshuffle_kargs_gfx950)",256,105984,0,132,0,112,"OPUS_GFX950_SQ_WAIT_INST_LDS_SUM",58339.000000,3248253870057920,3248253870066240
307,307,"Agent 5",1,1196674,1196674,57344,1394,"void gemm_a8w8_mxfp8_scale_4wave_128x128_kernel<opus_gemm_mxscale_bpreshuffle_4wave_128x128_traits_gfx950>(opus_gemm_mxscale_bpreshuffle_kargs_gfx950)",256,105984,0,132,0,112,"OPUS_GFX950_TCP_RFIFO_STALL_CYCLES_SUM",8324.000000,3248253870057920,3248253870066240
307,307,"Agent 5",1,1196674,1196674,57344,1394,"void gemm_a8w8_mxfp8_scale_4wave_128x128_kernel<opus_gemm_mxscale_bpreshuffle_4wave_128x128_traits_gfx950>(opus_gemm_mxscale_bpreshuffle_kargs_gfx950)",256,105984,0,132,0,112,"OPUS_GFX950_TCP_READ_TAGCONFLICT_STALL_CYCLES_SUM",0.00000000e+00,3248253870057920,3248253870066240
307,307,"Agent 5",1,1196674,1196674,57344,1394,"void gemm_a8w8_mxfp8_scale_4wave_128x128_kernel<opus_gemm_mxscale_bpreshuffle_4wave_128x128_traits_gfx950>(opus_gemm_mxscale_bpreshuffle_kargs_gfx950)",256,105984,0,132,0,112,"OPUS_GFX950_TA_BUFFER_READ_LDS_WAVEFRONTS_SUM",21504.000000,3248253870057920,3248253870066240
307,307,"Agent 5",1,1196674,1196674,57344,1394,"void gemm_a8w8_mxfp8_scale_4wave_128x128_kernel<opus_gemm_mxscale_bpreshuffle_4wave_128x128_traits_gfx950>(opus_gemm_mxscale_bpreshuffle_kargs_gfx950)",256,105984,0,132,0,112,"OPUS_GFX950_TA_BUFFER_READ_WAVEFRONTS_SUM",21952.000000,3248253870057920,3248253870066240
308,308,"Agent 5",1,1196674,1196674,57344,1394,"void gemm_a8w8_mxfp8_scale_4wave_128x128_kernel<opus_gemm_mxscale_bpreshuffle_4wave_128x128_traits_gfx950>(opus_gemm_mxscale_bpreshuffle_kargs_gfx950)",256,105984,0,132,0,112,"OPUS_GFX950_GRBM_COUNT_MAX",41188.000000,3248253870696445,3248253870704805
308,308,"Agent 5",1,1196674,1196674,57344,1394,"void gemm_a8w8_mxfp8_scale_4wave_128x128_kernel<opus_gemm_mxscale_bpreshuffle_4wave_128x128_traits_gfx950>(opus_gemm_mxscale_bpreshuffle_kargs_gfx950)",256,105984,0,132,0,112,"OPUS_GFX950_GRBM_GUI_ACTIVE_MAX",41188.000000,3248253870696445,3248253870704805
308,308,"Agent 5",1,1196674,1196674,57344,1394,"void gemm_a8w8_mxfp8_scale_4wave_128x128_kernel<opus_gemm_mxscale_bpreshuffle_4wave_128x128_traits_gfx950>(opus_gemm_mxscale_bpreshuffle_kargs_gfx950)",256,105984,0,132,0,112,"OPUS_GFX950_SQ_BUSY_CYCLES_SUM",483025.000000,3248253870696445,3248253870704805
308,308,"Agent 5",1,1196674,1196674,57344,1394,"void gemm_a8w8_mxfp8_scale_4wave_128x128_kernel<opus_gemm_mxscale_bpreshuffle_4wave_128x128_traits_gfx950>(opus_gemm_mxscale_bpreshuffle_kargs_gfx950)",256,105984,0,132,0,112,"OPUS_GFX950_TCP_TCP_TA_ADDR_STALL_CYCLES_SUM",103141.000000,3248253870696445,3248253870704805
308,308,"Agent 5",1,1196674,1196674,57344,1394,"void gemm_a8w8_mxfp8_scale_4wave_128x128_kernel<opus_gemm_mxscale_bpreshuffle_4wave_128x128_traits_gfx950>(opus_gemm_mxscale_bpreshuffle_kargs_gfx950)",256,105984,0,132,0,112,"OPUS_GFX950_TCP_GATE_EN1_SUM",4488232.000000,3248253870696445,3248253870704805
308,308,"Agent 5",1,1196674,1196674,57344,1394,"void gemm_a8w8_mxfp8_scale_4wave_128x128_kernel<opus_gemm_mxscale_bpreshuffle_4wave_128x128_traits_gfx950>(opus_gemm_mxscale_bpreshuffle_kargs_gfx950)",256,105984,0,132,0,112,"OPUS_GFX950_SQ_VMEM_TA_ADDR_FIFO_FULL_SUM",55819.000000,3248253870696445,3248253870704805
308,308,"Agent 5",1,1196674,1196674,57344,1394,"void gemm_a8w8_mxfp8_scale_4wave_128x128_kernel<opus_gemm_mxscale_bpreshuffle_4wave_128x128_traits_gfx950>(opus_gemm_mxscale_bpreshuffle_kargs_gfx950)",256,105984,0,132,0,112,"OPUS_GFX950_SQ_LDS_BANK_CONFLICT_SUM",172032.000000,3248253870696445,3248253870704805
308,308,"Agent 5",1,1196674,1196674,57344,1394,"void gemm_a8w8_mxfp8_scale_4wave_128x128_kernel<opus_gemm_mxscale_bpreshuffle_4wave_128x128_traits_gfx950>(opus_gemm_mxscale_bpreshuffle_kargs_gfx950)",256,105984,0,132,0,112,"OPUS_GFX950_SQ_WAIT_INST_LDS_SUM",58560.000000,3248253870696445,3248253870704805
308,308,"Agent 5",1,1196674,1196674,57344,1394,"void gemm_a8w8_mxfp8_scale_4wave_128x128_kernel<opus_gemm_mxscale_bpreshuffle_4wave_128x128_traits_gfx950>(opus_gemm_mxscale_bpreshuffle_kargs_gfx950)",256,105984,0,132,0,112,"OPUS_GFX950_TCP_RFIFO_STALL_CYCLES_SUM",8201.000000,3248253870696445,3248253870704805
308,308,"Agent 5",1,1196674,1196674,57344,1394,"void gemm_a8w8_mxfp8_scale_4wave_128x128_kernel<opus_gemm_mxscale_bpreshuffle_4wave_128x128_traits_gfx950>(opus_gemm_mxscale_bpreshuffle_kargs_gfx950)",256,105984,0,132,0,112,"OPUS_GFX950_TCP_READ_TAGCONFLICT_STALL_CYCLES_SUM",0.00000000e+00,3248253870696445,3248253870704805
308,308,"Agent 5",1,1196674,1196674,57344,1394,"void gemm_a8w8_mxfp8_scale_4wave_128x128_kernel<opus_gemm_mxscale_bpreshuffle_4wave_128x128_traits_gfx950>(opus_gemm_mxscale_bpreshuffle_kargs_gfx950)",256,105984,0,132,0,112,"OPUS_GFX950_TA_BUFFER_READ_LDS_WAVEFRONTS_SUM",21504.000000,3248253870696445,3248253870704805
308,308,"Agent 5",1,1196674,1196674,57344,1394,"void gemm_a8w8_mxfp8_scale_4wave_128x128_kernel<opus_gemm_mxscale_bpreshuffle_4wave_128x128_traits_gfx950>(opus_gemm_mxscale_bpreshuffle_kargs_gfx950)",256,105984,0,132,0,112,"OPUS_GFX950_TA_BUFFER_READ_WAVEFRONTS_SUM",21952.000000,3248253870696445,3248253870704805
309,309,"Agent 5",1,1196674,1196674,57344,1394,"void gemm_a8w8_mxfp8_scale_4wave_128x128_kernel<opus_gemm_mxscale_bpreshuffle_4wave_128x128_traits_gfx950>(opus_gemm_mxscale_bpreshuffle_kargs_gfx950)",256,105984,0,132,0,112,"OPUS_GFX950_GRBM_COUNT_MAX",40291.000000,3248253871310691,3248253871319091
309,309,"Agent 5",1,1196674,1196674,57344,1394,"void gemm_a8w8_mxfp8_scale_4wave_128x128_kernel<opus_gemm_mxscale_bpreshuffle_4wave_128x128_traits_gfx950>(opus_gemm_mxscale_bpreshuffle_kargs_gfx950)",256,105984,0,132,0,112,"OPUS_GFX950_GRBM_GUI_ACTIVE_MAX",40291.000000,3248253871310691,3248253871319091
309,309,"Agent 5",1,1196674,1196674,57344,1394,"void gemm_a8w8_mxfp8_scale_4wave_128x128_kernel<opus_gemm_mxscale_bpreshuffle_4wave_128x128_traits_gfx950>(opus_gemm_mxscale_bpreshuffle_kargs_gfx950)",256,105984,0,132,0,112,"OPUS_GFX950_SQ_BUSY_CYCLES_SUM",478530.000000,3248253871310691,3248253871319091
309,309,"Agent 5",1,1196674,1196674,57344,1394,"void gemm_a8w8_mxfp8_scale_4wave_128x128_kernel<opus_gemm_mxscale_bpreshuffle_4wave_128x128_traits_gfx950>(opus_gemm_mxscale_bpreshuffle_kargs_gfx950)",256,105984,0,132,0,112,"OPUS_GFX950_TCP_TCP_TA_ADDR_STALL_CYCLES_SUM",127822.000000,3248253871310691,3248253871319091
309,309,"Agent 5",1,1196674,1196674,57344,1394,"void gemm_a8w8_mxfp8_scale_4wave_128x128_kernel<opus_gemm_mxscale_bpreshuffle_4wave_128x128_traits_gfx950>(opus_gemm_mxscale_bpreshuffle_kargs_gfx950)",256,105984,0,132,0,112,"OPUS_GFX950_TCP_GATE_EN1_SUM",4452784.000000,3248253871310691,3248253871319091
309,309,"Agent 5",1,1196674,1196674,57344,1394,"void gemm_a8w8_mxfp8_scale_4wave_128x128_kernel<opus_gemm_mxscale_bpreshuffle_4wave_128x128_traits_gfx950>(opus_gemm_mxscale_bpreshuffle_kargs_gfx950)",256,105984,0,132,0,112,"OPUS_GFX950_SQ_VMEM_TA_ADDR_FIFO_FULL_SUM",46609.000000,3248253871310691,3248253871319091
309,309,"Agent 5",1,1196674,1196674,57344,1394,"void gemm_a8w8_mxfp8_scale_4wave_128x128_kernel<opus_gemm_mxscale_bpreshuffle_4wave_128x128_traits_gfx950>(opus_gemm_mxscale_bpreshuffle_kargs_gfx950)",256,105984,0,132,0,112,"OPUS_GFX950_SQ_LDS_BANK_CONFLICT_SUM",172032.000000,3248253871310691,3248253871319091
309,309,"Agent 5",1,1196674,1196674,57344,1394,"void gemm_a8w8_mxfp8_scale_4wave_128x128_kernel<opus_gemm_mxscale_bpreshuffle_4wave_128x128_traits_gfx950>(opus_gemm_mxscale_bpreshuffle_kargs_gfx950)",256,105984,0,132,0,112,"OPUS_GFX950_SQ_WAIT_INST_LDS_SUM",58588.000000,3248253871310691,3248253871319091
309,309,"Agent 5",1,1196674,1196674,57344,1394,"void gemm_a8w8_mxfp8_scale_4wave_128x128_kernel<opus_gemm_mxscale_bpreshuffle_4wave_128x128_traits_gfx950>(opus_gemm_mxscale_bpreshuffle_kargs_gfx950)",256,105984,0,132,0,112,"OPUS_GFX950_TCP_RFIFO_STALL_CYCLES_SUM",7187.000000,3248253871310691,3248253871319091
309,309,"Agent 5",1,1196674,1196674,57344,1394,"void gemm_a8w8_mxfp8_scale_4wave_128x128_kernel<opus_gemm_mxscale_bpreshuffle_4wave_128x128_traits_gfx950>(opus_gemm_mxscale_bpreshuffle_kargs_gfx950)",256,105984,0,132,0,112,"OPUS_GFX950_TCP_READ_TAGCONFLICT_STALL_CYCLES_SUM",0.00000000e+00,3248253871310691,3248253871319091
309,309,"Agent 5",1,1196674,1196674,57344,1394,"void gemm_a8w8_mxfp8_scale_4wave_128x128_kernel<opus_gemm_mxscale_bpreshuffle_4wave_128x128_traits_gfx950>(opus_gemm_mxscale_bpreshuffle_kargs_gfx950)",256,105984,0,132,0,112,"OPUS_GFX950_TA_BUFFER_READ_LDS_WAVEFRONTS_SUM",21504.000000,3248253871310691,3248253871319091
309,309,"Agent 5",1,1196674,1196674,57344,1394,"void gemm_a8w8_mxfp8_scale_4wave_128x128_kernel<opus_gemm_mxscale_bpreshuffle_4wave_128x128_traits_gfx950>(opus_gemm_mxscale_bpreshuffle_kargs_gfx950)",256,105984,0,132,0,112,"OPUS_GFX950_TA_BUFFER_READ_WAVEFRONTS_SUM",21952.000000,3248253871310691,3248253871319091
310,310,"Agent 5",1,1196674,1196674,57344,1394,"void gemm_a8w8_mxfp8_scale_4wave_128x128_kernel<opus_gemm_mxscale_bpreshuffle_4wave_128x128_traits_gfx950>(opus_gemm_mxscale_bpreshuffle_kargs_gfx950)",256,105984,0,132,0,112,"OPUS_GFX950_GRBM_COUNT_MAX",38188.000000,3248253871882416,3248253871890976
310,310,"Agent 5",1,1196674,1196674,57344,1394,"void gemm_a8w8_mxfp8_scale_4wave_128x128_kernel<opus_gemm_mxscale_bpreshuffle_4wave_128x128_traits_gfx950>(opus_gemm_mxscale_bpreshuffle_kargs_gfx950)",256,105984,0,132,0,112,"OPUS_GFX950_GRBM_GUI_ACTIVE_MAX",38188.000000,3248253871882416,3248253871890976
310,310,"Agent 5",1,1196674,1196674,57344,1394,"void gemm_a8w8_mxfp8_scale_4wave_128x128_kernel<opus_gemm_mxscale_bpreshuffle_4wave_128x128_traits_gfx950>(opus_gemm_mxscale_bpreshuffle_kargs_gfx950)",256,105984,0,132,0,112,"OPUS_GFX950_SQ_BUSY_CYCLES_SUM",493464.000000,3248253871882416,3248253871890976
310,310,"Agent 5",1,1196674,1196674,57344,1394,"void gemm_a8w8_mxfp8_scale_4wave_128x128_kernel<opus_gemm_mxscale_bpreshuffle_4wave_128x128_traits_gfx950>(opus_gemm_mxscale_bpreshuffle_kargs_gfx950)",256,105984,0,132,0,112,"OPUS_GFX950_TCP_TCP_TA_ADDR_STALL_CYCLES_SUM",130036.000000,3248253871882416,3248253871890976
310,310,"Agent 5",1,1196674,1196674,57344,1394,"void gemm_a8w8_mxfp8_scale_4wave_128x128_kernel<opus_gemm_mxscale_bpreshuffle_4wave_128x128_traits_gfx950>(opus_gemm_mxscale_bpreshuffle_kargs_gfx950)",256,105984,0,132,0,112,"OPUS_GFX950_TCP_GATE_EN1_SUM",4572272.000000,3248253871882416,3248253871890976
310,310,"Agent 5",1,1196674,1196674,57344,1394,"void gemm_a8w8_mxfp8_scale_4wave_128x128_kernel<opus_gemm_mxscale_bpreshuffle_4wave_128x128_traits_gfx950>(opus_gemm_mxscale_bpreshuffle_kargs_gfx950)",256,105984,0,132,0,112,"OPUS_GFX950_SQ_VMEM_TA_ADDR_FIFO_FULL_SUM",35218.000000,3248253871882416,3248253871890976
310,310,"Agent 5",1,1196674,1196674,57344,1394,"void gemm_a8w8_mxfp8_scale_4wave_128x128_kernel<opus_gemm_mxscale_bpreshuffle_4wave_128x128_traits_gfx950>(opus_gemm_mxscale_bpreshuffle_kargs_gfx950)",256,105984,0,132,0,112,"OPUS_GFX950_SQ_LDS_BANK_CONFLICT_SUM",172032.000000,3248253871882416,3248253871890976
310,310,"Agent 5",1,1196674,1196674,57344,1394,"void gemm_a8w8_mxfp8_scale_4wave_128x128_kernel<opus_gemm_mxscale_bpreshuffle_4wave_128x128_traits_gfx950>(opus_gemm_mxscale_bpreshuffle_kargs_gfx950)",256,105984,0,132,0,112,"OPUS_GFX950_SQ_WAIT_INST_LDS_SUM",59501.000000,3248253871882416,3248253871890976
310,310,"Agent 5",1,1196674,1196674,57344,1394,"void gemm_a8w8_mxfp8_scale_4wave_128x128_kernel<opus_gemm_mxscale_bpreshuffle_4wave_128x128_traits_gfx950>(opus_gemm_mxscale_bpreshuffle_kargs_gfx950)",256,105984,0,132,0,112,"OPUS_GFX950_TCP_RFIFO_STALL_CYCLES_SUM",5369.000000,3248253871882416,3248253871890976
310,310,"Agent 5",1,1196674,1196674,57344,1394,"void gemm_a8w8_mxfp8_scale_4wave_128x128_kernel<opus_gemm_mxscale_bpreshuffle_4wave_128x128_traits_gfx950>(opus_gemm_mxscale_bpreshuffle_kargs_gfx950)",256,105984,0,132,0,112,"OPUS_GFX950_TCP_READ_TAGCONFLICT_STALL_CYCLES_SUM",0.00000000e+00,3248253871882416,3248253871890976
310,310,"Agent 5",1,1196674,1196674,57344,1394,"void gemm_a8w8_mxfp8_scale_4wave_128x128_kernel<opus_gemm_mxscale_bpreshuffle_4wave_128x128_traits_gfx950>(opus_gemm_mxscale_bpreshuffle_kargs_gfx950)",256,105984,0,132,0,112,"OPUS_GFX950_TA_BUFFER_READ_LDS_WAVEFRONTS_SUM",21504.000000,3248253871882416,3248253871890976
310,310,"Agent 5",1,1196674,1196674,57344,1394,"void gemm_a8w8_mxfp8_scale_4wave_128x128_kernel<opus_gemm_mxscale_bpreshuffle_4wave_128x128_traits_gfx950>(opus_gemm_mxscale_bpreshuffle_kargs_gfx950)",256,105984,0,132,0,112,"OPUS_GFX950_TA_BUFFER_READ_WAVEFRONTS_SUM",21952.000000,3248253871882416,3248253871890976
311,311,"Agent 5",1,1196674,1196674,57344,1394,"void gemm_a8w8_mxfp8_scale_4wave_128x128_kernel<opus_gemm_mxscale_bpreshuffle_4wave_128x128_traits_gfx950>(opus_gemm_mxscale_bpreshuffle_kargs_gfx950)",256,105984,0,132,0,112,"OPUS_GFX950_GRBM_COUNT_MAX",40228.000000,3248253872505382,3248253872513462
311,311,"Agent 5",1,1196674,1196674,57344,1394,"void gemm_a8w8_mxfp8_scale_4wave_128x128_kernel<opus_gemm_mxscale_bpreshuffle_4wave_128x128_traits_gfx950>(opus_gemm_mxscale_bpreshuffle_kargs_gfx950)",256,105984,0,132,0,112,"OPUS_GFX950_GRBM_GUI_ACTIVE_MAX",40228.000000,3248253872505382,3248253872513462
311,311,"Agent 5",1,1196674,1196674,57344,1394,"void gemm_a8w8_mxfp8_scale_4wave_128x128_kernel<opus_gemm_mxscale_bpreshuffle_4wave_128x128_traits_gfx950>(opus_gemm_mxscale_bpreshuffle_kargs_gfx950)",256,105984,0,132,0,112,"OPUS_GFX950_SQ_BUSY_CYCLES_SUM",463088.000000,3248253872505382,3248253872513462
311,311,"Agent 5",1,1196674,1196674,57344,1394,"void gemm_a8w8_mxfp8_scale_4wave_128x128_kernel<opus_gemm_mxscale_bpreshuffle_4wave_128x128_traits_gfx950>(opus_gemm_mxscale_bpreshuffle_kargs_gfx950)",256,105984,0,132,0,112,"OPUS_GFX950_TCP_TCP_TA_ADDR_STALL_CYCLES_SUM",103653.000000,3248253872505382,3248253872513462
311,311,"Agent 5",1,1196674,1196674,57344,1394,"void gemm_a8w8_mxfp8_scale_4wave_128x128_kernel<opus_gemm_mxscale_bpreshuffle_4wave_128x128_traits_gfx950>(opus_gemm_mxscale_bpreshuffle_kargs_gfx950)",256,105984,0,132,0,112,"OPUS_GFX950_TCP_GATE_EN1_SUM",4329192.000000,3248253872505382,3248253872513462
311,311,"Agent 5",1,1196674,1196674,57344,1394,"void gemm_a8w8_mxfp8_scale_4wave_128x128_kernel<opus_gemm_mxscale_bpreshuffle_4wave_128x128_traits_gfx950>(opus_gemm_mxscale_bpreshuffle_kargs_gfx950)",256,105984,0,132,0,112,"OPUS_GFX950_SQ_VMEM_TA_ADDR_FIFO_FULL_SUM",18202.000000,3248253872505382,3248253872513462
311,311,"Agent 5",1,1196674,1196674,57344,1394,"void gemm_a8w8_mxfp8_scale_4wave_128x128_kernel<opus_gemm_mxscale_bpreshuffle_4wave_128x128_traits_gfx950>(opus_gemm_mxscale_bpreshuffle_kargs_gfx950)",256,105984,0,132,0,112,"OPUS_GFX950_SQ_LDS_BANK_CONFLICT_SUM",172032.000000,3248253872505382,3248253872513462
311,311,"Agent 5",1,1196674,1196674,57344,1394,"void gemm_a8w8_mxfp8_scale_4wave_128x128_kernel<opus_gemm_mxscale_bpreshuffle_4wave_128x128_traits_gfx950>(opus_gemm_mxscale_bpreshuffle_kargs_gfx950)",256,105984,0,132,0,112,"OPUS_GFX950_SQ_WAIT_INST_LDS_SUM",58992.000000,3248253872505382,3248253872513462
311,311,"Agent 5",1,1196674,1196674,57344,1394,"void gemm_a8w8_mxfp8_scale_4wave_128x128_kernel<opus_gemm_mxscale_bpreshuffle_4wave_128x128_traits_gfx950>(opus_gemm_mxscale_bpreshuffle_kargs_gfx950)",256,105984,0,132,0,112,"OPUS_GFX950_TCP_RFIFO_STALL_CYCLES_SUM",516.000000,3248253872505382,3248253872513462
311,311,"Agent 5",1,1196674,1196674,57344,1394,"void gemm_a8w8_mxfp8_scale_4wave_128x128_kernel<opus_gemm_mxscale_bpreshuffle_4wave_128x128_traits_gfx950>(opus_gemm_mxscale_bpreshuffle_kargs_gfx950)",256,105984,0,132,0,112,"OPUS_GFX950_TCP_READ_TAGCONFLICT_STALL_CYCLES_SUM",0.00000000e+00,3248253872505382,3248253872513462
311,311,"Agent 5",1,1196674,1196674,57344,1394,"void gemm_a8w8_mxfp8_scale_4wave_128x128_kernel<opus_gemm_mxscale_bpreshuffle_4wave_128x128_traits_gfx950>(opus_gemm_mxscale_bpreshuffle_kargs_gfx950)",256,105984,0,132,0,112,"OPUS_GFX950_TA_BUFFER_READ_LDS_WAVEFRONTS_SUM",21504.000000,3248253872505382,3248253872513462
311,311,"Agent 5",1,1196674,1196674,57344,1394,"void gemm_a8w8_mxfp8_scale_4wave_128x128_kernel<opus_gemm_mxscale_bpreshuffle_4wave_128x128_traits_gfx950>(opus_gemm_mxscale_bpreshuffle_kargs_gfx950)",256,105984,0,132,0,112,"OPUS_GFX950_TA_BUFFER_READ_WAVEFRONTS_SUM",21952.000000,3248253872505382,3248253872513462
312,312,"Agent 5",1,1196674,1196674,57344,1394,"void gemm_a8w8_mxfp8_scale_4wave_128x128_kernel<opus_gemm_mxscale_bpreshuffle_4wave_128x128_traits_gfx950>(opus_gemm_mxscale_bpreshuffle_kargs_gfx950)",256,105984,0,132,0,112,"OPUS_GFX950_GRBM_COUNT_MAX",40304.000000,3248253873131388,3248253873139188
312,312,"Agent 5",1,1196674,1196674,57344,1394,"void gemm_a8w8_mxfp8_scale_4wave_128x128_kernel<opus_gemm_mxscale_bpreshuffle_4wave_128x128_traits_gfx950>(opus_gemm_mxscale_bpreshuffle_kargs_gfx950)",256,105984,0,132,0,112,"OPUS_GFX950_GRBM_GUI_ACTIVE_MAX",40304.000000,3248253873131388,3248253873139188
312,312,"Agent 5",1,1196674,1196674,57344,1394,"void gemm_a8w8_mxfp8_scale_4wave_128x128_kernel<opus_gemm_mxscale_bpreshuffle_4wave_128x128_traits_gfx950>(opus_gemm_mxscale_bpreshuffle_kargs_gfx950)",256,105984,0,132,0,112,"OPUS_GFX950_SQ_BUSY_CYCLES_SUM",439653.000000,3248253873131388,3248253873139188
312,312,"Agent 5",1,1196674,1196674,57344,1394,"void gemm_a8w8_mxfp8_scale_4wave_128x128_kernel<opus_gemm_mxscale_bpreshuffle_4wave_128x128_traits_gfx950>(opus_gemm_mxscale_bpreshuffle_kargs_gfx950)",256,105984,0,132,0,112,"OPUS_GFX950_TCP_TCP_TA_ADDR_STALL_CYCLES_SUM",114055.000000,3248253873131388,3248253873139188
312,312,"Agent 5",1,1196674,1196674,57344,1394,"void gemm_a8w8_mxfp8_scale_4wave_128x128_kernel<opus_gemm_mxscale_bpreshuffle_4wave_128x128_traits_gfx950>(opus_gemm_mxscale_bpreshuffle_kargs_gfx950)",256,105984,0,132,0,112,"OPUS_GFX950_TCP_GATE_EN1_SUM",4141416.000000,3248253873131388,3248253873139188
312,312,"Agent 5",1,1196674,1196674,57344,1394,"void gemm_a8w8_mxfp8_scale_4wave_128x128_kernel<opus_gemm_mxscale_bpreshuffle_4wave_128x128_traits_gfx950>(opus_gemm_mxscale_bpreshuffle_kargs_gfx950)",256,105984,0,132,0,112,"OPUS_GFX950_SQ_VMEM_TA_ADDR_FIFO_FULL_SUM",44277.000000,3248253873131388,3248253873139188
312,312,"Agent 5",1,1196674,1196674,57344,1394,"void gemm_a8w8_mxfp8_scale_4wave_128x128_kernel<opus_gemm_mxscale_bpreshuffle_4wave_128x128_traits_gfx950>(opus_gemm_mxscale_bpreshuffle_kargs_gfx950)",256,105984,0,132,0,112,"OPUS_GFX950_SQ_LDS_BANK_CONFLICT_SUM",172032.000000,3248253873131388,3248253873139188
312,312,"Agent 5",1,1196674,1196674,57344,1394,"void gemm_a8w8_mxfp8_scale_4wave_128x128_kernel<opus_gemm_mxscale_bpreshuffle_4wave_128x128_traits_gfx950>(opus_gemm_mxscale_bpreshuffle_kargs_gfx950)",256,105984,0,132,0,112,"OPUS_GFX950_SQ_WAIT_INST_LDS_SUM",58045.000000,3248253873131388,3248253873139188
312,312,"Agent 5",1,1196674,1196674,57344,1394,"void gemm_a8w8_mxfp8_scale_4wave_128x128_kernel<opus_gemm_mxscale_bpreshuffle_4wave_128x128_traits_gfx950>(opus_gemm_mxscale_bpreshuffle_kargs_gfx950)",256,105984,0,132,0,112,"OPUS_GFX950_TCP_RFIFO_STALL_CYCLES_SUM",2165.000000,3248253873131388,3248253873139188
312,312,"Agent 5",1,1196674,1196674,57344,1394,"void gemm_a8w8_mxfp8_scale_4wave_128x128_kernel<opus_gemm_mxscale_bpreshuffle_4wave_128x128_traits_gfx950>(opus_gemm_mxscale_bpreshuffle_kargs_gfx950)",256,105984,0,132,0,112,"OPUS_GFX950_TCP_READ_TAGCONFLICT_STALL_CYCLES_SUM",0.00000000e+00,3248253873131388,3248253873139188
312,312,"Agent 5",1,1196674,1196674,57344,1394,"void gemm_a8w8_mxfp8_scale_4wave_128x128_kernel<opus_gemm_mxscale_bpreshuffle_4wave_128x128_traits_gfx950>(opus_gemm_mxscale_bpreshuffle_kargs_gfx950)",256,105984,0,132,0,112,"OPUS_GFX950_TA_BUFFER_READ_LDS_WAVEFRONTS_SUM",21504.000000,3248253873131388,3248253873139188
312,312,"Agent 5",1,1196674,1196674,57344,1394,"void gemm_a8w8_mxfp8_scale_4wave_128x128_kernel<opus_gemm_mxscale_bpreshuffle_4wave_128x128_traits_gfx950>(opus_gemm_mxscale_bpreshuffle_kargs_gfx950)",256,105984,0,132,0,112,"OPUS_GFX950_TA_BUFFER_READ_WAVEFRONTS_SUM",21952.000000,3248253873131388,3248253873139188
313,313,"Agent 5",1,1196674,1196674,57344,1394,"void gemm_a8w8_mxfp8_scale_4wave_128x128_kernel<opus_gemm_mxscale_bpreshuffle_4wave_128x128_traits_gfx950>(opus_gemm_mxscale_bpreshuffle_kargs_gfx950)",256,105984,0,132,0,112,"OPUS_GFX950_GRBM_COUNT_MAX",38096.000000,3248253873760193,3248253873767993
313,313,"Agent 5",1,1196674,1196674,57344,1394,"void gemm_a8w8_mxfp8_scale_4wave_128x128_kernel<opus_gemm_mxscale_bpreshuffle_4wave_128x128_traits_gfx950>(opus_gemm_mxscale_bpreshuffle_kargs_gfx950)",256,105984,0,132,0,112,"OPUS_GFX950_GRBM_GUI_ACTIVE_MAX",38096.000000,3248253873760193,3248253873767993
313,313,"Agent 5",1,1196674,1196674,57344,1394,"void gemm_a8w8_mxfp8_scale_4wave_128x128_kernel<opus_gemm_mxscale_bpreshuffle_4wave_128x128_traits_gfx950>(opus_gemm_mxscale_bpreshuffle_kargs_gfx950)",256,105984,0,132,0,112,"OPUS_GFX950_SQ_BUSY_CYCLES_SUM",438087.000000,3248253873760193,3248253873767993
313,313,"Agent 5",1,1196674,1196674,57344,1394,"void gemm_a8w8_mxfp8_scale_4wave_128x128_kernel<opus_gemm_mxscale_bpreshuffle_4wave_128x128_traits_gfx950>(opus_gemm_mxscale_bpreshuffle_kargs_gfx950)",256,105984,0,132,0,112,"OPUS_GFX950_TCP_TCP_TA_ADDR_STALL_CYCLES_SUM",59394.000000,3248253873760193,3248253873767993
313,313,"Agent 5",1,1196674,1196674,57344,1394,"void gemm_a8w8_mxfp8_scale_4wave_128x128_kernel<opus_gemm_mxscale_bpreshuffle_4wave_128x128_traits_gfx950>(opus_gemm_mxscale_bpreshuffle_kargs_gfx950)",256,105984,0,132,0,112,"OPUS_GFX950_TCP_GATE_EN1_SUM",4129080.000000,3248253873760193,3248253873767993
313,313,"Agent 5",1,1196674,1196674,57344,1394,"void gemm_a8w8_mxfp8_scale_4wave_128x128_kernel<opus_gemm_mxscale_bpreshuffle_4wave_128x128_traits_gfx950>(opus_gemm_mxscale_bpreshuffle_kargs_gfx950)",256,105984,0,132,0,112,"OPUS_GFX950_SQ_VMEM_TA_ADDR_FIFO_FULL_SUM",34105.000000,3248253873760193,3248253873767993
313,313,"Agent 5",1,1196674,1196674,57344,1394,"void gemm_a8w8_mxfp8_scale_4wave_128x128_kernel<opus_gemm_mxscale_bpreshuffle_4wave_128x128_traits_gfx950>(opus_gemm_mxscale_bpreshuffle_kargs_gfx950)",256,105984,0,132,0,112,"OPUS_GFX950_SQ_LDS_BANK_CONFLICT_SUM",172032.000000,3248253873760193,3248253873767993
313,313,"Agent 5",1,1196674,1196674,57344,1394,"void gemm_a8w8_mxfp8_scale_4wave_128x128_kernel<opus_gemm_mxscale_bpreshuffle_4wave_128x128_traits_gfx950>(opus_gemm_mxscale_bpreshuffle_kargs_gfx950)",256,105984,0,132,0,112,"OPUS_GFX950_SQ_WAIT_INST_LDS_SUM",58357.000000,3248253873760193,3248253873767993
313,313,"Agent 5",1,1196674,1196674,57344,1394,"void gemm_a8w8_mxfp8_scale_4wave_128x128_kernel<opus_gemm_mxscale_bpreshuffle_4wave_128x128_traits_gfx950>(opus_gemm_mxscale_bpreshuffle_kargs_gfx950)",256,105984,0,132,0,112,"OPUS_GFX950_TCP_RFIFO_STALL_CYCLES_SUM",3781.000000,3248253873760193,3248253873767993
313,313,"Agent 5",1,1196674,1196674,57344,1394,"void gemm_a8w8_mxfp8_scale_4wave_128x128_kernel<opus_gemm_mxscale_bpreshuffle_4wave_128x128_traits_gfx950>(opus_gemm_mxscale_bpreshuffle_kargs_gfx950)",256,105984,0,132,0,112,"OPUS_GFX950_TCP_READ_TAGCONFLICT_STALL_CYCLES_SUM",0.00000000e+00,3248253873760193,3248253873767993
313,313,"Agent 5",1,1196674,1196674,57344,1394,"void gemm_a8w8_mxfp8_scale_4wave_128x128_kernel<opus_gemm_mxscale_bpreshuffle_4wave_128x128_traits_gfx950>(opus_gemm_mxscale_bpreshuffle_kargs_gfx950)",256,105984,0,132,0,112,"OPUS_GFX950_TA_BUFFER_READ_LDS_WAVEFRONTS_SUM",21504.000000,3248253873760193,3248253873767993
313,313,"Agent 5",1,1196674,1196674,57344,1394,"void gemm_a8w8_mxfp8_scale_4wave_128x128_kernel<opus_gemm_mxscale_bpreshuffle_4wave_128x128_traits_gfx950>(opus_gemm_mxscale_bpreshuffle_kargs_gfx950)",256,105984,0,132,0,112,"OPUS_GFX950_TA_BUFFER_READ_WAVEFRONTS_SUM",21952.000000,3248253873760193,3248253873767993
314,314,"Agent 5",1,1196674,1196674,57344,1394,"void gemm_a8w8_mxfp8_scale_4wave_128x128_kernel<opus_gemm_mxscale_bpreshuffle_4wave_128x128_traits_gfx950>(opus_gemm_mxscale_bpreshuffle_kargs_gfx950)",256,105984,0,132,0,112,"OPUS_GFX950_GRBM_COUNT_MAX",40297.000000,3248253874337199,3248253874345039
314,314,"Agent 5",1,1196674,1196674,57344,1394,"void gemm_a8w8_mxfp8_scale_4wave_128x128_kernel<opus_gemm_mxscale_bpreshuffle_4wave_128x128_traits_gfx950>(opus_gemm_mxscale_bpreshuffle_kargs_gfx950)",256,105984,0,132,0,112,"OPUS_GFX950_GRBM_GUI_ACTIVE_MAX",40297.000000,3248253874337199,3248253874345039
314,314,"Agent 5",1,1196674,1196674,57344,1394,"void gemm_a8w8_mxfp8_scale_4wave_128x128_kernel<opus_gemm_mxscale_bpreshuffle_4wave_128x128_traits_gfx950>(opus_gemm_mxscale_bpreshuffle_kargs_gfx950)",256,105984,0,132,0,112,"OPUS_GFX950_SQ_BUSY_CYCLES_SUM",438713.000000,3248253874337199,3248253874345039
314,314,"Agent 5",1,1196674,1196674,57344,1394,"void gemm_a8w8_mxfp8_scale_4wave_128x128_kernel<opus_gemm_mxscale_bpreshuffle_4wave_128x128_traits_gfx950>(opus_gemm_mxscale_bpreshuffle_kargs_gfx950)",256,105984,0,132,0,112,"OPUS_GFX950_TCP_TCP_TA_ADDR_STALL_CYCLES_SUM",98189.000000,3248253874337199,3248253874345039
314,314,"Agent 5",1,1196674,1196674,57344,1394,"void gemm_a8w8_mxfp8_scale_4wave_128x128_kernel<opus_gemm_mxscale_bpreshuffle_4wave_128x128_traits_gfx950>(opus_gemm_mxscale_bpreshuffle_kargs_gfx950)",256,105984,0,132,0,112,"OPUS_GFX950_TCP_GATE_EN1_SUM",4134048.000000,3248253874337199,3248253874345039
314,314,"Agent 5",1,1196674,1196674,57344,1394,"void gemm_a8w8_mxfp8_scale_4wave_128x128_kernel<opus_gemm_mxscale_bpreshuffle_4wave_128x128_traits_gfx950>(opus_gemm_mxscale_bpreshuffle_kargs_gfx950)",256,105984,0,132,0,112,"OPUS_GFX950_SQ_VMEM_TA_ADDR_FIFO_FULL_SUM",33594.000000,3248253874337199,3248253874345039
314,314,"Agent 5",1,1196674,1196674,57344,1394,"void gemm_a8w8_mxfp8_scale_4wave_128x128_kernel<opus_gemm_mxscale_bpreshuffle_4wave_128x128_traits_gfx950>(opus_gemm_mxscale_bpreshuffle_kargs_gfx950)",256,105984,0,132,0,112,"OPUS_GFX950_SQ_LDS_BANK_CONFLICT_SUM",172032.000000,3248253874337199,3248253874345039
314,314,"Agent 5",1,1196674,1196674,57344,1394,"void gemm_a8w8_mxfp8_scale_4wave_128x128_kernel<opus_gemm_mxscale_bpreshuffle_4wave_128x128_traits_gfx950>(opus_gemm_mxscale_bpreshuffle_kargs_gfx950)",256,105984,0,132,0,112,"OPUS_GFX950_SQ_WAIT_INST_LDS_SUM",58507.000000,3248253874337199,3248253874345039
314,314,"Agent 5",1,1196674,1196674,57344,1394,"void gemm_a8w8_mxfp8_scale_4wave_128x128_kernel<opus_gemm_mxscale_bpreshuffle_4wave_128x128_traits_gfx950>(opus_gemm_mxscale_bpreshuffle_kargs_gfx950)",256,105984,0,132,0,112,"OPUS_GFX950_TCP_RFIFO_STALL_CYCLES_SUM",2983.000000,3248253874337199,3248253874345039
314,314,"Agent 5",1,1196674,1196674,57344,1394,"void gemm_a8w8_mxfp8_scale_4wave_128x128_kernel<opus_gemm_mxscale_bpreshuffle_4wave_128x128_traits_gfx950>(opus_gemm_mxscale_bpreshuffle_kargs_gfx950)",256,105984,0,132,0,112,"OPUS_GFX950_TCP_READ_TAGCONFLICT_STALL_CYCLES_SUM",0.00000000e+00,3248253874337199,3248253874345039
314,314,"Agent 5",1,1196674,1196674,57344,1394,"void gemm_a8w8_mxfp8_scale_4wave_128x128_kernel<opus_gemm_mxscale_bpreshuffle_4wave_128x128_traits_gfx950>(opus_gemm_mxscale_bpreshuffle_kargs_gfx950)",256,105984,0,132,0,112,"OPUS_GFX950_TA_BUFFER_READ_LDS_WAVEFRONTS_SUM",21504.000000,3248253874337199,3248253874345039
314,314,"Agent 5",1,1196674,1196674,57344,1394,"void gemm_a8w8_mxfp8_scale_4wave_128x128_kernel<opus_gemm_mxscale_bpreshuffle_4wave_128x128_traits_gfx950>(opus_gemm_mxscale_bpreshuffle_kargs_gfx950)",256,105984,0,132,0,112,"OPUS_GFX950_TA_BUFFER_READ_WAVEFRONTS_SUM",21952.000000,3248253874337199,3248253874345039
315,315,"Agent 5",1,1196674,1196674,57344,1394,"void gemm_a8w8_mxfp8_scale_4wave_128x128_kernel<opus_gemm_mxscale_bpreshuffle_4wave_128x128_traits_gfx950>(opus_gemm_mxscale_bpreshuffle_kargs_gfx950)",256,105984,0,132,0,112,"OPUS_GFX950_GRBM_COUNT_MAX",34872.000000,3248253874970164,3248253874978324
315,315,"Agent 5",1,1196674,1196674,57344,1394,"void gemm_a8w8_mxfp8_scale_4wave_128x128_kernel<opus_gemm_mxscale_bpreshuffle_4wave_128x128_traits_gfx950>(opus_gemm_mxscale_bpreshuffle_kargs_gfx950)",256,105984,0,132,0,112,"OPUS_GFX950_GRBM_GUI_ACTIVE_MAX",34872.000000,3248253874970164,3248253874978324
315,315,"Agent 5",1,1196674,1196674,57344,1394,"void gemm_a8w8_mxfp8_scale_4wave_128x128_kernel<opus_gemm_mxscale_bpreshuffle_4wave_128x128_traits_gfx950>(opus_gemm_mxscale_bpreshuffle_kargs_gfx950)",256,105984,0,132,0,112,"OPUS_GFX950_SQ_BUSY_CYCLES_SUM",462953.000000,3248253874970164,3248253874978324
315,315,"Agent 5",1,1196674,1196674,57344,1394,"void gemm_a8w8_mxfp8_scale_4wave_128x128_kernel<opus_gemm_mxscale_bpreshuffle_4wave_128x128_traits_gfx950>(opus_gemm_mxscale_bpreshuffle_kargs_gfx950)",256,105984,0,132,0,112,"OPUS_GFX950_TCP_TCP_TA_ADDR_STALL_CYCLES_SUM",94496.000000,3248253874970164,3248253874978324
315,315,"Agent 5",1,1196674,1196674,57344,1394,"void gemm_a8w8_mxfp8_scale_4wave_128x128_kernel<opus_gemm_mxscale_bpreshuffle_4wave_128x128_traits_gfx950>(opus_gemm_mxscale_bpreshuffle_kargs_gfx950)",256,105984,0,132,0,112,"OPUS_GFX950_TCP_GATE_EN1_SUM",4328048.000000,3248253874970164,3248253874978324
315,315,"Agent 5",1,1196674,1196674,57344,1394,"void gemm_a8w8_mxfp8_scale_4wave_128x128_kernel<opus_gemm_mxscale_bpreshuffle_4wave_128x128_traits_gfx950>(opus_gemm_mxscale_bpreshuffle_kargs_gfx950)",256,105984,0,132,0,112,"OPUS_GFX950_SQ_VMEM_TA_ADDR_FIFO_FULL_SUM",39479.000000,3248253874970164,3248253874978324
315,315,"Agent 5",1,1196674,1196674,57344,1394,"void gemm_a8w8_mxfp8_scale_4wave_128x128_kernel<opus_gemm_mxscale_bpreshuffle_4wave_128x128_traits_gfx950>(opus_gemm_mxscale_bpreshuffle_kargs_gfx950)",256,105984,0,132,0,112,"OPUS_GFX950_SQ_LDS_BANK_CONFLICT_SUM",172032.000000,3248253874970164,3248253874978324
315,315,"Agent 5",1,1196674,1196674,57344,1394,"void gemm_a8w8_mxfp8_scale_4wave_128x128_kernel<opus_gemm_mxscale_bpreshuffle_4wave_128x128_traits_gfx950>(opus_gemm_mxscale_bpreshuffle_kargs_gfx950)",256,105984,0,132,0,112,"OPUS_GFX950_SQ_WAIT_INST_LDS_SUM",58549.000000,3248253874970164,3248253874978324
315,315,"Agent 5",1,1196674,1196674,57344,1394,"void gemm_a8w8_mxfp8_scale_4wave_128x128_kernel<opus_gemm_mxscale_bpreshuffle_4wave_128x128_traits_gfx950>(opus_gemm_mxscale_bpreshuffle_kargs_gfx950)",256,105984,0,132,0,112,"OPUS_GFX950_TCP_RFIFO_STALL_CYCLES_SUM",1099.000000,3248253874970164,3248253874978324
315,315,"Agent 5",1,1196674,1196674,57344,1394,"void gemm_a8w8_mxfp8_scale_4wave_128x128_kernel<opus_gemm_mxscale_bpreshuffle_4wave_128x128_traits_gfx950>(opus_gemm_mxscale_bpreshuffle_kargs_gfx950)",256,105984,0,132,0,112,"OPUS_GFX950_TCP_READ_TAGCONFLICT_STALL_CYCLES_SUM",0.00000000e+00,3248253874970164,3248253874978324
315,315,"Agent 5",1,1196674,1196674,57344,1394,"void gemm_a8w8_mxfp8_scale_4wave_128x128_kernel<opus_gemm_mxscale_bpreshuffle_4wave_128x128_traits_gfx950>(opus_gemm_mxscale_bpreshuffle_kargs_gfx950)",256,105984,0,132,0,112,"OPUS_GFX950_TA_BUFFER_READ_LDS_WAVEFRONTS_SUM",21504.000000,3248253874970164,3248253874978324
315,315,"Agent 5",1,1196674,1196674,57344,1394,"void gemm_a8w8_mxfp8_scale_4wave_128x128_kernel<opus_gemm_mxscale_bpreshuffle_4wave_128x128_traits_gfx950>(opus_gemm_mxscale_bpreshuffle_kargs_gfx950)",256,105984,0,132,0,112,"OPUS_GFX950_TA_BUFFER_READ_WAVEFRONTS_SUM",21952.000000,3248253874970164,3248253874978324
316,316,"Agent 5",1,1196674,1196674,57344,1394,"void gemm_a8w8_mxfp8_scale_4wave_128x128_kernel<opus_gemm_mxscale_bpreshuffle_4wave_128x128_traits_gfx950>(opus_gemm_mxscale_bpreshuffle_kargs_gfx950)",256,105984,0,132,0,112,"OPUS_GFX950_GRBM_COUNT_MAX",41145.000000,3248253875596250,3248253875604290
316,316,"Agent 5",1,1196674,1196674,57344,1394,"void gemm_a8w8_mxfp8_scale_4wave_128x128_kernel<opus_gemm_mxscale_bpreshuffle_4wave_128x128_traits_gfx950>(opus_gemm_mxscale_bpreshuffle_kargs_gfx950)",256,105984,0,132,0,112,"OPUS_GFX950_GRBM_GUI_ACTIVE_MAX",41145.000000,3248253875596250,3248253875604290
316,316,"Agent 5",1,1196674,1196674,57344,1394,"void gemm_a8w8_mxfp8_scale_4wave_128x128_kernel<opus_gemm_mxscale_bpreshuffle_4wave_128x128_traits_gfx950>(opus_gemm_mxscale_bpreshuffle_kargs_gfx950)",256,105984,0,132,0,112,"OPUS_GFX950_SQ_BUSY_CYCLES_SUM",452724.000000,3248253875596250,3248253875604290
316,316,"Agent 5",1,1196674,1196674,57344,1394,"void gemm_a8w8_mxfp8_scale_4wave_128x128_kernel<opus_gemm_mxscale_bpreshuffle_4wave_128x128_traits_gfx950>(opus_gemm_mxscale_bpreshuffle_kargs_gfx950)",256,105984,0,132,0,112,"OPUS_GFX950_TCP_TCP_TA_ADDR_STALL_CYCLES_SUM",80050.000000,3248253875596250,3248253875604290
316,316,"Agent 5",1,1196674,1196674,57344,1394,"void gemm_a8w8_mxfp8_scale_4wave_128x128_kernel<opus_gemm_mxscale_bpreshuffle_4wave_128x128_traits_gfx950>(opus_gemm_mxscale_bpreshuffle_kargs_gfx950)",256,105984,0,132,0,112,"OPUS_GFX950_TCP_GATE_EN1_SUM",4246232.000000,3248253875596250,3248253875604290
316,316,"Agent 5",1,1196674,1196674,57344,1394,"void gemm_a8w8_mxfp8_scale_4wave_128x128_kernel<opus_gemm_mxscale_bpreshuffle_4wave_128x128_traits_gfx950>(opus_gemm_mxscale_bpreshuffle_kargs_gfx950)",256,105984,0,132,0,112,"OPUS_GFX950_SQ_VMEM_TA_ADDR_FIFO_FULL_SUM",42144.000000,3248253875596250,3248253875604290
316,316,"Agent 5",1,1196674,1196674,57344,1394,"void gemm_a8w8_mxfp8_scale_4wave_128x128_kernel<opus_gemm_mxscale_bpreshuffle_4wave_128x128_traits_gfx950>(opus_gemm_mxscale_bpreshuffle_kargs_gfx950)",256,105984,0,132,0,112,"OPUS_GFX950_SQ_LDS_BANK_CONFLICT_SUM",172032.000000,3248253875596250,3248253875604290
316,316,"Agent 5",1,1196674,1196674,57344,1394,"void gemm_a8w8_mxfp8_scale_4wave_128x128_kernel<opus_gemm_mxscale_bpreshuffle_4wave_128x128_traits_gfx950>(opus_gemm_mxscale_bpreshuffle_kargs_gfx950)",256,105984,0,132,0,112,"OPUS_GFX950_SQ_WAIT_INST_LDS_SUM",58263.000000,3248253875596250,3248253875604290
316,316,"Agent 5",1,1196674,1196674,57344,1394,"void gemm_a8w8_mxfp8_scale_4wave_128x128_kernel<opus_gemm_mxscale_bpreshuffle_4wave_128x128_traits_gfx950>(opus_gemm_mxscale_bpreshuffle_kargs_gfx950)",256,105984,0,132,0,112,"OPUS_GFX950_TCP_RFIFO_STALL_CYCLES_SUM",2274.000000,3248253875596250,3248253875604290
316,316,"Agent 5",1,1196674,1196674,57344,1394,"void gemm_a8w8_mxfp8_scale_4wave_128x128_kernel<opus_gemm_mxscale_bpreshuffle_4wave_128x128_traits_gfx950>(opus_gemm_mxscale_bpreshuffle_kargs_gfx950)",256,105984,0,132,0,112,"OPUS_GFX950_TCP_READ_TAGCONFLICT_STALL_CYCLES_SUM",0.00000000e+00,3248253875596250,3248253875604290
316,316,"Agent 5",1,1196674,1196674,57344,1394,"void gemm_a8w8_mxfp8_scale_4wave_128x128_kernel<opus_gemm_mxscale_bpreshuffle_4wave_128x128_traits_gfx950>(opus_gemm_mxscale_bpreshuffle_kargs_gfx950)",256,105984,0,132,0,112,"OPUS_GFX950_TA_BUFFER_READ_LDS_WAVEFRONTS_SUM",21504.000000,3248253875596250,3248253875604290
316,316,"Agent 5",1,1196674,1196674,57344,1394,"void gemm_a8w8_mxfp8_scale_4wave_128x128_kernel<opus_gemm_mxscale_bpreshuffle_4wave_128x128_traits_gfx950>(opus_gemm_mxscale_bpreshuffle_kargs_gfx950)",256,105984,0,132,0,112,"OPUS_GFX950_TA_BUFFER_READ_WAVEFRONTS_SUM",21952.000000,3248253875596250,3248253875604290
317,317,"Agent 5",1,1196674,1196674,57344,1394,"void gemm_a8w8_mxfp8_scale_4wave_128x128_kernel<opus_gemm_mxscale_bpreshuffle_4wave_128x128_traits_gfx950>(opus_gemm_mxscale_bpreshuffle_kargs_gfx950)",256,105984,0,132,0,112,"OPUS_GFX950_GRBM_COUNT_MAX",40027.000000,3248253876219016,3248253876227016
317,317,"Agent 5",1,1196674,1196674,57344,1394,"void gemm_a8w8_mxfp8_scale_4wave_128x128_kernel<opus_gemm_mxscale_bpreshuffle_4wave_128x128_traits_gfx950>(opus_gemm_mxscale_bpreshuffle_kargs_gfx950)",256,105984,0,132,0,112,"OPUS_GFX950_GRBM_GUI_ACTIVE_MAX",40027.000000,3248253876219016,3248253876227016
317,317,"Agent 5",1,1196674,1196674,57344,1394,"void gemm_a8w8_mxfp8_scale_4wave_128x128_kernel<opus_gemm_mxscale_bpreshuffle_4wave_128x128_traits_gfx950>(opus_gemm_mxscale_bpreshuffle_kargs_gfx950)",256,105984,0,132,0,112,"OPUS_GFX950_SQ_BUSY_CYCLES_SUM",452021.000000,3248253876219016,3248253876227016
317,317,"Agent 5",1,1196674,1196674,57344,1394,"void gemm_a8w8_mxfp8_scale_4wave_128x128_kernel<opus_gemm_mxscale_bpreshuffle_4wave_128x128_traits_gfx950>(opus_gemm_mxscale_bpreshuffle_kargs_gfx950)",256,105984,0,132,0,112,"OPUS_GFX950_TCP_TCP_TA_ADDR_STALL_CYCLES_SUM",55895.000000,3248253876219016,3248253876227016
317,317,"Agent 5",1,1196674,1196674,57344,1394,"void gemm_a8w8_mxfp8_scale_4wave_128x128_kernel<opus_gemm_mxscale_bpreshuffle_4wave_128x128_traits_gfx950>(opus_gemm_mxscale_bpreshuffle_kargs_gfx950)",256,105984,0,132,0,112,"OPUS_GFX950_TCP_GATE_EN1_SUM",4240504.000000,3248253876219016,3248253876227016
317,317,"Agent 5",1,1196674,1196674,57344,1394,"void gemm_a8w8_mxfp8_scale_4wave_128x128_kernel<opus_gemm_mxscale_bpreshuffle_4wave_128x128_traits_gfx950>(opus_gemm_mxscale_bpreshuffle_kargs_gfx950)",256,105984,0,132,0,112,"OPUS_GFX950_SQ_VMEM_TA_ADDR_FIFO_FULL_SUM",27130.000000,3248253876219016,3248253876227016
317,317,"Agent 5",1,1196674,1196674,57344,1394,"void gemm_a8w8_mxfp8_scale_4wave_128x128_kernel<opus_gemm_mxscale_bpreshuffle_4wave_128x128_traits_gfx950>(opus_gemm_mxscale_bpreshuffle_kargs_gfx950)",256,105984,0,132,0,112,"OPUS_GFX950_SQ_LDS_BANK_CONFLICT_SUM",172032.000000,3248253876219016,3248253876227016
317,317,"Agent 5",1,1196674,1196674,57344,1394,"void gemm_a8w8_mxfp8_scale_4wave_128x128_kernel<opus_gemm_mxscale_bpreshuffle_4wave_128x128_traits_gfx950>(opus_gemm_mxscale_bpreshuffle_kargs_gfx950)",256,105984,0,132,0,112,"OPUS_GFX950_SQ_WAIT_INST_LDS_SUM",58776.000000,3248253876219016,3248253876227016
317,317,"Agent 5",1,1196674,1196674,57344,1394,"void gemm_a8w8_mxfp8_scale_4wave_128x128_kernel<opus_gemm_mxscale_bpreshuffle_4wave_128x128_traits_gfx950>(opus_gemm_mxscale_bpreshuffle_kargs_gfx950)",256,105984,0,132,0,112,"OPUS_GFX950_TCP_RFIFO_STALL_CYCLES_SUM",0.00000000e+00,3248253876219016,3248253876227016
317,317,"Agent 5",1,1196674,1196674,57344,1394,"void gemm_a8w8_mxfp8_scale_4wave_128x128_kernel<opus_gemm_mxscale_bpreshuffle_4wave_128x128_traits_gfx950>(opus_gemm_mxscale_bpreshuffle_kargs_gfx950)",256,105984,0,132,0,112,"OPUS_GFX950_TCP_READ_TAGCONFLICT_STALL_CYCLES_SUM",0.00000000e+00,3248253876219016,3248253876227016
317,317,"Agent 5",1,1196674,1196674,57344,1394,"void gemm_a8w8_mxfp8_scale_4wave_128x128_kernel<opus_gemm_mxscale_bpreshuffle_4wave_128x128_traits_gfx950>(opus_gemm_mxscale_bpreshuffle_kargs_gfx950)",256,105984,0,132,0,112,"OPUS_GFX950_TA_BUFFER_READ_LDS_WAVEFRONTS_SUM",21504.000000,3248253876219016,3248253876227016
317,317,"Agent 5",1,1196674,1196674,57344,1394,"void gemm_a8w8_mxfp8_scale_4wave_128x128_kernel<opus_gemm_mxscale_bpreshuffle_4wave_128x128_traits_gfx950>(opus_gemm_mxscale_bpreshuffle_kargs_gfx950)",256,105984,0,132,0,112,"OPUS_GFX950_TA_BUFFER_READ_WAVEFRONTS_SUM",21952.000000,3248253876219016,3248253876227016
318,318,"Agent 5",1,1196674,1196674,57344,1394,"void gemm_a8w8_mxfp8_scale_4wave_128x128_kernel<opus_gemm_mxscale_bpreshuffle_4wave_128x128_traits_gfx950>(opus_gemm_mxscale_bpreshuffle_kargs_gfx950)",256,105984,0,132,0,112,"OPUS_GFX950_GRBM_COUNT_MAX",42005.000000,3248253876788501,3248253876796421
318,318,"Agent 5",1,1196674,1196674,57344,1394,"void gemm_a8w8_mxfp8_scale_4wave_128x128_kernel<opus_gemm_mxscale_bpreshuffle_4wave_128x128_traits_gfx950>(opus_gemm_mxscale_bpreshuffle_kargs_gfx950)",256,105984,0,132,0,112,"OPUS_GFX950_GRBM_GUI_ACTIVE_MAX",42005.000000,3248253876788501,3248253876796421
318,318,"Agent 5",1,1196674,1196674,57344,1394,"void gemm_a8w8_mxfp8_scale_4wave_128x128_kernel<opus_gemm_mxscale_bpreshuffle_4wave_128x128_traits_gfx950>(opus_gemm_mxscale_bpreshuffle_kargs_gfx950)",256,105984,0,132,0,112,"OPUS_GFX950_SQ_BUSY_CYCLES_SUM",434532.000000,3248253876788501,3248253876796421
318,318,"Agent 5",1,1196674,1196674,57344,1394,"void gemm_a8w8_mxfp8_scale_4wave_128x128_kernel<opus_gemm_mxscale_bpreshuffle_4wave_128x128_traits_gfx950>(opus_gemm_mxscale_bpreshuffle_kargs_gfx950)",256,105984,0,132,0,112,"OPUS_GFX950_TCP_TCP_TA_ADDR_STALL_CYCLES_SUM",80976.000000,3248253876788501,3248253876796421
318,318,"Agent 5",1,1196674,1196674,57344,1394,"void gemm_a8w8_mxfp8_scale_4wave_128x128_kernel<opus_gemm_mxscale_bpreshuffle_4wave_128x128_traits_gfx950>(opus_gemm_mxscale_bpreshuffle_kargs_gfx950)",256,105984,0,132,0,112,"OPUS_GFX950_TCP_GATE_EN1_SUM",4100688.000000,3248253876788501,3248253876796421
318,318,"Agent 5",1,1196674,1196674,57344,1394,"void gemm_a8w8_mxfp8_scale_4wave_128x128_kernel<opus_gemm_mxscale_bpreshuffle_4wave_128x128_traits_gfx950>(opus_gemm_mxscale_bpreshuffle_kargs_gfx950)",256,105984,0,132,0,112,"OPUS_GFX950_SQ_VMEM_TA_ADDR_FIFO_FULL_SUM",36856.000000,3248253876788501,3248253876796421
318,318,"Agent 5",1,1196674,1196674,57344,1394,"void gemm_a8w8_mxfp8_scale_4wave_128x128_kernel<opus_gemm_mxscale_bpreshuffle_4wave_128x128_traits_gfx950>(opus_gemm_mxscale_bpreshuffle_kargs_gfx950)",256,105984,0,132,0,112,"OPUS_GFX950_SQ_LDS_BANK_CONFLICT_SUM",172032.000000,3248253876788501,3248253876796421
318,318,"Agent 5",1,1196674,1196674,57344,1394,"void gemm_a8w8_mxfp8_scale_4wave_128x128_kernel<opus_gemm_mxscale_bpreshuffle_4wave_128x128_traits_gfx950>(opus_gemm_mxscale_bpreshuffle_kargs_gfx950)",256,105984,0,132,0,112,"OPUS_GFX950_SQ_WAIT_INST_LDS_SUM",57610.000000,3248253876788501,3248253876796421
318,318,"Agent 5",1,1196674,1196674,57344,1394,"void gemm_a8w8_mxfp8_scale_4wave_128x128_kernel<opus_gemm_mxscale_bpreshuffle_4wave_128x128_traits_gfx950>(opus_gemm_mxscale_bpreshuffle_kargs_gfx950)",256,105984,0,132,0,112,"OPUS_GFX950_TCP_RFIFO_STALL_CYCLES_SUM",5905.000000,3248253876788501,3248253876796421
318,318,"Agent 5",1,1196674,1196674,57344,1394,"void gemm_a8w8_mxfp8_scale_4wave_128x128_kernel<opus_gemm_mxscale_bpreshuffle_4wave_128x128_traits_gfx950>(opus_gemm_mxscale_bpreshuffle_kargs_gfx950)",256,105984,0,132,0,112,"OPUS_GFX950_TCP_READ_TAGCONFLICT_STALL_CYCLES_SUM",0.00000000e+00,3248253876788501,3248253876796421
318,318,"Agent 5",1,1196674,1196674,57344,1394,"void gemm_a8w8_mxfp8_scale_4wave_128x128_kernel<opus_gemm_mxscale_bpreshuffle_4wave_128x128_traits_gfx950>(opus_gemm_mxscale_bpreshuffle_kargs_gfx950)",256,105984,0,132,0,112,"OPUS_GFX950_TA_BUFFER_READ_LDS_WAVEFRONTS_SUM",21504.000000,3248253876788501,3248253876796421
318,318,"Agent 5",1,1196674,1196674,57344,1394,"void gemm_a8w8_mxfp8_scale_4wave_128x128_kernel<opus_gemm_mxscale_bpreshuffle_4wave_128x128_traits_gfx950>(opus_gemm_mxscale_bpreshuffle_kargs_gfx950)",256,105984,0,132,0,112,"OPUS_GFX950_TA_BUFFER_READ_WAVEFRONTS_SUM",21952.000000,3248253876788501,3248253876796421
319,319,"Agent 5",1,1196674,1196674,57344,1394,"void gemm_a8w8_mxfp8_scale_4wave_128x128_kernel<opus_gemm_mxscale_bpreshuffle_4wave_128x128_traits_gfx950>(opus_gemm_mxscale_bpreshuffle_kargs_gfx950)",256,105984,0,132,0,112,"OPUS_GFX950_GRBM_COUNT_MAX",42431.000000,3248253877416027,3248253877423907
319,319,"Agent 5",1,1196674,1196674,57344,1394,"void gemm_a8w8_mxfp8_scale_4wave_128x128_kernel<opus_gemm_mxscale_bpreshuffle_4wave_128x128_traits_gfx950>(opus_gemm_mxscale_bpreshuffle_kargs_gfx950)",256,105984,0,132,0,112,"OPUS_GFX950_GRBM_GUI_ACTIVE_MAX",42431.000000,3248253877416027,3248253877423907
319,319,"Agent 5",1,1196674,1196674,57344,1394,"void gemm_a8w8_mxfp8_scale_4wave_128x128_kernel<opus_gemm_mxscale_bpreshuffle_4wave_128x128_traits_gfx950>(opus_gemm_mxscale_bpreshuffle_kargs_gfx950)",256,105984,0,132,0,112,"OPUS_GFX950_SQ_BUSY_CYCLES_SUM",441371.000000,3248253877416027,3248253877423907
319,319,"Agent 5",1,1196674,1196674,57344,1394,"void gemm_a8w8_mxfp8_scale_4wave_128x128_kernel<opus_gemm_mxscale_bpreshuffle_4wave_128x128_traits_gfx950>(opus_gemm_mxscale_bpreshuffle_kargs_gfx950)",256,105984,0,132,0,112,"OPUS_GFX950_TCP_TCP_TA_ADDR_STALL_CYCLES_SUM",64786.000000,3248253877416027,3248253877423907
319,319,"Agent 5",1,1196674,1196674,57344,1394,"void gemm_a8w8_mxfp8_scale_4wave_128x128_kernel<opus_gemm_mxscale_bpreshuffle_4wave_128x128_traits_gfx950>(opus_gemm_mxscale_bpreshuffle_kargs_gfx950)",256,105984,0,132,0,112,"OPUS_GFX950_TCP_GATE_EN1_SUM",4155392.000000,3248253877416027,3248253877423907
319,319,"Agent 5",1,1196674,1196674,57344,1394,"void gemm_a8w8_mxfp8_scale_4wave_128x128_kernel<opus_gemm_mxscale_bpreshuffle_4wave_128x128_traits_gfx950>(opus_gemm_mxscale_bpreshuffle_kargs_gfx950)",256,105984,0,132,0,112,"OPUS_GFX950_SQ_VMEM_TA_ADDR_FIFO_FULL_SUM",30893.000000,3248253877416027,3248253877423907
319,319,"Agent 5",1,1196674,1196674,57344,1394,"void gemm_a8w8_mxfp8_scale_4wave_128x128_kernel<opus_gemm_mxscale_bpreshuffle_4wave_128x128_traits_gfx950>(opus_gemm_mxscale_bpreshuffle_kargs_gfx950)",256,105984,0,132,0,112,"OPUS_GFX950_SQ_LDS_BANK_CONFLICT_SUM",172032.000000,3248253877416027,3248253877423907
319,319,"Agent 5",1,1196674,1196674,57344,1394,"void gemm_a8w8_mxfp8_scale_4wave_128x128_kernel<opus_gemm_mxscale_bpreshuffle_4wave_128x128_traits_gfx950>(opus_gemm_mxscale_bpreshuffle_kargs_gfx950)",256,105984,0,132,0,112,"OPUS_GFX950_SQ_WAIT_INST_LDS_SUM",58264.000000,3248253877416027,3248253877423907
319,319,"Agent 5",1,1196674,1196674,57344,1394,"void gemm_a8w8_mxfp8_scale_4wave_128x128_kernel<opus_gemm_mxscale_bpreshuffle_4wave_128x128_traits_gfx950>(opus_gemm_mxscale_bpreshuffle_kargs_gfx950)",256,105984,0,132,0,112,"OPUS_GFX950_TCP_RFIFO_STALL_CYCLES_SUM",1030.000000,3248253877416027,3248253877423907
319,319,"Agent 5",1,1196674,1196674,57344,1394,"void gemm_a8w8_mxfp8_scale_4wave_128x128_kernel<opus_gemm_mxscale_bpreshuffle_4wave_128x128_traits_gfx950>(opus_gemm_mxscale_bpreshuffle_kargs_gfx950)",256,105984,0,132,0,112,"OPUS_GFX950_TCP_READ_TAGCONFLICT_STALL_CYCLES_SUM",0.00000000e+00,3248253877416027,3248253877423907
319,319,"Agent 5",1,1196674,1196674,57344,1394,"void gemm_a8w8_mxfp8_scale_4wave_128x128_kernel<opus_gemm_mxscale_bpreshuffle_4wave_128x128_traits_gfx950>(opus_gemm_mxscale_bpreshuffle_kargs_gfx950)",256,105984,0,132,0,112,"OPUS_GFX950_TA_BUFFER_READ_LDS_WAVEFRONTS_SUM",21504.000000,3248253877416027,3248253877423907
319,319,"Agent 5",1,1196674,1196674,57344,1394,"void gemm_a8w8_mxfp8_scale_4wave_128x128_kernel<opus_gemm_mxscale_bpreshuffle_4wave_128x128_traits_gfx950>(opus_gemm_mxscale_bpreshuffle_kargs_gfx950)",256,105984,0,132,0,112,"OPUS_GFX950_TA_BUFFER_READ_WAVEFRONTS_SUM",21952.000000,3248253877416027,3248253877423907
320,320,"Agent 5",1,1196674,1196674,57344,1394,"void gemm_a8w8_mxfp8_scale_4wave_128x128_kernel<opus_gemm_mxscale_bpreshuffle_4wave_128x128_traits_gfx950>(opus_gemm_mxscale_bpreshuffle_kargs_gfx950)",256,105984,0,132,0,112,"OPUS_GFX950_GRBM_COUNT_MAX",37229.000000,3248253878044472,3248253878052592
320,320,"Agent 5",1,1196674,1196674,57344,1394,"void gemm_a8w8_mxfp8_scale_4wave_128x128_kernel<opus_gemm_mxscale_bpreshuffle_4wave_128x128_traits_gfx950>(opus_gemm_mxscale_bpreshuffle_kargs_gfx950)",256,105984,0,132,0,112,"OPUS_GFX950_GRBM_GUI_ACTIVE_MAX",37229.000000,3248253878044472,3248253878052592
320,320,"Agent 5",1,1196674,1196674,57344,1394,"void gemm_a8w8_mxfp8_scale_4wave_128x128_kernel<opus_gemm_mxscale_bpreshuffle_4wave_128x128_traits_gfx950>(opus_gemm_mxscale_bpreshuffle_kargs_gfx950)",256,105984,0,132,0,112,"OPUS_GFX950_SQ_BUSY_CYCLES_SUM",457414.000000,3248253878044472,3248253878052592
320,320,"Agent 5",1,1196674,1196674,57344,1394,"void gemm_a8w8_mxfp8_scale_4wave_128x128_kernel<opus_gemm_mxscale_bpreshuffle_4wave_128x128_traits_gfx950>(opus_gemm_mxscale_bpreshuffle_kargs_gfx950)",256,105984,0,132,0,112,"OPUS_GFX950_TCP_TCP_TA_ADDR_STALL_CYCLES_SUM",94470.000000,3248253878044472,3248253878052592
320,320,"Agent 5",1,1196674,1196674,57344,1394,"void gemm_a8w8_mxfp8_scale_4wave_128x128_kernel<opus_gemm_mxscale_bpreshuffle_4wave_128x128_traits_gfx950>(opus_gemm_mxscale_bpreshuffle_kargs_gfx950)",256,105984,0,132,0,112,"OPUS_GFX950_TCP_GATE_EN1_SUM",4283752.000000,3248253878044472,3248253878052592
320,320,"Agent 5",1,1196674,1196674,57344,1394,"void gemm_a8w8_mxfp8_scale_4wave_128x128_kernel<opus_gemm_mxscale_bpreshuffle_4wave_128x128_traits_gfx950>(opus_gemm_mxscale_bpreshuffle_kargs_gfx950)",256,105984,0,132,0,112,"OPUS_GFX950_SQ_VMEM_TA_ADDR_FIFO_FULL_SUM",37608.000000,3248253878044472,3248253878052592
320,320,"Agent 5",1,1196674,1196674,57344,1394,"void gemm_a8w8_mxfp8_scale_4wave_128x128_kernel<opus_gemm_mxscale_bpreshuffle_4wave_128x128_traits_gfx950>(opus_gemm_mxscale_bpreshuffle_kargs_gfx950)",256,105984,0,132,0,112,"OPUS_GFX950_SQ_LDS_BANK_CONFLICT_SUM",172032.000000,3248253878044472,3248253878052592
320,320,"Agent 5",1,1196674,1196674,57344,1394,"void gemm_a8w8_mxfp8_scale_4wave_128x128_kernel<opus_gemm_mxscale_bpreshuffle_4wave_128x128_traits_gfx950>(opus_gemm_mxscale_bpreshuffle_kargs_gfx950)",256,105984,0,132,0,112,"OPUS_GFX950_SQ_WAIT_INST_LDS_SUM",59215.000000,3248253878044472,3248253878052592
320,320,"Agent 5",1,1196674,1196674,57344,1394,"void gemm_a8w8_mxfp8_scale_4wave_128x128_kernel<opus_gemm_mxscale_bpreshuffle_4wave_128x128_traits_gfx950>(opus_gemm_mxscale_bpreshuffle_kargs_gfx950)",256,105984,0,132,0,112,"OPUS_GFX950_TCP_RFIFO_STALL_CYCLES_SUM",39.000000,3248253878044472,3248253878052592
320,320,"Agent 5",1,1196674,1196674,57344,1394,"void gemm_a8w8_mxfp8_scale_4wave_128x128_kernel<opus_gemm_mxscale_bpreshuffle_4wave_128x128_traits_gfx950>(opus_gemm_mxscale_bpreshuffle_kargs_gfx950)",256,105984,0,132,0,112,"OPUS_GFX950_TCP_READ_TAGCONFLICT_STALL_CYCLES_SUM",0.00000000e+00,3248253878044472,3248253878052592
320,320,"Agent 5",1,1196674,1196674,57344,1394,"void gemm_a8w8_mxfp8_scale_4wave_128x128_kernel<opus_gemm_mxscale_bpreshuffle_4wave_128x128_traits_gfx950>(opus_gemm_mxscale_bpreshuffle_kargs_gfx950)",256,105984,0,132,0,112,"OPUS_GFX950_TA_BUFFER_READ_LDS_WAVEFRONTS_SUM",21504.000000,3248253878044472,3248253878052592
320,320,"Agent 5",1,1196674,1196674,57344,1394,"void gemm_a8w8_mxfp8_scale_4wave_128x128_kernel<opus_gemm_mxscale_bpreshuffle_4wave_128x128_traits_gfx950>(opus_gemm_mxscale_bpreshuffle_kargs_gfx950)",256,105984,0,132,0,112,"OPUS_GFX950_TA_BUFFER_READ_WAVEFRONTS_SUM",21952.000000,3248253878044472,3248253878052592
321,321,"Agent 5",1,1196674,1196674,57344,1394,"void gemm_a8w8_mxfp8_scale_4wave_128x128_kernel<opus_gemm_mxscale_bpreshuffle_4wave_128x128_traits_gfx950>(opus_gemm_mxscale_bpreshuffle_kargs_gfx950)",256,105984,0,132,0,112,"OPUS_GFX950_GRBM_COUNT_MAX",37477.000000,3248253878730879,3248253878738599
321,321,"Agent 5",1,1196674,1196674,57344,1394,"void gemm_a8w8_mxfp8_scale_4wave_128x128_kernel<opus_gemm_mxscale_bpreshuffle_4wave_128x128_traits_gfx950>(opus_gemm_mxscale_bpreshuffle_kargs_gfx950)",256,105984,0,132,0,112,"OPUS_GFX950_GRBM_GUI_ACTIVE_MAX",37477.000000,3248253878730879,3248253878738599
321,321,"Agent 5",1,1196674,1196674,57344,1394,"void gemm_a8w8_mxfp8_scale_4wave_128x128_kernel<opus_gemm_mxscale_bpreshuffle_4wave_128x128_traits_gfx950>(opus_gemm_mxscale_bpreshuffle_kargs_gfx950)",256,105984,0,132,0,112,"OPUS_GFX950_SQ_BUSY_CYCLES_SUM",428651.000000,3248253878730879,3248253878738599
321,321,"Agent 5",1,1196674,1196674,57344,1394,"void gemm_a8w8_mxfp8_scale_4wave_128x128_kernel<opus_gemm_mxscale_bpreshuffle_4wave_128x128_traits_gfx950>(opus_gemm_mxscale_bpreshuffle_kargs_gfx950)",256,105984,0,132,0,112,"OPUS_GFX950_TCP_TCP_TA_ADDR_STALL_CYCLES_SUM",47803.000000,3248253878730879,3248253878738599
321,321,"Agent 5",1,1196674,1196674,57344,1394,"void gemm_a8w8_mxfp8_scale_4wave_128x128_kernel<opus_gemm_mxscale_bpreshuffle_4wave_128x128_traits_gfx950>(opus_gemm_mxscale_bpreshuffle_kargs_gfx950)",256,105984,0,132,0,112,"OPUS_GFX950_TCP_GATE_EN1_SUM",4053592.000000,3248253878730879,3248253878738599
321,321,"Agent 5",1,1196674,1196674,57344,1394,"void gemm_a8w8_mxfp8_scale_4wave_128x128_kernel<opus_gemm_mxscale_bpreshuffle_4wave_128x128_traits_gfx950>(opus_gemm_mxscale_bpreshuffle_kargs_gfx950)",256,105984,0,132,0,112,"OPUS_GFX950_SQ_VMEM_TA_ADDR_FIFO_FULL_SUM",24598.000000,3248253878730879,3248253878738599
321,321,"Agent 5",1,1196674,1196674,57344,1394,"void gemm_a8w8_mxfp8_scale_4wave_128x128_kernel<opus_gemm_mxscale_bpreshuffle_4wave_128x128_traits_gfx950>(opus_gemm_mxscale_bpreshuffle_kargs_gfx950)",256,105984,0,132,0,112,"OPUS_GFX950_SQ_LDS_BANK_CONFLICT_SUM",172032.000000,3248253878730879,3248253878738599
321,321,"Agent 5",1,1196674,1196674,57344,1394,"void gemm_a8w8_mxfp8_scale_4wave_128x128_kernel<opus_gemm_mxscale_bpreshuffle_4wave_128x128_traits_gfx950>(opus_gemm_mxscale_bpreshuffle_kargs_gfx950)",256,105984,0,132,0,112,"OPUS_GFX950_SQ_WAIT_INST_LDS_SUM",58987.000000,3248253878730879,3248253878738599
321,321,"Agent 5",1,1196674,1196674,57344,1394,"void gemm_a8w8_mxfp8_scale_4wave_128x128_kernel<opus_gemm_mxscale_bpreshuffle_4wave_128x128_traits_gfx950>(opus_gemm_mxscale_bpreshuffle_kargs_gfx950)",256,105984,0,132,0,112,"OPUS_GFX950_TCP_RFIFO_STALL_CYCLES_SUM",8723.000000,3248253878730879,3248253878738599
321,321,"Agent 5",1,1196674,1196674,57344,1394,"void gemm_a8w8_mxfp8_scale_4wave_128x128_kernel<opus_gemm_mxscale_bpreshuffle_4wave_128x128_traits_gfx950>(opus_gemm_mxscale_bpreshuffle_kargs_gfx950)",256,105984,0,132,0,112,"OPUS_GFX950_TCP_READ_TAGCONFLICT_STALL_CYCLES_SUM",0.00000000e+00,3248253878730879,3248253878738599
321,321,"Agent 5",1,1196674,1196674,57344,1394,"void gemm_a8w8_mxfp8_scale_4wave_128x128_kernel<opus_gemm_mxscale_bpreshuffle_4wave_128x128_traits_gfx950>(opus_gemm_mxscale_bpreshuffle_kargs_gfx950)",256,105984,0,132,0,112,"OPUS_GFX950_TA_BUFFER_READ_LDS_WAVEFRONTS_SUM",21504.000000,3248253878730879,3248253878738599
321,321,"Agent 5",1,1196674,1196674,57344,1394,"void gemm_a8w8_mxfp8_scale_4wave_128x128_kernel<opus_gemm_mxscale_bpreshuffle_4wave_128x128_traits_gfx950>(opus_gemm_mxscale_bpreshuffle_kargs_gfx950)",256,105984,0,132,0,112,"OPUS_GFX950_TA_BUFFER_READ_WAVEFRONTS_SUM",21952.000000,3248253878730879,3248253878738599
322,322,"Agent 5",1,1196674,1196674,57344,1394,"void gemm_a8w8_mxfp8_scale_4wave_128x128_kernel<opus_gemm_mxscale_bpreshuffle_4wave_128x128_traits_gfx950>(opus_gemm_mxscale_bpreshuffle_kargs_gfx950)",256,105984,0,132,0,112,"OPUS_GFX950_GRBM_COUNT_MAX",36310.000000,3248253879302604,3248253879310244
322,322,"Agent 5",1,1196674,1196674,57344,1394,"void gemm_a8w8_mxfp8_scale_4wave_128x128_kernel<opus_gemm_mxscale_bpreshuffle_4wave_128x128_traits_gfx950>(opus_gemm_mxscale_bpreshuffle_kargs_gfx950)",256,105984,0,132,0,112,"OPUS_GFX950_GRBM_GUI_ACTIVE_MAX",36310.000000,3248253879302604,3248253879310244
322,322,"Agent 5",1,1196674,1196674,57344,1394,"void gemm_a8w8_mxfp8_scale_4wave_128x128_kernel<opus_gemm_mxscale_bpreshuffle_4wave_128x128_traits_gfx950>(opus_gemm_mxscale_bpreshuffle_kargs_gfx950)",256,105984,0,132,0,112,"OPUS_GFX950_SQ_BUSY_CYCLES_SUM",422996.000000,3248253879302604,3248253879310244
322,322,"Agent 5",1,1196674,1196674,57344,1394,"void gemm_a8w8_mxfp8_scale_4wave_128x128_kernel<opus_gemm_mxscale_bpreshuffle_4wave_128x128_traits_gfx950>(opus_gemm_mxscale_bpreshuffle_kargs_gfx950)",256,105984,0,132,0,112,"OPUS_GFX950_TCP_TCP_TA_ADDR_STALL_CYCLES_SUM",80242.000000,3248253879302604,3248253879310244
322,322,"Agent 5",1,1196674,1196674,57344,1394,"void gemm_a8w8_mxfp8_scale_4wave_128x128_kernel<opus_gemm_mxscale_bpreshuffle_4wave_128x128_traits_gfx950>(opus_gemm_mxscale_bpreshuffle_kargs_gfx950)",256,105984,0,132,0,112,"OPUS_GFX950_TCP_GATE_EN1_SUM",4008352.000000,3248253879302604,3248253879310244
322,322,"Agent 5",1,1196674,1196674,57344,1394,"void gemm_a8w8_mxfp8_scale_4wave_128x128_kernel<opus_gemm_mxscale_bpreshuffle_4wave_128x128_traits_gfx950>(opus_gemm_mxscale_bpreshuffle_kargs_gfx950)",256,105984,0,132,0,112,"OPUS_GFX950_SQ_VMEM_TA_ADDR_FIFO_FULL_SUM",37662.000000,3248253879302604,3248253879310244
322,322,"Agent 5",1,1196674,1196674,57344,1394,"void gemm_a8w8_mxfp8_scale_4wave_128x128_kernel<opus_gemm_mxscale_bpreshuffle_4wave_128x128_traits_gfx950>(opus_gemm_mxscale_bpreshuffle_kargs_gfx950)",256,105984,0,132,0,112,"OPUS_GFX950_SQ_LDS_BANK_CONFLICT_SUM",172032.000000,3248253879302604,3248253879310244
322,322,"Agent 5",1,1196674,1196674,57344,1394,"void gemm_a8w8_mxfp8_scale_4wave_128x128_kernel<opus_gemm_mxscale_bpreshuffle_4wave_128x128_traits_gfx950>(opus_gemm_mxscale_bpreshuffle_kargs_gfx950)",256,105984,0,132,0,112,"OPUS_GFX950_SQ_WAIT_INST_LDS_SUM",57936.000000,3248253879302604,3248253879310244
322,322,"Agent 5",1,1196674,1196674,57344,1394,"void gemm_a8w8_mxfp8_scale_4wave_128x128_kernel<opus_gemm_mxscale_bpreshuffle_4wave_128x128_traits_gfx950>(opus_gemm_mxscale_bpreshuffle_kargs_gfx950)",256,105984,0,132,0,112,"OPUS_GFX950_TCP_RFIFO_STALL_CYCLES_SUM",9364.000000,3248253879302604,3248253879310244
322,322,"Agent 5",1,1196674,1196674,57344,1394,"void gemm_a8w8_mxfp8_scale_4wave_128x128_kernel<opus_gemm_mxscale_bpreshuffle_4wave_128x128_traits_gfx950>(opus_gemm_mxscale_bpreshuffle_kargs_gfx950)",256,105984,0,132,0,112,"OPUS_GFX950_TCP_READ_TAGCONFLICT_STALL_CYCLES_SUM",0.00000000e+00,3248253879302604,3248253879310244
322,322,"Agent 5",1,1196674,1196674,57344,1394,"void gemm_a8w8_mxfp8_scale_4wave_128x128_kernel<opus_gemm_mxscale_bpreshuffle_4wave_128x128_traits_gfx950>(opus_gemm_mxscale_bpreshuffle_kargs_gfx950)",256,105984,0,132,0,112,"OPUS_GFX950_TA_BUFFER_READ_LDS_WAVEFRONTS_SUM",21504.000000,3248253879302604,3248253879310244
322,322,"Agent 5",1,1196674,1196674,57344,1394,"void gemm_a8w8_mxfp8_scale_4wave_128x128_kernel<opus_gemm_mxscale_bpreshuffle_4wave_128x128_traits_gfx950>(opus_gemm_mxscale_bpreshuffle_kargs_gfx950)",256,105984,0,132,0,112,"OPUS_GFX950_TA_BUFFER_READ_WAVEFRONTS_SUM",21952.000000,3248253879302604,3248253879310244
323,323,"Agent 5",1,1196674,1196674,57344,1394,"void gemm_a8w8_mxfp8_scale_4wave_128x128_kernel<opus_gemm_mxscale_bpreshuffle_4wave_128x128_traits_gfx950>(opus_gemm_mxscale_bpreshuffle_kargs_gfx950)",256,105984,0,132,0,112,"OPUS_GFX950_GRBM_COUNT_MAX",41589.000000,3248253879924009,3248253879931690
323,323,"Agent 5",1,1196674,1196674,57344,1394,"void gemm_a8w8_mxfp8_scale_4wave_128x128_kernel<opus_gemm_mxscale_bpreshuffle_4wave_128x128_traits_gfx950>(opus_gemm_mxscale_bpreshuffle_kargs_gfx950)",256,105984,0,132,0,112,"OPUS_GFX950_GRBM_GUI_ACTIVE_MAX",41589.000000,3248253879924009,3248253879931690
323,323,"Agent 5",1,1196674,1196674,57344,1394,"void gemm_a8w8_mxfp8_scale_4wave_128x128_kernel<opus_gemm_mxscale_bpreshuffle_4wave_128x128_traits_gfx950>(opus_gemm_mxscale_bpreshuffle_kargs_gfx950)",256,105984,0,132,0,112,"OPUS_GFX950_SQ_BUSY_CYCLES_SUM",429377.000000,3248253879924009,3248253879931690
323,323,"Agent 5",1,1196674,1196674,57344,1394,"void gemm_a8w8_mxfp8_scale_4wave_128x128_kernel<opus_gemm_mxscale_bpreshuffle_4wave_128x128_traits_gfx950>(opus_gemm_mxscale_bpreshuffle_kargs_gfx950)",256,105984,0,132,0,112,"OPUS_GFX950_TCP_TCP_TA_ADDR_STALL_CYCLES_SUM",81245.000000,3248253879924009,3248253879931690
323,323,"Agent 5",1,1196674,1196674,57344,1394,"void gemm_a8w8_mxfp8_scale_4wave_128x128_kernel<opus_gemm_mxscale_bpreshuffle_4wave_128x128_traits_gfx950>(opus_gemm_mxscale_bpreshuffle_kargs_gfx950)",256,105984,0,132,0,112,"OPUS_GFX950_TCP_GATE_EN1_SUM",4059344.000000,3248253879924009,3248253879931690
323,323,"Agent 5",1,1196674,1196674,57344,1394,"void gemm_a8w8_mxfp8_scale_4wave_128x128_kernel<opus_gemm_mxscale_bpreshuffle_4wave_128x128_traits_gfx950>(opus_gemm_mxscale_bpreshuffle_kargs_gfx950)",256,105984,0,132,0,112,"OPUS_GFX950_SQ_VMEM_TA_ADDR_FIFO_FULL_SUM",32375.000000,3248253879924009,3248253879931690
323,323,"Agent 5",1,1196674,1196674,57344,1394,"void gemm_a8w8_mxfp8_scale_4wave_128x128_kernel<opus_gemm_mxscale_bpreshuffle_4wave_128x128_traits_gfx950>(opus_gemm_mxscale_bpreshuffle_kargs_gfx950)",256,105984,0,132,0,112,"OPUS_GFX950_SQ_LDS_BANK_CONFLICT_SUM",172032.000000,3248253879924009,3248253879931690
323,323,"Agent 5",1,1196674,1196674,57344,1394,"void gemm_a8w8_mxfp8_scale_4wave_128x128_kernel<opus_gemm_mxscale_bpreshuffle_4wave_128x128_traits_gfx950>(opus_gemm_mxscale_bpreshuffle_kargs_gfx950)",256,105984,0,132,0,112,"OPUS_GFX950_SQ_WAIT_INST_LDS_SUM",58988.000000,3248253879924009,3248253879931690
323,323,"Agent 5",1,1196674,1196674,57344,1394,"void gemm_a8w8_mxfp8_scale_4wave_128x128_kernel<opus_gemm_mxscale_bpreshuffle_4wave_128x128_traits_gfx950>(opus_gemm_mxscale_bpreshuffle_kargs_gfx950)",256,105984,0,132,0,112,"OPUS_GFX950_TCP_RFIFO_STALL_CYCLES_SUM",5076.000000,3248253879924009,3248253879931690
323,323,"Agent 5",1,1196674,1196674,57344,1394,"void gemm_a8w8_mxfp8_scale_4wave_128x128_kernel<opus_gemm_mxscale_bpreshuffle_4wave_128x128_traits_gfx950>(opus_gemm_mxscale_bpreshuffle_kargs_gfx950)",256,105984,0,132,0,112,"OPUS_GFX950_TCP_READ_TAGCONFLICT_STALL_CYCLES_SUM",0.00000000e+00,3248253879924009,3248253879931690
323,323,"Agent 5",1,1196674,1196674,57344,1394,"void gemm_a8w8_mxfp8_scale_4wave_128x128_kernel<opus_gemm_mxscale_bpreshuffle_4wave_128x128_traits_gfx950>(opus_gemm_mxscale_bpreshuffle_kargs_gfx950)",256,105984,0,132,0,112,"OPUS_GFX950_TA_BUFFER_READ_LDS_WAVEFRONTS_SUM",21504.000000,3248253879924009,3248253879931690
323,323,"Agent 5",1,1196674,1196674,57344,1394,"void gemm_a8w8_mxfp8_scale_4wave_128x128_kernel<opus_gemm_mxscale_bpreshuffle_4wave_128x128_traits_gfx950>(opus_gemm_mxscale_bpreshuffle_kargs_gfx950)",256,105984,0,132,0,112,"OPUS_GFX950_TA_BUFFER_READ_WAVEFRONTS_SUM",21952.000000,3248253879924009,3248253879931690
324,324,"Agent 5",1,1196674,1196674,57344,1394,"void gemm_a8w8_mxfp8_scale_4wave_128x128_kernel<opus_gemm_mxscale_bpreshuffle_4wave_128x128_traits_gfx950>(opus_gemm_mxscale_bpreshuffle_kargs_gfx950)",256,105984,0,132,0,112,"OPUS_GFX950_GRBM_COUNT_MAX",40924.000000,3248253880549655,3248253880557615
324,324,"Agent 5",1,1196674,1196674,57344,1394,"void gemm_a8w8_mxfp8_scale_4wave_128x128_kernel<opus_gemm_mxscale_bpreshuffle_4wave_128x128_traits_gfx950>(opus_gemm_mxscale_bpreshuffle_kargs_gfx950)",256,105984,0,132,0,112,"OPUS_GFX950_GRBM_GUI_ACTIVE_MAX",40924.000000,3248253880549655,3248253880557615
324,324,"Agent 5",1,1196674,1196674,57344,1394,"void gemm_a8w8_mxfp8_scale_4wave_128x128_kernel<opus_gemm_mxscale_bpreshuffle_4wave_128x128_traits_gfx950>(opus_gemm_mxscale_bpreshuffle_kargs_gfx950)",256,105984,0,132,0,112,"OPUS_GFX950_SQ_BUSY_CYCLES_SUM",443708.000000,3248253880549655,3248253880557615
324,324,"Agent 5",1,1196674,1196674,57344,1394,"void gemm_a8w8_mxfp8_scale_4wave_128x128_kernel<opus_gemm_mxscale_bpreshuffle_4wave_128x128_traits_gfx950>(opus_gemm_mxscale_bpreshuffle_kargs_gfx950)",256,105984,0,132,0,112,"OPUS_GFX950_TCP_TCP_TA_ADDR_STALL_CYCLES_SUM",76241.000000,3248253880549655,3248253880557615
324,324,"Agent 5",1,1196674,1196674,57344,1394,"void gemm_a8w8_mxfp8_scale_4wave_128x128_kernel<opus_gemm_mxscale_bpreshuffle_4wave_128x128_traits_gfx950>(opus_gemm_mxscale_bpreshuffle_kargs_gfx950)",256,105984,0,132,0,112,"OPUS_GFX950_TCP_GATE_EN1_SUM",4174088.000000,3248253880549655,3248253880557615
324,324,"Agent 5",1,1196674,1196674,57344,1394,"void gemm_a8w8_mxfp8_scale_4wave_128x128_kernel<opus_gemm_mxscale_bpreshuffle_4wave_128x128_traits_gfx950>(opus_gemm_mxscale_bpreshuffle_kargs_gfx950)",256,105984,0,132,0,112,"OPUS_GFX950_SQ_VMEM_TA_ADDR_FIFO_FULL_SUM",24562.000000,3248253880549655,3248253880557615
324,324,"Agent 5",1,1196674,1196674,57344,1394,"void gemm_a8w8_mxfp8_scale_4wave_128x128_kernel<opus_gemm_mxscale_bpreshuffle_4wave_128x128_traits_gfx950>(opus_gemm_mxscale_bpreshuffle_kargs_gfx950)",256,105984,0,132,0,112,"OPUS_GFX950_SQ_LDS_BANK_CONFLICT_SUM",172032.000000,3248253880549655,3248253880557615
324,324,"Agent 5",1,1196674,1196674,57344,1394,"void gemm_a8w8_mxfp8_scale_4wave_128x128_kernel<opus_gemm_mxscale_bpreshuffle_4wave_128x128_traits_gfx950>(opus_gemm_mxscale_bpreshuffle_kargs_gfx950)",256,105984,0,132,0,112,"OPUS_GFX950_SQ_WAIT_INST_LDS_SUM",58865.000000,3248253880549655,3248253880557615
324,324,"Agent 5",1,1196674,1196674,57344,1394,"void gemm_a8w8_mxfp8_scale_4wave_128x128_kernel<opus_gemm_mxscale_bpreshuffle_4wave_128x128_traits_gfx950>(opus_gemm_mxscale_bpreshuffle_kargs_gfx950)",256,105984,0,132,0,112,"OPUS_GFX950_TCP_RFIFO_STALL_CYCLES_SUM",5750.000000,3248253880549655,3248253880557615
324,324,"Agent 5",1,1196674,1196674,57344,1394,"void gemm_a8w8_mxfp8_scale_4wave_128x128_kernel<opus_gemm_mxscale_bpreshuffle_4wave_128x128_traits_gfx950>(opus_gemm_mxscale_bpreshuffle_kargs_gfx950)",256,105984,0,132,0,112,"OPUS_GFX950_TCP_READ_TAGCONFLICT_STALL_CYCLES_SUM",0.00000000e+00,3248253880549655,3248253880557615
324,324,"Agent 5",1,1196674,1196674,57344,1394,"void gemm_a8w8_mxfp8_scale_4wave_128x128_kernel<opus_gemm_mxscale_bpreshuffle_4wave_128x128_traits_gfx950>(opus_gemm_mxscale_bpreshuffle_kargs_gfx950)",256,105984,0,132,0,112,"OPUS_GFX950_TA_BUFFER_READ_LDS_WAVEFRONTS_SUM",21504.000000,3248253880549655,3248253880557615
324,324,"Agent 5",1,1196674,1196674,57344,1394,"void gemm_a8w8_mxfp8_scale_4wave_128x128_kernel<opus_gemm_mxscale_bpreshuffle_4wave_128x128_traits_gfx950>(opus_gemm_mxscale_bpreshuffle_kargs_gfx950)",256,105984,0,132,0,112,"OPUS_GFX950_TA_BUFFER_READ_WAVEFRONTS_SUM",21952.000000,3248253880549655,3248253880557615
325,325,"Agent 5",1,1196674,1196674,57344,1394,"void gemm_a8w8_mxfp8_scale_4wave_128x128_kernel<opus_gemm_mxscale_bpreshuffle_4wave_128x128_traits_gfx950>(opus_gemm_mxscale_bpreshuffle_kargs_gfx950)",256,105984,0,132,0,112,"OPUS_GFX950_GRBM_COUNT_MAX",46159.000000,3248253881170621,3248253881178541
325,325,"Agent 5",1,1196674,1196674,57344,1394,"void gemm_a8w8_mxfp8_scale_4wave_128x128_kernel<opus_gemm_mxscale_bpreshuffle_4wave_128x128_traits_gfx950>(opus_gemm_mxscale_bpreshuffle_kargs_gfx950)",256,105984,0,132,0,112,"OPUS_GFX950_GRBM_GUI_ACTIVE_MAX",46159.000000,3248253881170621,3248253881178541
325,325,"Agent 5",1,1196674,1196674,57344,1394,"void gemm_a8w8_mxfp8_scale_4wave_128x128_kernel<opus_gemm_mxscale_bpreshuffle_4wave_128x128_traits_gfx950>(opus_gemm_mxscale_bpreshuffle_kargs_gfx950)",256,105984,0,132,0,112,"OPUS_GFX950_SQ_BUSY_CYCLES_SUM",439945.000000,3248253881170621,3248253881178541
325,325,"Agent 5",1,1196674,1196674,57344,1394,"void gemm_a8w8_mxfp8_scale_4wave_128x128_kernel<opus_gemm_mxscale_bpreshuffle_4wave_128x128_traits_gfx950>(opus_gemm_mxscale_bpreshuffle_kargs_gfx950)",256,105984,0,132,0,112,"OPUS_GFX950_TCP_TCP_TA_ADDR_STALL_CYCLES_SUM",64966.000000,3248253881170621,3248253881178541
325,325,"Agent 5",1,1196674,1196674,57344,1394,"void gemm_a8w8_mxfp8_scale_4wave_128x128_kernel<opus_gemm_mxscale_bpreshuffle_4wave_128x128_traits_gfx950>(opus_gemm_mxscale_bpreshuffle_kargs_gfx950)",256,105984,0,132,0,112,"OPUS_GFX950_TCP_GATE_EN1_SUM",4143872.000000,3248253881170621,3248253881178541
325,325,"Agent 5",1,1196674,1196674,57344,1394,"void gemm_a8w8_mxfp8_scale_4wave_128x128_kernel<opus_gemm_mxscale_bpreshuffle_4wave_128x128_traits_gfx950>(opus_gemm_mxscale_bpreshuffle_kargs_gfx950)",256,105984,0,132,0,112,"OPUS_GFX950_SQ_VMEM_TA_ADDR_FIFO_FULL_SUM",32694.000000,3248253881170621,3248253881178541
325,325,"Agent 5",1,1196674,1196674,57344,1394,"void gemm_a8w8_mxfp8_scale_4wave_128x128_kernel<opus_gemm_mxscale_bpreshuffle_4wave_128x128_traits_gfx950>(opus_gemm_mxscale_bpreshuffle_kargs_gfx950)",256,105984,0,132,0,112,"OPUS_GFX950_SQ_LDS_BANK_CONFLICT_SUM",172032.000000,3248253881170621,3248253881178541
325,325,"Agent 5",1,1196674,1196674,57344,1394,"void gemm_a8w8_mxfp8_scale_4wave_128x128_kernel<opus_gemm_mxscale_bpreshuffle_4wave_128x128_traits_gfx950>(opus_gemm_mxscale_bpreshuffle_kargs_gfx950)",256,105984,0,132,0,112,"OPUS_GFX950_SQ_WAIT_INST_LDS_SUM",57969.000000,3248253881170621,3248253881178541
325,325,"Agent 5",1,1196674,1196674,57344,1394,"void gemm_a8w8_mxfp8_scale_4wave_128x128_kernel<opus_gemm_mxscale_bpreshuffle_4wave_128x128_traits_gfx950>(opus_gemm_mxscale_bpreshuffle_kargs_gfx950)",256,105984,0,132,0,112,"OPUS_GFX950_TCP_RFIFO_STALL_CYCLES_SUM",6550.000000,3248253881170621,3248253881178541
325,325,"Agent 5",1,1196674,1196674,57344,1394,"void gemm_a8w8_mxfp8_scale_4wave_128x128_kernel<opus_gemm_mxscale_bpreshuffle_4wave_128x128_traits_gfx950>(opus_gemm_mxscale_bpreshuffle_kargs_gfx950)",256,105984,0,132,0,112,"OPUS_GFX950_TCP_READ_TAGCONFLICT_STALL_CYCLES_SUM",0.00000000e+00,3248253881170621,3248253881178541
325,325,"Agent 5",1,1196674,1196674,57344,1394,"void gemm_a8w8_mxfp8_scale_4wave_128x128_kernel<opus_gemm_mxscale_bpreshuffle_4wave_128x128_traits_gfx950>(opus_gemm_mxscale_bpreshuffle_kargs_gfx950)",256,105984,0,132,0,112,"OPUS_GFX950_TA_BUFFER_READ_LDS_WAVEFRONTS_SUM",21504.000000,3248253881170621,3248253881178541
325,325,"Agent 5",1,1196674,1196674,57344,1394,"void gemm_a8w8_mxfp8_scale_4wave_128x128_kernel<opus_gemm_mxscale_bpreshuffle_4wave_128x128_traits_gfx950>(opus_gemm_mxscale_bpreshuffle_kargs_gfx950)",256,105984,0,132,0,112,"OPUS_GFX950_TA_BUFFER_READ_WAVEFRONTS_SUM",21952.000000,3248253881170621,3248253881178541
326,326,"Agent 5",1,1196674,1196674,57344,1394,"void gemm_a8w8_mxfp8_scale_4wave_128x128_kernel<opus_gemm_mxscale_bpreshuffle_4wave_128x128_traits_gfx950>(opus_gemm_mxscale_bpreshuffle_kargs_gfx950)",256,105984,0,132,0,112,"OPUS_GFX950_GRBM_COUNT_MAX",38213.000000,3248253881735146,3248253881742826
326,326,"Agent 5",1,1196674,1196674,57344,1394,"void gemm_a8w8_mxfp8_scale_4wave_128x128_kernel<opus_gemm_mxscale_bpreshuffle_4wave_128x128_traits_gfx950>(opus_gemm_mxscale_bpreshuffle_kargs_gfx950)",256,105984,0,132,0,112,"OPUS_GFX950_GRBM_GUI_ACTIVE_MAX",38213.000000,3248253881735146,3248253881742826
326,326,"Agent 5",1,1196674,1196674,57344,1394,"void gemm_a8w8_mxfp8_scale_4wave_128x128_kernel<opus_gemm_mxscale_bpreshuffle_4wave_128x128_traits_gfx950>(opus_gemm_mxscale_bpreshuffle_kargs_gfx950)",256,105984,0,132,0,112,"OPUS_GFX950_SQ_BUSY_CYCLES_SUM",425043.000000,3248253881735146,3248253881742826
326,326,"Agent 5",1,1196674,1196674,57344,1394,"void gemm_a8w8_mxfp8_scale_4wave_128x128_kernel<opus_gemm_mxscale_bpreshuffle_4wave_128x128_traits_gfx950>(opus_gemm_mxscale_bpreshuffle_kargs_gfx950)",256,105984,0,132,0,112,"OPUS_GFX950_TCP_TCP_TA_ADDR_STALL_CYCLES_SUM",75559.000000,3248253881735146,3248253881742826
326,326,"Agent 5",1,1196674,1196674,57344,1394,"void gemm_a8w8_mxfp8_scale_4wave_128x128_kernel<opus_gemm_mxscale_bpreshuffle_4wave_128x128_traits_gfx950>(opus_gemm_mxscale_bpreshuffle_kargs_gfx950)",256,105984,0,132,0,112,"OPUS_GFX950_TCP_GATE_EN1_SUM",4024624.000000,3248253881735146,3248253881742826
326,326,"Agent 5",1,1196674,1196674,57344,1394,"void gemm_a8w8_mxfp8_scale_4wave_128x128_kernel<opus_gemm_mxscale_bpreshuffle_4wave_128x128_traits_gfx950>(opus_gemm_mxscale_bpreshuffle_kargs_gfx950)",256,105984,0,132,0,112,"OPUS_GFX950_SQ_VMEM_TA_ADDR_FIFO_FULL_SUM",30816.000000,3248253881735146,3248253881742826
326,326,"Agent 5",1,1196674,1196674,57344,1394,"void gemm_a8w8_mxfp8_scale_4wave_128x128_kernel<opus_gemm_mxscale_bpreshuffle_4wave_128x128_traits_gfx950>(opus_gemm_mxscale_bpreshuffle_kargs_gfx950)",256,105984,0,132,0,112,"OPUS_GFX950_SQ_LDS_BANK_CONFLICT_SUM",172032.000000,3248253881735146,3248253881742826
326,326,"Agent 5",1,1196674,1196674,57344,1394,"void gemm_a8w8_mxfp8_scale_4wave_128x128_kernel<opus_gemm_mxscale_bpreshuffle_4wave_128x128_traits_gfx950>(opus_gemm_mxscale_bpreshuffle_kargs_gfx950)",256,105984,0,132,0,112,"OPUS_GFX950_SQ_WAIT_INST_LDS_SUM",58487.000000,3248253881735146,3248253881742826
326,326,"Agent 5",1,1196674,1196674,57344,1394,"void gemm_a8w8_mxfp8_scale_4wave_128x128_kernel<opus_gemm_mxscale_bpreshuffle_4wave_128x128_traits_gfx950>(opus_gemm_mxscale_bpreshuffle_kargs_gfx950)",256,105984,0,132,0,112,"OPUS_GFX950_TCP_RFIFO_STALL_CYCLES_SUM",7228.000000,3248253881735146,3248253881742826
326,326,"Agent 5",1,1196674,1196674,57344,1394,"void gemm_a8w8_mxfp8_scale_4wave_128x128_kernel<opus_gemm_mxscale_bpreshuffle_4wave_128x128_traits_gfx950>(opus_gemm_mxscale_bpreshuffle_kargs_gfx950)",256,105984,0,132,0,112,"OPUS_GFX950_TCP_READ_TAGCONFLICT_STALL_CYCLES_SUM",0.00000000e+00,3248253881735146,3248253881742826
326,326,"Agent 5",1,1196674,1196674,57344,1394,"void gemm_a8w8_mxfp8_scale_4wave_128x128_kernel<opus_gemm_mxscale_bpreshuffle_4wave_128x128_traits_gfx950>(opus_gemm_mxscale_bpreshuffle_kargs_gfx950)",256,105984,0,132,0,112,"OPUS_GFX950_TA_BUFFER_READ_LDS_WAVEFRONTS_SUM",21504.000000,3248253881735146,3248253881742826
326,326,"Agent 5",1,1196674,1196674,57344,1394,"void gemm_a8w8_mxfp8_scale_4wave_128x128_kernel<opus_gemm_mxscale_bpreshuffle_4wave_128x128_traits_gfx950>(opus_gemm_mxscale_bpreshuffle_kargs_gfx950)",256,105984,0,132,0,112,"OPUS_GFX950_TA_BUFFER_READ_WAVEFRONTS_SUM",21952.000000,3248253881735146,3248253881742826
327,327,"Agent 5",1,1196674,1196674,57344,1394,"void gemm_a8w8_mxfp8_scale_4wave_128x128_kernel<opus_gemm_mxscale_bpreshuffle_4wave_128x128_traits_gfx950>(opus_gemm_mxscale_bpreshuffle_kargs_gfx950)",256,105984,0,132,0,112,"OPUS_GFX950_GRBM_COUNT_MAX",38878.000000,3248253882363552,3248253882371192
327,327,"Agent 5",1,1196674,1196674,57344,1394,"void gemm_a8w8_mxfp8_scale_4wave_128x128_kernel<opus_gemm_mxscale_bpreshuffle_4wave_128x128_traits_gfx950>(opus_gemm_mxscale_bpreshuffle_kargs_gfx950)",256,105984,0,132,0,112,"OPUS_GFX950_GRBM_GUI_ACTIVE_MAX",38878.000000,3248253882363552,3248253882371192
327,327,"Agent 5",1,1196674,1196674,57344,1394,"void gemm_a8w8_mxfp8_scale_4wave_128x128_kernel<opus_gemm_mxscale_bpreshuffle_4wave_128x128_traits_gfx950>(opus_gemm_mxscale_bpreshuffle_kargs_gfx950)",256,105984,0,132,0,112,"OPUS_GFX950_SQ_BUSY_CYCLES_SUM",421865.000000,3248253882363552,3248253882371192
327,327,"Agent 5",1,1196674,1196674,57344,1394,"void gemm_a8w8_mxfp8_scale_4wave_128x128_kernel<opus_gemm_mxscale_bpreshuffle_4wave_128x128_traits_gfx950>(opus_gemm_mxscale_bpreshuffle_kargs_gfx950)",256,105984,0,132,0,112,"OPUS_GFX950_TCP_TCP_TA_ADDR_STALL_CYCLES_SUM",76699.000000,3248253882363552,3248253882371192
327,327,"Agent 5",1,1196674,1196674,57344,1394,"void gemm_a8w8_mxfp8_scale_4wave_128x128_kernel<opus_gemm_mxscale_bpreshuffle_4wave_128x128_traits_gfx950>(opus_gemm_mxscale_bpreshuffle_kargs_gfx950)",256,105984,0,132,0,112,"OPUS_GFX950_TCP_GATE_EN1_SUM",3999488.000000,3248253882363552,3248253882371192
327,327,"Agent 5",1,1196674,1196674,57344,1394,"void gemm_a8w8_mxfp8_scale_4wave_128x128_kernel<opus_gemm_mxscale_bpreshuffle_4wave_128x128_traits_gfx950>(opus_gemm_mxscale_bpreshuffle_kargs_gfx950)",256,105984,0,132,0,112,"OPUS_GFX950_SQ_VMEM_TA_ADDR_FIFO_FULL_SUM",33044.000000,3248253882363552,3248253882371192
327,327,"Agent 5",1,1196674,1196674,57344,1394,"void gemm_a8w8_mxfp8_scale_4wave_128x128_kernel<opus_gemm_mxscale_bpreshuffle_4wave_128x128_traits_gfx950>(opus_gemm_mxscale_bpreshuffle_kargs_gfx950)",256,105984,0,132,0,112,"OPUS_GFX950_SQ_LDS_BANK_CONFLICT_SUM",172032.000000,3248253882363552,3248253882371192
327,327,"Agent 5",1,1196674,1196674,57344,1394,"void gemm_a8w8_mxfp8_scale_4wave_128x128_kernel<opus_gemm_mxscale_bpreshuffle_4wave_128x128_traits_gfx950>(opus_gemm_mxscale_bpreshuffle_kargs_gfx950)",256,105984,0,132,0,112,"OPUS_GFX950_SQ_WAIT_INST_LDS_SUM",58445.000000,3248253882363552,3248253882371192
327,327,"Agent 5",1,1196674,1196674,57344,1394,"void gemm_a8w8_mxfp8_scale_4wave_128x128_kernel<opus_gemm_mxscale_bpreshuffle_4wave_128x128_traits_gfx950>(opus_gemm_mxscale_bpreshuffle_kargs_gfx950)",256,105984,0,132,0,112,"OPUS_GFX950_TCP_RFIFO_STALL_CYCLES_SUM",6680.000000,3248253882363552,3248253882371192
327,327,"Agent 5",1,1196674,1196674,57344,1394,"void gemm_a8w8_mxfp8_scale_4wave_128x128_kernel<opus_gemm_mxscale_bpreshuffle_4wave_128x128_traits_gfx950>(opus_gemm_mxscale_bpreshuffle_kargs_gfx950)",256,105984,0,132,0,112,"OPUS_GFX950_TCP_READ_TAGCONFLICT_STALL_CYCLES_SUM",0.00000000e+00,3248253882363552,3248253882371192
327,327,"Agent 5",1,1196674,1196674,57344,1394,"void gemm_a8w8_mxfp8_scale_4wave_128x128_kernel<opus_gemm_mxscale_bpreshuffle_4wave_128x128_traits_gfx950>(opus_gemm_mxscale_bpreshuffle_kargs_gfx950)",256,105984,0,132,0,112,"OPUS_GFX950_TA_BUFFER_READ_LDS_WAVEFRONTS_SUM",21504.000000,3248253882363552,3248253882371192
327,327,"Agent 5",1,1196674,1196674,57344,1394,"void gemm_a8w8_mxfp8_scale_4wave_128x128_kernel<opus_gemm_mxscale_bpreshuffle_4wave_128x128_traits_gfx950>(opus_gemm_mxscale_bpreshuffle_kargs_gfx950)",256,105984,0,132,0,112,"OPUS_GFX950_TA_BUFFER_READ_WAVEFRONTS_SUM",21952.000000,3248253882363552,3248253882371192
328,328,"Agent 5",1,1196674,1196674,57344,1394,"void gemm_a8w8_mxfp8_scale_4wave_128x128_kernel<opus_gemm_mxscale_bpreshuffle_4wave_128x128_traits_gfx950>(opus_gemm_mxscale_bpreshuffle_kargs_gfx950)",256,105984,0,132,0,112,"OPUS_GFX950_GRBM_COUNT_MAX",38823.000000,3248253882993197,3248253883000998
328,328,"Agent 5",1,1196674,1196674,57344,1394,"void gemm_a8w8_mxfp8_scale_4wave_128x128_kernel<opus_gemm_mxscale_bpreshuffle_4wave_128x128_traits_gfx950>(opus_gemm_mxscale_bpreshuffle_kargs_gfx950)",256,105984,0,132,0,112,"OPUS_GFX950_GRBM_GUI_ACTIVE_MAX",38823.000000,3248253882993197,3248253883000998
328,328,"Agent 5",1,1196674,1196674,57344,1394,"void gemm_a8w8_mxfp8_scale_4wave_128x128_kernel<opus_gemm_mxscale_bpreshuffle_4wave_128x128_traits_gfx950>(opus_gemm_mxscale_bpreshuffle_kargs_gfx950)",256,105984,0,132,0,112,"OPUS_GFX950_SQ_BUSY_CYCLES_SUM",432803.000000,3248253882993197,3248253883000998
328,328,"Agent 5",1,1196674,1196674,57344,1394,"void gemm_a8w8_mxfp8_scale_4wave_128x128_kernel<opus_gemm_mxscale_bpreshuffle_4wave_128x128_traits_gfx950>(opus_gemm_mxscale_bpreshuffle_kargs_gfx950)",256,105984,0,132,0,112,"OPUS_GFX950_TCP_TCP_TA_ADDR_STALL_CYCLES_SUM",60005.000000,3248253882993197,3248253883000998
328,328,"Agent 5",1,1196674,1196674,57344,1394,"void gemm_a8w8_mxfp8_scale_4wave_128x128_kernel<opus_gemm_mxscale_bpreshuffle_4wave_128x128_traits_gfx950>(opus_gemm_mxscale_bpreshuffle_kargs_gfx950)",256,105984,0,132,0,112,"OPUS_GFX950_TCP_GATE_EN1_SUM",4087056.000000,3248253882993197,3248253883000998
328,328,"Agent 5",1,1196674,1196674,57344,1394,"void gemm_a8w8_mxfp8_scale_4wave_128x128_kernel<opus_gemm_mxscale_bpreshuffle_4wave_128x128_traits_gfx950>(opus_gemm_mxscale_bpreshuffle_kargs_gfx950)",256,105984,0,132,0,112,"OPUS_GFX950_SQ_VMEM_TA_ADDR_FIFO_FULL_SUM",39899.000000,3248253882993197,3248253883000998
328,328,"Agent 5",1,1196674,1196674,57344,1394,"void gemm_a8w8_mxfp8_scale_4wave_128x128_kernel<opus_gemm_mxscale_bpreshuffle_4wave_128x128_traits_gfx950>(opus_gemm_mxscale_bpreshuffle_kargs_gfx950)",256,105984,0,132,0,112,"OPUS_GFX950_SQ_LDS_BANK_CONFLICT_SUM",172032.000000,3248253882993197,3248253883000998
328,328,"Agent 5",1,1196674,1196674,57344,1394,"void gemm_a8w8_mxfp8_scale_4wave_128x128_kernel<opus_gemm_mxscale_bpreshuffle_4wave_128x128_traits_gfx950>(opus_gemm_mxscale_bpreshuffle_kargs_gfx950)",256,105984,0,132,0,112,"OPUS_GFX950_SQ_WAIT_INST_LDS_SUM",58400.000000,3248253882993197,3248253883000998
328,328,"Agent 5",1,1196674,1196674,57344,1394,"void gemm_a8w8_mxfp8_scale_4wave_128x128_kernel<opus_gemm_mxscale_bpreshuffle_4wave_128x128_traits_gfx950>(opus_gemm_mxscale_bpreshuffle_kargs_gfx950)",256,105984,0,132,0,112,"OPUS_GFX950_TCP_RFIFO_STALL_CYCLES_SUM",9986.000000,3248253882993197,3248253883000998
328,328,"Agent 5",1,1196674,1196674,57344,1394,"void gemm_a8w8_mxfp8_scale_4wave_128x128_kernel<opus_gemm_mxscale_bpreshuffle_4wave_128x128_traits_gfx950>(opus_gemm_mxscale_bpreshuffle_kargs_gfx950)",256,105984,0,132,0,112,"OPUS_GFX950_TCP_READ_TAGCONFLICT_STALL_CYCLES_SUM",0.00000000e+00,3248253882993197,3248253883000998
328,328,"Agent 5",1,1196674,1196674,57344,1394,"void gemm_a8w8_mxfp8_scale_4wave_128x128_kernel<opus_gemm_mxscale_bpreshuffle_4wave_128x128_traits_gfx950>(opus_gemm_mxscale_bpreshuffle_kargs_gfx950)",256,105984,0,132,0,112,"OPUS_GFX950_TA_BUFFER_READ_LDS_WAVEFRONTS_SUM",21504.000000,3248253882993197,3248253883000998
328,328,"Agent 5",1,1196674,1196674,57344,1394,"void gemm_a8w8_mxfp8_scale_4wave_128x128_kernel<opus_gemm_mxscale_bpreshuffle_4wave_128x128_traits_gfx950>(opus_gemm_mxscale_bpreshuffle_kargs_gfx950)",256,105984,0,132,0,112,"OPUS_GFX950_TA_BUFFER_READ_WAVEFRONTS_SUM",21952.000000,3248253882993197,3248253883000998
329,329,"Agent 5",1,1196674,1196674,57344,1394,"void gemm_a8w8_mxfp8_scale_4wave_128x128_kernel<opus_gemm_mxscale_bpreshuffle_4wave_128x128_traits_gfx950>(opus_gemm_mxscale_bpreshuffle_kargs_gfx950)",256,105984,0,132,0,112,"OPUS_GFX950_GRBM_COUNT_MAX",40030.000000,3248253883615323,3248253883623243
329,329,"Agent 5",1,1196674,1196674,57344,1394,"void gemm_a8w8_mxfp8_scale_4wave_128x128_kernel<opus_gemm_mxscale_bpreshuffle_4wave_128x128_traits_gfx950>(opus_gemm_mxscale_bpreshuffle_kargs_gfx950)",256,105984,0,132,0,112,"OPUS_GFX950_GRBM_GUI_ACTIVE_MAX",40030.000000,3248253883615323,3248253883623243
329,329,"Agent 5",1,1196674,1196674,57344,1394,"void gemm_a8w8_mxfp8_scale_4wave_128x128_kernel<opus_gemm_mxscale_bpreshuffle_4wave_128x128_traits_gfx950>(opus_gemm_mxscale_bpreshuffle_kargs_gfx950)",256,105984,0,132,0,112,"OPUS_GFX950_SQ_BUSY_CYCLES_SUM",441437.000000,3248253883615323,3248253883623243
329,329,"Agent 5",1,1196674,1196674,57344,1394,"void gemm_a8w8_mxfp8_scale_4wave_128x128_kernel<opus_gemm_mxscale_bpreshuffle_4wave_128x128_traits_gfx950>(opus_gemm_mxscale_bpreshuffle_kargs_gfx950)",256,105984,0,132,0,112,"OPUS_GFX950_TCP_TCP_TA_ADDR_STALL_CYCLES_SUM",67105.000000,3248253883615323,3248253883623243
329,329,"Agent 5",1,1196674,1196674,57344,1394,"void gemm_a8w8_mxfp8_scale_4wave_128x128_kernel<opus_gemm_mxscale_bpreshuffle_4wave_128x128_traits_gfx950>(opus_gemm_mxscale_bpreshuffle_kargs_gfx950)",256,105984,0,132,0,112,"OPUS_GFX950_TCP_GATE_EN1_SUM",4155944.000000,3248253883615323,3248253883623243
329,329,"Agent 5",1,1196674,1196674,57344,1394,"void gemm_a8w8_mxfp8_scale_4wave_128x128_kernel<opus_gemm_mxscale_bpreshuffle_4wave_128x128_traits_gfx950>(opus_gemm_mxscale_bpreshuffle_kargs_gfx950)",256,105984,0,132,0,112,"OPUS_GFX950_SQ_VMEM_TA_ADDR_FIFO_FULL_SUM",36395.000000,3248253883615323,3248253883623243
329,329,"Agent 5",1,1196674,1196674,57344,1394,"void gemm_a8w8_mxfp8_scale_4wave_128x128_kernel<opus_gemm_mxscale_bpreshuffle_4wave_128x128_traits_gfx950>(opus_gemm_mxscale_bpreshuffle_kargs_gfx950)",256,105984,0,132,0,112,"OPUS_GFX950_SQ_LDS_BANK_CONFLICT_SUM",172032.000000,3248253883615323,3248253883623243
329,329,"Agent 5",1,1196674,1196674,57344,1394,"void gemm_a8w8_mxfp8_scale_4wave_128x128_kernel<opus_gemm_mxscale_bpreshuffle_4wave_128x128_traits_gfx950>(opus_gemm_mxscale_bpreshuffle_kargs_gfx950)",256,105984,0,132,0,112,"OPUS_GFX950_SQ_WAIT_INST_LDS_SUM",58590.000000,3248253883615323,3248253883623243
329,329,"Agent 5",1,1196674,1196674,57344,1394,"void gemm_a8w8_mxfp8_scale_4wave_128x128_kernel<opus_gemm_mxscale_bpreshuffle_4wave_128x128_traits_gfx950>(opus_gemm_mxscale_bpreshuffle_kargs_gfx950)",256,105984,0,132,0,112,"OPUS_GFX950_TCP_RFIFO_STALL_CYCLES_SUM",7564.000000,3248253883615323,3248253883623243
329,329,"Agent 5",1,1196674,1196674,57344,1394,"void gemm_a8w8_mxfp8_scale_4wave_128x128_kernel<opus_gemm_mxscale_bpreshuffle_4wave_128x128_traits_gfx950>(opus_gemm_mxscale_bpreshuffle_kargs_gfx950)",256,105984,0,132,0,112,"OPUS_GFX950_TCP_READ_TAGCONFLICT_STALL_CYCLES_SUM",0.00000000e+00,3248253883615323,3248253883623243
329,329,"Agent 5",1,1196674,1196674,57344,1394,"void gemm_a8w8_mxfp8_scale_4wave_128x128_kernel<opus_gemm_mxscale_bpreshuffle_4wave_128x128_traits_gfx950>(opus_gemm_mxscale_bpreshuffle_kargs_gfx950)",256,105984,0,132,0,112,"OPUS_GFX950_TA_BUFFER_READ_LDS_WAVEFRONTS_SUM",21504.000000,3248253883615323,3248253883623243
329,329,"Agent 5",1,1196674,1196674,57344,1394,"void gemm_a8w8_mxfp8_scale_4wave_128x128_kernel<opus_gemm_mxscale_bpreshuffle_4wave_128x128_traits_gfx950>(opus_gemm_mxscale_bpreshuffle_kargs_gfx950)",256,105984,0,132,0,112,"OPUS_GFX950_TA_BUFFER_READ_WAVEFRONTS_SUM",21952.000000,3248253883615323,3248253883623243
330,330,"Agent 5",1,1196674,1196674,57344,1394,"void gemm_a8w8_mxfp8_scale_4wave_128x128_kernel<opus_gemm_mxscale_bpreshuffle_4wave_128x128_traits_gfx950>(opus_gemm_mxscale_bpreshuffle_kargs_gfx950)",256,105984,0,132,0,112,"OPUS_GFX950_GRBM_COUNT_MAX",36310.000000,3248253884268409,3248253884276089
330,330,"Agent 5",1,1196674,1196674,57344,1394,"void gemm_a8w8_mxfp8_scale_4wave_128x128_kernel<opus_gemm_mxscale_bpreshuffle_4wave_128x128_traits_gfx950>(opus_gemm_mxscale_bpreshuffle_kargs_gfx950)",256,105984,0,132,0,112,"OPUS_GFX950_GRBM_GUI_ACTIVE_MAX",36310.000000,3248253884268409,3248253884276089
330,330,"Agent 5",1,1196674,1196674,57344,1394,"void gemm_a8w8_mxfp8_scale_4wave_128x128_kernel<opus_gemm_mxscale_bpreshuffle_4wave_128x128_traits_gfx950>(opus_gemm_mxscale_bpreshuffle_kargs_gfx950)",256,105984,0,132,0,112,"OPUS_GFX950_SQ_BUSY_CYCLES_SUM",439513.000000,3248253884268409,3248253884276089
330,330,"Agent 5",1,1196674,1196674,57344,1394,"void gemm_a8w8_mxfp8_scale_4wave_128x128_kernel<opus_gemm_mxscale_bpreshuffle_4wave_128x128_traits_gfx950>(opus_gemm_mxscale_bpreshuffle_kargs_gfx950)",256,105984,0,132,0,112,"OPUS_GFX950_TCP_TCP_TA_ADDR_STALL_CYCLES_SUM",80987.000000,3248253884268409,3248253884276089
330,330,"Agent 5",1,1196674,1196674,57344,1394,"void gemm_a8w8_mxfp8_scale_4wave_128x128_kernel<opus_gemm_mxscale_bpreshuffle_4wave_128x128_traits_gfx950>(opus_gemm_mxscale_bpreshuffle_kargs_gfx950)",256,105984,0,132,0,112,"OPUS_GFX950_TCP_GATE_EN1_SUM",4140720.000000,3248253884268409,3248253884276089
330,330,"Agent 5",1,1196674,1196674,57344,1394,"void gemm_a8w8_mxfp8_scale_4wave_128x128_kernel<opus_gemm_mxscale_bpreshuffle_4wave_128x128_traits_gfx950>(opus_gemm_mxscale_bpreshuffle_kargs_gfx950)",256,105984,0,132,0,112,"OPUS_GFX950_SQ_VMEM_TA_ADDR_FIFO_FULL_SUM",64064.000000,3248253884268409,3248253884276089
330,330,"Agent 5",1,1196674,1196674,57344,1394,"void gemm_a8w8_mxfp8_scale_4wave_128x128_kernel<opus_gemm_mxscale_bpreshuffle_4wave_128x128_traits_gfx950>(opus_gemm_mxscale_bpreshuffle_kargs_gfx950)",256,105984,0,132,0,112,"OPUS_GFX950_SQ_LDS_BANK_CONFLICT_SUM",172032.000000,3248253884268409,3248253884276089
330,330,"Agent 5",1,1196674,1196674,57344,1394,"void gemm_a8w8_mxfp8_scale_4wave_128x128_kernel<opus_gemm_mxscale_bpreshuffle_4wave_128x128_traits_gfx950>(opus_gemm_mxscale_bpreshuffle_kargs_gfx950)",256,105984,0,132,0,112,"OPUS_GFX950_SQ_WAIT_INST_LDS_SUM",58428.000000,3248253884268409,3248253884276089
330,330,"Agent 5",1,1196674,1196674,57344,1394,"void gemm_a8w8_mxfp8_scale_4wave_128x128_kernel<opus_gemm_mxscale_bpreshuffle_4wave_128x128_traits_gfx950>(opus_gemm_mxscale_bpreshuffle_kargs_gfx950)",256,105984,0,132,0,112,"OPUS_GFX950_TCP_RFIFO_STALL_CYCLES_SUM",12104.000000,3248253884268409,3248253884276089
330,330,"Agent 5",1,1196674,1196674,57344,1394,"void gemm_a8w8_mxfp8_scale_4wave_128x128_kernel<opus_gemm_mxscale_bpreshuffle_4wave_128x128_traits_gfx950>(opus_gemm_mxscale_bpreshuffle_kargs_gfx950)",256,105984,0,132,0,112,"OPUS_GFX950_TCP_READ_TAGCONFLICT_STALL_CYCLES_SUM",0.00000000e+00,3248253884268409,3248253884276089
330,330,"Agent 5",1,1196674,1196674,57344,1394,"void gemm_a8w8_mxfp8_scale_4wave_128x128_kernel<opus_gemm_mxscale_bpreshuffle_4wave_128x128_traits_gfx950>(opus_gemm_mxscale_bpreshuffle_kargs_gfx950)",256,105984,0,132,0,112,"OPUS_GFX950_TA_BUFFER_READ_LDS_WAVEFRONTS_SUM",21504.000000,3248253884268409,3248253884276089
330,330,"Agent 5",1,1196674,1196674,57344,1394,"void gemm_a8w8_mxfp8_scale_4wave_128x128_kernel<opus_gemm_mxscale_bpreshuffle_4wave_128x128_traits_gfx950>(opus_gemm_mxscale_bpreshuffle_kargs_gfx950)",256,105984,0,132,0,112,"OPUS_GFX950_TA_BUFFER_READ_WAVEFRONTS_SUM",21952.000000,3248253884268409,3248253884276089
