gfx,cu_num,M,N,K,libtype,kernelId,splitK,us,kernelName,tflops,bw,errRatio
gfx950,256,1,768,7168,ck,7,0,14.5012,a8w8_blockscale_bpreshuffle_1x128x128_256x16x64x256_16x16_16x16_16x16x1_16x16x1_1x16x1x16_4_1x1_intrawave_v1,0.76,380.23,0.0
gfx950,256,1,2048,7168,ck,7,0,15.9887,a8w8_blockscale_bpreshuffle_1x128x128_256x16x64x256_16x16_16x16_16x16x1_16x16x1_1x16x1x16_4_1x1_intrawave_v1,1.84,918.86,0.0
gfx950,256,1,6144,7168,ck,7,0,16.0696,a8w8_blockscale_bpreshuffle_1x128x128_256x16x64x256_16x16_16x16_16x16x1_16x16x1_1x16x1x16_4_1x1_intrawave_v1,5.48,2741.8,0.0
gfx950,256,1,7168,384,ck,5,0,3.2729,a8w8_blockscale_bpreshuffle_1x128x128_256x16x64x128_8x16_16x16_16x16x1_8x32x1_1x16x1x16_4_1x1_intrawave_v1,1.68,845.5,0.0
gfx950,256,1,7168,768,ck,7,0,4.9881,a8w8_blockscale_bpreshuffle_1x128x128_256x16x64x256_16x16_16x16_16x16x1_16x16x1_1x16x1x16_4_1x1_intrawave_v1,2.21,1106.66,0.0
gfx950,256,1,7168,1024,ck,7,0,5.6879,a8w8_blockscale_bpreshuffle_1x128x128_256x16x64x256_16x16_16x16_16x16x1_16x16x1_1x16x1x16_4_1x1_intrawave_v1,2.58,1293.16,0.0
gfx950,256,1,7168,3072,ck,7,0,8.7319,a8w8_blockscale_bpreshuffle_1x128x128_256x16x64x256_16x16_16x16_16x16x1_16x16x1_1x16x1x16_4_1x1_intrawave_v1,5.04,2523.79,0.0
gfx950,256,1,7168,7168,ck,7,0,16.3835,a8w8_blockscale_bpreshuffle_1x128x128_256x16x64x256_16x16_16x16_16x16x1_16x16x1_1x16x1x16_4_1x1_intrawave_v1,6.27,3137.41,0.0
gfx950,256,1,7168,16384,ck,7,0,34.2835,a8w8_blockscale_bpreshuffle_1x128x128_256x16x64x256_16x16_16x16_16x16x1_16x16x1_1x16x1x16_4_1x1_intrawave_v1,6.85,3426.47,0.0
gfx950,256,1,16384,1536,ck,7,0,6.9006,a8w8_blockscale_bpreshuffle_1x128x128_256x16x64x256_16x16_16x16_16x16x1_16x16x1_1x16x1x16_4_1x1_intrawave_v1,7.29,3651.87,0.0
gfx950,256,1,65536,1536,ck,6,0,17.9717,a8w8_blockscale_bpreshuffle_1x128x128_256x16x128x256_16x16_16x16_16x16x1_16x16x1_1x16x1x16_8_1x2_intrawave_v1,11.2,5608.59,0.0
gfx950,256,2,768,7168,ck,7,0,15.1078,a8w8_blockscale_bpreshuffle_1x128x128_256x16x64x256_16x16_16x16_16x16x1_16x16x1_1x16x1x16_4_1x1_intrawave_v1,1.46,365.54,0.0
gfx950,256,2,2048,7168,ck,7,0,15.9335,a8w8_blockscale_bpreshuffle_1x128x128_256x16x64x256_16x16_16x16_16x16x1_16x16x1_1x16x1x16_4_1x1_intrawave_v1,3.69,922.75,0.0
gfx950,256,2,6144,7168,ck,7,0,16.131,a8w8_blockscale_bpreshuffle_1x128x128_256x16x64x256_16x16_16x16_16x16x1_16x16x1_1x16x1x16_4_1x1_intrawave_v1,10.92,2732.57,0.0
gfx950,256,2,7168,384,ck,5,0,3.8651,a8w8_blockscale_bpreshuffle_1x128x128_256x16x64x128_8x16_16x16_16x16x1_8x32x1_1x16x1x16_4_1x1_intrawave_v1,2.85,719.76,0.0
gfx950,256,2,7168,768,ck,7,0,5.0424,a8w8_blockscale_bpreshuffle_1x128x128_256x16x64x256_16x16_16x16_16x16x1_16x16x1_1x16x1x16_4_1x1_intrawave_v1,4.37,1097.74,0.0
gfx950,256,2,7168,1024,ck,7,0,5.6599,a8w8_blockscale_bpreshuffle_1x128x128_256x16x64x256_16x16_16x16_16x16x1_16x16x1_1x16x1x16_4_1x1_intrawave_v1,5.19,1302.28,0.0
gfx950,256,2,7168,3072,ck,7,0,8.8467,a8w8_blockscale_bpreshuffle_1x128x128_256x16x64x256_16x16_16x16_16x16x1_16x16x1_1x16x1x16_4_1x1_intrawave_v1,9.96,2493.01,0.0
gfx950,256,2,7168,7168,ck,7,0,16.464,a8w8_blockscale_bpreshuffle_1x128x128_256x16x64x256_16x16_16x16_16x16x1_16x16x1_1x16x1x16_4_1x1_intrawave_v1,12.48,3123.37,0.0
gfx950,256,2,7168,16384,ck,7,0,34.2709,a8w8_blockscale_bpreshuffle_1x128x128_256x16x64x256_16x16_16x16_16x16x1_16x16x1_1x16x1x16_4_1x1_intrawave_v1,13.71,3428.62,0.0
gfx950,256,2,16384,1536,ck,7,0,7.3334,a8w8_blockscale_bpreshuffle_1x128x128_256x16x64x256_16x16_16x16_16x16x1_16x16x1_1x16x1x16_4_1x1_intrawave_v1,13.73,3441.03,0.0
gfx950,256,2,65536,1536,ck,6,0,17.7008,a8w8_blockscale_bpreshuffle_1x128x128_256x16x128x256_16x16_16x16_16x16x1_16x16x1_1x16x1x16_8_1x2_intrawave_v1,22.75,5701.92,0.0
gfx950,256,4,768,7168,ck,7,0,14.9883,a8w8_blockscale_bpreshuffle_1x128x128_256x16x64x256_16x16_16x16_16x16x1_16x16x1_1x16x1x16_4_1x1_intrawave_v1,2.94,369.61,0.0
gfx950,256,4,2048,7168,ck,7,0,16.0103,a8w8_blockscale_bpreshuffle_1x128x128_256x16x64x256_16x16_16x16_16x16x1_16x16x1_1x16x1x16_4_1x1_intrawave_v1,7.34,919.73,0.0
gfx950,256,4,6144,7168,ck,7,0,16.2391,a8w8_blockscale_bpreshuffle_1x128x128_256x16x64x256_16x16_16x16_16x16x1_16x16x1_1x16x1x16_4_1x1_intrawave_v1,21.7,2716.78,0.0
gfx950,256,4,7168,384,ck,5,0,3.291,a8w8_blockscale_bpreshuffle_1x128x128_256x16x64x128_8x16_16x16_16x16x1_8x32x1_1x16x1x16_4_1x1_intrawave_v1,6.69,854.27,0.0
gfx950,256,4,7168,768,ck,7,0,4.6042,a8w8_blockscale_bpreshuffle_1x128x128_256x16x64x256_16x16_16x16_16x16x1_16x16x1_1x16x1x16_4_1x1_intrawave_v1,9.57,1208.77,0.0
gfx950,256,4,7168,1024,ck,7,0,5.6678,a8w8_blockscale_bpreshuffle_1x128x128_256x16x64x256_16x16_16x16_16x16x1_16x16x1_1x16x1x16_4_1x1_intrawave_v1,10.36,1305.88,0.0
gfx950,256,4,7168,3072,ck,7,0,9.1415,a8w8_blockscale_bpreshuffle_1x128x128_256x16x64x256_16x16_16x16_16x16x1_16x16x1_1x16x1x16_4_1x1_intrawave_v1,19.27,2416.42,0.0
gfx950,256,4,7168,7168,ck,7,0,16.3263,a8w8_blockscale_bpreshuffle_1x128x128_256x16x64x256_16x16_16x16_16x16x1_16x16x1_1x16x1x16_4_1x1_intrawave_v1,25.18,3152.35,0.0
gfx950,256,4,7168,16384,ck,7,0,34.292,a8w8_blockscale_bpreshuffle_1x128x128_256x16x64x256_16x16_16x16_16x16x1_16x16x1_1x16x1x16_4_1x1_intrawave_v1,27.4,3428.3,0.0
gfx950,256,4,16384,1536,ck,7,0,6.9824,a8w8_blockscale_bpreshuffle_1x128x128_256x16x64x256_16x16_16x16_16x16x1_16x16x1_1x16x1x16_4_1x1_intrawave_v1,28.83,3623.83,0.0
gfx950,256,4,65536,1536,ck,6,0,17.8187,a8w8_blockscale_bpreshuffle_1x128x128_256x16x128x256_16x16_16x16_16x16x1_16x16x1_1x16x1x16_8_1x2_intrawave_v1,45.19,5679.07,0.0
gfx950,256,8,768,7168,ck,7,0,15.0163,a8w8_blockscale_bpreshuffle_1x128x128_256x16x64x256_16x16_16x16_16x16x1_16x16x1_1x16x1x16_4_1x1_intrawave_v1,5.87,371.24,0.0
gfx950,256,8,2048,7168,ck,7,0,16.3591,a8w8_blockscale_bpreshuffle_1x128x128_256x16x64x256_16x16_16x16_16x16x1_16x16x1_1x16x1x16_4_1x1_intrawave_v1,14.36,902.87,0.0
gfx950,256,8,6144,7168,ck,7,0,16.1831,a8w8_blockscale_bpreshuffle_1x128x128_256x16x64x256_16x16_16x16_16x16x1_16x16x1_1x16x1x16_4_1x1_intrawave_v1,43.54,2730.99,0.0
gfx950,256,8,7168,384,ck,5,0,3.949,a8w8_blockscale_bpreshuffle_1x128x128_256x16x64x128_8x16_16x16_16x16x1_8x32x1_1x16x1x16_4_1x1_intrawave_v1,11.15,726.84,0.0
gfx950,256,8,7168,768,ck,7,0,5.083,a8w8_blockscale_bpreshuffle_1x128x128_256x16x64x256_16x16_16x16_16x16x1_16x16x1_1x16x1x16_4_1x1_intrawave_v1,17.33,1106.8,0.0
gfx950,256,8,7168,1024,ck,7,0,5.2566,a8w8_blockscale_bpreshuffle_1x128x128_256x16x64x256_16x16_16x16_16x16x1_16x16x1_1x16x1x16_4_1x1_intrawave_v1,22.34,1419.72,0.0
gfx950,256,8,7168,3072,ck,7,0,9.2567,a8w8_blockscale_bpreshuffle_1x128x128_256x16x64x256_16x16_16x16_16x16x1_16x16x1_1x16x1x16_4_1x1_intrawave_v1,38.06,2393.87,0.0
gfx950,256,8,7168,7168,ck,7,0,16.4357,a8w8_blockscale_bpreshuffle_1x128x128_256x16x64x256_16x16_16x16_16x16x1_16x16x1_1x16x1x16_4_1x1_intrawave_v1,50.02,3136.6,0.0
gfx950,256,8,7168,16384,ck,7,0,34.7639,a8w8_blockscale_bpreshuffle_1x128x128_256x16x64x256_16x16_16x16_16x16x1_16x16x1_1x16x1x16_4_1x1_intrawave_v1,54.05,3385.3,0.0
gfx950,256,8,16384,1536,ck,7,0,7.1591,a8w8_blockscale_bpreshuffle_1x128x128_256x16x64x256_16x16_16x16_16x16x1_16x16x1_1x16x1x16_4_1x1_intrawave_v1,56.24,3553.56,0.0
gfx950,256,8,65536,1536,ck,6,0,18.0096,a8w8_blockscale_bpreshuffle_1x128x128_256x16x128x256_16x16_16x16_16x16x1_16x16x1_1x16x1x16_8_1x2_intrawave_v1,89.43,5648.33,0.0
gfx950,256,16,768,7168,ck,7,0,14.5348,a8w8_blockscale_bpreshuffle_1x128x128_256x16x64x256_16x16_16x16_16x16x1_16x16x1_1x16x1x16_4_1x1_intrawave_v1,12.12,388.33,0.0
gfx950,256,16,2048,7168,ck,7,0,16.0719,a8w8_blockscale_bpreshuffle_1x128x128_256x16x64x256_16x16_16x16_16x16x1_16x16x1_1x16x1x16_4_1x1_intrawave_v1,29.23,924.61,0.0
gfx950,256,16,6144,7168,ck,7,0,15.9627,a8w8_blockscale_bpreshuffle_1x128x128_256x16x64x256_16x16_16x16_16x16x1_16x16x1_1x16x1x16_4_1x1_intrawave_v1,88.29,2778.45,0.0
gfx950,256,16,7168,384,ck,5,0,3.3303,a8w8_blockscale_bpreshuffle_1x128x128_256x16x64x128_8x16_16x16_16x16x1_8x32x1_1x16x1x16_4_1x1_intrawave_v1,26.45,897.23,0.0
gfx950,256,16,7168,768,ck,7,0,5.187,a8w8_blockscale_bpreshuffle_1x128x128_256x16x64x256_16x16_16x16_16x16x1_16x16x1_1x16x1x16_4_1x1_intrawave_v1,33.96,1107.9,0.0
gfx950,256,16,7168,1024,ck,7,0,5.2398,a8w8_blockscale_bpreshuffle_1x128x128_256x16x64x256_16x16_16x16_16x16x1_16x16x1_1x16x1x16_4_1x1_intrawave_v1,44.83,1447.73,0.0
gfx950,256,16,7168,3072,ck,7,0,10.4699,a8w8_blockscale_bpreshuffle_1x128x128_256x16x64x256_16x16_16x16_16x16x1_16x16x1_1x16x1x16_4_1x1_intrawave_v1,67.3,2129.78,0.0
gfx950,256,16,7168,7168,ck,7,0,16.4268,a8w8_blockscale_bpreshuffle_1x128x128_256x16x64x256_16x16_16x16_16x16x1_16x16x1_1x16x1x16_4_1x1_intrawave_v1,100.09,3148.77,0.0
gfx950,256,16,7168,16384,ck,7,0,34.5669,a8w8_blockscale_bpreshuffle_1x128x128_256x16x64x256_16x16_16x16_16x16x1_16x16x1_1x16x1x16_4_1x1_intrawave_v1,108.72,3411.7,0.0
gfx950,256,16,16384,1536,ck,7,0,7.0271,a8w8_blockscale_bpreshuffle_1x128x128_256x16x64x256_16x16_16x16_16x16x1_16x16x1_1x16x1x16_4_1x1_intrawave_v1,114.6,3659.36,0.0
gfx950,256,16,65536,1536,ck,6,0,18.7958,a8w8_blockscale_bpreshuffle_1x128x128_256x16x128x256_16x16_16x16_16x16x1_16x16x1_1x16x1x16_8_1x2_intrawave_v1,171.38,5468.51,0.0
gfx950,256,32,768,7168,ck,7,0,14.5777,a8w8_blockscale_bpreshuffle_1x128x128_256x16x64x256_16x16_16x16_16x16x1_16x16x1_1x16x1x16_4_1x1_intrawave_v1,24.17,396.74,0.0
gfx950,256,32,2048,7168,ck,7,0,15.6983,a8w8_blockscale_bpreshuffle_1x128x128_256x16x64x256_16x16_16x16_16x16x1_16x16x1_1x16x1x16_4_1x1_intrawave_v1,59.85,958.1,0.0
gfx950,256,32,6144,7168,ck,7,0,15.8591,a8w8_blockscale_bpreshuffle_1x128x128_256x16x64x256_16x16_16x16_16x16x1_16x16x1_1x16x1x16_4_1x1_intrawave_v1,177.73,2816.22,0.0
gfx950,256,32,7168,384,ck,10,0,4.1054,a8w8_blockscale_bpreshuffle_1x128x128_256x32x64x128_16x16_16x16_8x32x1_8x32x1_1x32x1x8_8_2x1_intrawave_v1,42.91,785.2,0.0
gfx950,256,32,7168,768,ck,7,0,4.8111,a8w8_blockscale_bpreshuffle_1x128x128_256x16x64x256_16x16_16x16_16x16x1_16x16x1_1x16x1x16_4_1x1_intrawave_v1,73.23,1244.69,0.0
gfx950,256,32,7168,1024,ck,7,0,5.8423,a8w8_blockscale_bpreshuffle_1x128x128_256x16x64x256_16x16_16x16_16x16x1_16x16x1_1x16x1x16_4_1x1_intrawave_v1,80.41,1340.49,0.0
gfx950,256,32,7168,3072,ck,7,0,9.8847,a8w8_blockscale_bpreshuffle_1x128x128_256x16x64x256_16x16_16x16_16x16x1_16x16x1_1x16x1x16_4_1x1_intrawave_v1,142.57,2284.05,0.0
gfx950,256,32,7168,7168,ck,7,0,16.1705,a8w8_blockscale_bpreshuffle_1x128x128_256x16x64x256_16x16_16x16_16x16x1_16x16x1_1x16x1x16_4_1x1_intrawave_v1,203.35,3219.96,0.0
gfx950,256,32,7168,16384,ck,7,0,33.8833,a8w8_blockscale_bpreshuffle_1x128x128_256x16x64x256_16x16_16x16_16x16x1_16x16x1_1x16x1x16_4_1x1_intrawave_v1,221.83,3495.04,0.0
gfx950,256,32,16384,1536,ck,12,0,7.146,a8w8_blockscale_bpreshuffle_1x128x128_256x32x64x256_16x16_16x16_16x16x1_16x16x1_1x32x1x8_8_2x1_intrawave_v1,225.39,3675.28,0.0
gfx950,256,32,65536,1536,ck,11,0,19.5796,a8w8_blockscale_bpreshuffle_1x128x128_256x32x128x256_16x16_16x16_16x16x1_16x16x1_1x32x1x8_8_2x1_intrawave_v1,329.04,5357.96,0.0
gfx950,256,48,768,7168,ck,7,0,14.4603,a8w8_blockscale_bpreshuffle_1x128x128_256x16x64x256_16x16_16x16_16x16x1_16x16x1_1x16x1x16_4_1x1_intrawave_v1,36.55,409.59,0.0
gfx950,256,48,2048,7168,ck,7,0,15.5399,a8w8_blockscale_bpreshuffle_1x128x128_256x16x64x256_16x16_16x16_16x16x1_16x16x1_1x16x1x16_4_1x1_intrawave_v1,90.69,979.46,0.0
gfx950,256,48,6144,7168,ck,6,0,20.3679,a8w8_blockscale_bpreshuffle_1x128x128_256x16x128x256_16x16_16x16_16x16x1_16x16x1_1x16x1x16_8_1x2_intrawave_v1,207.57,2208.09,0.0
gfx950,256,48,7168,384,ck,10,0,4.3907,a8w8_blockscale_bpreshuffle_1x128x128_256x32x64x128_16x16_16x16_8x32x1_8x32x1_1x32x1x8_8_2x1_intrawave_v1,60.18,787.82,0.0
gfx950,256,48,7168,768,ck,12,0,5.8314,a8w8_blockscale_bpreshuffle_1x128x128_256x32x64x256_16x16_16x16_16x16x1_16x16x1_1x32x1x8_8_2x1_intrawave_v1,90.63,1068.36,0.0
gfx950,256,48,7168,3072,ck,7,0,11.7844,a8w8_blockscale_bpreshuffle_1x128x128_256x16x64x256_16x16_16x16_16x16x1_16x16x1_1x16x1x16_4_1x1_intrawave_v1,179.38,1939.49,0.0
gfx950,256,48,7168,7168,ck,6,0,20.7165,a8w8_blockscale_bpreshuffle_1x128x128_256x16x128x256_16x16_16x16_16x16x1_16x16x1_1x16x1x16_8_1x2_intrawave_v1,238.1,2529.98,0.0
gfx950,256,48,7168,16384,ck,6,0,42.7027,a8w8_blockscale_bpreshuffle_1x128x128_256x16x128x256_16x16_16x16_16x16x1_16x16x1_1x16x1x16_8_1x2_intrawave_v1,264.02,2784.72,0.0
gfx950,256,48,16384,1536,ck,12,0,10.1564,a8w8_blockscale_bpreshuffle_1x128x128_256x32x64x256_16x16_16x16_16x16x1_16x16x1_1x32x1x8_8_2x1_intrawave_v1,237.87,2639.95,0.0
gfx950,256,48,65536,1536,ck,1,0,22.9917,a8w8_blockscale_bpreshuffle_1x128x128_256x64x128x128_16x16_16x16_8x32x1_8x32x1_1x32x1x8_8_2x1_intrawave_v3,420.31,4655.09,0.0
gfx950,256,64,768,7168,ck,7,0,14.7583,a8w8_blockscale_bpreshuffle_1x128x128_256x16x64x256_16x16_16x16_16x16x1_16x16x1_1x16x1x16_4_1x1_intrawave_v1,47.75,410.76,0.0
gfx950,256,64,2048,7168,ck,7,0,15.4895,a8w8_blockscale_bpreshuffle_1x128x128_256x16x64x256_16x16_16x16_16x16x1_16x16x1_1x16x1x16_4_1x1_intrawave_v1,121.31,994.28,0.0
gfx950,256,64,6144,7168,ck,12,0,18.1707,a8w8_blockscale_bpreshuffle_1x128x128_256x32x64x256_16x16_16x16_16x16x1_16x16x1_1x32x1x8_8_2x1_intrawave_v1,310.23,2492.22,0.0
gfx950,256,64,7168,384,ck,10,0,4.4081,a8w8_blockscale_bpreshuffle_1x128x128_256x32x64x128_16x16_16x16_8x32x1_8x32x1_1x32x1x8_8_2x1_intrawave_v1,79.93,838.14,0.0
gfx950,256,64,7168,768,ck,12,0,5.3614,a8w8_blockscale_bpreshuffle_1x128x128_256x32x64x256_16x16_16x16_16x16x1_16x16x1_1x32x1x8_8_2x1_intrawave_v1,131.43,1207.09,0.0
gfx950,256,64,7168,1024,ck,12,0,6.3639,a8w8_blockscale_bpreshuffle_1x128x128_256x32x64x256_16x16_16x16_16x16x1_16x16x1_1x32x1x8_8_2x1_intrawave_v1,147.63,1307.86,0.0
gfx950,256,64,7168,3072,ck,12,0,10.7911,a8w8_blockscale_bpreshuffle_1x128x128_256x32x64x256_16x16_16x16_16x16x1_16x16x1_1x32x1x8_8_2x1_intrawave_v1,261.19,2143.82,0.0
gfx950,256,64,7168,7168,ck,12,0,18.3352,a8w8_blockscale_bpreshuffle_1x128x128_256x32x64x256_16x16_16x16_16x16x1_16x16x1_1x32x1x8_8_2x1_intrawave_v1,358.69,2877.33,0.0
gfx950,256,64,7168,16384,ck,12,0,37.6555,a8w8_blockscale_bpreshuffle_1x128x128_256x32x64x256_16x16_16x16_16x16x1_16x16x1_1x32x1x8_8_2x1_intrawave_v1,399.21,3171.03,0.0
gfx950,256,64,16384,1536,ck,6,0,10.3454,a8w8_blockscale_bpreshuffle_1x128x128_256x16x128x256_16x16_16x16_16x16x1_16x16x1_1x16x1x16_8_1x2_intrawave_v1,311.37,2644.78,0.0
gfx950,256,64,65536,1536,ck,16,0,23.24,a8w8_blockscale_bpreshuffle_1x128x128_256x64x128x256_16x16_16x16_16x16x1_16x16x1_1x32x1x8_8_2x1_intrawave_v1,554.43,4696.65,0.0
gfx950,256,80,768,7168,ck,7,0,14.6878,a8w8_blockscale_bpreshuffle_1x128x128_256x16x64x256_16x16_16x16_16x16x1_16x16x1_1x16x1x16_4_1x1_intrawave_v1,59.97,422.21,0.0
gfx950,256,80,2048,7168,ck,7,0,15.4671,a8w8_blockscale_bpreshuffle_1x128x128_256x16x64x256_16x16_16x16_16x16x1_16x16x1_1x16x1x16_4_1x1_intrawave_v1,151.86,1007.38,0.0
gfx950,256,80,6144,7168,ck,7,0,23.3148,a8w8_blockscale_bpreshuffle_1x128x128_256x16x64x256_16x16_16x16_16x16x1_16x16x1_1x16x1x16_4_1x1_intrawave_v1,302.23,1955.7,0.0
gfx950,256,80,7168,384,ck,10,0,4.3654,a8w8_blockscale_bpreshuffle_1x128x128_256x32x64x128_16x16_16x16_8x32x1_8x32x1_1x32x1x8_8_2x1_intrawave_v1,100.88,900.29,0.0
gfx950,256,80,7168,768,ck,7,0,6.499,a8w8_blockscale_bpreshuffle_1x128x128_256x16x64x256_16x16_16x16_16x16x1_16x16x1_1x16x1x16_4_1x1_intrawave_v1,135.53,1032.98,0.0
gfx950,256,80,7168,3072,ck,12,0,13.3921,a8w8_blockscale_bpreshuffle_1x128x128_256x32x64x256_16x16_16x16_16x16x1_16x16x1_1x32x1x8_8_2x1_intrawave_v1,263.08,1748.25,0.0
gfx950,256,80,7168,7168,ck,12,0,27.4554,a8w8_blockscale_bpreshuffle_1x128x128_256x32x64x256_16x16_16x16_16x16x1_16x16x1_1x32x1x8_8_2x1_intrawave_v1,299.43,1934.07,0.0
gfx950,256,80,7168,16384,ck,10,0,58.1761,a8w8_blockscale_bpreshuffle_1x128x128_256x32x64x128_16x16_16x16_8x32x1_8x32x1_1x32x1x8_8_2x1_intrawave_v1,322.99,2060.95,0.0
gfx950,256,80,16384,1536,ck,10,0,11.0248,a8w8_blockscale_bpreshuffle_1x128x128_256x32x64x128_16x16_16x16_8x32x1_8x32x1_1x32x1x8_8_2x1_intrawave_v1,365.22,2531.58,0.0
gfx950,256,80,65536,1536,ck,0,0,29.0584,a8w8_blockscale_bpreshuffle_1x128x128_256x128x128x128_16x16_16x16_8x32x1_8x32x1_1x32x1x8_8_2x1_intrawave_v3,554.27,3829.25,0.0
gfx950,256,96,768,7168,ck,7,0,14.7444,a8w8_blockscale_bpreshuffle_1x128x128_256x16x64x256_16x16_16x16_16x16x1_16x16x1_1x16x1x16_4_1x1_intrawave_v1,71.69,430.03,0.0
gfx950,256,96,2048,7168,ck,7,0,15.4111,a8w8_blockscale_bpreshuffle_1x128x128_256x16x64x256_16x16_16x16_16x16x1_16x16x1_1x16x1x16_4_1x1_intrawave_v1,182.89,1022.73,0.0
gfx950,256,96,6144,7168,ck,11,0,23.361,a8w8_blockscale_bpreshuffle_1x128x128_256x32x128x256_16x16_16x16_16x16x1_16x16x1_1x32x1x8_8_2x1_intrawave_v1,361.96,1965.15,0.0
gfx950,256,96,7168,384,ck,10,0,4.3479,a8w8_blockscale_bpreshuffle_1x128x128_256x32x64x128_16x16_16x16_8x32x1_8x32x1_1x32x1x8_8_2x1_intrawave_v1,121.55,958.08,0.0
gfx950,256,96,7168,768,ck,7,0,6.5741,a8w8_blockscale_bpreshuffle_1x128x128_256x16x64x256_16x16_16x16_16x16x1_16x16x1_1x16x1x16_4_1x1_intrawave_v1,160.78,1057.94,0.0
gfx950,256,96,7168,3072,ck,11,0,12.2545,a8w8_blockscale_bpreshuffle_1x128x128_256x32x128x256_16x16_16x16_16x16x1_16x16x1_1x32x1x8_8_2x1_intrawave_v1,345.0,1933.27,0.0
gfx950,256,96,7168,7168,ck,11,0,23.6312,a8w8_blockscale_bpreshuffle_1x128x128_256x32x128x256_16x16_16x16_16x16x1_16x16x1_1x32x1x8_8_2x1_intrawave_v1,417.46,2261.61,0.0
gfx950,256,96,7168,16384,ck,11,0,47.8777,a8w8_blockscale_bpreshuffle_1x128x128_256x32x128x256_16x16_16x16_16x16x1_16x16x1_1x32x1x8_8_2x1_intrawave_v1,470.96,2514.52,0.0
gfx950,256,96,16384,1536,ck,12,0,11.32,a8w8_blockscale_bpreshuffle_1x128x128_256x32x64x256_16x16_16x16_16x16x1_16x16x1_1x32x1x8_8_2x1_intrawave_v1,426.84,2514.05,0.0
gfx950,256,96,65536,1536,ck,11,0,29.0934,a8w8_blockscale_bpreshuffle_1x128x128_256x32x128x256_16x16_16x16_16x16x1_16x16x1_1x32x1x8_8_2x1_intrawave_v1,664.32,3897.57,0.0
gfx950,256,112,768,7168,ck,7,0,14.6546,a8w8_blockscale_bpreshuffle_1x128x128_256x16x64x256_16x16_16x16_16x16x1_16x16x1_1x16x1x16_4_1x1_intrawave_v1,84.15,442.17,0.0
gfx950,256,112,2048,7168,ck,7,0,15.4447,a8w8_blockscale_bpreshuffle_1x128x128_256x16x64x256_16x16_16x16_16x16x1_16x16x1_1x16x1x16_4_1x1_intrawave_v1,212.91,1032.17,0.0
gfx950,256,112,6144,7168,ck,12,0,27.254,a8w8_blockscale_bpreshuffle_1x128x128_256x32x64x256_16x16_16x16_16x16x1_16x16x1_1x32x1x8_8_2x1_intrawave_v1,361.97,1695.87,0.0
gfx950,256,112,7168,384,ck,10,0,5.007,a8w8_blockscale_bpreshuffle_1x128x128_256x32x64x128_16x16_16x16_8x32x1_8x32x1_1x32x1x8_8_2x1_intrawave_v1,123.14,879.0,0.0
gfx950,256,112,7168,768,ck,12,0,6.3047,a8w8_blockscale_bpreshuffle_1x128x128_256x32x64x256_16x16_16x16_16x16x1_16x16x1_1x32x1x8_8_2x1_intrawave_v1,195.59,1141.48,0.0
gfx950,256,112,7168,3072,ck,12,0,13.5572,a8w8_blockscale_bpreshuffle_1x128x128_256x32x64x256_16x16_16x16_16x16x1_16x16x1_1x32x1x8_8_2x1_intrawave_v1,363.83,1768.05,0.0
gfx950,256,112,7168,7168,ck,12,0,27.5227,a8w8_blockscale_bpreshuffle_1x128x128_256x32x64x256_16x16_16x16_16x16x1_16x16x1_1x32x1x8_8_2x1_intrawave_v1,418.17,1954.34,0.0
gfx950,256,112,7168,16384,ck,12,0,58.7097,a8w8_blockscale_bpreshuffle_1x128x128_256x32x64x256_16x16_16x16_16x16x1_16x16x1_1x32x1x8_8_2x1_intrawave_v1,448.08,2058.96,0.0
gfx950,256,112,16384,1536,ck,9,0,11.8968,a8w8_blockscale_bpreshuffle_1x128x128_256x32x128x128_16x16_16x16_8x32x1_8x32x1_1x32x1x8_8_2x1_intrawave_v1,473.84,2438.29,0.0
gfx950,256,112,65536,1536,ck,0,0,30.2359,a8w8_blockscale_bpreshuffle_1x128x128_256x128x128x128_16x16_16x16_8x32x1_8x32x1_1x32x1x8_8_2x1_intrawave_v3,745.76,3820.47,0.0
gfx950,256,128,768,7168,ck,7,0,14.4958,a8w8_blockscale_bpreshuffle_1x128x128_256x16x64x256_16x16_16x16_16x16x1_16x16x1_1x16x1x16_4_1x1_intrawave_v1,97.22,456.62,0.0
gfx950,256,128,2048,7168,ck,7,0,15.3807,a8w8_blockscale_bpreshuffle_1x128x128_256x16x64x256_16x16_16x16_16x16x1_16x16x1_1x16x1x16_4_1x1_intrawave_v1,244.34,1048.19,0.0
gfx950,256,128,6144,7168,ck,17,0,22.8105,a8w8_blockscale_bpreshuffle_1x128x128_256x64x64x256_16x16_16x16_16x16x1_16x16x1_1x32x1x8_8_2x1_intrawave_v1,494.26,2039.87,0.0
gfx950,256,128,7168,384,ck,10,0,4.9174,a8w8_blockscale_bpreshuffle_1x128x128_256x32x64x128_16x16_16x16_8x32x1_8x32x1_1x32x1x8_8_2x1_intrawave_v1,143.3,942.91,0.0
gfx950,256,128,7168,768,ck,11,0,6.2982,a8w8_blockscale_bpreshuffle_1x128x128_256x32x128x256_16x16_16x16_16x16x1_16x16x1_1x32x1x8_8_2x1_intrawave_v1,223.76,1181.03,0.0
gfx950,256,128,7168,1024,ck,12,0,7.4551,a8w8_blockscale_bpreshuffle_1x128x128_256x32x64x256_16x16_16x16_16x16x1_16x16x1_1x32x1x8_8_2x1_intrawave_v1,252.05,1248.29,0.0
gfx950,256,128,7168,3072,ck,17,0,12.1864,a8w8_blockscale_bpreshuffle_1x128x128_256x64x64x256_16x16_16x16_16x16x1_16x16x1_1x32x1x8_8_2x1_intrawave_v1,462.58,1989.79,0.0
gfx950,256,128,7168,7168,ck,17,0,23.0732,a8w8_blockscale_bpreshuffle_1x128x128_256x64x64x256_16x16_16x16_16x16x1_16x16x1_1x32x1x8_8_2x1_intrawave_v1,570.07,2346.13,0.0
gfx950,256,128,7168,16384,ck,17,0,47.2411,a8w8_blockscale_bpreshuffle_1x128x128_256x64x64x256_16x16_16x16_16x16x1_16x16x1_1x32x1x8_8_2x1_intrawave_v1,636.41,2569.22,0.0
gfx950,256,128,16384,1536,ck,17,0,11.8865,a8w8_blockscale_bpreshuffle_1x128x128_256x64x64x256_16x16_16x16_16x16x1_16x16x1_1x32x1x8_8_2x1_intrawave_v1,542.0,2486.58,0.0
gfx950,256,128,65536,1536,ck,13,0,29.7777,a8w8_blockscale_bpreshuffle_1x128x128_256x64x256x128_16x16_16x16_8x32x1_8x32x1_1x32x1x8_8_2x1_intrawave_v1,865.41,3950.51,0.0
gfx950,256,144,768,7168,ck,7,0,14.7115,a8w8_blockscale_bpreshuffle_1x128x128_256x16x64x256_16x16_16x16_16x16x1_16x16x1_1x16x1x16_4_1x1_intrawave_v1,107.77,459.4,0.0
gfx950,256,144,2048,7168,ck,7,0,17.9231,a8w8_blockscale_bpreshuffle_1x128x128_256x16x64x256_16x16_16x16_16x16x1_16x16x1_1x16x1x16_4_1x1_intrawave_v1,235.89,909.56,0.0
gfx950,256,144,6144,7168,ck,12,0,27.6605,a8w8_blockscale_bpreshuffle_1x128x128_256x32x64x256_16x16_16x16_16x16x1_16x16x1_1x32x1x8_8_2x1_intrawave_v1,458.54,1693.46,0.0
gfx950,256,144,7168,384,ck,4,0,5.0349,a8w8_blockscale_bpreshuffle_1x128x128_256x16x128x128_8x16_16x16_16x16x1_8x32x1_1x16x1x16_8_1x2_intrawave_v1,157.45,967.68,0.0
gfx950,256,144,7168,768,ck,10,0,7.2016,a8w8_blockscale_bpreshuffle_1x128x128_256x32x64x128_16x16_16x16_8x32x1_8x32x1_1x32x1x8_8_2x1_intrawave_v1,220.15,1066.43,0.0
gfx950,256,144,7168,3072,ck,10,0,15.8241,a8w8_blockscale_bpreshuffle_1x128x128_256x32x64x128_16x16_16x16_8x32x1_8x32x1_1x32x1x8_8_2x1_intrawave_v1,400.77,1549.97,0.0
gfx950,256,144,7168,7168,ck,10,0,32.3984,a8w8_blockscale_bpreshuffle_1x128x128_256x32x64x128_16x16_16x16_8x32x1_8x32x1_1x32x1x8_8_2x1_intrawave_v1,456.74,1681.47,0.0
gfx950,256,144,7168,16384,ck,10,0,68.2395,a8w8_blockscale_bpreshuffle_1x128x128_256x32x64x128_16x16_16x16_8x32x1_8x32x1_1x32x1x8_8_2x1_intrawave_v1,495.65,1785.83,0.0
gfx950,256,144,16384,1536,ck,15,0,14.6428,a8w8_blockscale_bpreshuffle_1x128x128_256x64x64x128_16x16_16x16_8x32x1_8x32x1_1x32x1x8_8_2x1_intrawave_v1,494.97,2056.0,0.0
gfx950,256,144,65536,1536,ck,1,0,38.1323,a8w8_blockscale_bpreshuffle_1x128x128_256x64x128x128_16x16_16x16_8x32x1_8x32x1_1x32x1x8_8_2x1_intrawave_v3,760.27,3140.61,0.0
gfx950,256,160,768,7168,ck,7,0,14.8147,a8w8_blockscale_bpreshuffle_1x128x128_256x16x64x256_16x16_16x16_16x16x1_16x16x1_1x16x1x16_4_1x1_intrawave_v1,118.91,465.6,0.0
gfx950,256,160,2048,7168,ck,12,0,17.6895,a8w8_blockscale_bpreshuffle_1x128x128_256x32x64x256_16x16_16x16_16x16x1_16x16x1_1x32x1x8_8_2x1_intrawave_v1,265.56,931.76,0.0
gfx950,256,160,6144,7168,ck,11,0,25.0662,a8w8_blockscale_bpreshuffle_1x128x128_256x32x128x256_16x16_16x16_16x16x1_16x16x1_1x32x1x8_8_2x1_intrawave_v1,562.23,1881.14,0.0
gfx950,256,160,7168,384,ck,10,0,5.5815,a8w8_blockscale_bpreshuffle_1x128x128_256x32x64x128_16x16_16x16_8x32x1_8x32x1_1x32x1x8_8_2x1_intrawave_v1,157.81,915.11,0.0
gfx950,256,160,7168,768,ck,10,0,7.4268,a8w8_blockscale_bpreshuffle_1x128x128_256x32x64x128_16x16_16x16_8x32x1_8x32x1_1x32x1x8_8_2x1_intrawave_v1,237.2,1066.63,0.0
gfx950,256,160,7168,3072,ck,10,0,15.9801,a8w8_blockscale_bpreshuffle_1x128x128_256x32x64x128_16x16_16x16_8x32x1_8x32x1_1x32x1x8_8_2x1_intrawave_v1,440.95,1552.27,0.0
gfx950,256,160,7168,7168,ck,10,0,32.1358,a8w8_blockscale_bpreshuffle_1x128x128_256x32x64x128_16x16_16x16_8x32x1_8x32x1_1x32x1x8_8_2x1_intrawave_v1,511.63,1705.91,0.0
gfx950,256,160,7168,16384,ck,10,0,67.5187,a8w8_blockscale_bpreshuffle_1x128x128_256x32x64x128_16x16_16x16_8x32x1_8x32x1_1x32x1x8_8_2x1_intrawave_v1,556.6,1812.18,0.0
gfx950,256,160,16384,1536,ck,15,0,15.0496,a8w8_blockscale_bpreshuffle_1x128x128_256x64x64x128_16x16_16x16_8x32x1_8x32x1_1x32x1x8_8_2x1_intrawave_v1,535.1,2036.9,0.0
gfx950,256,160,65536,1536,ck,1,0,38.856,a8w8_blockscale_bpreshuffle_1x128x128_256x64x128x128_16x16_16x16_8x32x1_8x32x1_1x32x1x8_8_2x1_intrawave_v3,829.02,3136.72,0.0
gfx950,256,176,768,7168,ck,7,0,14.7632,a8w8_blockscale_bpreshuffle_1x128x128_256x16x64x256_16x16_16x16_16x16x1_16x16x1_1x16x1x16_4_1x1_intrawave_v1,131.26,476.65,0.0
gfx950,256,176,2048,7168,ck,7,0,19.5968,a8w8_blockscale_bpreshuffle_1x128x128_256x16x64x256_16x16_16x16_16x16x1_16x16x1_1x16x1x16_4_1x1_intrawave_v1,263.69,850.27,0.0
gfx950,256,176,6144,7168,ck,9,0,31.1627,a8w8_blockscale_bpreshuffle_1x128x128_256x32x128x128_16x16_16x16_8x32x1_8x32x1_1x32x1x8_8_2x1_intrawave_v1,497.46,1523.12,0.0
gfx950,256,176,7168,384,ck,10,0,5.3974,a8w8_blockscale_bpreshuffle_1x128x128_256x32x64x128_16x16_16x16_8x32x1_8x32x1_1x32x1x8_8_2x1_intrawave_v1,179.51,989.96,0.0
gfx950,256,176,7168,768,ck,10,0,6.9999,a8w8_blockscale_bpreshuffle_1x128x128_256x32x64x128_16x16_16x16_8x32x1_8x32x1_1x32x1x8_8_2x1_intrawave_v1,276.83,1166.21,0.0
gfx950,256,176,7168,3072,ck,10,0,16.6571,a8w8_blockscale_bpreshuffle_1x128x128_256x32x64x128_16x16_16x16_8x32x1_8x32x1_1x32x1x8_8_2x1_intrawave_v1,465.33,1505.9,0.0
gfx950,256,176,7168,7168,ck,10,0,34.554,a8w8_blockscale_bpreshuffle_1x128x128_256x32x64x128_16x16_16x16_8x32x1_8x32x1_1x32x1x8_8_2x1_intrawave_v1,523.41,1596.48,0.0
gfx950,256,176,7168,16384,ck,10,0,74.0828,a8w8_blockscale_bpreshuffle_1x128x128_256x32x64x128_16x16_16x16_8x32x1_8x32x1_1x32x1x8_8_2x1_intrawave_v1,558.01,1658.24,0.0
gfx950,256,176,16384,1536,ck,15,0,15.2856,a8w8_blockscale_bpreshuffle_1x128x128_256x64x64x128_16x16_16x16_8x32x1_8x32x1_1x32x1x8_8_2x1_intrawave_v1,579.52,2041.35,0.0
gfx950,256,176,65536,1536,ck,1,0,39.6127,a8w8_blockscale_bpreshuffle_1x128x128_256x64x128x128_16x16_16x16_8x32x1_8x32x1_1x32x1x8_8_2x1_intrawave_v3,894.5,3130.37,0.0
gfx950,256,192,768,7168,ck,7,0,14.6269,a8w8_blockscale_bpreshuffle_1x128x128_256x16x64x256_16x16_16x16_16x16x1_16x16x1_1x16x1x16_4_1x1_intrawave_v1,144.52,490.62,0.0
gfx950,256,192,2048,7168,ck,7,0,17.2384,a8w8_blockscale_bpreshuffle_1x128x128_256x16x64x256_16x16_16x16_16x16x1_16x16x1_1x16x1x16_4_1x1_intrawave_v1,327.01,977.05,0.0
gfx950,256,192,6144,7168,ck,9,0,30.8277,a8w8_blockscale_bpreshuffle_1x128x128_256x32x128x128_16x16_16x16_8x32x1_8x32x1_1x32x1x8_8_2x1_intrawave_v1,548.58,1549.77,0.0
gfx950,256,192,7168,384,ck,10,0,5.7752,a8w8_blockscale_bpreshuffle_1x128x128_256x32x64x128_16x16_16x16_8x32x1_8x32x1_1x32x1x8_8_2x1_intrawave_v1,183.02,965.98,0.0
gfx950,256,192,7168,768,ck,10,0,7.3671,a8w8_blockscale_bpreshuffle_1x128x128_256x32x64x128_16x16_16x16_8x32x1_8x32x1_1x32x1x8_8_2x1_intrawave_v1,286.94,1140.88,0.0
gfx950,256,192,7168,3072,ck,10,0,16.6363,a8w8_blockscale_bpreshuffle_1x128x128_256x32x64x128_16x16_16x16_8x32x1_8x32x1_1x32x1x8_8_2x1_intrawave_v1,508.27,1524.52,0.0
gfx950,256,192,7168,7168,ck,10,0,34.0236,a8w8_blockscale_bpreshuffle_1x128x128_256x32x64x128_16x16_16x16_8x32x1_8x32x1_1x32x1x8_8_2x1_intrawave_v1,579.89,1631.48,0.0
gfx950,256,192,7168,16384,ck,17,0,71.1408,a8w8_blockscale_bpreshuffle_1x128x128_256x64x64x256_16x16_16x16_16x16x1_16x16x1_1x32x1x8_8_2x1_intrawave_v1,633.91,1733.73,0.0
gfx950,256,192,16384,1536,ck,14,0,15.403,a8w8_blockscale_bpreshuffle_1x128x128_256x64x128x128_16x16_16x16_8x32x1_8x32x1_1x32x1x8_8_2x1_intrawave_v1,627.39,2061.43,0.0
gfx950,256,192,65536,1536,ck,13,0,38.706,a8w8_blockscale_bpreshuffle_1x128x128_256x64x256x128_16x16_16x16_8x32x1_8x32x1_1x32x1x8_8_2x1_intrawave_v1,998.67,3258.51,0.0
gfx950,256,208,768,7168,ck,7,0,14.7175,a8w8_blockscale_bpreshuffle_1x128x128_256x16x64x256_16x16_16x16_16x16x1_16x16x1_1x16x1x16_4_1x1_intrawave_v1,155.6,497.06,0.0
gfx950,256,208,2048,7168,ck,7,0,20.3024,a8w8_blockscale_bpreshuffle_1x128x128_256x16x64x256_16x16_16x16_16x16x1_16x16x1_1x16x1x16_4_1x1_intrawave_v1,300.8,838.47,0.0
gfx950,256,208,6144,7168,ck,10,0,33.8347,a8w8_blockscale_bpreshuffle_1x128x128_256x32x64x128_16x16_16x16_8x32x1_8x32x1_1x32x1x8_8_2x1_intrawave_v1,541.48,1421.23,0.0
gfx950,256,208,7168,384,ck,9,0,6.3737,a8w8_blockscale_bpreshuffle_1x128x128_256x32x128x128_16x16_16x16_8x32x1_8x32x1_1x32x1x8_8_2x1_intrawave_v1,179.65,912.23,0.0
gfx950,256,208,7168,768,ck,4,0,7.9246,a8w8_blockscale_bpreshuffle_1x128x128_256x16x128x128_8x16_16x16_16x16x1_8x32x1_1x16x1x16_8_1x2_intrawave_v1,288.98,1091.12,0.0
gfx950,256,208,7168,3072,ck,9,0,18.183,a8w8_blockscale_bpreshuffle_1x128x128_256x32x128x128_16x16_16x16_8x32x1_8x32x1_1x32x1x8_8_2x1_intrawave_v1,503.79,1410.16,0.0
gfx950,256,208,7168,7168,ck,17,0,37.7871,a8w8_blockscale_bpreshuffle_1x128x128_256x64x64x256_16x16_16x16_16x16x1_16x16x1_1x32x1x8_8_2x1_intrawave_v1,565.65,1478.1,0.0
gfx950,256,208,7168,16384,ck,9,0,79.2116,a8w8_blockscale_bpreshuffle_1x128x128_256x32x128x128_16x16_16x16_8x32x1_8x32x1_1x32x1x8_8_2x1_intrawave_v1,616.77,1563.28,0.0
gfx950,256,208,16384,1536,ck,1,0,16.1582,a8w8_blockscale_bpreshuffle_1x128x128_256x64x128x128_16x16_16x16_8x32x1_8x32x1_1x32x1x8_8_2x1_intrawave_v3,647.91,1999.05,0.0
gfx950,256,208,65536,1536,ck,0,0,46.8682,a8w8_blockscale_bpreshuffle_1x128x128_256x128x128x128_16x16_16x16_8x32x1_8x32x1_1x32x1x8_8_2x1_intrawave_v3,893.48,2736.31,0.0
gfx950,256,224,768,7168,ck,7,0,14.9463,a8w8_blockscale_bpreshuffle_1x128x128_256x16x64x256_16x16_16x16_16x16x1_16x16x1_1x16x1x16_4_1x1_intrawave_v1,165.01,498.77,0.0
gfx950,256,224,2048,7168,ck,12,0,17.7479,a8w8_blockscale_bpreshuffle_1x128x128_256x32x64x256_16x16_16x16_16x16x1_16x16x1_1x32x1x8_8_2x1_intrawave_v1,370.56,969.31,0.0
gfx950,256,224,6144,7168,ck,10,0,33.5984,a8w8_blockscale_bpreshuffle_1x128x128_256x32x64x128_16x16_16x16_8x32x1_8x32x1_1x32x1x8_8_2x1_intrawave_v1,587.23,1440.5,0.0
gfx950,256,224,7168,384,ck,9,0,5.9482,a8w8_blockscale_bpreshuffle_1x128x128_256x32x128x128_16x16_16x16_8x32x1_8x32x1_1x32x1x8_8_2x1_intrawave_v1,207.31,1017.08,0.0
gfx950,256,224,7168,768,ck,9,0,6.8568,a8w8_blockscale_bpreshuffle_1x128x128_256x32x128x128_16x16_16x16_8x32x1_8x32x1_1x32x1x8_8_2x1_intrawave_v1,359.68,1296.28,0.0
gfx950,256,224,7168,3072,ck,9,0,18.1035,a8w8_blockscale_bpreshuffle_1x128x128_256x32x128x128_16x16_16x16_8x32x1_8x32x1_1x32x1x8_8_2x1_intrawave_v1,544.92,1431.74,0.0
gfx950,256,224,7168,7168,ck,9,0,37.8268,a8w8_blockscale_bpreshuffle_1x128x128_256x32x128x128_16x16_16x16_8x32x1_8x32x1_1x32x1x8_8_2x1_intrawave_v1,608.52,1485.64,0.0
gfx950,256,224,7168,16384,ck,9,0,79.2151,a8w8_blockscale_bpreshuffle_1x128x128_256x32x128x128_16x16_16x16_8x32x1_8x32x1_1x32x1x8_8_2x1_intrawave_v1,664.18,1569.42,0.0
gfx950,256,224,16384,1536,ck,1,0,16.281,a8w8_blockscale_bpreshuffle_1x128x128_256x64x128x128_16x16_16x16_8x32x1_8x32x1_1x32x1x8_8_2x1_intrawave_v3,692.48,2017.68,0.0
gfx950,256,224,65536,1536,ck,0,0,47.3886,a8w8_blockscale_bpreshuffle_1x128x128_256x128x128x128_16x16_16x16_8x32x1_8x32x1_1x32x1x8_8_2x1_intrawave_v3,951.65,2751.03,0.0
gfx950,256,240,768,7168,ck,7,0,14.6983,a8w8_blockscale_bpreshuffle_1x128x128_256x16x64x256_16x16_16x16_16x16x1_16x16x1_1x16x1x16_4_1x1_intrawave_v1,179.78,516.66,0.0
gfx950,256,240,2048,7168,ck,6,0,20.3429,a8w8_blockscale_bpreshuffle_1x128x128_256x16x128x256_16x16_16x16_16x16x1_16x16x1_1x16x1x16_8_1x2_intrawave_v1,346.38,854.52,0.0
gfx950,256,240,6144,7168,ck,10,0,34.7744,a8w8_blockscale_bpreshuffle_1x128x128_256x32x64x128_16x16_16x16_8x32x1_8x32x1_1x32x1x8_8_2x1_intrawave_v1,607.9,1400.73,0.0
gfx950,256,240,7168,384,ck,9,0,6.2599,a8w8_blockscale_bpreshuffle_1x128x128_256x32x128x128_16x16_16x16_8x32x1_8x32x1_1x32x1x8_8_2x1_intrawave_v1,211.06,1004.06,0.0
gfx950,256,240,7168,768,ck,2,0,7.7887,a8w8_blockscale_bpreshuffle_1x128x128_256x64x64x128_16x16_16x16_8x32x1_8x32x1_1x32x1x8_8_2x1_intrawave_v3,339.26,1172.21,0.0
gfx950,256,240,7168,3072,ck,9,0,18.5192,a8w8_blockscale_bpreshuffle_1x128x128_256x32x128x128_16x16_16x16_8x32x1_8x32x1_1x32x1x8_8_2x1_intrawave_v1,570.74,1414.64,0.0
gfx950,256,240,7168,7168,ck,9,0,38.4715,a8w8_blockscale_bpreshuffle_1x128x128_256x32x128x128_16x16_16x16_8x32x1_8x32x1_1x32x1x8_8_2x1_intrawave_v1,641.06,1469.69,0.0
gfx950,256,240,7168,16384,ck,9,0,78.989,a8w8_blockscale_bpreshuffle_1x128x128_256x32x128x128_16x16_16x16_8x32x1_8x32x1_1x32x1x8_8_2x1_intrawave_v1,713.66,1580.14,0.0
gfx950,256,240,16384,1536,ck,1,0,16.561,a8w8_blockscale_bpreshuffle_1x128x128_256x64x128x128_16x16_16x16_8x32x1_8x32x1_1x32x1x8_8_2x1_intrawave_v3,729.4,2016.71,0.0
gfx950,256,240,65536,1536,ck,0,0,48.003,a8w8_blockscale_bpreshuffle_1x128x128_256x128x128x128_16x16_16x16_8x32x1_8x32x1_1x32x1x8_8_2x1_intrawave_v3,1006.57,2760.02,0.0
gfx950,256,256,768,7168,ck,7,0,14.8687,a8w8_blockscale_bpreshuffle_1x128x128_256x16x64x256_16x16_16x16_16x16x1_16x16x1_1x16x1x16_4_1x1_intrawave_v1,189.56,520.1,0.0
gfx950,256,256,2048,7168,ck,12,0,17.7615,a8w8_blockscale_bpreshuffle_1x128x128_256x32x64x256_16x16_16x16_16x16x1_16x16x1_1x32x1x8_8_2x1_intrawave_v1,423.17,988.86,0.0
gfx950,256,256,6144,7168,ck,10,0,33.7264,a8w8_blockscale_bpreshuffle_1x128x128_256x32x64x128_16x16_16x16_8x32x1_8x32x1_1x32x1x8_8_2x1_intrawave_v1,668.57,1453.49,0.0
gfx950,256,256,7168,384,ck,9,0,6.2719,a8w8_blockscale_bpreshuffle_1x128x128_256x32x128x128_16x16_16x16_8x32x1_8x32x1_1x32x1x8_8_2x1_intrawave_v1,224.7,1039.69,0.0
gfx950,256,256,7168,768,ck,15,0,7.8607,a8w8_blockscale_bpreshuffle_1x128x128_256x64x64x128_16x16_16x16_8x32x1_8x32x1_1x32x1x8_8_2x1_intrawave_v1,358.57,1192.22,0.0
gfx950,256,256,7168,1024,ck,9,0,8.9839,a8w8_blockscale_bpreshuffle_1x128x128_256x32x128x128_16x16_16x16_8x32x1_8x32x1_1x32x1x8_8_2x1_intrawave_v1,418.31,1254.71,0.0
gfx950,256,256,7168,3072,ck,17,0,17.8049,a8w8_blockscale_bpreshuffle_1x128x128_256x64x64x256_16x16_16x16_16x16x1_16x16x1_1x32x1x8_8_2x1_intrawave_v1,633.21,1487.04,0.0
gfx950,256,256,7168,7168,ck,17,0,34.5688,a8w8_blockscale_bpreshuffle_1x128x128_256x64x64x256_16x16_16x16_16x16x1_16x16x1_1x32x1x8_8_2x1_intrawave_v1,760.99,1645.57,0.0
gfx950,256,256,7168,16384,ck,17,0,72.8932,a8w8_blockscale_bpreshuffle_1x128x128_256x64x64x256_16x16_16x16_16x16x1_16x16x1_1x32x1x8_8_2x1_intrawave_v1,824.9,1719.02,0.0
gfx950,256,256,16384,1536,ck,14,0,15.9396,a8w8_blockscale_bpreshuffle_1x128x128_256x64x128x128_16x16_16x16_8x32x1_8x32x1_1x32x1x8_8_2x1_intrawave_v1,808.36,2129.77,0.0
gfx950,256,256,65536,1536,ck,13,0,46.8458,a8w8_blockscale_bpreshuffle_1x128x128_256x64x256x128_16x16_16x16_8x32x1_8x32x1_1x32x1x8_8_2x1_intrawave_v1,1100.2,2873.49,0.0
gfx950,256,288,768,7168,ck,7,0,14.8551,a8w8_blockscale_bpreshuffle_1x128x128_256x16x64x256_16x16_16x16_16x16x1_16x16x1_1x16x1x16_4_1x1_intrawave_v1,213.45,539.33,0.0
gfx950,256,288,2048,7168,ck,12,0,21.8168,a8w8_blockscale_bpreshuffle_1x128x128_256x32x64x256_16x16_16x16_16x16x1_16x16x1_1x32x1x8_8_2x1_intrawave_v1,387.58,821.57,0.0
gfx950,256,288,6144,7168,ck,17,0,38.754,a8w8_blockscale_bpreshuffle_1x128x128_256x64x64x256_16x16_16x16_16x16x1_16x16x1_1x32x1x8_8_2x1_intrawave_v1,654.57,1280.99,0.0
gfx950,256,288,7168,384,ck,9,0,6.5082,a8w8_blockscale_bpreshuffle_1x128x128_256x32x128x128_16x16_16x16_8x32x1_8x32x1_1x32x1x8_8_2x1_intrawave_v1,243.61,1074.32,0.0
gfx950,256,288,7168,768,ck,9,0,8.4799,a8w8_blockscale_bpreshuffle_1x128x128_256x32x128x128_16x16_16x16_8x32x1_8x32x1_1x32x1x8_8_2x1_intrawave_v1,373.93,1162.16,0.0
gfx950,256,288,7168,3072,ck,9,0,20.3344,a8w8_blockscale_bpreshuffle_1x128x128_256x32x128x128_16x16_16x16_8x32x1_8x32x1_1x32x1x8_8_2x1_intrawave_v1,623.75,1329.45,0.0
gfx950,256,288,7168,7168,ck,9,0,43.0251,a8w8_blockscale_bpreshuffle_1x128x128_256x32x128x128_16x16_16x16_8x32x1_8x32x1_1x32x1x8_8_2x1_intrawave_v1,687.85,1338.13,0.0
gfx950,256,288,7168,16384,ck,9,0,94.3549,a8w8_blockscale_bpreshuffle_1x128x128_256x32x128x128_16x16_16x16_8x32x1_8x32x1_1x32x1x8_8_2x1_intrawave_v1,716.93,1338.43,0.0
gfx950,256,288,16384,1536,ck,1,0,20.7533,a8w8_blockscale_bpreshuffle_1x128x128_256x64x128x128_16x16_16x16_8x32x1_8x32x1_1x32x1x8_8_2x1_intrawave_v3,698.47,1688.67,0.0
gfx950,256,288,65536,1536,ck,1,0,62.5195,a8w8_blockscale_bpreshuffle_1x128x128_256x64x128x128_16x16_16x16_8x32x1_8x32x1_1x32x1x8_8_2x1_intrawave_v3,927.42,2220.98,0.0
gfx950,256,320,768,7168,ck,7,0,15.0599,a8w8_blockscale_bpreshuffle_1x128x128_256x16x64x256_16x16_16x16_16x16x1_16x16x1_1x16x1x16_4_1x1_intrawave_v1,233.95,550.49,0.0
gfx950,256,320,2048,7168,ck,17,0,22.6568,a8w8_blockscale_bpreshuffle_1x128x128_256x64x64x256_16x16_16x16_16x16x1_16x16x1_1x32x1x8_8_2x1_intrawave_v1,414.68,807.02,0.0
gfx950,256,320,6144,7168,ck,17,0,34.8541,a8w8_blockscale_bpreshuffle_1x128x128_256x64x64x256_16x16_16x16_16x16x1_16x16x1_1x32x1x8_8_2x1_intrawave_v1,808.68,1442.19,0.0
gfx950,256,320,7168,384,ck,4,0,6.9148,a8w8_blockscale_bpreshuffle_1x128x128_256x16x128x128_8x16_16x16_16x16x1_8x32x1_1x16x1x16_8_1x2_intrawave_v1,254.76,1079.27,0.0
gfx950,256,320,7168,768,ck,9,0,8.9693,a8w8_blockscale_bpreshuffle_1x128x128_256x32x128x128_16x16_16x16_8x32x1_8x32x1_1x32x1x8_8_2x1_intrawave_v1,392.81,1152.63,0.0
gfx950,256,320,7168,3072,ck,14,0,21.7868,a8w8_blockscale_bpreshuffle_1x128x128_256x64x128x128_16x16_16x16_8x32x1_8x32x1_1x32x1x8_8_2x1_intrawave_v1,646.85,1266.39,0.0
gfx950,256,320,7168,7168,ck,14,0,43.1291,a8w8_blockscale_bpreshuffle_1x128x128_256x64x128x128_16x16_16x16_8x32x1_8x32x1_1x32x1x8_8_2x1_intrawave_v1,762.44,1350.86,0.0
gfx950,256,320,7168,16384,ck,14,0,88.1752,a8w8_blockscale_bpreshuffle_1x128x128_256x64x128x128_16x16_16x16_8x32x1_8x32x1_1x32x1x8_8_2x1_intrawave_v1,852.42,1443.39,0.0
gfx950,256,320,16384,1536,ck,14,0,20.4655,a8w8_blockscale_bpreshuffle_1x128x128_256x64x128x128_16x16_16x16_8x32x1_8x32x1_1x32x1x8_8_2x1_intrawave_v1,786.99,1766.05,0.0
gfx950,256,320,65536,1536,ck,14,0,64.0155,a8w8_blockscale_bpreshuffle_1x128x128_256x64x128x128_16x16_16x16_8x32x1_8x32x1_1x32x1x8_8_2x1_intrawave_v1,1006.39,2235.36,0.0
gfx950,256,352,768,7168,ck,7,0,16.3672,a8w8_blockscale_bpreshuffle_1x128x128_256x16x64x256_16x16_16x16_16x16x1_16x16x1_1x16x1x16_4_1x1_intrawave_v1,236.79,523.54,0.0
gfx950,256,352,2048,7168,ck,11,0,23.3406,a8w8_blockscale_bpreshuffle_1x128x128_256x32x128x256_16x16_16x16_16x16x1_16x16x1_1x32x1x8_8_2x1_intrawave_v1,442.78,798.82,0.0
gfx950,256,352,6144,7168,ck,15,0,45.5674,a8w8_blockscale_bpreshuffle_1x128x128_256x64x64x128_16x16_16x16_8x32x1_8x32x1_1x32x1x8_8_2x1_intrawave_v1,680.41,1116.78,0.0
gfx950,256,352,7168,384,ck,10,0,7.2815,a8w8_blockscale_bpreshuffle_1x128x128_256x32x64x128_16x16_16x16_8x32x1_8x32x1_1x32x1x8_8_2x1_intrawave_v1,266.12,1089.6,0.0
gfx950,256,352,7168,768,ck,15,0,9.5607,a8w8_blockscale_bpreshuffle_1x128x128_256x64x64x128_16x16_16x16_8x32x1_8x32x1_1x32x1x8_8_2x1_intrawave_v1,405.36,1131.89,0.0
gfx950,256,352,7168,3072,ck,15,0,23.5325,a8w8_blockscale_bpreshuffle_1x128x128_256x64x64x128_16x16_16x16_8x32x1_8x32x1_1x32x1x8_8_2x1_intrawave_v1,658.75,1196.12,0.0
gfx950,256,352,7168,7168,ck,15,0,48.8862,a8w8_blockscale_bpreshuffle_1x128x128_256x64x64x128_16x16_16x16_8x32x1_8x32x1_1x32x1x8_8_2x1_intrawave_v1,739.92,1205.85,0.0
gfx950,256,352,7168,16384,ck,1,0,103.943,a8w8_blockscale_bpreshuffle_1x128x128_256x64x128x128_16x16_16x16_8x32x1_8x32x1_1x32x1x8_8_2x1_intrawave_v3,795.42,1233.89,0.0
gfx950,256,352,16384,1536,ck,1,0,21.1754,a8w8_blockscale_bpreshuffle_1x128x128_256x64x128x128_16x16_16x16_8x32x1_8x32x1_1x32x1x8_8_2x1_intrawave_v3,836.67,1758.68,0.0
gfx950,256,352,65536,1536,ck,0,0,67.2444,a8w8_blockscale_bpreshuffle_1x128x128_256x128x128x128_16x16_16x16_8x32x1_8x32x1_1x32x1x8_8_2x1_intrawave_v3,1053.87,2191.13,0.0
gfx950,256,384,768,7168,ck,7,0,16.1199,a8w8_blockscale_bpreshuffle_1x128x128_256x16x64x256_16x16_16x16_16x16x1_16x16x1_1x16x1x16_4_1x1_intrawave_v1,262.28,548.85,0.0
gfx950,256,384,2048,7168,ck,12,0,21.4864,a8w8_blockscale_bpreshuffle_1x128x128_256x32x64x256_16x16_16x16_16x16x1_16x16x1_1x32x1x8_8_2x1_intrawave_v1,524.72,884.53,0.0
gfx950,256,384,6144,7168,ck,14,0,41.5803,a8w8_blockscale_bpreshuffle_1x128x128_256x64x128x128_16x16_16x16_8x32x1_8x32x1_1x32x1x8_8_2x1_intrawave_v1,813.43,1238.84,0.0
gfx950,256,384,7168,384,ck,2,0,6.828,a8w8_blockscale_bpreshuffle_1x128x128_256x64x64x128_16x16_16x16_8x32x1_8x32x1_1x32x1x8_8_2x1_intrawave_v3,309.6,1230.96,0.0
gfx950,256,384,7168,768,ck,15,0,9.9782,a8w8_blockscale_bpreshuffle_1x128x128_256x64x64x128_16x16_16x16_8x32x1_8x32x1_1x32x1x8_8_2x1_intrawave_v1,423.71,1132.97,0.0
gfx950,256,384,7168,3072,ck,14,0,23.1192,a8w8_blockscale_bpreshuffle_1x128x128_256x64x128x128_16x16_16x16_8x32x1_8x32x1_1x32x1x8_8_2x1_intrawave_v1,731.49,1241.6,0.0
gfx950,256,384,7168,7168,ck,14,0,46.5837,a8w8_blockscale_bpreshuffle_1x128x128_256x64x128x128_16x16_16x16_8x32x1_8x32x1_1x32x1x8_8_2x1_intrawave_v1,847.08,1280.23,0.0
gfx950,256,384,7168,16384,ck,14,0,96.6634,a8w8_blockscale_bpreshuffle_1x128x128_256x64x128x128_16x16_16x16_8x32x1_8x32x1_1x32x1x8_8_2x1_intrawave_v1,933.08,1336.98,0.0
gfx950,256,384,16384,1536,ck,14,0,20.6211,a8w8_blockscale_bpreshuffle_1x128x128_256x64x128x128_16x16_16x16_8x32x1_8x32x1_1x32x1x8_8_2x1_intrawave_v1,937.26,1859.19,0.0
gfx950,256,384,65536,1536,ck,0,0,66.7819,a8w8_blockscale_bpreshuffle_1x128x128_256x128x128x128_16x16_16x16_8x32x1_8x32x1_1x32x1x8_8_2x1_intrawave_v3,1157.64,2269.85,0.0
gfx950,256,416,768,7168,ck,7,0,16.3599,a8w8_blockscale_bpreshuffle_1x128x128_256x16x64x256_16x16_16x16_16x16x1_16x16x1_1x16x1x16_4_1x1_intrawave_v1,279.96,557.82,0.0
gfx950,256,416,2048,7168,ck,11,0,24.056,a8w8_blockscale_bpreshuffle_1x128x128_256x32x128x256_16x16_16x16_16x16x1_16x16x1_1x32x1x8_8_2x1_intrawave_v1,507.72,805.03,0.0
gfx950,256,416,6144,7168,ck,15,0,48.2598,a8w8_blockscale_bpreshuffle_1x128x128_256x64x64x128_16x16_16x16_8x32x1_8x32x1_1x32x1x8_8_2x1_intrawave_v1,759.25,1080.28,0.0
gfx950,256,416,7168,384,ck,10,0,7.506,a8w8_blockscale_bpreshuffle_1x128x128_256x32x64x128_16x16_16x16_8x32x1_8x32x1_1x32x1x8_8_2x1_intrawave_v1,305.1,1182.52,0.0
gfx950,256,416,7168,768,ck,9,0,10.1199,a8w8_blockscale_bpreshuffle_1x128x128_256x32x128x128_16x16_16x16_8x32x1_8x32x1_1x32x1x8_8_2x1_intrawave_v1,452.59,1164.86,0.0
gfx950,256,416,7168,3072,ck,1,0,24.9935,a8w8_blockscale_bpreshuffle_1x128x128_256x64x128x128_16x16_16x16_8x32x1_8x32x1_1x32x1x8_8_2x1_intrawave_v3,733.02,1170.78,0.0
gfx950,256,416,7168,7168,ck,1,0,50.7654,a8w8_blockscale_bpreshuffle_1x128x128_256x64x128x128_16x16_16x16_8x32x1_8x32x1_1x32x1x8_8_2x1_intrawave_v3,842.08,1188.33,0.0
gfx950,256,416,7168,16384,ck,1,0,106.3766,a8w8_blockscale_bpreshuffle_1x128x128_256x64x128x128_16x16_16x16_8x32x1_8x32x1_1x32x1x8_8_2x1_intrawave_v3,918.53,1224.14,0.0
gfx950,256,416,16384,1536,ck,0,0,25.2605,a8w8_blockscale_bpreshuffle_1x128x128_256x128x128x128_16x16_16x16_8x32x1_8x32x1_1x32x1x8_8_2x1_intrawave_v3,828.88,1561.18,0.0
gfx950,256,416,65536,1536,ck,1,0,82.2389,a8w8_blockscale_bpreshuffle_1x128x128_256x64x128x128_16x16_16x16_8x32x1_8x32x1_1x32x1x8_8_2x1_intrawave_v3,1018.4,1894.82,0.0
gfx950,256,448,768,7168,ck,7,0,16.7263,a8w8_blockscale_bpreshuffle_1x128x128_256x16x64x256_16x16_16x16_16x16x1_16x16x1_1x16x1x16_4_1x1_intrawave_v1,294.89,562.25,0.0
gfx950,256,448,2048,7168,ck,17,0,22.804,a8w8_blockscale_bpreshuffle_1x128x128_256x64x64x256_16x16_16x16_16x16x1_16x16x1_1x32x1x8_8_2x1_intrawave_v1,576.8,865.04,0.0
gfx950,256,448,6144,7168,ck,14,0,46.362,a8w8_blockscale_bpreshuffle_1x128x128_256x64x128x128_16x16_16x16_8x32x1_8x32x1_1x32x1x8_8_2x1_intrawave_v1,851.13,1137.93,0.0
gfx950,256,448,7168,384,ck,10,0,7.4849,a8w8_blockscale_bpreshuffle_1x128x128_256x32x64x128_16x16_16x16_8x32x1_8x32x1_1x32x1x8_8_2x1_intrawave_v1,329.5,1248.79,0.0
gfx950,256,448,7168,768,ck,14,0,11.0624,a8w8_blockscale_bpreshuffle_1x128x128_256x64x128x128_16x16_16x16_8x32x1_8x32x1_1x32x1x8_8_2x1_intrawave_v1,445.88,1109.31,0.0
gfx950,256,448,7168,3072,ck,14,0,23.4462,a8w8_blockscale_bpreshuffle_1x128x128_256x64x128x128_16x16_16x16_8x32x1_8x32x1_1x32x1x8_8_2x1_intrawave_v1,841.5,1271.8,0.0
gfx950,256,448,7168,7168,ck,14,0,47.122,a8w8_blockscale_bpreshuffle_1x128x128_256x64x128x128_16x16_16x16_8x32x1_8x32x1_1x32x1x8_8_2x1_intrawave_v1,976.97,1294.81,0.0
gfx950,256,448,7168,16384,ck,14,0,98.9687,a8w8_blockscale_bpreshuffle_1x128x128_256x64x128x128_16x16_16x16_8x32x1_8x32x1_1x32x1x8_8_2x1_intrawave_v1,1063.23,1325.7,0.0
gfx950,256,448,16384,1536,ck,13,0,24.8641,a8w8_blockscale_bpreshuffle_1x128x128_256x64x256x128_16x16_16x16_8x32x1_8x32x1_1x32x1x8_8_2x1_intrawave_v1,906.87,1630.22,0.0
gfx950,256,448,65536,1536,ck,13,0,76.6731,a8w8_blockscale_bpreshuffle_1x128x128_256x64x256x128_16x16_16x16_8x32x1_8x32x1_1x32x1x8_8_2x1_intrawave_v1,1176.35,2087.72,0.0
gfx950,256,480,768,7168,ck,12,0,17.1551,a8w8_blockscale_bpreshuffle_1x128x128_256x32x64x256_16x16_16x16_16x16x1_16x16x1_1x32x1x8_8_2x1_intrawave_v1,308.06,564.44,0.0
gfx950,256,480,2048,7168,ck,12,0,24.0645,a8w8_blockscale_bpreshuffle_1x128x128_256x32x64x256_16x16_16x16_16x16x1_16x16x1_1x32x1x8_8_2x1_intrawave_v1,585.63,834.71,0.0
gfx950,256,480,6144,7168,ck,1,0,49.8485,a8w8_blockscale_bpreshuffle_1x128x128_256x64x128x128_16x16_16x16_8x32x1_8x32x1_1x32x1x8_8_2x1_intrawave_v3,848.14,1070.83,0.0
gfx950,256,480,7168,384,ck,1,0,8.1439,a8w8_blockscale_bpreshuffle_1x128x128_256x64x128x128_16x16_16x16_8x32x1_8x32x1_1x32x1x8_8_2x1_intrawave_v3,324.47,1205.58,0.0
gfx950,256,480,7168,768,ck,14,0,11.2277,a8w8_blockscale_bpreshuffle_1x128x128_256x64x128x128_16x16_16x16_8x32x1_8x32x1_1x32x1x8_8_2x1_intrawave_v1,470.7,1136.02,0.0
gfx950,256,480,7168,3072,ck,1,0,25.388,a8w8_blockscale_bpreshuffle_1x128x128_256x64x128x128_16x16_16x16_8x32x1_8x32x1_1x32x1x8_8_2x1_intrawave_v3,832.65,1196.47,0.0
gfx950,256,480,7168,7168,ck,1,0,51.1302,a8w8_blockscale_bpreshuffle_1x128x128_256x64x128x128_16x16_16x16_8x32x1_8x32x1_1x32x1x8_8_2x1_intrawave_v3,964.69,1206.77,0.0
gfx950,256,480,7168,16384,ck,1,0,105.8438,a8w8_blockscale_bpreshuffle_1x128x128_256x64x128x128_16x16_16x16_8x32x1_8x32x1_1x32x1x8_8_2x1_intrawave_v3,1065.18,1248.88,0.0
gfx950,256,480,16384,1536,ck,0,0,26.0238,a8w8_blockscale_bpreshuffle_1x128x128_256x128x128x128_16x16_16x16_8x32x1_8x32x1_1x32x1x8_8_2x1_intrawave_v3,928.35,1599.76,0.0
gfx950,256,480,65536,1536,ck,0,0,87.6277,a8w8_blockscale_bpreshuffle_1x128x128_256x128x128x128_16x16_16x16_8x32x1_8x32x1_1x32x1x8_8_2x1_intrawave_v3,1102.81,1875.15,0.0
gfx950,256,512,768,7168,ck,12,0,17.1363,a8w8_blockscale_bpreshuffle_1x128x128_256x32x64x256_16x16_16x16_16x16x1_16x16x1_1x32x1x8_8_2x1_intrawave_v1,328.96,581.31,0.0
gfx950,256,512,2048,7168,ck,17,0,23.0771,a8w8_blockscale_bpreshuffle_1x128x128_256x64x64x256_16x16_16x16_16x16x1_16x16x1_1x32x1x8_8_2x1_intrawave_v1,651.4,886.04,0.0
gfx950,256,512,6144,7168,ck,14,0,45.9221,a8w8_blockscale_bpreshuffle_1x128x128_256x64x128x128_16x16_16x16_8x32x1_8x32x1_1x32x1x8_8_2x1_intrawave_v1,982.04,1175.94,0.0
gfx950,256,512,7168,384,ck,9,0,7.8995,a8w8_blockscale_bpreshuffle_1x128x128_256x32x128x128_16x16_16x16_8x32x1_8x32x1_1x32x1x8_8_2x1_intrawave_v1,356.8,1302.51,0.0
gfx950,256,512,7168,768,ck,14,0,10.746,a8w8_blockscale_bpreshuffle_1x128x128_256x64x128x128_16x16_16x16_8x32x1_8x32x1_1x32x1x8_8_2x1_intrawave_v1,524.58,1231.93,0.0
gfx950,256,512,7168,1024,ck,14,0,11.9807,a8w8_blockscale_bpreshuffle_1x128x128_256x64x128x128_16x16_16x16_8x32x1_8x32x1_1x32x1x8_8_2x1_intrawave_v1,627.36,1269.07,0.0
gfx950,256,512,7168,3072,ck,14,0,23.5887,a8w8_blockscale_bpreshuffle_1x128x128_256x64x128x128_16x16_16x16_8x32x1_8x32x1_1x32x1x8_8_2x1_intrawave_v1,955.91,1311.35,0.0
gfx950,256,512,7168,7168,ck,14,0,46.7698,a8w8_blockscale_bpreshuffle_1x128x128_256x64x128x128_16x16_16x16_8x32x1_8x32x1_1x32x1x8_8_2x1_intrawave_v1,1124.94,1333.99,0.0
gfx950,256,512,7168,16384,ck,14,0,97.8478,a8w8_blockscale_bpreshuffle_1x128x128_256x64x128x128_16x16_16x16_8x32x1_8x32x1_1x32x1x8_8_2x1_intrawave_v1,1229.04,1360.98,0.0
gfx950,256,512,16384,1536,ck,0,0,25.2401,a8w8_blockscale_bpreshuffle_1x128x128_256x128x128x128_16x16_16x16_8x32x1_8x32x1_1x32x1x8_8_2x1_intrawave_v3,1020.99,1692.92,0.0
gfx950,256,512,65536,1536,ck,13,0,86.1261,a8w8_blockscale_bpreshuffle_1x128x128_256x64x256x128_16x16_16x16_8x32x1_8x32x1_1x32x1x8_8_2x1_intrawave_v1,1196.84,1957.11,0.0
gfx950,256,544,768,7168,ck,12,0,17.5575,a8w8_blockscale_bpreshuffle_1x128x128_256x32x64x256_16x16_16x16_16x16x1_16x16x1_1x32x1x8_8_2x1_intrawave_v1,341.13,583.23,0.0
gfx950,256,544,2048,7168,ck,9,0,30.1767,a8w8_blockscale_bpreshuffle_1x128x128_256x32x128x128_16x16_16x16_8x32x1_8x32x1_1x32x1x8_8_2x1_intrawave_v1,529.28,689.53,0.0
gfx950,256,544,6144,7168,ck,1,0,51.9855,a8w8_blockscale_bpreshuffle_1x128x128_256x64x128x128_16x16_16x16_8x32x1_8x32x1_1x32x1x8_8_2x1_intrawave_v3,921.71,1050.76,0.0
gfx950,256,544,7168,384,ck,8,0,8.1471,a8w8_blockscale_bpreshuffle_1x128x128_256x32x256x128_16x16_16x16_8x32x1_8x32x1_1x32x1x8_8_2x1_intrawave_v1,367.58,1320.74,0.0
gfx950,256,544,7168,768,ck,1,0,11.4841,a8w8_blockscale_bpreshuffle_1x128x128_256x64x128x128_16x16_16x16_8x32x1_8x32x1_1x32x1x8_8_2x1_intrawave_v3,521.54,1194.83,0.0
gfx950,256,544,7168,3072,ck,1,0,26.2441,a8w8_blockscale_bpreshuffle_1x128x128_256x64x128x128_16x16_16x16_8x32x1_8x32x1_1x32x1x8_8_2x1_intrawave_v3,912.89,1199.89,0.0
gfx950,256,544,7168,7168,ck,1,0,52.7296,a8w8_blockscale_bpreshuffle_1x128x128_256x64x128x128_16x16_16x16_8x32x1_8x32x1_1x32x1x8_8_2x1_intrawave_v3,1060.16,1196.26,0.0
gfx950,256,544,7168,16384,ck,1,0,112.7207,a8w8_blockscale_bpreshuffle_1x128x128_256x64x128x128_16x16_16x16_8x32x1_8x32x1_1x32x1x8_8_2x1_intrawave_v3,1133.56,1190.13,0.0
gfx950,256,544,16384,1536,ck,14,0,30.212,a8w8_blockscale_bpreshuffle_1x128x128_256x64x128x128_16x16_16x16_8x32x1_8x32x1_1x32x1x8_8_2x1_intrawave_v1,906.28,1450.66,0.0
gfx950,256,544,65536,1536,ck,1,0,103.4654,a8w8_blockscale_bpreshuffle_1x128x128_256x64x128x128_16x16_16x16_8x32x1_8x32x1_1x32x1x8_8_2x1_intrawave_v3,1058.53,1670.14,0.0
gfx950,256,576,768,7168,ck,7,0,17.1575,a8w8_blockscale_bpreshuffle_1x128x128_256x16x64x256_16x16_16x16_16x16x1_16x16x1_1x16x1x16_4_1x1_intrawave_v1,369.62,613.06,0.0
gfx950,256,576,2048,7168,ck,15,0,29.9593,a8w8_blockscale_bpreshuffle_1x128x128_256x64x64x128_16x16_16x16_8x32x1_8x32x1_1x32x1x8_8_2x1_intrawave_v1,564.48,706.56,0.0
gfx950,256,576,6144,7168,ck,14,0,47.8994,a8w8_blockscale_bpreshuffle_1x128x128_256x64x128x128_16x16_16x16_8x32x1_8x32x1_1x32x1x8_8_2x1_intrawave_v1,1059.18,1153.39,0.0
gfx950,256,576,7168,384,ck,14,0,7.9708,a8w8_blockscale_bpreshuffle_1x128x128_256x64x128x128_16x16_16x16_8x32x1_8x32x1_1x32x1x8_8_2x1_intrawave_v1,397.81,1409.05,0.0
gfx950,256,576,7168,768,ck,1,0,11.6866,a8w8_blockscale_bpreshuffle_1x128x128_256x64x128x128_16x16_16x16_8x32x1_8x32x1_1x32x1x8_8_2x1_intrawave_v3,542.65,1215.49,0.0
gfx950,256,576,7168,3072,ck,14,0,24.6178,a8w8_blockscale_bpreshuffle_1x128x128_256x64x128x128_16x16_16x16_8x32x1_8x32x1_1x32x1x8_8_2x1_intrawave_v1,1030.44,1301.79,0.0
gfx950,256,576,7168,7168,ck,14,0,49.6069,a8w8_blockscale_bpreshuffle_1x128x128_256x64x128x128_16x16_16x16_8x32x1_8x32x1_1x32x1x8_8_2x1_intrawave_v1,1193.18,1285.44,0.0
gfx950,256,576,7168,16384,ck,14,0,106.6486,a8w8_blockscale_bpreshuffle_1x128x128_256x64x128x128_16x16_16x16_8x32x1_8x32x1_1x32x1x8_8_2x1_intrawave_v1,1268.57,1267.11,0.0
gfx950,256,576,16384,1536,ck,14,0,29.6984,a8w8_blockscale_bpreshuffle_1x128x128_256x64x128x128_16x16_16x16_8x32x1_8x32x1_1x32x1x8_8_2x1_intrawave_v1,976.18,1512.71,0.0
gfx950,256,576,65536,1536,ck,13,0,102.137,a8w8_blockscale_bpreshuffle_1x128x128_256x64x256x128_16x16_16x16_8x32x1_8x32x1_1x32x1x8_8_2x1_intrawave_v1,1135.38,1733.41,0.0
gfx950,256,608,768,7168,ck,12,0,17.3469,a8w8_blockscale_bpreshuffle_1x128x128_256x32x64x256_16x16_16x16_16x16x1_16x16x1_1x32x1x8_8_2x1_intrawave_v1,385.9,622.42,0.0
gfx950,256,608,2048,7168,ck,9,0,30.4256,a8w8_blockscale_bpreshuffle_1x128x128_256x32x128x128_16x16_16x16_8x32x1_8x32x1_1x32x1x8_8_2x1_intrawave_v1,586.71,707.58,0.0
gfx950,256,608,6144,7168,ck,1,0,52.5117,a8w8_blockscale_bpreshuffle_1x128x128_256x64x128x128_16x16_16x16_8x32x1_8x32x1_1x32x1x8_8_2x1_intrawave_v3,1019.83,1063.94,0.0
gfx950,256,608,7168,384,ck,10,0,9.3735,a8w8_blockscale_bpreshuffle_1x128x128_256x32x64x128_16x16_16x16_8x32x1_8x32x1_1x32x1x8_8_2x1_intrawave_v1,357.08,1248.44,0.0
gfx950,256,608,7168,768,ck,9,0,12.9926,a8w8_blockscale_bpreshuffle_1x128x128_256x32x128x128_16x16_16x16_8x32x1_8x32x1_1x32x1x8_8_2x1_intrawave_v1,515.22,1130.51,0.0
gfx950,256,608,7168,3072,ck,14,0,31.7463,a8w8_blockscale_bpreshuffle_1x128x128_256x64x128x128_16x16_16x16_8x32x1_8x32x1_1x32x1x8_8_2x1_intrawave_v1,843.45,1027.02,0.0
gfx950,256,608,7168,7168,ck,14,0,65.8504,a8w8_blockscale_bpreshuffle_1x128x128_256x64x128x128_16x16_16x16_8x32x1_8x32x1_1x32x1x8_8_2x1_intrawave_v1,948.79,978.8,0.0
gfx950,256,608,7168,16384,ck,1,0,139.6729,a8w8_blockscale_bpreshuffle_1x128x128_256x64x128x128_16x16_16x16_8x32x1_8x32x1_1x32x1x8_8_2x1_intrawave_v3,1022.44,974.55,0.0
gfx950,256,608,16384,1536,ck,1,0,32.4584,a8w8_blockscale_bpreshuffle_1x128x128_256x64x128x128_16x16_16x16_8x32x1_8x32x1_1x32x1x8_8_2x1_intrawave_v3,942.8,1417.9,0.0
gfx950,256,608,65536,1536,ck,0,0,110.7175,a8w8_blockscale_bpreshuffle_1x128x128_256x128x128x128_16x16_16x16_8x32x1_8x32x1_1x32x1x8_8_2x1_intrawave_v3,1105.58,1637.4,0.0
gfx950,256,640,768,7168,ck,12,0,17.4935,a8w8_blockscale_bpreshuffle_1x128x128_256x32x64x256_16x16_16x16_16x16x1_16x16x1_1x32x1x8_8_2x1_intrawave_v1,402.8,633.13,0.0
gfx950,256,640,2048,7168,ck,9,0,30.3295,a8w8_blockscale_bpreshuffle_1x128x128_256x32x128x128_16x16_16x16_8x32x1_8x32x1_1x32x1x8_8_2x1_intrawave_v1,619.54,721.71,0.0
gfx950,256,640,6144,7168,ck,14,0,48.9872,a8w8_blockscale_bpreshuffle_1x128x128_256x64x128x128_16x16_16x16_8x32x1_8x32x1_1x32x1x8_8_2x1_intrawave_v1,1150.74,1153.2,0.0
gfx950,256,640,7168,384,ck,1,0,11.0447,a8w8_blockscale_bpreshuffle_1x128x128_256x64x128x128_16x16_16x16_8x32x1_8x32x1_1x32x1x8_8_2x1_intrawave_v3,319.0,1102.19,0.0
gfx950,256,640,7168,768,ck,14,0,13.0303,a8w8_blockscale_bpreshuffle_1x128x128_256x64x128x128_16x16_16x16_8x32x1_8x32x1_1x32x1x8_8_2x1_intrawave_v1,540.77,1164.33,0.0
gfx950,256,640,7168,3072,ck,14,0,30.4311,a8w8_blockscale_bpreshuffle_1x128x128_256x64x128x128_16x16_16x16_8x32x1_8x32x1_1x32x1x8_8_2x1_intrawave_v1,926.21,1089.71,0.0
gfx950,256,640,7168,7168,ck,14,0,62.7203,a8w8_blockscale_bpreshuffle_1x128x128_256x64x128x128_16x16_16x16_8x32x1_8x32x1_1x32x1x8_8_2x1_intrawave_v1,1048.57,1038.62,0.0
gfx950,256,640,7168,16384,ck,0,0,134.0432,a8w8_blockscale_bpreshuffle_1x128x128_256x128x128x128_16x16_16x16_8x32x1_8x32x1_1x32x1x8_8_2x1_intrawave_v3,1121.46,1022.81,0.0
gfx950,256,640,16384,1536,ck,14,0,31.7291,a8w8_blockscale_bpreshuffle_1x128x128_256x64x128x128_16x16_16x16_8x32x1_8x32x1_1x32x1x8_8_2x1_intrawave_v1,1015.23,1485.08,0.0
gfx950,256,640,65536,1536,ck,13,0,108.7007,a8w8_blockscale_bpreshuffle_1x128x128_256x64x256x128_16x16_16x16_8x32x1_8x32x1_1x32x1x8_8_2x1_intrawave_v1,1185.36,1706.82,0.0
gfx950,256,672,768,7168,ck,12,0,17.6023,a8w8_blockscale_bpreshuffle_1x128x128_256x32x64x256_16x16_16x16_16x16x1_16x16x1_1x32x1x8_8_2x1_intrawave_v1,420.33,645.04,0.0
gfx950,256,672,2048,7168,ck,9,0,30.8034,a8w8_blockscale_bpreshuffle_1x128x128_256x32x128x128_16x16_16x16_8x32x1_8x32x1_1x32x1x8_8_2x1_intrawave_v1,640.51,722.31,0.0
gfx950,256,672,6144,7168,ck,8,0,64.9791,a8w8_blockscale_bpreshuffle_1x128x128_256x32x256x128_16x16_16x16_8x32x1_8x32x1_1x32x1x8_8_2x1_intrawave_v1,910.91,878.97,0.0
gfx950,256,672,7168,384,ck,10,0,10.7471,a8w8_blockscale_bpreshuffle_1x128x128_256x32x64x128_16x16_16x16_8x32x1_8x32x1_1x32x1x8_8_2x1_intrawave_v1,344.22,1176.54,0.0
gfx950,256,672,7168,768,ck,9,0,13.4159,a8w8_blockscale_bpreshuffle_1x128x128_256x32x128x128_16x16_16x16_8x32x1_8x32x1_1x32x1x8_8_2x1_intrawave_v1,551.49,1166.89,0.0
gfx950,256,672,7168,3072,ck,14,0,32.4672,a8w8_blockscale_bpreshuffle_1x128x128_256x64x128x128_16x16_16x16_8x32x1_8x32x1_1x32x1x8_8_2x1_intrawave_v1,911.54,1038.53,0.0
gfx950,256,672,7168,7168,ck,14,0,66.8629,a8w8_blockscale_bpreshuffle_1x128x128_256x64x128x128_16x16_16x16_8x32x1_8x32x1_1x32x1x8_8_2x1_intrawave_v1,1032.79,984.57,0.0
gfx950,256,672,7168,16384,ck,1,0,142.3353,a8w8_blockscale_bpreshuffle_1x128x128_256x64x128x128_16x16_16x16_8x32x1_8x32x1_1x32x1x8_8_2x1_intrawave_v3,1108.93,970.13,0.0
gfx950,256,672,16384,1536,ck,1,0,35.7211,a8w8_blockscale_bpreshuffle_1x128x128_256x64x128x128_16x16_16x16_8x32x1_8x32x1_1x32x1x8_8_2x1_intrawave_v3,946.86,1349.85,0.0
gfx950,256,672,65536,1536,ck,0,0,123.2152,a8w8_blockscale_bpreshuffle_1x128x128_256x128x128x128_16x16_16x16_8x32x1_8x32x1_1x32x1x8_8_2x1_intrawave_v3,1098.01,1540.2,0.0
gfx950,256,704,768,7168,ck,12,0,20.392,a8w8_blockscale_bpreshuffle_1x128x128_256x32x64x256_16x16_16x16_16x16x1_16x16x1_1x32x1x8_8_2x1_intrawave_v1,380.1,570.45,0.0
gfx950,256,704,2048,7168,ck,9,0,31.0052,a8w8_blockscale_bpreshuffle_1x128x128_256x32x128x128_16x16_16x16_8x32x1_8x32x1_1x32x1x8_8_2x1_intrawave_v1,666.65,729.23,0.0
gfx950,256,704,6144,7168,ck,14,0,62.856,a8w8_blockscale_bpreshuffle_1x128x128_256x64x128x128_16x16_16x16_8x32x1_8x32x1_1x32x1x8_8_2x1_intrawave_v1,986.52,918.56,0.0
gfx950,256,704,7168,384,ck,8,0,10.9348,a8w8_blockscale_bpreshuffle_1x128x128_256x32x256x128_16x16_16x16_8x32x1_8x32x1_1x32x1x8_8_2x1_intrawave_v1,354.42,1199.42,0.0
gfx950,256,704,7168,768,ck,14,0,13.3273,a8w8_blockscale_bpreshuffle_1x128x128_256x64x128x128_16x16_16x16_8x32x1_8x32x1_1x32x1x8_8_2x1_intrawave_v1,581.59,1210.92,0.0
gfx950,256,704,7168,3072,ck,14,0,31.2535,a8w8_blockscale_bpreshuffle_1x128x128_256x64x128x128_16x16_16x16_8x32x1_8x32x1_1x32x1x8_8_2x1_intrawave_v1,992.03,1096.69,0.0
gfx950,256,704,7168,7168,ck,14,0,66.1745,a8w8_blockscale_bpreshuffle_1x128x128_256x64x128x128_16x16_16x16_8x32x1_8x32x1_1x32x1x8_8_2x1_intrawave_v1,1093.22,1005.21,0.0
gfx950,256,704,7168,16384,ck,14,0,138.5488,a8w8_blockscale_bpreshuffle_1x128x128_256x64x128x128_16x16_16x16_8x32x1_8x32x1_1x32x1x8_8_2x1_intrawave_v1,1193.49,1003.74,0.0
gfx950,256,704,16384,1536,ck,14,0,34.6693,a8w8_blockscale_bpreshuffle_1x128x128_256x64x128x128_16x16_16x16_8x32x1_8x32x1_1x32x1x8_8_2x1_intrawave_v1,1022.04,1422.46,0.0
gfx950,256,704,65536,1536,ck,13,0,118.1424,a8w8_blockscale_bpreshuffle_1x128x128_256x64x256x128_16x16_16x16_8x32x1_8x32x1_1x32x1x8_8_2x1_intrawave_v1,1199.69,1642.25,0.0
gfx950,256,736,768,7168,ck,12,0,20.684,a8w8_blockscale_bpreshuffle_1x128x128_256x32x64x256_16x16_16x16_16x16x1_16x16x1_1x32x1x8_8_2x1_intrawave_v1,391.77,575.86,0.0
gfx950,256,736,2048,7168,ck,9,0,31.0063,a8w8_blockscale_bpreshuffle_1x128x128_256x32x128x128_16x16_16x16_8x32x1_8x32x1_1x32x1x8_8_2x1_intrawave_v1,696.92,740.83,0.0
gfx950,256,736,6144,7168,ck,14,0,64.6812,a8w8_blockscale_bpreshuffle_1x128x128_256x64x128x128_16x16_16x16_8x32x1_8x32x1_1x32x1x8_8_2x1_intrawave_v1,1002.26,902.27,0.0
gfx950,256,736,7168,384,ck,9,0,10.3861,a8w8_blockscale_bpreshuffle_1x128x128_256x32x128x128_16x16_16x16_8x32x1_8x32x1_1x32x1x8_8_2x1_intrawave_v1,390.11,1308.14,0.0
gfx950,256,736,7168,768,ck,14,0,13.9415,a8w8_blockscale_bpreshuffle_1x128x128_256x64x128x128_16x16_16x16_8x32x1_8x32x1_1x32x1x8_8_2x1_intrawave_v1,581.24,1192.24,0.0
gfx950,256,736,7168,3072,ck,1,0,32.6851,a8w8_blockscale_bpreshuffle_1x128x128_256x64x128x128_16x16_16x16_8x32x1_8x32x1_1x32x1x8_8_2x1_intrawave_v3,991.69,1065.7,0.0
gfx950,256,736,7168,7168,ck,1,0,67.4795,a8w8_blockscale_bpreshuffle_1x128x128_256x64x128x128_16x16_16x16_8x32x1_8x32x1_1x32x1x8_8_2x1_intrawave_v3,1120.81,995.96,0.0
gfx950,256,736,7168,16384,ck,14,0,144.2681,a8w8_blockscale_bpreshuffle_1x128x128_256x64x128x128_16x16_16x16_8x32x1_8x32x1_1x32x1x8_8_2x1_intrawave_v1,1198.27,970.77,0.0
gfx950,256,736,16384,1536,ck,1,0,35.3825,a8w8_blockscale_bpreshuffle_1x128x128_256x64x128x128_16x16_16x16_8x32x1_8x32x1_1x32x1x8_8_2x1_intrawave_v3,1046.96,1424.82,0.0
gfx950,256,736,65536,1536,ck,0,0,129.3424,a8w8_blockscale_bpreshuffle_1x128x128_256x128x128x128_16x16_16x16_8x32x1_8x32x1_1x32x1x8_8_2x1_intrawave_v3,1145.61,1532.85,0.0
gfx950,256,768,768,7168,ck,12,0,20.7951,a8w8_blockscale_bpreshuffle_1x128x128_256x32x64x256_16x16_16x16_16x16x1_16x16x1_1x32x1x8_8_2x1_intrawave_v1,406.62,586.18,0.0
gfx950,256,768,2048,7168,ck,15,0,30.3664,a8w8_blockscale_bpreshuffle_1x128x128_256x64x64x128_16x16_16x16_8x32x1_8x32x1_1x32x1x8_8_2x1_intrawave_v1,742.55,768.31,0.0
gfx950,256,768,6144,7168,ck,14,0,61.0306,a8w8_blockscale_bpreshuffle_1x128x128_256x64x128x128_16x16_16x16_8x32x1_8x32x1_1x32x1x8_8_2x1_intrawave_v1,1108.39,966.44,0.0
gfx950,256,768,7168,384,ck,9,0,11.1104,a8w8_blockscale_bpreshuffle_1x128x128_256x32x128x128_16x16_16x16_8x32x1_8x32x1_1x32x1x8_8_2x1_intrawave_v1,380.53,1265.25,0.0
gfx950,256,768,7168,768,ck,14,0,13.6359,a8w8_blockscale_bpreshuffle_1x128x128_256x64x128x128_16x16_16x16_8x32x1_8x32x1_1x32x1x8_8_2x1_intrawave_v1,620.11,1254.4,0.0
gfx950,256,768,7168,3072,ck,1,0,31.7688,a8w8_blockscale_bpreshuffle_1x128x128_256x64x128x128_16x16_16x16_8x32x1_8x32x1_1x32x1x8_8_2x1_intrawave_v3,1064.66,1113.97,0.0
gfx950,256,768,7168,7168,ck,14,0,66.357,a8w8_blockscale_bpreshuffle_1x128x128_256x64x128x128_16x16_16x16_8x32x1_8x32x1_1x32x1x8_8_2x1_intrawave_v1,1189.32,1023.18,0.0
gfx950,256,768,7168,16384,ck,14,0,139.2193,a8w8_blockscale_bpreshuffle_1x128x128_256x64x128x128_16x16_16x16_8x32x1_8x32x1_1x32x1x8_8_2x1_intrawave_v1,1295.72,1013.03,0.0
gfx950,256,768,16384,1536,ck,14,0,33.8642,a8w8_blockscale_bpreshuffle_1x128x128_256x64x128x128_16x16_16x16_8x32x1_8x32x1_1x32x1x8_8_2x1_intrawave_v1,1141.46,1521.11,0.0
gfx950,256,768,65536,1536,ck,13,0,123.0728,a8w8_blockscale_bpreshuffle_1x128x128_256x64x256x128_16x16_16x16_8x32x1_8x32x1_1x32x1x8_8_2x1_intrawave_v1,1256.32,1645.42,0.0
gfx950,256,800,768,7168,ck,12,0,20.9576,a8w8_blockscale_bpreshuffle_1x128x128_256x32x64x256_16x16_16x16_16x16x1_16x16x1_1x32x1x8_8_2x1_intrawave_v1,420.28,594.93,0.0
gfx950,256,800,2048,7168,ck,11,0,32.1105,a8w8_blockscale_bpreshuffle_1x128x128_256x32x128x256_16x16_16x16_16x16x1_16x16x1_1x32x1x8_8_2x1_intrawave_v1,731.48,737.8,0.0
gfx950,256,800,6144,7168,ck,1,0,70.2421,a8w8_blockscale_bpreshuffle_1x128x128_256x64x128x128_16x16_16x16_8x32x1_8x32x1_1x32x1x8_8_2x1_intrawave_v3,1003.16,848.57,0.0
gfx950,256,800,7168,384,ck,9,0,10.6893,a8w8_blockscale_bpreshuffle_1x128x128_256x32x128x128_16x16_16x16_8x32x1_8x32x1_1x32x1x8_8_2x1_intrawave_v1,412.0,1359.16,0.0
gfx950,256,800,7168,768,ck,1,0,14.2287,a8w8_blockscale_bpreshuffle_1x128x128_256x64x128x128_16x16_16x16_8x32x1_8x32x1_1x32x1x8_8_2x1_intrawave_v3,619.03,1236.11,0.0
gfx950,256,800,7168,3072,ck,14,0,34.6291,a8w8_blockscale_bpreshuffle_1x128x128_256x64x128x128_16x16_16x16_8x32x1_8x32x1_1x32x1x8_8_2x1_intrawave_v1,1017.41,1038.04,0.0
gfx950,256,800,7168,7168,ck,1,0,71.9221,a8w8_blockscale_bpreshuffle_1x128x128_256x64x128x128_16x16_16x16_8x32x1_8x32x1_1x32x1x8_8_2x1_intrawave_v3,1143.02,953.58,0.0
gfx950,256,800,7168,16384,ck,14,0,151.201,a8w8_blockscale_bpreshuffle_1x128x128_256x64x128x128_16x16_16x16_8x32x1_8x32x1_1x32x1x8_8_2x1_intrawave_v1,1242.75,939.26,0.0
gfx950,256,800,16384,1536,ck,1,0,40.1896,a8w8_blockscale_bpreshuffle_1x128x128_256x64x128x128_16x16_16x16_8x32x1_8x32x1_1x32x1x8_8_2x1_intrawave_v3,1001.88,1309.02,0.0
gfx950,256,800,65536,1536,ck,0,0,147.4945,a8w8_blockscale_bpreshuffle_1x128x128_256x128x128x128_16x16_16x16_8x32x1_8x32x1_1x32x1x8_8_2x1_intrawave_v3,1091.98,1401.75,0.0
gfx950,256,832,768,7168,ck,12,0,20.8864,a8w8_blockscale_bpreshuffle_1x128x128_256x32x64x256_16x16_16x16_16x16x1_16x16x1_1x32x1x8_8_2x1_intrawave_v1,438.58,610.29,0.0
gfx950,256,832,2048,7168,ck,9,0,31.8803,a8w8_blockscale_bpreshuffle_1x128x128_256x32x128x128_16x16_16x16_8x32x1_8x32x1_1x32x1x8_8_2x1_intrawave_v1,766.23,754.44,0.0
gfx950,256,832,6144,7168,ck,14,0,67.6352,a8w8_blockscale_bpreshuffle_1x128x128_256x64x128x128_16x16_16x16_8x32x1_8x32x1_1x32x1x8_8_2x1_intrawave_v1,1083.5,890.48,0.0
gfx950,256,832,7168,384,ck,14,0,10.8,a8w8_blockscale_bpreshuffle_1x128x128_256x64x128x128_16x16_16x16_8x32x1_8x32x1_1x32x1x8_8_2x1_intrawave_v1,424.09,1388.85,0.0
gfx950,256,832,7168,768,ck,14,0,13.8807,a8w8_blockscale_bpreshuffle_1x128x128_256x64x128x128_16x16_16x16_8x32x1_8x32x1_1x32x1x8_8_2x1_intrawave_v1,659.94,1301.92,0.0
gfx950,256,832,7168,3072,ck,14,0,33.2102,a8w8_blockscale_bpreshuffle_1x128x128_256x64x128x128_16x16_16x16_8x32x1_8x32x1_1x32x1x8_8_2x1_intrawave_v1,1103.32,1099.17,0.0
gfx950,256,832,7168,7168,ck,14,0,71.1669,a8w8_blockscale_bpreshuffle_1x128x128_256x64x128x128_16x16_16x16_8x32x1_8x32x1_1x32x1x8_8_2x1_intrawave_v1,1201.35,973.37,0.0
gfx950,256,832,7168,16384,ck,14,0,151.3242,a8w8_blockscale_bpreshuffle_1x128x128_256x64x128x128_16x16_16x16_8x32x1_8x32x1_1x32x1x8_8_2x1_intrawave_v1,1291.41,944.99,0.0
gfx950,256,832,16384,1536,ck,14,0,39.7107,a8w8_blockscale_bpreshuffle_1x128x128_256x64x128x128_16x16_16x16_8x32x1_8x32x1_1x32x1x8_8_2x1_intrawave_v1,1054.53,1352.45,0.0
gfx950,256,832,65536,1536,ck,13,0,141.8265,a8w8_blockscale_bpreshuffle_1x128x128_256x64x256x128_16x16_16x16_8x32x1_8x32x1_1x32x1x8_8_2x1_intrawave_v1,1181.05,1487.68,0.0
gfx950,256,864,768,7168,ck,12,0,20.9408,a8w8_blockscale_bpreshuffle_1x128x128_256x32x64x256_16x16_16x16_16x16x1_16x16x1_1x32x1x8_8_2x1_intrawave_v1,454.27,622.0,0.0
gfx950,256,864,2048,7168,ck,9,0,32.0972,a8w8_blockscale_bpreshuffle_1x128x128_256x32x128x128_16x16_16x16_8x32x1_8x32x1_1x32x1x8_8_2x1_intrawave_v1,790.32,760.57,0.0
gfx950,256,864,6144,7168,ck,1,0,67.7426,a8w8_blockscale_bpreshuffle_1x128x128_256x64x128x128_16x16_16x16_8x32x1_8x32x1_1x32x1x8_8_2x1_intrawave_v3,1123.39,898.26,0.0
gfx950,256,864,7168,384,ck,9,0,11.4195,a8w8_blockscale_bpreshuffle_1x128x128_256x32x128x128_16x16_16x16_8x32x1_8x32x1_1x32x1x8_8_2x1_intrawave_v1,416.51,1354.75,0.0
gfx950,256,864,7168,768,ck,9,0,15.0252,a8w8_blockscale_bpreshuffle_1x128x128_256x32x128x128_16x16_16x16_8x32x1_8x32x1_1x32x1x8_8_2x1_intrawave_v1,633.12,1234.92,0.0
gfx950,256,864,7168,3072,ck,0,0,39.2776,a8w8_blockscale_bpreshuffle_1x128x128_256x128x128x128_16x16_16x16_8x32x1_8x32x1_1x32x1x8_8_2x1_intrawave_v3,968.76,943.56,0.0
gfx950,256,864,7168,7168,ck,0,0,78.8252,a8w8_blockscale_bpreshuffle_1x128x128_256x128x128x128_16x16_16x16_8x32x1_8x32x1_1x32x1x8_8_2x1_intrawave_v3,1126.35,887.53,0.0
gfx950,256,864,7168,16384,ck,0,0,161.5234,a8w8_blockscale_bpreshuffle_1x128x128_256x128x128x128_16x16_16x16_8x32x1_8x32x1_1x32x1x8_8_2x1_intrawave_v3,1256.4,891.4,0.0
gfx950,256,864,16384,1536,ck,1,0,41.3666,a8w8_blockscale_bpreshuffle_1x128x128_256x64x128x128_16x16_16x16_8x32x1_8x32x1_1x32x1x8_8_2x1_intrawave_v3,1051.25,1324.85,0.0
gfx950,256,864,65536,1536,ck,0,0,146.3857,a8w8_blockscale_bpreshuffle_1x128x128_256x128x128x128_16x16_16x16_8x32x1_8x32x1_1x32x1x8_8_2x1_intrawave_v3,1188.27,1470.34,0.0
gfx950,256,896,768,7168,ck,12,0,21.132,a8w8_blockscale_bpreshuffle_1x128x128_256x32x64x256_16x16_16x16_16x16x1_16x16x1_1x32x1x8_8_2x1_intrawave_v1,466.83,629.56,0.0
gfx950,256,896,2048,7168,ck,9,0,32.6763,a8w8_blockscale_bpreshuffle_1x128x128_256x32x128x128_16x16_16x16_8x32x1_8x32x1_1x32x1x8_8_2x1_intrawave_v1,805.07,758.12,0.0
gfx950,256,896,6144,7168,ck,14,0,65.694,a8w8_blockscale_bpreshuffle_1x128x128_256x64x128x128_16x16_16x16_8x32x1_8x32x1_1x32x1x8_8_2x1_intrawave_v1,1201.33,935.74,0.0
gfx950,256,896,7168,384,ck,9,0,11.6899,a8w8_blockscale_bpreshuffle_1x128x128_256x32x128x128_16x16_16x16_8x32x1_8x32x1_1x32x1x8_8_2x1_intrawave_v1,421.95,1363.71,0.0
gfx950,256,896,7168,768,ck,9,0,15.9631,a8w8_blockscale_bpreshuffle_1x128x128_256x32x128x128_16x16_16x16_8x32x1_8x32x1_1x32x1x8_8_2x1_intrawave_v1,617.99,1192.64,0.0
gfx950,256,896,7168,3072,ck,0,0,36.7869,a8w8_blockscale_bpreshuffle_1x128x128_256x128x128x128_16x16_16x16_8x32x1_8x32x1_1x32x1x8_8_2x1_intrawave_v3,1072.66,1022.58,0.0
gfx950,256,896,7168,7168,ck,0,0,74.9579,a8w8_blockscale_bpreshuffle_1x128x128_256x128x128x128_16x16_16x16_8x32x1_8x32x1_1x32x1x8_8_2x1_intrawave_v3,1228.33,942.5,0.0
gfx950,256,896,7168,16384,ck,0,0,155.3002,a8w8_blockscale_bpreshuffle_1x128x128_256x128x128x128_16x16_16x16_8x32x1_8x32x1_1x32x1x8_8_2x1_intrawave_v3,1355.14,933.45,0.0
gfx950,256,896,16384,1536,ck,14,0,39.4887,a8w8_blockscale_bpreshuffle_1x128x128_256x64x128x128_16x16_16x16_8x32x1_8x32x1_1x32x1x8_8_2x1_intrawave_v1,1142.03,1415.65,0.0
gfx950,256,896,65536,1536,ck,13,0,144.1577,a8w8_blockscale_bpreshuffle_1x128x128_256x64x256x128_16x16_16x16_8x32x1_8x32x1_1x32x1x8_8_2x1_intrawave_v1,1251.33,1522.5,0.0
gfx950,256,928,768,7168,ck,12,0,21.2064,a8w8_blockscale_bpreshuffle_1x128x128_256x32x64x256_16x16_16x16_16x16x1_16x16x1_1x32x1x8_8_2x1_intrawave_v1,481.8,640.48,0.0
gfx950,256,928,2048,7168,ck,11,0,36.0481,a8w8_blockscale_bpreshuffle_1x128x128_256x32x128x256_16x16_16x16_16x16x1_16x16x1_1x32x1x8_8_2x1_intrawave_v1,755.83,697.21,0.0
gfx950,256,928,6144,7168,ck,1,0,70.6812,a8w8_blockscale_bpreshuffle_1x128x128_256x64x128x128_16x16_16x16_8x32x1_8x32x1_1x32x1x8_8_2x1_intrawave_v3,1156.44,878.53,0.0
gfx950,256,928,7168,384,ck,9,0,11.9091,a8w8_blockscale_bpreshuffle_1x128x128_256x32x128x128_16x16_16x16_8x32x1_8x32x1_1x32x1x8_8_2x1_intrawave_v1,428.97,1378.16,0.0
gfx950,256,928,7168,768,ck,9,0,16.6967,a8w8_blockscale_bpreshuffle_1x128x128_256x32x128x128_16x16_16x16_8x32x1_8x32x1_1x32x1x8_8_2x1_intrawave_v1,611.94,1169.19,0.0
gfx950,256,928,7168,3072,ck,0,0,39.4989,a8w8_blockscale_bpreshuffle_1x128x128_256x128x128x128_16x16_16x16_8x32x1_8x32x1_1x32x1x8_8_2x1_intrawave_v3,1034.69,966.48,0.0
gfx950,256,928,7168,7168,ck,0,0,79.7469,a8w8_blockscale_bpreshuffle_1x128x128_256x128x128x128_16x16_16x16_8x32x1_8x32x1_1x32x1x8_8_2x1_intrawave_v3,1195.8,894.53,0.0
gfx950,256,928,7168,16384,ck,0,0,167.5067,a8w8_blockscale_bpreshuffle_1x128x128_256x128x128x128_16x16_16x16_8x32x1_8x32x1_1x32x1x8_8_2x1_intrawave_v3,1301.26,871.3,0.0
gfx950,256,928,16384,1536,ck,0,0,46.539,a8w8_blockscale_bpreshuffle_1x128x128_256x128x128x128_16x16_16x16_8x32x1_8x32x1_1x32x1x8_8_2x1_intrawave_v3,1003.63,1224.78,0.0
gfx950,256,928,65536,1536,ck,0,0,162.6575,a8w8_blockscale_bpreshuffle_1x128x128_256x128x128x128_16x16_16x16_8x32x1_8x32x1_1x32x1x8_8_2x1_intrawave_v3,1148.62,1375.43,0.0
gfx950,256,960,768,7168,ck,17,0,22.78,a8w8_blockscale_bpreshuffle_1x128x128_256x64x64x256_16x16_16x16_16x16x1_16x16x1_1x32x1x8_8_2x1_intrawave_v1,463.99,608.47,0.0
gfx950,256,960,2048,7168,ck,15,0,33.5808,a8w8_blockscale_bpreshuffle_1x128x128_256x64x64x128_16x16_16x16_8x32x1_8x32x1_1x32x1x8_8_2x1_intrawave_v1,839.34,759.17,0.0
gfx950,256,960,6144,7168,ck,14,0,69.3195,a8w8_blockscale_bpreshuffle_1x128x128_256x64x128x128_16x16_16x16_8x32x1_8x32x1_1x32x1x8_8_2x1_intrawave_v1,1219.82,904.77,0.0
gfx950,256,960,7168,384,ck,9,0,12.102,a8w8_blockscale_bpreshuffle_1x128x128_256x32x128x128_16x16_16x16_8x32x1_8x32x1_1x32x1x8_8_2x1_intrawave_v1,436.69,1395.12,0.0
gfx950,256,960,7168,768,ck,13,0,16.56,a8w8_blockscale_bpreshuffle_1x128x128_256x64x256x128_16x16_16x16_8x32x1_8x32x1_1x32x1x8_8_2x1_intrawave_v1,638.26,1208.02,0.0
gfx950,256,960,7168,3072,ck,13,0,38.4466,a8w8_blockscale_bpreshuffle_1x128x128_256x64x256x128_16x16_16x16_8x32x1_8x32x1_1x32x1x8_8_2x1_intrawave_v1,1099.67,1007.42,0.0
gfx950,256,960,7168,7168,ck,13,0,79.5421,a8w8_blockscale_bpreshuffle_1x128x128_256x64x256x128_16x16_16x16_8x32x1_8x32x1_1x32x1x8_8_2x1_intrawave_v1,1240.22,905.48,0.0
gfx950,256,960,7168,16384,ck,0,0,167.4843,a8w8_blockscale_bpreshuffle_1x128x128_256x128x128x128_16x16_16x16_8x32x1_8x32x1_1x32x1x8_8_2x1_intrawave_v3,1346.31,877.29,0.0
gfx950,256,960,16384,1536,ck,13,0,44.4164,a8w8_blockscale_bpreshuffle_1x128x128_256x64x256x128_16x16_16x16_8x32x1_8x32x1_1x32x1x8_8_2x1_intrawave_v1,1087.85,1308.02,0.0
gfx950,256,960,65536,1536,ck,13,0,158.7106,a8w8_blockscale_bpreshuffle_1x128x128_256x64x256x128_16x16_16x16_8x32x1_8x32x1_1x32x1x8_8_2x1_intrawave_v1,1217.77,1436.37,0.0
gfx950,256,992,768,7168,ck,11,0,24.1424,a8w8_blockscale_bpreshuffle_1x128x128_256x32x128x256_16x16_16x16_16x16x1_16x16x1_1x32x1x8_8_2x1_intrawave_v1,452.4,585.67,0.0
gfx950,256,992,2048,7168,ck,11,0,37.2803,a8w8_blockscale_bpreshuffle_1x128x128_256x32x128x256_16x16_16x16_16x16x1_16x16x1_1x32x1x8_8_2x1_intrawave_v1,781.25,693.5,0.0
gfx950,256,992,6144,7168,ck,1,0,72.162,a8w8_blockscale_bpreshuffle_1x128x128_256x64x128x128_16x16_16x16_8x32x1_8x32x1_1x32x1x8_8_2x1_intrawave_v3,1210.83,877.75,0.0
gfx950,256,992,7168,384,ck,9,0,12.7493,a8w8_blockscale_bpreshuffle_1x128x128_256x32x128x128_16x16_16x16_8x32x1_8x32x1_1x32x1x8_8_2x1_intrawave_v1,428.34,1361.23,0.0
gfx950,256,992,7168,768,ck,0,0,17.5591,a8w8_blockscale_bpreshuffle_1x128x128_256x128x128x128_16x16_16x16_8x32x1_8x32x1_1x32x1x8_8_2x1_intrawave_v3,622.01,1166.81,0.0
gfx950,256,992,7168,3072,ck,0,0,40.0606,a8w8_blockscale_bpreshuffle_1x128x128_256x128x128x128_16x16_16x16_8x32x1_8x32x1_1x32x1x8_8_2x1_intrawave_v3,1090.54,980.73,0.0
gfx950,256,992,7168,7168,ck,0,0,79.5972,a8w8_blockscale_bpreshuffle_1x128x128_256x128x128x128_16x16_16x16_8x32x1_8x32x1_1x32x1x8_8_2x1_intrawave_v3,1280.68,913.5,0.0
gfx950,256,992,7168,16384,ck,0,0,166.7963,a8w8_blockscale_bpreshuffle_1x128x128_256x128x128x128_16x16_16x16_8x32x1_8x32x1_1x32x1x8_8_2x1_intrawave_v3,1396.93,886.8,0.0
gfx950,256,992,16384,1536,ck,0,0,47.2444,a8w8_blockscale_bpreshuffle_1x128x128_256x128x128x128_16x16_16x16_8x32x1_8x32x1_1x32x1x8_8_2x1_intrawave_v3,1056.82,1252.96,0.0
gfx950,256,992,65536,1536,ck,0,0,166.1411,a8w8_blockscale_bpreshuffle_1x128x128_256x128x128x128_16x16_16x16_8x32x1_8x32x1_1x32x1x8_8_2x1_intrawave_v3,1202.09,1397.67,0.0
gfx950,256,1024,768,7168,ck,17,0,22.9853,a8w8_blockscale_bpreshuffle_1x128x128_256x64x64x256_16x16_16x16_16x16x1_16x16x1_1x32x1x8_8_2x1_intrawave_v1,490.5,627.27,0.0
gfx950,256,1024,2048,7168,ck,15,0,34.4733,a8w8_blockscale_bpreshuffle_1x128x128_256x64x64x128_16x16_16x16_8x32x1_8x32x1_1x32x1x8_8_2x1_intrawave_v1,872.12,760.43,0.0
gfx950,256,1024,6144,7168,ck,14,0,69.7619,a8w8_blockscale_bpreshuffle_1x128x128_256x64x128x128_16x16_16x16_8x32x1_8x32x1_1x32x1x8_8_2x1_intrawave_v1,1292.89,916.88,0.0
gfx950,256,1024,7168,384,ck,14,0,13.0847,a8w8_blockscale_bpreshuffle_1x128x128_256x64x128x128_16x16_16x16_8x32x1_8x32x1_1x32x1x8_8_2x1_intrawave_v1,430.82,1362.34,0.0
gfx950,256,1024,7168,768,ck,13,0,16.9919,a8w8_blockscale_bpreshuffle_1x128x128_256x64x256x128_16x16_16x16_8x32x1_8x32x1_1x32x1x8_8_2x1_intrawave_v1,663.51,1234.21,0.0
gfx950,256,1024,7168,1024,ck,0,0,19.2849,a8w8_blockscale_bpreshuffle_1x128x128_256x128x128x128_16x16_16x16_8x32x1_8x32x1_1x32x1x8_8_2x1_intrawave_v3,779.49,1196.2,0.0
gfx950,256,1024,7168,3072,ck,0,0,37.3612,a8w8_blockscale_bpreshuffle_1x128x128_256x128x128x128_16x16_16x16_8x32x1_8x32x1_1x32x1x8_8_2x1_intrawave_v3,1207.06,1066.5,0.0
gfx950,256,1024,7168,7168,ck,0,0,74.0729,a8w8_blockscale_bpreshuffle_1x128x128_256x128x128x128_16x16_16x16_8x32x1_8x32x1_1x32x1x8_8_2x1_intrawave_v3,1420.58,990.92,0.0
gfx950,256,1024,7168,16384,ck,0,0,152.8282,a8w8_blockscale_bpreshuffle_1x128x128_256x128x128x128_16x16_16x16_8x32x1_8x32x1_1x32x1x8_8_2x1_intrawave_v3,1573.78,974.28,0.0
gfx950,256,1024,16384,1536,ck,13,0,45.3203,a8w8_blockscale_bpreshuffle_1x128x128_256x64x256x128_16x16_16x16_8x32x1_8x32x1_1x32x1x8_8_2x1_intrawave_v1,1137.23,1330.38,0.0
gfx950,256,1024,65536,1536,ck,0,0,163.6923,a8w8_blockscale_bpreshuffle_1x128x128_256x128x128x128_16x16_16x16_8x32x1_8x32x1_1x32x1x8_8_2x1_intrawave_v3,1259.43,1444.5,0.0
gfx950,256,1088,768,7168,ck,17,0,23.2424,a8w8_blockscale_bpreshuffle_1x128x128_256x64x64x256_16x16_16x16_16x16x1_16x16x1_1x32x1x8_8_2x1_intrawave_v1,515.39,644.3,0.0
gfx950,256,1088,2048,7168,ck,14,0,40.3583,a8w8_blockscale_bpreshuffle_1x128x128_256x64x128x128_16x16_16x16_8x32x1_8x32x1_1x32x1x8_8_2x1_intrawave_v1,791.51,667.4,0.0
gfx950,256,1088,6144,7168,ck,13,0,79.7354,a8w8_blockscale_bpreshuffle_1x128x128_256x64x256x128_16x16_16x16_8x32x1_8x32x1_1x32x1x8_8_2x1_intrawave_v1,1201.87,817.81,0.0
gfx950,256,1088,7168,384,ck,14,0,12.8041,a8w8_blockscale_bpreshuffle_1x128x128_256x64x128x128_16x16_16x16_8x32x1_8x32x1_1x32x1x8_8_2x1_intrawave_v1,467.78,1465.77,0.0
gfx950,256,1088,7168,768,ck,13,0,16.9085,a8w8_blockscale_bpreshuffle_1x128x128_256x64x256x128_16x16_16x16_8x32x1_8x32x1_1x32x1x8_8_2x1_intrawave_v1,708.46,1297.46,0.0
gfx950,256,1088,7168,3072,ck,13,0,39.651,a8w8_blockscale_bpreshuffle_1x128x128_256x64x256x128_16x16_16x16_8x32x1_8x32x1_1x32x1x8_8_2x1_intrawave_v1,1208.44,1033.01,0.0
gfx950,256,1088,7168,7168,ck,13,0,82.5262,a8w8_blockscale_bpreshuffle_1x128x128_256x64x256x128_16x16_16x16_8x32x1_8x32x1_1x32x1x8_8_2x1_intrawave_v1,1354.76,906.09,0.0
gfx950,256,1088,7168,16384,ck,0,0,171.6035,a8w8_blockscale_bpreshuffle_1x128x128_256x128x128x128_16x16_16x16_8x32x1_8x32x1_1x32x1x8_8_2x1_intrawave_v3,1489.19,879.14,0.0
gfx950,256,1088,16384,1536,ck,14,0,51.7453,a8w8_blockscale_bpreshuffle_1x128x128_256x64x128x128_16x16_16x16_8x32x1_8x32x1_1x32x1x8_8_2x1_intrawave_v1,1058.28,1207.62,0.0
gfx950,256,1088,65536,1536,ck,0,0,183.6757,a8w8_blockscale_bpreshuffle_1x128x128_256x128x128x128_16x16_16x16_8x32x1_8x32x1_1x32x1x8_8_2x1_intrawave_v3,1192.55,1333.55,0.0
gfx950,256,1152,768,7168,ck,12,0,21.8688,a8w8_blockscale_bpreshuffle_1x128x128_256x32x64x256_16x16_16x16_16x16x1_16x16x1_1x32x1x8_8_2x1_intrawave_v1,579.98,710.24,0.0
gfx950,256,1152,2048,7168,ck,14,0,40.7125,a8w8_blockscale_bpreshuffle_1x128x128_256x64x128x128_16x16_16x16_8x32x1_8x32x1_1x32x1x8_8_2x1_intrawave_v1,830.77,679.3,0.0
gfx950,256,1152,6144,7168,ck,0,0,74.4154,a8w8_blockscale_bpreshuffle_1x128x128_256x128x128x128_16x16_16x16_8x32x1_8x32x1_1x32x1x8_8_2x1_intrawave_v3,1363.54,893.01,0.0
gfx950,256,1152,7168,384,ck,14,0,12.9191,a8w8_blockscale_bpreshuffle_1x128x128_256x64x128x128_16x16_16x16_8x32x1_8x32x1_1x32x1x8_8_2x1_intrawave_v1,490.88,1525.64,0.0
gfx950,256,1152,7168,768,ck,14,0,17.1355,a8w8_blockscale_bpreshuffle_1x128x128_256x64x128x128_16x16_16x16_8x32x1_8x32x1_1x32x1x8_8_2x1_intrawave_v1,740.19,1336.69,0.0
gfx950,256,1152,7168,3072,ck,0,0,38.6297,a8w8_blockscale_bpreshuffle_1x128x128_256x128x128x128_16x16_16x16_8x32x1_8x32x1_1x32x1x8_8_2x1_intrawave_v3,1313.35,1089.16,0.0
gfx950,256,1152,7168,7168,ck,0,0,78.2429,a8w8_blockscale_bpreshuffle_1x128x128_256x128x128x128_16x16_16x16_8x32x1_8x32x1_1x32x1x8_8_2x1_intrawave_v3,1512.98,973.29,0.0
gfx950,256,1152,7168,16384,ck,0,0,163.5937,a8w8_blockscale_bpreshuffle_1x128x128_256x128x128x128_16x16_16x16_8x32x1_8x32x1_1x32x1x8_8_2x1_intrawave_v3,1653.99,934.2,0.0
gfx950,256,1152,16384,1536,ck,14,0,48.2242,a8w8_blockscale_bpreshuffle_1x128x128_256x64x128x128_16x16_16x16_8x32x1_8x32x1_1x32x1x8_8_2x1_intrawave_v1,1202.34,1341.32,0.0
gfx950,256,1152,65536,1536,ck,13,0,175.0787,a8w8_blockscale_bpreshuffle_1x128x128_256x64x256x128_16x16_16x16_8x32x1_8x32x1_1x32x1x8_8_2x1_intrawave_v1,1324.71,1447.51,0.0
gfx950,256,1216,768,7168,ck,12,0,22.8936,a8w8_blockscale_bpreshuffle_1x128x128_256x32x64x256_16x16_16x16_16x16x1_16x16x1_1x32x1x8_8_2x1_intrawave_v1,584.8,702.78,0.0
gfx950,256,1216,2048,7168,ck,14,0,41.0208,a8w8_blockscale_bpreshuffle_1x128x128_256x64x128x128_16x16_16x16_8x32x1_8x32x1_1x32x1x8_8_2x1_intrawave_v1,870.34,691.77,0.0
gfx950,256,1216,6144,7168,ck,13,0,79.7417,a8w8_blockscale_bpreshuffle_1x128x128_256x64x256x128_16x16_16x16_8x32x1_8x32x1_1x32x1x8_8_2x1_intrawave_v1,1343.16,848.97,0.0
gfx950,256,1216,7168,384,ck,9,0,13.8897,a8w8_blockscale_bpreshuffle_1x128x128_256x32x128x128_16x16_16x16_8x32x1_8x32x1_1x32x1x8_8_2x1_intrawave_v1,481.95,1486.86,0.0
gfx950,256,1216,7168,768,ck,14,0,18.6648,a8w8_blockscale_bpreshuffle_1x128x128_256x64x128x128_16x16_16x16_8x32x1_8x32x1_1x32x1x8_8_2x1_intrawave_v1,717.3,1278.96,0.0
gfx950,256,1216,7168,3072,ck,14,0,46.1275,a8w8_blockscale_bpreshuffle_1x128x128_256x64x128x128_16x16_16x16_8x32x1_8x32x1_1x32x1x8_8_2x1_intrawave_v1,1160.97,936.28,0.0
gfx950,256,1216,7168,7168,ck,14,0,101.7734,a8w8_blockscale_bpreshuffle_1x128x128_256x64x128x128_16x16_16x16_8x32x1_8x32x1_1x32x1x8_8_2x1_intrawave_v1,1227.79,761.78,0.0
gfx950,256,1216,7168,16384,ck,14,0,210.2734,a8w8_blockscale_bpreshuffle_1x128x128_256x64x128x128_16x16_16x16_8x32x1_8x32x1_1x32x1x8_8_2x1_intrawave_v1,1358.3,736.17,0.0
gfx950,256,1216,16384,1536,ck,13,0,51.3603,a8w8_blockscale_bpreshuffle_1x128x128_256x64x256x128_16x16_16x16_8x32x1_8x32x1_1x32x1x8_8_2x1_intrawave_v1,1191.65,1302.16,0.0
gfx950,256,1216,65536,1536,ck,13,0,181.1308,a8w8_blockscale_bpreshuffle_1x128x128_256x64x256x128_16x16_16x16_8x32x1_8x32x1_1x32x1x8_8_2x1_intrawave_v1,1351.58,1446.0,0.0
gfx950,256,1280,768,7168,ck,17,0,23.4294,a8w8_blockscale_bpreshuffle_1x128x128_256x64x64x256_16x16_16x16_16x16x1_16x16x1_1x32x1x8_8_2x1_intrawave_v1,601.5,710.48,0.0
gfx950,256,1280,2048,7168,ck,14,0,41.1827,a8w8_blockscale_bpreshuffle_1x128x128_256x64x128x128_16x16_16x16_8x32x1_8x32x1_1x32x1x8_8_2x1_intrawave_v1,912.54,706.56,0.0
gfx950,256,1280,6144,7168,ck,0,0,76.734,a8w8_blockscale_bpreshuffle_1x128x128_256x128x128x128_16x16_16x16_8x32x1_8x32x1_1x32x1x8_8_2x1_intrawave_v3,1469.27,898.48,0.0
gfx950,256,1280,7168,384,ck,9,0,14.0399,a8w8_blockscale_bpreshuffle_1x128x128_256x32x128x128_16x16_16x16_8x32x1_8x32x1_1x32x1x8_8_2x1_intrawave_v1,501.89,1538.05,0.0
gfx950,256,1280,7168,768,ck,14,0,18.7808,a8w8_blockscale_bpreshuffle_1x128x128_256x64x128x128_16x16_16x16_8x32x1_8x32x1_1x32x1x8_8_2x1_intrawave_v1,750.39,1322.53,0.0
gfx950,256,1280,7168,3072,ck,14,0,47.2515,a8w8_blockscale_bpreshuffle_1x128x128_256x64x128x128_16x16_16x16_8x32x1_8x32x1_1x32x1x8_8_2x1_intrawave_v1,1193.01,937.59,0.0
gfx950,256,1280,7168,7168,ck,14,0,102.6358,a8w8_blockscale_bpreshuffle_1x128x128_256x64x128x128_16x16_16x16_8x32x1_8x32x1_1x32x1x8_8_2x1_intrawave_v1,1281.55,768.79,0.0
gfx950,256,1280,7168,16384,ck,14,0,214.6382,a8w8_blockscale_bpreshuffle_1x128x128_256x64x128x128_16x16_16x16_8x32x1_8x32x1_1x32x1x8_8_2x1_intrawave_v1,1400.72,730.36,0.0
gfx950,256,1280,16384,1536,ck,14,0,51.6043,a8w8_blockscale_bpreshuffle_1x128x128_256x64x128x128_16x16_16x16_8x32x1_8x32x1_1x32x1x8_8_2x1_intrawave_v1,1248.43,1338.55,0.0
gfx950,256,1280,65536,1536,ck,13,0,191.446,a8w8_blockscale_bpreshuffle_1x128x128_256x64x256x128_16x16_16x16_8x32x1_8x32x1_1x32x1x8_8_2x1_intrawave_v1,1346.06,1412.42,0.0
gfx950,256,1344,768,7168,ck,17,0,23.744,a8w8_blockscale_bpreshuffle_1x128x128_256x64x64x256_16x16_16x16_16x16x1_16x16x1_1x32x1x8_8_2x1_intrawave_v1,623.21,724.53,0.0
gfx950,256,1344,2048,7168,ck,14,0,41.7291,a8w8_blockscale_bpreshuffle_1x128x128_256x64x128x128_16x16_16x16_8x32x1_8x32x1_1x32x1x8_8_2x1_intrawave_v1,945.62,714.58,0.0
gfx950,256,1344,6144,7168,ck,13,0,85.2485,a8w8_blockscale_bpreshuffle_1x128x128_256x64x256x128_16x16_16x16_8x32x1_8x32x1_1x32x1x8_8_2x1_intrawave_v1,1388.65,823.35,0.0
gfx950,256,1344,7168,384,ck,14,0,14.5143,a8w8_blockscale_bpreshuffle_1x128x128_256x64x128x128_16x16_16x16_8x32x1_8x32x1_1x32x1x8_8_2x1_intrawave_v1,509.76,1552.69,0.0
gfx950,256,1344,7168,768,ck,14,0,19.1694,a8w8_blockscale_bpreshuffle_1x128x128_256x64x128x128_16x16_16x16_8x32x1_8x32x1_1x32x1x8_8_2x1_intrawave_v1,771.93,1346.15,0.0
gfx950,256,1344,7168,3072,ck,14,0,48.5716,a8w8_blockscale_bpreshuffle_1x128x128_256x64x128x128_16x16_16x16_8x32x1_8x32x1_1x32x1x8_8_2x1_intrawave_v1,1218.61,935.04,0.0
gfx950,256,1344,7168,7168,ck,14,0,104.2995,a8w8_blockscale_bpreshuffle_1x128x128_256x64x128x128_16x16_16x16_8x32x1_8x32x1_1x32x1x8_8_2x1_intrawave_v1,1324.17,769.72,0.0
gfx950,256,1344,7168,16384,ck,14,0,225.048,a8w8_blockscale_bpreshuffle_1x128x128_256x64x128x128_16x16_16x16_8x32x1_8x32x1_1x32x1x8_8_2x1_intrawave_v1,1402.72,705.31,0.0
gfx950,256,1344,16384,1536,ck,14,0,58.6779,a8w8_blockscale_bpreshuffle_1x128x128_256x64x128x128_16x16_16x16_8x32x1_8x32x1_1x32x1x8_8_2x1_intrawave_v1,1152.83,1214.6,0.0
gfx950,256,1344,65536,1536,ck,13,0,206.1718,a8w8_blockscale_bpreshuffle_1x128x128_256x64x256x128_16x16_16x16_8x32x1_8x32x1_1x32x1x8_8_2x1_intrawave_v1,1312.41,1352.7,0.0
gfx950,256,1408,768,7168,ck,17,0,29.9862,a8w8_blockscale_bpreshuffle_1x128x128_256x64x64x256_16x16_16x16_16x16x1_16x16x1_1x32x1x8_8_2x1_intrawave_v1,516.98,592.28,0.0
gfx950,256,1408,2048,7168,ck,14,0,41.6501,a8w8_blockscale_bpreshuffle_1x128x128_256x64x128x128_16x16_16x16_8x32x1_8x32x1_1x32x1x8_8_2x1_intrawave_v1,992.53,733.25,0.0
gfx950,256,1408,6144,7168,ck,14,0,100.2126,a8w8_blockscale_bpreshuffle_1x128x128_256x64x128x128_16x16_16x16_8x32x1_8x32x1_1x32x1x8_8_2x1_intrawave_v1,1237.54,712.83,0.0
gfx950,256,1408,7168,384,ck,14,0,14.8007,a8w8_blockscale_bpreshuffle_1x128x128_256x64x128x128_16x16_16x16_8x32x1_8x32x1_1x32x1x8_8_2x1_intrawave_v1,523.7,1586.29,0.0
gfx950,256,1408,7168,768,ck,14,0,19.1496,a8w8_blockscale_bpreshuffle_1x128x128_256x64x128x128_16x16_16x16_8x32x1_8x32x1_1x32x1x8_8_2x1_intrawave_v1,809.53,1398.02,0.0
gfx950,256,1408,7168,3072,ck,14,0,49.4194,a8w8_blockscale_bpreshuffle_1x128x128_256x64x128x128_16x16_16x16_8x32x1_8x32x1_1x32x1x8_8_2x1_intrawave_v1,1254.74,941.54,0.0
gfx950,256,1408,7168,7168,ck,14,0,104.843,a8w8_blockscale_bpreshuffle_1x128x128_256x64x128x128_16x16_16x16_8x32x1_8x32x1_1x32x1x8_8_2x1_intrawave_v1,1380.03,778.86,0.0
gfx950,256,1408,7168,16384,ck,14,0,226.5328,a8w8_blockscale_bpreshuffle_1x128x128_256x64x128x128_16x16_16x16_8x32x1_8x32x1_1x32x1x8_8_2x1_intrawave_v1,1459.89,709.36,0.0
gfx950,256,1408,16384,1536,ck,1,0,59.5259,a8w8_blockscale_bpreshuffle_1x128x128_256x64x128x128_16x16_16x16_8x32x1_8x32x1_1x32x1x8_8_2x1_intrawave_v3,1190.52,1234.18,0.0
gfx950,256,1408,65536,1536,ck,13,0,211.4558,a8w8_blockscale_bpreshuffle_1x128x128_256x64x256x128_16x16_16x16_8x32x1_8x32x1_1x32x1x8_8_2x1_intrawave_v1,1340.55,1359.03,0.0
gfx950,256,1472,768,7168,ck,9,0,30.1853,a8w8_blockscale_bpreshuffle_1x128x128_256x32x128x128_16x16_16x16_8x32x1_8x32x1_1x32x1x8_8_2x1_intrawave_v1,536.91,606.83,0.0
gfx950,256,1472,2048,7168,ck,14,0,41.893,a8w8_blockscale_bpreshuffle_1x128x128_256x64x128x128_16x16_16x16_8x32x1_8x32x1_1x32x1x8_8_2x1_intrawave_v1,1031.63,746.2,0.0
gfx950,256,1472,6144,7168,ck,1,0,100.8406,a8w8_blockscale_bpreshuffle_1x128x128_256x64x128x128_16x16_16x16_8x32x1_8x32x1_1x32x1x8_8_2x1_intrawave_v3,1285.74,720.74,0.0
gfx950,256,1472,7168,384,ck,9,0,15.7255,a8w8_blockscale_bpreshuffle_1x128x128_256x32x128x128_16x16_16x16_8x32x1_8x32x1_1x32x1x8_8_2x1_intrawave_v1,515.3,1552.91,0.0
gfx950,256,1472,7168,768,ck,14,0,21.4572,a8w8_blockscale_bpreshuffle_1x128x128_256x64x128x128_16x16_16x16_8x32x1_8x32x1_1x32x1x8_8_2x1_intrawave_v1,755.31,1292.72,0.0
gfx950,256,1472,7168,3072,ck,14,0,54.7899,a8w8_blockscale_bpreshuffle_1x128x128_256x64x128x128_16x16_16x16_8x32x1_8x32x1_1x32x1x8_8_2x1_intrawave_v1,1183.2,869.59,0.0
gfx950,256,1472,7168,7168,ck,13,0,115.0612,a8w8_blockscale_bpreshuffle_1x128x128_256x64x256x128_16x16_16x16_8x32x1_8x32x1_1x32x1x8_8_2x1_intrawave_v1,1314.63,721.65,0.0
gfx950,256,1472,7168,16384,ck,13,0,244.4392,a8w8_blockscale_bpreshuffle_1x128x128_256x64x256x128_16x16_16x16_8x32x1_8x32x1_1x32x1x8_8_2x1_intrawave_v1,1414.44,665.44,0.0
gfx950,256,1472,16384,1536,ck,13,0,59.2291,a8w8_blockscale_bpreshuffle_1x128x128_256x64x256x128_16x16_16x16_8x32x1_8x32x1_1x32x1x8_8_2x1_intrawave_v1,1250.87,1277.43,0.0
gfx950,256,1472,65536,1536,ck,13,0,218.0542,a8w8_blockscale_bpreshuffle_1x128x128_256x64x256x128_16x16_16x16_8x32x1_8x32x1_1x32x1x8_8_2x1_intrawave_v1,1359.08,1356.83,0.0
gfx950,256,1536,768,7168,ck,15,0,30.2648,a8w8_blockscale_bpreshuffle_1x128x128_256x64x64x128_16x16_16x16_8x32x1_8x32x1_1x32x1x8_8_2x1_intrawave_v1,558.78,623.64,0.0
gfx950,256,1536,2048,7168,ck,14,0,42.8493,a8w8_blockscale_bpreshuffle_1x128x128_256x64x128x128_16x16_16x16_8x32x1_8x32x1_1x32x1x8_8_2x1_intrawave_v1,1052.46,746.37,0.0
gfx950,256,1536,6144,7168,ck,14,0,100.7958,a8w8_blockscale_bpreshuffle_1x128x128_256x64x128x128_16x16_16x16_8x32x1_8x32x1_1x32x1x8_8_2x1_intrawave_v1,1342.23,733.41,0.0
gfx950,256,1536,7168,384,ck,14,0,16.2039,a8w8_blockscale_bpreshuffle_1x128x128_256x64x128x128_16x16_16x16_8x32x1_8x32x1_1x32x1x8_8_2x1_intrawave_v1,521.83,1565.21,0.0
gfx950,256,1536,7168,768,ck,14,0,21.6343,a8w8_blockscale_bpreshuffle_1x128x128_256x64x128x128_16x16_16x16_8x32x1_8x32x1_1x32x1x8_8_2x1_intrawave_v1,781.7,1326.82,0.0
gfx950,256,1536,7168,3072,ck,0,0,55.1923,a8w8_blockscale_bpreshuffle_1x128x128_256x128x128x128_16x16_16x16_8x32x1_8x32x1_1x32x1x8_8_2x1_intrawave_v3,1225.64,883.43,0.0
gfx950,256,1536,7168,7168,ck,0,0,113.2007,a8w8_blockscale_bpreshuffle_1x128x128_256x128x128x128_16x16_16x16_8x32x1_8x32x1_1x32x1x8_8_2x1_intrawave_v3,1394.34,745.67,0.0
gfx950,256,1536,7168,16384,ck,0,0,236.1296,a8w8_blockscale_bpreshuffle_1x128x128_256x128x128x128_16x16_16x16_8x32x1_8x32x1_1x32x1x8_8_2x1_intrawave_v3,1527.88,697.19,0.0
gfx950,256,1536,16384,1536,ck,13,0,60.2923,a8w8_blockscale_bpreshuffle_1x128x128_256x64x256x128_16x16_16x16_8x32x1_8x32x1_1x32x1x8_8_2x1_intrawave_v1,1282.24,1291.32,0.0
gfx950,256,1536,65536,1536,ck,0,0,226.3023,a8w8_blockscale_bpreshuffle_1x128x128_256x128x128x128_16x16_16x16_8x32x1_8x32x1_1x32x1x8_8_2x1_intrawave_v3,1366.48,1344.88,0.0
gfx950,256,1600,768,7168,ck,9,0,30.6532,a8w8_blockscale_bpreshuffle_1x128x128_256x32x128x128_16x16_16x16_8x32x1_8x32x1_1x32x1x8_8_2x1_intrawave_v1,574.69,633.91,0.0
gfx950,256,1600,2048,7168,ck,14,0,43.2858,a8w8_blockscale_bpreshuffle_1x128x128_256x64x128x128_16x16_16x16_8x32x1_8x32x1_1x32x1x8_8_2x1_intrawave_v1,1085.26,755.5,0.0
gfx950,256,1600,6144,7168,ck,14,0,106.0326,a8w8_blockscale_bpreshuffle_1x128x128_256x64x128x128_16x16_16x16_8x32x1_8x32x1_1x32x1x8_8_2x1_intrawave_v1,1329.11,708.93,0.0
gfx950,256,1600,7168,384,ck,14,0,16.5031,a8w8_blockscale_bpreshuffle_1x128x128_256x64x128x128_16x16_16x16_8x32x1_8x32x1_1x32x1x8_8_2x1_intrawave_v1,533.72,1593.91,0.0
gfx950,256,1600,7168,768,ck,14,0,22.0328,a8w8_blockscale_bpreshuffle_1x128x128_256x64x128x128_16x16_16x16_8x32x1_8x32x1_1x32x1x8_8_2x1_intrawave_v1,799.54,1346.69,0.0
gfx950,256,1600,7168,3072,ck,13,0,56.3486,a8w8_blockscale_bpreshuffle_1x128x128_256x64x256x128_16x16_16x16_8x32x1_8x32x1_1x32x1x8_8_2x1_intrawave_v1,1250.51,885.08,0.0
gfx950,256,1600,7168,7168,ck,13,0,118.6455,a8w8_blockscale_bpreshuffle_1x128x128_256x64x256x128_16x16_16x16_8x32x1_8x32x1_1x32x1x8_8_2x1_intrawave_v1,1385.78,723.05,0.0
gfx950,256,1600,7168,16384,ck,13,0,250.8913,a8w8_blockscale_bpreshuffle_1x128x128_256x64x256x128_16x16_16x16_8x32x1_8x32x1_1x32x1x8_8_2x1_intrawave_v1,1497.9,664.0,0.0
gfx950,256,1600,16384,1536,ck,14,0,66.4379,a8w8_blockscale_bpreshuffle_1x128x128_256x64x128x128_16x16_16x16_8x32x1_8x32x1_1x32x1x8_8_2x1_intrawave_v1,1212.12,1204.92,0.0
gfx950,256,1600,65536,1536,ck,13,0,238.5353,a8w8_blockscale_bpreshuffle_1x128x128_256x64x256x128_16x16_16x16_8x32x1_8x32x1_1x32x1x8_8_2x1_intrawave_v1,1350.42,1311.49,0.0
gfx950,256,1664,768,7168,ck,15,0,30.3223,a8w8_blockscale_bpreshuffle_1x128x128_256x64x64x128_16x16_16x16_8x32x1_8x32x1_1x32x1x8_8_2x1_intrawave_v1,604.2,659.2,0.0
gfx950,256,1664,2048,7168,ck,14,0,43.1993,a8w8_blockscale_bpreshuffle_1x128x128_256x64x128x128_16x16_16x16_8x32x1_8x32x1_1x32x1x8_8_2x1_intrawave_v1,1130.93,773.7,0.0
gfx950,256,1664,6144,7168,ck,14,0,108.0838,a8w8_blockscale_bpreshuffle_1x128x128_256x64x128x128_16x16_16x16_8x32x1_8x32x1_1x32x1x8_8_2x1_intrawave_v1,1356.04,707.0,0.0
gfx950,256,1664,7168,384,ck,14,0,16.6138,a8w8_blockscale_bpreshuffle_1x128x128_256x64x128x128_16x16_16x16_8x32x1_8x32x1_1x32x1x8_8_2x1_intrawave_v1,551.37,1640.0,0.0
gfx950,256,1664,7168,768,ck,14,0,22.0588,a8w8_blockscale_bpreshuffle_1x128x128_256x64x128x128_16x16_16x16_8x32x1_8x32x1_1x32x1x8_8_2x1_intrawave_v1,830.54,1388.93,0.0
gfx950,256,1664,7168,3072,ck,14,0,57.3075,a8w8_blockscale_bpreshuffle_1x128x128_256x64x128x128_16x16_16x16_8x32x1_8x32x1_1x32x1x8_8_2x1_intrawave_v1,1278.77,889.71,0.0
gfx950,256,1664,7168,7168,ck,0,0,116.8831,a8w8_blockscale_bpreshuffle_1x128x128_256x128x128x128_16x16_16x16_8x32x1_8x32x1_1x32x1x8_8_2x1_intrawave_v3,1462.94,745.73,0.0
gfx950,256,1664,7168,16384,ck,0,0,237.9488,a8w8_blockscale_bpreshuffle_1x128x128_256x128x128x128_16x16_16x16_8x32x1_8x32x1_1x32x1x8_8_2x1_intrawave_v3,1642.55,708.38,0.0
gfx950,256,1664,16384,1536,ck,14,0,65.6972,a8w8_blockscale_bpreshuffle_1x128x128_256x64x128x128_16x16_16x16_8x32x1_8x32x1_1x32x1x8_8_2x1_intrawave_v1,1274.82,1251.92,0.0
gfx950,256,1664,65536,1536,ck,13,0,246.7568,a8w8_blockscale_bpreshuffle_1x128x128_256x64x256x128_16x16_16x16_8x32x1_8x32x1_1x32x1x8_8_2x1_intrawave_v1,1357.64,1302.19,0.0
gfx950,256,1728,768,7168,ck,9,0,30.5063,a8w8_blockscale_bpreshuffle_1x128x128_256x32x128x128_16x16_16x16_8x32x1_8x32x1_1x32x1x8_8_2x1_intrawave_v1,623.65,673.49,0.0
gfx950,256,1728,2048,7168,ck,14,0,43.4584,a8w8_blockscale_bpreshuffle_1x128x128_256x64x128x128_16x16_16x16_8x32x1_8x32x1_1x32x1x8_8_2x1_intrawave_v1,1167.42,785.68,0.0
gfx950,256,1728,6144,7168,ck,13,0,116.0285,a8w8_blockscale_bpreshuffle_1x128x128_256x64x256x128_16x16_16x16_8x32x1_8x32x1_1x32x1x8_8_2x1_intrawave_v1,1311.77,669.32,0.0
gfx950,256,1728,7168,384,ck,14,0,16.7655,a8w8_blockscale_bpreshuffle_1x128x128_256x64x128x128_16x16_16x16_8x32x1_8x32x1_1x32x1x8_8_2x1_intrawave_v1,567.4,1681.35,0.0
gfx950,256,1728,7168,768,ck,14,0,22.3551,a8w8_blockscale_bpreshuffle_1x128x128_256x64x128x128_16x16_16x16_8x32x1_8x32x1_1x32x1x8_8_2x1_intrawave_v1,851.05,1413.76,0.0
gfx950,256,1728,7168,3072,ck,14,0,57.2243,a8w8_blockscale_bpreshuffle_1x128x128_256x64x128x128_16x16_16x16_8x32x1_8x32x1_1x32x1x8_8_2x1_intrawave_v1,1329.88,910.47,0.0
gfx950,256,1728,7168,7168,ck,13,0,122.9792,a8w8_blockscale_bpreshuffle_1x128x128_256x64x256x128_16x16_16x16_8x32x1_8x32x1_1x32x1x8_8_2x1_intrawave_v1,1443.9,719.95,0.0
gfx950,256,1728,7168,16384,ck,13,0,255.8478,a8w8_blockscale_bpreshuffle_1x128x128_256x64x256x128_16x16_16x16_8x32x1_8x32x1_1x32x1x8_8_2x1_intrawave_v1,1586.39,666.51,0.0
gfx950,256,1728,16384,1536,ck,13,0,68.7212,a8w8_blockscale_bpreshuffle_1x128x128_256x64x256x128_16x16_16x16_8x32x1_8x32x1_1x32x1x8_8_2x1_intrawave_v1,1265.59,1228.78,0.0
gfx950,256,1728,65536,1536,ck,13,0,254.5017,a8w8_blockscale_bpreshuffle_1x128x128_256x64x256x128_16x16_16x16_8x32x1_8x32x1_1x32x1x8_8_2x1_intrawave_v1,1366.95,1295.9,0.0
gfx950,256,1792,768,7168,ck,15,0,30.4951,a8w8_blockscale_bpreshuffle_1x128x128_256x64x64x128_16x16_16x16_8x32x1_8x32x1_1x32x1x8_8_2x1_intrawave_v1,646.99,692.0,0.0
gfx950,256,1792,2048,7168,ck,14,0,43.7594,a8w8_blockscale_bpreshuffle_1x128x128_256x64x128x128_16x16_16x16_8x32x1_8x32x1_1x32x1x8_8_2x1_intrawave_v1,1202.33,796.75,0.0
gfx950,256,1792,6144,7168,ck,0,0,111.7647,a8w8_blockscale_bpreshuffle_1x128x128_256x128x128x128_16x16_16x16_8x32x1_8x32x1_1x32x1x8_8_2x1_intrawave_v3,1412.25,706.0,0.0
gfx950,256,1792,7168,384,ck,9,0,18.0558,a8w8_blockscale_bpreshuffle_1x128x128_256x32x128x128_16x16_16x16_8x32x1_8x32x1_1x32x1x8_8_2x1_intrawave_v1,546.36,1613.37,0.0
gfx950,256,1792,7168,768,ck,14,0,24.3306,a8w8_blockscale_bpreshuffle_1x128x128_256x64x128x128_16x16_16x16_8x32x1_8x32x1_1x32x1x8_8_2x1_intrawave_v1,810.91,1338.7,0.0
gfx950,256,1792,7168,3072,ck,14,0,64.6467,a8w8_blockscale_bpreshuffle_1x128x128_256x64x128x128_16x16_16x16_8x32x1_8x32x1_1x32x1x8_8_2x1_intrawave_v1,1220.79,823.17,0.0
gfx950,256,1792,7168,7168,ck,0,0,133.9528,a8w8_blockscale_bpreshuffle_1x128x128_256x128x128x128_16x16_16x16_8x32x1_8x32x1_1x32x1x8_8_2x1_intrawave_v3,1374.71,671.25,0.0
gfx950,256,1792,7168,16384,ck,0,0,271.5595,a8w8_blockscale_bpreshuffle_1x128x128_256x128x128x128_16x16_16x16_8x32x1_8x32x1_1x32x1x8_8_2x1_intrawave_v3,1549.96,635.19,0.0
gfx950,256,1792,16384,1536,ck,14,0,69.7444,a8w8_blockscale_bpreshuffle_1x128x128_256x64x128x128_16x16_16x16_8x32x1_8x32x1_1x32x1x8_8_2x1_intrawave_v1,1293.21,1242.23,0.0
gfx950,256,1792,65536,1536,ck,13,0,259.3362,a8w8_blockscale_bpreshuffle_1x128x128_256x64x256x128_16x16_16x16_8x32x1_8x32x1_1x32x1x8_8_2x1_intrawave_v1,1391.16,1304.47,0.0
gfx950,256,1856,768,7168,ck,15,0,30.67,a8w8_blockscale_bpreshuffle_1x128x128_256x64x64x128_16x16_16x16_8x32x1_8x32x1_1x32x1x8_8_2x1_intrawave_v1,666.27,706.22,0.0
gfx950,256,1856,2048,7168,ck,14,0,46.9754,a8w8_blockscale_bpreshuffle_1x128x128_256x64x128x128_16x16_16x16_8x32x1_8x32x1_1x32x1x8_8_2x1_intrawave_v1,1160.02,757.55,0.0
gfx950,256,1856,6144,7168,ck,13,0,117.893,a8w8_blockscale_bpreshuffle_1x128x128_256x64x256x128_16x16_16x16_8x32x1_8x32x1_1x32x1x8_8_2x1_intrawave_v1,1386.66,679.86,0.0
gfx950,256,1856,7168,384,ck,9,0,18.3067,a8w8_blockscale_bpreshuffle_1x128x128_256x32x128x128_16x16_16x16_8x32x1_8x32x1_1x32x1x8_8_2x1_intrawave_v1,558.12,1642.72,0.0
gfx950,256,1856,7168,768,ck,14,0,24.3878,a8w8_blockscale_bpreshuffle_1x128x128_256x64x128x128_16x16_16x16_8x32x1_8x32x1_1x32x1x8_8_2x1_intrawave_v1,837.9,1375.2,0.0
gfx950,256,1856,7168,3072,ck,14,0,63.9467,a8w8_blockscale_bpreshuffle_1x128x128_256x64x128x128_16x16_16x16_8x32x1_8x32x1_1x32x1x8_8_2x1_intrawave_v1,1278.23,849.6,0.0
gfx950,256,1856,7168,7168,ck,14,0,136.3464,a8w8_blockscale_bpreshuffle_1x128x128_256x64x128x128_16x16_16x16_8x32x1_8x32x1_1x32x1x8_8_2x1_intrawave_v1,1398.82,669.56,0.0
gfx950,256,1856,7168,16384,ck,14,0,294.0502,a8w8_blockscale_bpreshuffle_1x128x128_256x64x128x128_16x16_16x16_8x32x1_8x32x1_1x32x1x8_8_2x1_intrawave_v1,1482.53,593.29,0.0
gfx950,256,1856,16384,1536,ck,14,0,76.102,a8w8_blockscale_bpreshuffle_1x128x128_256x64x128x128_16x16_16x16_8x32x1_8x32x1_1x32x1x8_8_2x1_intrawave_v1,1227.5,1167.3,0.0
gfx950,256,1856,65536,1536,ck,13,0,277.6467,a8w8_blockscale_bpreshuffle_1x128x128_256x64x256x128_16x16_16x16_8x32x1_8x32x1_1x32x1x8_8_2x1_intrawave_v1,1345.82,1249.01,0.0
gfx950,256,1920,768,7168,ck,15,0,32.268,a8w8_blockscale_bpreshuffle_1x128x128_256x64x64x128_16x16_16x16_8x32x1_8x32x1_1x32x1x8_8_2x1_intrawave_v1,655.12,688.51,0.0
gfx950,256,1920,2048,7168,ck,14,0,47.515,a8w8_blockscale_bpreshuffle_1x128x128_256x64x128x128_16x16_16x16_8x32x1_8x32x1_1x32x1x8_8_2x1_intrawave_v1,1186.39,764.12,0.0
gfx950,256,1920,6144,7168,ck,0,0,114.2358,a8w8_blockscale_bpreshuffle_1x128x128_256x128x128x128_16x16_16x16_8x32x1_8x32x1_1x32x1x8_8_2x1_intrawave_v3,1480.4,712.52,0.0
gfx950,256,1920,7168,384,ck,14,0,18.9949,a8w8_blockscale_bpreshuffle_1x128x128_256x64x128x128_16x16_16x16_8x32x1_8x32x1_1x32x1x8_8_2x1_intrawave_v1,556.45,1632.8,0.0
gfx950,256,1920,7168,768,ck,1,0,26.14,a8w8_blockscale_bpreshuffle_1x128x128_256x64x128x128_16x16_16x16_8x32x1_8x32x1_1x32x1x8_8_2x1_intrawave_v3,808.7,1320.0,0.0
gfx950,256,1920,7168,3072,ck,14,0,67.8175,a8w8_blockscale_bpreshuffle_1x128x128_256x64x128x128_16x16_16x16_8x32x1_8x32x1_1x32x1x8_8_2x1_intrawave_v1,1246.83,817.54,0.0
gfx950,256,1920,7168,7168,ck,0,0,136.6553,a8w8_blockscale_bpreshuffle_1x128x128_256x128x128x128_16x16_16x16_8x32x1_8x32x1_1x32x1x8_8_2x1_intrawave_v3,1443.78,678.11,0.0
gfx950,256,1920,7168,16384,ck,0,0,280.8852,a8w8_blockscale_bpreshuffle_1x128x128_256x128x128x128_16x16_16x16_8x32x1_8x32x1_1x32x1x8_8_2x1_intrawave_v3,1605.54,628.1,0.0
gfx950,256,1920,16384,1536,ck,13,0,79.9116,a8w8_blockscale_bpreshuffle_1x128x128_256x64x256x128_16x16_16x16_8x32x1_8x32x1_1x32x1x8_8_2x1_intrawave_v1,1209.3,1139.13,0.0
gfx950,256,1920,65536,1536,ck,13,0,288.6338,a8w8_blockscale_bpreshuffle_1x128x128_256x64x256x128_16x16_16x16_8x32x1_8x32x1_1x32x1x8_8_2x1_intrawave_v1,1339.23,1230.87,0.0
gfx950,256,1984,768,7168,ck,17,0,33.3859,a8w8_blockscale_bpreshuffle_1x128x128_256x64x64x256_16x16_16x16_16x16x1_16x16x1_1x32x1x8_8_2x1_intrawave_v1,654.29,682.14,0.0
gfx950,256,1984,2048,7168,ck,14,0,48.5612,a8w8_blockscale_bpreshuffle_1x128x128_256x64x128x128_16x16_16x16_8x32x1_8x32x1_1x32x1x8_8_2x1_intrawave_v1,1199.53,762.5,0.0
gfx950,256,1984,6144,7168,ck,13,0,123.6604,a8w8_blockscale_bpreshuffle_1x128x128_256x64x256x128_16x16_16x16_8x32x1_8x32x1_1x32x1x8_8_2x1_intrawave_v1,1413.16,668.29,0.0
gfx950,256,1984,7168,384,ck,9,0,19.1384,a8w8_blockscale_bpreshuffle_1x128x128_256x32x128x128_16x16_16x16_8x32x1_8x32x1_1x32x1x8_8_2x1_intrawave_v1,570.68,1669.78,0.0
gfx950,256,1984,7168,768,ck,14,0,26.8469,a8w8_blockscale_bpreshuffle_1x128x128_256x64x128x128_16x16_16x16_8x32x1_8x32x1_1x32x1x8_8_2x1_intrawave_v1,813.65,1321.25,0.0
gfx950,256,1984,7168,3072,ck,14,0,68.9996,a8w8_blockscale_bpreshuffle_1x128x128_256x64x128x128_16x16_16x16_8x32x1_8x32x1_1x32x1x8_8_2x1_intrawave_v1,1266.32,819.68,0.0
gfx950,256,1984,7168,7168,ck,13,0,145.8785,a8w8_blockscale_bpreshuffle_1x128x128_256x64x256x128_16x16_16x16_8x32x1_8x32x1_1x32x1x8_8_2x1_intrawave_v1,1397.58,644.67,0.0
gfx950,256,1984,7168,16384,ck,13,0,308.6061,a8w8_blockscale_bpreshuffle_1x128x128_256x64x256x128_16x16_16x16_8x32x1_8x32x1_1x32x1x8_8_2x1_intrawave_v1,1510.03,578.05,0.0
gfx950,256,1984,16384,1536,ck,13,0,82.7757,a8w8_blockscale_bpreshuffle_1x128x128_256x64x256x128_16x16_16x16_8x32x1_8x32x1_1x32x1x8_8_2x1_intrawave_v1,1206.37,1126.24,0.0
gfx950,256,1984,65536,1536,ck,13,0,291.1854,a8w8_blockscale_bpreshuffle_1x128x128_256x64x256x128_16x16_16x16_8x32x1_8x32x1_1x32x1x8_8_2x1_intrawave_v1,1371.74,1249.23,0.0
gfx950,256,2048,768,7168,ck,17,0,32.8473,a8w8_blockscale_bpreshuffle_1x128x128_256x64x64x256_16x16_16x16_16x16x1_16x16x1_1x32x1x8_8_2x1_intrawave_v1,686.47,710.28,0.0
gfx950,256,2048,2048,7168,ck,14,0,49.2536,a8w8_blockscale_bpreshuffle_1x128x128_256x64x128x128_16x16_16x16_8x32x1_8x32x1_1x32x1x8_8_2x1_intrawave_v1,1220.82,766.42,0.0
gfx950,256,2048,6144,7168,ck,0,0,118.3223,a8w8_blockscale_bpreshuffle_1x128x128_256x128x128x128_16x16_16x16_8x32x1_8x32x1_1x32x1x8_8_2x1_intrawave_v3,1524.55,708.96,0.0
gfx950,256,2048,7168,384,ck,8,0,20.1518,a8w8_blockscale_bpreshuffle_1x128x128_256x32x256x128_16x16_16x16_8x32x1_8x32x1_1x32x1x8_8_2x1_intrawave_v1,559.47,1632.56,0.0
gfx950,256,2048,7168,768,ck,14,0,27.6882,a8w8_blockscale_bpreshuffle_1x128x128_256x64x128x128_16x16_16x16_8x32x1_8x32x1_1x32x1x8_8_2x1_intrawave_v1,814.38,1316.01,0.0
gfx950,256,2048,7168,1024,ck,0,0,34.632,a8w8_blockscale_bpreshuffle_1x128x128_256x128x128x128_16x16_16x16_8x32x1_8x32x1_1x32x1x8_8_2x1_intrawave_v3,868.12,1120.27,0.0
gfx950,256,2048,7168,3072,ck,0,0,69.246,a8w8_blockscale_bpreshuffle_1x128x128_256x128x128x128_16x16_16x16_8x32x1_8x32x1_1x32x1x8_8_2x1_intrawave_v3,1302.52,832.85,0.0
gfx950,256,2048,7168,7168,ck,0,0,141.2801,a8w8_blockscale_bpreshuffle_1x128x128_256x128x128x128_16x16_16x16_8x32x1_8x32x1_1x32x1x8_8_2x1_intrawave_v3,1489.62,675.4,0.0
gfx950,256,2048,7168,16384,ck,0,0,286.4125,a8w8_blockscale_bpreshuffle_1x128x128_256x128x128x128_16x16_16x16_8x32x1_8x32x1_1x32x1x8_8_2x1_intrawave_v3,1679.52,629.7,0.0
gfx950,256,2048,16384,1536,ck,13,0,85.5357,a8w8_blockscale_bpreshuffle_1x128x128_256x64x256x128_16x16_16x16_8x32x1_8x32x1_1x32x1x8_8_2x1_intrawave_v1,1205.1,1115.56,0.0
gfx950,256,2048,65536,1536,ck,13,0,322.6707,a8w8_blockscale_bpreshuffle_1x128x128_256x64x256x128_16x16_16x16_8x32x1_8x32x1_1x32x1x8_8_2x1_intrawave_v1,1277.83,1153.64,0.0
gfx950,256,4096,768,7168,ck,14,0,45.3885,a8w8_blockscale_bpreshuffle_1x128x128_256x64x128x128_16x16_16x16_8x32x1_8x32x1_1x32x1x8_8_2x1_intrawave_v1,993.58,906.76,0.0
gfx950,256,4096,2048,7168,ck,0,0,78.9645,a8w8_blockscale_bpreshuffle_1x128x128_256x128x128x128_16x16_16x16_8x32x1_8x32x1_1x32x1x8_8_2x1_intrawave_v3,1522.95,770.19,0.0
gfx950,256,4096,6144,7168,ck,0,0,211.6894,a8w8_blockscale_bpreshuffle_1x128x128_256x128x128x128_16x16_16x16_8x32x1_8x32x1_1x32x1x8_8_2x1_intrawave_v3,1704.28,584.5,0.0
gfx950,256,4096,7168,384,ck,14,0,34.0009,a8w8_blockscale_bpreshuffle_1x128x128_256x64x128x128_16x16_16x16_8x32x1_8x32x1_1x32x1x8_8_2x1_intrawave_v1,663.18,1854.23,0.0
gfx950,256,4096,7168,768,ck,14,0,46.5274,a8w8_blockscale_bpreshuffle_1x128x128_256x64x128x128_16x16_16x16_8x32x1_8x32x1_1x32x1x8_8_2x1_intrawave_v1,969.26,1447.99,0.0
gfx950,256,4096,7168,1024,ck,13,0,58.433,a8w8_blockscale_bpreshuffle_1x128x128_256x64x256x128_16x16_16x16_8x32x1_8x32x1_1x32x1x8_8_2x1_intrawave_v1,1029.03,1202.31,0.0
gfx950,256,4096,7168,3072,ck,13,0,123.3792,a8w8_blockscale_bpreshuffle_1x128x128_256x64x256x128_16x16_16x16_8x32x1_8x32x1_1x32x1x8_8_2x1_intrawave_v1,1462.07,756.39,0.0
gfx950,256,4096,7168,7168,ck,0,0,243.6952,a8w8_blockscale_bpreshuffle_1x128x128_256x128x128x128_16x16_16x16_8x32x1_8x32x1_1x32x1x8_8_2x1_intrawave_v3,1727.19,572.27,0.0
gfx950,256,4096,7168,16384,ck,0,0,507.4232,a8w8_blockscale_bpreshuffle_1x128x128_256x128x128x128_16x16_16x16_8x32x1_8x32x1_1x32x1x8_8_2x1_intrawave_v3,1896.0,479.42,0.0
gfx950,256,4096,16384,1536,ck,13,0,155.2578,a8w8_blockscale_bpreshuffle_1x128x128_256x64x256x128_16x16_16x16_8x32x1_8x32x1_1x32x1x8_8_2x1_intrawave_v1,1327.85,1067.1,0.0
gfx950,256,4096,65536,1536,ck,13,0,614.5557,a8w8_blockscale_bpreshuffle_1x128x128_256x64x256x128_16x16_16x16_8x32x1_8x32x1_1x32x1x8_8_2x1_intrawave_v1,1341.84,1047.63,0.0
gfx950,256,6144,768,7168,ck,14,0,61.4421,a8w8_blockscale_bpreshuffle_1x128x128_256x64x128x128_16x16_16x16_8x32x1_8x32x1_1x32x1x8_8_2x1_intrawave_v1,1100.97,959.97,0.0
gfx950,256,6144,2048,7168,ck,0,0,119.7375,a8w8_blockscale_bpreshuffle_1x128x128_256x128x128x128_16x16_16x16_8x32x1_8x32x1_1x32x1x8_8_2x1_intrawave_v3,1506.53,700.58,0.0
gfx950,256,6144,6144,7168,ck,0,0,294.5566,a8w8_blockscale_bpreshuffle_1x128x128_256x128x128x128_16x16_16x16_8x32x1_8x32x1_1x32x1x8_8_2x1_intrawave_v3,1837.22,555.34,0.0
gfx950,256,6144,7168,384,ck,1,0,48.0922,a8w8_blockscale_bpreshuffle_1x128x128_256x64x128x128_16x16_16x16_8x32x1_8x32x1_1x32x1x8_8_2x1_intrawave_v3,703.29,1937.78,0.0
gfx950,256,6144,7168,768,ck,1,0,65.9212,a8w8_blockscale_bpreshuffle_1x128x128_256x64x128x128_16x16_16x16_8x32x1_8x32x1_1x32x1x8_8_2x1_intrawave_v3,1026.16,1491.23,0.0
gfx950,256,6144,7168,3072,ck,0,0,174.3836,a8w8_blockscale_bpreshuffle_1x128x128_256x128x128x128_16x16_16x16_8x32x1_8x32x1_1x32x1x8_8_2x1_intrawave_v3,1551.65,739.6,0.0
gfx950,256,6144,7168,7168,ck,0,0,351.4907,a8w8_blockscale_bpreshuffle_1x128x128_256x128x128x128_16x16_16x16_8x32x1_8x32x1_1x32x1x8_8_2x1_intrawave_v3,1796.24,522.06,0.0
gfx950,256,6144,7168,16384,ck,0,0,760.9205,a8w8_blockscale_bpreshuffle_1x128x128_256x128x128x128_16x16_16x16_8x32x1_8x32x1_1x32x1x8_8_2x1_intrawave_v3,1896.53,402.39,0.0
gfx950,256,6144,16384,1536,ck,0,0,218.4146,a8w8_blockscale_bpreshuffle_1x128x128_256x128x128x128_16x16_16x16_8x32x1_8x32x1_1x32x1x8_8_2x1_intrawave_v3,1415.83,1080.19,0.0
gfx950,256,6144,65536,1536,ck,13,0,898.5843,a8w8_blockscale_bpreshuffle_1x128x128_256x64x256x128_16x16_16x16_8x32x1_8x32x1_1x32x1x8_8_2x1_intrawave_v1,1376.55,1018.72,0.0
gfx950,256,8192,768,7168,ck,14,0,70.6771,a8w8_blockscale_bpreshuffle_1x128x128_256x64x128x128_16x16_16x16_8x32x1_8x32x1_1x32x1x8_8_2x1_intrawave_v1,1276.15,1086.75,0.0
gfx950,256,8192,2048,7168,ck,0,0,150.3954,a8w8_blockscale_bpreshuffle_1x128x128_256x128x128x128_16x16_16x16_8x32x1_8x32x1_1x32x1x8_8_2x1_intrawave_v3,1599.24,711.16,0.0
gfx950,256,8192,6144,7168,ck,0,0,393.6136,a8w8_blockscale_bpreshuffle_1x128x128_256x128x128x128_16x16_16x16_8x32x1_8x32x1_1x32x1x8_8_2x1_intrawave_v3,1833.15,516.81,0.0
gfx950,256,8192,7168,384,ck,1,0,62.2684,a8w8_blockscale_bpreshuffle_1x128x128_256x64x128x128_16x16_16x16_8x32x1_8x32x1_1x32x1x8_8_2x1_intrawave_v3,724.24,1980.76,0.0
gfx950,256,8192,7168,768,ck,14,0,87.5637,a8w8_blockscale_bpreshuffle_1x128x128_256x64x128x128_16x16_16x16_8x32x1_8x32x1_1x32x1x8_8_2x1_intrawave_v1,1030.04,1475.92,0.0
gfx950,256,8192,7168,1024,ck,0,0,107.626,a8w8_blockscale_bpreshuffle_1x128x128_256x128x128x128_16x16_16x16_8x32x1_8x32x1_1x32x1x8_8_2x1_intrawave_v3,1117.38,1237.33,0.0
gfx950,256,8192,7168,3072,ck,0,0,224.1911,a8w8_blockscale_bpreshuffle_1x128x128_256x128x128x128_16x16_16x16_8x32x1_8x32x1_1x32x1x8_8_2x1_intrawave_v3,1609.24,734.31,0.0
gfx950,256,8192,7168,7168,ck,0,0,458.5067,a8w8_blockscale_bpreshuffle_1x128x128_256x128x128x128_16x16_16x16_8x32x1_8x32x1_1x32x1x8_8_2x1_intrawave_v3,1835.99,496.27,0.0
gfx950,256,8192,7168,16384,ck,0,0,993.426,a8w8_blockscale_bpreshuffle_1x128x128_256x128x128x128_16x16_16x16_8x32x1_8x32x1_1x32x1x8_8_2x1_intrawave_v3,1936.88,371.54,0.0
gfx950,256,8192,16384,1536,ck,0,0,290.7629,a8w8_blockscale_bpreshuffle_1x128x128_256x128x128x128_16x16_16x16_8x32x1_8x32x1_1x32x1x8_8_2x1_intrawave_v3,1418.05,1053.04,0.0
gfx950,256,8192,65536,1536,ck,13,0,1190.4414,a8w8_blockscale_bpreshuffle_1x128x128_256x64x256x128_16x16_16x16_8x32x1_8x32x1_1x32x1x8_8_2x1_intrawave_v1,1385.43,997.1,0.0
gfx950,256,10240,768,7168,ck,0,0,78.462,a8w8_blockscale_bpreshuffle_1x128x128_256x128x128x128_16x16_16x16_8x32x1_8x32x1_1x32x1x8_8_2x1_intrawave_v3,1436.91,1206.11,0.0
gfx950,256,10240,2048,7168,ck,0,0,180.6372,a8w8_blockscale_bpreshuffle_1x128x128_256x128x128x128_16x16_16x16_8x32x1_8x32x1_1x32x1x8_8_2x1_intrawave_v3,1664.37,719.8,0.0
gfx950,256,10240,6144,7168,ck,0,0,484.3722,a8w8_blockscale_bpreshuffle_1x128x128_256x128x128x128_16x16_16x16_8x32x1_8x32x1_1x32x1x8_8_2x1_intrawave_v3,1862.09,502.24,0.0
gfx950,256,10240,7168,384,ck,1,0,75.7477,a8w8_blockscale_bpreshuffle_1x128x128_256x64x128x128_16x16_16x16_8x32x1_8x32x1_1x32x1x8_8_2x1_intrawave_v3,744.2,2026.27,0.0
gfx950,256,10240,7168,768,ck,0,0,105.7902,a8w8_blockscale_bpreshuffle_1x128x128_256x128x128x128_16x16_16x16_8x32x1_8x32x1_1x32x1x8_8_2x1_intrawave_v3,1065.72,1514.03,0.0
gfx950,256,10240,7168,3072,ck,0,0,274.5001,a8w8_blockscale_bpreshuffle_1x128x128_256x128x128x128_16x16_16x16_8x32x1_8x32x1_1x32x1x8_8_2x1_intrawave_v3,1642.88,729.61,0.0
gfx950,256,10240,7168,7168,ck,0,0,567.3064,a8w8_blockscale_bpreshuffle_1x128x128_256x128x128x128_16x16_16x16_8x32x1_8x32x1_1x32x1x8_8_2x1_intrawave_v3,1854.85,478.72,0.0
gfx950,256,10240,7168,16384,ck,0,0,1208.1968,a8w8_blockscale_bpreshuffle_1x128x128_256x128x128x128_16x16_16x16_8x32x1_8x32x1_1x32x1x8_8_2x1_intrawave_v3,1990.72,357.57,0.0
gfx950,256,10240,16384,1536,ck,0,0,351.8657,a8w8_blockscale_bpreshuffle_1x128x128_256x128x128x128_16x16_16x16_8x32x1_8x32x1_1x32x1x8_8_2x1_intrawave_v3,1464.75,1069.84,0.0
gfx950,256,10240,65536,1536,ck,0,0,1463.7091,a8w8_blockscale_bpreshuffle_1x128x128_256x128x128x128_16x16_16x16_8x32x1_8x32x1_1x32x1x8_8_2x1_intrawave_v3,1408.47,996.49,0.0
gfx950,256,12288,768,7168,ck,14,0,106.5518,a8w8_blockscale_bpreshuffle_1x128x128_256x64x128x128_16x16_16x16_8x32x1_8x32x1_1x32x1x8_8_2x1_intrawave_v1,1269.72,1055.45,0.0
gfx950,256,12288,2048,7168,ck,0,0,218.1646,a8w8_blockscale_bpreshuffle_1x128x128_256x128x128x128_16x16_16x16_8x32x1_8x32x1_1x32x1x8_8_2x1_intrawave_v3,1653.69,701.73,0.0
gfx950,256,12288,6144,7168,ck,0,0,567.8466,a8w8_blockscale_bpreshuffle_1x128x128_256x128x128x128_16x16_16x16_8x32x1_8x32x1_1x32x1x8_8_2x1_intrawave_v3,1906.03,498.58,0.0
gfx950,256,12288,7168,384,ck,1,0,89.251,a8w8_blockscale_bpreshuffle_1x128x128_256x64x128x128_16x16_16x16_8x32x1_8x32x1_1x32x1x8_8_2x1_intrawave_v3,757.93,2057.48,0.0
gfx950,256,12288,7168,768,ck,13,0,125.8656,a8w8_blockscale_bpreshuffle_1x128x128_256x64x256x128_16x16_16x16_8x32x1_8x32x1_1x32x1x8_8_2x1_intrawave_v1,1074.89,1518.31,0.0
gfx950,256,12288,7168,3072,ck,0,0,317.5222,a8w8_blockscale_bpreshuffle_1x128x128_256x128x128x128_16x16_16x16_8x32x1_8x32x1_1x32x1x8_8_2x1_intrawave_v3,1704.34,743.03,0.0
gfx950,256,12288,7168,7168,ck,0,0,654.3893,a8w8_blockscale_bpreshuffle_1x128x128_256x128x128x128_16x16_16x16_8x32x1_8x32x1_1x32x1x8_8_2x1_intrawave_v3,1929.62,482.31,0.0
gfx950,256,12288,7168,16384,ck,0,0,1422.4605,a8w8_blockscale_bpreshuffle_1x128x128_256x128x128x128_16x16_16x16_8x32x1_8x32x1_1x32x1x8_8_2x1_intrawave_v3,2029.03,347.94,0.0
gfx950,256,12288,16384,1536,ck,0,0,424.4447,a8w8_blockscale_bpreshuffle_1x128x128_256x128x128x128_16x16_16x16_8x32x1_8x32x1_1x32x1x8_8_2x1_intrawave_v3,1457.14,1052.42,0.0
gfx950,256,12288,65536,1536,ck,13,0,1764.6839,a8w8_blockscale_bpreshuffle_1x128x128_256x64x256x128_16x16_16x16_8x32x1_8x32x1_1x32x1x8_8_2x1_intrawave_v1,1401.89,980.43,0.0
gfx950,256,14336,768,7168,ck,0,0,113.5535,a8w8_blockscale_bpreshuffle_1x128x128_256x128x128x128_16x16_16x16_8x32x1_8x32x1_1x32x1x8_8_2x1_intrawave_v3,1390.01,1147.35,0.0
gfx950,256,14336,2048,7168,ck,0,0,242.6272,a8w8_blockscale_bpreshuffle_1x128x128_256x128x128x128_16x16_16x16_8x32x1_8x32x1_1x32x1x8_8_2x1_intrawave_v3,1734.79,726.06,0.0
gfx950,256,14336,6144,7168,ck,0,0,648.9284,a8w8_blockscale_bpreshuffle_1x128x128_256x128x128x128_16x16_16x16_8x32x1_8x32x1_1x32x1x8_8_2x1_intrawave_v3,1945.85,497.68,0.0
gfx950,256,14336,7168,384,ck,0,0,103.6143,a8w8_blockscale_bpreshuffle_1x128x128_256x128x128x128_16x16_16x16_8x32x1_8x32x1_1x32x1x8_8_2x1_intrawave_v3,761.67,2063.21,0.0
gfx950,256,14336,7168,768,ck,0,0,145.7673,a8w8_blockscale_bpreshuffle_1x128x128_256x128x128x128_16x16_16x16_8x32x1_8x32x1_1x32x1x8_8_2x1_intrawave_v3,1082.82,1523.22,0.0
gfx950,256,14336,7168,3072,ck,0,0,366.7262,a8w8_blockscale_bpreshuffle_1x128x128_256x128x128x128_16x16_16x16_8x32x1_8x32x1_1x32x1x8_8_2x1_intrawave_v3,1721.61,740.56,0.0
gfx950,256,14336,7168,7168,ck,0,0,781.2582,a8w8_blockscale_bpreshuffle_1x128x128_256x128x128x128_16x16_16x16_8x32x1_8x32x1_1x32x1x8_8_2x1_intrawave_v3,1885.64,460.36,0.0
gfx950,256,14336,7168,16384,ck,0,0,1730.6826,a8w8_blockscale_bpreshuffle_1x128x128_256x128x128x128_16x16_16x16_8x32x1_8x32x1_1x32x1x8_8_2x1_intrawave_v3,1945.62,322.33,0.0
gfx950,256,14336,16384,1536,ck,0,0,477.9874,a8w8_blockscale_bpreshuffle_1x128x128_256x128x128x128_16x16_16x16_8x32x1_8x32x1_1x32x1x8_8_2x1_intrawave_v3,1509.57,1081.51,0.0
gfx950,256,14336,65536,1536,ck,13,0,2018.3836,a8w8_blockscale_bpreshuffle_1x128x128_256x64x256x128_16x16_16x16_8x32x1_8x32x1_1x32x1x8_8_2x1_intrawave_v1,1429.97,991.75,0.0
gfx950,256,16384,768,7168,ck,0,0,118.4272,a8w8_blockscale_bpreshuffle_1x128x128_256x128x128x128_16x16_16x16_8x32x1_8x32x1_1x32x1x8_8_2x1_intrawave_v3,1523.2,1250.65,0.0
gfx950,256,16384,2048,7168,ck,0,0,282.7227,a8w8_blockscale_bpreshuffle_1x128x128_256x128x128x128_16x16_16x16_8x32x1_8x32x1_1x32x1x8_8_2x1_intrawave_v3,1701.44,704.68,0.0
gfx950,256,16384,6144,7168,ck,0,0,746.6162,a8w8_blockscale_bpreshuffle_1x128x128_256x128x128x128_16x16_16x16_8x32x1_8x32x1_1x32x1x8_8_2x1_intrawave_v3,1932.87,485.94,0.0
gfx950,256,16384,7168,384,ck,0,0,116.3016,a8w8_blockscale_bpreshuffle_1x128x128_256x128x128x128_16x16_16x16_8x32x1_8x32x1_1x32x1x8_8_2x1_intrawave_v3,775.52,2097.35,0.0
gfx950,256,16384,7168,768,ck,0,0,161.8026,a8w8_blockscale_bpreshuffle_1x128x128_256x128x128x128_16x16_16x16_8x32x1_8x32x1_1x32x1x8_8_2x1_intrawave_v3,1114.87,1563.44,0.0
gfx950,256,16384,7168,1024,ck,0,0,199.5077,a8w8_blockscale_bpreshuffle_1x128x128_256x128x128x128_16x16_16x16_8x32x1_8x32x1_1x32x1x8_8_2x1_intrawave_v3,1205.56,1298.19,0.0
gfx950,256,16384,7168,3072,ck,0,0,425.0281,a8w8_blockscale_bpreshuffle_1x128x128_256x128x128x128_16x16_16x16_8x32x1_8x32x1_1x32x1x8_8_2x1_intrawave_v3,1697.66,722.85,0.0
gfx950,256,16384,7168,7168,ck,0,0,913.7109,a8w8_blockscale_bpreshuffle_1x128x128_256x128x128x128_16x16_16x16_8x32x1_8x32x1_1x32x1x8_8_2x1_intrawave_v3,1842.63,441.83,0.0
gfx950,256,16384,7168,16384,ck,0,0,1884.1822,a8w8_blockscale_bpreshuffle_1x128x128_256x128x128x128_16x16_16x16_8x32x1_8x32x1_1x32x1x8_8_2x1_intrawave_v3,2042.42,329.46,0.0
gfx950,256,16384,16384,1536,ck,13,0,553.5379,a8w8_blockscale_bpreshuffle_1x128x128_256x64x256x128_16x16_16x16_8x32x1_8x32x1_1x32x1x8_8_2x1_intrawave_v1,1489.75,1060.82,0.0
gfx950,256,16384,65536,1536,ck,13,0,2320.3586,a8w8_blockscale_bpreshuffle_1x128x128_256x64x256x128_16x16_16x16_8x32x1_8x32x1_1x32x1x8_8_2x1_intrawave_v1,1421.56,979.72,0.0
gfx950,256,20480,6144,7168,ck,0,0,956.6167,a8w8_blockscale_bpreshuffle_1x128x128_256x128x128x128_16x16_16x16_8x32x1_8x32x1_1x32x1x8_8_2x1_intrawave_v3,1885.69,462.57,0.0
gfx950,256,20480,7168,768,ck,0,0,197.9461,a8w8_blockscale_bpreshuffle_1x128x128_256x128x128x128_16x16_16x16_8x32x1_8x32x1_1x32x1x8_8_2x1_intrawave_v3,1139.13,1590.51,0.0
gfx950,256,20480,7168,3072,ck,0,0,516.2301,a8w8_blockscale_bpreshuffle_1x128x128_256x128x128x128_16x16_16x16_8x32x1_8x32x1_1x32x1x8_8_2x1_intrawave_v3,1747.17,733.27,0.0
gfx950,256,20480,7168,7168,ck,0,0,1073.4525,a8w8_blockscale_bpreshuffle_1x128x128_256x128x128x128_16x16_16x16_8x32x1_8x32x1_1x32x1x8_8_2x1_intrawave_v3,1960.53,458.13,0.0
gfx950,256,20480,7168,16384,ck,0,0,2414.1501,a8w8_blockscale_bpreshuffle_1x128x128_256x128x128x128_16x16_16x16_8x32x1_8x32x1_1x32x1x8_8_2x1_intrawave_v3,1992.57,309.25,0.0
gfx950,256,20480,16384,1536,ck,13,0,682.6858,a8w8_blockscale_bpreshuffle_1x128x128_256x64x256x128_16x16_16x16_8x32x1_8x32x1_1x32x1x8_8_2x1_intrawave_v1,1509.91,1065.95,0.0
gfx950,256,20480,65536,1536,ck,13,0,2854.5779,a8w8_blockscale_bpreshuffle_1x128x128_256x64x256x128_16x16_16x16_8x32x1_8x32x1_1x32x1x8_8_2x1_intrawave_v1,1444.41,986.65,0.0
gfx950,256,24576,6144,7168,ck,0,0,1134.3125,a8w8_blockscale_bpreshuffle_1x128x128_256x128x128x128_16x16_16x16_8x32x1_8x32x1_1x32x1x8_8_2x1_intrawave_v3,1908.35,460.36,0.0
gfx950,256,24576,7168,768,ck,13,0,237.9816,a8w8_blockscale_bpreshuffle_1x128x128_256x64x256x128_16x16_16x16_8x32x1_8x32x1_1x32x1x8_8_2x1_intrawave_v1,1136.99,1582.9,0.0
gfx950,256,24576,7168,3072,ck,0,0,632.6609,a8w8_blockscale_bpreshuffle_1x128x128_256x128x128x128_16x16_16x16_8x32x1_8x32x1_1x32x1x8_8_2x1_intrawave_v3,1710.76,711.03,0.0
gfx950,256,24576,7168,7168,ck,0,0,1319.0832,a8w8_blockscale_bpreshuffle_1x128x128_256x128x128x128_16x16_16x16_8x32x1_8x32x1_1x32x1x8_8_2x1_intrawave_v3,1914.54,439.6,0.0
gfx950,256,24576,7168,16384,ck,0,0,2949.5977,a8w8_blockscale_bpreshuffle_1x128x128_256x128x128x128_16x16_16x16_8x32x1_8x32x1_1x32x1x8_8_2x1_intrawave_v3,1957.02,295.77,0.0
gfx950,256,24576,16384,1536,ck,13,0,812.5276,a8w8_blockscale_bpreshuffle_1x128x128_256x64x256x128_16x16_16x16_8x32x1_8x32x1_1x32x1x8_8_2x1_intrawave_v1,1522.35,1068.54,0.0
gfx950,256,24576,65536,1536,ck,13,0,3401.5079,a8w8_blockscale_bpreshuffle_1x128x128_256x64x256x128_16x16_16x16_8x32x1_8x32x1_1x32x1x8_8_2x1_intrawave_v1,1454.59,987.69,0.0
gfx950,256,28672,6144,7168,ck,0,0,1320.1081,a8w8_blockscale_bpreshuffle_1x128x128_256x128x128x128_16x16_16x16_8x32x1_8x32x1_1x32x1x8_8_2x1_intrawave_v3,1913.06,455.93,0.0
gfx950,256,28672,7168,768,ck,13,0,273.0602,a8w8_blockscale_bpreshuffle_1x128x128_256x64x256x128_16x16_16x16_8x32x1_8x32x1_1x32x1x8_8_2x1_intrawave_v1,1156.08,1606.12,0.0
gfx950,256,28672,7168,3072,ck,0,0,741.4393,a8w8_blockscale_bpreshuffle_1x128x128_256x128x128x128_16x16_16x16_8x32x1_8x32x1_1x32x1x8_8_2x1_intrawave_v3,1703.07,702.88,0.0
gfx950,256,28672,7168,7168,ck,0,0,1538.2249,a8w8_blockscale_bpreshuffle_1x128x128_256x128x128x128_16x16_16x16_8x32x1_8x32x1_1x32x1x8_8_2x1_intrawave_v3,1915.42,434.23,0.0
gfx950,256,28672,7168,16384,ck,0,0,3340.1027,a8w8_blockscale_bpreshuffle_1x128x128_256x128x128x128_16x16_16x16_8x32x1_8x32x1_1x32x1x8_8_2x1_intrawave_v3,2016.26,298.87,0.0
gfx950,256,28672,16384,1536,ck,0,0,949.4162,a8w8_blockscale_bpreshuffle_1x128x128_256x128x128x128_16x16_16x16_8x32x1_8x32x1_1x32x1x8_8_2x1_intrawave_v3,1520.0,1062.47,0.0
gfx950,256,28672,65536,1536,ck,13,0,4025.3442,a8w8_blockscale_bpreshuffle_1x128x128_256x64x256x128_16x16_16x16_8x32x1_8x32x1_1x32x1x8_8_2x1_intrawave_v1,1434.02,969.56,0.0
gfx950,256,32768,768,7168,ck,0,0,222.0263,a8w8_blockscale_bpreshuffle_1x128x128_256x128x128x128_16x16_16x16_8x32x1_8x32x1_1x32x1x8_8_2x1_intrawave_v3,1624.93,1309.38,0.0
gfx950,256,32768,2048,7168,ck,0,0,522.91,a8w8_blockscale_bpreshuffle_1x128x128_256x128x128x128_16x16_16x16_8x32x1_8x32x1_1x32x1x8_8_2x1_intrawave_v3,1839.84,733.93,0.0
gfx950,256,32768,6144,7168,ck,0,0,1469.2993,a8w8_blockscale_bpreshuffle_1x128x128_256x128x128x128_16x16_16x16_8x32x1_8x32x1_1x32x1x8_8_2x1_intrawave_v3,1964.35,463.88,0.0
gfx950,256,32768,7168,384,ck,0,0,220.1052,a8w8_blockscale_bpreshuffle_1x128x128_256x128x128x128_16x16_16x16_8x32x1_8x32x1_1x32x1x8_8_2x1_intrawave_v3,819.56,2203.93,0.0
gfx950,256,32768,7168,768,ck,13,0,308.9941,a8w8_blockscale_bpreshuffle_1x128x128_256x64x256x128_16x16_16x16_8x32x1_8x32x1_1x32x1x8_8_2x1_intrawave_v1,1167.59,1619.55,0.0
gfx950,256,32768,7168,1024,ck,0,0,374.8926,a8w8_blockscale_bpreshuffle_1x128x128_256x128x128x128_16x16_16x16_8x32x1_8x32x1_1x32x1x8_8_2x1_intrawave_v3,1283.13,1362.14,0.0
gfx950,256,32768,7168,3072,ck,0,0,812.9915,a8w8_blockscale_bpreshuffle_1x128x128_256x128x128x128_16x16_16x16_8x32x1_8x32x1_1x32x1x8_8_2x1_intrawave_v3,1775.06,728.72,0.0
gfx950,256,32768,7168,7168,ck,0,0,1756.1951,a8w8_blockscale_bpreshuffle_1x128x128_256x128x128x128_16x16_16x16_8x32x1_8x32x1_1x32x1x8_8_2x1_intrawave_v3,1917.36,430.49,0.0
gfx950,256,32768,7168,16384,ck,0,0,3736.4167,a8w8_blockscale_bpreshuffle_1x128x128_256x128x128x128_16x16_16x16_8x32x1_8x32x1_1x32x1x8_8_2x1_intrawave_v3,2059.88,300.84,0.0
gfx950,256,32768,16384,1536,ck,13,0,1068.0511,a8w8_blockscale_bpreshuffle_1x128x128_256x64x256x128_16x16_16x16_8x32x1_8x32x1_1x32x1x8_8_2x1_intrawave_v1,1544.18,1076.02,0.0
gfx950,256,40960,6144,7168,ck,0,0,1893.0024,a8w8_blockscale_bpreshuffle_1x128x128_256x128x128x128_16x16_16x16_8x32x1_8x32x1_1x32x1x8_8_2x1_intrawave_v3,1905.85,444.25,0.0
gfx950,256,40960,7168,768,ck,13,0,383.0842,a8w8_blockscale_bpreshuffle_1x128x128_256x64x256x128_16x16_16x16_8x32x1_8x32x1_1x32x1x8_8_2x1_intrawave_v1,1177.21,1629.32,0.0
gfx950,256,40960,7168,3072,ck,0,0,1013.4268,a8w8_blockscale_bpreshuffle_1x128x128_256x128x128x128_16x16_16x16_8x32x1_8x32x1_1x32x1x8_8_2x1_intrawave_v3,1779.99,725.31,0.0
gfx950,256,40960,7168,7168,ck,0,0,2125.65,a8w8_blockscale_bpreshuffle_1x128x128_256x128x128x128_16x16_16x16_8x32x1_8x32x1_1x32x1x8_8_2x1_intrawave_v3,1980.13,438.54,0.0
gfx950,256,40960,7168,16384,ck,0,0,4630.0039,a8w8_blockscale_bpreshuffle_1x128x128_256x128x128x128_16x16_16x16_8x32x1_8x32x1_1x32x1x8_8_2x1_intrawave_v3,2077.91,297.13,0.0
gfx950,256,40960,16384,1536,ck,13,0,1333.3981,a8w8_blockscale_bpreshuffle_1x128x128_256x64x256x128_16x16_16x16_8x32x1_8x32x1_1x32x1x8_8_2x1_intrawave_v1,1546.11,1072.64,0.0
gfx950,256,49152,6144,7168,ck,0,0,2333.2707,a8w8_blockscale_bpreshuffle_1x128x128_256x128x128x128_16x16_16x16_8x32x1_8x32x1_1x32x1x8_8_2x1_intrawave_v3,1855.48,428.73,0.0
gfx950,256,49152,7168,768,ck,13,0,442.5085,a8w8_blockscale_bpreshuffle_1x128x128_256x64x256x128_16x16_16x16_8x32x1_8x32x1_1x32x1x8_8_2x1_intrawave_v1,1222.95,1690.13,0.0
gfx950,256,49152,7168,3072,ck,0,0,1248.0591,a8w8_blockscale_bpreshuffle_1x128x128_256x128x128x128_16x16_16x16_8x32x1_8x32x1_1x32x1x8_8_2x1_intrawave_v3,1734.42,703.22,0.0
gfx950,256,49152,7168,7168,ck,0,0,2556.5196,a8w8_blockscale_bpreshuffle_1x128x128_256x128x128x128_16x16_16x16_8x32x1_8x32x1_1x32x1x8_8_2x1_intrawave_v3,1975.69,433.54,0.0
gfx950,256,49152,7168,16384,ck,0,0,5603.0893,a8w8_blockscale_bpreshuffle_1x128x128_256x128x128x128_16x16_16x16_8x32x1_8x32x1_1x32x1x8_8_2x1_intrawave_v3,2060.45,290.45,0.0
gfx950,256,49152,16384,1536,ck,13,0,1596.1741,a8w8_blockscale_bpreshuffle_1x128x128_256x64x256x128_16x16_16x16_8x32x1_8x32x1_1x32x1x8_8_2x1_intrawave_v1,1549.89,1072.11,0.0
gfx950,256,57344,6144,7168,ck,0,0,2620.1267,a8w8_blockscale_bpreshuffle_1x128x128_256x128x128x128_16x16_16x16_8x32x1_8x32x1_1x32x1x8_8_2x1_intrawave_v3,1927.72,442.62,0.0
gfx950,256,57344,7168,768,ck,13,0,512.6396,a8w8_blockscale_bpreshuffle_1x128x128_256x64x256x128_16x16_16x16_8x32x1_8x32x1_1x32x1x8_8_2x1_intrawave_v1,1231.59,1700.28,0.0
gfx950,256,57344,7168,3072,ck,0,0,1441.661,a8w8_blockscale_bpreshuffle_1x128x128_256x128x128x128_16x16_16x16_8x32x1_8x32x1_1x32x1x8_8_2x1_intrawave_v3,1751.76,707.7,0.0
gfx950,256,57344,7168,7168,ck,0,0,3041.073,a8w8_blockscale_bpreshuffle_1x128x128_256x128x128x128_16x16_16x16_8x32x1_8x32x1_1x32x1x8_8_2x1_intrawave_v3,1937.7,422.39,0.0
gfx950,256,57344,7168,16384,ck,0,0,7025.4907,a8w8_blockscale_bpreshuffle_1x128x128_256x128x128x128_16x16_16x16_8x32x1_8x32x1_1x32x1x8_8_2x1_intrawave_v3,1917.16,267.46,0.0
gfx950,256,57344,16384,1536,ck,13,0,1859.1085,a8w8_blockscale_bpreshuffle_1x128x128_256x64x256x128_16x16_16x16_8x32x1_8x32x1_1x32x1x8_8_2x1_intrawave_v1,1552.47,1071.64,0.0
gfx950,256,65536,6144,7168,ck,0,0,2915.6742,a8w8_blockscale_bpreshuffle_1x128x128_256x128x128x128_16x16_16x16_8x32x1_8x32x1_1x32x1x8_8_2x1_intrawave_v3,1979.79,452.42,0.0
gfx950,256,65536,7168,768,ck,13,0,583.8108,a8w8_blockscale_bpreshuffle_1x128x128_256x64x256x128_16x16_16x16_8x32x1_8x32x1_1x32x1x8_8_2x1_intrawave_v1,1235.94,1704.94,0.0
gfx950,256,65536,7168,3072,ck,0,0,1682.1351,a8w8_blockscale_bpreshuffle_1x128x128_256x128x128x128_16x16_16x16_8x32x1_8x32x1_1x32x1x8_8_2x1_intrawave_v3,1715.81,691.31,0.0
gfx950,256,65536,7168,7168,ck,0,0,3463.549,a8w8_blockscale_bpreshuffle_1x128x128_256x128x128x128_16x16_16x16_8x32x1_8x32x1_1x32x1x8_8_2x1_intrawave_v3,1944.4,421.73,0.0
gfx950,256,65536,7168,16384,ck,0,0,8330.8265,a8w8_blockscale_bpreshuffle_1x128x128_256x128x128x128_16x16_16x16_8x32x1_8x32x1_1x32x1x8_8_2x1_intrawave_v3,1847.74,255.76,0.0
gfx950,256,65536,16384,1536,ck,13,0,2073.4939,a8w8_blockscale_bpreshuffle_1x128x128_256x64x256x128_16x16_16x16_8x32x1_8x32x1_1x32x1x8_8_2x1_intrawave_v1,1590.81,1096.37,0.0
