M,N,K,name,lib,kid,splitK,kernelName,round,order,us,error,status,reason
1216,768,7168,ck_0_split0,ck,0,0,a8w8_blockscale_bpreshuffle_1x128x128_256x128x128x128_16x16_16x16_8x32x1_8x32x1_1x32x1x8_8_2x1_intrawave_v3,0,0,60.227787234042545,0.0,passed,
1216,768,7168,ck_1_split0,ck,1,0,a8w8_blockscale_bpreshuffle_1x128x128_256x64x128x128_16x16_16x16_8x32x1_8x32x1_1x32x1x8_8_2x1_intrawave_v3,0,1,35.53782,0.0,passed,
1216,768,7168,ck_2_split0,ck,2,0,a8w8_blockscale_bpreshuffle_1x128x128_256x64x64x128_16x16_16x16_8x32x1_8x32x1_1x32x1x8_8_2x1_intrawave_v3,0,2,32.211380000000005,0.0,passed,
1216,768,7168,ck_3_split0,ck,3,0,a8w8_blockscale_bpreshuffle_1x128x128_256x16x256x128_8x16_16x16_16x16x1_8x32x1_1x16x1x16_8_1x2_intrawave_v1,0,3,35.518571428571434,0.0,passed,
1216,768,7168,ck_4_split0,ck,4,0,a8w8_blockscale_bpreshuffle_1x128x128_256x16x128x128_8x16_16x16_16x16x1_8x32x1_1x16x1x16_8_1x2_intrawave_v1,0,4,33.270579999999995,0.0,passed,
1216,768,7168,ck_5_split0,ck,5,0,a8w8_blockscale_bpreshuffle_1x128x128_256x16x64x128_8x16_16x16_16x16x1_8x32x1_1x16x1x16_4_1x1_intrawave_v1,0,5,37.205163265306126,0.0,passed,
1216,768,7168,ck_6_split0,ck,6,0,a8w8_blockscale_bpreshuffle_1x128x128_256x16x128x256_16x16_16x16_16x16x1_16x16x1_1x16x1x16_8_1x2_intrawave_v1,0,6,31.81057999999999,0.0,passed,
1216,768,7168,ck_7_split0,ck,7,0,a8w8_blockscale_bpreshuffle_1x128x128_256x16x64x256_16x16_16x16_16x16x1_16x16x1_1x16x1x16_4_1x1_intrawave_v1,0,7,33.763400000000004,0.0,passed,
1216,768,7168,ck_8_split0,ck,8,0,a8w8_blockscale_bpreshuffle_1x128x128_256x32x256x128_16x16_16x16_8x32x1_8x32x1_1x32x1x8_8_2x1_intrawave_v1,0,8,40.717060000000004,0.0,passed,
1216,768,7168,ck_9_split0,ck,9,0,a8w8_blockscale_bpreshuffle_1x128x128_256x32x128x128_16x16_16x16_8x32x1_8x32x1_1x32x1x8_8_2x1_intrawave_v1,0,9,29.298540000000003,0.0,passed,
1216,768,7168,ck_10_split0,ck,10,0,a8w8_blockscale_bpreshuffle_1x128x128_256x32x64x128_16x16_16x16_8x32x1_8x32x1_1x32x1x8_8_2x1_intrawave_v1,0,10,30.725760000000008,0.0,passed,
1216,768,7168,ck_11_split0,ck,11,0,a8w8_blockscale_bpreshuffle_1x128x128_256x32x128x256_16x16_16x16_16x16x1_16x16x1_1x32x1x8_8_2x1_intrawave_v1,0,11,24.784080000000007,0.0,passed,
1216,768,7168,ck_12_split0,ck,12,0,a8w8_blockscale_bpreshuffle_1x128x128_256x32x64x256_16x16_16x16_16x16x1_16x16x1_1x32x1x8_8_2x1_intrawave_v1,0,12,23.472080000000002,0.0,passed,
1216,768,7168,ck_13_split0,ck,13,0,a8w8_blockscale_bpreshuffle_1x128x128_256x64x256x128_16x16_16x16_8x32x1_8x32x1_1x32x1x8_8_2x1_intrawave_v1,0,13,51.970000000000006,0.0,passed,
1216,768,7168,ck_14_split0,ck,14,0,a8w8_blockscale_bpreshuffle_1x128x128_256x64x128x128_16x16_16x16_8x32x1_8x32x1_1x32x1x8_8_2x1_intrawave_v1,0,14,36.10716326530612,0.0,passed,
1216,768,7168,ck_15_split0,ck,15,0,a8w8_blockscale_bpreshuffle_1x128x128_256x64x64x128_16x16_16x16_8x32x1_8x32x1_1x32x1x8_8_2x1_intrawave_v1,0,15,29.106020833333332,0.0,passed,
1216,768,7168,ck_16_split0,ck,16,0,a8w8_blockscale_bpreshuffle_1x128x128_256x64x128x256_16x16_16x16_16x16x1_16x16x1_1x32x1x8_8_2x1_intrawave_v1,0,16,36.01575510204081,0.0,passed,
1216,768,7168,ck_17_split0,ck,17,0,a8w8_blockscale_bpreshuffle_1x128x128_256x64x64x256_16x16_16x16_16x16x1_16x16x1_1x32x1x8_8_2x1_intrawave_v1,0,17,23.851280000000006,0.0,passed,
1216,768,7168,cktile_0_split0,cktile,0,0,a8w8_blockscale_cktile_16x128x256_1x4x1_16x16x128_intrawave_0x1x0_1,0,18,38.51364000000001,0.0,passed,
1216,768,7168,cktile_1_split0,cktile,1,0,a8w8_blockscale_cktile_16x128x256_1x4x1_16x16x128_intrawave_0x1x0_2,0,19,38.53526,0.0,passed,
1216,768,7168,cktile_2_split0,cktile,2,0,a8w8_blockscale_cktile_16x128x256_1x4x1_16x16x64_intrawave_0x1x0_1,0,20,39.201660000000004,0.0,passed,
1216,768,7168,cktile_3_split0,cktile,3,0,a8w8_blockscale_cktile_16x128x256_1x4x1_16x16x64_intrawave_0x1x0_2,0,21,39.17446000000001,0.0,passed,
1216,768,7168,cktile_4_split0,cktile,4,0,a8w8_blockscale_cktile_32x128x128_1x4x1_16x16x128_intrawave_0x1x0_1,0,22,57.237859999999976,0.0,passed,
1216,768,7168,cktile_5_split0,cktile,5,0,a8w8_blockscale_cktile_32x128x128_1x4x1_16x16x128_intrawave_0x1x0_2,0,23,56.91226000000002,0.0,passed,
1216,768,7168,cktile_6_split0,cktile,6,0,a8w8_blockscale_cktile_32x128x128_1x4x1_16x16x64_intrawave_0x1x0_1,0,24,46.66976000000004,0.0,passed,
1216,768,7168,cktile_7_split0,cktile,7,0,a8w8_blockscale_cktile_32x128x128_1x4x1_16x16x64_intrawave_0x1x0_2,0,25,51.94342000000002,0.0,passed,
1216,768,7168,cktile_8_split0,cktile,8,0,a8w8_blockscale_cktile_128x128x128_1x4x1_16x16x128_intrawave_0x1x0_1,0,26,103.75514285714297,0.0,passed,
1216,768,7168,cktile_9_split0,cktile,9,0,a8w8_blockscale_cktile_128x128x128_1x4x1_16x16x128_intrawave_0x1x0_1,0,27,103.97041999999999,0.0,passed,
1216,768,7168,cktile_10_split0,cktile,10,0,a8w8_blockscale_cktile_128x128x128_2x2x1_16x16x128_intrawave_0x1x0_2,0,28,109.06088,0.0,passed,
1216,768,7168,cktile_11_split0,cktile,11,0,a8w8_blockscale_cktile_192x256x128_4x2x1_16x16x128_intrawave_0x1x0_1,0,29,76.76070833333331,0.0,passed,
1216,768,7168,cktile_12_split0,cktile,12,0,a8w8_blockscale_cktile_192x256x128_4x2x1_16x16x128_intrawave_0x1x0_1_aqrm,0,30,98.75935999999994,0.0,passed,
1216,768,7168,cktile_13_split0,cktile,13,0,a8w8_blockscale_cktile_16x128x256_1x4x1_16x16x128_intrawave_0x1x0_3,0,31,38.947259999999986,0.0,passed,
1216,768,7168,cktile_14_split0,cktile,14,0,a8w8_blockscale_cktile_16x128x256_1x4x1_16x16x128_intrawave_0x1x0_4,0,32,60.5531,0.0,passed,
1216,768,7168,cktile_15_split0,cktile,15,0,a8w8_blockscale_cktile_16x128x256_1x4x1_16x16x64_intrawave_0x1x0_3,0,33,38.91525999999999,0.0,passed,
1216,768,7168,cktile_16_split0,cktile,16,0,a8w8_blockscale_cktile_16x128x256_1x4x1_16x16x64_intrawave_0x1x0_4,0,34,45.272119999999966,0.0,passed,
1216,768,7168,cktile_17_split0,cktile,17,0,a8w8_blockscale_cktile_32x128x128_1x4x1_16x16x128_intrawave_0x1x0_3,0,35,57.118659999999934,0.0,passed,
1216,768,7168,cktile_18_split0,cktile,18,0,a8w8_blockscale_cktile_32x128x128_1x4x1_16x16x128_intrawave_0x1x0_4,0,36,57.18745999999993,0.0,passed,
1216,768,7168,cktile_19_split0,cktile,19,0,a8w8_blockscale_cktile_32x128x128_1x4x1_16x16x64_intrawave_0x1x0_3,0,37,51.96741999999998,0.0,passed,
1216,768,7168,cktile_20_split0,cktile,20,0,a8w8_blockscale_cktile_32x128x128_1x4x1_16x16x64_intrawave_0x1x0_4,0,38,52.05575510204079,0.0,passed,
1216,768,7168,cktile_21_split0,cktile,21,0,a8w8_blockscale_cktile_128x128x128_1x4x1_16x16x128_intrawave_0x1x0_2,0,39,103.66752083333337,0.0,passed,
1216,768,7168,cktile_22_split0,cktile,22,0,a8w8_blockscale_cktile_128x128x128_1x4x1_16x16x128_intrawave_0x1x0_3,0,40,267.7545918367346,0.0,passed,
1216,768,7168,cktile_23_split0,cktile,23,0,a8w8_blockscale_cktile_128x128x128_1x4x1_16x16x128_intrawave_0x1x0_4,0,41,386.70812,0.0,passed,
1216,768,7168,cktile_24_split0,cktile,24,0,a8w8_blockscale_cktile_128x128x128_2x2x1_16x16x128_intrawave_0x1x0_1,0,42,109.48728000000003,0.0,passed,
1216,768,7168,cktile_25_split0,cktile,25,0,a8w8_blockscale_cktile_128x128x128_2x2x1_16x16x128_intrawave_0x1x0_3,0,43,279.887775510204,0.0,passed,
1216,768,7168,cktile_26_split0,cktile,26,0,a8w8_blockscale_cktile_128x128x128_2x2x1_16x16x128_intrawave_0x1x0_4,0,44,507.99137500000023,0.0,passed,
1216,768,7168,cktile_27_split0,cktile,27,0,a8w8_blockscale_cktile_192x256x128_4x2x1_16x16x128_intrawave_0x1x0_2,0,45,76.36885714285714,0.0,passed,
1216,768,7168,cktile_28_split0,cktile,28,0,a8w8_blockscale_cktile_192x256x128_4x2x1_16x16x128_intrawave_0x1x0_3,0,46,76.99588000000001,0.0,passed,
1216,768,7168,cktile_29_split0,cktile,29,0,a8w8_blockscale_cktile_192x256x128_4x2x1_16x16x128_intrawave_0x1x0_4,0,47,76.93867346938775,0.0,passed,
1216,768,7168,cktile_30_split0,cktile,30,0,a8w8_blockscale_cktile_192x256x128_4x2x1_16x16x128_intrawave_0x1x0_2_aqrm,0,48,98.71775999999998,0.0,passed,
1216,768,7168,cktile_31_split0,cktile,31,0,a8w8_blockscale_cktile_192x256x128_4x2x1_16x16x128_intrawave_0x1x0_3_aqrm,0,49,98.63361224489792,0.0,passed,
1216,768,7168,cktile_32_split0,cktile,32,0,a8w8_blockscale_cktile_192x256x128_4x2x1_16x16x128_intrawave_0x1x0_4_aqrm,0,50,98.85597916666664,0.0,passed,
1216,768,7168,opus_9011,opus,9011,0,opus_gemm_gfx950_a8w8_mxscale_gemm_bpreshuffle_256x64x128x128_2x2_16x16x128_1x128x128_tiles1_nooob,0,51,29.740959999999983,0.0,passed,
1216,768,7168,opus_9012,opus,9012,0,opus_gemm_gfx950_a8w8_mxscale_gemm_bpreshuffle_256x64x64x128_2x2_16x16x128_1x128x128_tiles1_nooob,0,52,20.57124,0.0,passed,
1216,768,7168,opus_9020,opus,9020,0,opus_gemm_gfx950_a8w8_mxscale_gemm_bpreshuffle_256x256x256x128_2x2_16x16x128_1x128x128_tiles1,0,53,90.99759183673467,0.0,passed,
1216,768,7168,ck_0_split0,ck,0,0,a8w8_blockscale_bpreshuffle_1x128x128_256x128x128x128_16x16_16x16_8x32x1_8x32x1_1x32x1x8_8_2x1_intrawave_v3,1,0,60.1925,0.0,passed,
1216,768,7168,opus_9020,opus,9020,0,opus_gemm_gfx950_a8w8_mxscale_gemm_bpreshuffle_256x256x256x128_2x2_16x16x128_1x128x128_tiles1,1,1,90.79208,0.0,passed,
1216,768,7168,opus_9012,opus,9012,0,opus_gemm_gfx950_a8w8_mxscale_gemm_bpreshuffle_256x64x64x128_2x2_16x16x128_1x128x128_tiles1_nooob,1,2,20.528840000000006,0.0,passed,
1216,768,7168,opus_9011,opus,9011,0,opus_gemm_gfx950_a8w8_mxscale_gemm_bpreshuffle_256x64x128x128_2x2_16x16x128_1x128x128_tiles1_nooob,1,3,29.680960000000006,0.0,passed,
1216,768,7168,cktile_32_split0,cktile,32,0,a8w8_blockscale_cktile_192x256x128_4x2x1_16x16x128_intrawave_0x1x0_4_aqrm,1,4,98.57214000000002,0.0,passed,
1216,768,7168,cktile_31_split0,cktile,31,0,a8w8_blockscale_cktile_192x256x128_4x2x1_16x16x128_intrawave_0x1x0_3_aqrm,1,5,98.34740425531918,0.0,passed,
1216,768,7168,cktile_30_split0,cktile,30,0,a8w8_blockscale_cktile_192x256x128_4x2x1_16x16x128_intrawave_0x1x0_2_aqrm,1,6,98.29891836734691,0.0,passed,
1216,768,7168,cktile_29_split0,cktile,29,0,a8w8_blockscale_cktile_192x256x128_4x2x1_16x16x128_intrawave_0x1x0_4,1,7,77.17430000000006,0.0,passed,
1216,768,7168,cktile_28_split0,cktile,28,0,a8w8_blockscale_cktile_192x256x128_4x2x1_16x16x128_intrawave_0x1x0_3,1,8,76.59393617021274,0.0,passed,
1216,768,7168,cktile_27_split0,cktile,27,0,a8w8_blockscale_cktile_192x256x128_4x2x1_16x16x128_intrawave_0x1x0_2,1,9,76.8871,0.0,passed,
1216,768,7168,cktile_26_split0,cktile,26,0,a8w8_blockscale_cktile_128x128x128_2x2x1_16x16x128_intrawave_0x1x0_4,1,10,507.94952000000006,0.0,passed,
1216,768,7168,cktile_25_split0,cktile,25,0,a8w8_blockscale_cktile_128x128x128_2x2x1_16x16x128_intrawave_0x1x0_3,1,11,280.43168,0.0,passed,
1216,768,7168,cktile_24_split0,cktile,24,0,a8w8_blockscale_cktile_128x128x128_2x2x1_16x16x128_intrawave_0x1x0_1,1,12,109.40327999999995,0.0,passed,
1216,768,7168,cktile_23_split0,cktile,23,0,a8w8_blockscale_cktile_128x128x128_1x4x1_16x16x128_intrawave_0x1x0_4,1,13,386.4889200000001,0.0,passed,
1216,768,7168,cktile_22_split0,cktile,22,0,a8w8_blockscale_cktile_128x128x128_1x4x1_16x16x128_intrawave_0x1x0_3,1,14,267.59792000000004,0.0,passed,
1216,768,7168,cktile_21_split0,cktile,21,0,a8w8_blockscale_cktile_128x128x128_1x4x1_16x16x128_intrawave_0x1x0_2,1,15,103.67602000000002,0.0,passed,
1216,768,7168,cktile_20_split0,cktile,20,0,a8w8_blockscale_cktile_32x128x128_1x4x1_16x16x64_intrawave_0x1x0_4,1,16,51.89939999999998,0.0,passed,
1216,768,7168,cktile_19_split0,cktile,19,0,a8w8_blockscale_cktile_32x128x128_1x4x1_16x16x64_intrawave_0x1x0_3,1,17,51.801799999999965,0.0,passed,
1216,768,7168,cktile_18_split0,cktile,18,0,a8w8_blockscale_cktile_32x128x128_1x4x1_16x16x128_intrawave_0x1x0_4,1,18,56.96745999999999,0.0,passed,
1216,768,7168,cktile_17_split0,cktile,17,0,a8w8_blockscale_cktile_32x128x128_1x4x1_16x16x128_intrawave_0x1x0_3,1,19,56.94746,0.0,passed,
1216,768,7168,cktile_16_split0,cktile,16,0,a8w8_blockscale_cktile_16x128x256_1x4x1_16x16x64_intrawave_0x1x0_4,1,20,45.36652000000001,0.0,passed,
1216,768,7168,cktile_15_split0,cktile,15,0,a8w8_blockscale_cktile_16x128x256_1x4x1_16x16x64_intrawave_0x1x0_3,1,21,38.81846,0.0,passed,
1216,768,7168,cktile_14_split0,cktile,14,0,a8w8_blockscale_cktile_16x128x256_1x4x1_16x16x128_intrawave_0x1x0_4,1,22,59.70868181818185,0.0,passed,
1216,768,7168,cktile_13_split0,cktile,13,0,a8w8_blockscale_cktile_16x128x256_1x4x1_16x16x128_intrawave_0x1x0_3,1,23,38.64326,0.0,passed,
1216,768,7168,cktile_12_split0,cktile,12,0,a8w8_blockscale_cktile_192x256x128_4x2x1_16x16x128_intrawave_0x1x0_1_aqrm,1,24,98.61975510204078,0.0,passed,
1216,768,7168,cktile_11_split0,cktile,11,0,a8w8_blockscale_cktile_192x256x128_4x2x1_16x16x128_intrawave_0x1x0_1,1,25,76.92869999999998,0.0,passed,
1216,768,7168,cktile_10_split0,cktile,10,0,a8w8_blockscale_cktile_128x128x128_2x2x1_16x16x128_intrawave_0x1x0_2,1,26,109.19367999999997,0.0,passed,
1216,768,7168,cktile_9_split0,cktile,9,0,a8w8_blockscale_cktile_128x128x128_1x4x1_16x16x128_intrawave_0x1x0_1,1,27,103.7416,0.0,passed,
1216,768,7168,cktile_8_split0,cktile,8,0,a8w8_blockscale_cktile_128x128x128_1x4x1_16x16x128_intrawave_0x1x0_1,1,28,103.66777551020405,0.0,passed,
1216,768,7168,cktile_7_split0,cktile,7,0,a8w8_blockscale_cktile_32x128x128_1x4x1_16x16x64_intrawave_0x1x0_2,1,29,51.65167346938776,0.0,passed,
1216,768,7168,cktile_6_split0,cktile,6,0,a8w8_blockscale_cktile_32x128x128_1x4x1_16x16x64_intrawave_0x1x0_1,1,30,46.679339999999975,0.0,passed,
1216,768,7168,cktile_5_split0,cktile,5,0,a8w8_blockscale_cktile_32x128x128_1x4x1_16x16x128_intrawave_0x1x0_2,1,31,56.66666,0.0,passed,
1216,768,7168,cktile_4_split0,cktile,4,0,a8w8_blockscale_cktile_32x128x128_1x4x1_16x16x128_intrawave_0x1x0_1,1,32,56.674659999999996,0.0,passed,
1216,768,7168,cktile_3_split0,cktile,3,0,a8w8_blockscale_cktile_16x128x256_1x4x1_16x16x64_intrawave_0x1x0_2,1,33,38.850459999999984,0.0,passed,
1216,768,7168,cktile_2_split0,cktile,2,0,a8w8_blockscale_cktile_16x128x256_1x4x1_16x16x64_intrawave_0x1x0_1,1,34,39.11686000000002,0.0,passed,
1216,768,7168,cktile_1_split0,cktile,1,0,a8w8_blockscale_cktile_16x128x256_1x4x1_16x16x128_intrawave_0x1x0_2,1,35,38.47204,0.0,passed,
1216,768,7168,cktile_0_split0,cktile,0,0,a8w8_blockscale_cktile_16x128x256_1x4x1_16x16x128_intrawave_0x1x0_1,1,36,38.28883999999997,0.0,passed,
1216,768,7168,ck_17_split0,ck,17,0,a8w8_blockscale_bpreshuffle_1x128x128_256x64x64x256_16x16_16x16_16x16x1_16x16x1_1x32x1x8_8_2x1_intrawave_v1,1,37,23.699279999999998,0.0,passed,
1216,768,7168,ck_16_split0,ck,16,0,a8w8_blockscale_bpreshuffle_1x128x128_256x64x128x256_16x16_16x16_16x16x1_16x16x1_1x32x1x8_8_2x1_intrawave_v1,1,38,35.804395833333345,0.0,passed,
1216,768,7168,ck_15_split0,ck,15,0,a8w8_blockscale_bpreshuffle_1x128x128_256x64x64x128_16x16_16x16_8x32x1_8x32x1_1x32x1x8_8_2x1_intrawave_v1,1,39,29.017666666666646,0.0,passed,
1216,768,7168,ck_14_split0,ck,14,0,a8w8_blockscale_bpreshuffle_1x128x128_256x64x128x128_16x16_16x16_8x32x1_8x32x1_1x32x1x8_8_2x1_intrawave_v1,1,40,36.03542000000001,0.0,passed,
1216,768,7168,ck_13_split0,ck,13,0,a8w8_blockscale_bpreshuffle_1x128x128_256x64x256x128_16x16_16x16_8x32x1_8x32x1_1x32x1x8_8_2x1_intrawave_v1,1,41,51.913102040816355,0.0,passed,
1216,768,7168,ck_12_split0,ck,12,0,a8w8_blockscale_bpreshuffle_1x128x128_256x32x64x256_16x16_16x16_16x16x1_16x16x1_1x32x1x8_8_2x1_intrawave_v1,1,42,23.432900000000004,0.0,passed,
1216,768,7168,ck_11_split0,ck,11,0,a8w8_blockscale_bpreshuffle_1x128x128_256x32x128x256_16x16_16x16_16x16x1_16x16x1_1x32x1x8_8_2x1_intrawave_v1,1,43,24.789699999999993,0.0,passed,
1216,768,7168,ck_10_split0,ck,10,0,a8w8_blockscale_bpreshuffle_1x128x128_256x32x64x128_16x16_16x16_8x32x1_8x32x1_1x32x1x8_8_2x1_intrawave_v1,1,44,30.704959999999996,0.0,passed,
1216,768,7168,ck_9_split0,ck,9,0,a8w8_blockscale_bpreshuffle_1x128x128_256x32x128x128_16x16_16x16_8x32x1_8x32x1_1x32x1x8_8_2x1_intrawave_v1,1,45,29.162612244897964,0.0,passed,
1216,768,7168,ck_8_split0,ck,8,0,a8w8_blockscale_bpreshuffle_1x128x128_256x32x256x128_16x16_16x16_8x32x1_8x32x1_1x32x1x8_8_2x1_intrawave_v1,1,46,40.605080000000015,0.0,passed,
1216,768,7168,ck_7_split0,ck,7,0,a8w8_blockscale_bpreshuffle_1x128x128_256x16x64x256_16x16_16x16_16x16x1_16x16x1_1x16x1x16_4_1x1_intrawave_v1,1,47,33.486599999999996,0.0,passed,
1216,768,7168,ck_6_split0,ck,6,0,a8w8_blockscale_bpreshuffle_1x128x128_256x16x128x256_16x16_16x16_16x16x1_16x16x1_1x16x1x16_8_1x2_intrawave_v1,1,48,31.740959999999994,0.0,passed,
1216,768,7168,ck_5_split0,ck,5,0,a8w8_blockscale_bpreshuffle_1x128x128_256x16x64x128_8x16_16x16_16x16x1_8x32x1_1x16x1x16_4_1x1_intrawave_v1,1,49,37.41544,0.0,passed,
1216,768,7168,ck_4_split0,ck,4,0,a8w8_blockscale_bpreshuffle_1x128x128_256x16x128x128_8x16_16x16_16x16x1_8x32x1_1x16x1x16_8_1x2_intrawave_v1,1,50,33.13218,0.0,passed,
1216,768,7168,ck_3_split0,ck,3,0,a8w8_blockscale_bpreshuffle_1x128x128_256x16x256x128_8x16_16x16_16x16x1_8x32x1_1x16x1x16_8_1x2_intrawave_v1,1,51,35.826620000000005,0.0,passed,
1216,768,7168,ck_2_split0,ck,2,0,a8w8_blockscale_bpreshuffle_1x128x128_256x64x64x128_16x16_16x16_8x32x1_8x32x1_1x32x1x8_8_2x1_intrawave_v3,1,52,32.27778000000001,0.0,passed,
1216,768,7168,ck_1_split0,ck,1,0,a8w8_blockscale_bpreshuffle_1x128x128_256x64x128x128_16x16_16x16_8x32x1_8x32x1_1x32x1x8_8_2x1_intrawave_v3,1,53,35.56342,0.0,passed,
1216,768,7168,ck_2_split0,ck,2,0,a8w8_blockscale_bpreshuffle_1x128x128_256x64x64x128_16x16_16x16_8x32x1_8x32x1_1x32x1x8_8_2x1_intrawave_v3,2,0,32.112159999999996,0.0,passed,
1216,768,7168,ck_3_split0,ck,3,0,a8w8_blockscale_bpreshuffle_1x128x128_256x16x256x128_8x16_16x16_16x16x1_8x32x1_1x16x1x16_8_1x2_intrawave_v1,2,1,35.66262,0.0,passed,
1216,768,7168,ck_4_split0,ck,4,0,a8w8_blockscale_bpreshuffle_1x128x128_256x16x128x128_8x16_16x16_16x16x1_8x32x1_1x16x1x16_8_1x2_intrawave_v1,2,2,33.16738,0.0,passed,
1216,768,7168,ck_5_split0,ck,5,0,a8w8_blockscale_bpreshuffle_1x128x128_256x16x64x128_8x16_16x16_16x16x1_8x32x1_1x16x1x16_4_1x1_intrawave_v1,2,3,37.409819999999996,0.0,passed,
1216,768,7168,ck_6_split0,ck,6,0,a8w8_blockscale_bpreshuffle_1x128x128_256x16x128x256_16x16_16x16_16x16x1_16x16x1_1x16x1x16_8_1x2_intrawave_v1,2,4,31.84018,0.0,passed,
1216,768,7168,ck_7_split0,ck,7,0,a8w8_blockscale_bpreshuffle_1x128x128_256x16x64x256_16x16_16x16_16x16x1_16x16x1_1x16x1x16_4_1x1_intrawave_v1,2,5,33.49859999999999,0.0,passed,
1216,768,7168,ck_8_split0,ck,8,0,a8w8_blockscale_bpreshuffle_1x128x128_256x32x256x128_16x16_16x16_8x32x1_8x32x1_1x32x1x8_8_2x1_intrawave_v1,2,6,40.60026,0.0,passed,
1216,768,7168,ck_9_split0,ck,9,0,a8w8_blockscale_bpreshuffle_1x128x128_256x32x128x128_16x16_16x16_8x32x1_8x32x1_1x32x1x8_8_2x1_intrawave_v1,2,7,29.29613999999999,0.0,passed,
1216,768,7168,ck_10_split0,ck,10,0,a8w8_blockscale_bpreshuffle_1x128x128_256x32x64x128_16x16_16x16_8x32x1_8x32x1_1x32x1x8_8_2x1_intrawave_v1,2,8,30.719359999999998,0.0,passed,
1216,768,7168,ck_11_split0,ck,11,0,a8w8_blockscale_bpreshuffle_1x128x128_256x32x128x256_16x16_16x16_16x16x1_16x16x1_1x32x1x8_8_2x1_intrawave_v1,2,9,24.762499999999985,0.0,passed,
1216,768,7168,ck_12_split0,ck,12,0,a8w8_blockscale_bpreshuffle_1x128x128_256x32x64x256_16x16_16x16_16x16x1_16x16x1_1x32x1x8_8_2x1_intrawave_v1,2,10,23.452080000000002,0.0,passed,
1216,768,7168,ck_13_split0,ck,13,0,a8w8_blockscale_bpreshuffle_1x128x128_256x64x256x128_16x16_16x16_8x32x1_8x32x1_1x32x1x8_8_2x1_intrawave_v1,2,11,52.049220000000005,0.0,passed,
1216,768,7168,ck_14_split0,ck,14,0,a8w8_blockscale_bpreshuffle_1x128x128_256x64x128x128_16x16_16x16_8x32x1_8x32x1_1x32x1x8_8_2x1_intrawave_v1,2,12,36.11302,0.0,passed,
1216,768,7168,ck_15_split0,ck,15,0,a8w8_blockscale_bpreshuffle_1x128x128_256x64x64x128_16x16_16x16_8x32x1_8x32x1_1x32x1x8_8_2x1_intrawave_v1,2,13,29.129739999999998,0.0,passed,
1216,768,7168,ck_16_split0,ck,16,0,a8w8_blockscale_bpreshuffle_1x128x128_256x64x128x256_16x16_16x16_16x16x1_16x16x1_1x32x1x8_8_2x1_intrawave_v1,2,14,35.90555102040816,0.0,passed,
1216,768,7168,ck_17_split0,ck,17,0,a8w8_blockscale_bpreshuffle_1x128x128_256x64x64x256_16x16_16x16_16x16x1_16x16x1_1x32x1x8_8_2x1_intrawave_v1,2,15,23.71286,0.0,passed,
1216,768,7168,cktile_0_split0,cktile,0,0,a8w8_blockscale_cktile_16x128x256_1x4x1_16x16x128_intrawave_0x1x0_1,2,16,38.49923999999998,0.0,passed,
1216,768,7168,cktile_1_split0,cktile,1,0,a8w8_blockscale_cktile_16x128x256_1x4x1_16x16x128_intrawave_0x1x0_2,2,17,38.64725999999999,0.0,passed,
1216,768,7168,cktile_2_split0,cktile,2,0,a8w8_blockscale_cktile_16x128x256_1x4x1_16x16x64_intrawave_0x1x0_1,2,18,39.01526,0.0,passed,
1216,768,7168,cktile_3_split0,cktile,3,0,a8w8_blockscale_cktile_16x128x256_1x4x1_16x16x64_intrawave_0x1x0_2,2,19,39.188059999999986,0.0,passed,
1216,768,7168,cktile_4_split0,cktile,4,0,a8w8_blockscale_cktile_32x128x128_1x4x1_16x16x128_intrawave_0x1x0_1,2,20,56.84185999999999,0.0,passed,
1216,768,7168,cktile_5_split0,cktile,5,0,a8w8_blockscale_cktile_32x128x128_1x4x1_16x16x128_intrawave_0x1x0_2,2,21,56.65866,0.0,passed,
1216,768,7168,cktile_6_split0,cktile,6,0,a8w8_blockscale_cktile_32x128x128_1x4x1_16x16x64_intrawave_0x1x0_1,2,22,46.36687499999999,0.0,passed,
1216,768,7168,cktile_7_split0,cktile,7,0,a8w8_blockscale_cktile_32x128x128_1x4x1_16x16x64_intrawave_0x1x0_2,2,23,51.77300000000002,0.0,passed,
1216,768,7168,cktile_8_split0,cktile,8,0,a8w8_blockscale_cktile_128x128x128_1x4x1_16x16x128_intrawave_0x1x0_1,2,24,103.4472,0.0,passed,
1216,768,7168,cktile_9_split0,cktile,9,0,a8w8_blockscale_cktile_128x128x128_1x4x1_16x16x128_intrawave_0x1x0_1,2,25,103.8128199999999,0.0,passed,
1216,768,7168,cktile_10_split0,cktile,10,0,a8w8_blockscale_cktile_128x128x128_2x2x1_16x16x128_intrawave_0x1x0_2,2,26,109.17448000000006,0.0,passed,
1216,768,7168,cktile_11_split0,cktile,11,0,a8w8_blockscale_cktile_192x256x128_4x2x1_16x16x128_intrawave_0x1x0_1,2,27,76.87255102040817,0.0,passed,
1216,768,7168,cktile_12_split0,cktile,12,0,a8w8_blockscale_cktile_192x256x128_4x2x1_16x16x128_intrawave_0x1x0_1_aqrm,2,28,98.78576000000001,0.0,passed,
1216,768,7168,cktile_13_split0,cktile,13,0,a8w8_blockscale_cktile_16x128x256_1x4x1_16x16x128_intrawave_0x1x0_3,2,29,38.588860000000004,0.0,passed,
1216,768,7168,cktile_14_split0,cktile,14,0,a8w8_blockscale_cktile_16x128x256_1x4x1_16x16x128_intrawave_0x1x0_4,2,30,60.289306122449,0.0,passed,
1216,768,7168,cktile_15_split0,cktile,15,0,a8w8_blockscale_cktile_16x128x256_1x4x1_16x16x64_intrawave_0x1x0_3,2,31,38.612060000000014,0.0,passed,
1216,768,7168,cktile_16_split0,cktile,16,0,a8w8_blockscale_cktile_16x128x256_1x4x1_16x16x64_intrawave_0x1x0_4,2,32,44.97851999999996,0.0,passed,
1216,768,7168,cktile_17_split0,cktile,17,0,a8w8_blockscale_cktile_32x128x128_1x4x1_16x16x128_intrawave_0x1x0_3,2,33,56.63706000000002,0.0,passed,
1216,768,7168,cktile_18_split0,cktile,18,0,a8w8_blockscale_cktile_32x128x128_1x4x1_16x16x128_intrawave_0x1x0_4,2,34,56.72763265306124,0.0,passed,
1216,768,7168,cktile_19_split0,cktile,19,0,a8w8_blockscale_cktile_32x128x128_1x4x1_16x16x64_intrawave_0x1x0_3,2,35,51.61248979591839,0.0,passed,
1216,768,7168,cktile_20_split0,cktile,20,0,a8w8_blockscale_cktile_32x128x128_1x4x1_16x16x64_intrawave_0x1x0_4,2,36,51.55277083333334,0.0,passed,
1216,768,7168,cktile_21_split0,cktile,21,0,a8w8_blockscale_cktile_128x128x128_1x4x1_16x16x128_intrawave_0x1x0_2,2,37,103.1494,0.0,passed,
1216,768,7168,cktile_22_split0,cktile,22,0,a8w8_blockscale_cktile_128x128x128_1x4x1_16x16x128_intrawave_0x1x0_3,2,38,267.22352,0.0,passed,
1216,768,7168,cktile_23_split0,cktile,23,0,a8w8_blockscale_cktile_128x128x128_1x4x1_16x16x128_intrawave_0x1x0_4,2,39,386.077612244898,0.0,passed,
1216,768,7168,cktile_24_split0,cktile,24,0,a8w8_blockscale_cktile_128x128x128_2x2x1_16x16x128_intrawave_0x1x0_1,2,40,108.95357142857148,0.0,passed,
1216,768,7168,cktile_25_split0,cktile,25,0,a8w8_blockscale_cktile_128x128x128_2x2x1_16x16x128_intrawave_0x1x0_3,2,41,279.66657142857144,0.0,passed,
1216,768,7168,cktile_26_split0,cktile,26,0,a8w8_blockscale_cktile_128x128x128_2x2x1_16x16x128_intrawave_0x1x0_4,2,42,507.6569795918368,0.0,passed,
1216,768,7168,cktile_27_split0,cktile,27,0,a8w8_blockscale_cktile_192x256x128_4x2x1_16x16x128_intrawave_0x1x0_2,2,43,77.0071,0.0,passed,
1216,768,7168,cktile_28_split0,cktile,28,0,a8w8_blockscale_cktile_192x256x128_4x2x1_16x16x128_intrawave_0x1x0_3,2,44,76.73668000000002,0.0,passed,
1216,768,7168,cktile_29_split0,cktile,29,0,a8w8_blockscale_cktile_192x256x128_4x2x1_16x16x128_intrawave_0x1x0_4,2,45,77.09029999999996,0.0,passed,
1216,768,7168,cktile_30_split0,cktile,30,0,a8w8_blockscale_cktile_192x256x128_4x2x1_16x16x128_intrawave_0x1x0_2_aqrm,2,46,98.37728571428569,0.0,passed,
1216,768,7168,cktile_31_split0,cktile,31,0,a8w8_blockscale_cktile_192x256x128_4x2x1_16x16x128_intrawave_0x1x0_3_aqrm,2,47,98.36438297872336,0.0,passed,
1216,768,7168,cktile_32_split0,cktile,32,0,a8w8_blockscale_cktile_192x256x128_4x2x1_16x16x128_intrawave_0x1x0_4_aqrm,2,48,98.85856,0.0,passed,
1216,768,7168,opus_9011,opus,9011,0,opus_gemm_gfx950_a8w8_mxscale_gemm_bpreshuffle_256x64x128x128_2x2_16x16x128_1x128x128_tiles1_nooob,2,49,29.568939999999998,0.0,passed,
1216,768,7168,opus_9012,opus,9012,0,opus_gemm_gfx950_a8w8_mxscale_gemm_bpreshuffle_256x64x64x128_2x2_16x16x128_1x128x128_tiles1_nooob,2,50,20.657639999999983,0.0,passed,
1216,768,7168,opus_9020,opus,9020,0,opus_gemm_gfx950_a8w8_mxscale_gemm_bpreshuffle_256x256x256x128_2x2_16x16x128_1x128x128_tiles1,2,51,90.81148979591833,0.0,passed,
1216,768,7168,ck_0_split0,ck,0,0,a8w8_blockscale_bpreshuffle_1x128x128_256x128x128x128_16x16_16x16_8x32x1_8x32x1_1x32x1x8_8_2x1_intrawave_v3,2,52,60.136500000000034,0.0,passed,
1216,768,7168,ck_1_split0,ck,1,0,a8w8_blockscale_bpreshuffle_1x128x128_256x64x128x128_16x16_16x16_8x32x1_8x32x1_1x32x1x8_8_2x1_intrawave_v3,2,53,35.625020000000006,0.0,passed,
1984,768,7168,ck_1_split0,ck,1,0,a8w8_blockscale_bpreshuffle_1x128x128_256x64x128x128_16x16_16x16_8x32x1_8x32x1_1x32x1x8_8_2x1_intrawave_v3,0,0,35.99508695652174,0.0,passed,
1984,768,7168,ck_2_split0,ck,2,0,a8w8_blockscale_bpreshuffle_1x128x128_256x64x64x128_16x16_16x16_8x32x1_8x32x1_1x32x1x8_8_2x1_intrawave_v3,0,1,35.01093333333333,0.0,passed,
1984,768,7168,ck_3_split0,ck,3,0,a8w8_blockscale_bpreshuffle_1x128x128_256x16x256x128_8x16_16x16_16x16x1_8x32x1_1x16x1x16_8_1x2_intrawave_v1,0,2,55.20875,0.0,passed,
1984,768,7168,ck_4_split0,ck,4,0,a8w8_blockscale_bpreshuffle_1x128x128_256x16x128x128_8x16_16x16_16x16x1_8x32x1_1x16x1x16_8_1x2_intrawave_v1,0,3,49.996956521739136,0.0,passed,
1984,768,7168,ck_5_split0,ck,5,0,a8w8_blockscale_bpreshuffle_1x128x128_256x16x64x128_8x16_16x16_16x16x1_8x32x1_1x16x1x16_4_1x1_intrawave_v1,0,4,54.649239999999985,0.0,passed,
1984,768,7168,ck_6_split0,ck,6,0,a8w8_blockscale_bpreshuffle_1x128x128_256x16x128x256_16x16_16x16_16x16x1_16x16x1_1x16x1x16_8_1x2_intrawave_v1,0,5,45.07225000000001,0.0,passed,
1984,768,7168,ck_7_split0,ck,7,0,a8w8_blockscale_bpreshuffle_1x128x128_256x16x64x256_16x16_16x16_16x16x1_16x16x1_1x16x1x16_4_1x1_intrawave_v1,0,6,50.053469387755115,0.0,passed,
1984,768,7168,ck_8_split0,ck,8,0,a8w8_blockscale_bpreshuffle_1x128x128_256x32x256x128_16x16_16x16_8x32x1_8x32x1_1x32x1x8_8_2x1_intrawave_v1,0,7,40.75586363636364,0.0,passed,
1984,768,7168,ck_9_split0,ck,9,0,a8w8_blockscale_bpreshuffle_1x128x128_256x32x128x128_16x16_16x16_8x32x1_8x32x1_1x32x1x8_8_2x1_intrawave_v1,0,8,36.52686046511628,0.0,passed,
1984,768,7168,ck_10_split0,ck,10,0,a8w8_blockscale_bpreshuffle_1x128x128_256x32x64x128_16x16_16x16_8x32x1_8x32x1_1x32x1x8_8_2x1_intrawave_v1,0,9,35.68297777777779,0.0,passed,
1984,768,7168,ck_11_split0,ck,11,0,a8w8_blockscale_bpreshuffle_1x128x128_256x32x128x256_16x16_16x16_16x16x1_16x16x1_1x32x1x8_8_2x1_intrawave_v1,0,10,36.748020408163256,0.0,passed,
1984,768,7168,ck_12_split0,ck,12,0,a8w8_blockscale_bpreshuffle_1x128x128_256x32x64x256_16x16_16x16_16x16x1_16x16x1_1x32x1x8_8_2x1_intrawave_v1,0,11,35.45897872340426,0.0,passed,
1984,768,7168,ck_13_split0,ck,13,0,a8w8_blockscale_bpreshuffle_1x128x128_256x64x256x128_16x16_16x16_8x32x1_8x32x1_1x32x1x8_8_2x1_intrawave_v1,0,12,52.117063829787185,0.0,passed,
1984,768,7168,ck_14_split0,ck,14,0,a8w8_blockscale_bpreshuffle_1x128x128_256x64x128x128_16x16_16x16_8x32x1_8x32x1_1x32x1x8_8_2x1_intrawave_v1,0,13,37.00106122448979,0.0,passed,
1984,768,7168,ck_15_split0,ck,15,0,a8w8_blockscale_bpreshuffle_1x128x128_256x64x64x128_16x16_16x16_8x32x1_8x32x1_1x32x1x8_8_2x1_intrawave_v1,0,14,34.59606250000001,0.0,passed,
1984,768,7168,ck_16_split0,ck,16,0,a8w8_blockscale_bpreshuffle_1x128x128_256x64x128x256_16x16_16x16_16x16x1_16x16x1_1x32x1x8_8_2x1_intrawave_v1,0,15,36.88621276595745,0.0,passed,
1984,768,7168,ck_17_split0,ck,17,0,a8w8_blockscale_bpreshuffle_1x128x128_256x64x64x256_16x16_16x16_16x16x1_16x16x1_1x32x1x8_8_2x1_intrawave_v1,0,16,35.04422000000001,0.0,passed,
1984,768,7168,cktile_0_split0,cktile,0,0,a8w8_blockscale_cktile_16x128x256_1x4x1_16x16x128_intrawave_0x1x0_1,0,17,53.60734782608698,0.0,passed,
1984,768,7168,cktile_1_split0,cktile,1,0,a8w8_blockscale_cktile_16x128x256_1x4x1_16x16x128_intrawave_0x1x0_2,0,18,53.673288888888855,0.0,passed,
1984,768,7168,cktile_2_split0,cktile,2,0,a8w8_blockscale_cktile_16x128x256_1x4x1_16x16x64_intrawave_0x1x0_1,0,19,52.323702127659594,0.0,passed,
1984,768,7168,cktile_3_split0,cktile,3,0,a8w8_blockscale_cktile_16x128x256_1x4x1_16x16x64_intrawave_0x1x0_2,0,20,51.65459999999999,0.0,passed,
1984,768,7168,cktile_4_split0,cktile,4,0,a8w8_blockscale_cktile_32x128x128_1x4x1_16x16x128_intrawave_0x1x0_1,0,21,57.87595454545458,0.0,passed,
1984,768,7168,cktile_5_split0,cktile,5,0,a8w8_blockscale_cktile_32x128x128_1x4x1_16x16x128_intrawave_0x1x0_2,0,22,58.5113469387755,0.0,passed,
1984,768,7168,cktile_6_split0,cktile,6,0,a8w8_blockscale_cktile_32x128x128_1x4x1_16x16x64_intrawave_0x1x0_1,0,23,51.524306122448955,0.0,passed,
1984,768,7168,cktile_7_split0,cktile,7,0,a8w8_blockscale_cktile_32x128x128_1x4x1_16x16x64_intrawave_0x1x0_2,0,24,53.7931590909091,0.0,passed,
1984,768,7168,cktile_8_split0,cktile,8,0,a8w8_blockscale_cktile_128x128x128_1x4x1_16x16x128_intrawave_0x1x0_1,0,25,103.19176744186042,0.0,passed,
1984,768,7168,cktile_9_split0,cktile,9,0,a8w8_blockscale_cktile_128x128x128_1x4x1_16x16x128_intrawave_0x1x0_1,0,26,103.54206122448981,0.0,passed,
1984,768,7168,cktile_10_split0,cktile,10,0,a8w8_blockscale_cktile_128x128x128_2x2x1_16x16x128_intrawave_0x1x0_2,0,27,108.82148888888891,0.0,passed,
1984,768,7168,cktile_11_split0,cktile,11,0,a8w8_blockscale_cktile_192x256x128_4x2x1_16x16x128_intrawave_0x1x0_1,0,28,77.19138297872342,0.0,passed,
1984,768,7168,cktile_12_split0,cktile,12,0,a8w8_blockscale_cktile_192x256x128_4x2x1_16x16x128_intrawave_0x1x0_1_aqrm,0,29,99.24599999999998,0.0,passed,
1984,768,7168,cktile_13_split0,cktile,13,0,a8w8_blockscale_cktile_16x128x256_1x4x1_16x16x128_intrawave_0x1x0_3,0,30,54.00888372093017,0.0,passed,
1984,768,7168,cktile_14_split0,cktile,14,0,a8w8_blockscale_cktile_16x128x256_1x4x1_16x16x128_intrawave_0x1x0_4,0,31,91.57097872340424,0.0,passed,
1984,768,7168,cktile_15_split0,cktile,15,0,a8w8_blockscale_cktile_16x128x256_1x4x1_16x16x64_intrawave_0x1x0_3,0,32,51.71219999999996,0.0,passed,
1984,768,7168,cktile_16_split0,cktile,16,0,a8w8_blockscale_cktile_16x128x256_1x4x1_16x16x64_intrawave_0x1x0_4,0,33,56.36504545454547,0.0,passed,
1984,768,7168,cktile_17_split0,cktile,17,0,a8w8_blockscale_cktile_32x128x128_1x4x1_16x16x128_intrawave_0x1x0_3,0,34,58.292022222222236,0.0,passed,
1984,768,7168,cktile_18_split0,cktile,18,0,a8w8_blockscale_cktile_32x128x128_1x4x1_16x16x128_intrawave_0x1x0_4,0,35,58.09964285714287,0.0,passed,
1984,768,7168,cktile_19_split0,cktile,19,0,a8w8_blockscale_cktile_32x128x128_1x4x1_16x16x64_intrawave_0x1x0_3,0,36,53.890177777777836,0.0,passed,
1984,768,7168,cktile_20_split0,cktile,20,0,a8w8_blockscale_cktile_32x128x128_1x4x1_16x16x64_intrawave_0x1x0_4,0,37,53.97819148936169,0.0,passed,
1984,768,7168,cktile_21_split0,cktile,21,0,a8w8_blockscale_cktile_128x128x128_1x4x1_16x16x128_intrawave_0x1x0_2,0,38,103.15655555555556,0.0,passed,
1984,768,7168,cktile_22_split0,cktile,22,0,a8w8_blockscale_cktile_128x128x128_1x4x1_16x16x128_intrawave_0x1x0_3,0,39,266.6619199999999,0.0,passed,
1984,768,7168,cktile_23_split0,cktile,23,0,a8w8_blockscale_cktile_128x128x128_1x4x1_16x16x128_intrawave_0x1x0_4,0,40,385.42853488372094,0.0,passed,
1984,768,7168,cktile_24_split0,cktile,24,0,a8w8_blockscale_cktile_128x128x128_2x2x1_16x16x128_intrawave_0x1x0_1,0,41,109.01677083333334,0.0,passed,
1984,768,7168,cktile_25_split0,cktile,25,0,a8w8_blockscale_cktile_128x128x128_2x2x1_16x16x128_intrawave_0x1x0_3,0,42,279.0076363636365,0.0,passed,
1984,768,7168,cktile_26_split0,cktile,26,0,a8w8_blockscale_cktile_128x128x128_2x2x1_16x16x128_intrawave_0x1x0_4,0,43,514.6105102040816,0.0,passed,
1984,768,7168,cktile_27_split0,cktile,27,0,a8w8_blockscale_cktile_192x256x128_4x2x1_16x16x128_intrawave_0x1x0_2,0,44,77.05295652173915,0.0,passed,
1984,768,7168,cktile_28_split0,cktile,28,0,a8w8_blockscale_cktile_192x256x128_4x2x1_16x16x128_intrawave_0x1x0_3,0,45,77.15902173913044,0.0,passed,
1984,768,7168,cktile_29_split0,cktile,29,0,a8w8_blockscale_cktile_192x256x128_4x2x1_16x16x128_intrawave_0x1x0_4,0,46,76.95895348837209,0.0,passed,
1984,768,7168,cktile_30_split0,cktile,30,0,a8w8_blockscale_cktile_192x256x128_4x2x1_16x16x128_intrawave_0x1x0_2_aqrm,0,47,98.95844680851062,0.0,passed,
1984,768,7168,cktile_31_split0,cktile,31,0,a8w8_blockscale_cktile_192x256x128_4x2x1_16x16x128_intrawave_0x1x0_3_aqrm,0,48,98.75078723404253,0.0,passed,
1984,768,7168,cktile_32_split0,cktile,32,0,a8w8_blockscale_cktile_192x256x128_4x2x1_16x16x128_intrawave_0x1x0_4_aqrm,0,49,99.02740425531913,0.0,passed,
1984,768,7168,opus_9011,opus,9011,0,opus_gemm_gfx950_a8w8_mxscale_gemm_bpreshuffle_256x64x128x128_2x2_16x16x128_1x128x128_tiles1_nooob,0,50,30.410775510204086,0.0,passed,
1984,768,7168,opus_9012,opus,9012,0,opus_gemm_gfx950_a8w8_mxscale_gemm_bpreshuffle_256x64x64x128_2x2_16x16x128_1x128x128_tiles1_nooob,0,51,32.40300000000001,0.0,passed,
1984,768,7168,opus_9020,opus,9020,0,opus_gemm_gfx950_a8w8_mxscale_gemm_bpreshuffle_256x256x256x128_2x2_16x16x128_1x128x128_tiles1,0,52,90.95475555555562,0.0,passed,
1984,768,7168,ck_0_split0,ck,0,0,a8w8_blockscale_bpreshuffle_1x128x128_256x128x128x128_16x16_16x16_8x32x1_8x32x1_1x32x1x8_8_2x1_intrawave_v3,0,53,61.13804166666667,0.0,passed,
1984,768,7168,ck_1_split0,ck,1,0,a8w8_blockscale_bpreshuffle_1x128x128_256x64x128x128_16x16_16x16_8x32x1_8x32x1_1x32x1x8_8_2x1_intrawave_v3,1,0,35.92708510638299,0.0,passed,
1984,768,7168,ck_0_split0,ck,0,0,a8w8_blockscale_bpreshuffle_1x128x128_256x128x128x128_16x16_16x16_8x32x1_8x32x1_1x32x1x8_8_2x1_intrawave_v3,1,1,60.69720833333334,0.0,passed,
1984,768,7168,opus_9020,opus,9020,0,opus_gemm_gfx950_a8w8_mxscale_gemm_bpreshuffle_256x256x256x128_2x2_16x16x128_1x128x128_tiles1,1,2,91.04940425531917,0.0,passed,
1984,768,7168,opus_9012,opus,9012,0,opus_gemm_gfx950_a8w8_mxscale_gemm_bpreshuffle_256x64x64x128_2x2_16x16x128_1x128x128_tiles1_nooob,1,3,32.46916279069767,0.0,passed,
1984,768,7168,opus_9011,opus,9011,0,opus_gemm_gfx950_a8w8_mxscale_gemm_bpreshuffle_256x64x128x128_2x2_16x16x128_1x128x128_tiles1_nooob,1,4,29.83190697674418,0.0,passed,
1984,768,7168,cktile_32_split0,cktile,32,0,a8w8_blockscale_cktile_192x256x128_4x2x1_16x16x128_intrawave_0x1x0_4_aqrm,1,5,99.38681249999998,0.0,passed,
1984,768,7168,cktile_31_split0,cktile,31,0,a8w8_blockscale_cktile_192x256x128_4x2x1_16x16x128_intrawave_0x1x0_3_aqrm,1,6,98.81204255319147,0.0,passed,
1984,768,7168,cktile_30_split0,cktile,30,0,a8w8_blockscale_cktile_192x256x128_4x2x1_16x16x128_intrawave_0x1x0_2_aqrm,1,7,99.32261224489798,0.0,passed,
1984,768,7168,cktile_29_split0,cktile,29,0,a8w8_blockscale_cktile_192x256x128_4x2x1_16x16x128_intrawave_0x1x0_4,1,8,77.65158333333329,0.0,passed,
1984,768,7168,cktile_28_split0,cktile,28,0,a8w8_blockscale_cktile_192x256x128_4x2x1_16x16x128_intrawave_0x1x0_3,1,9,77.13010638297874,0.0,passed,
1984,768,7168,cktile_27_split0,cktile,27,0,a8w8_blockscale_cktile_192x256x128_4x2x1_16x16x128_intrawave_0x1x0_2,1,10,77.12346666666662,0.0,passed,
1984,768,7168,cktile_26_split0,cktile,26,0,a8w8_blockscale_cktile_128x128x128_2x2x1_16x16x128_intrawave_0x1x0_4,1,11,514.0404999999998,0.0,passed,
1984,768,7168,cktile_25_split0,cktile,25,0,a8w8_blockscale_cktile_128x128x128_2x2x1_16x16x128_intrawave_0x1x0_3,1,12,279.2325869565216,0.0,passed,
1984,768,7168,cktile_24_split0,cktile,24,0,a8w8_blockscale_cktile_128x128x128_2x2x1_16x16x128_intrawave_0x1x0_1,1,13,108.48948837209299,0.0,passed,
1984,768,7168,cktile_23_split0,cktile,23,0,a8w8_blockscale_cktile_128x128x128_1x4x1_16x16x128_intrawave_0x1x0_4,1,14,385.6397209302323,0.0,passed,
1984,768,7168,cktile_22_split0,cktile,22,0,a8w8_blockscale_cktile_128x128x128_1x4x1_16x16x128_intrawave_0x1x0_3,1,15,266.791306122449,0.0,passed,
1984,768,7168,cktile_21_split0,cktile,21,0,a8w8_blockscale_cktile_128x128x128_1x4x1_16x16x128_intrawave_0x1x0_2,1,16,103.10895348837215,0.0,passed,
1984,768,7168,cktile_20_split0,cktile,20,0,a8w8_blockscale_cktile_32x128x128_1x4x1_16x16x64_intrawave_0x1x0_4,1,17,54.62067346938778,0.0,passed,
1984,768,7168,cktile_19_split0,cktile,19,0,a8w8_blockscale_cktile_32x128x128_1x4x1_16x16x64_intrawave_0x1x0_3,1,18,53.985909090909075,0.0,passed,
1984,768,7168,cktile_18_split0,cktile,18,0,a8w8_blockscale_cktile_32x128x128_1x4x1_16x16x128_intrawave_0x1x0_4,1,19,58.04247619047616,0.0,passed,
1984,768,7168,cktile_17_split0,cktile,17,0,a8w8_blockscale_cktile_32x128x128_1x4x1_16x16x128_intrawave_0x1x0_3,1,20,57.9253333333333,0.0,passed,
1984,768,7168,cktile_16_split0,cktile,16,0,a8w8_blockscale_cktile_16x128x256_1x4x1_16x16x64_intrawave_0x1x0_4,1,21,57.2767906976744,0.0,passed,
1984,768,7168,cktile_15_split0,cktile,15,0,a8w8_blockscale_cktile_16x128x256_1x4x1_16x16x64_intrawave_0x1x0_3,1,22,51.529204081632656,0.0,passed,
1984,768,7168,cktile_14_split0,cktile,14,0,a8w8_blockscale_cktile_16x128x256_1x4x1_16x16x128_intrawave_0x1x0_4,1,23,92.07565957446809,0.0,passed,
1984,768,7168,cktile_13_split0,cktile,13,0,a8w8_blockscale_cktile_16x128x256_1x4x1_16x16x128_intrawave_0x1x0_3,1,24,53.32141860465118,0.0,passed,
1984,768,7168,cktile_12_split0,cktile,12,0,a8w8_blockscale_cktile_192x256x128_4x2x1_16x16x128_intrawave_0x1x0_1_aqrm,1,25,99.01346666666669,0.0,passed,
1984,768,7168,cktile_11_split0,cktile,11,0,a8w8_blockscale_cktile_192x256x128_4x2x1_16x16x128_intrawave_0x1x0_1,1,26,77.43173469387756,0.0,passed,
1984,768,7168,cktile_10_split0,cktile,10,0,a8w8_blockscale_cktile_128x128x128_2x2x1_16x16x128_intrawave_0x1x0_2,1,27,108.54976190476195,0.0,passed,
1984,768,7168,cktile_9_split0,cktile,9,0,a8w8_blockscale_cktile_128x128x128_1x4x1_16x16x128_intrawave_0x1x0_1,1,28,103.25554545454538,0.0,passed,
1984,768,7168,cktile_8_split0,cktile,8,0,a8w8_blockscale_cktile_128x128x128_1x4x1_16x16x128_intrawave_0x1x0_1,1,29,102.87081395348837,0.0,passed,
1984,768,7168,cktile_7_split0,cktile,7,0,a8w8_blockscale_cktile_32x128x128_1x4x1_16x16x64_intrawave_0x1x0_2,1,30,53.51304651162794,0.0,passed,
1984,768,7168,cktile_6_split0,cktile,6,0,a8w8_blockscale_cktile_32x128x128_1x4x1_16x16x64_intrawave_0x1x0_1,1,31,51.22380434782609,0.0,passed,
1984,768,7168,cktile_5_split0,cktile,5,0,a8w8_blockscale_cktile_32x128x128_1x4x1_16x16x128_intrawave_0x1x0_2,1,32,58.18910869565216,0.0,passed,
1984,768,7168,cktile_4_split0,cktile,4,0,a8w8_blockscale_cktile_32x128x128_1x4x1_16x16x128_intrawave_0x1x0_1,1,33,57.68548780487811,0.0,passed,
1984,768,7168,cktile_3_split0,cktile,3,0,a8w8_blockscale_cktile_16x128x256_1x4x1_16x16x64_intrawave_0x1x0_2,1,34,51.00947727272722,0.0,passed,
1984,768,7168,cktile_2_split0,cktile,2,0,a8w8_blockscale_cktile_16x128x256_1x4x1_16x16x64_intrawave_0x1x0_1,1,35,52.69575510204076,0.0,passed,
1984,768,7168,cktile_1_split0,cktile,1,0,a8w8_blockscale_cktile_16x128x256_1x4x1_16x16x128_intrawave_0x1x0_2,1,36,53.75863043478256,0.0,passed,
1984,768,7168,cktile_0_split0,cktile,0,0,a8w8_blockscale_cktile_16x128x256_1x4x1_16x16x128_intrawave_0x1x0_1,1,37,53.48156097560978,0.0,passed,
1984,768,7168,ck_17_split0,ck,17,0,a8w8_blockscale_bpreshuffle_1x128x128_256x64x64x256_16x16_16x16_16x16x1_16x16x1_1x32x1x8_8_2x1_intrawave_v1,1,38,34.30493617021277,0.0,passed,
1984,768,7168,ck_16_split0,ck,16,0,a8w8_blockscale_bpreshuffle_1x128x128_256x64x128x256_16x16_16x16_16x16x1_16x16x1_1x32x1x8_8_2x1_intrawave_v1,1,39,37.15383999999999,0.0,passed,
1984,768,7168,ck_15_split0,ck,15,0,a8w8_blockscale_bpreshuffle_1x128x128_256x64x64x128_16x16_16x16_8x32x1_8x32x1_1x32x1x8_8_2x1_intrawave_v1,1,40,34.16562222222222,0.0,passed,
1984,768,7168,ck_14_split0,ck,14,0,a8w8_blockscale_bpreshuffle_1x128x128_256x64x128x128_16x16_16x16_8x32x1_8x32x1_1x32x1x8_8_2x1_intrawave_v1,1,41,36.52779069767442,0.0,passed,
1984,768,7168,ck_13_split0,ck,13,0,a8w8_blockscale_bpreshuffle_1x128x128_256x64x256x128_16x16_16x16_8x32x1_8x32x1_1x32x1x8_8_2x1_intrawave_v1,1,42,52.06217391304349,0.0,passed,
1984,768,7168,ck_12_split0,ck,12,0,a8w8_blockscale_bpreshuffle_1x128x128_256x32x64x256_16x16_16x16_16x16x1_16x16x1_1x32x1x8_8_2x1_intrawave_v1,1,43,36.03302,0.0,passed,
1984,768,7168,ck_11_split0,ck,11,0,a8w8_blockscale_bpreshuffle_1x128x128_256x32x128x256_16x16_16x16_16x16x1_16x16x1_1x32x1x8_8_2x1_intrawave_v1,1,44,37.52344000000001,0.0,passed,
1984,768,7168,ck_10_split0,ck,10,0,a8w8_blockscale_bpreshuffle_1x128x128_256x32x64x128_16x16_16x16_8x32x1_8x32x1_1x32x1x8_8_2x1_intrawave_v1,1,45,35.642891304347835,0.0,passed,
1984,768,7168,ck_9_split0,ck,9,0,a8w8_blockscale_bpreshuffle_1x128x128_256x32x128x128_16x16_16x16_8x32x1_8x32x1_1x32x1x8_8_2x1_intrawave_v1,1,46,36.98638775510204,0.0,passed,
1984,768,7168,ck_8_split0,ck,8,0,a8w8_blockscale_bpreshuffle_1x128x128_256x32x256x128_16x16_16x16_8x32x1_8x32x1_1x32x1x8_8_2x1_intrawave_v1,1,47,41.13341304347827,0.0,passed,
1984,768,7168,ck_7_split0,ck,7,0,a8w8_blockscale_bpreshuffle_1x128x128_256x16x64x256_16x16_16x16_16x16x1_16x16x1_1x16x1x16_4_1x1_intrawave_v1,1,48,50.184399999999975,0.0,passed,
1984,768,7168,ck_6_split0,ck,6,0,a8w8_blockscale_bpreshuffle_1x128x128_256x16x128x256_16x16_16x16_16x16x1_16x16x1_1x16x1x16_8_1x2_intrawave_v1,1,49,44.90811904761904,0.0,passed,
1984,768,7168,ck_5_split0,ck,5,0,a8w8_blockscale_bpreshuffle_1x128x128_256x16x64x128_8x16_16x16_16x16x1_8x32x1_1x16x1x16_4_1x1_intrawave_v1,1,50,53.566000000000024,0.0,passed,
1984,768,7168,ck_4_split0,ck,4,0,a8w8_blockscale_bpreshuffle_1x128x128_256x16x128x128_8x16_16x16_16x16x1_8x32x1_1x16x1x16_8_1x2_intrawave_v1,1,51,49.58266666666666,0.0,passed,
1984,768,7168,ck_3_split0,ck,3,0,a8w8_blockscale_bpreshuffle_1x128x128_256x16x256x128_8x16_16x16_16x16x1_8x32x1_1x16x1x16_8_1x2_intrawave_v1,1,52,54.85524390243905,0.0,passed,
1984,768,7168,ck_2_split0,ck,2,0,a8w8_blockscale_bpreshuffle_1x128x128_256x64x64x128_16x16_16x16_8x32x1_8x32x1_1x32x1x8_8_2x1_intrawave_v3,1,53,34.86831914893618,0.0,passed,
1984,768,7168,ck_3_split0,ck,3,0,a8w8_blockscale_bpreshuffle_1x128x128_256x16x256x128_8x16_16x16_16x16x1_8x32x1_1x16x1x16_8_1x2_intrawave_v1,2,0,55.35611111111109,0.0,passed,
1984,768,7168,ck_4_split0,ck,4,0,a8w8_blockscale_bpreshuffle_1x128x128_256x16x128x128_8x16_16x16_16x16x1_8x32x1_1x16x1x16_8_1x2_intrawave_v1,2,1,49.49004761904763,0.0,passed,
1984,768,7168,ck_5_split0,ck,5,0,a8w8_blockscale_bpreshuffle_1x128x128_256x16x64x128_8x16_16x16_16x16x1_8x32x1_1x16x1x16_4_1x1_intrawave_v1,2,2,53.84134042553189,0.0,passed,
1984,768,7168,ck_6_split0,ck,6,0,a8w8_blockscale_bpreshuffle_1x128x128_256x16x128x256_16x16_16x16_16x16x1_16x16x1_1x16x1x16_8_1x2_intrawave_v1,2,3,45.5124222222222,0.0,passed,
1984,768,7168,ck_7_split0,ck,7,0,a8w8_blockscale_bpreshuffle_1x128x128_256x16x64x256_16x16_16x16_16x16x1_16x16x1_1x16x1x16_4_1x1_intrawave_v1,2,4,50.37880000000002,0.0,passed,
1984,768,7168,ck_8_split0,ck,8,0,a8w8_blockscale_bpreshuffle_1x128x128_256x32x256x128_16x16_16x16_8x32x1_8x32x1_1x32x1x8_8_2x1_intrawave_v1,2,5,41.24281250000001,0.0,passed,
1984,768,7168,ck_9_split0,ck,9,0,a8w8_blockscale_bpreshuffle_1x128x128_256x32x128x128_16x16_16x16_8x32x1_8x32x1_1x32x1x8_8_2x1_intrawave_v1,2,6,36.7545306122449,0.0,passed,
1984,768,7168,ck_10_split0,ck,10,0,a8w8_blockscale_bpreshuffle_1x128x128_256x32x64x128_16x16_16x16_8x32x1_8x32x1_1x32x1x8_8_2x1_intrawave_v1,2,7,35.90065306122449,0.0,passed,
1984,768,7168,ck_11_split0,ck,11,0,a8w8_blockscale_bpreshuffle_1x128x128_256x32x128x256_16x16_16x16_16x16x1_16x16x1_1x32x1x8_8_2x1_intrawave_v1,2,8,36.28419047619047,0.0,passed,
1984,768,7168,ck_12_split0,ck,12,0,a8w8_blockscale_bpreshuffle_1x128x128_256x32x64x256_16x16_16x16_16x16x1_16x16x1_1x32x1x8_8_2x1_intrawave_v1,2,9,35.45358333333333,0.0,passed,
1984,768,7168,ck_13_split0,ck,13,0,a8w8_blockscale_bpreshuffle_1x128x128_256x64x256x128_16x16_16x16_8x32x1_8x32x1_1x32x1x8_8_2x1_intrawave_v1,2,10,52.14482608695652,0.0,passed,
1984,768,7168,ck_14_split0,ck,14,0,a8w8_blockscale_bpreshuffle_1x128x128_256x64x128x128_16x16_16x16_8x32x1_8x32x1_1x32x1x8_8_2x1_intrawave_v1,2,11,36.85738775510205,0.0,passed,
1984,768,7168,ck_15_split0,ck,15,0,a8w8_blockscale_bpreshuffle_1x128x128_256x64x64x128_16x16_16x16_8x32x1_8x32x1_1x32x1x8_8_2x1_intrawave_v1,2,12,34.3915652173913,0.0,passed,
1984,768,7168,ck_16_split0,ck,16,0,a8w8_blockscale_bpreshuffle_1x128x128_256x64x128x256_16x16_16x16_16x16x1_16x16x1_1x32x1x8_8_2x1_intrawave_v1,2,13,37.472240000000006,0.0,passed,
1984,768,7168,ck_17_split0,ck,17,0,a8w8_blockscale_bpreshuffle_1x128x128_256x64x64x256_16x16_16x16_16x16x1_16x16x1_1x32x1x8_8_2x1_intrawave_v1,2,14,33.82865853658537,0.0,passed,
1984,768,7168,cktile_0_split0,cktile,0,0,a8w8_blockscale_cktile_16x128x256_1x4x1_16x16x128_intrawave_0x1x0_1,2,15,53.46206521739127,0.0,passed,
1984,768,7168,cktile_1_split0,cktile,1,0,a8w8_blockscale_cktile_16x128x256_1x4x1_16x16x128_intrawave_0x1x0_2,2,16,53.919419999999974,0.0,passed,
1984,768,7168,cktile_2_split0,cktile,2,0,a8w8_blockscale_cktile_16x128x256_1x4x1_16x16x64_intrawave_0x1x0_1,2,17,51.838586956521766,0.0,passed,
1984,768,7168,cktile_3_split0,cktile,3,0,a8w8_blockscale_cktile_16x128x256_1x4x1_16x16x64_intrawave_0x1x0_2,2,18,52.11780000000003,0.0,passed,
1984,768,7168,cktile_4_split0,cktile,4,0,a8w8_blockscale_cktile_32x128x128_1x4x1_16x16x128_intrawave_0x1x0_1,2,19,57.61634883720934,0.0,passed,
1984,768,7168,cktile_5_split0,cktile,5,0,a8w8_blockscale_cktile_32x128x128_1x4x1_16x16x128_intrawave_0x1x0_2,2,20,57.62655813953487,0.0,passed,
1984,768,7168,cktile_6_split0,cktile,6,0,a8w8_blockscale_cktile_32x128x128_1x4x1_16x16x64_intrawave_0x1x0_1,2,21,51.29053191489366,0.0,passed,
1984,768,7168,cktile_7_split0,cktile,7,0,a8w8_blockscale_cktile_32x128x128_1x4x1_16x16x64_intrawave_0x1x0_2,2,22,53.947704545454485,0.0,passed,
1984,768,7168,cktile_8_split0,cktile,8,0,a8w8_blockscale_cktile_128x128x128_1x4x1_16x16x128_intrawave_0x1x0_1,2,23,103.75420833333341,0.0,passed,
1984,768,7168,cktile_9_split0,cktile,9,0,a8w8_blockscale_cktile_128x128x128_1x4x1_16x16x128_intrawave_0x1x0_1,2,24,103.07254761904767,0.0,passed,
1984,768,7168,cktile_10_split0,cktile,10,0,a8w8_blockscale_cktile_128x128x128_2x2x1_16x16x128_intrawave_0x1x0_2,2,25,108.50768888888886,0.0,passed,
1984,768,7168,cktile_11_split0,cktile,11,0,a8w8_blockscale_cktile_192x256x128_4x2x1_16x16x128_intrawave_0x1x0_1,2,26,77.03635555555553,0.0,passed,
1984,768,7168,cktile_12_split0,cktile,12,0,a8w8_blockscale_cktile_192x256x128_4x2x1_16x16x128_intrawave_0x1x0_1_aqrm,2,27,99.60995918367351,0.0,passed,
1984,768,7168,cktile_13_split0,cktile,13,0,a8w8_blockscale_cktile_16x128x256_1x4x1_16x16x128_intrawave_0x1x0_3,2,28,53.30932558139529,0.0,passed,
1984,768,7168,cktile_14_split0,cktile,14,0,a8w8_blockscale_cktile_16x128x256_1x4x1_16x16x128_intrawave_0x1x0_4,2,29,91.65488372093021,0.0,passed,
1984,768,7168,cktile_15_split0,cktile,15,0,a8w8_blockscale_cktile_16x128x256_1x4x1_16x16x64_intrawave_0x1x0_3,2,30,51.07486046511628,0.0,passed,
1984,768,7168,cktile_16_split0,cktile,16,0,a8w8_blockscale_cktile_16x128x256_1x4x1_16x16x64_intrawave_0x1x0_4,2,31,57.768414634146325,0.0,passed,
1984,768,7168,cktile_17_split0,cktile,17,0,a8w8_blockscale_cktile_32x128x128_1x4x1_16x16x128_intrawave_0x1x0_3,2,32,58.35695652173912,0.0,passed,
1984,768,7168,cktile_18_split0,cktile,18,0,a8w8_blockscale_cktile_32x128x128_1x4x1_16x16x128_intrawave_0x1x0_4,2,33,57.89009523809521,0.0,passed,
1984,768,7168,cktile_19_split0,cktile,19,0,a8w8_blockscale_cktile_32x128x128_1x4x1_16x16x64_intrawave_0x1x0_3,2,34,53.96748888888889,0.0,passed,
1984,768,7168,cktile_20_split0,cktile,20,0,a8w8_blockscale_cktile_32x128x128_1x4x1_16x16x64_intrawave_0x1x0_4,2,35,54.05686956521739,0.0,passed,
1984,768,7168,cktile_21_split0,cktile,21,0,a8w8_blockscale_cktile_128x128x128_1x4x1_16x16x128_intrawave_0x1x0_2,2,36,103.3694255319149,0.0,passed,
1984,768,7168,cktile_22_split0,cktile,22,0,a8w8_blockscale_cktile_128x128x128_1x4x1_16x16x128_intrawave_0x1x0_3,2,37,266.5261041666667,0.0,passed,
1984,768,7168,cktile_23_split0,cktile,23,0,a8w8_blockscale_cktile_128x128x128_1x4x1_16x16x128_intrawave_0x1x0_4,2,38,385.59506976744177,0.0,passed,
1984,768,7168,cktile_24_split0,cktile,24,0,a8w8_blockscale_cktile_128x128x128_2x2x1_16x16x128_intrawave_0x1x0_1,2,39,108.6792954545455,0.0,passed,
1984,768,7168,cktile_25_split0,cktile,25,0,a8w8_blockscale_cktile_128x128x128_2x2x1_16x16x128_intrawave_0x1x0_3,2,40,279.02591489361686,0.0,passed,
1984,768,7168,cktile_26_split0,cktile,26,0,a8w8_blockscale_cktile_128x128x128_2x2x1_16x16x128_intrawave_0x1x0_4,2,41,514.4072916666668,0.0,passed,
1984,768,7168,cktile_27_split0,cktile,27,0,a8w8_blockscale_cktile_192x256x128_4x2x1_16x16x128_intrawave_0x1x0_2,2,42,77.73191999999995,0.0,passed,
1984,768,7168,cktile_28_split0,cktile,28,0,a8w8_blockscale_cktile_192x256x128_4x2x1_16x16x128_intrawave_0x1x0_3,2,43,77.01534090909091,0.0,passed,
1984,768,7168,cktile_29_split0,cktile,29,0,a8w8_blockscale_cktile_192x256x128_4x2x1_16x16x128_intrawave_0x1x0_4,2,44,77.45776595744678,0.0,passed,
1984,768,7168,cktile_30_split0,cktile,30,0,a8w8_blockscale_cktile_192x256x128_4x2x1_16x16x128_intrawave_0x1x0_2_aqrm,2,45,99.63927659574463,0.0,passed,
1984,768,7168,cktile_31_split0,cktile,31,0,a8w8_blockscale_cktile_192x256x128_4x2x1_16x16x128_intrawave_0x1x0_3_aqrm,2,46,99.20100000000002,0.0,passed,
1984,768,7168,cktile_32_split0,cktile,32,0,a8w8_blockscale_cktile_192x256x128_4x2x1_16x16x128_intrawave_0x1x0_4_aqrm,2,47,99.33097916666661,0.0,passed,
1984,768,7168,opus_9011,opus,9011,0,opus_gemm_gfx950_a8w8_mxscale_gemm_bpreshuffle_256x64x128x128_2x2_16x16x128_1x128x128_tiles1_nooob,2,48,30.340638297872346,0.0,passed,
1984,768,7168,opus_9012,opus,9012,0,opus_gemm_gfx950_a8w8_mxscale_gemm_bpreshuffle_256x64x64x128_2x2_16x16x128_1x128x128_tiles1_nooob,2,49,32.17437500000001,0.0,passed,
1984,768,7168,opus_9020,opus,9020,0,opus_gemm_gfx950_a8w8_mxscale_gemm_bpreshuffle_256x256x256x128_2x2_16x16x128_1x128x128_tiles1,2,50,90.64283720930236,0.0,passed,
1984,768,7168,ck_0_split0,ck,0,0,a8w8_blockscale_bpreshuffle_1x128x128_256x128x128x128_16x16_16x16_8x32x1_8x32x1_1x32x1x8_8_2x1_intrawave_v3,2,51,61.172775510204076,0.0,passed,
1984,768,7168,ck_1_split0,ck,1,0,a8w8_blockscale_bpreshuffle_1x128x128_256x64x128x128_16x16_16x16_8x32x1_8x32x1_1x32x1x8_8_2x1_intrawave_v3,2,52,35.784311111111116,0.0,passed,
1984,768,7168,ck_2_split0,ck,2,0,a8w8_blockscale_bpreshuffle_1x128x128_256x64x64x128_16x16_16x16_8x32x1_8x32x1_1x32x1x8_8_2x1_intrawave_v3,2,53,34.51276190476191,0.0,passed,
1152,2048,7168,ck_2_split0,ck,2,0,a8w8_blockscale_bpreshuffle_1x128x128_256x64x64x128_16x16_16x16_8x32x1_8x32x1_1x32x1x8_8_2x1_intrawave_v3,0,0,46.05952000000002,0.0,passed,
1152,2048,7168,ck_3_split0,ck,3,0,a8w8_blockscale_bpreshuffle_1x128x128_256x16x256x128_8x16_16x16_16x16x1_8x32x1_1x16x1x16_8_1x2_intrawave_v1,0,1,74.64960975609755,0.0,passed,
1152,2048,7168,ck_4_split0,ck,4,0,a8w8_blockscale_bpreshuffle_1x128x128_256x16x128x128_8x16_16x16_16x16x1_8x32x1_1x16x1x16_8_1x2_intrawave_v1,0,2,73.67663999999996,0.0,passed,
1152,2048,7168,ck_5_split0,ck,5,0,a8w8_blockscale_bpreshuffle_1x128x128_256x16x64x128_8x16_16x16_16x16x1_8x32x1_1x16x1x16_4_1x1_intrawave_v1,0,3,77.66709999999996,0.0,passed,
1152,2048,7168,ck_6_split0,ck,6,0,a8w8_blockscale_bpreshuffle_1x128x128_256x16x128x256_16x16_16x16_16x16x1_16x16x1_1x16x1x16_8_1x2_intrawave_v1,0,4,68.78858000000002,0.0,passed,
1152,2048,7168,ck_7_split0,ck,7,0,a8w8_blockscale_bpreshuffle_1x128x128_256x16x64x256_16x16_16x16_16x16x1_16x16x1_1x16x1x16_4_1x1_intrawave_v1,0,5,72.05984000000004,0.0,passed,
1152,2048,7168,ck_8_split0,ck,8,0,a8w8_blockscale_bpreshuffle_1x128x128_256x32x256x128_16x16_16x16_8x32x1_8x32x1_1x32x1x8_8_2x1_intrawave_v1,0,6,55.1606341463415,0.0,passed,
1152,2048,7168,ck_9_split0,ck,9,0,a8w8_blockscale_bpreshuffle_1x128x128_256x32x128x128_16x16_16x16_8x32x1_8x32x1_1x32x1x8_8_2x1_intrawave_v1,0,7,49.88340476190474,0.0,passed,
1152,2048,7168,ck_10_split0,ck,10,0,a8w8_blockscale_bpreshuffle_1x128x128_256x32x64x128_16x16_16x16_8x32x1_8x32x1_1x32x1x8_8_2x1_intrawave_v1,0,8,55.54604000000002,0.0,passed,
1152,2048,7168,ck_11_split0,ck,11,0,a8w8_blockscale_bpreshuffle_1x128x128_256x32x128x256_16x16_16x16_16x16x1_16x16x1_1x32x1x8_8_2x1_intrawave_v1,0,9,48.95876000000002,0.0,passed,
1152,2048,7168,ck_12_split0,ck,12,0,a8w8_blockscale_bpreshuffle_1x128x128_256x32x64x256_16x16_16x16_16x16x1_16x16x1_1x32x1x8_8_2x1_intrawave_v1,0,10,52.785199999999996,0.0,passed,
1152,2048,7168,ck_13_split0,ck,13,0,a8w8_blockscale_bpreshuffle_1x128x128_256x64x256x128_16x16_16x16_8x32x1_8x32x1_1x32x1x8_8_2x1_intrawave_v1,0,11,53.061673469387756,0.0,passed,
1152,2048,7168,ck_14_split0,ck,14,0,a8w8_blockscale_bpreshuffle_1x128x128_256x64x128x128_16x16_16x16_8x32x1_8x32x1_1x32x1x8_8_2x1_intrawave_v1,0,12,41.943000000000005,0.0,passed,
1152,2048,7168,ck_15_split0,ck,15,0,a8w8_blockscale_bpreshuffle_1x128x128_256x64x64x128_16x16_16x16_8x32x1_8x32x1_1x32x1x8_8_2x1_intrawave_v1,0,13,45.15697872340426,0.0,passed,
1152,2048,7168,ck_16_split0,ck,16,0,a8w8_blockscale_bpreshuffle_1x128x128_256x64x128x256_16x16_16x16_16x16x1_16x16x1_1x32x1x8_8_2x1_intrawave_v1,0,14,45.91232000000001,0.0,passed,
1152,2048,7168,ck_17_split0,ck,17,0,a8w8_blockscale_bpreshuffle_1x128x128_256x64x64x256_16x16_16x16_16x16x1_16x16x1_1x32x1x8_8_2x1_intrawave_v1,0,15,52.27641999999999,0.0,passed,
1152,2048,7168,cktile_0_split0,cktile,0,0,a8w8_blockscale_cktile_16x128x256_1x4x1_16x16x128_intrawave_0x1x0_1,0,16,74.21121428571425,0.0,passed,
1152,2048,7168,cktile_1_split0,cktile,1,0,a8w8_blockscale_cktile_16x128x256_1x4x1_16x16x128_intrawave_0x1x0_2,0,17,75.67476923076929,0.0,passed,
1152,2048,7168,cktile_2_split0,cktile,2,0,a8w8_blockscale_cktile_16x128x256_1x4x1_16x16x64_intrawave_0x1x0_1,0,18,75.26206,0.0,passed,
1152,2048,7168,cktile_3_split0,cktile,3,0,a8w8_blockscale_cktile_16x128x256_1x4x1_16x16x64_intrawave_0x1x0_2,0,19,76.49087999999999,0.0,passed,
1152,2048,7168,cktile_4_split0,cktile,4,0,a8w8_blockscale_cktile_32x128x128_1x4x1_16x16x128_intrawave_0x1x0_1,0,20,64.32360975609755,0.0,passed,
1152,2048,7168,cktile_5_split0,cktile,5,0,a8w8_blockscale_cktile_32x128x128_1x4x1_16x16x128_intrawave_0x1x0_2,0,21,65.35784090909091,0.0,passed,
1152,2048,7168,cktile_6_split0,cktile,6,0,a8w8_blockscale_cktile_32x128x128_1x4x1_16x16x64_intrawave_0x1x0_1,0,22,64.48775000000002,0.0,passed,
1152,2048,7168,cktile_7_split0,cktile,7,0,a8w8_blockscale_cktile_32x128x128_1x4x1_16x16x64_intrawave_0x1x0_2,0,23,61.946024390243906,0.0,passed,
1152,2048,7168,cktile_8_split0,cktile,8,0,a8w8_blockscale_cktile_128x128x128_1x4x1_16x16x128_intrawave_0x1x0_1,0,24,104.27529268292679,0.0,passed,
1152,2048,7168,cktile_9_split0,cktile,9,0,a8w8_blockscale_cktile_128x128x128_1x4x1_16x16x128_intrawave_0x1x0_1,0,25,103.63434146341459,0.0,passed,
1152,2048,7168,cktile_10_split0,cktile,10,0,a8w8_blockscale_cktile_128x128x128_2x2x1_16x16x128_intrawave_0x1x0_2,0,26,109.90538775510211,0.0,passed,
1152,2048,7168,cktile_11_split0,cktile,11,0,a8w8_blockscale_cktile_192x256x128_4x2x1_16x16x128_intrawave_0x1x0_1,0,27,75.5313095238095,0.0,passed,
1152,2048,7168,cktile_12_split0,cktile,12,0,a8w8_blockscale_cktile_192x256x128_4x2x1_16x16x128_intrawave_0x1x0_1_aqrm,0,28,97.6144047619048,0.0,passed,
1152,2048,7168,cktile_13_split0,cktile,13,0,a8w8_blockscale_cktile_16x128x256_1x4x1_16x16x128_intrawave_0x1x0_3,0,29,75.94234782608693,0.0,passed,
1152,2048,7168,cktile_14_split0,cktile,14,0,a8w8_blockscale_cktile_16x128x256_1x4x1_16x16x128_intrawave_0x1x0_4,0,30,135.4830434782609,0.0,passed,
1152,2048,7168,cktile_15_split0,cktile,15,0,a8w8_blockscale_cktile_16x128x256_1x4x1_16x16x64_intrawave_0x1x0_3,0,31,74.81934146341463,0.0,passed,
1152,2048,7168,cktile_16_split0,cktile,16,0,a8w8_blockscale_cktile_16x128x256_1x4x1_16x16x64_intrawave_0x1x0_4,0,32,80.69651219512194,0.0,passed,
1152,2048,7168,cktile_17_split0,cktile,17,0,a8w8_blockscale_cktile_32x128x128_1x4x1_16x16x128_intrawave_0x1x0_3,0,33,64.89826829268291,0.0,passed,
1152,2048,7168,cktile_18_split0,cktile,18,0,a8w8_blockscale_cktile_32x128x128_1x4x1_16x16x128_intrawave_0x1x0_4,0,34,65.248512195122,0.0,passed,
1152,2048,7168,cktile_19_split0,cktile,19,0,a8w8_blockscale_cktile_32x128x128_1x4x1_16x16x64_intrawave_0x1x0_3,0,35,62.68804651162793,0.0,passed,
1152,2048,7168,cktile_20_split0,cktile,20,0,a8w8_blockscale_cktile_32x128x128_1x4x1_16x16x64_intrawave_0x1x0_4,0,36,63.07873913043481,0.0,passed,
1152,2048,7168,cktile_21_split0,cktile,21,0,a8w8_blockscale_cktile_128x128x128_1x4x1_16x16x128_intrawave_0x1x0_2,0,37,104.27422500000004,0.0,passed,
1152,2048,7168,cktile_22_split0,cktile,22,0,a8w8_blockscale_cktile_128x128x128_1x4x1_16x16x128_intrawave_0x1x0_3,0,38,279.5280487804878,0.0,passed,
1152,2048,7168,cktile_23_split0,cktile,23,0,a8w8_blockscale_cktile_128x128x128_1x4x1_16x16x128_intrawave_0x1x0_4,0,39,415.53328571428546,0.0,passed,
1152,2048,7168,cktile_24_split0,cktile,24,0,a8w8_blockscale_cktile_128x128x128_2x2x1_16x16x128_intrawave_0x1x0_1,0,40,108.99735714285706,0.0,passed,
1152,2048,7168,cktile_25_split0,cktile,25,0,a8w8_blockscale_cktile_128x128x128_2x2x1_16x16x128_intrawave_0x1x0_3,0,41,294.47456097560956,0.0,passed,
1152,2048,7168,cktile_26_split0,cktile,26,0,a8w8_blockscale_cktile_128x128x128_2x2x1_16x16x128_intrawave_0x1x0_4,0,42,572.7770238095238,0.0,passed,
1152,2048,7168,cktile_27_split0,cktile,27,0,a8w8_blockscale_cktile_192x256x128_4x2x1_16x16x128_intrawave_0x1x0_2,0,43,75.43402439024388,0.0,passed,
1152,2048,7168,cktile_28_split0,cktile,28,0,a8w8_blockscale_cktile_192x256x128_4x2x1_16x16x128_intrawave_0x1x0_3,0,44,75.52749999999995,0.0,passed,
1152,2048,7168,cktile_29_split0,cktile,29,0,a8w8_blockscale_cktile_192x256x128_4x2x1_16x16x128_intrawave_0x1x0_4,0,45,75.54817073170729,0.0,passed,
1152,2048,7168,cktile_30_split0,cktile,30,0,a8w8_blockscale_cktile_192x256x128_4x2x1_16x16x128_intrawave_0x1x0_2_aqrm,0,46,97.70648780487802,0.0,passed,
1152,2048,7168,cktile_31_split0,cktile,31,0,a8w8_blockscale_cktile_192x256x128_4x2x1_16x16x128_intrawave_0x1x0_3_aqrm,0,47,98.3105652173913,0.0,passed,
1152,2048,7168,cktile_32_split0,cktile,32,0,a8w8_blockscale_cktile_192x256x128_4x2x1_16x16x128_intrawave_0x1x0_4_aqrm,0,48,98.12288636363638,0.0,passed,
1152,2048,7168,opus_9010,opus,9010,0,opus_gemm_gfx950_a8w8_mxscale_gemm_bpreshuffle_256x128x128x128_2x2_16x16x128_1x128x128_tiles1_nooob,0,49,38.49036363636365,0.0,passed,
1152,2048,7168,opus_9011,opus,9011,0,opus_gemm_gfx950_a8w8_mxscale_gemm_bpreshuffle_256x64x128x128_2x2_16x16x128_1x128x128_tiles1_nooob,0,50,38.98586000000001,0.0,passed,
1152,2048,7168,opus_9012,opus,9012,0,opus_gemm_gfx950_a8w8_mxscale_gemm_bpreshuffle_256x64x64x128_2x2_16x16x128_1x128x128_tiles1_nooob,0,51,45.38248936170214,0.0,passed,
1152,2048,7168,opus_9020,opus,9020,0,opus_gemm_gfx950_a8w8_mxscale_gemm_bpreshuffle_256x256x256x128_2x2_16x16x128_1x128x128_tiles1,0,52,89.52439130434786,0.0,passed,
1152,2048,7168,ck_0_split0,ck,0,0,a8w8_blockscale_bpreshuffle_1x128x128_256x128x128x128_16x16_16x16_8x32x1_8x32x1_1x32x1x8_8_2x1_intrawave_v3,0,53,51.164604166666685,0.0,passed,
1152,2048,7168,ck_1_split0,ck,1,0,a8w8_blockscale_bpreshuffle_1x128x128_256x64x128x128_16x16_16x16_8x32x1_8x32x1_1x32x1x8_8_2x1_intrawave_v3,0,54,44.31062222222223,0.0,passed,
1152,2048,7168,ck_2_split0,ck,2,0,a8w8_blockscale_bpreshuffle_1x128x128_256x64x64x128_16x16_16x16_8x32x1_8x32x1_1x32x1x8_8_2x1_intrawave_v3,1,0,46.04994000000002,0.0,passed,
1152,2048,7168,ck_1_split0,ck,1,0,a8w8_blockscale_bpreshuffle_1x128x128_256x64x128x128_16x16_16x16_8x32x1_8x32x1_1x32x1x8_8_2x1_intrawave_v3,1,1,44.15684444444445,0.0,passed,
1152,2048,7168,ck_0_split0,ck,0,0,a8w8_blockscale_bpreshuffle_1x128x128_256x128x128x128_16x16_16x16_8x32x1_8x32x1_1x32x1x8_8_2x1_intrawave_v3,1,2,51.36365306122448,0.0,passed,
1152,2048,7168,opus_9020,opus,9020,0,opus_gemm_gfx950_a8w8_mxscale_gemm_bpreshuffle_256x256x256x128_2x2_16x16x128_1x128x128_tiles1,1,3,89.19002272727275,0.0,passed,
1152,2048,7168,opus_9012,opus,9012,0,opus_gemm_gfx950_a8w8_mxscale_gemm_bpreshuffle_256x64x64x128_2x2_16x16x128_1x128x128_tiles1_nooob,1,4,45.00807142857143,0.0,passed,
1152,2048,7168,opus_9011,opus,9011,0,opus_gemm_gfx950_a8w8_mxscale_gemm_bpreshuffle_256x64x128x128_2x2_16x16x128_1x128x128_tiles1_nooob,1,5,37.64316279069769,0.0,passed,
1152,2048,7168,opus_9010,opus,9010,0,opus_gemm_gfx950_a8w8_mxscale_gemm_bpreshuffle_256x128x128x128_2x2_16x16x128_1x128x128_tiles1_nooob,1,6,38.322181818181825,0.0,passed,
1152,2048,7168,cktile_32_split0,cktile,32,0,a8w8_blockscale_cktile_192x256x128_4x2x1_16x16x128_intrawave_0x1x0_4_aqrm,1,7,97.7839285714286,0.0,passed,
1152,2048,7168,cktile_31_split0,cktile,31,0,a8w8_blockscale_cktile_192x256x128_4x2x1_16x16x128_intrawave_0x1x0_3_aqrm,1,8,97.65378048780485,0.0,passed,
1152,2048,7168,cktile_30_split0,cktile,30,0,a8w8_blockscale_cktile_192x256x128_4x2x1_16x16x128_intrawave_0x1x0_2_aqrm,1,9,97.6915476190476,0.0,passed,
1152,2048,7168,cktile_29_split0,cktile,29,0,a8w8_blockscale_cktile_192x256x128_4x2x1_16x16x128_intrawave_0x1x0_4,1,10,75.18036585365851,0.0,passed,
1152,2048,7168,cktile_28_split0,cktile,28,0,a8w8_blockscale_cktile_192x256x128_4x2x1_16x16x128_intrawave_0x1x0_3,1,11,75.489380952381,0.0,passed,
1152,2048,7168,cktile_27_split0,cktile,27,0,a8w8_blockscale_cktile_192x256x128_4x2x1_16x16x128_intrawave_0x1x0_2,1,12,75.35985714285708,0.0,passed,
1152,2048,7168,cktile_26_split0,cktile,26,0,a8w8_blockscale_cktile_128x128x128_2x2x1_16x16x128_intrawave_0x1x0_4,1,13,571.0703333333333,0.0,passed,
1152,2048,7168,cktile_25_split0,cktile,25,0,a8w8_blockscale_cktile_128x128x128_2x2x1_16x16x128_intrawave_0x1x0_3,1,14,294.4082439024389,0.0,passed,
1152,2048,7168,cktile_24_split0,cktile,24,0,a8w8_blockscale_cktile_128x128x128_2x2x1_16x16x128_intrawave_0x1x0_1,1,15,108.95634146341467,0.0,passed,
1152,2048,7168,cktile_23_split0,cktile,23,0,a8w8_blockscale_cktile_128x128x128_1x4x1_16x16x128_intrawave_0x1x0_4,1,16,414.7842439024392,0.0,passed,
1152,2048,7168,cktile_22_split0,cktile,22,0,a8w8_blockscale_cktile_128x128x128_1x4x1_16x16x128_intrawave_0x1x0_3,1,17,279.64125000000024,0.0,passed,
1152,2048,7168,cktile_21_split0,cktile,21,0,a8w8_blockscale_cktile_128x128x128_1x4x1_16x16x128_intrawave_0x1x0_2,1,18,103.67041463414628,0.0,passed,
1152,2048,7168,cktile_20_split0,cktile,20,0,a8w8_blockscale_cktile_32x128x128_1x4x1_16x16x64_intrawave_0x1x0_4,1,19,62.31090243902435,0.0,passed,
1152,2048,7168,cktile_19_split0,cktile,19,0,a8w8_blockscale_cktile_32x128x128_1x4x1_16x16x64_intrawave_0x1x0_3,1,20,64.25876000000002,0.0,passed,
1152,2048,7168,cktile_18_split0,cktile,18,0,a8w8_blockscale_cktile_32x128x128_1x4x1_16x16x128_intrawave_0x1x0_4,1,21,64.95095121951216,0.0,passed,
1152,2048,7168,cktile_17_split0,cktile,17,0,a8w8_blockscale_cktile_32x128x128_1x4x1_16x16x128_intrawave_0x1x0_3,1,22,65.48804651162793,0.0,passed,
1152,2048,7168,cktile_16_split0,cktile,16,0,a8w8_blockscale_cktile_16x128x256_1x4x1_16x16x64_intrawave_0x1x0_4,1,23,82.42376,0.0,passed,
1152,2048,7168,cktile_15_split0,cktile,15,0,a8w8_blockscale_cktile_16x128x256_1x4x1_16x16x64_intrawave_0x1x0_3,1,24,76.64074418604649,0.0,passed,
1152,2048,7168,cktile_14_split0,cktile,14,0,a8w8_blockscale_cktile_16x128x256_1x4x1_16x16x128_intrawave_0x1x0_4,1,25,134.9377272727273,0.0,passed,
1152,2048,7168,cktile_13_split0,cktile,13,0,a8w8_blockscale_cktile_16x128x256_1x4x1_16x16x128_intrawave_0x1x0_3,1,26,74.10909756097561,0.0,passed,
1152,2048,7168,cktile_12_split0,cktile,12,0,a8w8_blockscale_cktile_192x256x128_4x2x1_16x16x128_intrawave_0x1x0_1_aqrm,1,27,97.45378048780489,0.0,passed,
1152,2048,7168,cktile_11_split0,cktile,11,0,a8w8_blockscale_cktile_192x256x128_4x2x1_16x16x128_intrawave_0x1x0_1,1,28,75.37256097560974,0.0,passed,
1152,2048,7168,cktile_10_split0,cktile,10,0,a8w8_blockscale_cktile_128x128x128_2x2x1_16x16x128_intrawave_0x1x0_2,1,29,109.54592307692303,0.0,passed,
1152,2048,7168,cktile_9_split0,cktile,9,0,a8w8_blockscale_cktile_128x128x128_1x4x1_16x16x128_intrawave_0x1x0_1,1,30,103.89968292682924,0.0,passed,
1152,2048,7168,cktile_8_split0,cktile,8,0,a8w8_blockscale_cktile_128x128x128_1x4x1_16x16x128_intrawave_0x1x0_1,1,31,104.25968292682938,0.0,passed,
1152,2048,7168,cktile_7_split0,cktile,7,0,a8w8_blockscale_cktile_32x128x128_1x4x1_16x16x64_intrawave_0x1x0_2,1,32,63.517897959183664,0.0,passed,
1152,2048,7168,cktile_6_split0,cktile,6,0,a8w8_blockscale_cktile_32x128x128_1x4x1_16x16x64_intrawave_0x1x0_1,1,33,64.89436585365851,0.0,passed,
1152,2048,7168,cktile_5_split0,cktile,5,0,a8w8_blockscale_cktile_32x128x128_1x4x1_16x16x128_intrawave_0x1x0_2,1,34,64.66704878048778,0.0,passed,
1152,2048,7168,cktile_4_split0,cktile,4,0,a8w8_blockscale_cktile_32x128x128_1x4x1_16x16x128_intrawave_0x1x0_1,1,35,64.68064285714283,0.0,passed,
1152,2048,7168,cktile_3_split0,cktile,3,0,a8w8_blockscale_cktile_16x128x256_1x4x1_16x16x64_intrawave_0x1x0_2,1,36,76.76368000000001,0.0,passed,
1152,2048,7168,cktile_2_split0,cktile,2,0,a8w8_blockscale_cktile_16x128x256_1x4x1_16x16x64_intrawave_0x1x0_1,1,37,75.22742857142858,0.0,passed,
1152,2048,7168,cktile_1_split0,cktile,1,0,a8w8_blockscale_cktile_16x128x256_1x4x1_16x16x128_intrawave_0x1x0_2,1,38,73.4690731707317,0.0,passed,
1152,2048,7168,cktile_0_split0,cktile,0,0,a8w8_blockscale_cktile_16x128x256_1x4x1_16x16x128_intrawave_0x1x0_1,1,39,74.65520454545455,0.0,passed,
1152,2048,7168,ck_17_split0,ck,17,0,a8w8_blockscale_bpreshuffle_1x128x128_256x64x64x256_16x16_16x16_16x16x1_16x16x1_1x32x1x8_8_2x1_intrawave_v1,1,40,52.74602,0.0,passed,
1152,2048,7168,ck_16_split0,ck,16,0,a8w8_blockscale_bpreshuffle_1x128x128_256x64x128x256_16x16_16x16_16x16x1_16x16x1_1x32x1x8_8_2x1_intrawave_v1,1,41,45.498719999999985,0.0,passed,
1152,2048,7168,ck_15_split0,ck,15,0,a8w8_blockscale_bpreshuffle_1x128x128_256x64x64x128_16x16_16x16_8x32x1_8x32x1_1x32x1x8_8_2x1_intrawave_v1,1,42,45.86994000000001,0.0,passed,
1152,2048,7168,ck_14_split0,ck,14,0,a8w8_blockscale_bpreshuffle_1x128x128_256x64x128x128_16x16_16x16_8x32x1_8x32x1_1x32x1x8_8_2x1_intrawave_v1,1,43,42.37469999999998,0.0,passed,
1152,2048,7168,ck_13_split0,ck,13,0,a8w8_blockscale_bpreshuffle_1x128x128_256x64x256x128_16x16_16x16_8x32x1_8x32x1_1x32x1x8_8_2x1_intrawave_v1,1,44,52.935620000000014,0.0,passed,
1152,2048,7168,ck_12_split0,ck,12,0,a8w8_blockscale_bpreshuffle_1x128x128_256x32x64x256_16x16_16x16_16x16x1_16x16x1_1x32x1x8_8_2x1_intrawave_v1,1,45,50.920399999999965,0.0,passed,
1152,2048,7168,ck_11_split0,ck,11,0,a8w8_blockscale_bpreshuffle_1x128x128_256x32x128x256_16x16_16x16_16x16x1_16x16x1_1x32x1x8_8_2x1_intrawave_v1,1,46,49.373960000000025,0.0,passed,
1152,2048,7168,ck_10_split0,ck,10,0,a8w8_blockscale_bpreshuffle_1x128x128_256x32x64x128_16x16_16x16_8x32x1_8x32x1_1x32x1x8_8_2x1_intrawave_v1,1,47,55.625239999999955,0.0,passed,
1152,2048,7168,ck_9_split0,ck,9,0,a8w8_blockscale_bpreshuffle_1x128x128_256x32x128x128_16x16_16x16_8x32x1_8x32x1_1x32x1x8_8_2x1_intrawave_v1,1,48,50.52757499999994,0.0,passed,
1152,2048,7168,ck_8_split0,ck,8,0,a8w8_blockscale_bpreshuffle_1x128x128_256x32x256x128_16x16_16x16_8x32x1_8x32x1_1x32x1x8_8_2x1_intrawave_v1,1,49,55.37329268292684,0.0,passed,
1152,2048,7168,ck_7_split0,ck,7,0,a8w8_blockscale_bpreshuffle_1x128x128_256x16x64x256_16x16_16x16_16x16x1_16x16x1_1x16x1x16_4_1x1_intrawave_v1,1,50,72.25904,0.0,passed,
1152,2048,7168,ck_6_split0,ck,6,0,a8w8_blockscale_bpreshuffle_1x128x128_256x16x128x256_16x16_16x16_16x16x1_16x16x1_1x16x1x16_8_1x2_intrawave_v1,1,51,67.15978000000001,0.0,passed,
1152,2048,7168,ck_5_split0,ck,5,0,a8w8_blockscale_bpreshuffle_1x128x128_256x16x64x128_8x16_16x16_16x16x1_8x32x1_1x16x1x16_4_1x1_intrawave_v1,1,52,76.48229999999998,0.0,passed,
1152,2048,7168,ck_4_split0,ck,4,0,a8w8_blockscale_bpreshuffle_1x128x128_256x16x128x128_8x16_16x16_16x16x1_8x32x1_1x16x1x16_8_1x2_intrawave_v1,1,53,71.67818367346938,0.0,passed,
1152,2048,7168,ck_3_split0,ck,3,0,a8w8_blockscale_bpreshuffle_1x128x128_256x16x256x128_8x16_16x16_16x16x1_8x32x1_1x16x1x16_8_1x2_intrawave_v1,1,54,75.23223809523807,0.0,passed,
1152,2048,7168,ck_4_split0,ck,4,0,a8w8_blockscale_bpreshuffle_1x128x128_256x16x128x128_8x16_16x16_16x16x1_8x32x1_1x16x1x16_8_1x2_intrawave_v1,2,0,73.90065999999997,0.0,passed,
1152,2048,7168,ck_5_split0,ck,5,0,a8w8_blockscale_bpreshuffle_1x128x128_256x16x64x128_8x16_16x16_16x16x1_8x32x1_1x16x1x16_4_1x1_intrawave_v1,2,1,77.27907999999998,0.0,passed,
1152,2048,7168,ck_6_split0,ck,6,0,a8w8_blockscale_bpreshuffle_1x128x128_256x16x128x256_16x16_16x16_16x16x1_16x16x1_1x16x1x16_8_1x2_intrawave_v1,2,2,69.02460000000002,0.0,passed,
1152,2048,7168,ck_7_split0,ck,7,0,a8w8_blockscale_bpreshuffle_1x128x128_256x16x64x256_16x16_16x16_16x16x1_16x16x1_1x16x1x16_4_1x1_intrawave_v1,2,3,72.20541999999998,0.0,passed,
1152,2048,7168,ck_8_split0,ck,8,0,a8w8_blockscale_bpreshuffle_1x128x128_256x32x256x128_16x16_16x16_8x32x1_8x32x1_1x32x1x8_8_2x1_intrawave_v1,2,4,55.77730232558138,0.0,passed,
1152,2048,7168,ck_9_split0,ck,9,0,a8w8_blockscale_bpreshuffle_1x128x128_256x32x128x128_16x16_16x16_8x32x1_8x32x1_1x32x1x8_8_2x1_intrawave_v1,2,5,51.025978723404265,0.0,passed,
1152,2048,7168,ck_10_split0,ck,10,0,a8w8_blockscale_bpreshuffle_1x128x128_256x32x64x128_16x16_16x16_8x32x1_8x32x1_1x32x1x8_8_2x1_intrawave_v1,2,6,53.89869047619042,0.0,passed,
1152,2048,7168,ck_11_split0,ck,11,0,a8w8_blockscale_bpreshuffle_1x128x128_256x32x128x256_16x16_16x16_16x16x1_16x16x1_1x32x1x8_8_2x1_intrawave_v1,2,7,48.96196,0.0,passed,
1152,2048,7168,ck_12_split0,ck,12,0,a8w8_blockscale_bpreshuffle_1x128x128_256x32x64x256_16x16_16x16_16x16x1_16x16x1_1x32x1x8_8_2x1_intrawave_v1,2,8,53.22199999999998,0.0,passed,
1152,2048,7168,ck_13_split0,ck,13,0,a8w8_blockscale_bpreshuffle_1x128x128_256x64x256x128_16x16_16x16_8x32x1_8x32x1_1x32x1x8_8_2x1_intrawave_v1,2,9,52.80545833333332,0.0,passed,
1152,2048,7168,ck_14_split0,ck,14,0,a8w8_blockscale_bpreshuffle_1x128x128_256x64x128x128_16x16_16x16_8x32x1_8x32x1_1x32x1x8_8_2x1_intrawave_v1,2,10,41.85253488372092,0.0,passed,
1152,2048,7168,ck_15_split0,ck,15,0,a8w8_blockscale_bpreshuffle_1x128x128_256x64x64x128_16x16_16x16_8x32x1_8x32x1_1x32x1x8_8_2x1_intrawave_v1,2,11,45.708320000000015,0.0,passed,
1152,2048,7168,ck_16_split0,ck,16,0,a8w8_blockscale_bpreshuffle_1x128x128_256x64x128x256_16x16_16x16_16x16x1_16x16x1_1x32x1x8_8_2x1_intrawave_v1,2,12,46.338719999999995,0.0,passed,
1152,2048,7168,ck_17_split0,ck,17,0,a8w8_blockscale_bpreshuffle_1x128x128_256x64x64x256_16x16_16x16_16x16x1_16x16x1_1x32x1x8_8_2x1_intrawave_v1,2,13,52.167599999999965,0.0,passed,
1152,2048,7168,cktile_0_split0,cktile,0,0,a8w8_blockscale_cktile_16x128x256_1x4x1_16x16x128_intrawave_0x1x0_1,2,14,74.52278048780485,0.0,passed,
1152,2048,7168,cktile_1_split0,cktile,1,0,a8w8_blockscale_cktile_16x128x256_1x4x1_16x16x128_intrawave_0x1x0_2,2,15,74.02031707317072,0.0,passed,
1152,2048,7168,cktile_2_split0,cktile,2,0,a8w8_blockscale_cktile_16x128x256_1x4x1_16x16x64_intrawave_0x1x0_1,2,16,75.47165999999999,0.0,passed,
1152,2048,7168,cktile_3_split0,cktile,3,0,a8w8_blockscale_cktile_16x128x256_1x4x1_16x16x64_intrawave_0x1x0_2,2,17,76.9263958333333,0.0,passed,
1152,2048,7168,cktile_4_split0,cktile,4,0,a8w8_blockscale_cktile_32x128x128_1x4x1_16x16x128_intrawave_0x1x0_1,2,18,64.41336585365852,0.0,passed,
1152,2048,7168,cktile_5_split0,cktile,5,0,a8w8_blockscale_cktile_32x128x128_1x4x1_16x16x128_intrawave_0x1x0_2,2,19,64.67778048780488,0.0,passed,
1152,2048,7168,cktile_6_split0,cktile,6,0,a8w8_blockscale_cktile_32x128x128_1x4x1_16x16x64_intrawave_0x1x0_1,2,20,65.26006666666659,0.0,passed,
1152,2048,7168,cktile_7_split0,cktile,7,0,a8w8_blockscale_cktile_32x128x128_1x4x1_16x16x64_intrawave_0x1x0_2,2,21,63.56913999999999,0.0,passed,
1152,2048,7168,cktile_8_split0,cktile,8,0,a8w8_blockscale_cktile_128x128x128_1x4x1_16x16x128_intrawave_0x1x0_1,2,22,104.17482926829261,0.0,passed,
1152,2048,7168,cktile_9_split0,cktile,9,0,a8w8_blockscale_cktile_128x128x128_1x4x1_16x16x128_intrawave_0x1x0_1,2,23,104.49675609756102,0.0,passed,
1152,2048,7168,cktile_10_split0,cktile,10,0,a8w8_blockscale_cktile_128x128x128_2x2x1_16x16x128_intrawave_0x1x0_2,2,24,109.41097560975606,0.0,passed,
1152,2048,7168,cktile_11_split0,cktile,11,0,a8w8_blockscale_cktile_192x256x128_4x2x1_16x16x128_intrawave_0x1x0_1,2,25,75.33892857142858,0.0,passed,
1152,2048,7168,cktile_12_split0,cktile,12,0,a8w8_blockscale_cktile_192x256x128_4x2x1_16x16x128_intrawave_0x1x0_1_aqrm,2,26,97.67195454545454,0.0,passed,
1152,2048,7168,cktile_13_split0,cktile,13,0,a8w8_blockscale_cktile_16x128x256_1x4x1_16x16x128_intrawave_0x1x0_3,2,27,75.39204878048781,0.0,passed,
1152,2048,7168,cktile_14_split0,cktile,14,0,a8w8_blockscale_cktile_16x128x256_1x4x1_16x16x128_intrawave_0x1x0_4,2,28,132.8141707317074,0.0,passed,
1152,2048,7168,cktile_15_split0,cktile,15,0,a8w8_blockscale_cktile_16x128x256_1x4x1_16x16x64_intrawave_0x1x0_3,2,29,76.56979545454543,0.0,passed,
1152,2048,7168,cktile_16_split0,cktile,16,0,a8w8_blockscale_cktile_16x128x256_1x4x1_16x16x64_intrawave_0x1x0_4,2,30,81.93493999999993,0.0,passed,
1152,2048,7168,cktile_17_split0,cktile,17,0,a8w8_blockscale_cktile_32x128x128_1x4x1_16x16x128_intrawave_0x1x0_3,2,31,64.75784090909089,0.0,passed,
1152,2048,7168,cktile_18_split0,cktile,18,0,a8w8_blockscale_cktile_32x128x128_1x4x1_16x16x128_intrawave_0x1x0_4,2,32,65.08948780487796,0.0,passed,
1152,2048,7168,cktile_19_split0,cktile,19,0,a8w8_blockscale_cktile_32x128x128_1x4x1_16x16x64_intrawave_0x1x0_3,2,33,63.84202040816329,0.0,passed,
1152,2048,7168,cktile_20_split0,cktile,20,0,a8w8_blockscale_cktile_32x128x128_1x4x1_16x16x64_intrawave_0x1x0_4,2,34,63.77074000000002,0.0,passed,
1152,2048,7168,cktile_21_split0,cktile,21,0,a8w8_blockscale_cktile_128x128x128_1x4x1_16x16x128_intrawave_0x1x0_2,2,35,103.7952926829269,0.0,passed,
1152,2048,7168,cktile_22_split0,cktile,22,0,a8w8_blockscale_cktile_128x128x128_1x4x1_16x16x128_intrawave_0x1x0_3,2,36,279.5036585365855,0.0,passed,
1152,2048,7168,cktile_23_split0,cktile,23,0,a8w8_blockscale_cktile_128x128x128_1x4x1_16x16x128_intrawave_0x1x0_4,2,37,415.06850000000003,0.0,passed,
1152,2048,7168,cktile_24_split0,cktile,24,0,a8w8_blockscale_cktile_128x128x128_2x2x1_16x16x128_intrawave_0x1x0_1,2,38,109.341275,0.0,passed,
1152,2048,7168,cktile_25_split0,cktile,25,0,a8w8_blockscale_cktile_128x128x128_2x2x1_16x16x128_intrawave_0x1x0_3,2,39,294.68334146341454,0.0,passed,
1152,2048,7168,cktile_26_split0,cktile,26,0,a8w8_blockscale_cktile_128x128x128_2x2x1_16x16x128_intrawave_0x1x0_4,2,40,571.932953488372,0.0,passed,
1152,2048,7168,cktile_27_split0,cktile,27,0,a8w8_blockscale_cktile_192x256x128_4x2x1_16x16x128_intrawave_0x1x0_2,2,41,75.54220930232559,0.0,passed,
1152,2048,7168,cktile_28_split0,cktile,28,0,a8w8_blockscale_cktile_192x256x128_4x2x1_16x16x128_intrawave_0x1x0_3,2,42,75.10914634146343,0.0,passed,
1152,2048,7168,cktile_29_split0,cktile,29,0,a8w8_blockscale_cktile_192x256x128_4x2x1_16x16x128_intrawave_0x1x0_4,2,43,75.56358139534885,0.0,passed,
1152,2048,7168,cktile_30_split0,cktile,30,0,a8w8_blockscale_cktile_192x256x128_4x2x1_16x16x128_intrawave_0x1x0_2_aqrm,2,44,97.92515000000004,0.0,passed,
1152,2048,7168,cktile_31_split0,cktile,31,0,a8w8_blockscale_cktile_192x256x128_4x2x1_16x16x128_intrawave_0x1x0_3_aqrm,2,45,98.09130232558142,0.0,passed,
1152,2048,7168,cktile_32_split0,cktile,32,0,a8w8_blockscale_cktile_192x256x128_4x2x1_16x16x128_intrawave_0x1x0_4_aqrm,2,46,97.77475609756098,0.0,passed,
1152,2048,7168,opus_9010,opus,9010,0,opus_gemm_gfx950_a8w8_mxscale_gemm_bpreshuffle_256x128x128x128_2x2_16x16x128_1x128x128_tiles1_nooob,2,47,38.46670454545455,0.0,passed,
1152,2048,7168,opus_9011,opus,9011,0,opus_gemm_gfx950_a8w8_mxscale_gemm_bpreshuffle_256x64x128x128_2x2_16x16x128_1x128x128_tiles1_nooob,2,48,38.005023255813946,0.0,passed,
1152,2048,7168,opus_9012,opus,9012,0,opus_gemm_gfx950_a8w8_mxscale_gemm_bpreshuffle_256x64x64x128_2x2_16x16x128_1x128x128_tiles1_nooob,2,49,44.802302325581394,0.0,passed,
1152,2048,7168,opus_9020,opus,9020,0,opus_gemm_gfx950_a8w8_mxscale_gemm_bpreshuffle_256x256x256x128_2x2_16x16x128_1x128x128_tiles1,2,50,89.00392682926827,0.0,passed,
1152,2048,7168,ck_0_split0,ck,0,0,a8w8_blockscale_bpreshuffle_1x128x128_256x128x128x128_16x16_16x16_8x32x1_8x32x1_1x32x1x8_8_2x1_intrawave_v3,2,51,51.3256739130435,0.0,passed,
1152,2048,7168,ck_1_split0,ck,1,0,a8w8_blockscale_bpreshuffle_1x128x128_256x64x128x128_16x16_16x16_8x32x1_8x32x1_1x32x1x8_8_2x1_intrawave_v3,2,52,44.51071999999999,0.0,passed,
1152,2048,7168,ck_2_split0,ck,2,0,a8w8_blockscale_bpreshuffle_1x128x128_256x64x64x128_16x16_16x16_8x32x1_8x32x1_1x32x1x8_8_2x1_intrawave_v3,2,53,46.14271999999999,0.0,passed,
1152,2048,7168,ck_3_split0,ck,3,0,a8w8_blockscale_bpreshuffle_1x128x128_256x16x256x128_8x16_16x16_16x16x1_8x32x1_1x16x1x16_8_1x2_intrawave_v1,2,54,75.24938095238099,0.0,passed,
1920,2048,7168,ck_3_split0,ck,3,0,a8w8_blockscale_bpreshuffle_1x128x128_256x16x256x128_8x16_16x16_16x16x1_8x32x1_1x16x1x16_8_1x2_intrawave_v1,0,0,106.57062000000008,0.0,passed,
1920,2048,7168,ck_4_split0,ck,4,0,a8w8_blockscale_bpreshuffle_1x128x128_256x16x128x128_8x16_16x16_16x16x1_8x32x1_1x16x1x16_8_1x2_intrawave_v1,0,1,114.23792000000009,0.0,passed,
1920,2048,7168,ck_5_split0,ck,5,0,a8w8_blockscale_bpreshuffle_1x128x128_256x16x64x128_8x16_16x16_16x16x1_8x32x1_1x16x1x16_4_1x1_intrawave_v1,0,2,124.16762000000003,0.0,passed,
1920,2048,7168,ck_6_split0,ck,6,0,a8w8_blockscale_bpreshuffle_1x128x128_256x16x128x256_16x16_16x16_16x16x1_16x16x1_1x16x1x16_8_1x2_intrawave_v1,0,3,107.62504000000003,0.0,passed,
1920,2048,7168,ck_7_split0,ck,7,0,a8w8_blockscale_bpreshuffle_1x128x128_256x16x64x256_16x16_16x16_16x16x1_16x16x1_1x16x1x16_4_1x1_intrawave_v1,0,4,117.68116000000003,0.0,passed,
1920,2048,7168,ck_8_split0,ck,8,0,a8w8_blockscale_bpreshuffle_1x128x128_256x32x256x128_16x16_16x16_8x32x1_8x32x1_1x32x1x8_8_2x1_intrawave_v1,0,5,67.29817999999997,0.0,passed,
1920,2048,7168,ck_9_split0,ck,9,0,a8w8_blockscale_bpreshuffle_1x128x128_256x32x128x128_16x16_16x16_8x32x1_8x32x1_1x32x1x8_8_2x1_intrawave_v1,0,6,70.72862000000005,0.0,passed,
1920,2048,7168,ck_10_split0,ck,10,0,a8w8_blockscale_bpreshuffle_1x128x128_256x32x64x128_16x16_16x16_8x32x1_8x32x1_1x32x1x8_8_2x1_intrawave_v1,0,7,82.61434000000001,0.0,passed,
1920,2048,7168,ck_11_split0,ck,11,0,a8w8_blockscale_bpreshuffle_1x128x128_256x32x128x256_16x16_16x16_16x16x1_16x16x1_1x32x1x8_8_2x1_intrawave_v1,0,8,69.36620000000002,0.0,passed,
1920,2048,7168,ck_12_split0,ck,12,0,a8w8_blockscale_bpreshuffle_1x128x128_256x32x64x256_16x16_16x16_16x16x1_16x16x1_1x32x1x8_8_2x1_intrawave_v1,0,9,84.00956000000002,0.0,passed,
1920,2048,7168,ck_13_split0,ck,13,0,a8w8_blockscale_bpreshuffle_1x128x128_256x64x256x128_16x16_16x16_8x32x1_8x32x1_1x32x1x8_8_2x1_intrawave_v1,0,10,57.26686000000001,0.0,passed,
1920,2048,7168,ck_14_split0,ck,14,0,a8w8_blockscale_bpreshuffle_1x128x128_256x64x128x128_16x16_16x16_8x32x1_8x32x1_1x32x1x8_8_2x1_intrawave_v1,0,11,50.749979999999994,0.0,passed,
1920,2048,7168,ck_15_split0,ck,15,0,a8w8_blockscale_bpreshuffle_1x128x128_256x64x64x128_16x16_16x16_8x32x1_8x32x1_1x32x1x8_8_2x1_intrawave_v1,0,12,64.53414000000001,0.0,passed,
1920,2048,7168,ck_16_split0,ck,16,0,a8w8_blockscale_bpreshuffle_1x128x128_256x64x128x256_16x16_16x16_16x16x1_16x16x1_1x32x1x8_8_2x1_intrawave_v1,0,13,53.70922000000002,0.0,passed,
1920,2048,7168,ck_17_split0,ck,17,0,a8w8_blockscale_bpreshuffle_1x128x128_256x64x64x256_16x16_16x16_16x16x1_16x16x1_1x32x1x8_8_2x1_intrawave_v1,0,14,69.9606,0.0,passed,
1920,2048,7168,cktile_0_split0,cktile,0,0,a8w8_blockscale_cktile_16x128x256_1x4x1_16x16x128_intrawave_0x1x0_1,0,15,111.28384090909086,0.0,passed,
1920,2048,7168,cktile_1_split0,cktile,1,0,a8w8_blockscale_cktile_16x128x256_1x4x1_16x16x128_intrawave_0x1x0_2,0,16,113.08492000000004,0.0,passed,
1920,2048,7168,cktile_2_split0,cktile,2,0,a8w8_blockscale_cktile_16x128x256_1x4x1_16x16x64_intrawave_0x1x0_1,0,17,112.66170000000002,0.0,passed,
1920,2048,7168,cktile_3_split0,cktile,3,0,a8w8_blockscale_cktile_16x128x256_1x4x1_16x16x64_intrawave_0x1x0_2,0,18,112.15288000000011,0.0,passed,
1920,2048,7168,cktile_4_split0,cktile,4,0,a8w8_blockscale_cktile_32x128x128_1x4x1_16x16x128_intrawave_0x1x0_1,0,19,85.42058000000004,0.0,passed,
1920,2048,7168,cktile_5_split0,cktile,5,0,a8w8_blockscale_cktile_32x128x128_1x4x1_16x16x128_intrawave_0x1x0_2,0,20,84.55015999999996,0.0,passed,
1920,2048,7168,cktile_6_split0,cktile,6,0,a8w8_blockscale_cktile_32x128x128_1x4x1_16x16x64_intrawave_0x1x0_1,0,21,88.26221999999999,0.0,passed,
1920,2048,7168,cktile_7_split0,cktile,7,0,a8w8_blockscale_cktile_32x128x128_1x4x1_16x16x64_intrawave_0x1x0_2,0,22,85.58537999999999,0.0,passed,
1920,2048,7168,cktile_8_split0,cktile,8,0,a8w8_blockscale_cktile_128x128x128_1x4x1_16x16x128_intrawave_0x1x0_1,0,23,105.97921428571433,0.0,passed,
1920,2048,7168,cktile_9_split0,cktile,9,0,a8w8_blockscale_cktile_128x128x128_1x4x1_16x16x128_intrawave_0x1x0_1,0,24,105.98711627906974,0.0,passed,
1920,2048,7168,cktile_10_split0,cktile,10,0,a8w8_blockscale_cktile_128x128x128_2x2x1_16x16x128_intrawave_0x1x0_2,0,25,110.46170731707313,0.0,passed,
1920,2048,7168,cktile_11_split0,cktile,11,0,a8w8_blockscale_cktile_192x256x128_4x2x1_16x16x128_intrawave_0x1x0_1,0,26,76.73443181818182,0.0,passed,
1920,2048,7168,cktile_12_split0,cktile,12,0,a8w8_blockscale_cktile_192x256x128_4x2x1_16x16x128_intrawave_0x1x0_1_aqrm,0,27,99.02559090909095,0.0,passed,
1920,2048,7168,cktile_13_split0,cktile,13,0,a8w8_blockscale_cktile_16x128x256_1x4x1_16x16x128_intrawave_0x1x0_3,0,28,111.65656818181823,0.0,passed,
1920,2048,7168,cktile_14_split0,cktile,14,0,a8w8_blockscale_cktile_16x128x256_1x4x1_16x16x128_intrawave_0x1x0_4,0,29,205.99958000000004,0.0,passed,
1920,2048,7168,cktile_15_split0,cktile,15,0,a8w8_blockscale_cktile_16x128x256_1x4x1_16x16x64_intrawave_0x1x0_3,0,30,112.93717021276593,0.0,passed,
1920,2048,7168,cktile_16_split0,cktile,16,0,a8w8_blockscale_cktile_16x128x256_1x4x1_16x16x64_intrawave_0x1x0_4,0,31,115.85054000000004,0.0,passed,
1920,2048,7168,cktile_17_split0,cktile,17,0,a8w8_blockscale_cktile_32x128x128_1x4x1_16x16x128_intrawave_0x1x0_3,0,32,85.28795918367345,0.0,passed,
1920,2048,7168,cktile_18_split0,cktile,18,0,a8w8_blockscale_cktile_32x128x128_1x4x1_16x16x128_intrawave_0x1x0_4,0,33,87.16219999999994,0.0,passed,
1920,2048,7168,cktile_19_split0,cktile,19,0,a8w8_blockscale_cktile_32x128x128_1x4x1_16x16x64_intrawave_0x1x0_3,0,34,86.42779999999995,0.0,passed,
1920,2048,7168,cktile_20_split0,cktile,20,0,a8w8_blockscale_cktile_32x128x128_1x4x1_16x16x64_intrawave_0x1x0_4,0,35,84.08135999999995,0.0,passed,
1920,2048,7168,cktile_21_split0,cktile,21,0,a8w8_blockscale_cktile_128x128x128_1x4x1_16x16x128_intrawave_0x1x0_2,0,36,105.3630975609756,0.0,passed,
1920,2048,7168,cktile_22_split0,cktile,22,0,a8w8_blockscale_cktile_128x128x128_1x4x1_16x16x128_intrawave_0x1x0_3,0,37,298.6460465116279,0.0,passed,
1920,2048,7168,cktile_23_split0,cktile,23,0,a8w8_blockscale_cktile_128x128x128_1x4x1_16x16x128_intrawave_0x1x0_4,0,38,558.99962,0.0,passed,
1920,2048,7168,cktile_24_split0,cktile,24,0,a8w8_blockscale_cktile_128x128x128_2x2x1_16x16x128_intrawave_0x1x0_1,0,39,110.44595238095232,0.0,passed,
1920,2048,7168,cktile_25_split0,cktile,25,0,a8w8_blockscale_cktile_128x128x128_2x2x1_16x16x128_intrawave_0x1x0_3,0,40,316.84723255813947,0.0,passed,
1920,2048,7168,cktile_26_split0,cktile,26,0,a8w8_blockscale_cktile_128x128x128_2x2x1_16x16x128_intrawave_0x1x0_4,0,41,830.844818181818,0.0,passed,
1920,2048,7168,cktile_27_split0,cktile,27,0,a8w8_blockscale_cktile_192x256x128_4x2x1_16x16x128_intrawave_0x1x0_2,0,42,76.42464285714289,0.0,passed,
1920,2048,7168,cktile_28_split0,cktile,28,0,a8w8_blockscale_cktile_192x256x128_4x2x1_16x16x128_intrawave_0x1x0_3,0,43,76.50965116279076,0.0,passed,
1920,2048,7168,cktile_29_split0,cktile,29,0,a8w8_blockscale_cktile_192x256x128_4x2x1_16x16x128_intrawave_0x1x0_4,0,44,76.70259090909093,0.0,passed,
1920,2048,7168,cktile_30_split0,cktile,30,0,a8w8_blockscale_cktile_192x256x128_4x2x1_16x16x128_intrawave_0x1x0_2_aqrm,0,45,99.14013636363639,0.0,passed,
1920,2048,7168,cktile_31_split0,cktile,31,0,a8w8_blockscale_cktile_192x256x128_4x2x1_16x16x128_intrawave_0x1x0_3_aqrm,0,46,99.10468181818186,0.0,passed,
1920,2048,7168,cktile_32_split0,cktile,32,0,a8w8_blockscale_cktile_192x256x128_4x2x1_16x16x128_intrawave_0x1x0_4_aqrm,0,47,99.08279999999999,0.0,passed,
1920,2048,7168,opus_9010,opus,9010,0,opus_gemm_gfx950_a8w8_mxscale_gemm_bpreshuffle_256x128x128x128_2x2_16x16x128_1x128x128_tiles1_nooob,0,48,41.82588000000001,0.0,passed,
1920,2048,7168,opus_9011,opus,9011,0,opus_gemm_gfx950_a8w8_mxscale_gemm_bpreshuffle_256x64x128x128_2x2_16x16x128_1x128x128_tiles1_nooob,0,49,46.439539999999994,0.0,passed,
1920,2048,7168,opus_9012,opus,9012,0,opus_gemm_gfx950_a8w8_mxscale_gemm_bpreshuffle_256x64x64x128_2x2_16x16x128_1x128x128_tiles1_nooob,0,50,59.6917,0.0,passed,
1920,2048,7168,opus_9020,opus,9020,0,opus_gemm_gfx950_a8w8_mxscale_gemm_bpreshuffle_256x256x256x128_2x2_16x16x128_1x128x128_tiles1,0,51,89.85772093023253,0.0,passed,
1920,2048,7168,ck_0_split0,ck,0,0,a8w8_blockscale_bpreshuffle_1x128x128_256x128x128x128_16x16_16x16_8x32x1_8x32x1_1x32x1x8_8_2x1_intrawave_v3,0,52,55.05432653061228,0.0,passed,
1920,2048,7168,ck_1_split0,ck,1,0,a8w8_blockscale_bpreshuffle_1x128x128_256x64x128x128_16x16_16x16_8x32x1_8x32x1_1x32x1x8_8_2x1_intrawave_v3,0,53,54.48841999999999,0.0,passed,
1920,2048,7168,ck_2_split0,ck,2,0,a8w8_blockscale_bpreshuffle_1x128x128_256x64x64x128_16x16_16x16_8x32x1_8x32x1_1x32x1x8_8_2x1_intrawave_v3,0,54,66.46618000000002,0.0,passed,
1920,2048,7168,ck_3_split0,ck,3,0,a8w8_blockscale_bpreshuffle_1x128x128_256x16x256x128_8x16_16x16_16x16x1_8x32x1_1x16x1x16_8_1x2_intrawave_v1,1,0,105.81302000000001,0.0,passed,
1920,2048,7168,ck_2_split0,ck,2,0,a8w8_blockscale_bpreshuffle_1x128x128_256x64x64x128_16x16_16x16_8x32x1_8x32x1_1x32x1x8_8_2x1_intrawave_v3,1,1,64.73814,0.0,passed,
1920,2048,7168,ck_1_split0,ck,1,0,a8w8_blockscale_bpreshuffle_1x128x128_256x64x128x128_16x16_16x16_8x32x1_8x32x1_1x32x1x8_8_2x1_intrawave_v3,1,2,52.577199999999976,0.0,passed,
1920,2048,7168,ck_0_split0,ck,0,0,a8w8_blockscale_bpreshuffle_1x128x128_256x128x128x128_16x16_16x16_8x32x1_8x32x1_1x32x1x8_8_2x1_intrawave_v3,1,3,55.96204000000001,0.0,passed,
1920,2048,7168,opus_9020,opus,9020,0,opus_gemm_gfx950_a8w8_mxscale_gemm_bpreshuffle_256x256x256x128_2x2_16x16x128_1x128x128_tiles1,1,4,89.88002380952386,0.0,passed,
1920,2048,7168,opus_9012,opus,9012,0,opus_gemm_gfx950_a8w8_mxscale_gemm_bpreshuffle_256x64x64x128_2x2_16x16x128_1x128x128_tiles1_nooob,1,5,59.54768000000001,0.0,passed,
1920,2048,7168,opus_9011,opus,9011,0,opus_gemm_gfx950_a8w8_mxscale_gemm_bpreshuffle_256x64x128x128_2x2_16x16x128_1x128x128_tiles1_nooob,1,6,46.00575555555555,0.0,passed,
1920,2048,7168,opus_9010,opus,9010,0,opus_gemm_gfx950_a8w8_mxscale_gemm_bpreshuffle_256x128x128x128_2x2_16x16x128_1x128x128_tiles1_nooob,1,7,41.865080000000006,0.0,passed,
1920,2048,7168,cktile_32_split0,cktile,32,0,a8w8_blockscale_cktile_192x256x128_4x2x1_16x16x128_intrawave_0x1x0_4_aqrm,1,8,99.0968837209302,0.0,passed,
1920,2048,7168,cktile_31_split0,cktile,31,0,a8w8_blockscale_cktile_192x256x128_4x2x1_16x16x128_intrawave_0x1x0_3_aqrm,1,9,99.11740909090908,0.0,passed,
1920,2048,7168,cktile_30_split0,cktile,30,0,a8w8_blockscale_cktile_192x256x128_4x2x1_16x16x128_intrawave_0x1x0_2_aqrm,1,10,99.2774666666667,0.0,passed,
1920,2048,7168,cktile_29_split0,cktile,29,0,a8w8_blockscale_cktile_192x256x128_4x2x1_16x16x128_intrawave_0x1x0_4,1,11,76.5263953488372,0.0,passed,
1920,2048,7168,cktile_28_split0,cktile,28,0,a8w8_blockscale_cktile_192x256x128_4x2x1_16x16x128_intrawave_0x1x0_3,1,12,76.75616279069766,0.0,passed,
1920,2048,7168,cktile_27_split0,cktile,27,0,a8w8_blockscale_cktile_192x256x128_4x2x1_16x16x128_intrawave_0x1x0_2,1,13,76.60625,0.0,passed,
1920,2048,7168,cktile_26_split0,cktile,26,0,a8w8_blockscale_cktile_128x128x128_2x2x1_16x16x128_intrawave_0x1x0_4,1,14,830.9648409090903,0.0,passed,
1920,2048,7168,cktile_25_split0,cktile,25,0,a8w8_blockscale_cktile_128x128x128_2x2x1_16x16x128_intrawave_0x1x0_3,1,15,316.68545238095237,0.0,passed,
1920,2048,7168,cktile_24_split0,cktile,24,0,a8w8_blockscale_cktile_128x128x128_2x2x1_16x16x128_intrawave_0x1x0_1,1,16,111.4067209302326,0.0,passed,
1920,2048,7168,cktile_23_split0,cktile,23,0,a8w8_blockscale_cktile_128x128x128_1x4x1_16x16x128_intrawave_0x1x0_4,1,17,548.9225111111112,0.0,passed,
1920,2048,7168,cktile_22_split0,cktile,22,0,a8w8_blockscale_cktile_128x128x128_1x4x1_16x16x128_intrawave_0x1x0_3,1,18,299.1391162790697,0.0,passed,
1920,2048,7168,cktile_21_split0,cktile,21,0,a8w8_blockscale_cktile_128x128x128_1x4x1_16x16x128_intrawave_0x1x0_2,1,19,104.99817500000009,0.0,passed,
1920,2048,7168,cktile_20_split0,cktile,20,0,a8w8_blockscale_cktile_32x128x128_1x4x1_16x16x64_intrawave_0x1x0_4,1,20,85.45658000000003,0.0,passed,
1920,2048,7168,cktile_19_split0,cktile,19,0,a8w8_blockscale_cktile_32x128x128_1x4x1_16x16x64_intrawave_0x1x0_3,1,21,85.41178,0.0,passed,
1920,2048,7168,cktile_18_split0,cktile,18,0,a8w8_blockscale_cktile_32x128x128_1x4x1_16x16x128_intrawave_0x1x0_4,1,22,85.59498000000006,0.0,passed,
1920,2048,7168,cktile_17_split0,cktile,17,0,a8w8_blockscale_cktile_32x128x128_1x4x1_16x16x128_intrawave_0x1x0_3,1,23,85.31978000000007,0.0,passed,
1920,2048,7168,cktile_16_split0,cktile,16,0,a8w8_blockscale_cktile_16x128x256_1x4x1_16x16x64_intrawave_0x1x0_4,1,24,118.06416000000009,0.0,passed,
1920,2048,7168,cktile_15_split0,cktile,15,0,a8w8_blockscale_cktile_16x128x256_1x4x1_16x16x64_intrawave_0x1x0_3,1,25,113.56829999999998,0.0,passed,
1920,2048,7168,cktile_14_split0,cktile,14,0,a8w8_blockscale_cktile_16x128x256_1x4x1_16x16x128_intrawave_0x1x0_4,1,26,204.33154000000002,0.0,passed,
1920,2048,7168,cktile_13_split0,cktile,13,0,a8w8_blockscale_cktile_16x128x256_1x4x1_16x16x128_intrawave_0x1x0_3,1,27,112.91449999999995,0.0,passed,
1920,2048,7168,cktile_12_split0,cktile,12,0,a8w8_blockscale_cktile_192x256x128_4x2x1_16x16x128_intrawave_0x1x0_1_aqrm,1,28,99.04286363636366,0.0,passed,
1920,2048,7168,cktile_11_split0,cktile,11,0,a8w8_blockscale_cktile_192x256x128_4x2x1_16x16x128_intrawave_0x1x0_1,1,29,76.69170454545458,0.0,passed,
1920,2048,7168,cktile_10_split0,cktile,10,0,a8w8_blockscale_cktile_128x128x128_2x2x1_16x16x128_intrawave_0x1x0_2,1,30,110.54953658536586,0.0,passed,
1920,2048,7168,cktile_9_split0,cktile,9,0,a8w8_blockscale_cktile_128x128x128_1x4x1_16x16x128_intrawave_0x1x0_1,1,31,105.98804651162801,0.0,passed,
1920,2048,7168,cktile_8_split0,cktile,8,0,a8w8_blockscale_cktile_128x128x128_1x4x1_16x16x128_intrawave_0x1x0_1,1,32,106.04853488372095,0.0,passed,
1920,2048,7168,cktile_7_split0,cktile,7,0,a8w8_blockscale_cktile_32x128x128_1x4x1_16x16x64_intrawave_0x1x0_2,1,33,85.56938,0.0,passed,
1920,2048,7168,cktile_6_split0,cktile,6,0,a8w8_blockscale_cktile_32x128x128_1x4x1_16x16x64_intrawave_0x1x0_1,1,34,89.02381999999996,0.0,passed,
1920,2048,7168,cktile_5_split0,cktile,5,0,a8w8_blockscale_cktile_32x128x128_1x4x1_16x16x128_intrawave_0x1x0_2,1,35,84.54377999999997,0.0,passed,
1920,2048,7168,cktile_4_split0,cktile,4,0,a8w8_blockscale_cktile_32x128x128_1x4x1_16x16x128_intrawave_0x1x0_1,1,36,85.67163265306118,0.0,passed,
1920,2048,7168,cktile_3_split0,cktile,3,0,a8w8_blockscale_cktile_16x128x256_1x4x1_16x16x64_intrawave_0x1x0_2,1,37,111.39367999999999,0.0,passed,
1920,2048,7168,cktile_2_split0,cktile,2,0,a8w8_blockscale_cktile_16x128x256_1x4x1_16x16x64_intrawave_0x1x0_1,1,38,111.87518367346942,0.0,passed,
1920,2048,7168,cktile_1_split0,cktile,1,0,a8w8_blockscale_cktile_16x128x256_1x4x1_16x16x128_intrawave_0x1x0_2,1,39,112.56567999999994,0.0,passed,
1920,2048,7168,cktile_0_split0,cktile,0,0,a8w8_blockscale_cktile_16x128x256_1x4x1_16x16x128_intrawave_0x1x0_1,1,40,111.53565909090912,0.0,passed,
1920,2048,7168,ck_17_split0,ck,17,0,a8w8_blockscale_bpreshuffle_1x128x128_256x64x64x256_16x16_16x16_16x16x1_16x16x1_1x32x1x8_8_2x1_intrawave_v1,1,41,71.10302,0.0,passed,
1920,2048,7168,ck_16_split0,ck,16,0,a8w8_blockscale_bpreshuffle_1x128x128_256x64x128x256_16x16_16x16_16x16x1_16x16x1_1x32x1x8_8_2x1_intrawave_v1,1,42,54.78444000000001,0.0,passed,
1920,2048,7168,ck_15_split0,ck,15,0,a8w8_blockscale_bpreshuffle_1x128x128_256x64x64x128_16x16_16x16_8x32x1_8x32x1_1x32x1x8_8_2x1_intrawave_v1,1,43,64.76374000000001,0.0,passed,
1920,2048,7168,ck_14_split0,ck,14,0,a8w8_blockscale_bpreshuffle_1x128x128_256x64x128x128_16x16_16x16_8x32x1_8x32x1_1x32x1x8_8_2x1_intrawave_v1,1,44,50.52918000000003,0.0,passed,
1920,2048,7168,ck_13_split0,ck,13,0,a8w8_blockscale_bpreshuffle_1x128x128_256x64x256x128_16x16_16x16_8x32x1_8x32x1_1x32x1x8_8_2x1_intrawave_v1,1,45,57.43486000000003,0.0,passed,
1920,2048,7168,ck_12_split0,ck,12,0,a8w8_blockscale_bpreshuffle_1x128x128_256x32x64x256_16x16_16x16_16x16x1_16x16x1_1x32x1x8_8_2x1_intrawave_v1,1,46,82.05674000000003,0.0,passed,
1920,2048,7168,ck_11_split0,ck,11,0,a8w8_blockscale_bpreshuffle_1x128x128_256x32x128x256_16x16_16x16_16x16x1_16x16x1_1x32x1x8_8_2x1_intrawave_v1,1,47,68.83498,0.0,passed,
1920,2048,7168,ck_10_split0,ck,10,0,a8w8_blockscale_bpreshuffle_1x128x128_256x32x64x128_16x16_16x16_8x32x1_8x32x1_1x32x1x8_8_2x1_intrawave_v1,1,48,84.90156000000003,0.0,passed,
1920,2048,7168,ck_9_split0,ck,9,0,a8w8_blockscale_bpreshuffle_1x128x128_256x32x128x128_16x16_16x16_8x32x1_8x32x1_1x32x1x8_8_2x1_intrawave_v1,1,49,70.24460000000002,0.0,passed,
1920,2048,7168,ck_8_split0,ck,8,0,a8w8_blockscale_bpreshuffle_1x128x128_256x32x256x128_16x16_16x16_8x32x1_8x32x1_1x32x1x8_8_2x1_intrawave_v1,1,50,66.66537999999997,0.0,passed,
1920,2048,7168,ck_7_split0,ck,7,0,a8w8_blockscale_bpreshuffle_1x128x128_256x16x64x256_16x16_16x16_16x16x1_16x16x1_1x16x1x16_4_1x1_intrawave_v1,1,51,117.57153999999998,0.0,passed,
1920,2048,7168,ck_6_split0,ck,6,0,a8w8_blockscale_bpreshuffle_1x128x128_256x16x128x256_16x16_16x16_16x16x1_16x16x1_1x16x1x16_8_1x2_intrawave_v1,1,52,109.38586000000006,0.0,passed,
1920,2048,7168,ck_5_split0,ck,5,0,a8w8_blockscale_bpreshuffle_1x128x128_256x16x64x128_8x16_16x16_16x16x1_8x32x1_1x16x1x16_4_1x1_intrawave_v1,1,53,123.85482000000006,0.0,passed,
1920,2048,7168,ck_4_split0,ck,4,0,a8w8_blockscale_bpreshuffle_1x128x128_256x16x128x128_8x16_16x16_16x16x1_8x32x1_1x16x1x16_8_1x2_intrawave_v1,1,54,114.43152000000002,0.0,passed,
1920,2048,7168,ck_5_split0,ck,5,0,a8w8_blockscale_bpreshuffle_1x128x128_256x16x64x128_8x16_16x16_16x16x1_8x32x1_1x16x1x16_4_1x1_intrawave_v1,2,0,124.88297872340425,0.0,passed,
1920,2048,7168,ck_6_split0,ck,6,0,a8w8_blockscale_bpreshuffle_1x128x128_256x16x128x256_16x16_16x16_16x16x1_16x16x1_1x16x1x16_8_1x2_intrawave_v1,2,1,110.51226666666666,0.0,passed,
1920,2048,7168,ck_7_split0,ck,7,0,a8w8_blockscale_bpreshuffle_1x128x128_256x16x64x256_16x16_16x16_16x16x1_16x16x1_1x16x1x16_4_1x1_intrawave_v1,2,2,119.64595999999996,0.0,passed,
1920,2048,7168,ck_8_split0,ck,8,0,a8w8_blockscale_bpreshuffle_1x128x128_256x32x256x128_16x16_16x16_8x32x1_8x32x1_1x32x1x8_8_2x1_intrawave_v1,2,3,66.62776,0.0,passed,
1920,2048,7168,ck_9_split0,ck,9,0,a8w8_blockscale_bpreshuffle_1x128x128_256x32x128x128_16x16_16x16_8x32x1_8x32x1_1x32x1x8_8_2x1_intrawave_v1,2,4,69.2318,0.0,passed,
1920,2048,7168,ck_10_split0,ck,10,0,a8w8_blockscale_bpreshuffle_1x128x128_256x32x64x128_16x16_16x16_8x32x1_8x32x1_1x32x1x8_8_2x1_intrawave_v1,2,5,84.40875999999997,0.0,passed,
1920,2048,7168,ck_11_split0,ck,11,0,a8w8_blockscale_bpreshuffle_1x128x128_256x32x128x256_16x16_16x16_16x16x1_16x16x1_1x32x1x8_8_2x1_intrawave_v1,2,6,70.21420000000006,0.0,passed,
1920,2048,7168,ck_12_split0,ck,12,0,a8w8_blockscale_bpreshuffle_1x128x128_256x32x64x256_16x16_16x16_16x16x1_16x16x1_1x32x1x8_8_2x1_intrawave_v1,2,7,84.40716000000003,0.0,passed,
1920,2048,7168,ck_13_split0,ck,13,0,a8w8_blockscale_bpreshuffle_1x128x128_256x64x256x128_16x16_16x16_8x32x1_8x32x1_1x32x1x8_8_2x1_intrawave_v1,2,8,56.800459999999994,0.0,passed,
1920,2048,7168,ck_14_split0,ck,14,0,a8w8_blockscale_bpreshuffle_1x128x128_256x64x128x128_16x16_16x16_8x32x1_8x32x1_1x32x1x8_8_2x1_intrawave_v1,2,9,51.34598000000002,0.0,passed,
1920,2048,7168,ck_15_split0,ck,15,0,a8w8_blockscale_bpreshuffle_1x128x128_256x64x64x128_16x16_16x16_8x32x1_8x32x1_1x32x1x8_8_2x1_intrawave_v1,2,10,65.30775999999999,0.0,passed,
1920,2048,7168,ck_16_split0,ck,16,0,a8w8_blockscale_bpreshuffle_1x128x128_256x64x128x256_16x16_16x16_16x16x1_16x16x1_1x32x1x8_8_2x1_intrawave_v1,2,11,54.45482000000001,0.0,passed,
1920,2048,7168,ck_17_split0,ck,17,0,a8w8_blockscale_bpreshuffle_1x128x128_256x64x64x256_16x16_16x16_16x16x1_16x16x1_1x32x1x8_8_2x1_intrawave_v1,2,12,70.01100000000001,0.0,passed,
1920,2048,7168,cktile_0_split0,cktile,0,0,a8w8_blockscale_cktile_16x128x256_1x4x1_16x16x128_intrawave_0x1x0_1,2,13,111.47462790697668,0.0,passed,
1920,2048,7168,cktile_1_split0,cktile,1,0,a8w8_blockscale_cktile_16x128x256_1x4x1_16x16x128_intrawave_0x1x0_2,2,14,111.85745454545462,0.0,passed,
1920,2048,7168,cktile_2_split0,cktile,2,0,a8w8_blockscale_cktile_16x128x256_1x4x1_16x16x64_intrawave_0x1x0_1,2,15,111.36728000000011,0.0,passed,
1920,2048,7168,cktile_3_split0,cktile,3,0,a8w8_blockscale_cktile_16x128x256_1x4x1_16x16x64_intrawave_0x1x0_2,2,16,112.5264999999999,0.0,passed,
1920,2048,7168,cktile_4_split0,cktile,4,0,a8w8_blockscale_cktile_32x128x128_1x4x1_16x16x128_intrawave_0x1x0_1,2,17,84.67816326530617,0.0,passed,
1920,2048,7168,cktile_5_split0,cktile,5,0,a8w8_blockscale_cktile_32x128x128_1x4x1_16x16x128_intrawave_0x1x0_2,2,18,86.50399999999999,0.0,passed,
1920,2048,7168,cktile_6_split0,cktile,6,0,a8w8_blockscale_cktile_32x128x128_1x4x1_16x16x64_intrawave_0x1x0_1,2,19,89.47538636363639,0.0,passed,
1920,2048,7168,cktile_7_split0,cktile,7,0,a8w8_blockscale_cktile_32x128x128_1x4x1_16x16x64_intrawave_0x1x0_2,2,20,87.26379999999993,0.0,passed,
1920,2048,7168,cktile_8_split0,cktile,8,0,a8w8_blockscale_cktile_128x128x128_1x4x1_16x16x128_intrawave_0x1x0_1,2,21,106.15923255813954,0.0,passed,
1920,2048,7168,cktile_9_split0,cktile,9,0,a8w8_blockscale_cktile_128x128x128_1x4x1_16x16x128_intrawave_0x1x0_1,2,22,105.98804651162797,0.0,passed,
1920,2048,7168,cktile_10_split0,cktile,10,0,a8w8_blockscale_cktile_128x128x128_2x2x1_16x16x128_intrawave_0x1x0_2,2,23,110.94253488372097,0.0,passed,
1920,2048,7168,cktile_11_split0,cktile,11,0,a8w8_blockscale_cktile_192x256x128_4x2x1_16x16x128_intrawave_0x1x0_1,2,24,76.71715909090906,0.0,passed,
1920,2048,7168,cktile_12_split0,cktile,12,0,a8w8_blockscale_cktile_192x256x128_4x2x1_16x16x128_intrawave_0x1x0_1_aqrm,2,25,99.0801395348837,0.0,passed,
1920,2048,7168,cktile_13_split0,cktile,13,0,a8w8_blockscale_cktile_16x128x256_1x4x1_16x16x128_intrawave_0x1x0_3,2,26,114.69129999999997,0.0,passed,
1920,2048,7168,cktile_14_split0,cktile,14,0,a8w8_blockscale_cktile_16x128x256_1x4x1_16x16x128_intrawave_0x1x0_4,2,27,201.40028888888904,0.0,passed,
1920,2048,7168,cktile_15_split0,cktile,15,0,a8w8_blockscale_cktile_16x128x256_1x4x1_16x16x64_intrawave_0x1x0_3,2,28,113.68889999999996,0.0,passed,
1920,2048,7168,cktile_16_split0,cktile,16,0,a8w8_blockscale_cktile_16x128x256_1x4x1_16x16x64_intrawave_0x1x0_4,2,29,117.49456000000005,0.0,passed,
1920,2048,7168,cktile_17_split0,cktile,17,0,a8w8_blockscale_cktile_32x128x128_1x4x1_16x16x128_intrawave_0x1x0_3,2,30,86.12158695652171,0.0,passed,
1920,2048,7168,cktile_18_split0,cktile,18,0,a8w8_blockscale_cktile_32x128x128_1x4x1_16x16x128_intrawave_0x1x0_4,2,31,85.87817999999997,0.0,passed,
1920,2048,7168,cktile_19_split0,cktile,19,0,a8w8_blockscale_cktile_32x128x128_1x4x1_16x16x64_intrawave_0x1x0_3,2,32,84.76858000000006,0.0,passed,
1920,2048,7168,cktile_20_split0,cktile,20,0,a8w8_blockscale_cktile_32x128x128_1x4x1_16x16x64_intrawave_0x1x0_4,2,33,87.01816666666654,0.0,passed,
1920,2048,7168,cktile_21_split0,cktile,21,0,a8w8_blockscale_cktile_128x128x128_1x4x1_16x16x128_intrawave_0x1x0_2,2,34,105.9982619047619,0.0,passed,
1920,2048,7168,cktile_22_split0,cktile,22,0,a8w8_blockscale_cktile_128x128x128_1x4x1_16x16x128_intrawave_0x1x0_3,2,35,298.8261904761905,0.0,passed,
1920,2048,7168,cktile_23_split0,cktile,23,0,a8w8_blockscale_cktile_128x128x128_1x4x1_16x16x128_intrawave_0x1x0_4,2,36,558.72598,0.0,passed,
1920,2048,7168,cktile_24_split0,cktile,24,0,a8w8_blockscale_cktile_128x128x128_2x2x1_16x16x128_intrawave_0x1x0_1,2,37,110.93164285714286,0.0,passed,
1920,2048,7168,cktile_25_split0,cktile,25,0,a8w8_blockscale_cktile_128x128x128_2x2x1_16x16x128_intrawave_0x1x0_3,2,38,317.67139534883717,0.0,passed,
1920,2048,7168,cktile_26_split0,cktile,26,0,a8w8_blockscale_cktile_128x128x128_2x2x1_16x16x128_intrawave_0x1x0_4,2,39,831.4602500000001,0.0,passed,
1920,2048,7168,cktile_27_split0,cktile,27,0,a8w8_blockscale_cktile_192x256x128_4x2x1_16x16x128_intrawave_0x1x0_2,2,40,76.77443181818184,0.0,passed,
1920,2048,7168,cktile_28_split0,cktile,28,0,a8w8_blockscale_cktile_192x256x128_4x2x1_16x16x128_intrawave_0x1x0_3,2,41,76.75440909090908,0.0,passed,
1920,2048,7168,cktile_29_split0,cktile,29,0,a8w8_blockscale_cktile_192x256x128_4x2x1_16x16x128_intrawave_0x1x0_4,2,42,76.90261363636365,0.0,passed,
1920,2048,7168,cktile_30_split0,cktile,30,0,a8w8_blockscale_cktile_192x256x128_4x2x1_16x16x128_intrawave_0x1x0_2_aqrm,2,43,99.24559090909088,0.0,passed,
1920,2048,7168,cktile_31_split0,cktile,31,0,a8w8_blockscale_cktile_192x256x128_4x2x1_16x16x128_intrawave_0x1x0_3_aqrm,2,44,99.23831818181822,0.0,passed,
1920,2048,7168,cktile_32_split0,cktile,32,0,a8w8_blockscale_cktile_192x256x128_4x2x1_16x16x128_intrawave_0x1x0_4_aqrm,2,45,98.95104545454537,0.0,passed,
1920,2048,7168,opus_9010,opus,9010,0,opus_gemm_gfx950_a8w8_mxscale_gemm_bpreshuffle_256x128x128x128_2x2_16x16x128_1x128x128_tiles1_nooob,2,46,41.46417021276597,0.0,passed,
1920,2048,7168,opus_9011,opus,9011,0,opus_gemm_gfx950_a8w8_mxscale_gemm_bpreshuffle_256x64x128x128_2x2_16x16x128_1x128x128_tiles1_nooob,2,47,45.87151111111115,0.0,passed,
1920,2048,7168,opus_9012,opus,9012,0,opus_gemm_gfx950_a8w8_mxscale_gemm_bpreshuffle_256x64x64x128_2x2_16x16x128_1x128x128_tiles1_nooob,2,48,58.95328000000001,0.0,passed,
1920,2048,7168,opus_9020,opus,9020,0,opus_gemm_gfx950_a8w8_mxscale_gemm_bpreshuffle_256x256x256x128_2x2_16x16x128_1x128x128_tiles1,2,49,90.02822727272722,0.0,passed,
1920,2048,7168,ck_0_split0,ck,0,0,a8w8_blockscale_bpreshuffle_1x128x128_256x128x128x128_16x16_16x16_8x32x1_8x32x1_1x32x1x8_8_2x1_intrawave_v3,2,50,54.933510204081664,0.0,passed,
1920,2048,7168,ck_1_split0,ck,1,0,a8w8_blockscale_bpreshuffle_1x128x128_256x64x128x128_16x16_16x16_8x32x1_8x32x1_1x32x1x8_8_2x1_intrawave_v3,2,51,52.598,0.0,passed,
1920,2048,7168,ck_2_split0,ck,2,0,a8w8_blockscale_bpreshuffle_1x128x128_256x64x64x128_16x16_16x16_8x32x1_8x32x1_1x32x1x8_8_2x1_intrawave_v3,2,52,66.62536,0.0,passed,
1920,2048,7168,ck_3_split0,ck,3,0,a8w8_blockscale_bpreshuffle_1x128x128_256x16x256x128_8x16_16x16_16x16x1_8x32x1_1x16x1x16_8_1x2_intrawave_v1,2,53,106.52687500000002,0.0,passed,
1920,2048,7168,ck_4_split0,ck,4,0,a8w8_blockscale_bpreshuffle_1x128x128_256x16x128x128_8x16_16x16_16x16x1_8x32x1_1x16x1x16_8_1x2_intrawave_v1,2,54,114.88432000000003,0.0,passed,
1088,6144,7168,ck_4_split0,ck,4,0,a8w8_blockscale_bpreshuffle_1x128x128_256x16x128x128_8x16_16x16_16x16x1_8x32x1_1x16x1x16_8_1x2_intrawave_v1,0,0,175.70499999999996,0.0,passed,
1088,6144,7168,ck_5_split0,ck,5,0,a8w8_blockscale_bpreshuffle_1x128x128_256x16x64x128_8x16_16x16_16x16x1_8x32x1_1x16x1x16_4_1x1_intrawave_v1,0,1,195.81804000000008,0.0,passed,
1088,6144,7168,ck_6_split0,ck,6,0,a8w8_blockscale_bpreshuffle_1x128x128_256x16x128x256_16x16_16x16_16x16x1_16x16x1_1x16x1x16_8_1x2_intrawave_v1,0,2,165.90889999999993,0.0,passed,
1088,6144,7168,ck_7_split0,ck,7,0,a8w8_blockscale_bpreshuffle_1x128x128_256x16x64x256_16x16_16x16_16x16x1_16x16x1_1x16x1x16_4_1x1_intrawave_v1,0,3,188.43794000000003,0.0,passed,
1088,6144,7168,ck_8_split0,ck,8,0,a8w8_blockscale_bpreshuffle_1x128x128_256x32x256x128_16x16_16x16_8x32x1_8x32x1_1x32x1x8_8_2x1_intrawave_v1,0,4,118.60114,0.0,passed,
1088,6144,7168,ck_9_split0,ck,9,0,a8w8_blockscale_bpreshuffle_1x128x128_256x32x128x128_16x16_16x16_8x32x1_8x32x1_1x32x1x8_8_2x1_intrawave_v1,0,5,117.29955999999993,0.0,passed,
1088,6144,7168,ck_10_split0,ck,10,0,a8w8_blockscale_bpreshuffle_1x128x128_256x32x64x128_16x16_16x16_8x32x1_8x32x1_1x32x1x8_8_2x1_intrawave_v1,0,6,137.34376,0.0,passed,
1088,6144,7168,ck_11_split0,ck,11,0,a8w8_blockscale_bpreshuffle_1x128x128_256x32x128x256_16x16_16x16_16x16x1_16x16x1_1x32x1x8_8_2x1_intrawave_v1,0,7,118.57473999999996,0.0,passed,
1088,6144,7168,ck_12_split0,ck,12,0,a8w8_blockscale_bpreshuffle_1x128x128_256x32x64x256_16x16_16x16_16x16x1_16x16x1_1x32x1x8_8_2x1_intrawave_v1,0,8,136.75096000000002,0.0,passed,
1088,6144,7168,ck_13_split0,ck,13,0,a8w8_blockscale_bpreshuffle_1x128x128_256x64x256x128_16x16_16x16_8x32x1_8x32x1_1x32x1x8_8_2x1_intrawave_v1,0,9,87.66,0.0,passed,
1088,6144,7168,ck_14_split0,ck,14,0,a8w8_blockscale_bpreshuffle_1x128x128_256x64x128x128_16x16_16x16_8x32x1_8x32x1_1x32x1x8_8_2x1_intrawave_v1,0,10,93.78488000000002,0.0,passed,
1088,6144,7168,ck_15_split0,ck,15,0,a8w8_blockscale_bpreshuffle_1x128x128_256x64x64x128_16x16_16x16_8x32x1_8x32x1_1x32x1x8_8_2x1_intrawave_v1,0,11,107.89782000000005,0.0,passed,
1088,6144,7168,ck_16_split0,ck,16,0,a8w8_blockscale_bpreshuffle_1x128x128_256x64x128x256_16x16_16x16_16x16x1_16x16x1_1x32x1x8_8_2x1_intrawave_v1,0,12,100.02893999999996,0.0,passed,
1088,6144,7168,ck_17_split0,ck,17,0,a8w8_blockscale_bpreshuffle_1x128x128_256x64x64x256_16x16_16x16_16x16x1_16x16x1_1x32x1x8_8_2x1_intrawave_v1,0,13,117.48114000000005,0.0,passed,
1088,6144,7168,cktile_0_split0,cktile,0,0,a8w8_blockscale_cktile_16x128x256_1x4x1_16x16x128_intrawave_0x1x0_1,0,14,172.94637999999992,0.0,passed,
1088,6144,7168,cktile_1_split0,cktile,1,0,a8w8_blockscale_cktile_16x128x256_1x4x1_16x16x128_intrawave_0x1x0_2,0,15,173.09918000000013,0.0,passed,
1088,6144,7168,cktile_2_split0,cktile,2,0,a8w8_blockscale_cktile_16x128x256_1x4x1_16x16x64_intrawave_0x1x0_1,0,16,177.32082000000008,0.0,passed,
1088,6144,7168,cktile_3_split0,cktile,3,0,a8w8_blockscale_cktile_16x128x256_1x4x1_16x16x64_intrawave_0x1x0_2,0,17,177.20003999999997,0.0,passed,
1088,6144,7168,cktile_4_split0,cktile,4,0,a8w8_blockscale_cktile_32x128x128_1x4x1_16x16x128_intrawave_0x1x0_1,0,18,132.06504255319143,0.0,passed,
1088,6144,7168,cktile_5_split0,cktile,5,0,a8w8_blockscale_cktile_32x128x128_1x4x1_16x16x128_intrawave_0x1x0_2,0,19,134.11794,0.0,passed,
1088,6144,7168,cktile_6_split0,cktile,6,0,a8w8_blockscale_cktile_32x128x128_1x4x1_16x16x64_intrawave_0x1x0_1,0,20,137.94758,0.0,passed,
1088,6144,7168,cktile_7_split0,cktile,7,0,a8w8_blockscale_cktile_32x128x128_1x4x1_16x16x64_intrawave_0x1x0_2,0,21,134.52673999999996,0.0,passed,
1088,6144,7168,cktile_8_split0,cktile,8,0,a8w8_blockscale_cktile_128x128x128_1x4x1_16x16x128_intrawave_0x1x0_1,0,22,117.29893877551021,0.0,passed,
1088,6144,7168,cktile_9_split0,cktile,9,0,a8w8_blockscale_cktile_128x128x128_1x4x1_16x16x128_intrawave_0x1x0_1,0,23,117.46173999999995,0.0,passed,
1088,6144,7168,cktile_10_split0,cktile,10,0,a8w8_blockscale_cktile_128x128x128_2x2x1_16x16x128_intrawave_0x1x0_2,0,24,120.04702127659574,0.0,passed,
1088,6144,7168,cktile_11_split0,cktile,11,0,a8w8_blockscale_cktile_192x256x128_4x2x1_16x16x128_intrawave_0x1x0_1,0,25,78.10117021276594,0.0,passed,
1088,6144,7168,cktile_12_split0,cktile,12,0,a8w8_blockscale_cktile_192x256x128_4x2x1_16x16x128_intrawave_0x1x0_1_aqrm,0,26,99.04104545454543,0.0,passed,
1088,6144,7168,cktile_13_split0,cktile,13,0,a8w8_blockscale_cktile_16x128x256_1x4x1_16x16x128_intrawave_0x1x0_3,0,27,176.0920200000002,0.0,passed,
1088,6144,7168,cktile_14_split0,cktile,14,0,a8w8_blockscale_cktile_16x128x256_1x4x1_16x16x128_intrawave_0x1x0_4,0,28,323.0912800000001,0.0,passed,
1088,6144,7168,cktile_15_split0,cktile,15,0,a8w8_blockscale_cktile_16x128x256_1x4x1_16x16x64_intrawave_0x1x0_3,0,29,175.06241999999997,0.0,passed,
1088,6144,7168,cktile_16_split0,cktile,16,0,a8w8_blockscale_cktile_16x128x256_1x4x1_16x16x64_intrawave_0x1x0_4,0,30,186.74014000000003,0.0,passed,
1088,6144,7168,cktile_17_split0,cktile,17,0,a8w8_blockscale_cktile_32x128x128_1x4x1_16x16x128_intrawave_0x1x0_3,0,31,133.1219200000001,0.0,passed,
1088,6144,7168,cktile_18_split0,cktile,18,0,a8w8_blockscale_cktile_32x128x128_1x4x1_16x16x128_intrawave_0x1x0_4,0,32,133.0563200000001,0.0,passed,
1088,6144,7168,cktile_19_split0,cktile,19,0,a8w8_blockscale_cktile_32x128x128_1x4x1_16x16x64_intrawave_0x1x0_3,0,33,135.80836000000005,0.0,passed,
1088,6144,7168,cktile_20_split0,cktile,20,0,a8w8_blockscale_cktile_32x128x128_1x4x1_16x16x64_intrawave_0x1x0_4,0,34,139.27717999999996,0.0,passed,
1088,6144,7168,cktile_21_split0,cktile,21,0,a8w8_blockscale_cktile_128x128x128_1x4x1_16x16x128_intrawave_0x1x0_2,0,35,116.24012244897955,0.0,passed,
1088,6144,7168,cktile_22_split0,cktile,22,0,a8w8_blockscale_cktile_128x128x128_1x4x1_16x16x128_intrawave_0x1x0_3,0,36,433.24773999999996,0.0,passed,
1088,6144,7168,cktile_23_split0,cktile,23,0,a8w8_blockscale_cktile_128x128x128_1x4x1_16x16x128_intrawave_0x1x0_4,0,37,739.559311111111,0.0,passed,
1088,6144,7168,cktile_24_split0,cktile,24,0,a8w8_blockscale_cktile_128x128x128_2x2x1_16x16x128_intrawave_0x1x0_1,0,38,122.73539999999994,0.0,passed,
1088,6144,7168,cktile_25_split0,cktile,25,0,a8w8_blockscale_cktile_128x128x128_2x2x1_16x16x128_intrawave_0x1x0_3,0,39,434.1929583333333,0.0,passed,
1088,6144,7168,cktile_26_split0,cktile,26,0,a8w8_blockscale_cktile_128x128x128_2x2x1_16x16x128_intrawave_0x1x0_4,0,40,1049.4183333333328,0.0,passed,
1088,6144,7168,cktile_27_split0,cktile,27,0,a8w8_blockscale_cktile_192x256x128_4x2x1_16x16x128_intrawave_0x1x0_2,0,41,77.97606382978724,0.0,passed,
1088,6144,7168,cktile_28_split0,cktile,28,0,a8w8_blockscale_cktile_192x256x128_4x2x1_16x16x128_intrawave_0x1x0_3,0,42,78.20244680851064,0.0,passed,
1088,6144,7168,cktile_29_split0,cktile,29,0,a8w8_blockscale_cktile_192x256x128_4x2x1_16x16x128_intrawave_0x1x0_4,0,43,77.54114893617017,0.0,passed,
1088,6144,7168,cktile_30_split0,cktile,30,0,a8w8_blockscale_cktile_192x256x128_4x2x1_16x16x128_intrawave_0x1x0_2_aqrm,0,44,99.12013043478258,0.0,passed,
1088,6144,7168,cktile_31_split0,cktile,31,0,a8w8_blockscale_cktile_192x256x128_4x2x1_16x16x128_intrawave_0x1x0_3_aqrm,0,45,99.50708695652175,0.0,passed,
1088,6144,7168,cktile_32_split0,cktile,32,0,a8w8_blockscale_cktile_192x256x128_4x2x1_16x16x128_intrawave_0x1x0_4_aqrm,0,46,99.49714893617018,0.0,passed,
1088,6144,7168,opus_9011,opus,9011,0,opus_gemm_gfx950_a8w8_mxscale_gemm_bpreshuffle_256x64x128x128_2x2_16x16x128_1x128x128_tiles1_nooob,0,47,83.36955999999998,0.0,passed,
1088,6144,7168,opus_9012,opus,9012,0,opus_gemm_gfx950_a8w8_mxscale_gemm_bpreshuffle_256x64x64x128_2x2_16x16x128_1x128x128_tiles1_nooob,0,48,97.98172000000001,0.0,passed,
1088,6144,7168,opus_9020,opus,9020,0,opus_gemm_gfx950_a8w8_mxscale_gemm_bpreshuffle_256x256x256x128_2x2_16x16x128_1x128x128_tiles1,0,49,88.61021276595746,0.0,passed,
1088,6144,7168,ck_0_split0,ck,0,0,a8w8_blockscale_bpreshuffle_1x128x128_256x128x128x128_16x16_16x16_8x32x1_8x32x1_1x32x1x8_8_2x1_intrawave_v3,0,50,89.15521999999999,0.0,passed,
1088,6144,7168,ck_1_split0,ck,1,0,a8w8_blockscale_bpreshuffle_1x128x128_256x64x128x128_16x16_16x16_8x32x1_8x32x1_1x32x1x8_8_2x1_intrawave_v3,0,51,93.83127999999996,0.0,passed,
1088,6144,7168,ck_2_split0,ck,2,0,a8w8_blockscale_bpreshuffle_1x128x128_256x64x64x128_16x16_16x16_8x32x1_8x32x1_1x32x1x8_8_2x1_intrawave_v3,0,52,111.83867999999997,0.0,passed,
1088,6144,7168,ck_3_split0,ck,3,0,a8w8_blockscale_bpreshuffle_1x128x128_256x16x256x128_8x16_16x16_16x16x1_8x32x1_1x16x1x16_8_1x2_intrawave_v1,0,53,169.42094000000006,0.0,passed,
1088,6144,7168,ck_4_split0,ck,4,0,a8w8_blockscale_bpreshuffle_1x128x128_256x16x128x128_8x16_16x16_16x16x1_8x32x1_1x16x1x16_8_1x2_intrawave_v1,1,0,174.8009999999999,0.0,passed,
1088,6144,7168,ck_3_split0,ck,3,0,a8w8_blockscale_bpreshuffle_1x128x128_256x16x256x128_8x16_16x16_16x16x1_8x32x1_1x16x1x16_8_1x2_intrawave_v1,1,1,170.61374,0.0,passed,
1088,6144,7168,ck_2_split0,ck,2,0,a8w8_blockscale_bpreshuffle_1x128x128_256x64x64x128_16x16_16x16_8x32x1_8x32x1_1x32x1x8_8_2x1_intrawave_v3,1,2,113.9131,0.0,passed,
1088,6144,7168,ck_1_split0,ck,1,0,a8w8_blockscale_bpreshuffle_1x128x128_256x64x128x128_16x16_16x16_8x32x1_8x32x1_1x32x1x8_8_2x1_intrawave_v3,1,3,93.18966,0.0,passed,
1088,6144,7168,ck_0_split0,ck,0,0,a8w8_blockscale_bpreshuffle_1x128x128_256x128x128x128_16x16_16x16_8x32x1_8x32x1_1x32x1x8_8_2x1_intrawave_v3,1,4,89.12402000000003,0.0,passed,
1088,6144,7168,opus_9020,opus,9020,0,opus_gemm_gfx950_a8w8_mxscale_gemm_bpreshuffle_256x256x256x128_2x2_16x16x128_1x128x128_tiles1,1,5,88.62808510638298,0.0,passed,
1088,6144,7168,opus_9012,opus,9012,0,opus_gemm_gfx950_a8w8_mxscale_gemm_bpreshuffle_256x64x64x128_2x2_16x16x128_1x128x128_tiles1_nooob,1,6,96.10970000000003,0.0,passed,
1088,6144,7168,opus_9011,opus,9011,0,opus_gemm_gfx950_a8w8_mxscale_gemm_bpreshuffle_256x64x128x128_2x2_16x16x128_1x128x128_tiles1_nooob,1,7,82.34410416666663,0.0,passed,
1088,6144,7168,cktile_32_split0,cktile,32,0,a8w8_blockscale_cktile_192x256x128_4x2x1_16x16x128_intrawave_0x1x0_4_aqrm,1,8,99.12360869565215,0.0,passed,
1088,6144,7168,cktile_31_split0,cktile,31,0,a8w8_blockscale_cktile_192x256x128_4x2x1_16x16x128_intrawave_0x1x0_3_aqrm,1,9,98.98795652173912,0.0,passed,
1088,6144,7168,cktile_30_split0,cktile,30,0,a8w8_blockscale_cktile_192x256x128_4x2x1_16x16x128_intrawave_0x1x0_2_aqrm,1,10,99.16948936170212,0.0,passed,
1088,6144,7168,cktile_29_split0,cktile,29,0,a8w8_blockscale_cktile_192x256x128_4x2x1_16x16x128_intrawave_0x1x0_4,1,11,78.81095744680857,0.0,passed,
1088,6144,7168,cktile_28_split0,cktile,28,0,a8w8_blockscale_cktile_192x256x128_4x2x1_16x16x128_intrawave_0x1x0_3,1,12,78.41293478260873,0.0,passed,
1088,6144,7168,cktile_27_split0,cktile,27,0,a8w8_blockscale_cktile_192x256x128_4x2x1_16x16x128_intrawave_0x1x0_2,1,13,78.06202127659576,0.0,passed,
1088,6144,7168,cktile_26_split0,cktile,26,0,a8w8_blockscale_cktile_128x128x128_2x2x1_16x16x128_intrawave_0x1x0_4,1,14,1049.1154893617017,0.0,passed,
1088,6144,7168,cktile_25_split0,cktile,25,0,a8w8_blockscale_cktile_128x128x128_2x2x1_16x16x128_intrawave_0x1x0_3,1,15,436.104625,0.0,passed,
1088,6144,7168,cktile_24_split0,cktile,24,0,a8w8_blockscale_cktile_128x128x128_2x2x1_16x16x128_intrawave_0x1x0_1,1,16,119.82319148936175,0.0,passed,
1088,6144,7168,cktile_23_split0,cktile,23,0,a8w8_blockscale_cktile_128x128x128_1x4x1_16x16x128_intrawave_0x1x0_4,1,17,739.280468085107,0.0,passed,
1088,6144,7168,cktile_22_split0,cktile,22,0,a8w8_blockscale_cktile_128x128x128_1x4x1_16x16x128_intrawave_0x1x0_3,1,18,431.8828958333333,0.0,passed,
1088,6144,7168,cktile_21_split0,cktile,21,0,a8w8_blockscale_cktile_128x128x128_1x4x1_16x16x128_intrawave_0x1x0_2,1,19,116.68868085106384,0.0,passed,
1088,6144,7168,cktile_20_split0,cktile,20,0,a8w8_blockscale_cktile_32x128x128_1x4x1_16x16x64_intrawave_0x1x0_4,1,20,136.14514,0.0,passed,
1088,6144,7168,cktile_19_split0,cktile,19,0,a8w8_blockscale_cktile_32x128x128_1x4x1_16x16x64_intrawave_0x1x0_3,1,21,136.61156000000005,0.0,passed,
1088,6144,7168,cktile_18_split0,cktile,18,0,a8w8_blockscale_cktile_32x128x128_1x4x1_16x16x128_intrawave_0x1x0_4,1,22,133.70272000000003,0.0,passed,
1088,6144,7168,cktile_17_split0,cktile,17,0,a8w8_blockscale_cktile_32x128x128_1x4x1_16x16x128_intrawave_0x1x0_3,1,23,133.88351999999995,0.0,passed,
1088,6144,7168,cktile_16_split0,cktile,16,0,a8w8_blockscale_cktile_16x128x256_1x4x1_16x16x64_intrawave_0x1x0_4,1,24,186.23291999999998,0.0,passed,
1088,6144,7168,cktile_15_split0,cktile,15,0,a8w8_blockscale_cktile_16x128x256_1x4x1_16x16x64_intrawave_0x1x0_3,1,25,177.34350000000003,0.0,passed,
1088,6144,7168,cktile_14_split0,cktile,14,0,a8w8_blockscale_cktile_16x128x256_1x4x1_16x16x128_intrawave_0x1x0_4,1,26,324.157425531915,0.0,passed,
1088,6144,7168,cktile_13_split0,cktile,13,0,a8w8_blockscale_cktile_16x128x256_1x4x1_16x16x128_intrawave_0x1x0_3,1,27,174.70717999999985,0.0,passed,
1088,6144,7168,cktile_12_split0,cktile,12,0,a8w8_blockscale_cktile_192x256x128_4x2x1_16x16x128_intrawave_0x1x0_1_aqrm,1,28,99.37544680851067,0.0,passed,
1088,6144,7168,cktile_11_split0,cktile,11,0,a8w8_blockscale_cktile_192x256x128_4x2x1_16x16x128_intrawave_0x1x0_1,1,29,78.02540425531913,0.0,passed,
1088,6144,7168,cktile_10_split0,cktile,10,0,a8w8_blockscale_cktile_128x128x128_2x2x1_16x16x128_intrawave_0x1x0_2,1,30,119.298085106383,0.0,passed,
1088,6144,7168,cktile_9_split0,cktile,9,0,a8w8_blockscale_cktile_128x128x128_1x4x1_16x16x128_intrawave_0x1x0_1,1,31,116.72433333333333,0.0,passed,
1088,6144,7168,cktile_8_split0,cktile,8,0,a8w8_blockscale_cktile_128x128x128_1x4x1_16x16x128_intrawave_0x1x0_1,1,32,118.02415999999998,0.0,passed,
1088,6144,7168,cktile_7_split0,cktile,7,0,a8w8_blockscale_cktile_32x128x128_1x4x1_16x16x64_intrawave_0x1x0_2,1,33,138.943575,0.0,passed,
1088,6144,7168,cktile_6_split0,cktile,6,0,a8w8_blockscale_cktile_32x128x128_1x4x1_16x16x64_intrawave_0x1x0_1,1,34,138.39798000000005,0.0,passed,
1088,6144,7168,cktile_5_split0,cktile,5,0,a8w8_blockscale_cktile_32x128x128_1x4x1_16x16x128_intrawave_0x1x0_2,1,35,133.74032000000005,0.0,passed,
1088,6144,7168,cktile_4_split0,cktile,4,0,a8w8_blockscale_cktile_32x128x128_1x4x1_16x16x128_intrawave_0x1x0_1,1,36,132.27270212765958,0.0,passed,
1088,6144,7168,cktile_3_split0,cktile,3,0,a8w8_blockscale_cktile_16x128x256_1x4x1_16x16x64_intrawave_0x1x0_2,1,37,175.03760000000005,0.0,passed,
1088,6144,7168,cktile_2_split0,cktile,2,0,a8w8_blockscale_cktile_16x128x256_1x4x1_16x16x64_intrawave_0x1x0_1,1,38,178.30641999999997,0.0,passed,
1088,6144,7168,cktile_1_split0,cktile,1,0,a8w8_blockscale_cktile_16x128x256_1x4x1_16x16x128_intrawave_0x1x0_2,1,39,173.6701777777778,0.0,passed,
1088,6144,7168,cktile_0_split0,cktile,0,0,a8w8_blockscale_cktile_16x128x256_1x4x1_16x16x128_intrawave_0x1x0_1,1,40,175.28640000000004,0.0,passed,
1088,6144,7168,ck_17_split0,ck,17,0,a8w8_blockscale_bpreshuffle_1x128x128_256x64x64x256_16x16_16x16_16x16x1_16x16x1_1x32x1x8_8_2x1_intrawave_v1,1,41,117.56674000000007,0.0,passed,
1088,6144,7168,ck_16_split0,ck,16,0,a8w8_blockscale_bpreshuffle_1x128x128_256x64x128x256_16x16_16x16_16x16x1_16x16x1_1x32x1x8_8_2x1_intrawave_v1,1,42,99.42014000000003,0.0,passed,
1088,6144,7168,ck_15_split0,ck,15,0,a8w8_blockscale_bpreshuffle_1x128x128_256x64x64x128_16x16_16x16_8x32x1_8x32x1_1x32x1x8_8_2x1_intrawave_v1,1,43,110.96668000000005,0.0,passed,
1088,6144,7168,ck_14_split0,ck,14,0,a8w8_blockscale_bpreshuffle_1x128x128_256x64x128x128_16x16_16x16_8x32x1_8x32x1_1x32x1x8_8_2x1_intrawave_v1,1,44,94.79047999999995,0.0,passed,
1088,6144,7168,ck_13_split0,ck,13,0,a8w8_blockscale_bpreshuffle_1x128x128_256x64x256x128_16x16_16x16_8x32x1_8x32x1_1x32x1x8_8_2x1_intrawave_v1,1,45,87.83040000000008,0.0,passed,
1088,6144,7168,ck_12_split0,ck,12,0,a8w8_blockscale_bpreshuffle_1x128x128_256x32x64x256_16x16_16x16_16x16x1_16x16x1_1x32x1x8_8_2x1_intrawave_v1,1,46,138.70777999999996,0.0,passed,
1088,6144,7168,ck_11_split0,ck,11,0,a8w8_blockscale_bpreshuffle_1x128x128_256x32x128x256_16x16_16x16_16x16x1_16x16x1_1x32x1x8_8_2x1_intrawave_v1,1,47,118.91234000000004,0.0,passed,
1088,6144,7168,ck_10_split0,ck,10,0,a8w8_blockscale_bpreshuffle_1x128x128_256x32x64x128_16x16_16x16_8x32x1_8x32x1_1x32x1x8_8_2x1_intrawave_v1,1,48,137.89978000000005,0.0,passed,
1088,6144,7168,ck_9_split0,ck,9,0,a8w8_blockscale_bpreshuffle_1x128x128_256x32x128x128_16x16_16x16_8x32x1_8x32x1_1x32x1x8_8_2x1_intrawave_v1,1,49,121.93558000000004,0.0,passed,
1088,6144,7168,ck_8_split0,ck,8,0,a8w8_blockscale_bpreshuffle_1x128x128_256x32x256x128_16x16_16x16_8x32x1_8x32x1_1x32x1x8_8_2x1_intrawave_v1,1,50,120.20278000000006,0.0,passed,
1088,6144,7168,ck_7_split0,ck,7,0,a8w8_blockscale_bpreshuffle_1x128x128_256x16x64x256_16x16_16x16_16x16x1_16x16x1_1x16x1x16_4_1x1_intrawave_v1,1,51,189.56915999999998,0.0,passed,
1088,6144,7168,ck_6_split0,ck,6,0,a8w8_blockscale_bpreshuffle_1x128x128_256x16x128x256_16x16_16x16_16x16x1_16x16x1_1x16x1x16_8_1x2_intrawave_v1,1,52,168.63291999999998,0.0,passed,
1088,6144,7168,ck_5_split0,ck,5,0,a8w8_blockscale_bpreshuffle_1x128x128_256x16x64x128_8x16_16x16_16x16x1_8x32x1_1x16x1x16_4_1x1_intrawave_v1,1,53,199.2564799999999,0.0,passed,
1088,6144,7168,ck_6_split0,ck,6,0,a8w8_blockscale_bpreshuffle_1x128x128_256x16x128x256_16x16_16x16_16x16x1_16x16x1_1x16x1x16_8_1x2_intrawave_v1,2,0,166.37130000000005,0.0,passed,
1088,6144,7168,ck_7_split0,ck,7,0,a8w8_blockscale_bpreshuffle_1x128x128_256x16x64x256_16x16_16x16_16x16x1_16x16x1_1x16x1x16_4_1x1_intrawave_v1,2,1,187.78994000000006,0.0,passed,
1088,6144,7168,ck_8_split0,ck,8,0,a8w8_blockscale_bpreshuffle_1x128x128_256x32x256x128_16x16_16x16_8x32x1_8x32x1_1x32x1x8_8_2x1_intrawave_v1,2,2,120.39949999999999,0.0,passed,
1088,6144,7168,ck_9_split0,ck,9,0,a8w8_blockscale_bpreshuffle_1x128x128_256x32x128x128_16x16_16x16_8x32x1_8x32x1_1x32x1x8_8_2x1_intrawave_v1,2,3,115.96364583333342,0.0,passed,
1088,6144,7168,ck_10_split0,ck,10,0,a8w8_blockscale_bpreshuffle_1x128x128_256x32x64x128_16x16_16x16_8x32x1_8x32x1_1x32x1x8_8_2x1_intrawave_v1,2,4,138.93097999999998,0.0,passed,
1088,6144,7168,ck_11_split0,ck,11,0,a8w8_blockscale_bpreshuffle_1x128x128_256x32x128x256_16x16_16x16_16x16x1_16x16x1_1x32x1x8_8_2x1_intrawave_v1,2,5,119.19236000000002,0.0,passed,
1088,6144,7168,ck_12_split0,ck,12,0,a8w8_blockscale_bpreshuffle_1x128x128_256x32x64x256_16x16_16x16_16x16x1_16x16x1_1x32x1x8_8_2x1_intrawave_v1,2,6,134.97813999999994,0.0,passed,
1088,6144,7168,ck_13_split0,ck,13,0,a8w8_blockscale_bpreshuffle_1x128x128_256x64x256x128_16x16_16x16_8x32x1_8x32x1_1x32x1x8_8_2x1_intrawave_v1,2,7,88.15842000000008,0.0,passed,
1088,6144,7168,ck_14_split0,ck,14,0,a8w8_blockscale_bpreshuffle_1x128x128_256x64x128x128_16x16_16x16_8x32x1_8x32x1_1x32x1x8_8_2x1_intrawave_v1,2,8,94.32326000000005,0.0,passed,
1088,6144,7168,ck_15_split0,ck,15,0,a8w8_blockscale_bpreshuffle_1x128x128_256x64x64x128_16x16_16x16_8x32x1_8x32x1_1x32x1x8_8_2x1_intrawave_v1,2,9,109.08504000000005,0.0,passed,
1088,6144,7168,ck_16_split0,ck,16,0,a8w8_blockscale_bpreshuffle_1x128x128_256x64x128x256_16x16_16x16_16x16x1_16x16x1_1x32x1x8_8_2x1_intrawave_v1,2,10,98.84332000000002,0.0,passed,
1088,6144,7168,ck_17_split0,ck,17,0,a8w8_blockscale_bpreshuffle_1x128x128_256x64x64x256_16x16_16x16_16x16x1_16x16x1_1x32x1x8_8_2x1_intrawave_v1,2,11,119.14116000000001,0.0,passed,
1088,6144,7168,cktile_0_split0,cktile,0,0,a8w8_blockscale_cktile_16x128x256_1x4x1_16x16x128_intrawave_0x1x0_1,2,12,176.6551999999998,0.0,passed,
1088,6144,7168,cktile_1_split0,cktile,1,0,a8w8_blockscale_cktile_16x128x256_1x4x1_16x16x128_intrawave_0x1x0_2,2,13,175.44478000000004,0.0,passed,
1088,6144,7168,cktile_2_split0,cktile,2,0,a8w8_blockscale_cktile_16x128x256_1x4x1_16x16x64_intrawave_0x1x0_1,2,14,175.4688,0.0,passed,
1088,6144,7168,cktile_3_split0,cktile,3,0,a8w8_blockscale_cktile_16x128x256_1x4x1_16x16x64_intrawave_0x1x0_2,2,15,175.0823999999999,0.0,passed,
1088,6144,7168,cktile_4_split0,cktile,4,0,a8w8_blockscale_cktile_32x128x128_1x4x1_16x16x128_intrawave_0x1x0_1,2,16,132.57309999999995,0.0,passed,
1088,6144,7168,cktile_5_split0,cktile,5,0,a8w8_blockscale_cktile_32x128x128_1x4x1_16x16x128_intrawave_0x1x0_2,2,17,131.9843,0.0,passed,
1088,6144,7168,cktile_6_split0,cktile,6,0,a8w8_blockscale_cktile_32x128x128_1x4x1_16x16x64_intrawave_0x1x0_1,2,18,141.1116,0.0,passed,
1088,6144,7168,cktile_7_split0,cktile,7,0,a8w8_blockscale_cktile_32x128x128_1x4x1_16x16x64_intrawave_0x1x0_2,2,19,135.35794000000004,0.0,passed,
1088,6144,7168,cktile_8_split0,cktile,8,0,a8w8_blockscale_cktile_128x128x128_1x4x1_16x16x128_intrawave_0x1x0_1,2,20,117.17214000000004,0.0,passed,
1088,6144,7168,cktile_9_split0,cktile,9,0,a8w8_blockscale_cktile_128x128x128_1x4x1_16x16x128_intrawave_0x1x0_1,2,21,116.0167173913044,0.0,passed,
1088,6144,7168,cktile_10_split0,cktile,10,0,a8w8_blockscale_cktile_128x128x128_2x2x1_16x16x128_intrawave_0x1x0_2,2,22,119.974375,0.0,passed,
1088,6144,7168,cktile_11_split0,cktile,11,0,a8w8_blockscale_cktile_192x256x128_4x2x1_16x16x128_intrawave_0x1x0_1,2,23,78.75467391304348,0.0,passed,
1088,6144,7168,cktile_12_split0,cktile,12,0,a8w8_blockscale_cktile_192x256x128_4x2x1_16x16x128_intrawave_0x1x0_1_aqrm,2,24,99.81034042553192,0.0,passed,
1088,6144,7168,cktile_13_split0,cktile,13,0,a8w8_blockscale_cktile_16x128x256_1x4x1_16x16x128_intrawave_0x1x0_3,2,25,177.42402000000004,0.0,passed,
1088,6144,7168,cktile_14_split0,cktile,14,0,a8w8_blockscale_cktile_16x128x256_1x4x1_16x16x128_intrawave_0x1x0_4,2,26,323.46888,0.0,passed,
1088,6144,7168,cktile_15_split0,cktile,15,0,a8w8_blockscale_cktile_16x128x256_1x4x1_16x16x64_intrawave_0x1x0_3,2,27,174.60078000000004,0.0,passed,
1088,6144,7168,cktile_16_split0,cktile,16,0,a8w8_blockscale_cktile_16x128x256_1x4x1_16x16x64_intrawave_0x1x0_4,2,28,188.3649399999999,0.0,passed,
1088,6144,7168,cktile_17_split0,cktile,17,0,a8w8_blockscale_cktile_32x128x128_1x4x1_16x16x128_intrawave_0x1x0_3,2,29,132.56029999999993,0.0,passed,
1088,6144,7168,cktile_18_split0,cktile,18,0,a8w8_blockscale_cktile_32x128x128_1x4x1_16x16x128_intrawave_0x1x0_4,2,30,132.33069999999995,0.0,passed,
1088,6144,7168,cktile_19_split0,cktile,19,0,a8w8_blockscale_cktile_32x128x128_1x4x1_16x16x64_intrawave_0x1x0_3,2,31,137.96436000000006,0.0,passed,
1088,6144,7168,cktile_20_split0,cktile,20,0,a8w8_blockscale_cktile_32x128x128_1x4x1_16x16x64_intrawave_0x1x0_4,2,32,133.84832000000003,0.0,passed,
1088,6144,7168,cktile_21_split0,cktile,21,0,a8w8_blockscale_cktile_128x128x128_1x4x1_16x16x128_intrawave_0x1x0_2,2,33,117.94896000000008,0.0,passed,
1088,6144,7168,cktile_22_split0,cktile,22,0,a8w8_blockscale_cktile_128x128x128_1x4x1_16x16x128_intrawave_0x1x0_3,2,34,431.94624999999996,0.0,passed,
1088,6144,7168,cktile_23_split0,cktile,23,0,a8w8_blockscale_cktile_128x128x128_1x4x1_16x16x128_intrawave_0x1x0_4,2,35,739.7122500000002,0.0,passed,
1088,6144,7168,cktile_24_split0,cktile,24,0,a8w8_blockscale_cktile_128x128x128_2x2x1_16x16x128_intrawave_0x1x0_1,2,36,120.12702127659581,0.0,passed,
1088,6144,7168,cktile_25_split0,cktile,25,0,a8w8_blockscale_cktile_128x128x128_2x2x1_16x16x128_intrawave_0x1x0_3,2,37,435.37895555555565,0.0,passed,
1088,6144,7168,cktile_26_split0,cktile,26,0,a8w8_blockscale_cktile_128x128x128_2x2x1_16x16x128_intrawave_0x1x0_4,2,38,1048.8972653061228,0.0,passed,
1088,6144,7168,cktile_27_split0,cktile,27,0,a8w8_blockscale_cktile_192x256x128_4x2x1_16x16x128_intrawave_0x1x0_2,2,39,78.10114893617018,0.0,passed,
1088,6144,7168,cktile_28_split0,cktile,28,0,a8w8_blockscale_cktile_192x256x128_4x2x1_16x16x128_intrawave_0x1x0_3,2,40,78.59563829787234,0.0,passed,
1088,6144,7168,cktile_29_split0,cktile,29,0,a8w8_blockscale_cktile_192x256x128_4x2x1_16x16x128_intrawave_0x1x0_4,2,41,77.63223404255318,0.0,passed,
1088,6144,7168,cktile_30_split0,cktile,30,0,a8w8_blockscale_cktile_192x256x128_4x2x1_16x16x128_intrawave_0x1x0_2_aqrm,2,42,99.3583913043478,0.0,passed,
1088,6144,7168,cktile_31_split0,cktile,31,0,a8w8_blockscale_cktile_192x256x128_4x2x1_16x16x128_intrawave_0x1x0_3_aqrm,2,43,99.03578260869563,0.0,passed,
1088,6144,7168,cktile_32_split0,cktile,32,0,a8w8_blockscale_cktile_192x256x128_4x2x1_16x16x128_intrawave_0x1x0_4_aqrm,2,44,99.20012765957446,0.0,passed,
1088,6144,7168,opus_9011,opus,9011,0,opus_gemm_gfx950_a8w8_mxscale_gemm_bpreshuffle_256x64x128x128_2x2_16x16x128_1x128x128_tiles1_nooob,2,45,84.02554,0.0,passed,
1088,6144,7168,opus_9012,opus,9012,0,opus_gemm_gfx950_a8w8_mxscale_gemm_bpreshuffle_256x64x64x128_2x2_16x16x128_1x128x128_tiles1_nooob,2,46,96.61289999999997,0.0,passed,
1088,6144,7168,opus_9020,opus,9020,0,opus_gemm_gfx950_a8w8_mxscale_gemm_bpreshuffle_256x256x256x128_2x2_16x16x128_1x128x128_tiles1,2,47,88.72956521739134,0.0,passed,
1088,6144,7168,ck_0_split0,ck,0,0,a8w8_blockscale_bpreshuffle_1x128x128_256x128x128x128_16x16_16x16_8x32x1_8x32x1_1x32x1x8_8_2x1_intrawave_v3,2,48,89.48402000000002,0.0,passed,
1088,6144,7168,ck_1_split0,ck,1,0,a8w8_blockscale_bpreshuffle_1x128x128_256x64x128x128_16x16_16x16_8x32x1_8x32x1_1x32x1x8_8_2x1_intrawave_v3,2,49,94.29607999999999,0.0,passed,
1088,6144,7168,ck_2_split0,ck,2,0,a8w8_blockscale_bpreshuffle_1x128x128_256x64x64x128_16x16_16x16_8x32x1_8x32x1_1x32x1x8_8_2x1_intrawave_v3,2,50,111.68428000000009,0.0,passed,
1088,6144,7168,ck_3_split0,ck,3,0,a8w8_blockscale_bpreshuffle_1x128x128_256x16x256x128_8x16_16x16_16x16x1_8x32x1_1x16x1x16_8_1x2_intrawave_v1,2,51,169.59052,0.0,passed,
1088,6144,7168,ck_4_split0,ck,4,0,a8w8_blockscale_bpreshuffle_1x128x128_256x16x128x128_8x16_16x16_16x16x1_8x32x1_1x16x1x16_8_1x2_intrawave_v1,2,52,175.43699999999993,0.0,passed,
1088,6144,7168,ck_5_split0,ck,5,0,a8w8_blockscale_bpreshuffle_1x128x128_256x16x64x128_8x16_16x16_16x16x1_8x32x1_1x16x1x16_4_1x1_intrawave_v1,2,53,198.73806000000005,0.0,passed,
1856,6144,7168,ck_5_split0,ck,5,0,a8w8_blockscale_bpreshuffle_1x128x128_256x16x64x128_8x16_16x16_16x16x1_8x32x1_1x16x1x16_4_1x1_intrawave_v1,0,0,326.1177959183673,0.0,passed,
1856,6144,7168,ck_6_split0,ck,6,0,a8w8_blockscale_bpreshuffle_1x128x128_256x16x128x256_16x16_16x16_16x16x1_16x16x1_1x16x1x16_8_1x2_intrawave_v1,0,1,275.59092000000004,0.0,passed,
1856,6144,7168,ck_7_split0,ck,7,0,a8w8_blockscale_bpreshuffle_1x128x128_256x16x64x256_16x16_16x16_16x16x1_16x16x1_1x16x1x16_4_1x1_intrawave_v1,0,2,308.0289000000001,0.0,passed,
1856,6144,7168,ck_8_split0,ck,8,0,a8w8_blockscale_bpreshuffle_1x128x128_256x32x256x128_16x16_16x16_8x32x1_8x32x1_1x32x1x8_8_2x1_intrawave_v1,0,3,177.05685416666668,0.0,passed,
1856,6144,7168,ck_9_split0,ck,9,0,a8w8_blockscale_bpreshuffle_1x128x128_256x32x128x128_16x16_16x16_8x32x1_8x32x1_1x32x1x8_8_2x1_intrawave_v1,0,4,177.30020000000002,0.0,passed,
1856,6144,7168,ck_10_split0,ck,10,0,a8w8_blockscale_bpreshuffle_1x128x128_256x32x64x128_16x16_16x16_8x32x1_8x32x1_1x32x1x8_8_2x1_intrawave_v1,0,5,210.56377999999998,0.0,passed,
1856,6144,7168,ck_11_split0,ck,11,0,a8w8_blockscale_bpreshuffle_1x128x128_256x32x128x256_16x16_16x16_16x16x1_16x16x1_1x32x1x8_8_2x1_intrawave_v1,0,6,179.37704000000005,0.0,passed,
1856,6144,7168,ck_12_split0,ck,12,0,a8w8_blockscale_bpreshuffle_1x128x128_256x32x64x256_16x16_16x16_16x16x1_16x16x1_1x32x1x8_8_2x1_intrawave_v1,0,7,213.40621999999996,0.0,passed,
1856,6144,7168,ck_13_split0,ck,13,0,a8w8_blockscale_bpreshuffle_1x128x128_256x64x256x128_16x16_16x16_8x32x1_8x32x1_1x32x1x8_8_2x1_intrawave_v1,0,8,132.57249999999996,0.0,passed,
1856,6144,7168,ck_14_split0,ck,14,0,a8w8_blockscale_bpreshuffle_1x128x128_256x64x128x128_16x16_16x16_8x32x1_8x32x1_1x32x1x8_8_2x1_intrawave_v1,0,9,136.69333999999998,0.0,passed,
1856,6144,7168,ck_15_split0,ck,15,0,a8w8_blockscale_bpreshuffle_1x128x128_256x64x64x128_16x16_16x16_8x32x1_8x32x1_1x32x1x8_8_2x1_intrawave_v1,0,10,165.43464444444442,0.0,passed,
1856,6144,7168,ck_16_split0,ck,16,0,a8w8_blockscale_bpreshuffle_1x128x128_256x64x128x256_16x16_16x16_16x16x1_16x16x1_1x32x1x8_8_2x1_intrawave_v1,0,11,148.95429999999996,0.0,passed,
1856,6144,7168,ck_17_split0,ck,17,0,a8w8_blockscale_bpreshuffle_1x128x128_256x64x64x256_16x16_16x16_16x16x1_16x16x1_1x32x1x8_8_2x1_intrawave_v1,0,12,183.17708,0.0,passed,
1856,6144,7168,cktile_0_split0,cktile,0,0,a8w8_blockscale_cktile_16x128x256_1x4x1_16x16x128_intrawave_0x1x0_1,0,13,282.1916,0.0,passed,
1856,6144,7168,cktile_1_split0,cktile,1,0,a8w8_blockscale_cktile_16x128x256_1x4x1_16x16x128_intrawave_0x1x0_2,0,14,282.66279999999995,0.0,passed,
1856,6144,7168,cktile_2_split0,cktile,2,0,a8w8_blockscale_cktile_16x128x256_1x4x1_16x16x64_intrawave_0x1x0_1,0,15,282.8524,0.0,passed,
1856,6144,7168,cktile_3_split0,cktile,3,0,a8w8_blockscale_cktile_16x128x256_1x4x1_16x16x64_intrawave_0x1x0_2,0,16,280.9747800000002,0.0,passed,
1856,6144,7168,cktile_4_split0,cktile,4,0,a8w8_blockscale_cktile_32x128x128_1x4x1_16x16x128_intrawave_0x1x0_1,0,17,206.26283333333345,0.0,passed,
1856,6144,7168,cktile_5_split0,cktile,5,0,a8w8_blockscale_cktile_32x128x128_1x4x1_16x16x128_intrawave_0x1x0_2,0,18,205.55714000000012,0.0,passed,
1856,6144,7168,cktile_6_split0,cktile,6,0,a8w8_blockscale_cktile_32x128x128_1x4x1_16x16x64_intrawave_0x1x0_1,0,19,214.50043999999997,0.0,passed,
1856,6144,7168,cktile_7_split0,cktile,7,0,a8w8_blockscale_cktile_32x128x128_1x4x1_16x16x64_intrawave_0x1x0_2,0,20,210.73958000000005,0.0,passed,
1856,6144,7168,cktile_8_split0,cktile,8,0,a8w8_blockscale_cktile_128x128x128_1x4x1_16x16x128_intrawave_0x1x0_1,0,21,204.46244680851066,0.0,passed,
1856,6144,7168,cktile_9_split0,cktile,9,0,a8w8_blockscale_cktile_128x128x128_1x4x1_16x16x128_intrawave_0x1x0_1,0,22,203.2767555555555,0.0,passed,
1856,6144,7168,cktile_10_split0,cktile,10,0,a8w8_blockscale_cktile_128x128x128_2x2x1_16x16x128_intrawave_0x1x0_2,0,23,200.83176595744678,0.0,passed,
1856,6144,7168,cktile_11_split0,cktile,11,0,a8w8_blockscale_cktile_192x256x128_4x2x1_16x16x128_intrawave_0x1x0_1,0,24,89.95761999999996,0.0,passed,
1856,6144,7168,cktile_12_split0,cktile,12,0,a8w8_blockscale_cktile_192x256x128_4x2x1_16x16x128_intrawave_0x1x0_1_aqrm,0,25,111.48106000000006,0.0,passed,
1856,6144,7168,cktile_13_split0,cktile,13,0,a8w8_blockscale_cktile_16x128x256_1x4x1_16x16x128_intrawave_0x1x0_3,0,26,284.81323999999984,0.0,passed,
1856,6144,7168,cktile_14_split0,cktile,14,0,a8w8_blockscale_cktile_16x128x256_1x4x1_16x16x128_intrawave_0x1x0_4,0,27,525.6480408163264,0.0,passed,
1856,6144,7168,cktile_15_split0,cktile,15,0,a8w8_blockscale_cktile_16x128x256_1x4x1_16x16x64_intrawave_0x1x0_3,0,28,284.75322000000006,0.0,passed,
1856,6144,7168,cktile_16_split0,cktile,16,0,a8w8_blockscale_cktile_16x128x256_1x4x1_16x16x64_intrawave_0x1x0_4,0,29,295.33016000000003,0.0,passed,
1856,6144,7168,cktile_17_split0,cktile,17,0,a8w8_blockscale_cktile_32x128x128_1x4x1_16x16x128_intrawave_0x1x0_3,0,30,204.9211200000001,0.0,passed,
1856,6144,7168,cktile_18_split0,cktile,18,0,a8w8_blockscale_cktile_32x128x128_1x4x1_16x16x128_intrawave_0x1x0_4,0,31,206.22114,0.0,passed,
1856,6144,7168,cktile_19_split0,cktile,19,0,a8w8_blockscale_cktile_32x128x128_1x4x1_16x16x64_intrawave_0x1x0_3,0,32,212.56439999999995,0.0,passed,
1856,6144,7168,cktile_20_split0,cktile,20,0,a8w8_blockscale_cktile_32x128x128_1x4x1_16x16x64_intrawave_0x1x0_4,0,33,208.92516000000012,0.0,passed,
1856,6144,7168,cktile_21_split0,cktile,21,0,a8w8_blockscale_cktile_128x128x128_1x4x1_16x16x128_intrawave_0x1x0_2,0,34,202.91142222222217,0.0,passed,
1856,6144,7168,cktile_22_split0,cktile,22,0,a8w8_blockscale_cktile_128x128x128_1x4x1_16x16x128_intrawave_0x1x0_3,0,35,553.0701041666666,0.0,passed,
1856,6144,7168,cktile_23_split0,cktile,23,0,a8w8_blockscale_cktile_128x128x128_1x4x1_16x16x128_intrawave_0x1x0_4,0,36,930.5177291666665,0.0,passed,
1856,6144,7168,cktile_24_split0,cktile,24,0,a8w8_blockscale_cktile_128x128x128_2x2x1_16x16x128_intrawave_0x1x0_1,0,37,202.42612499999998,0.0,passed,
1856,6144,7168,cktile_25_split0,cktile,25,0,a8w8_blockscale_cktile_128x128x128_2x2x1_16x16x128_intrawave_0x1x0_3,0,38,579.2802173913043,0.0,passed,
1856,6144,7168,cktile_26_split0,cktile,26,0,a8w8_blockscale_cktile_128x128x128_2x2x1_16x16x128_intrawave_0x1x0_4,0,39,1361.2384583333323,0.0,passed,
1856,6144,7168,cktile_27_split0,cktile,27,0,a8w8_blockscale_cktile_192x256x128_4x2x1_16x16x128_intrawave_0x1x0_2,0,40,89.72642000000003,0.0,passed,
1856,6144,7168,cktile_28_split0,cktile,28,0,a8w8_blockscale_cktile_192x256x128_4x2x1_16x16x128_intrawave_0x1x0_3,0,41,89.05121999999994,0.0,passed,
1856,6144,7168,cktile_29_split0,cktile,29,0,a8w8_blockscale_cktile_192x256x128_4x2x1_16x16x128_intrawave_0x1x0_4,0,42,89.31922,0.0,passed,
1856,6144,7168,cktile_30_split0,cktile,30,0,a8w8_blockscale_cktile_192x256x128_4x2x1_16x16x128_intrawave_0x1x0_2_aqrm,0,43,111.76268000000003,0.0,passed,
1856,6144,7168,cktile_31_split0,cktile,31,0,a8w8_blockscale_cktile_192x256x128_4x2x1_16x16x128_intrawave_0x1x0_3_aqrm,0,44,112.82027999999993,0.0,passed,
1856,6144,7168,cktile_32_split0,cktile,32,0,a8w8_blockscale_cktile_192x256x128_4x2x1_16x16x128_intrawave_0x1x0_4_aqrm,0,45,111.36674418604652,0.0,passed,
1856,6144,7168,opus_9011,opus,9011,0,opus_gemm_gfx950_a8w8_mxscale_gemm_bpreshuffle_256x64x128x128_2x2_16x16x128_1x128x128_tiles1_nooob,0,46,127.68925999999998,0.0,passed,
1856,6144,7168,opus_9012,opus,9012,0,opus_gemm_gfx950_a8w8_mxscale_gemm_bpreshuffle_256x64x64x128_2x2_16x16x128_1x128x128_tiles1_nooob,0,47,155.62315999999998,0.0,passed,
1856,6144,7168,opus_9020,opus,9020,0,opus_gemm_gfx950_a8w8_mxscale_gemm_bpreshuffle_256x256x256x128_2x2_16x16x128_1x128x128_tiles1,0,48,95.59008333333337,0.0,passed,
1856,6144,7168,ck_0_split0,ck,0,0,a8w8_blockscale_bpreshuffle_1x128x128_256x128x128x128_16x16_16x16_8x32x1_8x32x1_1x32x1x8_8_2x1_intrawave_v3,0,49,143.78062000000006,0.0,passed,
1856,6144,7168,ck_1_split0,ck,1,0,a8w8_blockscale_bpreshuffle_1x128x128_256x64x128x128_16x16_16x16_8x32x1_8x32x1_1x32x1x8_8_2x1_intrawave_v3,0,50,134.83810204081635,0.0,passed,
1856,6144,7168,ck_2_split0,ck,2,0,a8w8_blockscale_bpreshuffle_1x128x128_256x64x64x128_16x16_16x16_8x32x1_8x32x1_1x32x1x8_8_2x1_intrawave_v3,0,51,170.29534000000004,0.0,passed,
1856,6144,7168,ck_3_split0,ck,3,0,a8w8_blockscale_bpreshuffle_1x128x128_256x16x256x128_8x16_16x16_16x16x1_8x32x1_1x16x1x16_8_1x2_intrawave_v1,0,52,283.2764897959184,0.0,passed,
1856,6144,7168,ck_4_split0,ck,4,0,a8w8_blockscale_bpreshuffle_1x128x128_256x16x128x128_8x16_16x16_16x16x1_8x32x1_1x16x1x16_8_1x2_intrawave_v1,0,53,285.23161224489786,0.0,passed,
1856,6144,7168,ck_5_split0,ck,5,0,a8w8_blockscale_bpreshuffle_1x128x128_256x16x64x128_8x16_16x16_16x16x1_8x32x1_1x16x1x16_4_1x1_intrawave_v1,1,0,323.8355555555556,0.0,passed,
1856,6144,7168,ck_4_split0,ck,4,0,a8w8_blockscale_bpreshuffle_1x128x128_256x16x128x128_8x16_16x16_16x16x1_8x32x1_1x16x1x16_8_1x2_intrawave_v1,1,1,283.3380416666666,0.0,passed,
1856,6144,7168,ck_3_split0,ck,3,0,a8w8_blockscale_bpreshuffle_1x128x128_256x16x256x128_8x16_16x16_16x16x1_8x32x1_1x16x1x16_8_1x2_intrawave_v1,1,2,281.06600000000003,0.0,passed,
1856,6144,7168,ck_2_split0,ck,2,0,a8w8_blockscale_bpreshuffle_1x128x128_256x64x64x128_16x16_16x16_8x32x1_8x32x1_1x32x1x8_8_2x1_intrawave_v3,1,3,169.3657,0.0,passed,
1856,6144,7168,ck_1_split0,ck,1,0,a8w8_blockscale_bpreshuffle_1x128x128_256x64x128x128_16x16_16x16_8x32x1_8x32x1_1x32x1x8_8_2x1_intrawave_v3,1,4,142.03580000000002,0.0,passed,
1856,6144,7168,ck_0_split0,ck,0,0,a8w8_blockscale_bpreshuffle_1x128x128_256x128x128x128_16x16_16x16_8x32x1_8x32x1_1x32x1x8_8_2x1_intrawave_v3,1,5,145.05505999999997,0.0,passed,
1856,6144,7168,opus_9020,opus,9020,0,opus_gemm_gfx950_a8w8_mxscale_gemm_bpreshuffle_256x256x256x128_2x2_16x16x128_1x128x128_tiles1,1,6,96.14677083333338,0.0,passed,
1856,6144,7168,opus_9012,opus,9012,0,opus_gemm_gfx950_a8w8_mxscale_gemm_bpreshuffle_256x64x64x128_2x2_16x16x128_1x128x128_tiles1_nooob,1,7,154.8127599999999,0.0,passed,
1856,6144,7168,opus_9011,opus,9011,0,opus_gemm_gfx950_a8w8_mxscale_gemm_bpreshuffle_256x64x128x128_2x2_16x16x128_1x128x128_tiles1_nooob,1,8,128.36683999999997,0.0,passed,
1856,6144,7168,cktile_32_split0,cktile,32,0,a8w8_blockscale_cktile_192x256x128_4x2x1_16x16x128_intrawave_0x1x0_4_aqrm,1,9,113.07228,0.0,passed,
1856,6144,7168,cktile_31_split0,cktile,31,0,a8w8_blockscale_cktile_192x256x128_4x2x1_16x16x128_intrawave_0x1x0_3_aqrm,1,10,110.95786000000003,0.0,passed,
1856,6144,7168,cktile_30_split0,cktile,30,0,a8w8_blockscale_cktile_192x256x128_4x2x1_16x16x128_intrawave_0x1x0_2_aqrm,1,11,113.19868000000004,0.0,passed,
1856,6144,7168,cktile_29_split0,cktile,29,0,a8w8_blockscale_cktile_192x256x128_4x2x1_16x16x128_intrawave_0x1x0_4,1,12,89.28960000000006,0.0,passed,
1856,6144,7168,cktile_28_split0,cktile,28,0,a8w8_blockscale_cktile_192x256x128_4x2x1_16x16x128_intrawave_0x1x0_3,1,13,88.51602000000001,0.0,passed,
1856,6144,7168,cktile_27_split0,cktile,27,0,a8w8_blockscale_cktile_192x256x128_4x2x1_16x16x128_intrawave_0x1x0_2,1,14,90.63602000000004,0.0,passed,
1856,6144,7168,cktile_26_split0,cktile,26,0,a8w8_blockscale_cktile_128x128x128_2x2x1_16x16x128_intrawave_0x1x0_4,1,15,1360.0925333333344,0.0,passed,
1856,6144,7168,cktile_25_split0,cktile,25,0,a8w8_blockscale_cktile_128x128x128_2x2x1_16x16x128_intrawave_0x1x0_3,1,16,580.8162291666664,0.0,passed,
1856,6144,7168,cktile_24_split0,cktile,24,0,a8w8_blockscale_cktile_128x128x128_2x2x1_16x16x128_intrawave_0x1x0_1,1,17,201.41251020408183,0.0,passed,
1856,6144,7168,cktile_23_split0,cktile,23,0,a8w8_blockscale_cktile_128x128x128_1x4x1_16x16x128_intrawave_0x1x0_4,1,18,931.0834255319144,0.0,passed,
1856,6144,7168,cktile_22_split0,cktile,22,0,a8w8_blockscale_cktile_128x128x128_1x4x1_16x16x128_intrawave_0x1x0_3,1,19,552.496434782609,0.0,passed,
1856,6144,7168,cktile_21_split0,cktile,21,0,a8w8_blockscale_cktile_128x128x128_1x4x1_16x16x128_intrawave_0x1x0_2,1,20,202.87390909090908,0.0,passed,
1856,6144,7168,cktile_20_split0,cktile,20,0,a8w8_blockscale_cktile_32x128x128_1x4x1_16x16x64_intrawave_0x1x0_4,1,21,210.89346938775515,0.0,passed,
1856,6144,7168,cktile_19_split0,cktile,19,0,a8w8_blockscale_cktile_32x128x128_1x4x1_16x16x64_intrawave_0x1x0_3,1,22,208.90275999999997,0.0,passed,
1856,6144,7168,cktile_18_split0,cktile,18,0,a8w8_blockscale_cktile_32x128x128_1x4x1_16x16x128_intrawave_0x1x0_4,1,23,205.75794000000005,0.0,passed,
1856,6144,7168,cktile_17_split0,cktile,17,0,a8w8_blockscale_cktile_32x128x128_1x4x1_16x16x128_intrawave_0x1x0_3,1,24,205.6603400000001,0.0,passed,
1856,6144,7168,cktile_16_split0,cktile,16,0,a8w8_blockscale_cktile_16x128x256_1x4x1_16x16x64_intrawave_0x1x0_4,1,25,297.72618,0.0,passed,
1856,6144,7168,cktile_15_split0,cktile,15,0,a8w8_blockscale_cktile_16x128x256_1x4x1_16x16x64_intrawave_0x1x0_3,1,26,283.01,0.0,passed,
1856,6144,7168,cktile_14_split0,cktile,14,0,a8w8_blockscale_cktile_16x128x256_1x4x1_16x16x128_intrawave_0x1x0_4,1,27,522.0961428571428,0.0,passed,
1856,6144,7168,cktile_13_split0,cktile,13,0,a8w8_blockscale_cktile_16x128x256_1x4x1_16x16x128_intrawave_0x1x0_3,1,28,285.57404,0.0,passed,
1856,6144,7168,cktile_12_split0,cktile,12,0,a8w8_blockscale_cktile_192x256x128_4x2x1_16x16x128_intrawave_0x1x0_1_aqrm,1,29,112.10507999999999,0.0,passed,
1856,6144,7168,cktile_11_split0,cktile,11,0,a8w8_blockscale_cktile_192x256x128_4x2x1_16x16x128_intrawave_0x1x0_1,1,30,89.30800000000005,0.0,passed,
1856,6144,7168,cktile_10_split0,cktile,10,0,a8w8_blockscale_cktile_128x128x128_2x2x1_16x16x128_intrawave_0x1x0_2,1,31,200.60793617021267,0.0,passed,
1856,6144,7168,cktile_9_split0,cktile,9,0,a8w8_blockscale_cktile_128x128x128_1x4x1_16x16x128_intrawave_0x1x0_1,1,32,203.5378125000001,0.0,passed,
1856,6144,7168,cktile_8_split0,cktile,8,0,a8w8_blockscale_cktile_128x128x128_1x4x1_16x16x128_intrawave_0x1x0_1,1,33,203.48199999999997,0.0,passed,
1856,6144,7168,cktile_7_split0,cktile,7,0,a8w8_blockscale_cktile_32x128x128_1x4x1_16x16x64_intrawave_0x1x0_2,1,34,211.00518,0.0,passed,
1856,6144,7168,cktile_6_split0,cktile,6,0,a8w8_blockscale_cktile_32x128x128_1x4x1_16x16x64_intrawave_0x1x0_1,1,35,212.54120000000003,0.0,passed,
1856,6144,7168,cktile_5_split0,cktile,5,0,a8w8_blockscale_cktile_32x128x128_1x4x1_16x16x128_intrawave_0x1x0_2,1,36,205.62753999999998,0.0,passed,
1856,6144,7168,cktile_4_split0,cktile,4,0,a8w8_blockscale_cktile_32x128x128_1x4x1_16x16x128_intrawave_0x1x0_1,1,37,205.7053333333334,0.0,passed,
1856,6144,7168,cktile_3_split0,cktile,3,0,a8w8_blockscale_cktile_16x128x256_1x4x1_16x16x64_intrawave_0x1x0_2,1,38,283.77562,0.0,passed,
1856,6144,7168,cktile_2_split0,cktile,2,0,a8w8_blockscale_cktile_16x128x256_1x4x1_16x16x64_intrawave_0x1x0_1,1,39,283.28442,0.0,passed,
1856,6144,7168,cktile_1_split0,cktile,1,0,a8w8_blockscale_cktile_16x128x256_1x4x1_16x16x128_intrawave_0x1x0_2,1,40,284.15722,0.0,passed,
1856,6144,7168,cktile_0_split0,cktile,0,0,a8w8_blockscale_cktile_16x128x256_1x4x1_16x16x128_intrawave_0x1x0_1,1,41,284.0627999999999,0.0,passed,
1856,6144,7168,ck_17_split0,ck,17,0,a8w8_blockscale_bpreshuffle_1x128x128_256x64x64x256_16x16_16x16_16x16x1_16x16x1_1x32x1x8_8_2x1_intrawave_v1,1,42,181.78828,0.0,passed,
1856,6144,7168,ck_16_split0,ck,16,0,a8w8_blockscale_bpreshuffle_1x128x128_256x64x128x256_16x16_16x16_16x16x1_16x16x1_1x32x1x8_8_2x1_intrawave_v1,1,43,151.92631999999998,0.0,passed,
1856,6144,7168,ck_15_split0,ck,15,0,a8w8_blockscale_bpreshuffle_1x128x128_256x64x64x128_16x16_16x16_8x32x1_8x32x1_1x32x1x8_8_2x1_intrawave_v1,1,44,165.8743720930233,0.0,passed,
1856,6144,7168,ck_14_split0,ck,14,0,a8w8_blockscale_bpreshuffle_1x128x128_256x64x128x128_16x16_16x16_8x32x1_8x32x1_1x32x1x8_8_2x1_intrawave_v1,1,45,134.8077200000001,0.0,passed,
1856,6144,7168,ck_13_split0,ck,13,0,a8w8_blockscale_bpreshuffle_1x128x128_256x64x256x128_16x16_16x16_8x32x1_8x32x1_1x32x1x8_8_2x1_intrawave_v1,1,46,134.51732000000004,0.0,passed,
1856,6144,7168,ck_12_split0,ck,12,0,a8w8_blockscale_bpreshuffle_1x128x128_256x32x64x256_16x16_16x16_16x16x1_16x16x1_1x32x1x8_8_2x1_intrawave_v1,1,47,212.09900000000007,0.0,passed,
1856,6144,7168,ck_11_split0,ck,11,0,a8w8_blockscale_bpreshuffle_1x128x128_256x32x128x256_16x16_16x16_16x16x1_16x16x1_1x32x1x8_8_2x1_intrawave_v1,1,48,178.04501999999994,0.0,passed,
1856,6144,7168,ck_10_split0,ck,10,0,a8w8_blockscale_bpreshuffle_1x128x128_256x32x64x128_16x16_16x16_8x32x1_8x32x1_1x32x1x8_8_2x1_intrawave_v1,1,49,212.6638,0.0,passed,
1856,6144,7168,ck_9_split0,ck,9,0,a8w8_blockscale_bpreshuffle_1x128x128_256x32x128x128_16x16_16x16_8x32x1_8x32x1_1x32x1x8_8_2x1_intrawave_v1,1,50,178.40022000000002,0.0,passed,
1856,6144,7168,ck_8_split0,ck,8,0,a8w8_blockscale_bpreshuffle_1x128x128_256x32x256x128_16x16_16x16_8x32x1_8x32x1_1x32x1x8_8_2x1_intrawave_v1,1,51,178.19701999999995,0.0,passed,
1856,6144,7168,ck_7_split0,ck,7,0,a8w8_blockscale_bpreshuffle_1x128x128_256x16x64x256_16x16_16x16_16x16x1_16x16x1_1x16x1x16_4_1x1_intrawave_v1,1,52,309.0312799999999,0.0,passed,
1856,6144,7168,ck_6_split0,ck,6,0,a8w8_blockscale_bpreshuffle_1x128x128_256x16x128x256_16x16_16x16_16x16x1_16x16x1_1x16x1x16_8_1x2_intrawave_v1,1,53,270.4660600000001,0.0,passed,
1856,6144,7168,ck_7_split0,ck,7,0,a8w8_blockscale_bpreshuffle_1x128x128_256x16x64x256_16x16_16x16_16x16x1_16x16x1_1x16x1x16_4_1x1_intrawave_v1,2,0,308.74969999999996,0.0,passed,
1856,6144,7168,ck_8_split0,ck,8,0,a8w8_blockscale_bpreshuffle_1x128x128_256x32x256x128_16x16_16x16_8x32x1_8x32x1_1x32x1x8_8_2x1_intrawave_v1,2,1,177.1936530612244,0.0,passed,
1856,6144,7168,ck_9_split0,ck,9,0,a8w8_blockscale_bpreshuffle_1x128x128_256x32x128x128_16x16_16x16_8x32x1_8x32x1_1x32x1x8_8_2x1_intrawave_v1,2,2,180.78264000000007,0.0,passed,
1856,6144,7168,ck_10_split0,ck,10,0,a8w8_blockscale_bpreshuffle_1x128x128_256x32x64x128_16x16_16x16_8x32x1_8x32x1_1x32x1x8_8_2x1_intrawave_v1,2,3,211.20378,0.0,passed,
1856,6144,7168,ck_11_split0,ck,11,0,a8w8_blockscale_bpreshuffle_1x128x128_256x32x128x256_16x16_16x16_16x16x1_16x16x1_1x32x1x8_8_2x1_intrawave_v1,2,4,177.76099999999994,0.0,passed,
1856,6144,7168,ck_12_split0,ck,12,0,a8w8_blockscale_bpreshuffle_1x128x128_256x32x64x256_16x16_16x16_16x16x1_16x16x1_1x32x1x8_8_2x1_intrawave_v1,2,5,212.56219999999996,0.0,passed,
1856,6144,7168,ck_13_split0,ck,13,0,a8w8_blockscale_bpreshuffle_1x128x128_256x64x256x128_16x16_16x16_8x32x1_8x32x1_1x32x1x8_8_2x1_intrawave_v1,2,6,135.84134,0.0,passed,
1856,6144,7168,ck_14_split0,ck,14,0,a8w8_blockscale_bpreshuffle_1x128x128_256x64x128x128_16x16_16x16_8x32x1_8x32x1_1x32x1x8_8_2x1_intrawave_v1,2,7,137.12216000000006,0.0,passed,
1856,6144,7168,ck_15_split0,ck,15,0,a8w8_blockscale_bpreshuffle_1x128x128_256x64x64x128_16x16_16x16_8x32x1_8x32x1_1x32x1x8_8_2x1_intrawave_v1,2,8,163.97044000000002,0.0,passed,
1856,6144,7168,ck_16_split0,ck,16,0,a8w8_blockscale_bpreshuffle_1x128x128_256x64x128x256_16x16_16x16_16x16x1_16x16x1_1x32x1x8_8_2x1_intrawave_v1,2,9,151.53992,0.0,passed,
1856,6144,7168,ck_17_split0,ck,17,0,a8w8_blockscale_bpreshuffle_1x128x128_256x64x64x256_16x16_16x16_16x16x1_16x16x1_1x32x1x8_8_2x1_intrawave_v1,2,10,185.04348000000002,0.0,passed,
1856,6144,7168,cktile_0_split0,cktile,0,0,a8w8_blockscale_cktile_16x128x256_1x4x1_16x16x128_intrawave_0x1x0_1,2,11,284.6804200000001,0.0,passed,
1856,6144,7168,cktile_1_split0,cktile,1,0,a8w8_blockscale_cktile_16x128x256_1x4x1_16x16x128_intrawave_0x1x0_2,2,12,283.00702083333346,0.0,passed,
1856,6144,7168,cktile_2_split0,cktile,2,0,a8w8_blockscale_cktile_16x128x256_1x4x1_16x16x64_intrawave_0x1x0_1,2,13,282.5895208333333,0.0,passed,
1856,6144,7168,cktile_3_split0,cktile,3,0,a8w8_blockscale_cktile_16x128x256_1x4x1_16x16x64_intrawave_0x1x0_2,2,14,282.7996,0.0,passed,
1856,6144,7168,cktile_4_split0,cktile,4,0,a8w8_blockscale_cktile_32x128x128_1x4x1_16x16x128_intrawave_0x1x0_1,2,15,206.43153999999984,0.0,passed,
1856,6144,7168,cktile_5_split0,cktile,5,0,a8w8_blockscale_cktile_32x128x128_1x4x1_16x16x128_intrawave_0x1x0_2,2,16,204.86192,0.0,passed,
1856,6144,7168,cktile_6_split0,cktile,6,0,a8w8_blockscale_cktile_32x128x128_1x4x1_16x16x64_intrawave_0x1x0_1,2,17,213.96602000000007,0.0,passed,
1856,6144,7168,cktile_7_split0,cktile,7,0,a8w8_blockscale_cktile_32x128x128_1x4x1_16x16x64_intrawave_0x1x0_2,2,18,211.06119999999996,0.0,passed,
1856,6144,7168,cktile_8_split0,cktile,8,0,a8w8_blockscale_cktile_128x128x128_1x4x1_16x16x128_intrawave_0x1x0_1,2,19,204.13250000000008,0.0,passed,
1856,6144,7168,cktile_9_split0,cktile,9,0,a8w8_blockscale_cktile_128x128x128_1x4x1_16x16x128_intrawave_0x1x0_1,2,20,203.0829130434783,0.0,passed,
1856,6144,7168,cktile_10_split0,cktile,10,0,a8w8_blockscale_cktile_128x128x128_2x2x1_16x16x128_intrawave_0x1x0_2,2,21,202.87112500000012,0.0,passed,
1856,6144,7168,cktile_11_split0,cktile,11,0,a8w8_blockscale_cktile_192x256x128_4x2x1_16x16x128_intrawave_0x1x0_1,2,22,90.07122000000001,0.0,passed,
1856,6144,7168,cktile_12_split0,cktile,12,0,a8w8_blockscale_cktile_192x256x128_4x2x1_16x16x128_intrawave_0x1x0_1_aqrm,2,23,110.79786,0.0,passed,
1856,6144,7168,cktile_13_split0,cktile,13,0,a8w8_blockscale_cktile_16x128x256_1x4x1_16x16x128_intrawave_0x1x0_3,2,24,283.6083999999999,0.0,passed,
1856,6144,7168,cktile_14_split0,cktile,14,0,a8w8_blockscale_cktile_16x128x256_1x4x1_16x16x128_intrawave_0x1x0_4,2,25,525.2561836734696,0.0,passed,
1856,6144,7168,cktile_15_split0,cktile,15,0,a8w8_blockscale_cktile_16x128x256_1x4x1_16x16x64_intrawave_0x1x0_3,2,26,282.5868,0.0,passed,
1856,6144,7168,cktile_16_split0,cktile,16,0,a8w8_blockscale_cktile_16x128x256_1x4x1_16x16x64_intrawave_0x1x0_4,2,27,297.2625918367347,0.0,passed,
1856,6144,7168,cktile_17_split0,cktile,17,0,a8w8_blockscale_cktile_32x128x128_1x4x1_16x16x128_intrawave_0x1x0_3,2,28,203.58429999999993,0.0,passed,
1856,6144,7168,cktile_18_split0,cktile,18,0,a8w8_blockscale_cktile_32x128x128_1x4x1_16x16x128_intrawave_0x1x0_4,2,29,204.65828571428574,0.0,passed,
1856,6144,7168,cktile_19_split0,cktile,19,0,a8w8_blockscale_cktile_32x128x128_1x4x1_16x16x64_intrawave_0x1x0_3,2,30,208.69315999999998,0.0,passed,
1856,6144,7168,cktile_20_split0,cktile,20,0,a8w8_blockscale_cktile_32x128x128_1x4x1_16x16x64_intrawave_0x1x0_4,2,31,209.16517999999982,0.0,passed,
1856,6144,7168,cktile_21_split0,cktile,21,0,a8w8_blockscale_cktile_128x128x128_1x4x1_16x16x128_intrawave_0x1x0_2,2,32,203.7227916666666,0.0,passed,
1856,6144,7168,cktile_22_split0,cktile,22,0,a8w8_blockscale_cktile_128x128x128_1x4x1_16x16x128_intrawave_0x1x0_3,2,33,553.5971333333334,0.0,passed,
1856,6144,7168,cktile_23_split0,cktile,23,0,a8w8_blockscale_cktile_128x128x128_1x4x1_16x16x128_intrawave_0x1x0_4,2,34,929.8365957446805,0.0,passed,
1856,6144,7168,cktile_24_split0,cktile,24,0,a8w8_blockscale_cktile_128x128x128_2x2x1_16x16x128_intrawave_0x1x0_1,2,35,202.5952916666666,0.0,passed,
1856,6144,7168,cktile_25_split0,cktile,25,0,a8w8_blockscale_cktile_128x128x128_2x2x1_16x16x128_intrawave_0x1x0_3,2,36,579.9494444444445,0.0,passed,
1856,6144,7168,cktile_26_split0,cktile,26,0,a8w8_blockscale_cktile_128x128x128_2x2x1_16x16x128_intrawave_0x1x0_4,2,37,1361.0325217391294,0.0,passed,
1856,6144,7168,cktile_27_split0,cktile,27,0,a8w8_blockscale_cktile_192x256x128_4x2x1_16x16x128_intrawave_0x1x0_2,2,38,89.77601999999996,0.0,passed,
1856,6144,7168,cktile_28_split0,cktile,28,0,a8w8_blockscale_cktile_192x256x128_4x2x1_16x16x128_intrawave_0x1x0_3,2,39,89.75761999999999,0.0,passed,
1856,6144,7168,cktile_29_split0,cktile,29,0,a8w8_blockscale_cktile_192x256x128_4x2x1_16x16x128_intrawave_0x1x0_4,2,40,89.22879999999998,0.0,passed,
1856,6144,7168,cktile_30_split0,cktile,30,0,a8w8_blockscale_cktile_192x256x128_4x2x1_16x16x128_intrawave_0x1x0_2_aqrm,2,41,113.43308000000006,0.0,passed,
1856,6144,7168,cktile_31_split0,cktile,31,0,a8w8_blockscale_cktile_192x256x128_4x2x1_16x16x128_intrawave_0x1x0_3_aqrm,2,42,112.02986000000003,0.0,passed,
1856,6144,7168,cktile_32_split0,cktile,32,0,a8w8_blockscale_cktile_192x256x128_4x2x1_16x16x128_intrawave_0x1x0_4_aqrm,2,43,111.08185999999995,0.0,passed,
1856,6144,7168,opus_9011,opus,9011,0,opus_gemm_gfx950_a8w8_mxscale_gemm_bpreshuffle_256x64x128x128_2x2_16x16x128_1x128x128_tiles1_nooob,2,44,128.57804000000002,0.0,passed,
1856,6144,7168,opus_9012,opus,9012,0,opus_gemm_gfx950_a8w8_mxscale_gemm_bpreshuffle_256x64x64x128_2x2_16x16x128_1x128x128_tiles1_nooob,2,45,152.93032,0.0,passed,
1856,6144,7168,opus_9020,opus,9020,0,opus_gemm_gfx950_a8w8_mxscale_gemm_bpreshuffle_256x256x256x128_2x2_16x16x128_1x128x128_tiles1,2,46,97.6575833333333,0.0,passed,
1856,6144,7168,ck_0_split0,ck,0,0,a8w8_blockscale_bpreshuffle_1x128x128_256x128x128x128_16x16_16x16_8x32x1_8x32x1_1x32x1x8_8_2x1_intrawave_v3,2,47,141.851,0.0,passed,
1856,6144,7168,ck_1_split0,ck,1,0,a8w8_blockscale_bpreshuffle_1x128x128_256x64x128x128_16x16_16x16_8x32x1_8x32x1_1x32x1x8_8_2x1_intrawave_v3,2,48,137.52425581395346,0.0,passed,
1856,6144,7168,ck_2_split0,ck,2,0,a8w8_blockscale_bpreshuffle_1x128x128_256x64x64x128_16x16_16x16_8x32x1_8x32x1_1x32x1x8_8_2x1_intrawave_v3,2,49,172.86255999999997,0.0,passed,
1856,6144,7168,ck_3_split0,ck,3,0,a8w8_blockscale_bpreshuffle_1x128x128_256x16x256x128_8x16_16x16_16x16x1_8x32x1_1x16x1x16_8_1x2_intrawave_v1,2,50,282.61499999999995,0.0,passed,
1856,6144,7168,ck_4_split0,ck,4,0,a8w8_blockscale_bpreshuffle_1x128x128_256x16x128x128_8x16_16x16_16x16x1_8x32x1_1x16x1x16_8_1x2_intrawave_v1,2,51,283.4685999999999,0.0,passed,
1856,6144,7168,ck_5_split0,ck,5,0,a8w8_blockscale_bpreshuffle_1x128x128_256x16x64x128_8x16_16x16_16x16x1_8x32x1_1x16x1x16_4_1x1_intrawave_v1,2,52,321.19221999999996,0.0,passed,
1856,6144,7168,ck_6_split0,ck,6,0,a8w8_blockscale_bpreshuffle_1x128x128_256x16x128x256_16x16_16x16_16x16x1_16x16x1_1x16x1x16_8_1x2_intrawave_v1,2,53,270.0404081632652,0.0,passed,
24576,6144,7168,ck_6_split0,ck,6,0,a8w8_blockscale_bpreshuffle_1x128x128_256x16x128x256_16x16_16x16_16x16x1_16x16x1_1x16x1x16_8_1x2_intrawave_v1,0,0,3298.792200000002,0.0,passed,
24576,6144,7168,ck_7_split0,ck,7,0,a8w8_blockscale_bpreshuffle_1x128x128_256x16x64x256_16x16_16x16_16x16x1_16x16x1_1x16x1x16_4_1x1_intrawave_v1,0,1,3744.8870208333374,0.0,passed,
24576,6144,7168,ck_8_split0,ck,8,0,a8w8_blockscale_bpreshuffle_1x128x128_256x32x256x128_16x16_16x16_8x32x1_8x32x1_1x32x1x8_8_2x1_intrawave_v1,0,2,1892.8748085106379,0.0,passed,
24576,6144,7168,ck_9_split0,ck,9,0,a8w8_blockscale_bpreshuffle_1x128x128_256x32x128x128_16x16_16x16_8x32x1_8x32x1_1x32x1x8_8_2x1_intrawave_v1,0,3,2011.3540888888901,0.0,passed,
24576,6144,7168,ck_10_split0,ck,10,0,a8w8_blockscale_bpreshuffle_1x128x128_256x32x64x128_16x16_16x16_8x32x1_8x32x1_1x32x1x8_8_2x1_intrawave_v1,0,4,2456.3448636363646,0.0,passed,
24576,6144,7168,ck_11_split0,ck,11,0,a8w8_blockscale_bpreshuffle_1x128x128_256x32x128x256_16x16_16x16_16x16x1_16x16x1_1x32x1x8_8_2x1_intrawave_v1,0,5,2006.6429148936174,0.0,passed,
24576,6144,7168,ck_12_split0,ck,12,0,a8w8_blockscale_bpreshuffle_1x128x128_256x32x64x256_16x16_16x16_16x16x1_16x16x1_1x32x1x8_8_2x1_intrawave_v1,0,6,2452.199958333334,0.0,passed,
24576,6144,7168,ck_13_split0,ck,13,0,a8w8_blockscale_bpreshuffle_1x128x128_256x64x256x128_16x16_16x16_8x32x1_8x32x1_1x32x1x8_8_2x1_intrawave_v1,0,7,1341.9074444444445,0.0,passed,
24576,6144,7168,ck_14_split0,ck,14,0,a8w8_blockscale_bpreshuffle_1x128x128_256x64x128x128_16x16_16x16_8x32x1_8x32x1_1x32x1x8_8_2x1_intrawave_v1,0,8,1466.93152,0.0,passed,
24576,6144,7168,ck_15_split0,ck,15,0,a8w8_blockscale_bpreshuffle_1x128x128_256x64x64x128_16x16_16x16_8x32x1_8x32x1_1x32x1x8_8_2x1_intrawave_v1,0,9,1910.147719999999,0.0,passed,
24576,6144,7168,ck_16_split0,ck,16,0,a8w8_blockscale_bpreshuffle_1x128x128_256x64x128x256_16x16_16x16_16x16x1_16x16x1_1x32x1x8_8_2x1_intrawave_v1,0,10,1586.3498913043475,0.0,passed,
24576,6144,7168,ck_17_split0,ck,17,0,a8w8_blockscale_bpreshuffle_1x128x128_256x64x64x256_16x16_16x16_16x16x1_16x16x1_1x32x1x8_8_2x1_intrawave_v1,0,11,2077.1374166666665,0.0,passed,
24576,6144,7168,cktile_0_split0,cktile,0,0,a8w8_blockscale_cktile_16x128x256_1x4x1_16x16x128_intrawave_0x1x0_1,0,12,3379.9344999999994,0.0,passed,
24576,6144,7168,cktile_1_split0,cktile,1,0,a8w8_blockscale_cktile_16x128x256_1x4x1_16x16x128_intrawave_0x1x0_2,0,13,3379.668404255317,0.0,passed,
24576,6144,7168,cktile_2_split0,cktile,2,0,a8w8_blockscale_cktile_16x128x256_1x4x1_16x16x64_intrawave_0x1x0_1,0,14,3376.8472599999986,0.0,passed,
24576,6144,7168,cktile_3_split0,cktile,3,0,a8w8_blockscale_cktile_16x128x256_1x4x1_16x16x64_intrawave_0x1x0_2,0,15,3306.8982553191468,0.0,passed,
24576,6144,7168,cktile_4_split0,cktile,4,0,a8w8_blockscale_cktile_32x128x128_1x4x1_16x16x128_intrawave_0x1x0_1,0,16,2378.003551020408,0.0,passed,
24576,6144,7168,cktile_5_split0,cktile,5,0,a8w8_blockscale_cktile_32x128x128_1x4x1_16x16x128_intrawave_0x1x0_2,0,17,2374.142265306123,0.0,passed,
24576,6144,7168,cktile_6_split0,cktile,6,0,a8w8_blockscale_cktile_32x128x128_1x4x1_16x16x64_intrawave_0x1x0_1,0,18,2428.35752173913,0.0,passed,
24576,6144,7168,cktile_7_split0,cktile,7,0,a8w8_blockscale_cktile_32x128x128_1x4x1_16x16x64_intrawave_0x1x0_2,0,19,2384.3576170212755,0.0,passed,
24576,6144,7168,cktile_8_split0,cktile,8,0,a8w8_blockscale_cktile_128x128x128_1x4x1_16x16x128_intrawave_0x1x0_1,0,20,1892.1676249999994,0.0,passed,
24576,6144,7168,cktile_9_split0,cktile,9,0,a8w8_blockscale_cktile_128x128x128_1x4x1_16x16x128_intrawave_0x1x0_1,0,21,1893.3489199999997,0.0,passed,
24576,6144,7168,cktile_10_split0,cktile,10,0,a8w8_blockscale_cktile_128x128x128_2x2x1_16x16x128_intrawave_0x1x0_2,0,22,1833.906640000002,0.0,passed,
24576,6144,7168,cktile_11_split0,cktile,11,0,a8w8_blockscale_cktile_192x256x128_4x2x1_16x16x128_intrawave_0x1x0_1,0,23,1030.9065799999998,0.0,passed,
24576,6144,7168,cktile_12_split0,cktile,12,0,a8w8_blockscale_cktile_192x256x128_4x2x1_16x16x128_intrawave_0x1x0_1_aqrm,0,24,1254.7526808510643,0.0,passed,
24576,6144,7168,cktile_13_split0,cktile,13,0,a8w8_blockscale_cktile_16x128x256_1x4x1_16x16x128_intrawave_0x1x0_3,0,25,3397.060714285714,0.0,passed,
24576,6144,7168,cktile_14_split0,cktile,14,0,a8w8_blockscale_cktile_16x128x256_1x4x1_16x16x128_intrawave_0x1x0_4,0,26,6436.594680851068,0.0,passed,
24576,6144,7168,cktile_15_split0,cktile,15,0,a8w8_blockscale_cktile_16x128x256_1x4x1_16x16x64_intrawave_0x1x0_3,0,27,3305.7282653061247,0.0,passed,
24576,6144,7168,cktile_16_split0,cktile,16,0,a8w8_blockscale_cktile_16x128x256_1x4x1_16x16x64_intrawave_0x1x0_4,0,28,3517.1094285714307,0.0,passed,
24576,6144,7168,cktile_17_split0,cktile,17,0,a8w8_blockscale_cktile_32x128x128_1x4x1_16x16x128_intrawave_0x1x0_3,0,29,2378.555173913043,0.0,passed,
24576,6144,7168,cktile_18_split0,cktile,18,0,a8w8_blockscale_cktile_32x128x128_1x4x1_16x16x128_intrawave_0x1x0_4,0,30,2365.387820000002,0.0,passed,
24576,6144,7168,cktile_19_split0,cktile,19,0,a8w8_blockscale_cktile_32x128x128_1x4x1_16x16x64_intrawave_0x1x0_3,0,31,2391.077979591835,0.0,passed,
24576,6144,7168,cktile_20_split0,cktile,20,0,a8w8_blockscale_cktile_32x128x128_1x4x1_16x16x64_intrawave_0x1x0_4,0,32,2386.3601914893616,0.0,passed,
24576,6144,7168,cktile_21_split0,cktile,21,0,a8w8_blockscale_cktile_128x128x128_1x4x1_16x16x128_intrawave_0x1x0_2,0,33,1892.2880799999991,0.0,passed,
24576,6144,7168,cktile_22_split0,cktile,22,0,a8w8_blockscale_cktile_128x128x128_1x4x1_16x16x128_intrawave_0x1x0_3,0,34,6370.125304347823,0.0,passed,
24576,6144,7168,cktile_23_split0,cktile,23,0,a8w8_blockscale_cktile_128x128x128_1x4x1_16x16x128_intrawave_0x1x0_4,0,35,9624.04933333333,0.0,passed,
24576,6144,7168,cktile_24_split0,cktile,24,0,a8w8_blockscale_cktile_128x128x128_2x2x1_16x16x128_intrawave_0x1x0_1,0,36,1828.6593958333333,0.0,passed,
24576,6144,7168,cktile_25_split0,cktile,25,0,a8w8_blockscale_cktile_128x128x128_2x2x1_16x16x128_intrawave_0x1x0_3,0,37,6670.697145833332,0.0,passed,
24576,6144,7168,cktile_26_split0,cktile,26,0,a8w8_blockscale_cktile_128x128x128_2x2x1_16x16x128_intrawave_0x1x0_4,0,38,14343.458369565216,0.0,passed,
24576,6144,7168,cktile_27_split0,cktile,27,0,a8w8_blockscale_cktile_192x256x128_4x2x1_16x16x128_intrawave_0x1x0_2,0,39,1030.3297799999996,0.0,passed,
24576,6144,7168,cktile_28_split0,cktile,28,0,a8w8_blockscale_cktile_192x256x128_4x2x1_16x16x128_intrawave_0x1x0_3,0,40,1030.1777600000005,0.0,passed,
24576,6144,7168,cktile_29_split0,cktile,29,0,a8w8_blockscale_cktile_192x256x128_4x2x1_16x16x128_intrawave_0x1x0_4,0,41,1034.1697659574465,0.0,passed,
24576,6144,7168,cktile_30_split0,cktile,30,0,a8w8_blockscale_cktile_192x256x128_4x2x1_16x16x128_intrawave_0x1x0_2_aqrm,0,42,1255.6386382978717,0.0,passed,
24576,6144,7168,cktile_31_split0,cktile,31,0,a8w8_blockscale_cktile_192x256x128_4x2x1_16x16x128_intrawave_0x1x0_3_aqrm,0,43,1254.1955365853664,0.0,passed,
24576,6144,7168,cktile_32_split0,cktile,32,0,a8w8_blockscale_cktile_192x256x128_4x2x1_16x16x128_intrawave_0x1x0_4_aqrm,0,44,1254.7247708333327,0.0,passed,
24576,6144,7168,opus_9000,opus,9000,0,opus_gemm_gfx950_a8w8_mxscale_gemm_bpreshuffle_256x256x256x128_2x2_16x16x128_1x128x128_tiles1_nooob,0,45,864.232553191489,0.0,passed,
24576,6144,7168,opus_9010,opus,9010,0,opus_gemm_gfx950_a8w8_mxscale_gemm_bpreshuffle_256x128x128x128_2x2_16x16x128_1x128x128_tiles1_nooob,0,46,1361.60154,0.0,passed,
24576,6144,7168,opus_9011,opus,9011,0,opus_gemm_gfx950_a8w8_mxscale_gemm_bpreshuffle_256x64x128x128_2x2_16x16x128_1x128x128_tiles1_nooob,0,47,1400.5505833333336,0.0,passed,
24576,6144,7168,opus_9012,opus,9012,0,opus_gemm_gfx950_a8w8_mxscale_gemm_bpreshuffle_256x64x64x128_2x2_16x16x128_1x128x128_tiles1_nooob,0,48,1873.93684,0.0,passed,
24576,6144,7168,opus_9020,opus,9020,0,opus_gemm_gfx950_a8w8_mxscale_gemm_bpreshuffle_256x256x256x128_2x2_16x16x128_1x128x128_tiles1,0,49,882.3147291666664,0.0,passed,
24576,6144,7168,ck_0_split0,ck,0,0,a8w8_blockscale_bpreshuffle_1x128x128_256x128x128x128_16x16_16x16_8x32x1_8x32x1_1x32x1x8_8_2x1_intrawave_v3,0,50,1368.1055800000001,0.0,passed,
24576,6144,7168,ck_1_split0,ck,1,0,a8w8_blockscale_bpreshuffle_1x128x128_256x64x128x128_16x16_16x16_8x32x1_8x32x1_1x32x1x8_8_2x1_intrawave_v3,0,51,1495.8246000000006,0.0,passed,
24576,6144,7168,ck_2_split0,ck,2,0,a8w8_blockscale_bpreshuffle_1x128x128_256x64x64x128_16x16_16x16_8x32x1_8x32x1_1x32x1x8_8_2x1_intrawave_v3,0,52,1945.79926,0.0,passed,
24576,6144,7168,ck_3_split0,ck,3,0,a8w8_blockscale_bpreshuffle_1x128x128_256x16x256x128_8x16_16x16_16x16x1_8x32x1_1x16x1x16_8_1x2_intrawave_v1,0,53,3448.527106382977,0.0,passed,
24576,6144,7168,ck_4_split0,ck,4,0,a8w8_blockscale_bpreshuffle_1x128x128_256x16x128x128_8x16_16x16_16x16x1_8x32x1_1x16x1x16_8_1x2_intrawave_v1,0,54,3541.8970434782627,0.0,passed,
24576,6144,7168,ck_5_split0,ck,5,0,a8w8_blockscale_bpreshuffle_1x128x128_256x16x64x128_8x16_16x16_16x16x1_8x32x1_1x16x1x16_4_1x1_intrawave_v1,0,55,3914.321326530612,0.0,passed,
24576,6144,7168,ck_6_split0,ck,6,0,a8w8_blockscale_bpreshuffle_1x128x128_256x16x128x256_16x16_16x16_16x16x1_16x16x1_1x16x1x16_8_1x2_intrawave_v1,1,0,3325.4656222222225,0.0,passed,
24576,6144,7168,ck_5_split0,ck,5,0,a8w8_blockscale_bpreshuffle_1x128x128_256x16x64x128_8x16_16x16_16x16x1_8x32x1_1x16x1x16_4_1x1_intrawave_v1,1,1,3891.31585106383,0.0,passed,
24576,6144,7168,ck_4_split0,ck,4,0,a8w8_blockscale_bpreshuffle_1x128x128_256x16x128x128_8x16_16x16_16x16x1_8x32x1_1x16x1x16_8_1x2_intrawave_v1,1,2,3464.623930232559,0.0,passed,
24576,6144,7168,ck_3_split0,ck,3,0,a8w8_blockscale_bpreshuffle_1x128x128_256x16x256x128_8x16_16x16_16x16x1_8x32x1_1x16x1x16_8_1x2_intrawave_v1,1,3,3387.1518043478277,0.0,passed,
24576,6144,7168,ck_2_split0,ck,2,0,a8w8_blockscale_bpreshuffle_1x128x128_256x64x64x128_16x16_16x16_8x32x1_8x32x1_1x32x1x8_8_2x1_intrawave_v3,1,4,1944.0984000000005,0.0,passed,
24576,6144,7168,ck_1_split0,ck,1,0,a8w8_blockscale_bpreshuffle_1x128x128_256x64x128x128_16x16_16x16_8x32x1_8x32x1_1x32x1x8_8_2x1_intrawave_v3,1,5,1489.1109000000008,0.0,passed,
24576,6144,7168,ck_0_split0,ck,0,0,a8w8_blockscale_bpreshuffle_1x128x128_256x128x128x128_16x16_16x16_8x32x1_8x32x1_1x32x1x8_8_2x1_intrawave_v3,1,6,1365.2415200000005,0.0,passed,
24576,6144,7168,opus_9020,opus,9020,0,opus_gemm_gfx950_a8w8_mxscale_gemm_bpreshuffle_256x256x256x128_2x2_16x16x128_1x128x128_tiles1,1,7,883.0238958333333,0.0,passed,
24576,6144,7168,opus_9012,opus,9012,0,opus_gemm_gfx950_a8w8_mxscale_gemm_bpreshuffle_256x64x64x128_2x2_16x16x128_1x128x128_tiles1_nooob,1,8,1865.1374693877547,0.0,passed,
24576,6144,7168,opus_9011,opus,9011,0,opus_gemm_gfx950_a8w8_mxscale_gemm_bpreshuffle_256x64x128x128_2x2_16x16x128_1x128x128_tiles1_nooob,1,9,1402.2253061224494,0.0,passed,
24576,6144,7168,opus_9010,opus,9010,0,opus_gemm_gfx950_a8w8_mxscale_gemm_bpreshuffle_256x128x128x128_2x2_16x16x128_1x128x128_tiles1_nooob,1,10,1361.7102599999998,0.0,passed,
24576,6144,7168,opus_9000,opus,9000,0,opus_gemm_gfx950_a8w8_mxscale_gemm_bpreshuffle_256x256x256x128_2x2_16x16x128_1x128x128_tiles1_nooob,1,11,863.6870208333335,0.0,passed,
24576,6144,7168,cktile_32_split0,cktile,32,0,a8w8_blockscale_cktile_192x256x128_4x2x1_16x16x128_intrawave_0x1x0_4_aqrm,1,12,1253.7077551020407,0.0,passed,
24576,6144,7168,cktile_31_split0,cktile,31,0,a8w8_blockscale_cktile_192x256x128_4x2x1_16x16x128_intrawave_0x1x0_3_aqrm,1,13,1254.9824255319143,0.0,passed,
24576,6144,7168,cktile_30_split0,cktile,30,0,a8w8_blockscale_cktile_192x256x128_4x2x1_16x16x128_intrawave_0x1x0_2_aqrm,1,14,1254.181224489796,0.0,passed,
24576,6144,7168,cktile_29_split0,cktile,29,0,a8w8_blockscale_cktile_192x256x128_4x2x1_16x16x128_intrawave_0x1x0_4,1,15,1029.9097600000005,0.0,passed,
24576,6144,7168,cktile_28_split0,cktile,28,0,a8w8_blockscale_cktile_192x256x128_4x2x1_16x16x128_intrawave_0x1x0_3,1,16,1028.8161600000008,0.0,passed,
24576,6144,7168,cktile_27_split0,cktile,27,0,a8w8_blockscale_cktile_192x256x128_4x2x1_16x16x128_intrawave_0x1x0_2,1,17,1029.0425599999999,0.0,passed,
24576,6144,7168,cktile_26_split0,cktile,26,0,a8w8_blockscale_cktile_128x128x128_2x2x1_16x16x128_intrawave_0x1x0_4,1,18,14345.32993617021,0.0,passed,
24576,6144,7168,cktile_25_split0,cktile,25,0,a8w8_blockscale_cktile_128x128x128_2x2x1_16x16x128_intrawave_0x1x0_3,1,19,6667.37779166667,0.0,passed,
24576,6144,7168,cktile_24_split0,cktile,24,0,a8w8_blockscale_cktile_128x128x128_2x2x1_16x16x128_intrawave_0x1x0_1,1,20,1825.615183673468,0.0,passed,
24576,6144,7168,cktile_23_split0,cktile,23,0,a8w8_blockscale_cktile_128x128x128_1x4x1_16x16x128_intrawave_0x1x0_4,1,21,9629.115340425526,0.0,passed,
24576,6144,7168,cktile_22_split0,cktile,22,0,a8w8_blockscale_cktile_128x128x128_1x4x1_16x16x128_intrawave_0x1x0_3,1,22,6370.500229166665,0.0,passed,
24576,6144,7168,cktile_21_split0,cktile,21,0,a8w8_blockscale_cktile_128x128x128_1x4x1_16x16x128_intrawave_0x1x0_2,1,23,1891.049580000001,0.0,passed,
24576,6144,7168,cktile_20_split0,cktile,20,0,a8w8_blockscale_cktile_32x128x128_1x4x1_16x16x64_intrawave_0x1x0_4,1,24,2386.512229166667,0.0,passed,
24576,6144,7168,cktile_19_split0,cktile,19,0,a8w8_blockscale_cktile_32x128x128_1x4x1_16x16x64_intrawave_0x1x0_3,1,25,2388.2925102040817,0.0,passed,
24576,6144,7168,cktile_18_split0,cktile,18,0,a8w8_blockscale_cktile_32x128x128_1x4x1_16x16x128_intrawave_0x1x0_4,1,26,2367.3371836734673,0.0,passed,
24576,6144,7168,cktile_17_split0,cktile,17,0,a8w8_blockscale_cktile_32x128x128_1x4x1_16x16x128_intrawave_0x1x0_3,1,27,2374.6830199999986,0.0,passed,
24576,6144,7168,cktile_16_split0,cktile,16,0,a8w8_blockscale_cktile_16x128x256_1x4x1_16x16x64_intrawave_0x1x0_4,1,28,3515.51995744681,0.0,passed,
24576,6144,7168,cktile_15_split0,cktile,15,0,a8w8_blockscale_cktile_16x128x256_1x4x1_16x16x64_intrawave_0x1x0_3,1,29,3304.692183673469,0.0,passed,
24576,6144,7168,cktile_14_split0,cktile,14,0,a8w8_blockscale_cktile_16x128x256_1x4x1_16x16x128_intrawave_0x1x0_4,1,30,6438.280979166669,0.0,passed,
24576,6144,7168,cktile_13_split0,cktile,13,0,a8w8_blockscale_cktile_16x128x256_1x4x1_16x16x128_intrawave_0x1x0_3,1,31,3391.549599999999,0.0,passed,
24576,6144,7168,cktile_12_split0,cktile,12,0,a8w8_blockscale_cktile_192x256x128_4x2x1_16x16x128_intrawave_0x1x0_1_aqrm,1,32,1253.6309148936168,0.0,passed,
24576,6144,7168,cktile_11_split0,cktile,11,0,a8w8_blockscale_cktile_192x256x128_4x2x1_16x16x128_intrawave_0x1x0_1,1,33,1028.8817399999994,0.0,passed,
24576,6144,7168,cktile_10_split0,cktile,10,0,a8w8_blockscale_cktile_128x128x128_2x2x1_16x16x128_intrawave_0x1x0_2,1,34,1838.5953999999995,0.0,passed,
24576,6144,7168,cktile_9_split0,cktile,9,0,a8w8_blockscale_cktile_128x128x128_1x4x1_16x16x128_intrawave_0x1x0_1,1,35,1896.106591836734,0.0,passed,
24576,6144,7168,cktile_8_split0,cktile,8,0,a8w8_blockscale_cktile_128x128x128_1x4x1_16x16x128_intrawave_0x1x0_1,1,36,1895.5408571428582,0.0,passed,
24576,6144,7168,cktile_7_split0,cktile,7,0,a8w8_blockscale_cktile_32x128x128_1x4x1_16x16x64_intrawave_0x1x0_2,1,37,2386.6758085106408,0.0,passed,
24576,6144,7168,cktile_6_split0,cktile,6,0,a8w8_blockscale_cktile_32x128x128_1x4x1_16x16x64_intrawave_0x1x0_1,1,38,2432.4844166666667,0.0,passed,
24576,6144,7168,cktile_5_split0,cktile,5,0,a8w8_blockscale_cktile_32x128x128_1x4x1_16x16x128_intrawave_0x1x0_2,1,39,2379.7614599999993,0.0,passed,
24576,6144,7168,cktile_4_split0,cktile,4,0,a8w8_blockscale_cktile_32x128x128_1x4x1_16x16x128_intrawave_0x1x0_1,1,40,2379.5542400000013,0.0,passed,
24576,6144,7168,cktile_3_split0,cktile,3,0,a8w8_blockscale_cktile_16x128x256_1x4x1_16x16x64_intrawave_0x1x0_2,1,41,3303.7378775510206,0.0,passed,
24576,6144,7168,cktile_2_split0,cktile,2,0,a8w8_blockscale_cktile_16x128x256_1x4x1_16x16x64_intrawave_0x1x0_1,1,42,3379.0766600000006,0.0,passed,
24576,6144,7168,cktile_1_split0,cktile,1,0,a8w8_blockscale_cktile_16x128x256_1x4x1_16x16x128_intrawave_0x1x0_2,1,43,3379.420553191486,0.0,passed,
24576,6144,7168,cktile_0_split0,cktile,0,0,a8w8_blockscale_cktile_16x128x256_1x4x1_16x16x128_intrawave_0x1x0_1,1,44,3376.8689999999992,0.0,passed,
24576,6144,7168,ck_17_split0,ck,17,0,a8w8_blockscale_bpreshuffle_1x128x128_256x64x64x256_16x16_16x16_16x16x1_16x16x1_1x32x1x8_8_2x1_intrawave_v1,1,45,2088.707220000001,0.0,passed,
24576,6144,7168,ck_16_split0,ck,16,0,a8w8_blockscale_bpreshuffle_1x128x128_256x64x128x256_16x16_16x16_16x16x1_16x16x1_1x32x1x8_8_2x1_intrawave_v1,1,46,1599.9469166666665,0.0,passed,
24576,6144,7168,ck_15_split0,ck,15,0,a8w8_blockscale_bpreshuffle_1x128x128_256x64x64x128_16x16_16x16_8x32x1_8x32x1_1x32x1x8_8_2x1_intrawave_v1,1,47,1899.4730599999998,0.0,passed,
24576,6144,7168,ck_14_split0,ck,14,0,a8w8_blockscale_bpreshuffle_1x128x128_256x64x128x128_16x16_16x16_8x32x1_8x32x1_1x32x1x8_8_2x1_intrawave_v1,1,48,1461.1128333333336,0.0,passed,
24576,6144,7168,ck_13_split0,ck,13,0,a8w8_blockscale_bpreshuffle_1x128x128_256x64x256x128_16x16_16x16_8x32x1_8x32x1_1x32x1x8_8_2x1_intrawave_v1,1,49,1340.664,0.0,passed,
24576,6144,7168,ck_12_split0,ck,12,0,a8w8_blockscale_bpreshuffle_1x128x128_256x32x64x256_16x16_16x16_16x16x1_16x16x1_1x32x1x8_8_2x1_intrawave_v1,1,50,2455.815666666667,0.0,passed,
24576,6144,7168,ck_11_split0,ck,11,0,a8w8_blockscale_bpreshuffle_1x128x128_256x32x128x256_16x16_16x16_16x16x1_16x16x1_1x32x1x8_8_2x1_intrawave_v1,1,51,2006.5475652173911,0.0,passed,
24576,6144,7168,ck_10_split0,ck,10,0,a8w8_blockscale_bpreshuffle_1x128x128_256x32x64x128_16x16_16x16_8x32x1_8x32x1_1x32x1x8_8_2x1_intrawave_v1,1,52,2458.770382978724,0.0,passed,
24576,6144,7168,ck_9_split0,ck,9,0,a8w8_blockscale_bpreshuffle_1x128x128_256x32x128x128_16x16_16x16_8x32x1_8x32x1_1x32x1x8_8_2x1_intrawave_v1,1,53,2009.7748333333327,0.0,passed,
24576,6144,7168,ck_8_split0,ck,8,0,a8w8_blockscale_bpreshuffle_1x128x128_256x32x256x128_16x16_16x16_8x32x1_8x32x1_1x32x1x8_8_2x1_intrawave_v1,1,54,1826.6957906976734,0.0,passed,
24576,6144,7168,ck_7_split0,ck,7,0,a8w8_blockscale_bpreshuffle_1x128x128_256x16x64x256_16x16_16x16_16x16x1_16x16x1_1x16x1x16_4_1x1_intrawave_v1,1,55,3761.834276595744,0.0,passed,
24576,6144,7168,ck_8_split0,ck,8,0,a8w8_blockscale_bpreshuffle_1x128x128_256x32x256x128_16x16_16x16_8x32x1_8x32x1_1x32x1x8_8_2x1_intrawave_v1,2,0,1807.068487179487,0.0,passed,
24576,6144,7168,ck_9_split0,ck,9,0,a8w8_blockscale_bpreshuffle_1x128x128_256x32x128x128_16x16_16x16_8x32x1_8x32x1_1x32x1x8_8_2x1_intrawave_v1,2,1,2000.6101025641024,0.0,passed,
24576,6144,7168,ck_10_split0,ck,10,0,a8w8_blockscale_bpreshuffle_1x128x128_256x32x64x128_16x16_16x16_8x32x1_8x32x1_1x32x1x8_8_2x1_intrawave_v1,2,2,2453.2916739130437,0.0,passed,
24576,6144,7168,ck_11_split0,ck,11,0,a8w8_blockscale_bpreshuffle_1x128x128_256x32x128x256_16x16_16x16_16x16x1_16x16x1_1x32x1x8_8_2x1_intrawave_v1,2,3,2003.9133404255315,0.0,passed,
24576,6144,7168,ck_12_split0,ck,12,0,a8w8_blockscale_bpreshuffle_1x128x128_256x32x64x256_16x16_16x16_16x16x1_16x16x1_1x32x1x8_8_2x1_intrawave_v1,2,4,2452.9413617021282,0.0,passed,
24576,6144,7168,ck_13_split0,ck,13,0,a8w8_blockscale_bpreshuffle_1x128x128_256x64x256x128_16x16_16x16_8x32x1_8x32x1_1x32x1x8_8_2x1_intrawave_v1,2,5,1345.0353191489367,0.0,passed,
24576,6144,7168,ck_14_split0,ck,14,0,a8w8_blockscale_bpreshuffle_1x128x128_256x64x128x128_16x16_16x16_8x32x1_8x32x1_1x32x1x8_8_2x1_intrawave_v1,2,6,1468.3030851063832,0.0,passed,
24576,6144,7168,ck_15_split0,ck,15,0,a8w8_blockscale_bpreshuffle_1x128x128_256x64x64x128_16x16_16x16_8x32x1_8x32x1_1x32x1x8_8_2x1_intrawave_v1,2,7,1902.44348,0.0,passed,
24576,6144,7168,ck_16_split0,ck,16,0,a8w8_blockscale_bpreshuffle_1x128x128_256x64x128x256_16x16_16x16_16x16x1_16x16x1_1x32x1x8_8_2x1_intrawave_v1,2,8,1596.659375,0.0,passed,
24576,6144,7168,ck_17_split0,ck,17,0,a8w8_blockscale_bpreshuffle_1x128x128_256x64x64x256_16x16_16x16_16x16x1_16x16x1_1x32x1x8_8_2x1_intrawave_v1,2,9,2083.5529183673466,0.0,passed,
24576,6144,7168,cktile_0_split0,cktile,0,0,a8w8_blockscale_cktile_16x128x256_1x4x1_16x16x128_intrawave_0x1x0_1,2,10,3376.1285531914896,0.0,passed,
24576,6144,7168,cktile_1_split0,cktile,1,0,a8w8_blockscale_cktile_16x128x256_1x4x1_16x16x128_intrawave_0x1x0_2,2,11,3367.05270212766,0.0,passed,
24576,6144,7168,cktile_2_split0,cktile,2,0,a8w8_blockscale_cktile_16x128x256_1x4x1_16x16x64_intrawave_0x1x0_1,2,12,3377.7494000000006,0.0,passed,
24576,6144,7168,cktile_3_split0,cktile,3,0,a8w8_blockscale_cktile_16x128x256_1x4x1_16x16x64_intrawave_0x1x0_2,2,13,3308.874999999998,0.0,passed,
24576,6144,7168,cktile_4_split0,cktile,4,0,a8w8_blockscale_cktile_32x128x128_1x4x1_16x16x128_intrawave_0x1x0_1,2,14,2378.245851063829,0.0,passed,
24576,6144,7168,cktile_5_split0,cktile,5,0,a8w8_blockscale_cktile_32x128x128_1x4x1_16x16x128_intrawave_0x1x0_2,2,15,2375.311897959184,0.0,passed,
24576,6144,7168,cktile_6_split0,cktile,6,0,a8w8_blockscale_cktile_32x128x128_1x4x1_16x16x64_intrawave_0x1x0_1,2,16,2431.033520833332,0.0,passed,
24576,6144,7168,cktile_7_split0,cktile,7,0,a8w8_blockscale_cktile_32x128x128_1x4x1_16x16x64_intrawave_0x1x0_2,2,17,2387.1923617021275,0.0,passed,
24576,6144,7168,cktile_8_split0,cktile,8,0,a8w8_blockscale_cktile_128x128x128_1x4x1_16x16x128_intrawave_0x1x0_1,2,18,1894.3661224489806,0.0,passed,
24576,6144,7168,cktile_9_split0,cktile,9,0,a8w8_blockscale_cktile_128x128x128_1x4x1_16x16x128_intrawave_0x1x0_1,2,19,1895.5942083333327,0.0,passed,
24576,6144,7168,cktile_10_split0,cktile,10,0,a8w8_blockscale_cktile_128x128x128_2x2x1_16x16x128_intrawave_0x1x0_2,2,20,1835.2841400000002,0.0,passed,
24576,6144,7168,cktile_11_split0,cktile,11,0,a8w8_blockscale_cktile_192x256x128_4x2x1_16x16x128_intrawave_0x1x0_1,2,21,1027.4144999999994,0.0,passed,
24576,6144,7168,cktile_12_split0,cktile,12,0,a8w8_blockscale_cktile_192x256x128_4x2x1_16x16x128_intrawave_0x1x0_1_aqrm,2,22,1255.3147608695651,0.0,passed,
24576,6144,7168,cktile_13_split0,cktile,13,0,a8w8_blockscale_cktile_16x128x256_1x4x1_16x16x128_intrawave_0x1x0_3,2,23,3393.4917916666677,0.0,passed,
24576,6144,7168,cktile_14_split0,cktile,14,0,a8w8_blockscale_cktile_16x128x256_1x4x1_16x16x128_intrawave_0x1x0_4,2,24,6424.777085106378,0.0,passed,
24576,6144,7168,cktile_15_split0,cktile,15,0,a8w8_blockscale_cktile_16x128x256_1x4x1_16x16x64_intrawave_0x1x0_3,2,25,3307.182804347825,0.0,passed,
24576,6144,7168,cktile_16_split0,cktile,16,0,a8w8_blockscale_cktile_16x128x256_1x4x1_16x16x64_intrawave_0x1x0_4,2,26,3511.644085106385,0.0,passed,
24576,6144,7168,cktile_17_split0,cktile,17,0,a8w8_blockscale_cktile_32x128x128_1x4x1_16x16x128_intrawave_0x1x0_3,2,27,2375.6037799999976,0.0,passed,
24576,6144,7168,cktile_18_split0,cktile,18,0,a8w8_blockscale_cktile_32x128x128_1x4x1_16x16x128_intrawave_0x1x0_4,2,28,2365.999163265307,0.0,passed,
24576,6144,7168,cktile_19_split0,cktile,19,0,a8w8_blockscale_cktile_32x128x128_1x4x1_16x16x64_intrawave_0x1x0_3,2,29,2389.251957446807,0.0,passed,
24576,6144,7168,cktile_20_split0,cktile,20,0,a8w8_blockscale_cktile_32x128x128_1x4x1_16x16x64_intrawave_0x1x0_4,2,30,2392.0389166666664,0.0,passed,
24576,6144,7168,cktile_21_split0,cktile,21,0,a8w8_blockscale_cktile_128x128x128_1x4x1_16x16x128_intrawave_0x1x0_2,2,31,1894.00156,0.0,passed,
24576,6144,7168,cktile_22_split0,cktile,22,0,a8w8_blockscale_cktile_128x128x128_1x4x1_16x16x128_intrawave_0x1x0_3,2,32,6367.534187500002,0.0,passed,
24576,6144,7168,cktile_23_split0,cktile,23,0,a8w8_blockscale_cktile_128x128x128_1x4x1_16x16x128_intrawave_0x1x0_4,2,33,9622.464739130433,0.0,passed,
24576,6144,7168,cktile_24_split0,cktile,24,0,a8w8_blockscale_cktile_128x128x128_2x2x1_16x16x128_intrawave_0x1x0_1,2,34,1827.5661836734698,0.0,passed,
24576,6144,7168,cktile_25_split0,cktile,25,0,a8w8_blockscale_cktile_128x128x128_2x2x1_16x16x128_intrawave_0x1x0_3,2,35,6665.9833750000025,0.0,passed,
24576,6144,7168,cktile_26_split0,cktile,26,0,a8w8_blockscale_cktile_128x128x128_2x2x1_16x16x128_intrawave_0x1x0_4,2,36,14342.883543478261,0.0,passed,
24576,6144,7168,cktile_27_split0,cktile,27,0,a8w8_blockscale_cktile_192x256x128_4x2x1_16x16x128_intrawave_0x1x0_2,2,37,1028.6680999999996,0.0,passed,
24576,6144,7168,cktile_28_split0,cktile,28,0,a8w8_blockscale_cktile_192x256x128_4x2x1_16x16x128_intrawave_0x1x0_3,2,38,1034.0123863636359,0.0,passed,
24576,6144,7168,cktile_29_split0,cktile,29,0,a8w8_blockscale_cktile_192x256x128_4x2x1_16x16x128_intrawave_0x1x0_4,2,39,1028.48492,0.0,passed,
24576,6144,7168,cktile_30_split0,cktile,30,0,a8w8_blockscale_cktile_192x256x128_4x2x1_16x16x128_intrawave_0x1x0_2_aqrm,2,40,1254.1286956521737,0.0,passed,
24576,6144,7168,cktile_31_split0,cktile,31,0,a8w8_blockscale_cktile_192x256x128_4x2x1_16x16x128_intrawave_0x1x0_3_aqrm,2,41,1254.9880208333332,0.0,passed,
24576,6144,7168,cktile_32_split0,cktile,32,0,a8w8_blockscale_cktile_192x256x128_4x2x1_16x16x128_intrawave_0x1x0_4_aqrm,2,42,1254.5043260869572,0.0,passed,
24576,6144,7168,opus_9000,opus,9000,0,opus_gemm_gfx950_a8w8_mxscale_gemm_bpreshuffle_256x256x256x128_2x2_16x16x128_1x128x128_tiles1_nooob,2,43,865.86946,0.0,passed,
24576,6144,7168,opus_9010,opus,9010,0,opus_gemm_gfx950_a8w8_mxscale_gemm_bpreshuffle_256x128x128x128_2x2_16x16x128_1x128x128_tiles1_nooob,2,44,1363.4926122448976,0.0,passed,
24576,6144,7168,opus_9011,opus,9011,0,opus_gemm_gfx950_a8w8_mxscale_gemm_bpreshuffle_256x64x128x128_2x2_16x16x128_1x128x128_tiles1_nooob,2,45,1405.643520000001,0.0,passed,
24576,6144,7168,opus_9012,opus,9012,0,opus_gemm_gfx950_a8w8_mxscale_gemm_bpreshuffle_256x64x64x128_2x2_16x16x128_1x128x128_tiles1_nooob,2,46,1881.0864399999998,0.0,passed,
24576,6144,7168,opus_9020,opus,9020,0,opus_gemm_gfx950_a8w8_mxscale_gemm_bpreshuffle_256x256x256x128_2x2_16x16x128_1x128x128_tiles1,2,47,884.30088,0.0,passed,
24576,6144,7168,ck_0_split0,ck,0,0,a8w8_blockscale_bpreshuffle_1x128x128_256x128x128x128_16x16_16x16_8x32x1_8x32x1_1x32x1x8_8_2x1_intrawave_v3,2,48,1362.4782400000008,0.0,passed,
24576,6144,7168,ck_1_split0,ck,1,0,a8w8_blockscale_bpreshuffle_1x128x128_256x64x128x128_16x16_16x16_8x32x1_8x32x1_1x32x1x8_8_2x1_intrawave_v3,2,49,1479.3167551020404,0.0,passed,
24576,6144,7168,ck_2_split0,ck,2,0,a8w8_blockscale_bpreshuffle_1x128x128_256x64x64x128_16x16_16x16_8x32x1_8x32x1_1x32x1x8_8_2x1_intrawave_v3,2,50,1944.8287400000015,0.0,passed,
24576,6144,7168,ck_3_split0,ck,3,0,a8w8_blockscale_bpreshuffle_1x128x128_256x16x256x128_8x16_16x16_16x16x1_8x32x1_1x16x1x16_8_1x2_intrawave_v1,2,51,3468.3769130434794,0.0,passed,
24576,6144,7168,ck_4_split0,ck,4,0,a8w8_blockscale_bpreshuffle_1x128x128_256x16x128x128_8x16_16x16_16x16x1_8x32x1_1x16x1x16_8_1x2_intrawave_v1,2,52,3493.628702127659,0.0,passed,
24576,6144,7168,ck_5_split0,ck,5,0,a8w8_blockscale_bpreshuffle_1x128x128_256x16x64x128_8x16_16x16_16x16x1_8x32x1_1x16x1x16_4_1x1_intrawave_v1,2,53,3908.86473469388,0.0,passed,
24576,6144,7168,ck_6_split0,ck,6,0,a8w8_blockscale_bpreshuffle_1x128x128_256x16x128x256_16x16_16x16_16x16x1_16x16x1_1x16x1x16_8_1x2_intrawave_v1,2,54,3314.7960243902444,0.0,passed,
24576,6144,7168,ck_7_split0,ck,7,0,a8w8_blockscale_bpreshuffle_1x128x128_256x16x64x256_16x16_16x16_16x16x1_16x16x1_1x16x1x16_4_1x1_intrawave_v1,2,55,3765.772791666665,0.0,passed,
1344,7168,384,ck_9_split0,ck,9,0,a8w8_blockscale_bpreshuffle_1x128x128_256x32x128x128_16x16_16x16_8x32x1_8x32x1_1x32x1x8_8_2x1_intrawave_v1,0,0,14.999127659574464,0.0,passed,
1344,7168,384,ck_10_split0,ck,10,0,a8w8_blockscale_bpreshuffle_1x128x128_256x32x64x128_16x16_16x16_8x32x1_8x32x1_1x32x1x8_8_2x1_intrawave_v1,0,1,15.35997916666666,0.0,passed,
1344,7168,384,ck_13_split0,ck,13,0,a8w8_blockscale_bpreshuffle_1x128x128_256x64x256x128_16x16_16x16_8x32x1_8x32x1_1x32x1x8_8_2x1_intrawave_v1,0,2,18.00091304347825,0.0,passed,
1344,7168,384,ck_14_split0,ck,14,0,a8w8_blockscale_bpreshuffle_1x128x128_256x64x128x128_16x16_16x16_8x32x1_8x32x1_1x32x1x8_8_2x1_intrawave_v1,0,3,14.882553191489356,0.0,passed,
1344,7168,384,ck_15_split0,ck,15,0,a8w8_blockscale_bpreshuffle_1x128x128_256x64x64x128_16x16_16x16_8x32x1_8x32x1_1x32x1x8_8_2x1_intrawave_v1,0,4,16.277520833333334,0.0,passed,
1344,7168,384,cktile_4_split0,cktile,4,0,a8w8_blockscale_cktile_32x128x128_1x4x1_16x16x128_intrawave_0x1x0_1,0,5,21.38546808510638,0.0,passed,
1344,7168,384,cktile_5_split0,cktile,5,0,a8w8_blockscale_cktile_32x128x128_1x4x1_16x16x128_intrawave_0x1x0_2,0,6,19.920022727272727,0.0,passed,
1344,7168,384,cktile_6_split0,cktile,6,0,a8w8_blockscale_cktile_32x128x128_1x4x1_16x16x64_intrawave_0x1x0_1,0,7,20.984617021276595,0.0,passed,
1344,7168,384,cktile_7_split0,cktile,7,0,a8w8_blockscale_cktile_32x128x128_1x4x1_16x16x64_intrawave_0x1x0_2,0,8,21.3773409090909,0.0,passed,
1344,7168,384,cktile_8_split0,cktile,8,0,a8w8_blockscale_cktile_128x128x128_1x4x1_16x16x128_intrawave_0x1x0_1,0,9,22.873727272727255,0.0,passed,
1344,7168,384,cktile_9_split0,cktile,9,0,a8w8_blockscale_cktile_128x128x128_1x4x1_16x16x128_intrawave_0x1x0_1,0,10,22.801739130434786,0.0,passed,
1344,7168,384,cktile_10_split0,cktile,10,0,a8w8_blockscale_cktile_128x128x128_2x2x1_16x16x128_intrawave_0x1x0_2,0,11,22.76397619047619,0.0,passed,
1344,7168,384,cktile_11_split0,cktile,11,0,a8w8_blockscale_cktile_192x256x128_4x2x1_16x16x128_intrawave_0x1x0_1,0,12,11.961591836734701,0.0,passed,
1344,7168,384,cktile_12_split0,cktile,12,0,a8w8_blockscale_cktile_192x256x128_4x2x1_16x16x128_intrawave_0x1x0_1_aqrm,0,13,11.947234042553184,0.0,passed,
1344,7168,384,cktile_17_split0,cktile,17,0,a8w8_blockscale_cktile_32x128x128_1x4x1_16x16x128_intrawave_0x1x0_3,0,14,19.88442222222221,0.0,passed,
1344,7168,384,cktile_18_split0,cktile,18,0,a8w8_blockscale_cktile_32x128x128_1x4x1_16x16x128_intrawave_0x1x0_4,0,15,19.91644444444445,0.0,passed,
1344,7168,384,cktile_19_split0,cktile,19,0,a8w8_blockscale_cktile_32x128x128_1x4x1_16x16x64_intrawave_0x1x0_3,0,16,21.32865217391303,0.0,passed,
1344,7168,384,cktile_20_split0,cktile,20,0,a8w8_blockscale_cktile_32x128x128_1x4x1_16x16x64_intrawave_0x1x0_4,0,17,21.197382978723404,0.0,passed,
1344,7168,384,cktile_21_split0,cktile,21,0,a8w8_blockscale_cktile_128x128x128_1x4x1_16x16x128_intrawave_0x1x0_2,0,18,22.653727272727263,0.0,passed,
1344,7168,384,cktile_22_split0,cktile,22,0,a8w8_blockscale_cktile_128x128x128_1x4x1_16x16x128_intrawave_0x1x0_3,0,19,40.682624999999994,0.0,passed,
1344,7168,384,cktile_23_split0,cktile,23,0,a8w8_blockscale_cktile_128x128x128_1x4x1_16x16x128_intrawave_0x1x0_4,0,20,68.2705918367347,0.0,passed,
1344,7168,384,cktile_24_split0,cktile,24,0,a8w8_blockscale_cktile_128x128x128_2x2x1_16x16x128_intrawave_0x1x0_1,0,21,22.737804878048788,0.0,passed,
1344,7168,384,cktile_25_split0,cktile,25,0,a8w8_blockscale_cktile_128x128x128_2x2x1_16x16x128_intrawave_0x1x0_3,0,22,41.6211590909091,0.0,passed,
1344,7168,384,cktile_26_split0,cktile,26,0,a8w8_blockscale_cktile_128x128x128_2x2x1_16x16x128_intrawave_0x1x0_4,0,23,76.77273469387754,0.0,passed,
1344,7168,384,cktile_27_split0,cktile,27,0,a8w8_blockscale_cktile_192x256x128_4x2x1_16x16x128_intrawave_0x1x0_2,0,24,11.892765957446816,0.0,passed,
1344,7168,384,cktile_28_split0,cktile,28,0,a8w8_blockscale_cktile_192x256x128_4x2x1_16x16x128_intrawave_0x1x0_3,0,25,11.901255319148937,0.0,passed,
1344,7168,384,cktile_29_split0,cktile,29,0,a8w8_blockscale_cktile_192x256x128_4x2x1_16x16x128_intrawave_0x1x0_4,0,26,11.845217391304352,0.0,passed,
1344,7168,384,cktile_30_split0,cktile,30,0,a8w8_blockscale_cktile_192x256x128_4x2x1_16x16x128_intrawave_0x1x0_2_aqrm,0,27,11.968717391304349,0.0,passed,
1344,7168,384,cktile_31_split0,cktile,31,0,a8w8_blockscale_cktile_192x256x128_4x2x1_16x16x128_intrawave_0x1x0_3_aqrm,0,28,12.104680851063826,0.0,passed,
1344,7168,384,cktile_32_split0,cktile,32,0,a8w8_blockscale_cktile_192x256x128_4x2x1_16x16x128_intrawave_0x1x0_4_aqrm,0,29,11.92510638297873,0.0,passed,
1344,7168,384,opus_9011,opus,9011,0,opus_gemm_gfx950_a8w8_mxscale_gemm_bpreshuffle_256x64x128x128_2x2_16x16x128_1x128x128_tiles1_nooob,0,30,17.896044444444456,0.0,passed,
1344,7168,384,opus_9012,opus,9012,0,opus_gemm_gfx950_a8w8_mxscale_gemm_bpreshuffle_256x64x64x128_2x2_16x16x128_1x128x128_tiles1_nooob,0,31,20.681619999999988,0.0,passed,
1344,7168,384,opus_9020,opus,9020,0,opus_gemm_gfx950_a8w8_mxscale_gemm_bpreshuffle_256x256x256x128_2x2_16x16x128_1x128x128_tiles1,0,32,13.448740000000003,0.0,passed,
1344,7168,384,ck_0_split0,ck,0,0,a8w8_blockscale_bpreshuffle_1x128x128_256x128x128x128_16x16_16x16_8x32x1_8x32x1_1x32x1x8_8_2x1_intrawave_v3,0,33,17.9991914893617,0.0,passed,
1344,7168,384,ck_1_split0,ck,1,0,a8w8_blockscale_bpreshuffle_1x128x128_256x64x128x128_16x16_16x16_8x32x1_8x32x1_1x32x1x8_8_2x1_intrawave_v3,0,34,15.040833333333337,0.0,passed,
1344,7168,384,ck_2_split0,ck,2,0,a8w8_blockscale_bpreshuffle_1x128x128_256x64x64x128_16x16_16x16_8x32x1_8x32x1_1x32x1x8_8_2x1_intrawave_v3,0,35,16.51310869565217,0.0,passed,
1344,7168,384,ck_3_split0,ck,3,0,a8w8_blockscale_bpreshuffle_1x128x128_256x16x256x128_8x16_16x16_16x16x1_8x32x1_1x16x1x16_8_1x2_intrawave_v1,0,36,17.433086956521738,0.0,passed,
1344,7168,384,ck_4_split0,ck,4,0,a8w8_blockscale_bpreshuffle_1x128x128_256x16x128x128_8x16_16x16_16x16x1_8x32x1_1x16x1x16_8_1x2_intrawave_v1,0,37,17.640063829787234,0.0,passed,
1344,7168,384,ck_5_split0,ck,5,0,a8w8_blockscale_bpreshuffle_1x128x128_256x16x64x128_8x16_16x16_16x16x1_8x32x1_1x16x1x16_4_1x1_intrawave_v1,0,38,20.397531914893612,0.0,passed,
1344,7168,384,ck_8_split0,ck,8,0,a8w8_blockscale_bpreshuffle_1x128x128_256x32x256x128_16x16_16x16_8x32x1_8x32x1_1x32x1x8_8_2x1_intrawave_v1,0,39,15.19083333333333,0.0,passed,
1344,7168,384,ck_9_split0,ck,9,0,a8w8_blockscale_bpreshuffle_1x128x128_256x32x128x128_16x16_16x16_8x32x1_8x32x1_1x32x1x8_8_2x1_intrawave_v1,1,0,15.025239130434782,0.0,passed,
1344,7168,384,ck_8_split0,ck,8,0,a8w8_blockscale_bpreshuffle_1x128x128_256x32x256x128_16x16_16x16_8x32x1_8x32x1_1x32x1x8_8_2x1_intrawave_v1,1,1,15.20083333333334,0.0,passed,
1344,7168,384,ck_5_split0,ck,5,0,a8w8_blockscale_bpreshuffle_1x128x128_256x16x64x128_8x16_16x16_16x16x1_8x32x1_1x16x1x16_4_1x1_intrawave_v1,1,2,20.557583333333337,0.0,passed,
1344,7168,384,ck_4_split0,ck,4,0,a8w8_blockscale_bpreshuffle_1x128x128_256x16x128x128_8x16_16x16_16x16x1_8x32x1_1x16x1x16_8_1x2_intrawave_v1,1,3,17.680836734693877,0.0,passed,
1344,7168,384,ck_3_split0,ck,3,0,a8w8_blockscale_bpreshuffle_1x128x128_256x16x256x128_8x16_16x16_16x16x1_8x32x1_1x16x1x16_8_1x2_intrawave_v1,1,4,17.45027659574467,0.0,passed,
1344,7168,384,ck_2_split0,ck,2,0,a8w8_blockscale_bpreshuffle_1x128x128_256x64x64x128_16x16_16x16_8x32x1_8x32x1_1x32x1x8_8_2x1_intrawave_v3,1,5,16.5165652173913,0.0,passed,
1344,7168,384,ck_1_split0,ck,1,0,a8w8_blockscale_bpreshuffle_1x128x128_256x64x128x128_16x16_16x16_8x32x1_8x32x1_1x32x1x8_8_2x1_intrawave_v3,1,6,15.073212765957445,0.0,passed,
1344,7168,384,ck_0_split0,ck,0,0,a8w8_blockscale_bpreshuffle_1x128x128_256x128x128x128_16x16_16x16_8x32x1_8x32x1_1x32x1x8_8_2x1_intrawave_v3,1,7,18.021687499999995,0.0,passed,
1344,7168,384,opus_9020,opus,9020,0,opus_gemm_gfx950_a8w8_mxscale_gemm_bpreshuffle_256x256x256x128_2x2_16x16x128_1x128x128_tiles1,1,8,13.469540000000004,0.0,passed,
1344,7168,384,opus_9012,opus,9012,0,opus_gemm_gfx950_a8w8_mxscale_gemm_bpreshuffle_256x64x64x128_2x2_16x16x128_1x128x128_tiles1_nooob,1,9,20.71339583333333,0.0,passed,
1344,7168,384,opus_9011,opus,9011,0,opus_gemm_gfx950_a8w8_mxscale_gemm_bpreshuffle_256x64x128x128_2x2_16x16x128_1x128x128_tiles1_nooob,1,10,17.925304347826078,0.0,passed,
1344,7168,384,cktile_32_split0,cktile,32,0,a8w8_blockscale_cktile_192x256x128_4x2x1_16x16x128_intrawave_0x1x0_4_aqrm,1,11,11.960755102040816,0.0,passed,
1344,7168,384,cktile_31_split0,cktile,31,0,a8w8_blockscale_cktile_192x256x128_4x2x1_16x16x128_intrawave_0x1x0_3_aqrm,1,12,12.032319148936168,0.0,passed,
1344,7168,384,cktile_30_split0,cktile,30,0,a8w8_blockscale_cktile_192x256x128_4x2x1_16x16x128_intrawave_0x1x0_2_aqrm,1,13,11.964191489361706,0.0,passed,
1344,7168,384,cktile_29_split0,cktile,29,0,a8w8_blockscale_cktile_192x256x128_4x2x1_16x16x128_intrawave_0x1x0_4,1,14,11.845936170212768,0.0,passed,
1344,7168,384,cktile_28_split0,cktile,28,0,a8w8_blockscale_cktile_192x256x128_4x2x1_16x16x128_intrawave_0x1x0_3,1,15,11.895500000000006,0.0,passed,
1344,7168,384,cktile_27_split0,cktile,27,0,a8w8_blockscale_cktile_192x256x128_4x2x1_16x16x128_intrawave_0x1x0_2,1,16,11.874042553191492,0.0,passed,
1344,7168,384,cktile_26_split0,cktile,26,0,a8w8_blockscale_cktile_128x128x128_2x2x1_16x16x128_intrawave_0x1x0_4,1,17,77.37436734693878,0.0,passed,
1344,7168,384,cktile_25_split0,cktile,25,0,a8w8_blockscale_cktile_128x128x128_2x2x1_16x16x128_intrawave_0x1x0_3,1,18,41.67262499999998,0.0,passed,
1344,7168,384,cktile_24_split0,cktile,24,0,a8w8_blockscale_cktile_128x128x128_2x2x1_16x16x128_intrawave_0x1x0_1,1,19,22.905545454545464,0.0,passed,
1344,7168,384,cktile_23_split0,cktile,23,0,a8w8_blockscale_cktile_128x128x128_1x4x1_16x16x128_intrawave_0x1x0_4,1,20,68.56302127659578,0.0,passed,
1344,7168,384,cktile_22_split0,cktile,22,0,a8w8_blockscale_cktile_128x128x128_1x4x1_16x16x128_intrawave_0x1x0_3,1,21,40.72440425531914,0.0,passed,
1344,7168,384,cktile_21_split0,cktile,21,0,a8w8_blockscale_cktile_128x128x128_1x4x1_16x16x128_intrawave_0x1x0_2,1,22,22.771872340425524,0.0,passed,
1344,7168,384,cktile_20_split0,cktile,20,0,a8w8_blockscale_cktile_32x128x128_1x4x1_16x16x64_intrawave_0x1x0_4,1,23,21.516488888888894,0.0,passed,
1344,7168,384,cktile_19_split0,cktile,19,0,a8w8_blockscale_cktile_32x128x128_1x4x1_16x16x64_intrawave_0x1x0_3,1,24,21.57643181818181,0.0,passed,
1344,7168,384,cktile_18_split0,cktile,18,0,a8w8_blockscale_cktile_32x128x128_1x4x1_16x16x128_intrawave_0x1x0_4,1,25,20.01823913043479,0.0,passed,
1344,7168,384,cktile_17_split0,cktile,17,0,a8w8_blockscale_cktile_32x128x128_1x4x1_16x16x128_intrawave_0x1x0_3,1,26,20.11111111111112,0.0,passed,
1344,7168,384,cktile_12_split0,cktile,12,0,a8w8_blockscale_cktile_192x256x128_4x2x1_16x16x128_intrawave_0x1x0_1_aqrm,1,27,11.873170212765954,0.0,passed,
1344,7168,384,cktile_11_split0,cktile,11,0,a8w8_blockscale_cktile_192x256x128_4x2x1_16x16x128_intrawave_0x1x0_1,1,28,12.005085106382984,0.0,passed,
1344,7168,384,cktile_10_split0,cktile,10,0,a8w8_blockscale_cktile_128x128x128_2x2x1_16x16x128_intrawave_0x1x0_2,1,29,22.817333333333334,0.0,passed,
1344,7168,384,cktile_9_split0,cktile,9,0,a8w8_blockscale_cktile_128x128x128_1x4x1_16x16x128_intrawave_0x1x0_1,1,30,23.08158333333333,0.0,passed,
1344,7168,384,cktile_8_split0,cktile,8,0,a8w8_blockscale_cktile_128x128x128_1x4x1_16x16x128_intrawave_0x1x0_1,1,31,23.106162790697685,0.0,passed,
1344,7168,384,cktile_7_split0,cktile,7,0,a8w8_blockscale_cktile_32x128x128_1x4x1_16x16x64_intrawave_0x1x0_2,1,32,21.504000000000005,0.0,passed,
1344,7168,384,cktile_6_split0,cktile,6,0,a8w8_blockscale_cktile_32x128x128_1x4x1_16x16x64_intrawave_0x1x0_1,1,33,21.105173913043473,0.0,passed,
1344,7168,384,cktile_5_split0,cktile,5,0,a8w8_blockscale_cktile_32x128x128_1x4x1_16x16x128_intrawave_0x1x0_2,1,34,20.02846666666666,0.0,passed,
1344,7168,384,cktile_4_split0,cktile,4,0,a8w8_blockscale_cktile_32x128x128_1x4x1_16x16x128_intrawave_0x1x0_1,1,35,21.63039130434782,0.0,passed,
1344,7168,384,ck_15_split0,ck,15,0,a8w8_blockscale_bpreshuffle_1x128x128_256x64x64x128_16x16_16x16_8x32x1_8x32x1_1x32x1x8_8_2x1_intrawave_v1,1,36,16.25536170212765,0.0,passed,
1344,7168,384,ck_14_split0,ck,14,0,a8w8_blockscale_bpreshuffle_1x128x128_256x64x128x128_16x16_16x16_8x32x1_8x32x1_1x32x1x8_8_2x1_intrawave_v1,1,37,14.873448979591847,0.0,passed,
1344,7168,384,ck_13_split0,ck,13,0,a8w8_blockscale_bpreshuffle_1x128x128_256x64x256x128_16x16_16x16_8x32x1_8x32x1_1x32x1x8_8_2x1_intrawave_v1,1,38,18.065020833333335,0.0,passed,
1344,7168,384,ck_10_split0,ck,10,0,a8w8_blockscale_bpreshuffle_1x128x128_256x32x64x128_16x16_16x16_8x32x1_8x32x1_1x32x1x8_8_2x1_intrawave_v1,1,39,15.300021739130441,0.0,passed,
1344,7168,384,ck_13_split0,ck,13,0,a8w8_blockscale_bpreshuffle_1x128x128_256x64x256x128_16x16_16x16_8x32x1_8x32x1_1x32x1x8_8_2x1_intrawave_v1,2,0,18.040936170212774,0.0,passed,
1344,7168,384,ck_14_split0,ck,14,0,a8w8_blockscale_bpreshuffle_1x128x128_256x64x128x128_16x16_16x16_8x32x1_8x32x1_1x32x1x8_8_2x1_intrawave_v1,2,1,14.823155555555559,0.0,passed,
1344,7168,384,ck_15_split0,ck,15,0,a8w8_blockscale_bpreshuffle_1x128x128_256x64x64x128_16x16_16x16_8x32x1_8x32x1_1x32x1x8_8_2x1_intrawave_v1,2,2,16.29061224489796,0.0,passed,
1344,7168,384,cktile_4_split0,cktile,4,0,a8w8_blockscale_cktile_32x128x128_1x4x1_16x16x128_intrawave_0x1x0_1,2,3,21.36915909090909,0.0,passed,
1344,7168,384,cktile_5_split0,cktile,5,0,a8w8_blockscale_cktile_32x128x128_1x4x1_16x16x128_intrawave_0x1x0_2,2,4,19.80778260869564,0.0,passed,
1344,7168,384,cktile_6_split0,cktile,6,0,a8w8_blockscale_cktile_32x128x128_1x4x1_16x16x64_intrawave_0x1x0_1,2,5,20.977790697674415,0.0,passed,
1344,7168,384,cktile_7_split0,cktile,7,0,a8w8_blockscale_cktile_32x128x128_1x4x1_16x16x64_intrawave_0x1x0_2,2,6,21.26171739130436,0.0,passed,
1344,7168,384,cktile_8_split0,cktile,8,0,a8w8_blockscale_cktile_128x128x128_1x4x1_16x16x128_intrawave_0x1x0_1,2,7,22.809822222222238,0.0,passed,
1344,7168,384,cktile_9_split0,cktile,9,0,a8w8_blockscale_cktile_128x128x128_1x4x1_16x16x128_intrawave_0x1x0_1,2,8,22.906688888888883,0.0,passed,
1344,7168,384,cktile_10_split0,cktile,10,0,a8w8_blockscale_cktile_128x128x128_2x2x1_16x16x128_intrawave_0x1x0_2,2,9,22.87241463414633,0.0,passed,
1344,7168,384,cktile_11_split0,cktile,11,0,a8w8_blockscale_cktile_192x256x128_4x2x1_16x16x128_intrawave_0x1x0_1,2,10,11.993704545454541,0.0,passed,
1344,7168,384,cktile_12_split0,cktile,12,0,a8w8_blockscale_cktile_192x256x128_4x2x1_16x16x128_intrawave_0x1x0_1_aqrm,2,11,11.86135555555555,0.0,passed,
1344,7168,384,cktile_17_split0,cktile,17,0,a8w8_blockscale_cktile_32x128x128_1x4x1_16x16x128_intrawave_0x1x0_3,2,12,19.938707317073174,0.0,passed,
1344,7168,384,cktile_18_split0,cktile,18,0,a8w8_blockscale_cktile_32x128x128_1x4x1_16x16x128_intrawave_0x1x0_4,2,13,19.977395833333333,0.0,passed,
1344,7168,384,cktile_19_split0,cktile,19,0,a8w8_blockscale_cktile_32x128x128_1x4x1_16x16x64_intrawave_0x1x0_3,2,14,21.216500000000018,0.0,passed,
1344,7168,384,cktile_20_split0,cktile,20,0,a8w8_blockscale_cktile_32x128x128_1x4x1_16x16x64_intrawave_0x1x0_4,2,15,21.29525531914893,0.0,passed,
1344,7168,384,cktile_21_split0,cktile,21,0,a8w8_blockscale_cktile_128x128x128_1x4x1_16x16x128_intrawave_0x1x0_2,2,16,22.73866666666668,0.0,passed,
1344,7168,384,cktile_22_split0,cktile,22,0,a8w8_blockscale_cktile_128x128x128_1x4x1_16x16x128_intrawave_0x1x0_3,2,17,40.693787234042574,0.0,passed,
1344,7168,384,cktile_23_split0,cktile,23,0,a8w8_blockscale_cktile_128x128x128_1x4x1_16x16x128_intrawave_0x1x0_4,2,18,68.24389361702129,0.0,passed,
1344,7168,384,cktile_24_split0,cktile,24,0,a8w8_blockscale_cktile_128x128x128_2x2x1_16x16x128_intrawave_0x1x0_1,2,19,22.57728571428571,0.0,passed,
1344,7168,384,cktile_25_split0,cktile,25,0,a8w8_blockscale_cktile_128x128x128_2x2x1_16x16x128_intrawave_0x1x0_3,2,20,41.50978260869565,0.0,passed,
1344,7168,384,cktile_26_split0,cktile,26,0,a8w8_blockscale_cktile_128x128x128_2x2x1_16x16x128_intrawave_0x1x0_4,2,21,77.1164081632653,0.0,passed,
1344,7168,384,cktile_27_split0,cktile,27,0,a8w8_blockscale_cktile_192x256x128_4x2x1_16x16x128_intrawave_0x1x0_2,2,22,11.85478260869565,0.0,passed,
1344,7168,384,cktile_28_split0,cktile,28,0,a8w8_blockscale_cktile_192x256x128_4x2x1_16x16x128_intrawave_0x1x0_3,2,23,11.784326086956524,0.0,passed,
1344,7168,384,cktile_29_split0,cktile,29,0,a8w8_blockscale_cktile_192x256x128_4x2x1_16x16x128_intrawave_0x1x0_4,2,24,11.826382978723405,0.0,passed,
1344,7168,384,cktile_30_split0,cktile,30,0,a8w8_blockscale_cktile_192x256x128_4x2x1_16x16x128_intrawave_0x1x0_2_aqrm,2,25,11.969755102040821,0.0,passed,
1344,7168,384,cktile_31_split0,cktile,31,0,a8w8_blockscale_cktile_192x256x128_4x2x1_16x16x128_intrawave_0x1x0_3_aqrm,2,26,12.042553191489365,0.0,passed,
1344,7168,384,cktile_32_split0,cktile,32,0,a8w8_blockscale_cktile_192x256x128_4x2x1_16x16x128_intrawave_0x1x0_4_aqrm,2,27,12.008695652173923,0.0,passed,
1344,7168,384,opus_9011,opus,9011,0,opus_gemm_gfx950_a8w8_mxscale_gemm_bpreshuffle_256x64x128x128_2x2_16x16x128_1x128x128_tiles1_nooob,2,28,17.90504166666667,0.0,passed,
1344,7168,384,opus_9012,opus,9012,0,opus_gemm_gfx950_a8w8_mxscale_gemm_bpreshuffle_256x64x64x128_2x2_16x16x128_1x128x128_tiles1_nooob,2,29,20.72859574468085,0.0,passed,
1344,7168,384,opus_9020,opus,9020,0,opus_gemm_gfx950_a8w8_mxscale_gemm_bpreshuffle_256x256x256x128_2x2_16x16x128_1x128x128_tiles1,2,30,13.024326086956522,0.0,passed,
1344,7168,384,ck_0_split0,ck,0,0,a8w8_blockscale_bpreshuffle_1x128x128_256x128x128x128_16x16_16x16_8x32x1_8x32x1_1x32x1x8_8_2x1_intrawave_v3,2,31,18.058733333333326,0.0,passed,
1344,7168,384,ck_1_split0,ck,1,0,a8w8_blockscale_bpreshuffle_1x128x128_256x64x128x128_16x16_16x16_8x32x1_8x32x1_1x32x1x8_8_2x1_intrawave_v3,2,32,15.062836734693882,0.0,passed,
1344,7168,384,ck_2_split0,ck,2,0,a8w8_blockscale_bpreshuffle_1x128x128_256x64x64x128_16x16_16x16_8x32x1_8x32x1_1x32x1x8_8_2x1_intrawave_v3,2,33,16.515833333333337,0.0,passed,
1344,7168,384,ck_3_split0,ck,3,0,a8w8_blockscale_bpreshuffle_1x128x128_256x16x256x128_8x16_16x16_16x16x1_8x32x1_1x16x1x16_8_1x2_intrawave_v1,2,34,17.49049999999999,0.0,passed,
1344,7168,384,ck_4_split0,ck,4,0,a8w8_blockscale_bpreshuffle_1x128x128_256x16x128x128_8x16_16x16_16x16x1_8x32x1_1x16x1x16_8_1x2_intrawave_v1,2,35,17.63009090909091,0.0,passed,
1344,7168,384,ck_5_split0,ck,5,0,a8w8_blockscale_bpreshuffle_1x128x128_256x16x64x128_8x16_16x16_16x16x1_8x32x1_1x16x1x16_4_1x1_intrawave_v1,2,36,20.54271739130435,0.0,passed,
1344,7168,384,ck_8_split0,ck,8,0,a8w8_blockscale_bpreshuffle_1x128x128_256x32x256x128_16x16_16x16_8x32x1_8x32x1_1x32x1x8_8_2x1_intrawave_v1,2,37,15.216212765957442,0.0,passed,
1344,7168,384,ck_9_split0,ck,9,0,a8w8_blockscale_bpreshuffle_1x128x128_256x32x128x128_16x16_16x16_8x32x1_8x32x1_1x32x1x8_8_2x1_intrawave_v1,2,38,14.943851063829783,0.0,passed,
1344,7168,384,ck_10_split0,ck,10,0,a8w8_blockscale_bpreshuffle_1x128x128_256x32x64x128_16x16_16x16_8x32x1_8x32x1_1x32x1x8_8_2x1_intrawave_v1,2,39,15.354187500000009,0.0,passed,
4096,7168,384,ck_10_split0,ck,10,0,a8w8_blockscale_bpreshuffle_1x128x128_256x32x64x128_16x16_16x16_8x32x1_8x32x1_1x32x1x8_8_2x1_intrawave_v1,0,0,40.61064,0.0,passed,
4096,7168,384,ck_13_split0,ck,13,0,a8w8_blockscale_bpreshuffle_1x128x128_256x64x256x128_16x16_16x16_8x32x1_8x32x1_1x32x1x8_8_2x1_intrawave_v1,0,1,38.125020000000006,0.0,passed,
4096,7168,384,ck_14_split0,ck,14,0,a8w8_blockscale_bpreshuffle_1x128x128_256x64x128x128_16x16_16x16_8x32x1_8x32x1_1x32x1x8_8_2x1_intrawave_v1,0,2,34.74873333333334,0.0,passed,
4096,7168,384,ck_15_split0,ck,15,0,a8w8_blockscale_bpreshuffle_1x128x128_256x64x64x128_16x16_16x16_8x32x1_8x32x1_1x32x1x8_8_2x1_intrawave_v1,0,3,40.59543999999999,0.0,passed,
4096,7168,384,cktile_4_split0,cktile,4,0,a8w8_blockscale_cktile_32x128x128_1x4x1_16x16x128_intrawave_0x1x0_1,0,4,45.72422448979591,0.0,passed,
4096,7168,384,cktile_5_split0,cktile,5,0,a8w8_blockscale_cktile_32x128x128_1x4x1_16x16x128_intrawave_0x1x0_2,0,5,44.086499999999994,0.0,passed,
4096,7168,384,cktile_6_split0,cktile,6,0,a8w8_blockscale_cktile_32x128x128_1x4x1_16x16x64_intrawave_0x1x0_1,0,6,45.04361702127662,0.0,passed,
4096,7168,384,cktile_7_split0,cktile,7,0,a8w8_blockscale_cktile_32x128x128_1x4x1_16x16x64_intrawave_0x1x0_2,0,7,46.32811999999997,0.0,passed,
4096,7168,384,cktile_8_split0,cktile,8,0,a8w8_blockscale_cktile_128x128x128_1x4x1_16x16x128_intrawave_0x1x0_1,0,8,43.94461224489794,0.0,passed,
4096,7168,384,cktile_9_split0,cktile,9,0,a8w8_blockscale_cktile_128x128x128_1x4x1_16x16x128_intrawave_0x1x0_1,0,9,43.87767346938775,0.0,passed,
4096,7168,384,cktile_10_split0,cktile,10,0,a8w8_blockscale_cktile_128x128x128_2x2x1_16x16x128_intrawave_0x1x0_2,0,10,44.73184444444441,0.0,passed,
4096,7168,384,cktile_11_split0,cktile,11,0,a8w8_blockscale_cktile_192x256x128_4x2x1_16x16x128_intrawave_0x1x0_1,0,11,30.772387755102056,0.0,passed,
4096,7168,384,cktile_12_split0,cktile,12,0,a8w8_blockscale_cktile_192x256x128_4x2x1_16x16x128_intrawave_0x1x0_1_aqrm,0,12,31.032140000000005,0.0,passed,
4096,7168,384,cktile_17_split0,cktile,17,0,a8w8_blockscale_cktile_32x128x128_1x4x1_16x16x128_intrawave_0x1x0_3,0,13,43.99350000000001,0.0,passed,
4096,7168,384,cktile_18_split0,cktile,18,0,a8w8_blockscale_cktile_32x128x128_1x4x1_16x16x128_intrawave_0x1x0_4,0,14,43.57602439024391,0.0,passed,
4096,7168,384,cktile_19_split0,cktile,19,0,a8w8_blockscale_cktile_32x128x128_1x4x1_16x16x64_intrawave_0x1x0_3,0,15,45.84721739130436,0.0,passed,
4096,7168,384,cktile_20_split0,cktile,20,0,a8w8_blockscale_cktile_32x128x128_1x4x1_16x16x64_intrawave_0x1x0_4,0,16,46.23691999999997,0.0,passed,
4096,7168,384,cktile_21_split0,cktile,21,0,a8w8_blockscale_cktile_128x128x128_1x4x1_16x16x128_intrawave_0x1x0_2,0,17,43.89481632653062,0.0,passed,
4096,7168,384,cktile_22_split0,cktile,22,0,a8w8_blockscale_cktile_128x128x128_1x4x1_16x16x128_intrawave_0x1x0_3,0,18,98.93544897959183,0.0,passed,
4096,7168,384,cktile_23_split0,cktile,23,0,a8w8_blockscale_cktile_128x128x128_1x4x1_16x16x128_intrawave_0x1x0_4,0,19,153.64216326530604,0.0,passed,
4096,7168,384,cktile_24_split0,cktile,24,0,a8w8_blockscale_cktile_128x128x128_2x2x1_16x16x128_intrawave_0x1x0_1,0,20,44.91349999999999,0.0,passed,
4096,7168,384,cktile_25_split0,cktile,25,0,a8w8_blockscale_cktile_128x128x128_2x2x1_16x16x128_intrawave_0x1x0_3,0,21,100.99995918367348,0.0,passed,
4096,7168,384,cktile_26_split0,cktile,26,0,a8w8_blockscale_cktile_128x128x128_2x2x1_16x16x128_intrawave_0x1x0_4,0,22,169.51173469387754,0.0,passed,
4096,7168,384,cktile_27_split0,cktile,27,0,a8w8_blockscale_cktile_192x256x128_4x2x1_16x16x128_intrawave_0x1x0_2,0,23,30.751183673469384,0.0,passed,
4096,7168,384,cktile_28_split0,cktile,28,0,a8w8_blockscale_cktile_192x256x128_4x2x1_16x16x128_intrawave_0x1x0_3,0,24,30.765297872340433,0.0,passed,
4096,7168,384,cktile_29_split0,cktile,29,0,a8w8_blockscale_cktile_192x256x128_4x2x1_16x16x128_intrawave_0x1x0_4,0,25,30.64734,0.0,passed,
4096,7168,384,cktile_30_split0,cktile,30,0,a8w8_blockscale_cktile_192x256x128_4x2x1_16x16x128_intrawave_0x1x0_2_aqrm,0,26,31.178122448979583,0.0,passed,
4096,7168,384,cktile_31_split0,cktile,31,0,a8w8_blockscale_cktile_192x256x128_4x2x1_16x16x128_intrawave_0x1x0_3_aqrm,0,27,31.259787234042548,0.0,passed,
4096,7168,384,cktile_32_split0,cktile,32,0,a8w8_blockscale_cktile_192x256x128_4x2x1_16x16x128_intrawave_0x1x0_4_aqrm,0,28,30.971833333333326,0.0,passed,
4096,7168,384,opus_9000,opus,9000,0,opus_gemm_gfx950_a8w8_mxscale_gemm_bpreshuffle_256x256x256x128_2x2_16x16x128_1x128x128_tiles1_nooob,0,29,26.309936170212765,0.0,passed,
4096,7168,384,opus_9010,opus,9010,0,opus_gemm_gfx950_a8w8_mxscale_gemm_bpreshuffle_256x128x128x128_2x2_16x16x128_1x128x128_tiles1_nooob,0,30,44.99202083333332,0.0,passed,
4096,7168,384,opus_9011,opus,9011,0,opus_gemm_gfx950_a8w8_mxscale_gemm_bpreshuffle_256x64x128x128_2x2_16x16x128_1x128x128_tiles1_nooob,0,31,41.40277083333332,0.0,passed,
4096,7168,384,opus_9012,opus,9012,0,opus_gemm_gfx950_a8w8_mxscale_gemm_bpreshuffle_256x64x64x128_2x2_16x16x128_1x128x128_tiles1_nooob,0,32,53.77047727272731,0.0,passed,
4096,7168,384,opus_9020,opus,9020,0,opus_gemm_gfx950_a8w8_mxscale_gemm_bpreshuffle_256x256x256x128_2x2_16x16x128_1x128x128_tiles1,0,33,28.145680851063833,0.0,passed,
4096,7168,384,ck_0_split0,ck,0,0,a8w8_blockscale_bpreshuffle_1x128x128_256x128x128x128_16x16_16x16_8x32x1_8x32x1_1x32x1x8_8_2x1_intrawave_v3,0,34,38.339413043478274,0.0,passed,
4096,7168,384,ck_1_split0,ck,1,0,a8w8_blockscale_bpreshuffle_1x128x128_256x64x128x128_16x16_16x16_8x32x1_8x32x1_1x32x1x8_8_2x1_intrawave_v3,0,35,35.08757142857144,0.0,passed,
4096,7168,384,ck_2_split0,ck,2,0,a8w8_blockscale_bpreshuffle_1x128x128_256x64x64x128_16x16_16x16_8x32x1_8x32x1_1x32x1x8_8_2x1_intrawave_v3,0,36,40.3036511627907,0.0,passed,
4096,7168,384,ck_3_split0,ck,3,0,a8w8_blockscale_bpreshuffle_1x128x128_256x16x256x128_8x16_16x16_16x16x1_8x32x1_1x16x1x16_8_1x2_intrawave_v1,0,37,44.311500000000024,0.0,passed,
4096,7168,384,ck_4_split0,ck,4,0,a8w8_blockscale_bpreshuffle_1x128x128_256x16x128x128_8x16_16x16_16x16x1_8x32x1_1x16x1x16_8_1x2_intrawave_v1,0,38,46.88273999999999,0.0,passed,
4096,7168,384,ck_5_split0,ck,5,0,a8w8_blockscale_bpreshuffle_1x128x128_256x16x64x128_8x16_16x16_16x16x1_8x32x1_1x16x1x16_4_1x1_intrawave_v1,0,39,57.241239999999976,0.0,passed,
4096,7168,384,ck_8_split0,ck,8,0,a8w8_blockscale_bpreshuffle_1x128x128_256x32x256x128_16x16_16x16_8x32x1_8x32x1_1x32x1x8_8_2x1_intrawave_v1,0,40,36.179399999999994,0.0,passed,
4096,7168,384,ck_9_split0,ck,9,0,a8w8_blockscale_bpreshuffle_1x128x128_256x32x128x128_16x16_16x16_8x32x1_8x32x1_1x32x1x8_8_2x1_intrawave_v1,0,41,36.644285714285715,0.0,passed,
4096,7168,384,ck_10_split0,ck,10,0,a8w8_blockscale_bpreshuffle_1x128x128_256x32x64x128_16x16_16x16_8x32x1_8x32x1_1x32x1x8_8_2x1_intrawave_v1,1,0,38.338452380952376,0.0,passed,
4096,7168,384,ck_9_split0,ck,9,0,a8w8_blockscale_bpreshuffle_1x128x128_256x32x128x128_16x16_16x16_8x32x1_8x32x1_1x32x1x8_8_2x1_intrawave_v1,1,1,37.38901999999999,0.0,passed,
4096,7168,384,ck_8_split0,ck,8,0,a8w8_blockscale_bpreshuffle_1x128x128_256x32x256x128_16x16_16x16_8x32x1_8x32x1_1x32x1x8_8_2x1_intrawave_v1,1,2,35.93678260869565,0.0,passed,
4096,7168,384,ck_5_split0,ck,5,0,a8w8_blockscale_bpreshuffle_1x128x128_256x16x64x128_8x16_16x16_16x16x1_8x32x1_1x16x1x16_4_1x1_intrawave_v1,1,3,57.190039999999996,0.0,passed,
4096,7168,384,ck_4_split0,ck,4,0,a8w8_blockscale_bpreshuffle_1x128x128_256x16x128x128_8x16_16x16_16x16x1_8x32x1_1x16x1x16_8_1x2_intrawave_v1,1,4,46.24631914893619,0.0,passed,
4096,7168,384,ck_3_split0,ck,3,0,a8w8_blockscale_bpreshuffle_1x128x128_256x16x256x128_8x16_16x16_16x16x1_8x32x1_1x16x1x16_8_1x2_intrawave_v1,1,5,43.18309090909091,0.0,passed,
4096,7168,384,ck_2_split0,ck,2,0,a8w8_blockscale_bpreshuffle_1x128x128_256x64x64x128_16x16_16x16_8x32x1_8x32x1_1x32x1x8_8_2x1_intrawave_v3,1,6,41.21866000000001,0.0,passed,
4096,7168,384,ck_1_split0,ck,1,0,a8w8_blockscale_bpreshuffle_1x128x128_256x64x128x128_16x16_16x16_8x32x1_8x32x1_1x32x1x8_8_2x1_intrawave_v3,1,7,35.461000000000006,0.0,passed,
4096,7168,384,ck_0_split0,ck,0,0,a8w8_blockscale_bpreshuffle_1x128x128_256x128x128x128_16x16_16x16_8x32x1_8x32x1_1x32x1x8_8_2x1_intrawave_v3,1,8,38.22581818181818,0.0,passed,
4096,7168,384,opus_9020,opus,9020,0,opus_gemm_gfx950_a8w8_mxscale_gemm_bpreshuffle_256x256x256x128_2x2_16x16x128_1x128x128_tiles1,1,9,28.041934782608703,0.0,passed,
4096,7168,384,opus_9012,opus,9012,0,opus_gemm_gfx950_a8w8_mxscale_gemm_bpreshuffle_256x64x64x128_2x2_16x16x128_1x128x128_tiles1_nooob,1,10,53.78291666666667,0.0,passed,
4096,7168,384,opus_9011,opus,9011,0,opus_gemm_gfx950_a8w8_mxscale_gemm_bpreshuffle_256x64x128x128_2x2_16x16x128_1x128x128_tiles1_nooob,1,11,41.373326530612246,0.0,passed,
4096,7168,384,opus_9010,opus,9010,0,opus_gemm_gfx950_a8w8_mxscale_gemm_bpreshuffle_256x128x128x128_2x2_16x16x128_1x128x128_tiles1_nooob,1,12,45.094500000000004,0.0,passed,
4096,7168,384,opus_9000,opus,9000,0,opus_gemm_gfx950_a8w8_mxscale_gemm_bpreshuffle_256x256x256x128_2x2_16x16x128_1x128x128_tiles1_nooob,1,13,26.47929787234042,0.0,passed,
4096,7168,384,cktile_32_split0,cktile,32,0,a8w8_blockscale_cktile_192x256x128_4x2x1_16x16x128_intrawave_0x1x0_4_aqrm,1,14,31.093787234042548,0.0,passed,
4096,7168,384,cktile_31_split0,cktile,31,0,a8w8_blockscale_cktile_192x256x128_4x2x1_16x16x128_intrawave_0x1x0_3_aqrm,1,15,31.246875,0.0,passed,
4096,7168,384,cktile_30_split0,cktile,30,0,a8w8_blockscale_cktile_192x256x128_4x2x1_16x16x128_intrawave_0x1x0_2_aqrm,1,16,31.115869565217398,0.0,passed,
4096,7168,384,cktile_29_split0,cktile,29,0,a8w8_blockscale_cktile_192x256x128_4x2x1_16x16x128_intrawave_0x1x0_4,1,17,30.658042553191486,0.0,passed,
4096,7168,384,cktile_28_split0,cktile,28,0,a8w8_blockscale_cktile_192x256x128_4x2x1_16x16x128_intrawave_0x1x0_3,1,18,30.737645833333335,0.0,passed,
4096,7168,384,cktile_27_split0,cktile,27,0,a8w8_blockscale_cktile_192x256x128_4x2x1_16x16x128_intrawave_0x1x0_2,1,19,30.749127659574466,0.0,passed,
4096,7168,384,cktile_26_split0,cktile,26,0,a8w8_blockscale_cktile_128x128x128_2x2x1_16x16x128_intrawave_0x1x0_4,1,20,168.9362040816326,0.0,passed,
4096,7168,384,cktile_25_split0,cktile,25,0,a8w8_blockscale_cktile_128x128x128_2x2x1_16x16x128_intrawave_0x1x0_3,1,21,100.72565306122443,0.0,passed,
4096,7168,384,cktile_24_split0,cktile,24,0,a8w8_blockscale_cktile_128x128x128_2x2x1_16x16x128_intrawave_0x1x0_1,1,22,44.538023255813954,0.0,passed,
4096,7168,384,cktile_23_split0,cktile,23,0,a8w8_blockscale_cktile_128x128x128_1x4x1_16x16x128_intrawave_0x1x0_4,1,23,152.27168888888895,0.0,passed,
4096,7168,384,cktile_22_split0,cktile,22,0,a8w8_blockscale_cktile_128x128x128_1x4x1_16x16x128_intrawave_0x1x0_3,1,24,99.02277551020411,0.0,passed,
4096,7168,384,cktile_21_split0,cktile,21,0,a8w8_blockscale_cktile_128x128x128_1x4x1_16x16x128_intrawave_0x1x0_2,1,25,43.822979591836756,0.0,passed,
4096,7168,384,cktile_20_split0,cktile,20,0,a8w8_blockscale_cktile_32x128x128_1x4x1_16x16x64_intrawave_0x1x0_4,1,26,46.33371999999999,0.0,passed,
4096,7168,384,cktile_19_split0,cktile,19,0,a8w8_blockscale_cktile_32x128x128_1x4x1_16x16x64_intrawave_0x1x0_3,1,27,46.01320408163265,0.0,passed,
4096,7168,384,cktile_18_split0,cktile,18,0,a8w8_blockscale_cktile_32x128x128_1x4x1_16x16x128_intrawave_0x1x0_4,1,28,44.58216326530611,0.0,passed,
4096,7168,384,cktile_17_split0,cktile,17,0,a8w8_blockscale_cktile_32x128x128_1x4x1_16x16x128_intrawave_0x1x0_3,1,29,44.1331836734694,0.0,passed,
4096,7168,384,cktile_12_split0,cktile,12,0,a8w8_blockscale_cktile_192x256x128_4x2x1_16x16x128_intrawave_0x1x0_1_aqrm,1,30,30.969142857142828,0.0,passed,
4096,7168,384,cktile_11_split0,cktile,11,0,a8w8_blockscale_cktile_192x256x128_4x2x1_16x16x128_intrawave_0x1x0_1,1,31,30.71170212765957,0.0,passed,
4096,7168,384,cktile_10_split0,cktile,10,0,a8w8_blockscale_cktile_128x128x128_2x2x1_16x16x128_intrawave_0x1x0_2,1,32,44.341468085106385,0.0,passed,
4096,7168,384,cktile_9_split0,cktile,9,0,a8w8_blockscale_cktile_128x128x128_1x4x1_16x16x128_intrawave_0x1x0_1,1,33,43.55766666666664,0.0,passed,
4096,7168,384,cktile_8_split0,cktile,8,0,a8w8_blockscale_cktile_128x128x128_1x4x1_16x16x128_intrawave_0x1x0_1,1,34,43.508693877551025,0.0,passed,
4096,7168,384,cktile_7_split0,cktile,7,0,a8w8_blockscale_cktile_32x128x128_1x4x1_16x16x64_intrawave_0x1x0_2,1,35,47.167319999999954,0.0,passed,
4096,7168,384,cktile_6_split0,cktile,6,0,a8w8_blockscale_cktile_32x128x128_1x4x1_16x16x64_intrawave_0x1x0_1,1,36,45.65372000000002,0.0,passed,
4096,7168,384,cktile_5_split0,cktile,5,0,a8w8_blockscale_cktile_32x128x128_1x4x1_16x16x128_intrawave_0x1x0_2,1,37,43.66706122448979,0.0,passed,
4096,7168,384,cktile_4_split0,cktile,4,0,a8w8_blockscale_cktile_32x128x128_1x4x1_16x16x128_intrawave_0x1x0_1,1,38,46.30544897959181,0.0,passed,
4096,7168,384,ck_15_split0,ck,15,0,a8w8_blockscale_bpreshuffle_1x128x128_256x64x64x128_16x16_16x16_8x32x1_8x32x1_1x32x1x8_8_2x1_intrawave_v1,1,39,40.22804081632655,0.0,passed,
4096,7168,384,ck_14_split0,ck,14,0,a8w8_blockscale_bpreshuffle_1x128x128_256x64x128x128_16x16_16x16_8x32x1_8x32x1_1x32x1x8_8_2x1_intrawave_v1,1,40,34.76609523809523,0.0,passed,
4096,7168,384,ck_13_split0,ck,13,0,a8w8_blockscale_bpreshuffle_1x128x128_256x64x256x128_16x16_16x16_8x32x1_8x32x1_1x32x1x8_8_2x1_intrawave_v1,1,41,36.69387234042552,0.0,passed,
4096,7168,384,ck_14_split0,ck,14,0,a8w8_blockscale_bpreshuffle_1x128x128_256x64x128x128_16x16_16x16_8x32x1_8x32x1_1x32x1x8_8_2x1_intrawave_v1,2,0,34.67941304347826,0.0,passed,
4096,7168,384,ck_15_split0,ck,15,0,a8w8_blockscale_bpreshuffle_1x128x128_256x64x64x128_16x16_16x16_8x32x1_8x32x1_1x32x1x8_8_2x1_intrawave_v1,2,1,39.71263414634146,0.0,passed,
4096,7168,384,cktile_4_split0,cktile,4,0,a8w8_blockscale_cktile_32x128x128_1x4x1_16x16x128_intrawave_0x1x0_1,2,2,46.10602083333333,0.0,passed,
4096,7168,384,cktile_5_split0,cktile,5,0,a8w8_blockscale_cktile_32x128x128_1x4x1_16x16x128_intrawave_0x1x0_2,2,3,43.87277551020409,0.0,passed,
4096,7168,384,cktile_6_split0,cktile,6,0,a8w8_blockscale_cktile_32x128x128_1x4x1_16x16x64_intrawave_0x1x0_1,2,4,44.910979166666685,0.0,passed,
4096,7168,384,cktile_7_split0,cktile,7,0,a8w8_blockscale_cktile_32x128x128_1x4x1_16x16x64_intrawave_0x1x0_2,2,5,46.03524489795915,0.0,passed,
4096,7168,384,cktile_8_split0,cktile,8,0,a8w8_blockscale_cktile_128x128x128_1x4x1_16x16x128_intrawave_0x1x0_1,2,6,43.754479999999994,0.0,passed,
4096,7168,384,cktile_9_split0,cktile,9,0,a8w8_blockscale_cktile_128x128x128_1x4x1_16x16x128_intrawave_0x1x0_1,2,7,43.677645833333315,0.0,passed,
4096,7168,384,cktile_10_split0,cktile,10,0,a8w8_blockscale_cktile_128x128x128_2x2x1_16x16x128_intrawave_0x1x0_2,2,8,44.49939130434783,0.0,passed,
4096,7168,384,cktile_11_split0,cktile,11,0,a8w8_blockscale_cktile_192x256x128_4x2x1_16x16x128_intrawave_0x1x0_1,2,9,30.727510204081625,0.0,passed,
4096,7168,384,cktile_12_split0,cktile,12,0,a8w8_blockscale_cktile_192x256x128_4x2x1_16x16x128_intrawave_0x1x0_1_aqrm,2,10,31.0760612244898,0.0,passed,
4096,7168,384,cktile_17_split0,cktile,17,0,a8w8_blockscale_cktile_32x128x128_1x4x1_16x16x128_intrawave_0x1x0_3,2,11,43.3976666666667,0.0,passed,
4096,7168,384,cktile_18_split0,cktile,18,0,a8w8_blockscale_cktile_32x128x128_1x4x1_16x16x128_intrawave_0x1x0_4,2,12,43.68204444444447,0.0,passed,
4096,7168,384,cktile_19_split0,cktile,19,0,a8w8_blockscale_cktile_32x128x128_1x4x1_16x16x64_intrawave_0x1x0_3,2,13,45.761775510204075,0.0,passed,
4096,7168,384,cktile_20_split0,cktile,20,0,a8w8_blockscale_cktile_32x128x128_1x4x1_16x16x64_intrawave_0x1x0_4,2,14,45.810755102040844,0.0,passed,
4096,7168,384,cktile_21_split0,cktile,21,0,a8w8_blockscale_cktile_128x128x128_1x4x1_16x16x128_intrawave_0x1x0_2,2,15,43.5788775510204,0.0,passed,
4096,7168,384,cktile_22_split0,cktile,22,0,a8w8_blockscale_cktile_128x128x128_1x4x1_16x16x128_intrawave_0x1x0_3,2,16,99.21624489795914,0.0,passed,
4096,7168,384,cktile_23_split0,cktile,23,0,a8w8_blockscale_cktile_128x128x128_1x4x1_16x16x128_intrawave_0x1x0_4,2,17,152.5384468085106,0.0,passed,
4096,7168,384,cktile_24_split0,cktile,24,0,a8w8_blockscale_cktile_128x128x128_2x2x1_16x16x128_intrawave_0x1x0_1,2,18,44.52572727272728,0.0,passed,
4096,7168,384,cktile_25_split0,cktile,25,0,a8w8_blockscale_cktile_128x128x128_2x2x1_16x16x128_intrawave_0x1x0_3,2,19,100.52871999999998,0.0,passed,
4096,7168,384,cktile_26_split0,cktile,26,0,a8w8_blockscale_cktile_128x128x128_2x2x1_16x16x128_intrawave_0x1x0_4,2,20,169.5357083333333,0.0,passed,
4096,7168,384,cktile_27_split0,cktile,27,0,a8w8_blockscale_cktile_192x256x128_4x2x1_16x16x128_intrawave_0x1x0_2,2,21,30.76016666666666,0.0,passed,
4096,7168,384,cktile_28_split0,cktile,28,0,a8w8_blockscale_cktile_192x256x128_4x2x1_16x16x128_intrawave_0x1x0_3,2,22,30.726833333333346,0.0,passed,
4096,7168,384,cktile_29_split0,cktile,29,0,a8w8_blockscale_cktile_192x256x128_4x2x1_16x16x128_intrawave_0x1x0_4,2,23,30.580217391304355,0.0,passed,
4096,7168,384,cktile_30_split0,cktile,30,0,a8w8_blockscale_cktile_192x256x128_4x2x1_16x16x128_intrawave_0x1x0_2_aqrm,2,24,31.081063829787247,0.0,passed,
4096,7168,384,cktile_31_split0,cktile,31,0,a8w8_blockscale_cktile_192x256x128_4x2x1_16x16x128_intrawave_0x1x0_3_aqrm,2,25,31.25721276595746,0.0,passed,
4096,7168,384,cktile_32_split0,cktile,32,0,a8w8_blockscale_cktile_192x256x128_4x2x1_16x16x128_intrawave_0x1x0_4_aqrm,2,26,31.035957446808514,0.0,passed,
4096,7168,384,opus_9000,opus,9000,0,opus_gemm_gfx950_a8w8_mxscale_gemm_bpreshuffle_256x256x256x128_2x2_16x16x128_1x128x128_tiles1_nooob,2,27,26.437595744680852,0.0,passed,
4096,7168,384,opus_9010,opus,9010,0,opus_gemm_gfx950_a8w8_mxscale_gemm_bpreshuffle_256x128x128x128_2x2_16x16x128_1x128x128_tiles1_nooob,2,28,44.98844680851062,0.0,passed,
4096,7168,384,opus_9011,opus,9011,0,opus_gemm_gfx950_a8w8_mxscale_gemm_bpreshuffle_256x64x128x128_2x2_16x16x128_1x128x128_tiles1_nooob,2,29,41.53102222222224,0.0,passed,
4096,7168,384,opus_9012,opus,9012,0,opus_gemm_gfx950_a8w8_mxscale_gemm_bpreshuffle_256x64x64x128_2x2_16x16x128_1x128x128_tiles1_nooob,2,30,53.77020408163267,0.0,passed,
4096,7168,384,opus_9020,opus,9020,0,opus_gemm_gfx950_a8w8_mxscale_gemm_bpreshuffle_256x256x256x128_2x2_16x16x128_1x128x128_tiles1,2,31,28.19266666666668,0.0,passed,
4096,7168,384,ck_0_split0,ck,0,0,a8w8_blockscale_bpreshuffle_1x128x128_256x128x128x128_16x16_16x16_8x32x1_8x32x1_1x32x1x8_8_2x1_intrawave_v3,2,32,38.42557142857142,0.0,passed,
4096,7168,384,ck_1_split0,ck,1,0,a8w8_blockscale_bpreshuffle_1x128x128_256x64x128x128_16x16_16x16_8x32x1_8x32x1_1x32x1x8_8_2x1_intrawave_v3,2,33,35.943400000000004,0.0,passed,
4096,7168,384,ck_2_split0,ck,2,0,a8w8_blockscale_bpreshuffle_1x128x128_256x64x64x128_16x16_16x16_8x32x1_8x32x1_1x32x1x8_8_2x1_intrawave_v3,2,34,40.5730975609756,0.0,passed,
4096,7168,384,ck_3_split0,ck,3,0,a8w8_blockscale_bpreshuffle_1x128x128_256x16x256x128_8x16_16x16_16x16x1_8x32x1_1x16x1x16_8_1x2_intrawave_v1,2,35,43.68970212765959,0.0,passed,
4096,7168,384,ck_4_split0,ck,4,0,a8w8_blockscale_bpreshuffle_1x128x128_256x16x128x128_8x16_16x16_16x16x1_8x32x1_1x16x1x16_8_1x2_intrawave_v1,2,36,46.79391999999998,0.0,passed,
4096,7168,384,ck_5_split0,ck,5,0,a8w8_blockscale_bpreshuffle_1x128x128_256x16x64x128_8x16_16x16_16x16x1_8x32x1_1x16x1x16_4_1x1_intrawave_v1,2,37,57.187639999999995,0.0,passed,
4096,7168,384,ck_8_split0,ck,8,0,a8w8_blockscale_bpreshuffle_1x128x128_256x32x256x128_16x16_16x16_8x32x1_8x32x1_1x32x1x8_8_2x1_intrawave_v1,2,38,35.90439583333333,0.0,passed,
4096,7168,384,ck_9_split0,ck,9,0,a8w8_blockscale_bpreshuffle_1x128x128_256x32x128x128_16x16_16x16_8x32x1_8x32x1_1x32x1x8_8_2x1_intrawave_v1,2,39,36.748255813953485,0.0,passed,
4096,7168,384,ck_10_split0,ck,10,0,a8w8_blockscale_bpreshuffle_1x128x128_256x32x64x128_16x16_16x16_8x32x1_8x32x1_1x32x1x8_8_2x1_intrawave_v1,2,40,38.40704761904762,0.0,passed,
4096,7168,384,ck_13_split0,ck,13,0,a8w8_blockscale_bpreshuffle_1x128x128_256x64x256x128_16x16_16x16_8x32x1_8x32x1_1x32x1x8_8_2x1_intrawave_v1,2,41,36.56608333333332,0.0,passed,
1280,7168,768,ck_9_split0,ck,9,0,a8w8_blockscale_bpreshuffle_1x128x128_256x32x128x128_16x16_16x16_8x32x1_8x32x1_1x32x1x8_8_2x1_intrawave_v1,0,0,20.115829787234034,0.0,passed,
1280,7168,768,ck_10_split0,ck,10,0,a8w8_blockscale_bpreshuffle_1x128x128_256x32x64x128_16x16_16x16_8x32x1_8x32x1_1x32x1x8_8_2x1_intrawave_v1,0,1,21.932326530612237,0.0,passed,
1280,7168,768,ck_11_split0,ck,11,0,a8w8_blockscale_bpreshuffle_1x128x128_256x32x128x256_16x16_16x16_16x16x1_16x16x1_1x32x1x8_8_2x1_intrawave_v1,0,2,21.552562499999993,0.0,passed,
1280,7168,768,ck_12_split0,ck,12,0,a8w8_blockscale_bpreshuffle_1x128x128_256x32x64x256_16x16_16x16_16x16x1_16x16x1_1x32x1x8_8_2x1_intrawave_v1,0,3,25.959299999999995,0.0,passed,
1280,7168,768,ck_13_split0,ck,13,0,a8w8_blockscale_bpreshuffle_1x128x128_256x64x256x128_16x16_16x16_8x32x1_8x32x1_1x32x1x8_8_2x1_intrawave_v1,0,4,23.272425531914887,0.0,passed,
1280,7168,768,ck_14_split0,ck,14,0,a8w8_blockscale_bpreshuffle_1x128x128_256x64x128x128_16x16_16x16_8x32x1_8x32x1_1x32x1x8_8_2x1_intrawave_v1,0,5,19.31595918367347,0.0,passed,
1280,7168,768,ck_15_split0,ck,15,0,a8w8_blockscale_bpreshuffle_1x128x128_256x64x64x128_16x16_16x16_8x32x1_8x32x1_1x32x1x8_8_2x1_intrawave_v1,0,6,20.642583333333345,0.0,passed,
1280,7168,768,ck_16_split0,ck,16,0,a8w8_blockscale_bpreshuffle_1x128x128_256x64x128x256_16x16_16x16_16x16x1_16x16x1_1x32x1x8_8_2x1_intrawave_v1,0,7,23.109250000000003,0.0,passed,
1280,7168,768,ck_17_split0,ck,17,0,a8w8_blockscale_bpreshuffle_1x128x128_256x64x64x256_16x16_16x16_16x16x1_16x16x1_1x32x1x8_8_2x1_intrawave_v1,0,8,27.23931111111111,0.0,passed,
1280,7168,768,cktile_0_split0,cktile,0,0,a8w8_blockscale_cktile_16x128x256_1x4x1_16x16x128_intrawave_0x1x0_1,0,9,36.5825625,0.0,passed,
1280,7168,768,cktile_1_split0,cktile,1,0,a8w8_blockscale_cktile_16x128x256_1x4x1_16x16x128_intrawave_0x1x0_2,0,10,36.61391836734695,0.0,passed,
1280,7168,768,cktile_2_split0,cktile,2,0,a8w8_blockscale_cktile_16x128x256_1x4x1_16x16x64_intrawave_0x1x0_1,0,11,37.44002000000001,0.0,passed,
1280,7168,768,cktile_3_split0,cktile,3,0,a8w8_blockscale_cktile_16x128x256_1x4x1_16x16x64_intrawave_0x1x0_2,0,12,34.707562499999995,0.0,passed,
1280,7168,768,cktile_4_split0,cktile,4,0,a8w8_blockscale_cktile_32x128x128_1x4x1_16x16x128_intrawave_0x1x0_1,0,13,29.033978260869567,0.0,passed,
1280,7168,768,cktile_5_split0,cktile,5,0,a8w8_blockscale_cktile_32x128x128_1x4x1_16x16x128_intrawave_0x1x0_2,0,14,29.030833333333337,0.0,passed,
1280,7168,768,cktile_6_split0,cktile,6,0,a8w8_blockscale_cktile_32x128x128_1x4x1_16x16x64_intrawave_0x1x0_1,0,15,27.88164583333334,0.0,passed,
1280,7168,768,cktile_7_split0,cktile,7,0,a8w8_blockscale_cktile_32x128x128_1x4x1_16x16x64_intrawave_0x1x0_2,0,16,28.943632653061226,0.0,passed,
1280,7168,768,cktile_8_split0,cktile,8,0,a8w8_blockscale_cktile_128x128x128_1x4x1_16x16x128_intrawave_0x1x0_1,0,17,31.15335416666669,0.0,passed,
1280,7168,768,cktile_9_split0,cktile,9,0,a8w8_blockscale_cktile_128x128x128_1x4x1_16x16x128_intrawave_0x1x0_1,0,18,31.11240425531914,0.0,passed,
1280,7168,768,cktile_10_split0,cktile,10,0,a8w8_blockscale_cktile_128x128x128_2x2x1_16x16x128_intrawave_0x1x0_2,0,19,30.10530434782611,0.0,passed,
1280,7168,768,cktile_11_split0,cktile,11,0,a8w8_blockscale_cktile_192x256x128_4x2x1_16x16x128_intrawave_0x1x0_1,0,20,15.791531914893625,0.0,passed,
1280,7168,768,cktile_12_split0,cktile,12,0,a8w8_blockscale_cktile_192x256x128_4x2x1_16x16x128_intrawave_0x1x0_1_aqrm,0,21,15.596734693877547,0.0,passed,
1280,7168,768,cktile_13_split0,cktile,13,0,a8w8_blockscale_cktile_16x128x256_1x4x1_16x16x128_intrawave_0x1x0_3,0,22,37.394326530612254,0.0,passed,
1280,7168,768,cktile_14_split0,cktile,14,0,a8w8_blockscale_cktile_16x128x256_1x4x1_16x16x128_intrawave_0x1x0_4,0,23,44.87766666666666,0.0,passed,
1280,7168,768,cktile_15_split0,cktile,15,0,a8w8_blockscale_cktile_16x128x256_1x4x1_16x16x64_intrawave_0x1x0_3,0,24,35.04841666666667,0.0,passed,
1280,7168,768,cktile_16_split0,cktile,16,0,a8w8_blockscale_cktile_16x128x256_1x4x1_16x16x64_intrawave_0x1x0_4,0,25,37.46291836734694,0.0,passed,
1280,7168,768,cktile_17_split0,cktile,17,0,a8w8_blockscale_cktile_32x128x128_1x4x1_16x16x128_intrawave_0x1x0_3,0,26,29.115877551020418,0.0,passed,
1280,7168,768,cktile_18_split0,cktile,18,0,a8w8_blockscale_cktile_32x128x128_1x4x1_16x16x128_intrawave_0x1x0_4,0,27,29.04975510204081,0.0,passed,
1280,7168,768,cktile_19_split0,cktile,19,0,a8w8_blockscale_cktile_32x128x128_1x4x1_16x16x64_intrawave_0x1x0_3,0,28,28.966173913043466,0.0,passed,
1280,7168,768,cktile_20_split0,cktile,20,0,a8w8_blockscale_cktile_32x128x128_1x4x1_16x16x64_intrawave_0x1x0_4,0,29,29.04485714285714,0.0,passed,
1280,7168,768,cktile_21_split0,cktile,21,0,a8w8_blockscale_cktile_128x128x128_1x4x1_16x16x128_intrawave_0x1x0_2,0,30,31.1175306122449,0.0,passed,
1280,7168,768,cktile_22_split0,cktile,22,0,a8w8_blockscale_cktile_128x128x128_1x4x1_16x16x128_intrawave_0x1x0_3,0,31,65.24932653061225,0.0,passed,
1280,7168,768,cktile_23_split0,cktile,23,0,a8w8_blockscale_cktile_128x128x128_1x4x1_16x16x128_intrawave_0x1x0_4,0,32,107.68491836734697,0.0,passed,
1280,7168,768,cktile_24_split0,cktile,24,0,a8w8_blockscale_cktile_128x128x128_2x2x1_16x16x128_intrawave_0x1x0_1,0,33,29.89793877551021,0.0,passed,
1280,7168,768,cktile_25_split0,cktile,25,0,a8w8_blockscale_cktile_128x128x128_2x2x1_16x16x128_intrawave_0x1x0_3,0,34,69.74408163265305,0.0,passed,
1280,7168,768,cktile_26_split0,cktile,26,0,a8w8_blockscale_cktile_128x128x128_2x2x1_16x16x128_intrawave_0x1x0_4,0,35,145.20124000000004,0.0,passed,
1280,7168,768,cktile_27_split0,cktile,27,0,a8w8_blockscale_cktile_192x256x128_4x2x1_16x16x128_intrawave_0x1x0_2,0,36,15.725580000000004,0.0,passed,
1280,7168,768,cktile_28_split0,cktile,28,0,a8w8_blockscale_cktile_192x256x128_4x2x1_16x16x128_intrawave_0x1x0_3,0,37,15.754285714285718,0.0,passed,
1280,7168,768,cktile_29_split0,cktile,29,0,a8w8_blockscale_cktile_192x256x128_4x2x1_16x16x128_intrawave_0x1x0_4,0,38,15.725579999999995,0.0,passed,
1280,7168,768,cktile_30_split0,cktile,30,0,a8w8_blockscale_cktile_192x256x128_4x2x1_16x16x128_intrawave_0x1x0_2_aqrm,0,39,15.797579999999996,0.0,passed,
1280,7168,768,cktile_31_split0,cktile,31,0,a8w8_blockscale_cktile_192x256x128_4x2x1_16x16x128_intrawave_0x1x0_3_aqrm,0,40,15.917580000000001,0.0,passed,
1280,7168,768,cktile_32_split0,cktile,32,0,a8w8_blockscale_cktile_192x256x128_4x2x1_16x16x128_intrawave_0x1x0_4_aqrm,0,41,15.806379999999999,0.0,passed,
1280,7168,768,opus_9000,opus,9000,0,opus_gemm_gfx950_a8w8_mxscale_gemm_bpreshuffle_256x256x256x128_2x2_16x16x128_1x128x128_tiles1_nooob,0,42,17.093579999999996,0.0,passed,
1280,7168,768,opus_9010,opus,9010,0,opus_gemm_gfx950_a8w8_mxscale_gemm_bpreshuffle_256x128x128x128_2x2_16x16x128_1x128x128_tiles1_nooob,0,43,24.02623913043478,0.0,passed,
1280,7168,768,opus_9011,opus,9011,0,opus_gemm_gfx950_a8w8_mxscale_gemm_bpreshuffle_256x64x128x128_2x2_16x16x128_1x128x128_tiles1_nooob,0,44,21.960860000000007,0.0,passed,
1280,7168,768,opus_9012,opus,9012,0,opus_gemm_gfx950_a8w8_mxscale_gemm_bpreshuffle_256x64x64x128_2x2_16x16x128_1x128x128_tiles1_nooob,0,45,25.960918367346945,0.0,passed,
1280,7168,768,opus_9020,opus,9020,0,opus_gemm_gfx950_a8w8_mxscale_gemm_bpreshuffle_256x256x256x128_2x2_16x16x128_1x128x128_tiles1,0,46,19.239200000000004,0.0,passed,
1280,7168,768,ck_0_split0,ck,0,0,a8w8_blockscale_bpreshuffle_1x128x128_256x128x128x128_16x16_16x16_8x32x1_8x32x1_1x32x1x8_8_2x1_intrawave_v3,0,47,23.077553191489343,0.0,passed,
1280,7168,768,ck_1_split0,ck,1,0,a8w8_blockscale_bpreshuffle_1x128x128_256x64x128x128_16x16_16x16_8x32x1_8x32x1_1x32x1x8_8_2x1_intrawave_v3,0,48,19.60738775510205,0.0,passed,
1280,7168,768,ck_2_split0,ck,2,0,a8w8_blockscale_bpreshuffle_1x128x128_256x64x64x128_16x16_16x16_8x32x1_8x32x1_1x32x1x8_8_2x1_intrawave_v3,0,49,21.531489795918368,0.0,passed,
1280,7168,768,ck_3_split0,ck,3,0,a8w8_blockscale_bpreshuffle_1x128x128_256x16x256x128_8x16_16x16_16x16x1_8x32x1_1x16x1x16_8_1x2_intrawave_v1,0,50,27.146260869565218,0.0,passed,
1280,7168,768,ck_4_split0,ck,4,0,a8w8_blockscale_bpreshuffle_1x128x128_256x16x128x128_8x16_16x16_16x16x1_8x32x1_1x16x1x16_8_1x2_intrawave_v1,0,51,28.84332,0.0,passed,
1280,7168,768,ck_5_split0,ck,5,0,a8w8_blockscale_bpreshuffle_1x128x128_256x16x64x128_8x16_16x16_16x16x1_8x32x1_1x16x1x16_4_1x1_intrawave_v1,0,52,33.45129787234043,0.0,passed,
1280,7168,768,ck_6_split0,ck,6,0,a8w8_blockscale_bpreshuffle_1x128x128_256x16x128x256_16x16_16x16_16x16x1_16x16x1_1x16x1x16_8_1x2_intrawave_v1,0,53,29.117499999999996,0.0,passed,
1280,7168,768,ck_7_split0,ck,7,0,a8w8_blockscale_bpreshuffle_1x128x128_256x16x64x256_16x16_16x16_16x16x1_16x16x1_1x16x1x16_4_1x1_intrawave_v1,0,54,34.06026086956521,0.0,passed,
1280,7168,768,ck_8_split0,ck,8,0,a8w8_blockscale_bpreshuffle_1x128x128_256x32x256x128_16x16_16x16_8x32x1_8x32x1_1x32x1x8_8_2x1_intrawave_v1,0,55,20.900448979591843,0.0,passed,
1280,7168,768,ck_9_split0,ck,9,0,a8w8_blockscale_bpreshuffle_1x128x128_256x32x128x128_16x16_16x16_8x32x1_8x32x1_1x32x1x8_8_2x1_intrawave_v1,1,0,20.032693877551022,0.0,passed,
1280,7168,768,ck_8_split0,ck,8,0,a8w8_blockscale_bpreshuffle_1x128x128_256x32x256x128_16x16_16x16_8x32x1_8x32x1_1x32x1x8_8_2x1_intrawave_v1,1,1,20.921808510638293,0.0,passed,
1280,7168,768,ck_7_split0,ck,7,0,a8w8_blockscale_bpreshuffle_1x128x128_256x16x64x256_16x16_16x16_16x16x1_16x16x1_1x16x1x16_4_1x1_intrawave_v1,1,2,33.9896,0.0,passed,
1280,7168,768,ck_6_split0,ck,6,0,a8w8_blockscale_bpreshuffle_1x128x128_256x16x128x256_16x16_16x16_16x16x1_16x16x1_1x16x1x16_8_1x2_intrawave_v1,1,3,29.333204081632672,0.0,passed,
1280,7168,768,ck_5_split0,ck,5,0,a8w8_blockscale_bpreshuffle_1x128x128_256x16x64x128_8x16_16x16_16x16x1_8x32x1_1x16x1x16_4_1x1_intrawave_v1,1,4,32.82897999999998,0.0,passed,
1280,7168,768,ck_4_split0,ck,4,0,a8w8_blockscale_bpreshuffle_1x128x128_256x16x128x128_8x16_16x16_16x16x1_8x32x1_1x16x1x16_8_1x2_intrawave_v1,1,5,29.262183673469387,0.0,passed,
1280,7168,768,ck_3_split0,ck,3,0,a8w8_blockscale_bpreshuffle_1x128x128_256x16x256x128_8x16_16x16_16x16x1_8x32x1_1x16x1x16_8_1x2_intrawave_v1,1,6,27.103775510204077,0.0,passed,
1280,7168,768,ck_2_split0,ck,2,0,a8w8_blockscale_bpreshuffle_1x128x128_256x64x64x128_16x16_16x16_8x32x1_8x32x1_1x32x1x8_8_2x1_intrawave_v3,1,7,21.43925,0.0,passed,
1280,7168,768,ck_1_split0,ck,1,0,a8w8_blockscale_bpreshuffle_1x128x128_256x64x128x128_16x16_16x16_8x32x1_8x32x1_1x32x1x8_8_2x1_intrawave_v3,1,8,19.59410638297873,0.0,passed,
1280,7168,768,ck_0_split0,ck,0,0,a8w8_blockscale_bpreshuffle_1x128x128_256x128x128x128_16x16_16x16_8x32x1_8x32x1_1x32x1x8_8_2x1_intrawave_v3,1,9,23.125083333333333,0.0,passed,
1280,7168,768,opus_9020,opus,9020,0,opus_gemm_gfx950_a8w8_mxscale_gemm_bpreshuffle_256x256x256x128_2x2_16x16x128_1x128x128_tiles1,1,10,19.26861224489796,0.0,passed,
1280,7168,768,opus_9012,opus,9012,0,opus_gemm_gfx950_a8w8_mxscale_gemm_bpreshuffle_256x64x64x128_2x2_16x16x128_1x128x128_tiles1_nooob,1,11,25.969489361702124,0.0,passed,
1280,7168,768,opus_9011,opus,9011,0,opus_gemm_gfx950_a8w8_mxscale_gemm_bpreshuffle_256x64x128x128_2x2_16x16x128_1x128x128_tiles1_nooob,1,12,21.83056521739129,0.0,passed,
1280,7168,768,opus_9010,opus,9010,0,opus_gemm_gfx950_a8w8_mxscale_gemm_bpreshuffle_256x128x128x128_2x2_16x16x128_1x128x128_tiles1_nooob,1,13,23.993679999999998,0.0,passed,
1280,7168,768,opus_9000,opus,9000,0,opus_gemm_gfx950_a8w8_mxscale_gemm_bpreshuffle_256x256x256x128_2x2_16x16x128_1x128x128_tiles1_nooob,1,14,16.795787234042553,0.0,passed,
1280,7168,768,cktile_32_split0,cktile,32,0,a8w8_blockscale_cktile_192x256x128_4x2x1_16x16x128_intrawave_0x1x0_4_aqrm,1,15,15.736687499999995,0.0,passed,
1280,7168,768,cktile_31_split0,cktile,31,0,a8w8_blockscale_cktile_192x256x128_4x2x1_16x16x128_intrawave_0x1x0_3_aqrm,1,16,15.803160000000005,0.0,passed,
1280,7168,768,cktile_30_split0,cktile,30,0,a8w8_blockscale_cktile_192x256x128_4x2x1_16x16x128_intrawave_0x1x0_2_aqrm,1,17,15.849579999999996,0.0,passed,
1280,7168,768,cktile_29_split0,cktile,29,0,a8w8_blockscale_cktile_192x256x128_4x2x1_16x16x128_intrawave_0x1x0_4,1,18,15.718354166666662,0.0,passed,
1280,7168,768,cktile_28_split0,cktile,28,0,a8w8_blockscale_cktile_192x256x128_4x2x1_16x16x128_intrawave_0x1x0_3,1,19,15.80478,0.0,passed,
1280,7168,768,cktile_27_split0,cktile,27,0,a8w8_blockscale_cktile_192x256x128_4x2x1_16x16x128_intrawave_0x1x0_2,1,20,15.895979999999998,0.0,passed,
1280,7168,768,cktile_26_split0,cktile,26,0,a8w8_blockscale_cktile_128x128x128_2x2x1_16x16x128_intrawave_0x1x0_4,1,21,145.07884,0.0,passed,
1280,7168,768,cktile_25_split0,cktile,25,0,a8w8_blockscale_cktile_128x128x128_2x2x1_16x16x128_intrawave_0x1x0_3,1,22,69.77237999999994,0.0,passed,
1280,7168,768,cktile_24_split0,cktile,24,0,a8w8_blockscale_cktile_128x128x128_2x2x1_16x16x128_intrawave_0x1x0_1,1,23,29.89385714285715,0.0,passed,
1280,7168,768,cktile_23_split0,cktile,23,0,a8w8_blockscale_cktile_128x128x128_1x4x1_16x16x128_intrawave_0x1x0_4,1,24,107.9008,0.0,passed,
1280,7168,768,cktile_22_split0,cktile,22,0,a8w8_blockscale_cktile_128x128x128_1x4x1_16x16x128_intrawave_0x1x0_3,1,25,65.17472000000002,0.0,passed,
1280,7168,768,cktile_21_split0,cktile,21,0,a8w8_blockscale_cktile_128x128x128_1x4x1_16x16x128_intrawave_0x1x0_2,1,26,31.11835416666666,0.0,passed,
1280,7168,768,cktile_20_split0,cktile,20,0,a8w8_blockscale_cktile_32x128x128_1x4x1_16x16x64_intrawave_0x1x0_4,1,27,29.000812500000023,0.0,passed,
1280,7168,768,cktile_19_split0,cktile,19,0,a8w8_blockscale_cktile_32x128x128_1x4x1_16x16x64_intrawave_0x1x0_3,1,28,29.010571428571424,0.0,passed,
1280,7168,768,cktile_18_split0,cktile,18,0,a8w8_blockscale_cktile_32x128x128_1x4x1_16x16x128_intrawave_0x1x0_4,1,29,29.02407142857142,0.0,passed,
1280,7168,768,cktile_17_split0,cktile,17,0,a8w8_blockscale_cktile_32x128x128_1x4x1_16x16x128_intrawave_0x1x0_3,1,30,29.01166666666667,0.0,passed,
1280,7168,768,cktile_16_split0,cktile,16,0,a8w8_blockscale_cktile_16x128x256_1x4x1_16x16x64_intrawave_0x1x0_4,1,31,37.458416666666636,0.0,passed,
1280,7168,768,cktile_15_split0,cktile,15,0,a8w8_blockscale_cktile_16x128x256_1x4x1_16x16x64_intrawave_0x1x0_3,1,32,35.09422916666665,0.0,passed,
1280,7168,768,cktile_14_split0,cktile,14,0,a8w8_blockscale_cktile_16x128x256_1x4x1_16x16x128_intrawave_0x1x0_4,1,33,45.16435416666667,0.0,passed,
1280,7168,768,cktile_13_split0,cktile,13,0,a8w8_blockscale_cktile_16x128x256_1x4x1_16x16x128_intrawave_0x1x0_3,1,34,36.612583333333305,0.0,passed,
1280,7168,768,cktile_12_split0,cktile,12,0,a8w8_blockscale_cktile_192x256x128_4x2x1_16x16x128_intrawave_0x1x0_1_aqrm,1,35,15.671687499999985,0.0,passed,
1280,7168,768,cktile_11_split0,cktile,11,0,a8w8_blockscale_cktile_192x256x128_4x2x1_16x16x128_intrawave_0x1x0_1,1,36,15.920020833333332,0.0,passed,
1280,7168,768,cktile_10_split0,cktile,10,0,a8w8_blockscale_cktile_128x128x128_2x2x1_16x16x128_intrawave_0x1x0_2,1,37,30.035897959183654,0.0,passed,
1280,7168,768,cktile_9_split0,cktile,9,0,a8w8_blockscale_cktile_128x128x128_1x4x1_16x16x128_intrawave_0x1x0_1,1,38,31.151000000000003,0.0,passed,
1280,7168,768,cktile_8_split0,cktile,8,0,a8w8_blockscale_cktile_128x128x128_1x4x1_16x16x128_intrawave_0x1x0_1,1,39,31.182836734693897,0.0,passed,
1280,7168,768,cktile_7_split0,cktile,7,0,a8w8_blockscale_cktile_32x128x128_1x4x1_16x16x64_intrawave_0x1x0_2,1,40,29.053772727272733,0.0,passed,
1280,7168,768,cktile_6_split0,cktile,6,0,a8w8_blockscale_cktile_32x128x128_1x4x1_16x16x64_intrawave_0x1x0_1,1,41,27.88581249999999,0.0,passed,
1280,7168,768,cktile_5_split0,cktile,5,0,a8w8_blockscale_cktile_32x128x128_1x4x1_16x16x128_intrawave_0x1x0_2,1,42,28.959191489361686,0.0,passed,
1280,7168,768,cktile_4_split0,cktile,4,0,a8w8_blockscale_cktile_32x128x128_1x4x1_16x16x128_intrawave_0x1x0_1,1,43,29.05333333333333,0.0,passed,
1280,7168,768,cktile_3_split0,cktile,3,0,a8w8_blockscale_cktile_16x128x256_1x4x1_16x16x64_intrawave_0x1x0_2,1,44,34.92995555555554,0.0,passed,
1280,7168,768,cktile_2_split0,cktile,2,0,a8w8_blockscale_cktile_16x128x256_1x4x1_16x16x64_intrawave_0x1x0_1,1,45,37.23943589743588,0.0,passed,
1280,7168,768,cktile_1_split0,cktile,1,0,a8w8_blockscale_cktile_16x128x256_1x4x1_16x16x128_intrawave_0x1x0_2,1,46,36.69627659574468,0.0,passed,
1280,7168,768,cktile_0_split0,cktile,0,0,a8w8_blockscale_cktile_16x128x256_1x4x1_16x16x128_intrawave_0x1x0_1,1,47,36.529717391304324,0.0,passed,
1280,7168,768,ck_17_split0,ck,17,0,a8w8_blockscale_bpreshuffle_1x128x128_256x64x64x256_16x16_16x16_16x16x1_16x16x1_1x32x1x8_8_2x1_intrawave_v1,1,48,27.181346938775505,0.0,passed,
1280,7168,768,ck_16_split0,ck,16,0,a8w8_blockscale_bpreshuffle_1x128x128_256x64x128x256_16x16_16x16_16x16x1_16x16x1_1x32x1x8_8_2x1_intrawave_v1,1,49,23.130104166666666,0.0,passed,
1280,7168,768,ck_15_split0,ck,15,0,a8w8_blockscale_bpreshuffle_1x128x128_256x64x64x128_16x16_16x16_8x32x1_8x32x1_1x32x1x8_8_2x1_intrawave_v1,1,50,20.58861224489795,0.0,passed,
1280,7168,768,ck_14_split0,ck,14,0,a8w8_blockscale_bpreshuffle_1x128x128_256x64x128x128_16x16_16x16_8x32x1_8x32x1_1x32x1x8_8_2x1_intrawave_v1,1,51,19.318408163265307,0.0,passed,
1280,7168,768,ck_13_split0,ck,13,0,a8w8_blockscale_bpreshuffle_1x128x128_256x64x256x128_16x16_16x16_8x32x1_8x32x1_1x32x1x8_8_2x1_intrawave_v1,1,52,23.267361702127662,0.0,passed,
1280,7168,768,ck_12_split0,ck,12,0,a8w8_blockscale_bpreshuffle_1x128x128_256x32x64x256_16x16_16x16_16x16x1_16x16x1_1x32x1x8_8_2x1_intrawave_v1,1,53,25.483023255813947,0.0,passed,
1280,7168,768,ck_11_split0,ck,11,0,a8w8_blockscale_bpreshuffle_1x128x128_256x32x128x256_16x16_16x16_16x16x1_16x16x1_1x32x1x8_8_2x1_intrawave_v1,1,54,21.500083333333336,0.0,passed,
1280,7168,768,ck_10_split0,ck,10,0,a8w8_blockscale_bpreshuffle_1x128x128_256x32x64x128_16x16_16x16_8x32x1_8x32x1_1x32x1x8_8_2x1_intrawave_v1,1,55,21.957612244897955,0.0,passed,
1280,7168,768,ck_11_split0,ck,11,0,a8w8_blockscale_bpreshuffle_1x128x128_256x32x128x256_16x16_16x16_16x16x1_16x16x1_1x32x1x8_8_2x1_intrawave_v1,2,0,21.560957446808512,0.0,passed,
1280,7168,768,ck_12_split0,ck,12,0,a8w8_blockscale_bpreshuffle_1x128x128_256x32x64x256_16x16_16x16_16x16x1_16x16x1_1x32x1x8_8_2x1_intrawave_v1,2,1,25.46567999999999,0.0,passed,
1280,7168,768,ck_13_split0,ck,13,0,a8w8_blockscale_bpreshuffle_1x128x128_256x64x256x128_16x16_16x16_8x32x1_8x32x1_1x32x1x8_8_2x1_intrawave_v1,2,2,23.28260416666666,0.0,passed,
1280,7168,768,ck_14_split0,ck,14,0,a8w8_blockscale_bpreshuffle_1x128x128_256x64x128x128_16x16_16x16_8x32x1_8x32x1_1x32x1x8_8_2x1_intrawave_v1,2,3,19.310062499999997,0.0,passed,
1280,7168,768,ck_15_split0,ck,15,0,a8w8_blockscale_bpreshuffle_1x128x128_256x64x64x128_16x16_16x16_8x32x1_8x32x1_1x32x1x8_8_2x1_intrawave_v1,2,4,20.69638775510204,0.0,passed,
1280,7168,768,ck_16_split0,ck,16,0,a8w8_blockscale_bpreshuffle_1x128x128_256x64x128x256_16x16_16x16_16x16x1_16x16x1_1x32x1x8_8_2x1_intrawave_v1,2,5,23.16946808510637,0.0,passed,
1280,7168,768,ck_17_split0,ck,17,0,a8w8_blockscale_bpreshuffle_1x128x128_256x64x64x256_16x16_16x16_16x16x1_16x16x1_1x32x1x8_8_2x1_intrawave_v1,2,6,27.161043478260872,0.0,passed,
1280,7168,768,cktile_0_split0,cktile,0,0,a8w8_blockscale_cktile_16x128x256_1x4x1_16x16x128_intrawave_0x1x0_1,2,7,36.60657142857145,0.0,passed,
1280,7168,768,cktile_1_split0,cktile,1,0,a8w8_blockscale_cktile_16x128x256_1x4x1_16x16x128_intrawave_0x1x0_2,2,8,36.84495918367346,0.0,passed,
1280,7168,768,cktile_2_split0,cktile,2,0,a8w8_blockscale_cktile_16x128x256_1x4x1_16x16x64_intrawave_0x1x0_1,2,9,38.22484,0.0,passed,
1280,7168,768,cktile_3_split0,cktile,3,0,a8w8_blockscale_cktile_16x128x256_1x4x1_16x16x64_intrawave_0x1x0_2,2,10,35.23757142857144,0.0,passed,
1280,7168,768,cktile_4_split0,cktile,4,0,a8w8_blockscale_cktile_32x128x128_1x4x1_16x16x128_intrawave_0x1x0_1,2,11,29.26075609756097,0.0,passed,
1280,7168,768,cktile_5_split0,cktile,5,0,a8w8_blockscale_cktile_32x128x128_1x4x1_16x16x128_intrawave_0x1x0_2,2,12,29.137918367346963,0.0,passed,
1280,7168,768,cktile_6_split0,cktile,6,0,a8w8_blockscale_cktile_32x128x128_1x4x1_16x16x64_intrawave_0x1x0_1,2,13,28.046173913043482,0.0,passed,
1280,7168,768,cktile_7_split0,cktile,7,0,a8w8_blockscale_cktile_32x128x128_1x4x1_16x16x64_intrawave_0x1x0_2,2,14,29.132499999999993,0.0,passed,
1280,7168,768,cktile_8_split0,cktile,8,0,a8w8_blockscale_cktile_128x128x128_1x4x1_16x16x128_intrawave_0x1x0_1,2,15,31.425306122448987,0.0,passed,
1280,7168,768,cktile_9_split0,cktile,9,0,a8w8_blockscale_cktile_128x128x128_1x4x1_16x16x128_intrawave_0x1x0_1,2,16,31.407346938775486,0.0,passed,
1280,7168,768,cktile_10_split0,cktile,10,0,a8w8_blockscale_cktile_128x128x128_2x2x1_16x16x128_intrawave_0x1x0_2,2,17,30.334187499999995,0.0,passed,
1280,7168,768,cktile_11_split0,cktile,11,0,a8w8_blockscale_cktile_192x256x128_4x2x1_16x16x128_intrawave_0x1x0_1,2,18,15.83752083333333,0.0,passed,
1280,7168,768,cktile_12_split0,cktile,12,0,a8w8_blockscale_cktile_192x256x128_4x2x1_16x16x128_intrawave_0x1x0_1_aqrm,2,19,15.774673469387753,0.0,passed,
1280,7168,768,cktile_13_split0,cktile,13,0,a8w8_blockscale_cktile_16x128x256_1x4x1_16x16x128_intrawave_0x1x0_3,2,20,36.928416666666664,0.0,passed,
1280,7168,768,cktile_14_split0,cktile,14,0,a8w8_blockscale_cktile_16x128x256_1x4x1_16x16x128_intrawave_0x1x0_4,2,21,45.139333333333326,0.0,passed,
1280,7168,768,cktile_15_split0,cktile,15,0,a8w8_blockscale_cktile_16x128x256_1x4x1_16x16x64_intrawave_0x1x0_3,2,22,34.995851063829775,0.0,passed,
1280,7168,768,cktile_16_split0,cktile,16,0,a8w8_blockscale_cktile_16x128x256_1x4x1_16x16x64_intrawave_0x1x0_4,2,23,38.00495918367347,0.0,passed,
1280,7168,768,cktile_17_split0,cktile,17,0,a8w8_blockscale_cktile_32x128x128_1x4x1_16x16x128_intrawave_0x1x0_3,2,24,29.216645833333335,0.0,passed,
1280,7168,768,cktile_18_split0,cktile,18,0,a8w8_blockscale_cktile_32x128x128_1x4x1_16x16x128_intrawave_0x1x0_4,2,25,29.16441304347825,0.0,passed,
1280,7168,768,cktile_19_split0,cktile,19,0,a8w8_blockscale_cktile_32x128x128_1x4x1_16x16x64_intrawave_0x1x0_3,2,26,29.113312500000003,0.0,passed,
1280,7168,768,cktile_20_split0,cktile,20,0,a8w8_blockscale_cktile_32x128x128_1x4x1_16x16x64_intrawave_0x1x0_4,2,27,29.087680851063826,0.0,passed,
1280,7168,768,cktile_21_split0,cktile,21,0,a8w8_blockscale_cktile_128x128x128_1x4x1_16x16x128_intrawave_0x1x0_2,2,28,31.24942553191489,0.0,passed,
1280,7168,768,cktile_22_split0,cktile,22,0,a8w8_blockscale_cktile_128x128x128_1x4x1_16x16x128_intrawave_0x1x0_3,2,29,65.39472,0.0,passed,
1280,7168,768,cktile_23_split0,cktile,23,0,a8w8_blockscale_cktile_128x128x128_1x4x1_16x16x128_intrawave_0x1x0_4,2,30,108.0000204081633,0.0,passed,
1280,7168,768,cktile_24_split0,cktile,24,0,a8w8_blockscale_cktile_128x128x128_2x2x1_16x16x128_intrawave_0x1x0_1,2,31,30.077520833333335,0.0,passed,
1280,7168,768,cktile_25_split0,cktile,25,0,a8w8_blockscale_cktile_128x128x128_2x2x1_16x16x128_intrawave_0x1x0_3,2,32,70.17293750000002,0.0,passed,
1280,7168,768,cktile_26_split0,cktile,26,0,a8w8_blockscale_cktile_128x128x128_2x2x1_16x16x128_intrawave_0x1x0_4,2,33,145.59002,0.0,passed,
1280,7168,768,cktile_27_split0,cktile,27,0,a8w8_blockscale_cktile_192x256x128_4x2x1_16x16x128_intrawave_0x1x0_2,2,34,15.759159999999998,0.0,passed,
1280,7168,768,cktile_28_split0,cktile,28,0,a8w8_blockscale_cktile_192x256x128_4x2x1_16x16x128_intrawave_0x1x0_3,2,35,15.790204081632652,0.0,passed,
1280,7168,768,cktile_29_split0,cktile,29,0,a8w8_blockscale_cktile_192x256x128_4x2x1_16x16x128_intrawave_0x1x0_4,2,36,15.87755102040817,0.0,passed,
1280,7168,768,cktile_30_split0,cktile,30,0,a8w8_blockscale_cktile_192x256x128_4x2x1_16x16x128_intrawave_0x1x0_2_aqrm,2,37,15.766666666666673,0.0,passed,
1280,7168,768,cktile_31_split0,cktile,31,0,a8w8_blockscale_cktile_192x256x128_4x2x1_16x16x128_intrawave_0x1x0_3_aqrm,2,38,15.871180000000004,0.0,passed,
1280,7168,768,cktile_32_split0,cktile,32,0,a8w8_blockscale_cktile_192x256x128_4x2x1_16x16x128_intrawave_0x1x0_4_aqrm,2,39,15.881632653061216,0.0,passed,
1280,7168,768,opus_9000,opus,9000,0,opus_gemm_gfx950_a8w8_mxscale_gemm_bpreshuffle_256x256x256x128_2x2_16x16x128_1x128x128_tiles1_nooob,2,40,16.842520833333335,0.0,passed,
1280,7168,768,opus_9010,opus,9010,0,opus_gemm_gfx950_a8w8_mxscale_gemm_bpreshuffle_256x128x128x128_2x2_16x16x128_1x128x128_tiles1_nooob,2,41,24.030285714285714,0.0,passed,
1280,7168,768,opus_9011,opus,9011,0,opus_gemm_gfx950_a8w8_mxscale_gemm_bpreshuffle_256x64x128x128_2x2_16x16x128_1x128x128_tiles1_nooob,2,42,21.96677083333333,0.0,passed,
1280,7168,768,opus_9012,opus,9012,0,opus_gemm_gfx950_a8w8_mxscale_gemm_bpreshuffle_256x64x64x128_2x2_16x16x128_1x128x128_tiles1_nooob,2,43,25.851279999999996,0.0,passed,
1280,7168,768,opus_9020,opus,9020,0,opus_gemm_gfx950_a8w8_mxscale_gemm_bpreshuffle_256x256x256x128_2x2_16x16x128_1x128x128_tiles1,2,44,19.244020000000003,0.0,passed,
1280,7168,768,ck_0_split0,ck,0,0,a8w8_blockscale_bpreshuffle_1x128x128_256x128x128x128_16x16_16x16_8x32x1_8x32x1_1x32x1x8_8_2x1_intrawave_v3,2,45,23.020978260869562,0.0,passed,
1280,7168,768,ck_1_split0,ck,1,0,a8w8_blockscale_bpreshuffle_1x128x128_256x64x128x128_16x16_16x16_8x32x1_8x32x1_1x32x1x8_8_2x1_intrawave_v3,2,46,19.624636363636363,0.0,passed,
1280,7168,768,ck_2_split0,ck,2,0,a8w8_blockscale_bpreshuffle_1x128x128_256x64x64x128_16x16_16x16_8x32x1_8x32x1_1x32x1x8_8_2x1_intrawave_v3,2,47,21.503240000000005,0.0,passed,
1280,7168,768,ck_3_split0,ck,3,0,a8w8_blockscale_bpreshuffle_1x128x128_256x16x256x128_8x16_16x16_16x16x1_8x32x1_1x16x1x16_8_1x2_intrawave_v1,2,48,27.06216326530612,0.0,passed,
1280,7168,768,ck_4_split0,ck,4,0,a8w8_blockscale_bpreshuffle_1x128x128_256x16x128x128_8x16_16x16_16x16x1_8x32x1_1x16x1x16_8_1x2_intrawave_v1,2,49,29.072795918367333,0.0,passed,
1280,7168,768,ck_5_split0,ck,5,0,a8w8_blockscale_bpreshuffle_1x128x128_256x16x64x128_8x16_16x16_16x16x1_8x32x1_1x16x1x16_4_1x1_intrawave_v1,2,50,33.485780000000005,0.0,passed,
1280,7168,768,ck_6_split0,ck,6,0,a8w8_blockscale_bpreshuffle_1x128x128_256x16x128x256_16x16_16x16_16x16x1_16x16x1_1x16x1x16_8_1x2_intrawave_v1,2,51,29.01810204081633,0.0,passed,
1280,7168,768,ck_7_split0,ck,7,0,a8w8_blockscale_bpreshuffle_1x128x128_256x16x64x256_16x16_16x16_16x16x1_16x16x1_1x16x1x16_4_1x1_intrawave_v1,2,52,34.321020408163264,0.0,passed,
1280,7168,768,ck_8_split0,ck,8,0,a8w8_blockscale_bpreshuffle_1x128x128_256x32x256x128_16x16_16x16_8x32x1_8x32x1_1x32x1x8_8_2x1_intrawave_v1,2,53,20.908416666666664,0.0,passed,
1280,7168,768,ck_9_split0,ck,9,0,a8w8_blockscale_bpreshuffle_1x128x128_256x32x128x128_16x16_16x16_8x32x1_8x32x1_1x32x1x8_8_2x1_intrawave_v1,2,54,20.128375000000002,0.0,passed,
1280,7168,768,ck_10_split0,ck,10,0,a8w8_blockscale_bpreshuffle_1x128x128_256x32x64x128_16x16_16x16_8x32x1_8x32x1_1x32x1x8_8_2x1_intrawave_v1,2,55,21.932562499999992,0.0,passed,
2048,7168,768,ck_10_split0,ck,10,0,a8w8_blockscale_bpreshuffle_1x128x128_256x32x64x128_16x16_16x16_8x32x1_8x32x1_1x32x1x8_8_2x1_intrawave_v1,0,0,35.347379999999994,0.0,passed,
2048,7168,768,ck_11_split0,ck,11,0,a8w8_blockscale_bpreshuffle_1x128x128_256x32x128x256_16x16_16x16_16x16x1_16x16x1_1x32x1x8_8_2x1_intrawave_v1,0,1,33.010809523809534,0.0,passed,
2048,7168,768,ck_12_split0,ck,12,0,a8w8_blockscale_bpreshuffle_1x128x128_256x32x64x256_16x16_16x16_16x16x1_16x16x1_1x32x1x8_8_2x1_intrawave_v1,0,2,40.576612244897944,0.0,passed,
2048,7168,768,ck_13_split0,ck,13,0,a8w8_blockscale_bpreshuffle_1x128x128_256x64x256x128_16x16_16x16_8x32x1_8x32x1_1x32x1x8_8_2x1_intrawave_v1,0,3,30.80268749999999,0.0,passed,
2048,7168,768,ck_14_split0,ck,14,0,a8w8_blockscale_bpreshuffle_1x128x128_256x64x128x128_16x16_16x16_8x32x1_8x32x1_1x32x1x8_8_2x1_intrawave_v1,0,4,28.267666666666656,0.0,passed,
2048,7168,768,ck_15_split0,ck,15,0,a8w8_blockscale_bpreshuffle_1x128x128_256x64x64x128_16x16_16x16_8x32x1_8x32x1_1x32x1x8_8_2x1_intrawave_v1,0,5,32.36896,0.0,passed,
2048,7168,768,ck_16_split0,ck,16,0,a8w8_blockscale_bpreshuffle_1x128x128_256x64x128x256_16x16_16x16_16x16x1_16x16x1_1x32x1x8_8_2x1_intrawave_v1,0,6,33.86782222222221,0.0,passed,
2048,7168,768,ck_17_split0,ck,17,0,a8w8_blockscale_bpreshuffle_1x128x128_256x64x64x256_16x16_16x16_16x16x1_16x16x1_1x32x1x8_8_2x1_intrawave_v1,0,7,44.32108000000001,0.0,passed,
2048,7168,768,cktile_0_split0,cktile,0,0,a8w8_blockscale_cktile_16x128x256_1x4x1_16x16x128_intrawave_0x1x0_1,0,8,53.342750000000045,0.0,passed,
2048,7168,768,cktile_1_split0,cktile,1,0,a8w8_blockscale_cktile_16x128x256_1x4x1_16x16x128_intrawave_0x1x0_2,0,9,53.76104081632658,0.0,passed,
2048,7168,768,cktile_2_split0,cktile,2,0,a8w8_blockscale_cktile_16x128x256_1x4x1_16x16x64_intrawave_0x1x0_1,0,10,54.20422000000002,0.0,passed,
2048,7168,768,cktile_3_split0,cktile,3,0,a8w8_blockscale_cktile_16x128x256_1x4x1_16x16x64_intrawave_0x1x0_2,0,11,50.59775999999998,0.0,passed,
2048,7168,768,cktile_4_split0,cktile,4,0,a8w8_blockscale_cktile_32x128x128_1x4x1_16x16x128_intrawave_0x1x0_1,0,12,38.899304347826096,0.0,passed,
2048,7168,768,cktile_5_split0,cktile,5,0,a8w8_blockscale_cktile_32x128x128_1x4x1_16x16x128_intrawave_0x1x0_2,0,13,39.17345833333336,0.0,passed,
2048,7168,768,cktile_6_split0,cktile,6,0,a8w8_blockscale_cktile_32x128x128_1x4x1_16x16x64_intrawave_0x1x0_1,0,14,38.942782608695644,0.0,passed,
2048,7168,768,cktile_7_split0,cktile,7,0,a8w8_blockscale_cktile_32x128x128_1x4x1_16x16x64_intrawave_0x1x0_2,0,15,39.31334042553191,0.0,passed,
2048,7168,768,cktile_8_split0,cktile,8,0,a8w8_blockscale_cktile_128x128x128_1x4x1_16x16x128_intrawave_0x1x0_1,0,16,35.651434782608696,0.0,passed,
2048,7168,768,cktile_9_split0,cktile,9,0,a8w8_blockscale_cktile_128x128x128_1x4x1_16x16x128_intrawave_0x1x0_1,0,17,35.754999999999995,0.0,passed,
2048,7168,768,cktile_10_split0,cktile,10,0,a8w8_blockscale_cktile_128x128x128_2x2x1_16x16x128_intrawave_0x1x0_2,0,18,36.09120000000003,0.0,passed,
2048,7168,768,cktile_11_split0,cktile,11,0,a8w8_blockscale_cktile_192x256x128_4x2x1_16x16x128_intrawave_0x1x0_1,0,19,27.739300000000007,0.0,passed,
2048,7168,768,cktile_12_split0,cktile,12,0,a8w8_blockscale_cktile_192x256x128_4x2x1_16x16x128_intrawave_0x1x0_1_aqrm,0,20,27.64345833333333,0.0,passed,
2048,7168,768,cktile_13_split0,cktile,13,0,a8w8_blockscale_cktile_16x128x256_1x4x1_16x16x128_intrawave_0x1x0_3,0,21,52.947749999999985,0.0,passed,
2048,7168,768,cktile_14_split0,cktile,14,0,a8w8_blockscale_cktile_16x128x256_1x4x1_16x16x128_intrawave_0x1x0_4,0,22,65.50404081632658,0.0,passed,
2048,7168,768,cktile_15_split0,cktile,15,0,a8w8_blockscale_cktile_16x128x256_1x4x1_16x16x64_intrawave_0x1x0_3,0,23,49.370208333333316,0.0,passed,
2048,7168,768,cktile_16_split0,cktile,16,0,a8w8_blockscale_cktile_16x128x256_1x4x1_16x16x64_intrawave_0x1x0_4,0,24,54.11124489795918,0.0,passed,
2048,7168,768,cktile_17_split0,cktile,17,0,a8w8_blockscale_cktile_32x128x128_1x4x1_16x16x128_intrawave_0x1x0_3,0,25,39.15417021276593,0.0,passed,
2048,7168,768,cktile_18_split0,cktile,18,0,a8w8_blockscale_cktile_32x128x128_1x4x1_16x16x128_intrawave_0x1x0_4,0,26,39.02142553191489,0.0,passed,
2048,7168,768,cktile_19_split0,cktile,19,0,a8w8_blockscale_cktile_32x128x128_1x4x1_16x16x64_intrawave_0x1x0_3,0,27,39.13760416666667,0.0,passed,
2048,7168,768,cktile_20_split0,cktile,20,0,a8w8_blockscale_cktile_32x128x128_1x4x1_16x16x64_intrawave_0x1x0_4,0,28,39.028234042553194,0.0,passed,
2048,7168,768,cktile_21_split0,cktile,21,0,a8w8_blockscale_cktile_128x128x128_1x4x1_16x16x128_intrawave_0x1x0_2,0,29,35.80093617021276,0.0,passed,
2048,7168,768,cktile_22_split0,cktile,22,0,a8w8_blockscale_cktile_128x128x128_1x4x1_16x16x128_intrawave_0x1x0_3,0,30,102.41116000000012,0.0,passed,
2048,7168,768,cktile_23_split0,cktile,23,0,a8w8_blockscale_cktile_128x128x128_1x4x1_16x16x128_intrawave_0x1x0_4,0,31,135.16846938775507,0.0,passed,
2048,7168,768,cktile_24_split0,cktile,24,0,a8w8_blockscale_cktile_128x128x128_2x2x1_16x16x128_intrawave_0x1x0_1,0,32,35.954326530612256,0.0,passed,
2048,7168,768,cktile_25_split0,cktile,25,0,a8w8_blockscale_cktile_128x128x128_2x2x1_16x16x128_intrawave_0x1x0_3,0,33,107.96089583333328,0.0,passed,
2048,7168,768,cktile_26_split0,cktile,26,0,a8w8_blockscale_cktile_128x128x128_2x2x1_16x16x128_intrawave_0x1x0_4,0,34,188.1780816326529,0.0,passed,
2048,7168,768,cktile_27_split0,cktile,27,0,a8w8_blockscale_cktile_192x256x128_4x2x1_16x16x128_intrawave_0x1x0_2,0,35,27.73851999999999,0.0,passed,
2048,7168,768,cktile_28_split0,cktile,28,0,a8w8_blockscale_cktile_192x256x128_4x2x1_16x16x128_intrawave_0x1x0_3,0,36,27.704900000000013,0.0,passed,
2048,7168,768,cktile_29_split0,cktile,29,0,a8w8_blockscale_cktile_192x256x128_4x2x1_16x16x128_intrawave_0x1x0_4,0,37,27.60431250000001,0.0,passed,
2048,7168,768,cktile_30_split0,cktile,30,0,a8w8_blockscale_cktile_192x256x128_4x2x1_16x16x128_intrawave_0x1x0_2_aqrm,0,38,27.747877551020423,0.0,passed,
2048,7168,768,cktile_31_split0,cktile,31,0,a8w8_blockscale_cktile_192x256x128_4x2x1_16x16x128_intrawave_0x1x0_3_aqrm,0,39,27.755244897959184,0.0,passed,
2048,7168,768,cktile_32_split0,cktile,32,0,a8w8_blockscale_cktile_192x256x128_4x2x1_16x16x128_intrawave_0x1x0_4_aqrm,0,40,27.80410000000001,0.0,passed,
2048,7168,768,opus_9000,opus,9000,0,opus_gemm_gfx950_a8w8_mxscale_gemm_bpreshuffle_256x256x256x128_2x2_16x16x128_1x128x128_tiles1_nooob,0,41,20.170420000000004,0.0,passed,
2048,7168,768,opus_9010,opus,9010,0,opus_gemm_gfx950_a8w8_mxscale_gemm_bpreshuffle_256x128x128x128_2x2_16x16x128_1x128x128_tiles1_nooob,0,42,34.05816326530612,0.0,passed,
2048,7168,768,opus_9011,opus,9011,0,opus_gemm_gfx950_a8w8_mxscale_gemm_bpreshuffle_256x64x128x128_2x2_16x16x128_1x128x128_tiles1_nooob,0,43,30.274428571428572,0.0,passed,
2048,7168,768,opus_9012,opus,9012,0,opus_gemm_gfx950_a8w8_mxscale_gemm_bpreshuffle_256x64x64x128_2x2_16x16x128_1x128x128_tiles1_nooob,0,44,37.178604166666666,0.0,passed,
2048,7168,768,opus_9020,opus,9020,0,opus_gemm_gfx950_a8w8_mxscale_gemm_bpreshuffle_256x256x256x128_2x2_16x16x128_1x128x128_tiles1,0,45,21.46004,0.0,passed,
2048,7168,768,ck_0_split0,ck,0,0,a8w8_blockscale_bpreshuffle_1x128x128_256x128x128x128_16x16_16x16_8x32x1_8x32x1_1x32x1x8_8_2x1_intrawave_v3,0,46,30.38369565217391,0.0,passed,
2048,7168,768,ck_1_split0,ck,1,0,a8w8_blockscale_bpreshuffle_1x128x128_256x64x128x128_16x16_16x16_8x32x1_8x32x1_1x32x1x8_8_2x1_intrawave_v3,0,47,28.613183673469393,0.0,passed,
2048,7168,768,ck_2_split0,ck,2,0,a8w8_blockscale_bpreshuffle_1x128x128_256x64x64x128_16x16_16x16_8x32x1_8x32x1_1x32x1x8_8_2x1_intrawave_v3,0,48,33.34222448979591,0.0,passed,
2048,7168,768,ck_3_split0,ck,3,0,a8w8_blockscale_bpreshuffle_1x128x128_256x16x256x128_8x16_16x16_16x16x1_8x32x1_1x16x1x16_8_1x2_intrawave_v1,0,49,41.946679999999986,0.0,passed,
2048,7168,768,ck_4_split0,ck,4,0,a8w8_blockscale_bpreshuffle_1x128x128_256x16x128x128_8x16_16x16_16x16x1_8x32x1_1x16x1x16_8_1x2_intrawave_v1,0,50,44.805214285714285,0.0,passed,
2048,7168,768,ck_5_split0,ck,5,0,a8w8_blockscale_bpreshuffle_1x128x128_256x16x64x128_8x16_16x16_16x16x1_8x32x1_1x16x1x16_4_1x1_intrawave_v1,0,51,52.42004651162792,0.0,passed,
2048,7168,768,ck_6_split0,ck,6,0,a8w8_blockscale_bpreshuffle_1x128x128_256x16x128x256_16x16_16x16_16x16x1_16x16x1_1x16x1x16_8_1x2_intrawave_v1,0,52,45.129285714285714,0.0,passed,
2048,7168,768,ck_7_split0,ck,7,0,a8w8_blockscale_bpreshuffle_1x128x128_256x16x64x256_16x16_16x16_16x16x1_16x16x1_1x16x1x16_4_1x1_intrawave_v1,0,53,55.28042000000002,0.0,passed,
2048,7168,768,ck_8_split0,ck,8,0,a8w8_blockscale_bpreshuffle_1x128x128_256x32x256x128_16x16_16x16_8x32x1_8x32x1_1x32x1x8_8_2x1_intrawave_v1,0,54,29.47591489361702,0.0,passed,
2048,7168,768,ck_9_split0,ck,9,0,a8w8_blockscale_bpreshuffle_1x128x128_256x32x128x128_16x16_16x16_8x32x1_8x32x1_1x32x1x8_8_2x1_intrawave_v1,0,55,30.960959183673484,0.0,passed,
2048,7168,768,ck_10_split0,ck,10,0,a8w8_blockscale_bpreshuffle_1x128x128_256x32x64x128_16x16_16x16_8x32x1_8x32x1_1x32x1x8_8_2x1_intrawave_v1,1,0,35.08579999999999,0.0,passed,
2048,7168,768,ck_9_split0,ck,9,0,a8w8_blockscale_bpreshuffle_1x128x128_256x32x128x128_16x16_16x16_8x32x1_8x32x1_1x32x1x8_8_2x1_intrawave_v1,1,1,30.940187500000008,0.0,passed,
2048,7168,768,ck_8_split0,ck,8,0,a8w8_blockscale_bpreshuffle_1x128x128_256x32x256x128_16x16_16x16_8x32x1_8x32x1_1x32x1x8_8_2x1_intrawave_v1,1,2,29.627522727272723,0.0,passed,
2048,7168,768,ck_7_split0,ck,7,0,a8w8_blockscale_bpreshuffle_1x128x128_256x16x64x256_16x16_16x16_16x16x1_16x16x1_1x16x1x16_4_1x1_intrawave_v1,1,3,53.180625000000006,0.0,passed,
2048,7168,768,ck_6_split0,ck,6,0,a8w8_blockscale_bpreshuffle_1x128x128_256x16x128x256_16x16_16x16_16x16x1_16x16x1_1x16x1x16_8_1x2_intrawave_v1,1,4,44.759499999999996,0.0,passed,
2048,7168,768,ck_5_split0,ck,5,0,a8w8_blockscale_bpreshuffle_1x128x128_256x16x64x128_8x16_16x16_16x16x1_8x32x1_1x16x1x16_4_1x1_intrawave_v1,1,5,52.5430652173913,0.0,passed,
2048,7168,768,ck_4_split0,ck,4,0,a8w8_blockscale_bpreshuffle_1x128x128_256x16x128x128_8x16_16x16_16x16x1_8x32x1_1x16x1x16_8_1x2_intrawave_v1,1,6,45.743499999999955,0.0,passed,
2048,7168,768,ck_3_split0,ck,3,0,a8w8_blockscale_bpreshuffle_1x128x128_256x16x256x128_8x16_16x16_16x16x1_8x32x1_1x16x1x16_8_1x2_intrawave_v1,1,7,41.46556521739129,0.0,passed,
2048,7168,768,ck_2_split0,ck,2,0,a8w8_blockscale_bpreshuffle_1x128x128_256x64x64x128_16x16_16x16_8x32x1_8x32x1_1x32x1x8_8_2x1_intrawave_v3,1,8,33.75218000000001,0.0,passed,
2048,7168,768,ck_1_split0,ck,1,0,a8w8_blockscale_bpreshuffle_1x128x128_256x64x128x128_16x16_16x16_8x32x1_8x32x1_1x32x1x8_8_2x1_intrawave_v3,1,9,28.530145833333336,0.0,passed,
2048,7168,768,ck_0_split0,ck,0,0,a8w8_blockscale_bpreshuffle_1x128x128_256x128x128x128_16x16_16x16_8x32x1_8x32x1_1x32x1x8_8_2x1_intrawave_v3,1,10,30.39402222222221,0.0,passed,
2048,7168,768,opus_9020,opus,9020,0,opus_gemm_gfx950_a8w8_mxscale_gemm_bpreshuffle_256x256x256x128_2x2_16x16x128_1x128x128_tiles1,1,11,21.43844000000001,0.0,passed,
2048,7168,768,opus_9012,opus,9012,0,opus_gemm_gfx950_a8w8_mxscale_gemm_bpreshuffle_256x64x64x128_2x2_16x16x128_1x128x128_tiles1_nooob,1,12,37.06262000000001,0.0,passed,
2048,7168,768,opus_9011,opus,9011,0,opus_gemm_gfx950_a8w8_mxscale_gemm_bpreshuffle_256x64x128x128_2x2_16x16x128_1x128x128_tiles1_nooob,1,13,30.29183333333333,0.0,passed,
2048,7168,768,opus_9010,opus,9010,0,opus_gemm_gfx950_a8w8_mxscale_gemm_bpreshuffle_256x128x128x128_2x2_16x16x128_1x128x128_tiles1_nooob,1,14,33.87204081632654,0.0,passed,
2048,7168,768,opus_9000,opus,9000,0,opus_gemm_gfx950_a8w8_mxscale_gemm_bpreshuffle_256x256x256x128_2x2_16x16x128_1x128x128_tiles1_nooob,1,15,20.181619999999995,0.0,passed,
2048,7168,768,cktile_32_split0,cktile,32,0,a8w8_blockscale_cktile_192x256x128_4x2x1_16x16x128_intrawave_0x1x0_4_aqrm,1,16,27.739714285714278,0.0,passed,
2048,7168,768,cktile_31_split0,cktile,31,0,a8w8_blockscale_cktile_192x256x128_4x2x1_16x16x128_intrawave_0x1x0_3_aqrm,1,17,27.689122448979596,0.0,passed,
2048,7168,768,cktile_30_split0,cktile,30,0,a8w8_blockscale_cktile_192x256x128_4x2x1_16x16x128_intrawave_0x1x0_2_aqrm,1,18,27.840938775510182,0.0,passed,
2048,7168,768,cktile_29_split0,cktile,29,0,a8w8_blockscale_cktile_192x256x128_4x2x1_16x16x128_intrawave_0x1x0_4,1,19,27.74134693877552,0.0,passed,
2048,7168,768,cktile_28_split0,cktile,28,0,a8w8_blockscale_cktile_192x256x128_4x2x1_16x16x128_intrawave_0x1x0_3,1,20,27.828120000000002,0.0,passed,
2048,7168,768,cktile_27_split0,cktile,27,0,a8w8_blockscale_cktile_192x256x128_4x2x1_16x16x128_intrawave_0x1x0_2,1,21,27.743299999999998,0.0,passed,
2048,7168,768,cktile_26_split0,cktile,26,0,a8w8_blockscale_cktile_128x128x128_2x2x1_16x16x128_intrawave_0x1x0_4,1,22,188.3329,0.0,passed,
2048,7168,768,cktile_25_split0,cktile,25,0,a8w8_blockscale_cktile_128x128x128_2x2x1_16x16x128_intrawave_0x1x0_3,1,23,107.70779591836744,0.0,passed,
2048,7168,768,cktile_24_split0,cktile,24,0,a8w8_blockscale_cktile_128x128x128_2x2x1_16x16x128_intrawave_0x1x0_1,1,24,36.252265306122446,0.0,passed,
2048,7168,768,cktile_23_split0,cktile,23,0,a8w8_blockscale_cktile_128x128x128_1x4x1_16x16x128_intrawave_0x1x0_4,1,25,135.00350000000003,0.0,passed,
2048,7168,768,cktile_22_split0,cktile,22,0,a8w8_blockscale_cktile_128x128x128_1x4x1_16x16x128_intrawave_0x1x0_3,1,26,101.60359999999997,0.0,passed,
2048,7168,768,cktile_21_split0,cktile,21,0,a8w8_blockscale_cktile_128x128x128_1x4x1_16x16x128_intrawave_0x1x0_2,1,27,35.69839130434781,0.0,passed,
2048,7168,768,cktile_20_split0,cktile,20,0,a8w8_blockscale_cktile_32x128x128_1x4x1_16x16x64_intrawave_0x1x0_4,1,28,39.57764000000002,0.0,passed,
2048,7168,768,cktile_19_split0,cktile,19,0,a8w8_blockscale_cktile_32x128x128_1x4x1_16x16x64_intrawave_0x1x0_3,1,29,39.44987755102042,0.0,passed,
2048,7168,768,cktile_18_split0,cktile,18,0,a8w8_blockscale_cktile_32x128x128_1x4x1_16x16x128_intrawave_0x1x0_4,1,30,39.277612244897966,0.0,passed,
2048,7168,768,cktile_17_split0,cktile,17,0,a8w8_blockscale_cktile_32x128x128_1x4x1_16x16x128_intrawave_0x1x0_3,1,31,38.87108163265306,0.0,passed,
2048,7168,768,cktile_16_split0,cktile,16,0,a8w8_blockscale_cktile_16x128x256_1x4x1_16x16x64_intrawave_0x1x0_4,1,32,53.70144897959182,0.0,passed,
2048,7168,768,cktile_15_split0,cktile,15,0,a8w8_blockscale_cktile_16x128x256_1x4x1_16x16x64_intrawave_0x1x0_3,1,33,49.390386363636345,0.0,passed,
2048,7168,768,cktile_14_split0,cktile,14,0,a8w8_blockscale_cktile_16x128x256_1x4x1_16x16x128_intrawave_0x1x0_4,1,34,65.38975510204084,0.0,passed,
2048,7168,768,cktile_13_split0,cktile,13,0,a8w8_blockscale_cktile_16x128x256_1x4x1_16x16x128_intrawave_0x1x0_3,1,35,53.256916666666655,0.0,passed,
2048,7168,768,cktile_12_split0,cktile,12,0,a8w8_blockscale_cktile_192x256x128_4x2x1_16x16x128_intrawave_0x1x0_1_aqrm,1,36,27.608479166666665,0.0,passed,
2048,7168,768,cktile_11_split0,cktile,11,0,a8w8_blockscale_cktile_192x256x128_4x2x1_16x16x128_intrawave_0x1x0_1,1,37,27.667625000000005,0.0,passed,
2048,7168,768,cktile_10_split0,cktile,10,0,a8w8_blockscale_cktile_128x128x128_2x2x1_16x16x128_intrawave_0x1x0_2,1,38,35.939239130434785,0.0,passed,
2048,7168,768,cktile_9_split0,cktile,9,0,a8w8_blockscale_cktile_128x128x128_1x4x1_16x16x128_intrawave_0x1x0_1,1,39,35.73287234042551,0.0,passed,
2048,7168,768,cktile_8_split0,cktile,8,0,a8w8_blockscale_cktile_128x128x128_1x4x1_16x16x128_intrawave_0x1x0_1,1,40,35.991288888888896,0.0,passed,
2048,7168,768,cktile_7_split0,cktile,7,0,a8w8_blockscale_cktile_32x128x128_1x4x1_16x16x64_intrawave_0x1x0_2,1,41,39.23193023255814,0.0,passed,
2048,7168,768,cktile_6_split0,cktile,6,0,a8w8_blockscale_cktile_32x128x128_1x4x1_16x16x64_intrawave_0x1x0_1,1,42,39.00012499999999,0.0,passed,
2048,7168,768,cktile_5_split0,cktile,5,0,a8w8_blockscale_cktile_32x128x128_1x4x1_16x16x128_intrawave_0x1x0_2,1,43,39.14628260869564,0.0,passed,
2048,7168,768,cktile_4_split0,cktile,4,0,a8w8_blockscale_cktile_32x128x128_1x4x1_16x16x128_intrawave_0x1x0_1,1,44,39.19493478260869,0.0,passed,
2048,7168,768,cktile_3_split0,cktile,3,0,a8w8_blockscale_cktile_16x128x256_1x4x1_16x16x64_intrawave_0x1x0_2,1,45,49.987142857142864,0.0,passed,
2048,7168,768,cktile_2_split0,cktile,2,0,a8w8_blockscale_cktile_16x128x256_1x4x1_16x16x64_intrawave_0x1x0_1,1,46,53.69610416666669,0.0,passed,
2048,7168,768,cktile_1_split0,cktile,1,0,a8w8_blockscale_cktile_16x128x256_1x4x1_16x16x128_intrawave_0x1x0_2,1,47,53.051104166666676,0.0,passed,
2048,7168,768,cktile_0_split0,cktile,0,0,a8w8_blockscale_cktile_16x128x256_1x4x1_16x16x128_intrawave_0x1x0_1,1,48,53.02063265306121,0.0,passed,
2048,7168,768,ck_17_split0,ck,17,0,a8w8_blockscale_bpreshuffle_1x128x128_256x64x64x256_16x16_16x16_16x16x1_16x16x1_1x32x1x8_8_2x1_intrawave_v1,1,49,44.8859,0.0,passed,
2048,7168,768,ck_16_split0,ck,16,0,a8w8_blockscale_bpreshuffle_1x128x128_256x64x128x256_16x16_16x16_16x16x1_16x16x1_1x32x1x8_8_2x1_intrawave_v1,1,50,33.884468085106384,0.0,passed,
2048,7168,768,ck_15_split0,ck,15,0,a8w8_blockscale_bpreshuffle_1x128x128_256x64x64x128_16x16_16x16_8x32x1_8x32x1_1x32x1x8_8_2x1_intrawave_v1,1,51,32.41487755102041,0.0,passed,
2048,7168,768,ck_14_split0,ck,14,0,a8w8_blockscale_bpreshuffle_1x128x128_256x64x128x128_16x16_16x16_8x32x1_8x32x1_1x32x1x8_8_2x1_intrawave_v1,1,52,28.238489361702133,0.0,passed,
2048,7168,768,ck_13_split0,ck,13,0,a8w8_blockscale_bpreshuffle_1x128x128_256x64x256x128_16x16_16x16_8x32x1_8x32x1_1x32x1x8_8_2x1_intrawave_v1,1,53,30.77435416666668,0.0,passed,
2048,7168,768,ck_12_split0,ck,12,0,a8w8_blockscale_bpreshuffle_1x128x128_256x32x64x256_16x16_16x16_16x16x1_16x16x1_1x32x1x8_8_2x1_intrawave_v1,1,54,39.795888888888896,0.0,passed,
2048,7168,768,ck_11_split0,ck,11,0,a8w8_blockscale_bpreshuffle_1x128x128_256x32x128x256_16x16_16x16_16x16x1_16x16x1_1x32x1x8_8_2x1_intrawave_v1,1,55,32.86663636363638,0.0,passed,
2048,7168,768,ck_12_split0,ck,12,0,a8w8_blockscale_bpreshuffle_1x128x128_256x32x64x256_16x16_16x16_16x16x1_16x16x1_1x32x1x8_8_2x1_intrawave_v1,2,0,39.86344444444446,0.0,passed,
2048,7168,768,ck_13_split0,ck,13,0,a8w8_blockscale_bpreshuffle_1x128x128_256x64x256x128_16x16_16x16_8x32x1_8x32x1_1x32x1x8_8_2x1_intrawave_v1,2,1,30.79673913043479,0.0,passed,
2048,7168,768,ck_14_split0,ck,14,0,a8w8_blockscale_bpreshuffle_1x128x128_256x64x128x128_16x16_16x16_8x32x1_8x32x1_1x32x1x8_8_2x1_intrawave_v1,2,2,28.344612244897963,0.0,passed,
2048,7168,768,ck_15_split0,ck,15,0,a8w8_blockscale_bpreshuffle_1x128x128_256x64x64x128_16x16_16x16_8x32x1_8x32x1_1x32x1x8_8_2x1_intrawave_v1,2,3,32.17216,0.0,passed,
2048,7168,768,ck_16_split0,ck,16,0,a8w8_blockscale_bpreshuffle_1x128x128_256x64x128x256_16x16_16x16_16x16x1_16x16x1_1x32x1x8_8_2x1_intrawave_v1,2,4,34.01326530612245,0.0,passed,
2048,7168,768,ck_17_split0,ck,17,0,a8w8_blockscale_bpreshuffle_1x128x128_256x64x64x256_16x16_16x16_16x16x1_16x16x1_1x32x1x8_8_2x1_intrawave_v1,2,5,44.50268000000001,0.0,passed,
2048,7168,768,cktile_0_split0,cktile,0,0,a8w8_blockscale_cktile_16x128x256_1x4x1_16x16x128_intrawave_0x1x0_1,2,6,52.803804347826095,0.0,passed,
2048,7168,768,cktile_1_split0,cktile,1,0,a8w8_blockscale_cktile_16x128x256_1x4x1_16x16x128_intrawave_0x1x0_2,2,7,53.042673469387765,0.0,passed,
2048,7168,768,cktile_2_split0,cktile,2,0,a8w8_blockscale_cktile_16x128x256_1x4x1_16x16x64_intrawave_0x1x0_1,2,8,54.39942000000005,0.0,passed,
2048,7168,768,cktile_3_split0,cktile,3,0,a8w8_blockscale_cktile_16x128x256_1x4x1_16x16x64_intrawave_0x1x0_2,2,9,49.67944444444445,0.0,passed,
2048,7168,768,cktile_4_split0,cktile,4,0,a8w8_blockscale_cktile_32x128x128_1x4x1_16x16x128_intrawave_0x1x0_1,2,10,38.990265306122446,0.0,passed,
2048,7168,768,cktile_5_split0,cktile,5,0,a8w8_blockscale_cktile_32x128x128_1x4x1_16x16x128_intrawave_0x1x0_2,2,11,38.80012765957447,0.0,passed,
2048,7168,768,cktile_6_split0,cktile,6,0,a8w8_blockscale_cktile_32x128x128_1x4x1_16x16x64_intrawave_0x1x0_1,2,12,38.524382978723416,0.0,passed,
2048,7168,768,cktile_7_split0,cktile,7,0,a8w8_blockscale_cktile_32x128x128_1x4x1_16x16x64_intrawave_0x1x0_2,2,13,39.004163265306126,0.0,passed,
2048,7168,768,cktile_8_split0,cktile,8,0,a8w8_blockscale_cktile_128x128x128_1x4x1_16x16x128_intrawave_0x1x0_1,2,14,36.09629787234043,0.0,passed,
2048,7168,768,cktile_9_split0,cktile,9,0,a8w8_blockscale_cktile_128x128x128_1x4x1_16x16x128_intrawave_0x1x0_1,2,15,36.18170833333334,0.0,passed,
2048,7168,768,cktile_10_split0,cktile,10,0,a8w8_blockscale_cktile_128x128x128_2x2x1_16x16x128_intrawave_0x1x0_2,2,16,36.056367346938785,0.0,passed,
2048,7168,768,cktile_11_split0,cktile,11,0,a8w8_blockscale_cktile_192x256x128_4x2x1_16x16x128_intrawave_0x1x0_1,2,17,27.745428571428572,0.0,passed,
2048,7168,768,cktile_12_split0,cktile,12,0,a8w8_blockscale_cktile_192x256x128_4x2x1_16x16x128_intrawave_0x1x0_1_aqrm,2,18,27.646653061224487,0.0,passed,
2048,7168,768,cktile_13_split0,cktile,13,0,a8w8_blockscale_cktile_16x128x256_1x4x1_16x16x128_intrawave_0x1x0_3,2,19,52.89491836734691,0.0,passed,
2048,7168,768,cktile_14_split0,cktile,14,0,a8w8_blockscale_cktile_16x128x256_1x4x1_16x16x128_intrawave_0x1x0_4,2,20,65.38372916666664,0.0,passed,
2048,7168,768,cktile_15_split0,cktile,15,0,a8w8_blockscale_cktile_16x128x256_1x4x1_16x16x64_intrawave_0x1x0_3,2,21,49.172687500000016,0.0,passed,
2048,7168,768,cktile_16_split0,cktile,16,0,a8w8_blockscale_cktile_16x128x256_1x4x1_16x16x64_intrawave_0x1x0_4,2,22,53.776999999999944,0.0,passed,
2048,7168,768,cktile_17_split0,cktile,17,0,a8w8_blockscale_cktile_32x128x128_1x4x1_16x16x128_intrawave_0x1x0_3,2,23,38.793217391304346,0.0,passed,
2048,7168,768,cktile_18_split0,cktile,18,0,a8w8_blockscale_cktile_32x128x128_1x4x1_16x16x128_intrawave_0x1x0_4,2,24,38.922510204081625,0.0,passed,
2048,7168,768,cktile_19_split0,cktile,19,0,a8w8_blockscale_cktile_32x128x128_1x4x1_16x16x64_intrawave_0x1x0_3,2,25,39.077545454545444,0.0,passed,
2048,7168,768,cktile_20_split0,cktile,20,0,a8w8_blockscale_cktile_32x128x128_1x4x1_16x16x64_intrawave_0x1x0_4,2,26,39.043909090909104,0.0,passed,
2048,7168,768,cktile_21_split0,cktile,21,0,a8w8_blockscale_cktile_128x128x128_1x4x1_16x16x128_intrawave_0x1x0_2,2,27,35.867340425531914,0.0,passed,
2048,7168,768,cktile_22_split0,cktile,22,0,a8w8_blockscale_cktile_128x128x128_1x4x1_16x16x128_intrawave_0x1x0_3,2,28,101.79747916666675,0.0,passed,
2048,7168,768,cktile_23_split0,cktile,23,0,a8w8_blockscale_cktile_128x128x128_1x4x1_16x16x128_intrawave_0x1x0_4,2,29,134.83461224489793,0.0,passed,
2048,7168,768,cktile_24_split0,cktile,24,0,a8w8_blockscale_cktile_128x128x128_2x2x1_16x16x128_intrawave_0x1x0_1,2,30,36.14001999999998,0.0,passed,
2048,7168,768,cktile_25_split0,cktile,25,0,a8w8_blockscale_cktile_128x128x128_2x2x1_16x16x128_intrawave_0x1x0_3,2,31,107.83834782608696,0.0,passed,
2048,7168,768,cktile_26_split0,cktile,26,0,a8w8_blockscale_cktile_128x128x128_2x2x1_16x16x128_intrawave_0x1x0_4,2,32,188.01677083333325,0.0,passed,
2048,7168,768,cktile_27_split0,cktile,27,0,a8w8_blockscale_cktile_192x256x128_4x2x1_16x16x128_intrawave_0x1x0_2,2,33,27.730382978723398,0.0,passed,
2048,7168,768,cktile_28_split0,cktile,28,0,a8w8_blockscale_cktile_192x256x128_4x2x1_16x16x128_intrawave_0x1x0_3,2,34,27.70785714285714,0.0,passed,
2048,7168,768,cktile_29_split0,cktile,29,0,a8w8_blockscale_cktile_192x256x128_4x2x1_16x16x128_intrawave_0x1x0_4,2,35,27.66572000000001,0.0,passed,
2048,7168,768,cktile_30_split0,cktile,30,0,a8w8_blockscale_cktile_192x256x128_4x2x1_16x16x128_intrawave_0x1x0_2_aqrm,2,36,27.66912765957446,0.0,passed,
2048,7168,768,cktile_31_split0,cktile,31,0,a8w8_blockscale_cktile_192x256x128_4x2x1_16x16x128_intrawave_0x1x0_3_aqrm,2,37,27.818061224489796,0.0,passed,
2048,7168,768,cktile_32_split0,cktile,32,0,a8w8_blockscale_cktile_192x256x128_4x2x1_16x16x128_intrawave_0x1x0_4_aqrm,2,38,27.66433333333333,0.0,passed,
2048,7168,768,opus_9000,opus,9000,0,opus_gemm_gfx950_a8w8_mxscale_gemm_bpreshuffle_256x256x256x128_2x2_16x16x128_1x128x128_tiles1_nooob,2,39,20.14482,0.0,passed,
2048,7168,768,opus_9010,opus,9010,0,opus_gemm_gfx950_a8w8_mxscale_gemm_bpreshuffle_256x128x128x128_2x2_16x16x128_1x128x128_tiles1_nooob,2,40,33.909375000000004,0.0,passed,
2048,7168,768,opus_9011,opus,9011,0,opus_gemm_gfx950_a8w8_mxscale_gemm_bpreshuffle_256x64x128x128_2x2_16x16x128_1x128x128_tiles1_nooob,2,41,30.380940000000006,0.0,passed,
2048,7168,768,opus_9012,opus,9012,0,opus_gemm_gfx950_a8w8_mxscale_gemm_bpreshuffle_256x64x64x128_2x2_16x16x128_1x128x128_tiles1_nooob,2,42,36.88534042553192,0.0,passed,
2048,7168,768,opus_9020,opus,9020,0,opus_gemm_gfx950_a8w8_mxscale_gemm_bpreshuffle_256x256x256x128_2x2_16x16x128_1x128x128_tiles1,2,43,21.52883999999999,0.0,passed,
2048,7168,768,ck_0_split0,ck,0,0,a8w8_blockscale_bpreshuffle_1x128x128_256x128x128x128_16x16_16x16_8x32x1_8x32x1_1x32x1x8_8_2x1_intrawave_v3,2,44,30.391833333333338,0.0,passed,
2048,7168,768,ck_1_split0,ck,1,0,a8w8_blockscale_bpreshuffle_1x128x128_256x64x128x128_16x16_16x16_8x32x1_8x32x1_1x32x1x8_8_2x1_intrawave_v3,2,45,28.534617021276595,0.0,passed,
2048,7168,768,ck_2_split0,ck,2,0,a8w8_blockscale_bpreshuffle_1x128x128_256x64x64x128_16x16_16x16_8x32x1_8x32x1_1x32x1x8_8_2x1_intrawave_v3,2,46,33.44852083333334,0.0,passed,
2048,7168,768,ck_3_split0,ck,3,0,a8w8_blockscale_bpreshuffle_1x128x128_256x16x256x128_8x16_16x16_16x16x1_8x32x1_1x16x1x16_8_1x2_intrawave_v1,2,47,41.14034782608696,0.0,passed,
2048,7168,768,ck_4_split0,ck,4,0,a8w8_blockscale_bpreshuffle_1x128x128_256x16x128x128_8x16_16x16_16x16x1_8x32x1_1x16x1x16_8_1x2_intrawave_v1,2,48,45.14234693877552,0.0,passed,
2048,7168,768,ck_5_split0,ck,5,0,a8w8_blockscale_bpreshuffle_1x128x128_256x16x64x128_8x16_16x16_16x16x1_8x32x1_1x16x1x16_4_1x1_intrawave_v1,2,49,53.54359999999998,0.0,passed,
2048,7168,768,ck_6_split0,ck,6,0,a8w8_blockscale_bpreshuffle_1x128x128_256x16x128x256_16x16_16x16_16x16x1_16x16x1_1x16x1x16_8_1x2_intrawave_v1,2,50,45.41870000000003,0.0,passed,
2048,7168,768,ck_7_split0,ck,7,0,a8w8_blockscale_bpreshuffle_1x128x128_256x16x64x256_16x16_16x16_16x16x1_16x16x1_1x16x1x16_4_1x1_intrawave_v1,2,51,55.790020000000034,0.0,passed,
2048,7168,768,ck_8_split0,ck,8,0,a8w8_blockscale_bpreshuffle_1x128x128_256x32x256x128_16x16_16x16_8x32x1_8x32x1_1x32x1x8_8_2x1_intrawave_v1,2,52,29.506023809523807,0.0,passed,
2048,7168,768,ck_9_split0,ck,9,0,a8w8_blockscale_bpreshuffle_1x128x128_256x32x128x128_16x16_16x16_8x32x1_8x32x1_1x32x1x8_8_2x1_intrawave_v1,2,53,31.223520833333335,0.0,passed,
2048,7168,768,ck_10_split0,ck,10,0,a8w8_blockscale_bpreshuffle_1x128x128_256x32x64x128_16x16_16x16_8x32x1_8x32x1_1x32x1x8_8_2x1_intrawave_v1,2,54,34.590999999999994,0.0,passed,
2048,7168,768,ck_11_split0,ck,11,0,a8w8_blockscale_bpreshuffle_1x128x128_256x32x128x256_16x16_16x16_16x16x1_16x16x1_1x32x1x8_8_2x1_intrawave_v1,2,55,33.149622222222234,0.0,passed,
40960,7168,768,ck_11_split0,ck,11,0,a8w8_blockscale_bpreshuffle_1x128x128_256x32x128x256_16x16_16x16_16x16x1_16x16x1_1x32x1x8_8_2x1_intrawave_v1,0,0,539.52822,0.0,passed,
40960,7168,768,ck_12_split0,ck,12,0,a8w8_blockscale_bpreshuffle_1x128x128_256x32x64x256_16x16_16x16_16x16x1_16x16x1_1x32x1x8_8_2x1_intrawave_v1,0,1,663.4611020408162,0.0,passed,
40960,7168,768,ck_13_split0,ck,13,0,a8w8_blockscale_bpreshuffle_1x128x128_256x64x256x128_16x16_16x16_8x32x1_8x32x1_1x32x1x8_8_2x1_intrawave_v1,0,2,403.34958695652193,0.0,passed,
40960,7168,768,ck_14_split0,ck,14,0,a8w8_blockscale_bpreshuffle_1x128x128_256x64x128x128_16x16_16x16_8x32x1_8x32x1_1x32x1x8_8_2x1_intrawave_v1,0,3,419.3596800000001,0.0,passed,
40960,7168,768,ck_15_split0,ck,15,0,a8w8_blockscale_bpreshuffle_1x128x128_256x64x64x128_16x16_16x16_8x32x1_8x32x1_1x32x1x8_8_2x1_intrawave_v1,0,4,488.1180600000001,0.0,passed,
40960,7168,768,ck_16_split0,ck,16,0,a8w8_blockscale_bpreshuffle_1x128x128_256x64x128x256_16x16_16x16_16x16x1_16x16x1_1x32x1x8_8_2x1_intrawave_v1,0,5,498.1589600000001,0.0,passed,
40960,7168,768,ck_17_split0,ck,17,0,a8w8_blockscale_bpreshuffle_1x128x128_256x64x64x256_16x16_16x16_16x16x1_16x16x1_1x32x1x8_8_2x1_intrawave_v1,0,6,677.2113599999998,0.0,passed,
40960,7168,768,cktile_0_split0,cktile,0,0,a8w8_blockscale_cktile_16x128x256_1x4x1_16x16x128_intrawave_0x1x0_1,0,7,819.36714,0.0,passed,
40960,7168,768,cktile_1_split0,cktile,1,0,a8w8_blockscale_cktile_16x128x256_1x4x1_16x16x128_intrawave_0x1x0_2,0,8,825.6080199999998,0.0,passed,
40960,7168,768,cktile_2_split0,cktile,2,0,a8w8_blockscale_cktile_16x128x256_1x4x1_16x16x64_intrawave_0x1x0_1,0,9,862.85404,0.0,passed,
40960,7168,768,cktile_3_split0,cktile,3,0,a8w8_blockscale_cktile_16x128x256_1x4x1_16x16x64_intrawave_0x1x0_2,0,10,764.0293877551017,0.0,passed,
40960,7168,768,cktile_4_split0,cktile,4,0,a8w8_blockscale_cktile_32x128x128_1x4x1_16x16x128_intrawave_0x1x0_1,0,11,557.4394199999998,0.0,passed,
40960,7168,768,cktile_5_split0,cktile,5,0,a8w8_blockscale_cktile_32x128x128_1x4x1_16x16x128_intrawave_0x1x0_2,0,12,555.409,0.0,passed,
40960,7168,768,cktile_6_split0,cktile,6,0,a8w8_blockscale_cktile_32x128x128_1x4x1_16x16x64_intrawave_0x1x0_1,0,13,563.6811000000001,0.0,passed,
40960,7168,768,cktile_7_split0,cktile,7,0,a8w8_blockscale_cktile_32x128x128_1x4x1_16x16x64_intrawave_0x1x0_2,0,14,567.3699400000002,0.0,passed,
40960,7168,768,cktile_8_split0,cktile,8,0,a8w8_blockscale_cktile_128x128x128_1x4x1_16x16x128_intrawave_0x1x0_1,0,15,489.03429166666655,0.0,passed,
40960,7168,768,cktile_9_split0,cktile,9,0,a8w8_blockscale_cktile_128x128x128_1x4x1_16x16x128_intrawave_0x1x0_1,0,16,489.3430408163264,0.0,passed,
40960,7168,768,cktile_10_split0,cktile,10,0,a8w8_blockscale_cktile_128x128x128_2x2x1_16x16x128_intrawave_0x1x0_2,0,17,484.5697727272727,0.0,passed,
40960,7168,768,cktile_11_split0,cktile,11,0,a8w8_blockscale_cktile_192x256x128_4x2x1_16x16x128_intrawave_0x1x0_1,0,18,328.00906000000003,0.0,passed,
40960,7168,768,cktile_12_split0,cktile,12,0,a8w8_blockscale_cktile_192x256x128_4x2x1_16x16x128_intrawave_0x1x0_1_aqrm,0,19,330.96029999999996,0.0,passed,
40960,7168,768,cktile_13_split0,cktile,13,0,a8w8_blockscale_cktile_16x128x256_1x4x1_16x16x128_intrawave_0x1x0_3,0,20,826.3360400000003,0.0,passed,
40960,7168,768,cktile_14_split0,cktile,14,0,a8w8_blockscale_cktile_16x128x256_1x4x1_16x16x128_intrawave_0x1x0_4,0,21,1029.9179333333334,0.0,passed,
40960,7168,768,cktile_15_split0,cktile,15,0,a8w8_blockscale_cktile_16x128x256_1x4x1_16x16x64_intrawave_0x1x0_3,0,22,761.6633199999998,0.0,passed,
40960,7168,768,cktile_16_split0,cktile,16,0,a8w8_blockscale_cktile_16x128x256_1x4x1_16x16x64_intrawave_0x1x0_4,0,23,819.1567400000002,0.0,passed,
40960,7168,768,cktile_17_split0,cktile,17,0,a8w8_blockscale_cktile_32x128x128_1x4x1_16x16x128_intrawave_0x1x0_3,0,24,555.6290000000001,0.0,passed,
40960,7168,768,cktile_18_split0,cktile,18,0,a8w8_blockscale_cktile_32x128x128_1x4x1_16x16x128_intrawave_0x1x0_4,0,25,556.8187500000001,0.0,passed,
40960,7168,768,cktile_19_split0,cktile,19,0,a8w8_blockscale_cktile_32x128x128_1x4x1_16x16x64_intrawave_0x1x0_3,0,26,563.5384791666667,0.0,passed,
40960,7168,768,cktile_20_split0,cktile,20,0,a8w8_blockscale_cktile_32x128x128_1x4x1_16x16x64_intrawave_0x1x0_4,0,27,564.1707,0.0,passed,
40960,7168,768,cktile_21_split0,cktile,21,0,a8w8_blockscale_cktile_128x128x128_1x4x1_16x16x128_intrawave_0x1x0_2,0,28,487.043434782609,0.0,passed,
40960,7168,768,cktile_22_split0,cktile,22,0,a8w8_blockscale_cktile_128x128x128_1x4x1_16x16x128_intrawave_0x1x0_3,0,29,1387.7488085106372,0.0,passed,
40960,7168,768,cktile_23_split0,cktile,23,0,a8w8_blockscale_cktile_128x128x128_1x4x1_16x16x128_intrawave_0x1x0_4,0,30,2165.878155555556,0.0,passed,
40960,7168,768,cktile_24_split0,cktile,24,0,a8w8_blockscale_cktile_128x128x128_2x2x1_16x16x128_intrawave_0x1x0_1,0,31,484.9759166666665,0.0,passed,
40960,7168,768,cktile_25_split0,cktile,25,0,a8w8_blockscale_cktile_128x128x128_2x2x1_16x16x128_intrawave_0x1x0_3,0,32,1490.1814634146342,0.0,passed,
40960,7168,768,cktile_26_split0,cktile,26,0,a8w8_blockscale_cktile_128x128x128_2x2x1_16x16x128_intrawave_0x1x0_4,0,33,3040.242840909088,0.0,passed,
40960,7168,768,cktile_27_split0,cktile,27,0,a8w8_blockscale_cktile_192x256x128_4x2x1_16x16x128_intrawave_0x1x0_2,0,34,327.73786,0.0,passed,
40960,7168,768,cktile_28_split0,cktile,28,0,a8w8_blockscale_cktile_192x256x128_4x2x1_16x16x128_intrawave_0x1x0_3,0,35,328.08826,0.0,passed,
40960,7168,768,cktile_29_split0,cktile,29,0,a8w8_blockscale_cktile_192x256x128_4x2x1_16x16x128_intrawave_0x1x0_4,0,36,327.3498599999999,0.0,passed,
40960,7168,768,cktile_30_split0,cktile,30,0,a8w8_blockscale_cktile_192x256x128_4x2x1_16x16x128_intrawave_0x1x0_2_aqrm,0,37,330.6394081632653,0.0,passed,
40960,7168,768,cktile_31_split0,cktile,31,0,a8w8_blockscale_cktile_192x256x128_4x2x1_16x16x128_intrawave_0x1x0_3_aqrm,0,38,331.4435416666666,0.0,passed,
40960,7168,768,cktile_32_split0,cktile,32,0,a8w8_blockscale_cktile_192x256x128_4x2x1_16x16x128_intrawave_0x1x0_4_aqrm,0,39,331.22350000000006,0.0,passed,
40960,7168,768,opus_9000,opus,9000,0,opus_gemm_gfx950_a8w8_mxscale_gemm_bpreshuffle_256x256x256x128_2x2_16x16x128_1x128x128_tiles1_nooob,0,40,280.6881063829787,0.0,passed,
40960,7168,768,opus_9010,opus,9010,0,opus_gemm_gfx950_a8w8_mxscale_gemm_bpreshuffle_256x128x128x128_2x2_16x16x128_1x128x128_tiles1_nooob,0,41,529.9121,0.0,passed,
40960,7168,768,opus_9011,opus,9011,0,opus_gemm_gfx950_a8w8_mxscale_gemm_bpreshuffle_256x64x128x128_2x2_16x16x128_1x128x128_tiles1_nooob,0,42,501.0388809523809,0.0,passed,
40960,7168,768,opus_9012,opus,9012,0,opus_gemm_gfx950_a8w8_mxscale_gemm_bpreshuffle_256x64x64x128_2x2_16x16x128_1x128x128_tiles1_nooob,0,43,633.0955714285716,0.0,passed,
40960,7168,768,opus_9020,opus,9020,0,opus_gemm_gfx950_a8w8_mxscale_gemm_bpreshuffle_256x256x256x128_2x2_16x16x128_1x128x128_tiles1,0,44,306.36567346938773,0.0,passed,
40960,7168,768,ck_0_split0,ck,0,0,a8w8_blockscale_bpreshuffle_1x128x128_256x128x128x128_16x16_16x16_8x32x1_8x32x1_1x32x1x8_8_2x1_intrawave_v3,0,45,426.7756808510638,0.0,passed,
40960,7168,768,ck_1_split0,ck,1,0,a8w8_blockscale_bpreshuffle_1x128x128_256x64x128x128_16x16_16x16_8x32x1_8x32x1_1x32x1x8_8_2x1_intrawave_v3,0,46,416.04125999999997,0.0,passed,
40960,7168,768,ck_2_split0,ck,2,0,a8w8_blockscale_bpreshuffle_1x128x128_256x64x64x128_16x16_16x16_8x32x1_8x32x1_1x32x1x8_8_2x1_intrawave_v3,0,47,502.14299999999986,0.0,passed,
40960,7168,768,ck_3_split0,ck,3,0,a8w8_blockscale_bpreshuffle_1x128x128_256x16x256x128_8x16_16x16_16x16x1_8x32x1_1x16x1x16_8_1x2_intrawave_v1,0,48,689.870711111111,0.0,passed,
40960,7168,768,ck_4_split0,ck,4,0,a8w8_blockscale_bpreshuffle_1x128x128_256x16x128x128_8x16_16x16_16x16x1_8x32x1_1x16x1x16_8_1x2_intrawave_v1,0,49,757.6932916666665,0.0,passed,
40960,7168,768,ck_5_split0,ck,5,0,a8w8_blockscale_bpreshuffle_1x128x128_256x16x64x128_8x16_16x16_16x16x1_8x32x1_1x16x1x16_4_1x1_intrawave_v1,0,50,889.4089375000003,0.0,passed,
40960,7168,768,ck_6_split0,ck,6,0,a8w8_blockscale_bpreshuffle_1x128x128_256x16x128x256_16x16_16x16_16x16x1_16x16x1_1x16x1x16_8_1x2_intrawave_v1,0,51,758.1994599999999,0.0,passed,
40960,7168,768,ck_7_split0,ck,7,0,a8w8_blockscale_bpreshuffle_1x128x128_256x16x64x256_16x16_16x16_16x16x1_16x16x1_1x16x1x16_4_1x1_intrawave_v1,0,52,922.0101250000001,0.0,passed,
40960,7168,768,ck_8_split0,ck,8,0,a8w8_blockscale_bpreshuffle_1x128x128_256x32x256x128_16x16_16x16_8x32x1_8x32x1_1x32x1x8_8_2x1_intrawave_v1,0,53,458.80092,0.0,passed,
40960,7168,768,ck_9_split0,ck,9,0,a8w8_blockscale_bpreshuffle_1x128x128_256x32x128x128_16x16_16x16_8x32x1_8x32x1_1x32x1x8_8_2x1_intrawave_v1,0,54,495.5184347826087,0.0,passed,
40960,7168,768,ck_10_split0,ck,10,0,a8w8_blockscale_bpreshuffle_1x128x128_256x32x64x128_16x16_16x16_8x32x1_8x32x1_1x32x1x8_8_2x1_intrawave_v1,0,55,563.5974782608696,0.0,passed,
40960,7168,768,ck_11_split0,ck,11,0,a8w8_blockscale_bpreshuffle_1x128x128_256x32x128x256_16x16_16x16_16x16x1_16x16x1_1x32x1x8_8_2x1_intrawave_v1,1,0,540.6570399999998,0.0,passed,
40960,7168,768,ck_10_split0,ck,10,0,a8w8_blockscale_bpreshuffle_1x128x128_256x32x64x128_16x16_16x16_8x32x1_8x32x1_1x32x1x8_8_2x1_intrawave_v1,1,1,564.7831489361702,0.0,passed,
40960,7168,768,ck_9_split0,ck,9,0,a8w8_blockscale_bpreshuffle_1x128x128_256x32x128x128_16x16_16x16_8x32x1_8x32x1_1x32x1x8_8_2x1_intrawave_v1,1,2,493.44289999999995,0.0,passed,
40960,7168,768,ck_8_split0,ck,8,0,a8w8_blockscale_bpreshuffle_1x128x128_256x32x256x128_16x16_16x16_8x32x1_8x32x1_1x32x1x8_8_2x1_intrawave_v1,1,3,457.66571999999985,0.0,passed,
40960,7168,768,ck_7_split0,ck,7,0,a8w8_blockscale_bpreshuffle_1x128x128_256x16x64x256_16x16_16x16_16x16x1_16x16x1_1x16x1x16_4_1x1_intrawave_v1,1,4,918.6172400000005,0.0,passed,
40960,7168,768,ck_6_split0,ck,6,0,a8w8_blockscale_bpreshuffle_1x128x128_256x16x128x256_16x16_16x16_16x16x1_16x16x1_1x16x1x16_8_1x2_intrawave_v1,1,5,753.8678444444446,0.0,passed,
40960,7168,768,ck_5_split0,ck,5,0,a8w8_blockscale_bpreshuffle_1x128x128_256x16x64x128_8x16_16x16_16x16x1_8x32x1_1x16x1x16_4_1x1_intrawave_v1,1,6,887.4709387755103,0.0,passed,
40960,7168,768,ck_4_split0,ck,4,0,a8w8_blockscale_bpreshuffle_1x128x128_256x16x128x128_8x16_16x16_16x16x1_8x32x1_1x16x1x16_8_1x2_intrawave_v1,1,7,758.2141458333335,0.0,passed,
40960,7168,768,ck_3_split0,ck,3,0,a8w8_blockscale_bpreshuffle_1x128x128_256x16x256x128_8x16_16x16_16x16x1_8x32x1_1x16x1x16_8_1x2_intrawave_v1,1,8,690.3032391304348,0.0,passed,
40960,7168,768,ck_2_split0,ck,2,0,a8w8_blockscale_bpreshuffle_1x128x128_256x64x64x128_16x16_16x16_8x32x1_8x32x1_1x32x1x8_8_2x1_intrawave_v3,1,9,500.29898000000003,0.0,passed,
40960,7168,768,ck_1_split0,ck,1,0,a8w8_blockscale_bpreshuffle_1x128x128_256x64x128x128_16x16_16x16_8x32x1_8x32x1_1x32x1x8_8_2x1_intrawave_v3,1,10,417.13566000000014,0.0,passed,
40960,7168,768,ck_0_split0,ck,0,0,a8w8_blockscale_bpreshuffle_1x128x128_256x128x128x128_16x16_16x16_8x32x1_8x32x1_1x32x1x8_8_2x1_intrawave_v3,1,11,427.0958837209303,0.0,passed,
40960,7168,768,opus_9020,opus,9020,0,opus_gemm_gfx950_a8w8_mxscale_gemm_bpreshuffle_256x256x256x128_2x2_16x16x128_1x128x128_tiles1,1,12,305.5501428571429,0.0,passed,
40960,7168,768,opus_9012,opus,9012,0,opus_gemm_gfx950_a8w8_mxscale_gemm_bpreshuffle_256x64x64x128_2x2_16x16x128_1x128x128_tiles1_nooob,1,13,635.6508333333331,0.0,passed,
40960,7168,768,opus_9011,opus,9011,0,opus_gemm_gfx950_a8w8_mxscale_gemm_bpreshuffle_256x64x128x128_2x2_16x16x128_1x128x128_tiles1_nooob,1,14,503.8690000000001,0.0,passed,
40960,7168,768,opus_9010,opus,9010,0,opus_gemm_gfx950_a8w8_mxscale_gemm_bpreshuffle_256x128x128x128_2x2_16x16x128_1x128x128_tiles1_nooob,1,15,531.4259047619047,0.0,passed,
40960,7168,768,opus_9000,opus,9000,0,opus_gemm_gfx950_a8w8_mxscale_gemm_bpreshuffle_256x256x256x128_2x2_16x16x128_1x128x128_tiles1_nooob,1,16,281.1062916666667,0.0,passed,
40960,7168,768,cktile_32_split0,cktile,32,0,a8w8_blockscale_cktile_192x256x128_4x2x1_16x16x128_intrawave_0x1x0_4_aqrm,1,17,330.9869999999999,0.0,passed,
40960,7168,768,cktile_31_split0,cktile,31,0,a8w8_blockscale_cktile_192x256x128_4x2x1_16x16x128_intrawave_0x1x0_3_aqrm,1,18,330.0882800000001,0.0,passed,
40960,7168,768,cktile_30_split0,cktile,30,0,a8w8_blockscale_cktile_192x256x128_4x2x1_16x16x128_intrawave_0x1x0_2_aqrm,1,19,330.03869999999995,0.0,passed,
40960,7168,768,cktile_29_split0,cktile,29,0,a8w8_blockscale_cktile_192x256x128_4x2x1_16x16x128_intrawave_0x1x0_4,1,20,327.2378399999999,0.0,passed,
40960,7168,768,cktile_28_split0,cktile,28,0,a8w8_blockscale_cktile_192x256x128_4x2x1_16x16x128_intrawave_0x1x0_3,1,21,327.72597916666666,0.0,passed,
40960,7168,768,cktile_27_split0,cktile,27,0,a8w8_blockscale_cktile_192x256x128_4x2x1_16x16x128_intrawave_0x1x0_2,1,22,327.23544,0.0,passed,
40960,7168,768,cktile_26_split0,cktile,26,0,a8w8_blockscale_cktile_128x128x128_2x2x1_16x16x128_intrawave_0x1x0_4,1,23,3039.7412222222224,0.0,passed,
40960,7168,768,cktile_25_split0,cktile,25,0,a8w8_blockscale_cktile_128x128x128_2x2x1_16x16x128_intrawave_0x1x0_3,1,24,1491.699428571429,0.0,passed,
40960,7168,768,cktile_24_split0,cktile,24,0,a8w8_blockscale_cktile_128x128x128_2x2x1_16x16x128_intrawave_0x1x0_1,1,25,486.1762127659574,0.0,passed,
40960,7168,768,cktile_23_split0,cktile,23,0,a8w8_blockscale_cktile_128x128x128_1x4x1_16x16x128_intrawave_0x1x0_4,1,26,2167.296581395348,0.0,passed,
40960,7168,768,cktile_22_split0,cktile,22,0,a8w8_blockscale_cktile_128x128x128_1x4x1_16x16x128_intrawave_0x1x0_3,1,27,1390.8823199999997,0.0,passed,
40960,7168,768,cktile_21_split0,cktile,21,0,a8w8_blockscale_cktile_128x128x128_1x4x1_16x16x128_intrawave_0x1x0_2,1,28,489.05893181818186,0.0,passed,
40960,7168,768,cktile_20_split0,cktile,20,0,a8w8_blockscale_cktile_32x128x128_1x4x1_16x16x64_intrawave_0x1x0_4,1,29,567.34994,0.0,passed,
40960,7168,768,cktile_19_split0,cktile,19,0,a8w8_blockscale_cktile_32x128x128_1x4x1_16x16x64_intrawave_0x1x0_3,1,30,567.6203399999998,0.0,passed,
40960,7168,768,cktile_18_split0,cktile,18,0,a8w8_blockscale_cktile_32x128x128_1x4x1_16x16x128_intrawave_0x1x0_4,1,31,557.4570200000002,0.0,passed,
40960,7168,768,cktile_17_split0,cktile,17,0,a8w8_blockscale_cktile_32x128x128_1x4x1_16x16x128_intrawave_0x1x0_3,1,32,558.0706200000001,0.0,passed,
40960,7168,768,cktile_16_split0,cktile,16,0,a8w8_blockscale_cktile_16x128x256_1x4x1_16x16x64_intrawave_0x1x0_4,1,33,816.8287000000004,0.0,passed,
40960,7168,768,cktile_15_split0,cktile,15,0,a8w8_blockscale_cktile_16x128x256_1x4x1_16x16x64_intrawave_0x1x0_3,1,34,762.8673199999998,0.0,passed,
40960,7168,768,cktile_14_split0,cktile,14,0,a8w8_blockscale_cktile_16x128x256_1x4x1_16x16x128_intrawave_0x1x0_4,1,35,1029.3686000000007,0.0,passed,
40960,7168,768,cktile_13_split0,cktile,13,0,a8w8_blockscale_cktile_16x128x256_1x4x1_16x16x128_intrawave_0x1x0_3,1,36,821.5455600000003,0.0,passed,
40960,7168,768,cktile_12_split0,cktile,12,0,a8w8_blockscale_cktile_192x256x128_4x2x1_16x16x128_intrawave_0x1x0_1_aqrm,1,37,330.78770833333334,0.0,passed,
40960,7168,768,cktile_11_split0,cktile,11,0,a8w8_blockscale_cktile_192x256x128_4x2x1_16x16x128_intrawave_0x1x0_1,1,38,327.904347826087,0.0,passed,
40960,7168,768,cktile_10_split0,cktile,10,0,a8w8_blockscale_cktile_128x128x128_2x2x1_16x16x128_intrawave_0x1x0_2,1,39,485.43951219512206,0.0,passed,
40960,7168,768,cktile_9_split0,cktile,9,0,a8w8_blockscale_cktile_128x128x128_1x4x1_16x16x128_intrawave_0x1x0_1,1,40,489.10681250000016,0.0,passed,
40960,7168,768,cktile_8_split0,cktile,8,0,a8w8_blockscale_cktile_128x128x128_1x4x1_16x16x128_intrawave_0x1x0_1,1,41,489.0626249999998,0.0,passed,
40960,7168,768,cktile_7_split0,cktile,7,0,a8w8_blockscale_cktile_32x128x128_1x4x1_16x16x64_intrawave_0x1x0_2,1,42,566.8426938775511,0.0,passed,
40960,7168,768,cktile_6_split0,cktile,6,0,a8w8_blockscale_cktile_32x128x128_1x4x1_16x16x64_intrawave_0x1x0_1,1,43,564.3066999999999,0.0,passed,
40960,7168,768,cktile_5_split0,cktile,5,0,a8w8_blockscale_cktile_32x128x128_1x4x1_16x16x128_intrawave_0x1x0_2,1,44,557.0380512820511,0.0,passed,
40960,7168,768,cktile_4_split0,cktile,4,0,a8w8_blockscale_cktile_32x128x128_1x4x1_16x16x128_intrawave_0x1x0_1,1,45,557.9026399999998,0.0,passed,
40960,7168,768,cktile_3_split0,cktile,3,0,a8w8_blockscale_cktile_16x128x256_1x4x1_16x16x64_intrawave_0x1x0_2,1,46,764.9825200000002,0.0,passed,
40960,7168,768,cktile_2_split0,cktile,2,0,a8w8_blockscale_cktile_16x128x256_1x4x1_16x16x64_intrawave_0x1x0_1,1,47,845.1922200000004,0.0,passed,
40960,7168,768,cktile_1_split0,cktile,1,0,a8w8_blockscale_cktile_16x128x256_1x4x1_16x16x128_intrawave_0x1x0_2,1,48,827.7864399999997,0.0,passed,
40960,7168,768,cktile_0_split0,cktile,0,0,a8w8_blockscale_cktile_16x128x256_1x4x1_16x16x128_intrawave_0x1x0_1,1,49,826.9064200000003,0.0,passed,
40960,7168,768,ck_17_split0,ck,17,0,a8w8_blockscale_bpreshuffle_1x128x128_256x64x64x256_16x16_16x16_16x16x1_16x16x1_1x32x1x8_8_2x1_intrawave_v1,1,50,684.2562399999997,0.0,passed,
40960,7168,768,ck_16_split0,ck,16,0,a8w8_blockscale_bpreshuffle_1x128x128_256x64x128x256_16x16_16x16_16x16x1_16x16x1_1x32x1x8_8_2x1_intrawave_v1,1,51,500.4709800000001,0.0,passed,
40960,7168,768,ck_15_split0,ck,15,0,a8w8_blockscale_bpreshuffle_1x128x128_256x64x64x128_16x16_16x16_8x32x1_8x32x1_1x32x1x8_8_2x1_intrawave_v1,1,52,487.4607551020406,0.0,passed,
40960,7168,768,ck_14_split0,ck,14,0,a8w8_blockscale_bpreshuffle_1x128x128_256x64x128x128_16x16_16x16_8x32x1_8x32x1_1x32x1x8_8_2x1_intrawave_v1,1,53,416.4868400000001,0.0,passed,
40960,7168,768,ck_13_split0,ck,13,0,a8w8_blockscale_bpreshuffle_1x128x128_256x64x256x128_16x16_16x16_8x32x1_8x32x1_1x32x1x8_8_2x1_intrawave_v1,1,54,406.16269387755096,0.0,passed,
40960,7168,768,ck_12_split0,ck,12,0,a8w8_blockscale_bpreshuffle_1x128x128_256x32x64x256_16x16_16x16_16x16x1_16x16x1_1x32x1x8_8_2x1_intrawave_v1,1,55,665.0672826086956,0.0,passed,
40960,7168,768,ck_13_split0,ck,13,0,a8w8_blockscale_bpreshuffle_1x128x128_256x64x256x128_16x16_16x16_8x32x1_8x32x1_1x32x1x8_8_2x1_intrawave_v1,2,0,406.11074000000013,0.0,passed,
40960,7168,768,ck_14_split0,ck,14,0,a8w8_blockscale_bpreshuffle_1x128x128_256x64x128x128_16x16_16x16_8x32x1_8x32x1_1x32x1x8_8_2x1_intrawave_v1,2,1,416.9916399999999,0.0,passed,
40960,7168,768,ck_15_split0,ck,15,0,a8w8_blockscale_bpreshuffle_1x128x128_256x64x64x128_16x16_16x16_8x32x1_8x32x1_1x32x1x8_8_2x1_intrawave_v1,2,2,487.17162,0.0,passed,
40960,7168,768,ck_16_split0,ck,16,0,a8w8_blockscale_bpreshuffle_1x128x128_256x64x128x256_16x16_16x16_16x16x1_16x16x1_1x32x1x8_8_2x1_intrawave_v1,2,3,504.06541999999996,0.0,passed,
40960,7168,768,ck_17_split0,ck,17,0,a8w8_blockscale_bpreshuffle_1x128x128_256x64x64x256_16x16_16x16_16x16x1_16x16x1_1x32x1x8_8_2x1_intrawave_v1,2,4,680.0570000000004,0.0,passed,
40960,7168,768,cktile_0_split0,cktile,0,0,a8w8_blockscale_cktile_16x128x256_1x4x1_16x16x128_intrawave_0x1x0_1,2,5,821.4951599999997,0.0,passed,
40960,7168,768,cktile_1_split0,cktile,1,0,a8w8_blockscale_cktile_16x128x256_1x4x1_16x16x128_intrawave_0x1x0_2,2,6,831.53688,0.0,passed,
40960,7168,768,cktile_2_split0,cktile,2,0,a8w8_blockscale_cktile_16x128x256_1x4x1_16x16x64_intrawave_0x1x0_1,2,7,837.3657399999996,0.0,passed,
40960,7168,768,cktile_3_split0,cktile,3,0,a8w8_blockscale_cktile_16x128x256_1x4x1_16x16x64_intrawave_0x1x0_2,2,8,761.1872999999998,0.0,passed,
40960,7168,768,cktile_4_split0,cktile,4,0,a8w8_blockscale_cktile_32x128x128_1x4x1_16x16x128_intrawave_0x1x0_1,2,9,557.98582,0.0,passed,
40960,7168,768,cktile_5_split0,cktile,5,0,a8w8_blockscale_cktile_32x128x128_1x4x1_16x16x128_intrawave_0x1x0_2,2,10,556.1234,0.0,passed,
40960,7168,768,cktile_6_split0,cktile,6,0,a8w8_blockscale_cktile_32x128x128_1x4x1_16x16x64_intrawave_0x1x0_1,2,11,564.0082799999998,0.0,passed,
40960,7168,768,cktile_7_split0,cktile,7,0,a8w8_blockscale_cktile_32x128x128_1x4x1_16x16x64_intrawave_0x1x0_2,2,12,564.6761590909091,0.0,passed,
40960,7168,768,cktile_8_split0,cktile,8,0,a8w8_blockscale_cktile_128x128x128_1x4x1_16x16x128_intrawave_0x1x0_1,2,13,487.68504,0.0,passed,
40960,7168,768,cktile_9_split0,cktile,9,0,a8w8_blockscale_cktile_128x128x128_1x4x1_16x16x128_intrawave_0x1x0_1,2,14,487.1104130434784,0.0,passed,
40960,7168,768,cktile_10_split0,cktile,10,0,a8w8_blockscale_cktile_128x128x128_2x2x1_16x16x128_intrawave_0x1x0_2,2,15,484.8417551020408,0.0,passed,
40960,7168,768,cktile_11_split0,cktile,11,0,a8w8_blockscale_cktile_192x256x128_4x2x1_16x16x128_intrawave_0x1x0_1,2,16,327.024693877551,0.0,passed,
40960,7168,768,cktile_12_split0,cktile,12,0,a8w8_blockscale_cktile_192x256x128_4x2x1_16x16x128_intrawave_0x1x0_1_aqrm,2,17,330.5898999999999,0.0,passed,
40960,7168,768,cktile_13_split0,cktile,13,0,a8w8_blockscale_cktile_16x128x256_1x4x1_16x16x128_intrawave_0x1x0_3,2,18,823.9303799999994,0.0,passed,
40960,7168,768,cktile_14_split0,cktile,14,0,a8w8_blockscale_cktile_16x128x256_1x4x1_16x16x128_intrawave_0x1x0_4,2,19,1029.122355555555,0.0,passed,
40960,7168,768,cktile_15_split0,cktile,15,0,a8w8_blockscale_cktile_16x128x256_1x4x1_16x16x64_intrawave_0x1x0_3,2,20,766.7953600000004,0.0,passed,
40960,7168,768,cktile_16_split0,cktile,16,0,a8w8_blockscale_cktile_16x128x256_1x4x1_16x16x64_intrawave_0x1x0_4,2,21,821.21756,0.0,passed,
40960,7168,768,cktile_17_split0,cktile,17,0,a8w8_blockscale_cktile_32x128x128_1x4x1_16x16x128_intrawave_0x1x0_3,2,22,555.3894897959184,0.0,passed,
40960,7168,768,cktile_18_split0,cktile,18,0,a8w8_blockscale_cktile_32x128x128_1x4x1_16x16x128_intrawave_0x1x0_4,2,23,554.3707142857146,0.0,passed,
40960,7168,768,cktile_19_split0,cktile,19,0,a8w8_blockscale_cktile_32x128x128_1x4x1_16x16x64_intrawave_0x1x0_3,2,24,567.1659199999998,0.0,passed,
40960,7168,768,cktile_20_split0,cktile,20,0,a8w8_blockscale_cktile_32x128x128_1x4x1_16x16x64_intrawave_0x1x0_4,2,25,567.8619399999999,0.0,passed,
40960,7168,768,cktile_21_split0,cktile,21,0,a8w8_blockscale_cktile_128x128x128_1x4x1_16x16x128_intrawave_0x1x0_2,2,26,486.9371219512196,0.0,passed,
40960,7168,768,cktile_22_split0,cktile,22,0,a8w8_blockscale_cktile_128x128x128_1x4x1_16x16x128_intrawave_0x1x0_3,2,27,1389.623065217391,0.0,passed,
40960,7168,768,cktile_23_split0,cktile,23,0,a8w8_blockscale_cktile_128x128x128_1x4x1_16x16x128_intrawave_0x1x0_4,2,28,2161.48258139535,0.0,passed,
40960,7168,768,cktile_24_split0,cktile,24,0,a8w8_blockscale_cktile_128x128x128_2x2x1_16x16x128_intrawave_0x1x0_1,2,29,486.44587755102043,0.0,passed,
40960,7168,768,cktile_25_split0,cktile,25,0,a8w8_blockscale_cktile_128x128x128_2x2x1_16x16x128_intrawave_0x1x0_3,2,30,1490.4704418604654,0.0,passed,
40960,7168,768,cktile_26_split0,cktile,26,0,a8w8_blockscale_cktile_128x128x128_2x2x1_16x16x128_intrawave_0x1x0_4,2,31,3037.3663863636366,0.0,passed,
40960,7168,768,cktile_27_split0,cktile,27,0,a8w8_blockscale_cktile_192x256x128_4x2x1_16x16x128_intrawave_0x1x0_2,2,32,327.57797872340427,0.0,passed,
40960,7168,768,cktile_28_split0,cktile,28,0,a8w8_blockscale_cktile_192x256x128_4x2x1_16x16x128_intrawave_0x1x0_3,2,33,327.84426530612245,0.0,passed,
40960,7168,768,cktile_29_split0,cktile,29,0,a8w8_blockscale_cktile_192x256x128_4x2x1_16x16x128_intrawave_0x1x0_4,2,34,327.69489795918366,0.0,passed,
40960,7168,768,cktile_30_split0,cktile,30,0,a8w8_blockscale_cktile_192x256x128_4x2x1_16x16x128_intrawave_0x1x0_2_aqrm,2,35,330.9882799999999,0.0,passed,
40960,7168,768,cktile_31_split0,cktile,31,0,a8w8_blockscale_cktile_192x256x128_4x2x1_16x16x128_intrawave_0x1x0_3_aqrm,2,36,331.0201666666665,0.0,passed,
40960,7168,768,cktile_32_split0,cktile,32,0,a8w8_blockscale_cktile_192x256x128_4x2x1_16x16x128_intrawave_0x1x0_4_aqrm,2,37,331.16689583333334,0.0,passed,
40960,7168,768,opus_9000,opus,9000,0,opus_gemm_gfx950_a8w8_mxscale_gemm_bpreshuffle_256x256x256x128_2x2_16x16x128_1x128x128_tiles1_nooob,2,38,280.99894000000006,0.0,passed,
40960,7168,768,opus_9010,opus,9010,0,opus_gemm_gfx950_a8w8_mxscale_gemm_bpreshuffle_256x128x128x128_2x2_16x16x128_1x128x128_tiles1_nooob,2,39,529.2482083333333,0.0,passed,
40960,7168,768,opus_9011,opus,9011,0,opus_gemm_gfx950_a8w8_mxscale_gemm_bpreshuffle_256x64x128x128_2x2_16x16x128_1x128x128_tiles1_nooob,2,40,500.3948292682927,0.0,passed,
40960,7168,768,opus_9012,opus,9012,0,opus_gemm_gfx950_a8w8_mxscale_gemm_bpreshuffle_256x64x64x128_2x2_16x16x128_1x128x128_tiles1_nooob,2,41,636.3221951219513,0.0,passed,
40960,7168,768,opus_9020,opus,9020,0,opus_gemm_gfx950_a8w8_mxscale_gemm_bpreshuffle_256x256x256x128_2x2_16x16x128_1x128x128_tiles1,2,42,306.6424222222221,0.0,passed,
40960,7168,768,ck_0_split0,ck,0,0,a8w8_blockscale_bpreshuffle_1x128x128_256x128x128x128_16x16_16x16_8x32x1_8x32x1_1x32x1x8_8_2x1_intrawave_v3,2,43,427.7042972972971,0.0,passed,
40960,7168,768,ck_1_split0,ck,1,0,a8w8_blockscale_bpreshuffle_1x128x128_256x64x128x128_16x16_16x16_8x32x1_8x32x1_1x32x1x8_8_2x1_intrawave_v3,2,44,418.7497959183676,0.0,passed,
40960,7168,768,ck_2_split0,ck,2,0,a8w8_blockscale_bpreshuffle_1x128x128_256x64x64x128_16x16_16x16_8x32x1_8x32x1_1x32x1x8_8_2x1_intrawave_v3,2,45,500.729469387755,0.0,passed,
40960,7168,768,ck_3_split0,ck,3,0,a8w8_blockscale_bpreshuffle_1x128x128_256x16x256x128_8x16_16x16_16x16x1_8x32x1_1x16x1x16_8_1x2_intrawave_v1,2,46,691.5787199999999,0.0,passed,
40960,7168,768,ck_4_split0,ck,4,0,a8w8_blockscale_bpreshuffle_1x128x128_256x16x128x128_8x16_16x16_16x16x1_8x32x1_1x16x1x16_8_1x2_intrawave_v1,2,47,762.7587000000001,0.0,passed,
40960,7168,768,ck_5_split0,ck,5,0,a8w8_blockscale_bpreshuffle_1x128x128_256x16x64x128_8x16_16x16_16x16x1_8x32x1_1x16x1x16_4_1x1_intrawave_v1,2,48,883.7960851063832,0.0,passed,
40960,7168,768,ck_6_split0,ck,6,0,a8w8_blockscale_bpreshuffle_1x128x128_256x16x128x256_16x16_16x16_16x16x1_16x16x1_1x16x1x16_8_1x2_intrawave_v1,2,49,760.8857608695654,0.0,passed,
40960,7168,768,ck_7_split0,ck,7,0,a8w8_blockscale_bpreshuffle_1x128x128_256x16x64x256_16x16_16x16_16x16x1_16x16x1_1x16x1x16_4_1x1_intrawave_v1,2,50,921.4378367346936,0.0,passed,
40960,7168,768,ck_8_split0,ck,8,0,a8w8_blockscale_bpreshuffle_1x128x128_256x32x256x128_16x16_16x16_8x32x1_8x32x1_1x32x1x8_8_2x1_intrawave_v1,2,51,460.01543478260885,0.0,passed,
40960,7168,768,ck_9_split0,ck,9,0,a8w8_blockscale_bpreshuffle_1x128x128_256x32x128x128_16x16_16x16_8x32x1_8x32x1_1x32x1x8_8_2x1_intrawave_v1,2,52,495.9321702127659,0.0,passed,
40960,7168,768,ck_10_split0,ck,10,0,a8w8_blockscale_bpreshuffle_1x128x128_256x32x64x128_16x16_16x16_8x32x1_8x32x1_1x32x1x8_8_2x1_intrawave_v1,2,53,566.1004,0.0,passed,
40960,7168,768,ck_11_split0,ck,11,0,a8w8_blockscale_bpreshuffle_1x128x128_256x32x128x256_16x16_16x16_16x16x1_16x16x1_1x32x1x8_8_2x1_intrawave_v1,2,54,539.3298,0.0,passed,
40960,7168,768,ck_12_split0,ck,12,0,a8w8_blockscale_bpreshuffle_1x128x128_256x32x64x256_16x16_16x16_16x16x1_16x16x1_1x32x1x8_8_2x1_intrawave_v1,2,55,665.4728200000001,0.0,passed,
1152,7168,3072,ck_12_split0,ck,12,0,a8w8_blockscale_bpreshuffle_1x128x128_256x32x64x256_16x16_16x16_16x16x1_16x16x1_1x32x1x8_8_2x1_intrawave_v1,0,0,69.78616,0.0,passed,
1152,7168,3072,ck_13_split0,ck,13,0,a8w8_blockscale_bpreshuffle_1x128x128_256x64x256x128_16x16_16x16_8x32x1_8x32x1_1x32x1x8_8_2x1_intrawave_v1,0,1,42.893059999999984,0.0,passed,
1152,7168,3072,ck_14_split0,ck,14,0,a8w8_blockscale_bpreshuffle_1x128x128_256x64x128x128_16x16_16x16_8x32x1_8x32x1_1x32x1x8_8_2x1_intrawave_v1,0,2,46.85712,0.0,passed,
1152,7168,3072,ck_15_split0,ck,15,0,a8w8_blockscale_bpreshuffle_1x128x128_256x64x64x128_16x16_16x16_8x32x1_8x32x1_1x32x1x8_8_2x1_intrawave_v1,0,3,55.82202000000002,0.0,passed,
1152,7168,3072,ck_16_split0,ck,16,0,a8w8_blockscale_bpreshuffle_1x128x128_256x64x128x256_16x16_16x16_16x16x1_16x16x1_1x32x1x8_8_2x1_intrawave_v1,0,4,49.79635999999999,0.0,passed,
1152,7168,3072,ck_17_split0,ck,17,0,a8w8_blockscale_bpreshuffle_1x128x128_256x64x64x256_16x16_16x16_16x16x1_16x16x1_1x32x1x8_8_2x1_intrawave_v1,0,5,60.41726,0.0,passed,
1152,7168,3072,cktile_0_split0,cktile,0,0,a8w8_blockscale_cktile_16x128x256_1x4x1_16x16x128_intrawave_0x1x0_1,0,6,91.32391836734692,0.0,passed,
1152,7168,3072,cktile_1_split0,cktile,1,0,a8w8_blockscale_cktile_16x128x256_1x4x1_16x16x128_intrawave_0x1x0_2,0,7,88.96731250000003,0.0,passed,
1152,7168,3072,cktile_2_split0,cktile,2,0,a8w8_blockscale_cktile_16x128x256_1x4x1_16x16x64_intrawave_0x1x0_1,0,8,95.75505999999996,0.0,passed,
1152,7168,3072,cktile_3_split0,cktile,3,0,a8w8_blockscale_cktile_16x128x256_1x4x1_16x16x64_intrawave_0x1x0_2,0,9,90.92301999999997,0.0,passed,
1152,7168,3072,cktile_4_split0,cktile,4,0,a8w8_blockscale_cktile_32x128x128_1x4x1_16x16x128_intrawave_0x1x0_1,0,10,70.02917999999991,0.0,passed,
1152,7168,3072,cktile_5_split0,cktile,5,0,a8w8_blockscale_cktile_32x128x128_1x4x1_16x16x128_intrawave_0x1x0_2,0,11,69.87798000000002,0.0,passed,
1152,7168,3072,cktile_6_split0,cktile,6,0,a8w8_blockscale_cktile_32x128x128_1x4x1_16x16x64_intrawave_0x1x0_1,0,12,72.49639999999998,0.0,passed,
1152,7168,3072,cktile_7_split0,cktile,7,0,a8w8_blockscale_cktile_32x128x128_1x4x1_16x16x64_intrawave_0x1x0_2,0,13,71.76200000000001,0.0,passed,
1152,7168,3072,cktile_8_split0,cktile,8,0,a8w8_blockscale_cktile_128x128x128_1x4x1_16x16x128_intrawave_0x1x0_1,0,14,60.19065999999998,0.0,passed,
1152,7168,3072,cktile_9_split0,cktile,9,0,a8w8_blockscale_cktile_128x128x128_1x4x1_16x16x128_intrawave_0x1x0_1,0,15,60.61867999999992,0.0,passed,
1152,7168,3072,cktile_10_split0,cktile,10,0,a8w8_blockscale_cktile_128x128x128_2x2x1_16x16x128_intrawave_0x1x0_2,0,16,59.965333333333376,0.0,passed,
1152,7168,3072,cktile_11_split0,cktile,11,0,a8w8_blockscale_cktile_192x256x128_4x2x1_16x16x128_intrawave_0x1x0_1,0,17,38.80924489795918,0.0,passed,
1152,7168,3072,cktile_12_split0,cktile,12,0,a8w8_blockscale_cktile_192x256x128_4x2x1_16x16x128_intrawave_0x1x0_1_aqrm,0,18,47.52114000000002,0.0,passed,
1152,7168,3072,cktile_13_split0,cktile,13,0,a8w8_blockscale_cktile_16x128x256_1x4x1_16x16x128_intrawave_0x1x0_3,0,19,90.32665957446812,0.0,passed,
1152,7168,3072,cktile_14_split0,cktile,14,0,a8w8_blockscale_cktile_16x128x256_1x4x1_16x16x128_intrawave_0x1x0_4,0,20,177.18637999999996,0.0,passed,
1152,7168,3072,cktile_15_split0,cktile,15,0,a8w8_blockscale_cktile_16x128x256_1x4x1_16x16x64_intrawave_0x1x0_3,0,21,93.10943999999998,0.0,passed,
1152,7168,3072,cktile_16_split0,cktile,16,0,a8w8_blockscale_cktile_16x128x256_1x4x1_16x16x64_intrawave_0x1x0_4,0,22,101.11353999999997,0.0,passed,
1152,7168,3072,cktile_17_split0,cktile,17,0,a8w8_blockscale_cktile_32x128x128_1x4x1_16x16x128_intrawave_0x1x0_3,0,23,69.40755999999996,0.0,passed,
1152,7168,3072,cktile_18_split0,cktile,18,0,a8w8_blockscale_cktile_32x128x128_1x4x1_16x16x128_intrawave_0x1x0_4,0,24,69.96918,0.0,passed,
1152,7168,3072,cktile_19_split0,cktile,19,0,a8w8_blockscale_cktile_32x128x128_1x4x1_16x16x64_intrawave_0x1x0_3,0,25,69.84756,0.0,passed,
1152,7168,3072,cktile_20_split0,cktile,20,0,a8w8_blockscale_cktile_32x128x128_1x4x1_16x16x64_intrawave_0x1x0_4,0,26,73.16359999999999,0.0,passed,
1152,7168,3072,cktile_21_split0,cktile,21,0,a8w8_blockscale_cktile_128x128x128_1x4x1_16x16x128_intrawave_0x1x0_2,0,27,58.00772727272731,0.0,passed,
1152,7168,3072,cktile_22_split0,cktile,22,0,a8w8_blockscale_cktile_128x128x128_1x4x1_16x16x128_intrawave_0x1x0_3,0,28,203.5239318181816,0.0,passed,
1152,7168,3072,cktile_23_split0,cktile,23,0,a8w8_blockscale_cktile_128x128x128_1x4x1_16x16x128_intrawave_0x1x0_4,0,29,349.4889999999999,0.0,passed,
1152,7168,3072,cktile_24_split0,cktile,24,0,a8w8_blockscale_cktile_128x128x128_2x2x1_16x16x128_intrawave_0x1x0_1,0,30,60.32846666666668,0.0,passed,
1152,7168,3072,cktile_25_split0,cktile,25,0,a8w8_blockscale_cktile_128x128x128_2x2x1_16x16x128_intrawave_0x1x0_3,0,31,209.91579545454545,0.0,passed,
1152,7168,3072,cktile_26_split0,cktile,26,0,a8w8_blockscale_cktile_128x128x128_2x2x1_16x16x128_intrawave_0x1x0_4,0,32,491.0825348837209,0.0,passed,
1152,7168,3072,cktile_27_split0,cktile,27,0,a8w8_blockscale_cktile_192x256x128_4x2x1_16x16x128_intrawave_0x1x0_2,0,33,38.2172,0.0,passed,
1152,7168,3072,cktile_28_split0,cktile,28,0,a8w8_blockscale_cktile_192x256x128_4x2x1_16x16x128_intrawave_0x1x0_3,0,34,37.773714285714284,0.0,passed,
1152,7168,3072,cktile_29_split0,cktile,29,0,a8w8_blockscale_cktile_192x256x128_4x2x1_16x16x128_intrawave_0x1x0_4,0,35,37.86306818181819,0.0,passed,
1152,7168,3072,cktile_30_split0,cktile,30,0,a8w8_blockscale_cktile_192x256x128_4x2x1_16x16x128_intrawave_0x1x0_2_aqrm,0,36,47.78789583333336,0.0,passed,
1152,7168,3072,cktile_31_split0,cktile,31,0,a8w8_blockscale_cktile_192x256x128_4x2x1_16x16x128_intrawave_0x1x0_3_aqrm,0,37,47.37669387755101,0.0,passed,
1152,7168,3072,cktile_32_split0,cktile,32,0,a8w8_blockscale_cktile_192x256x128_4x2x1_16x16x128_intrawave_0x1x0_4_aqrm,0,38,47.468446808510656,0.0,passed,
1152,7168,3072,opus_9010,opus,9010,0,opus_gemm_gfx950_a8w8_mxscale_gemm_bpreshuffle_256x128x128x128_2x2_16x16x128_1x128x128_tiles1_nooob,0,39,41.086276595744664,0.0,passed,
1152,7168,3072,opus_9011,opus,9011,0,opus_gemm_gfx950_a8w8_mxscale_gemm_bpreshuffle_256x64x128x128_2x2_16x16x128_1x128x128_tiles1_nooob,0,40,42.19148888888886,0.0,passed,
1152,7168,3072,opus_9012,opus,9012,0,opus_gemm_gfx950_a8w8_mxscale_gemm_bpreshuffle_256x64x64x128_2x2_16x16x128_1x128x128_tiles1_nooob,0,41,52.74117999999999,0.0,passed,
1152,7168,3072,opus_9020,opus,9020,0,opus_gemm_gfx950_a8w8_mxscale_gemm_bpreshuffle_256x256x256x128_2x2_16x16x128_1x128x128_tiles1,0,42,43.418000000000006,0.0,passed,
1152,7168,3072,ck_0_split0,ck,0,0,a8w8_blockscale_bpreshuffle_1x128x128_256x128x128x128_16x16_16x16_8x32x1_8x32x1_1x32x1x8_8_2x1_intrawave_v3,0,43,42.21388000000001,0.0,passed,
1152,7168,3072,ck_1_split0,ck,1,0,a8w8_blockscale_bpreshuffle_1x128x128_256x64x128x128_16x16_16x16_8x32x1_8x32x1_1x32x1x8_8_2x1_intrawave_v3,0,44,46.02829999999998,0.0,passed,
1152,7168,3072,ck_2_split0,ck,2,0,a8w8_blockscale_bpreshuffle_1x128x128_256x64x64x128_16x16_16x16_8x32x1_8x32x1_1x32x1x8_8_2x1_intrawave_v3,0,45,57.35963999999999,0.0,passed,
1152,7168,3072,ck_3_split0,ck,3,0,a8w8_blockscale_bpreshuffle_1x128x128_256x16x256x128_8x16_16x16_16x16x1_8x32x1_1x16x1x16_8_1x2_intrawave_v1,0,46,87.71038000000004,0.0,passed,
1152,7168,3072,ck_4_split0,ck,4,0,a8w8_blockscale_bpreshuffle_1x128x128_256x16x128x128_8x16_16x16_16x16x1_8x32x1_1x16x1x16_8_1x2_intrawave_v1,0,47,92.70164000000001,0.0,passed,
1152,7168,3072,ck_5_split0,ck,5,0,a8w8_blockscale_bpreshuffle_1x128x128_256x16x64x128_8x16_16x16_16x16x1_8x32x1_1x16x1x16_4_1x1_intrawave_v1,0,48,110.97784000000006,0.0,passed,
1152,7168,3072,ck_6_split0,ck,6,0,a8w8_blockscale_bpreshuffle_1x128x128_256x16x128x256_16x16_16x16_16x16x1_16x16x1_1x16x1x16_8_1x2_intrawave_v1,0,49,90.10879999999997,0.0,passed,
1152,7168,3072,ck_7_split0,ck,7,0,a8w8_blockscale_bpreshuffle_1x128x128_256x16x64x256_16x16_16x16_16x16x1_16x16x1_1x16x1x16_4_1x1_intrawave_v1,0,50,106.59620000000002,0.0,passed,
1152,7168,3072,ck_8_split0,ck,8,0,a8w8_blockscale_bpreshuffle_1x128x128_256x32x256x128_16x16_16x16_8x32x1_8x32x1_1x32x1x8_8_2x1_intrawave_v1,0,51,56.16124000000001,0.0,passed,
1152,7168,3072,ck_9_split0,ck,9,0,a8w8_blockscale_bpreshuffle_1x128x128_256x32x128x128_16x16_16x16_8x32x1_8x32x1_1x32x1x8_8_2x1_intrawave_v1,0,52,55.208533333333335,0.0,passed,
1152,7168,3072,ck_10_split0,ck,10,0,a8w8_blockscale_bpreshuffle_1x128x128_256x32x64x128_16x16_16x16_8x32x1_8x32x1_1x32x1x8_8_2x1_intrawave_v1,0,53,67.16614,0.0,passed,
1152,7168,3072,ck_11_split0,ck,11,0,a8w8_blockscale_bpreshuffle_1x128x128_256x32x128x256_16x16_16x16_16x16x1_16x16x1_1x32x1x8_8_2x1_intrawave_v1,0,54,58.28525999999998,0.0,passed,
1152,7168,3072,ck_12_split0,ck,12,0,a8w8_blockscale_bpreshuffle_1x128x128_256x32x64x256_16x16_16x16_16x16x1_16x16x1_1x32x1x8_8_2x1_intrawave_v1,1,0,70.74379999999998,0.0,passed,
1152,7168,3072,ck_11_split0,ck,11,0,a8w8_blockscale_bpreshuffle_1x128x128_256x32x128x256_16x16_16x16_16x16x1_16x16x1_1x32x1x8_8_2x1_intrawave_v1,1,1,60.63086000000002,0.0,passed,
1152,7168,3072,ck_10_split0,ck,10,0,a8w8_blockscale_bpreshuffle_1x128x128_256x32x64x128_16x16_16x16_8x32x1_8x32x1_1x32x1x8_8_2x1_intrawave_v1,1,2,69.15578,0.0,passed,
1152,7168,3072,ck_9_split0,ck,9,0,a8w8_blockscale_bpreshuffle_1x128x128_256x32x128x128_16x16_16x16_8x32x1_8x32x1_1x32x1x8_8_2x1_intrawave_v1,1,3,57.66043999999998,0.0,passed,
1152,7168,3072,ck_8_split0,ck,8,0,a8w8_blockscale_bpreshuffle_1x128x128_256x32x256x128_16x16_16x16_8x32x1_8x32x1_1x32x1x8_8_2x1_intrawave_v1,1,4,55.33399999999999,0.0,passed,
1152,7168,3072,ck_7_split0,ck,7,0,a8w8_blockscale_bpreshuffle_1x128x128_256x16x64x256_16x16_16x16_16x16x1_16x16x1_1x16x1x16_4_1x1_intrawave_v1,1,5,104.99618000000002,0.0,passed,
1152,7168,3072,ck_6_split0,ck,6,0,a8w8_blockscale_bpreshuffle_1x128x128_256x16x128x256_16x16_16x16_16x16x1_16x16x1_1x16x1x16_8_1x2_intrawave_v1,1,6,88.29598,0.0,passed,
1152,7168,3072,ck_5_split0,ck,5,0,a8w8_blockscale_bpreshuffle_1x128x128_256x16x64x128_8x16_16x16_16x16x1_8x32x1_1x16x1x16_4_1x1_intrawave_v1,1,7,110.87064000000005,0.0,passed,
1152,7168,3072,ck_4_split0,ck,4,0,a8w8_blockscale_bpreshuffle_1x128x128_256x16x128x128_8x16_16x16_16x16x1_8x32x1_1x16x1x16_8_1x2_intrawave_v1,1,8,93.72643999999998,0.0,passed,
1152,7168,3072,ck_3_split0,ck,3,0,a8w8_blockscale_bpreshuffle_1x128x128_256x16x256x128_8x16_16x16_16x16x1_8x32x1_1x16x1x16_8_1x2_intrawave_v1,1,9,87.80398000000001,0.0,passed,
1152,7168,3072,ck_2_split0,ck,2,0,a8w8_blockscale_bpreshuffle_1x128x128_256x64x64x128_16x16_16x16_8x32x1_8x32x1_1x32x1x8_8_2x1_intrawave_v3,1,10,57.07882000000001,0.0,passed,
1152,7168,3072,ck_1_split0,ck,1,0,a8w8_blockscale_bpreshuffle_1x128x128_256x64x128x128_16x16_16x16_8x32x1_8x32x1_1x32x1x8_8_2x1_intrawave_v3,1,11,45.9763,0.0,passed,
1152,7168,3072,ck_0_split0,ck,0,0,a8w8_blockscale_bpreshuffle_1x128x128_256x128x128x128_16x16_16x16_8x32x1_8x32x1_1x32x1x8_8_2x1_intrawave_v3,1,12,42.00907999999998,0.0,passed,
1152,7168,3072,opus_9020,opus,9020,0,opus_gemm_gfx950_a8w8_mxscale_gemm_bpreshuffle_256x256x256x128_2x2_16x16x128_1x128x128_tiles1,1,13,43.871116279069774,0.0,passed,
1152,7168,3072,opus_9012,opus,9012,0,opus_gemm_gfx950_a8w8_mxscale_gemm_bpreshuffle_256x64x64x128_2x2_16x16x128_1x128x128_tiles1_nooob,1,14,54.00042857142859,0.0,passed,
1152,7168,3072,opus_9011,opus,9011,0,opus_gemm_gfx950_a8w8_mxscale_gemm_bpreshuffle_256x64x128x128_2x2_16x16x128_1x128x128_tiles1_nooob,1,15,42.91863265306123,0.0,passed,
1152,7168,3072,opus_9010,opus,9010,0,opus_gemm_gfx950_a8w8_mxscale_gemm_bpreshuffle_256x128x128x128_2x2_16x16x128_1x128x128_tiles1_nooob,1,16,41.748040816326544,0.0,passed,
1152,7168,3072,cktile_32_split0,cktile,32,0,a8w8_blockscale_cktile_192x256x128_4x2x1_16x16x128_intrawave_0x1x0_4_aqrm,1,17,47.61714000000002,0.0,passed,
1152,7168,3072,cktile_31_split0,cktile,31,0,a8w8_blockscale_cktile_192x256x128_4x2x1_16x16x128_intrawave_0x1x0_3_aqrm,1,18,47.50320408163263,0.0,passed,
1152,7168,3072,cktile_30_split0,cktile,30,0,a8w8_blockscale_cktile_192x256x128_4x2x1_16x16x128_intrawave_0x1x0_2_aqrm,1,19,47.57154,0.0,passed,
1152,7168,3072,cktile_29_split0,cktile,29,0,a8w8_blockscale_cktile_192x256x128_4x2x1_16x16x128_intrawave_0x1x0_4,1,20,38.03769565217392,0.0,passed,
1152,7168,3072,cktile_28_split0,cktile,28,0,a8w8_blockscale_cktile_192x256x128_4x2x1_16x16x128_intrawave_0x1x0_3,1,21,37.65369047619047,0.0,passed,
1152,7168,3072,cktile_27_split0,cktile,27,0,a8w8_blockscale_cktile_192x256x128_4x2x1_16x16x128_intrawave_0x1x0_2,1,22,37.61464285714281,0.0,passed,
1152,7168,3072,cktile_26_split0,cktile,26,0,a8w8_blockscale_cktile_128x128x128_2x2x1_16x16x128_intrawave_0x1x0_4,1,23,492.4913260869565,0.0,passed,
1152,7168,3072,cktile_25_split0,cktile,25,0,a8w8_blockscale_cktile_128x128x128_2x2x1_16x16x128_intrawave_0x1x0_3,1,24,209.7798837209302,0.0,passed,
1152,7168,3072,cktile_24_split0,cktile,24,0,a8w8_blockscale_cktile_128x128x128_2x2x1_16x16x128_intrawave_0x1x0_1,1,25,62.20828,0.0,passed,
1152,7168,3072,cktile_23_split0,cktile,23,0,a8w8_blockscale_cktile_128x128x128_1x4x1_16x16x128_intrawave_0x1x0_4,1,26,349.8173636363634,0.0,passed,
1152,7168,3072,cktile_22_split0,cktile,22,0,a8w8_blockscale_cktile_128x128x128_1x4x1_16x16x128_intrawave_0x1x0_3,1,27,204.52518367346937,0.0,passed,
1152,7168,3072,cktile_21_split0,cktile,21,0,a8w8_blockscale_cktile_128x128x128_1x4x1_16x16x128_intrawave_0x1x0_2,1,28,59.913079999999994,0.0,passed,
1152,7168,3072,cktile_20_split0,cktile,20,0,a8w8_blockscale_cktile_32x128x128_1x4x1_16x16x64_intrawave_0x1x0_4,1,29,69.80357999999997,0.0,passed,
1152,7168,3072,cktile_19_split0,cktile,19,0,a8w8_blockscale_cktile_32x128x128_1x4x1_16x16x64_intrawave_0x1x0_3,1,30,70.89158000000002,0.0,passed,
1152,7168,3072,cktile_18_split0,cktile,18,0,a8w8_blockscale_cktile_32x128x128_1x4x1_16x16x128_intrawave_0x1x0_4,1,31,68.96708333333328,0.0,passed,
1152,7168,3072,cktile_17_split0,cktile,17,0,a8w8_blockscale_cktile_32x128x128_1x4x1_16x16x128_intrawave_0x1x0_3,1,32,72.74970454545456,0.0,passed,
1152,7168,3072,cktile_16_split0,cktile,16,0,a8w8_blockscale_cktile_16x128x256_1x4x1_16x16x64_intrawave_0x1x0_4,1,33,101.86153999999996,0.0,passed,
1152,7168,3072,cktile_15_split0,cktile,15,0,a8w8_blockscale_cktile_16x128x256_1x4x1_16x16x64_intrawave_0x1x0_3,1,34,92.27504,0.0,passed,
1152,7168,3072,cktile_14_split0,cktile,14,0,a8w8_blockscale_cktile_16x128x256_1x4x1_16x16x128_intrawave_0x1x0_4,1,35,176.12155999999987,0.0,passed,
1152,7168,3072,cktile_13_split0,cktile,13,0,a8w8_blockscale_cktile_16x128x256_1x4x1_16x16x128_intrawave_0x1x0_3,1,36,90.2886,0.0,passed,
1152,7168,3072,cktile_12_split0,cktile,12,0,a8w8_blockscale_cktile_192x256x128_4x2x1_16x16x128_intrawave_0x1x0_1_aqrm,1,37,47.81474,0.0,passed,
1152,7168,3072,cktile_11_split0,cktile,11,0,a8w8_blockscale_cktile_192x256x128_4x2x1_16x16x128_intrawave_0x1x0_1,1,38,37.86122727272727,0.0,passed,
1152,7168,3072,cktile_10_split0,cktile,10,0,a8w8_blockscale_cktile_128x128x128_2x2x1_16x16x128_intrawave_0x1x0_2,1,39,60.175418604651135,0.0,passed,
1152,7168,3072,cktile_9_split0,cktile,9,0,a8w8_blockscale_cktile_128x128x128_1x4x1_16x16x128_intrawave_0x1x0_1,1,40,59.418285714285744,0.0,passed,
1152,7168,3072,cktile_8_split0,cktile,8,0,a8w8_blockscale_cktile_128x128x128_1x4x1_16x16x128_intrawave_0x1x0_1,1,41,59.57705999999998,0.0,passed,
1152,7168,3072,cktile_7_split0,cktile,7,0,a8w8_blockscale_cktile_32x128x128_1x4x1_16x16x64_intrawave_0x1x0_2,1,42,71.88199999999995,0.0,passed,
1152,7168,3072,cktile_6_split0,cktile,6,0,a8w8_blockscale_cktile_32x128x128_1x4x1_16x16x64_intrawave_0x1x0_1,1,43,72.34119999999999,0.0,passed,
1152,7168,3072,cktile_5_split0,cktile,5,0,a8w8_blockscale_cktile_32x128x128_1x4x1_16x16x128_intrawave_0x1x0_2,1,44,71.63239999999999,0.0,passed,
1152,7168,3072,cktile_4_split0,cktile,4,0,a8w8_blockscale_cktile_32x128x128_1x4x1_16x16x128_intrawave_0x1x0_1,1,45,70.76839999999999,0.0,passed,
1152,7168,3072,cktile_3_split0,cktile,3,0,a8w8_blockscale_cktile_16x128x256_1x4x1_16x16x64_intrawave_0x1x0_2,1,46,92.11262000000005,0.0,passed,
1152,7168,3072,cktile_2_split0,cktile,2,0,a8w8_blockscale_cktile_16x128x256_1x4x1_16x16x64_intrawave_0x1x0_1,1,47,94.50945999999998,0.0,passed,
1152,7168,3072,cktile_1_split0,cktile,1,0,a8w8_blockscale_cktile_16x128x256_1x4x1_16x16x128_intrawave_0x1x0_2,1,48,91.18620000000006,0.0,passed,
1152,7168,3072,cktile_0_split0,cktile,0,0,a8w8_blockscale_cktile_16x128x256_1x4x1_16x16x128_intrawave_0x1x0_1,1,49,88.87899999999992,0.0,passed,
1152,7168,3072,ck_17_split0,ck,17,0,a8w8_blockscale_bpreshuffle_1x128x128_256x64x64x256_16x16_16x16_16x16x1_16x16x1_1x32x1x8_8_2x1_intrawave_v1,1,50,62.10447999999997,0.0,passed,
1152,7168,3072,ck_16_split0,ck,16,0,a8w8_blockscale_bpreshuffle_1x128x128_256x64x128x256_16x16_16x16_16x16x1_16x16x1_1x32x1x8_8_2x1_intrawave_v1,1,51,49.92034,0.0,passed,
1152,7168,3072,ck_15_split0,ck,15,0,a8w8_blockscale_bpreshuffle_1x128x128_256x64x64x128_16x16_16x16_8x32x1_8x32x1_1x32x1x8_8_2x1_intrawave_v1,1,52,56.414820000000034,0.0,passed,
1152,7168,3072,ck_14_split0,ck,14,0,a8w8_blockscale_bpreshuffle_1x128x128_256x64x128x128_16x16_16x16_8x32x1_8x32x1_1x32x1x8_8_2x1_intrawave_v1,1,53,44.79540816326526,0.0,passed,
1152,7168,3072,ck_13_split0,ck,13,0,a8w8_blockscale_bpreshuffle_1x128x128_256x64x256x128_16x16_16x16_8x32x1_8x32x1_1x32x1x8_8_2x1_intrawave_v1,1,54,42.38138095238095,0.0,passed,
1152,7168,3072,ck_14_split0,ck,14,0,a8w8_blockscale_bpreshuffle_1x128x128_256x64x128x128_16x16_16x16_8x32x1_8x32x1_1x32x1x8_8_2x1_intrawave_v1,2,0,44.339023255813956,0.0,passed,
1152,7168,3072,ck_15_split0,ck,15,0,a8w8_blockscale_bpreshuffle_1x128x128_256x64x64x128_16x16_16x16_8x32x1_8x32x1_1x32x1x8_8_2x1_intrawave_v1,2,1,55.09082,0.0,passed,
1152,7168,3072,ck_16_split0,ck,16,0,a8w8_blockscale_bpreshuffle_1x128x128_256x64x128x256_16x16_16x16_16x16x1_16x16x1_1x32x1x8_8_2x1_intrawave_v1,2,2,50.38676,0.0,passed,
1152,7168,3072,ck_17_split0,ck,17,0,a8w8_blockscale_bpreshuffle_1x128x128_256x64x64x256_16x16_16x16_16x16x1_16x16x1_1x32x1x8_8_2x1_intrawave_v1,2,3,65.02292,0.0,passed,
1152,7168,3072,cktile_0_split0,cktile,0,0,a8w8_blockscale_cktile_16x128x256_1x4x1_16x16x128_intrawave_0x1x0_1,2,4,88.97578000000003,0.0,passed,
1152,7168,3072,cktile_1_split0,cktile,1,0,a8w8_blockscale_cktile_16x128x256_1x4x1_16x16x128_intrawave_0x1x0_2,2,5,89.34675510204076,0.0,passed,
1152,7168,3072,cktile_2_split0,cktile,2,0,a8w8_blockscale_cktile_16x128x256_1x4x1_16x16x64_intrawave_0x1x0_1,2,6,93.95583999999997,0.0,passed,
1152,7168,3072,cktile_3_split0,cktile,3,0,a8w8_blockscale_cktile_16x128x256_1x4x1_16x16x64_intrawave_0x1x0_2,2,7,93.09984000000003,0.0,passed,
1152,7168,3072,cktile_4_split0,cktile,4,0,a8w8_blockscale_cktile_32x128x128_1x4x1_16x16x128_intrawave_0x1x0_1,2,8,70.08278000000004,0.0,passed,
1152,7168,3072,cktile_5_split0,cktile,5,0,a8w8_blockscale_cktile_32x128x128_1x4x1_16x16x128_intrawave_0x1x0_2,2,9,69.23551020408162,0.0,passed,
1152,7168,3072,cktile_6_split0,cktile,6,0,a8w8_blockscale_cktile_32x128x128_1x4x1_16x16x64_intrawave_0x1x0_1,2,10,72.38760000000003,0.0,passed,
1152,7168,3072,cktile_7_split0,cktile,7,0,a8w8_blockscale_cktile_32x128x128_1x4x1_16x16x64_intrawave_0x1x0_2,2,11,72.10359999999996,0.0,passed,
1152,7168,3072,cktile_8_split0,cktile,8,0,a8w8_blockscale_cktile_128x128x128_1x4x1_16x16x128_intrawave_0x1x0_1,2,12,59.99626000000002,0.0,passed,
1152,7168,3072,cktile_9_split0,cktile,9,0,a8w8_blockscale_cktile_128x128x128_1x4x1_16x16x128_intrawave_0x1x0_1,2,13,59.61226,0.0,passed,
1152,7168,3072,cktile_10_split0,cktile,10,0,a8w8_blockscale_cktile_128x128x128_2x2x1_16x16x128_intrawave_0x1x0_2,2,14,60.60868181818178,0.0,passed,
1152,7168,3072,cktile_11_split0,cktile,11,0,a8w8_blockscale_cktile_192x256x128_4x2x1_16x16x128_intrawave_0x1x0_1,2,15,38.783918367346956,0.0,passed,
1152,7168,3072,cktile_12_split0,cktile,12,0,a8w8_blockscale_cktile_192x256x128_4x2x1_16x16x128_intrawave_0x1x0_1_aqrm,2,16,46.75681818181815,0.0,passed,
1152,7168,3072,cktile_13_split0,cktile,13,0,a8w8_blockscale_cktile_16x128x256_1x4x1_16x16x128_intrawave_0x1x0_3,2,17,90.06185714285716,0.0,passed,
1152,7168,3072,cktile_14_split0,cktile,14,0,a8w8_blockscale_cktile_16x128x256_1x4x1_16x16x128_intrawave_0x1x0_4,2,18,174.66794000000004,0.0,passed,
1152,7168,3072,cktile_15_split0,cktile,15,0,a8w8_blockscale_cktile_16x128x256_1x4x1_16x16x64_intrawave_0x1x0_3,2,19,92.91584000000003,0.0,passed,
1152,7168,3072,cktile_16_split0,cktile,16,0,a8w8_blockscale_cktile_16x128x256_1x4x1_16x16x64_intrawave_0x1x0_4,2,20,105.48238,0.0,passed,
1152,7168,3072,cktile_17_split0,cktile,17,0,a8w8_blockscale_cktile_32x128x128_1x4x1_16x16x128_intrawave_0x1x0_3,2,21,71.95800000000003,0.0,passed,
1152,7168,3072,cktile_18_split0,cktile,18,0,a8w8_blockscale_cktile_32x128x128_1x4x1_16x16x128_intrawave_0x1x0_4,2,22,69.40275999999999,0.0,passed,
1152,7168,3072,cktile_19_split0,cktile,19,0,a8w8_blockscale_cktile_32x128x128_1x4x1_16x16x64_intrawave_0x1x0_3,2,23,69.70918,0.0,passed,
1152,7168,3072,cktile_20_split0,cktile,20,0,a8w8_blockscale_cktile_32x128x128_1x4x1_16x16x64_intrawave_0x1x0_4,2,24,72.36760000000005,0.0,passed,
1152,7168,3072,cktile_21_split0,cktile,21,0,a8w8_blockscale_cktile_128x128x128_1x4x1_16x16x128_intrawave_0x1x0_2,2,25,59.05546000000001,0.0,passed,
1152,7168,3072,cktile_22_split0,cktile,22,0,a8w8_blockscale_cktile_128x128x128_1x4x1_16x16x128_intrawave_0x1x0_3,2,26,204.37387999999993,0.0,passed,
1152,7168,3072,cktile_23_split0,cktile,23,0,a8w8_blockscale_cktile_128x128x128_1x4x1_16x16x128_intrawave_0x1x0_4,2,27,349.89166666666677,0.0,passed,
1152,7168,3072,cktile_24_split0,cktile,24,0,a8w8_blockscale_cktile_128x128x128_2x2x1_16x16x128_intrawave_0x1x0_1,2,28,62.89630000000004,0.0,passed,
1152,7168,3072,cktile_25_split0,cktile,25,0,a8w8_blockscale_cktile_128x128x128_2x2x1_16x16x128_intrawave_0x1x0_3,2,29,209.92319047619043,0.0,passed,
1152,7168,3072,cktile_26_split0,cktile,26,0,a8w8_blockscale_cktile_128x128x128_2x2x1_16x16x128_intrawave_0x1x0_4,2,30,492.61593333333343,0.0,passed,
1152,7168,3072,cktile_27_split0,cktile,27,0,a8w8_blockscale_cktile_192x256x128_4x2x1_16x16x128_intrawave_0x1x0_2,2,31,38.83128571428572,0.0,passed,
1152,7168,3072,cktile_28_split0,cktile,28,0,a8w8_blockscale_cktile_192x256x128_4x2x1_16x16x128_intrawave_0x1x0_3,2,32,38.0273488372093,0.0,passed,
1152,7168,3072,cktile_29_split0,cktile,29,0,a8w8_blockscale_cktile_192x256x128_4x2x1_16x16x128_intrawave_0x1x0_4,2,33,38.14431111111111,0.0,passed,
1152,7168,3072,cktile_30_split0,cktile,30,0,a8w8_blockscale_cktile_192x256x128_4x2x1_16x16x128_intrawave_0x1x0_2_aqrm,2,34,47.450720000000004,0.0,passed,
1152,7168,3072,cktile_31_split0,cktile,31,0,a8w8_blockscale_cktile_192x256x128_4x2x1_16x16x128_intrawave_0x1x0_3_aqrm,2,35,47.32783333333333,0.0,passed,
1152,7168,3072,cktile_32_split0,cktile,32,0,a8w8_blockscale_cktile_192x256x128_4x2x1_16x16x128_intrawave_0x1x0_4_aqrm,2,36,47.61234000000001,0.0,passed,
1152,7168,3072,opus_9010,opus,9010,0,opus_gemm_gfx950_a8w8_mxscale_gemm_bpreshuffle_256x128x128x128_2x2_16x16x128_1x128x128_tiles1_nooob,2,37,41.678653061224466,0.0,passed,
1152,7168,3072,opus_9011,opus,9011,0,opus_gemm_gfx950_a8w8_mxscale_gemm_bpreshuffle_256x64x128x128_2x2_16x16x128_1x128x128_tiles1_nooob,2,38,42.94588000000001,0.0,passed,
1152,7168,3072,opus_9012,opus,9012,0,opus_gemm_gfx950_a8w8_mxscale_gemm_bpreshuffle_256x64x64x128_2x2_16x16x128_1x128x128_tiles1_nooob,2,39,52.72695918367348,0.0,passed,
1152,7168,3072,opus_9020,opus,9020,0,opus_gemm_gfx950_a8w8_mxscale_gemm_bpreshuffle_256x256x256x128_2x2_16x16x128_1x128x128_tiles1,2,40,43.88134883720932,0.0,passed,
1152,7168,3072,ck_0_split0,ck,0,0,a8w8_blockscale_bpreshuffle_1x128x128_256x128x128x128_16x16_16x16_8x32x1_8x32x1_1x32x1x8_8_2x1_intrawave_v3,2,41,41.34728260869564,0.0,passed,
1152,7168,3072,ck_1_split0,ck,1,0,a8w8_blockscale_bpreshuffle_1x128x128_256x64x128x128_16x16_16x16_8x32x1_8x32x1_1x32x1x8_8_2x1_intrawave_v3,2,42,46.72671999999999,0.0,passed,
1152,7168,3072,ck_2_split0,ck,2,0,a8w8_blockscale_bpreshuffle_1x128x128_256x64x64x128_16x16_16x16_8x32x1_8x32x1_1x32x1x8_8_2x1_intrawave_v3,2,43,58.49485999999999,0.0,passed,
1152,7168,3072,ck_3_split0,ck,3,0,a8w8_blockscale_bpreshuffle_1x128x128_256x16x256x128_8x16_16x16_16x16x1_8x32x1_1x16x1x16_8_1x2_intrawave_v1,2,44,86.88555999999997,0.0,passed,
1152,7168,3072,ck_4_split0,ck,4,0,a8w8_blockscale_bpreshuffle_1x128x128_256x16x128x128_8x16_16x16_16x16x1_8x32x1_1x16x1x16_8_1x2_intrawave_v1,2,45,94.35924000000001,0.0,passed,
1152,7168,3072,ck_5_split0,ck,5,0,a8w8_blockscale_bpreshuffle_1x128x128_256x16x64x128_8x16_16x16_16x16x1_8x32x1_1x16x1x16_4_1x1_intrawave_v1,2,46,109.35542000000004,0.0,passed,
1152,7168,3072,ck_6_split0,ck,6,0,a8w8_blockscale_bpreshuffle_1x128x128_256x16x128x256_16x16_16x16_16x16x1_16x16x1_1x16x1x16_8_1x2_intrawave_v1,2,47,89.63200000000002,0.0,passed,
1152,7168,3072,ck_7_split0,ck,7,0,a8w8_blockscale_bpreshuffle_1x128x128_256x16x64x256_16x16_16x16_16x16x1_16x16x1_1x16x1x16_4_1x1_intrawave_v1,2,48,107.32020000000004,0.0,passed,
1152,7168,3072,ck_8_split0,ck,8,0,a8w8_blockscale_bpreshuffle_1x128x128_256x32x256x128_16x16_16x16_8x32x1_8x32x1_1x32x1x8_8_2x1_intrawave_v1,2,49,54.62760000000001,0.0,passed,
1152,7168,3072,ck_9_split0,ck,9,0,a8w8_blockscale_bpreshuffle_1x128x128_256x32x128x128_16x16_16x16_8x32x1_8x32x1_1x32x1x8_8_2x1_intrawave_v1,2,50,56.47242000000003,0.0,passed,
1152,7168,3072,ck_10_split0,ck,10,0,a8w8_blockscale_bpreshuffle_1x128x128_256x32x64x128_16x16_16x16_8x32x1_8x32x1_1x32x1x8_8_2x1_intrawave_v1,2,51,69.53336000000002,0.0,passed,
1152,7168,3072,ck_11_split0,ck,11,0,a8w8_blockscale_bpreshuffle_1x128x128_256x32x128x256_16x16_16x16_16x16x1_16x16x1_1x32x1x8_8_2x1_intrawave_v1,2,52,59.450059999999986,0.0,passed,
1152,7168,3072,ck_12_split0,ck,12,0,a8w8_blockscale_bpreshuffle_1x128x128_256x32x64x256_16x16_16x16_16x16x1_16x16x1_1x32x1x8_8_2x1_intrawave_v1,2,53,71.98220000000002,0.0,passed,
1152,7168,3072,ck_13_split0,ck,13,0,a8w8_blockscale_bpreshuffle_1x128x128_256x64x256x128_16x16_16x16_8x32x1_8x32x1_1x32x1x8_8_2x1_intrawave_v1,2,54,42.31946938775511,0.0,passed,
1920,7168,3072,ck_13_split0,ck,13,0,a8w8_blockscale_bpreshuffle_1x128x128_256x64x256x128_16x16_16x16_8x32x1_8x32x1_1x32x1x8_8_2x1_intrawave_v1,0,0,77.46625999999998,0.0,passed,
1920,7168,3072,ck_14_split0,ck,14,0,a8w8_blockscale_bpreshuffle_1x128x128_256x64x128x128_16x16_16x16_8x32x1_8x32x1_1x32x1x8_8_2x1_intrawave_v1,0,1,77.21985999999998,0.0,passed,
1920,7168,3072,ck_15_split0,ck,15,0,a8w8_blockscale_bpreshuffle_1x128x128_256x64x64x128_16x16_16x16_8x32x1_8x32x1_1x32x1x8_8_2x1_intrawave_v1,0,2,96.85768000000003,0.0,passed,
1920,7168,3072,ck_16_split0,ck,16,0,a8w8_blockscale_bpreshuffle_1x128x128_256x64x128x256_16x16_16x16_16x16x1_16x16x1_1x32x1x8_8_2x1_intrawave_v1,0,3,84.73274000000005,0.0,passed,
1920,7168,3072,ck_17_split0,ck,17,0,a8w8_blockscale_bpreshuffle_1x128x128_256x64x64x256_16x16_16x16_16x16x1_16x16x1_1x32x1x8_8_2x1_intrawave_v1,0,4,107.21857999999995,0.0,passed,
1920,7168,3072,cktile_0_split0,cktile,0,0,a8w8_blockscale_cktile_16x128x256_1x4x1_16x16x128_intrawave_0x1x0_1,0,5,140.76756,0.0,passed,
1920,7168,3072,cktile_1_split0,cktile,1,0,a8w8_blockscale_cktile_16x128x256_1x4x1_16x16x128_intrawave_0x1x0_2,0,6,141.4902040816327,0.0,passed,
1920,7168,3072,cktile_2_split0,cktile,2,0,a8w8_blockscale_cktile_16x128x256_1x4x1_16x16x64_intrawave_0x1x0_1,0,7,142.7669387755102,0.0,passed,
1920,7168,3072,cktile_3_split0,cktile,3,0,a8w8_blockscale_cktile_16x128x256_1x4x1_16x16x64_intrawave_0x1x0_2,0,8,144.27877551020407,0.0,passed,
1920,7168,3072,cktile_4_split0,cktile,4,0,a8w8_blockscale_cktile_32x128x128_1x4x1_16x16x128_intrawave_0x1x0_1,0,9,114.08166000000001,0.0,passed,
1920,7168,3072,cktile_5_split0,cktile,5,0,a8w8_blockscale_cktile_32x128x128_1x4x1_16x16x128_intrawave_0x1x0_2,0,10,112.69845999999995,0.0,passed,
1920,7168,3072,cktile_6_split0,cktile,6,0,a8w8_blockscale_cktile_32x128x128_1x4x1_16x16x64_intrawave_0x1x0_1,0,11,113.30486000000005,0.0,passed,
1920,7168,3072,cktile_7_split0,cktile,7,0,a8w8_blockscale_cktile_32x128x128_1x4x1_16x16x64_intrawave_0x1x0_2,0,12,115.43609999999998,0.0,passed,
1920,7168,3072,cktile_8_split0,cktile,8,0,a8w8_blockscale_cktile_128x128x128_1x4x1_16x16x128_intrawave_0x1x0_1,0,13,103.20394000000002,0.0,passed,
1920,7168,3072,cktile_9_split0,cktile,9,0,a8w8_blockscale_cktile_128x128x128_1x4x1_16x16x128_intrawave_0x1x0_1,0,14,100.77995833333334,0.0,passed,
1920,7168,3072,cktile_10_split0,cktile,10,0,a8w8_blockscale_cktile_128x128x128_2x2x1_16x16x128_intrawave_0x1x0_2,0,15,99.63727272727273,0.0,passed,
1920,7168,3072,cktile_11_split0,cktile,11,0,a8w8_blockscale_cktile_192x256x128_4x2x1_16x16x128_intrawave_0x1x0_1,0,16,67.75656,0.0,passed,
1920,7168,3072,cktile_12_split0,cktile,12,0,a8w8_blockscale_cktile_192x256x128_4x2x1_16x16x128_intrawave_0x1x0_1_aqrm,0,17,82.87272000000002,0.0,passed,
1920,7168,3072,cktile_13_split0,cktile,13,0,a8w8_blockscale_cktile_16x128x256_1x4x1_16x16x128_intrawave_0x1x0_3,0,18,138.79234000000005,0.0,passed,
1920,7168,3072,cktile_14_split0,cktile,14,0,a8w8_blockscale_cktile_16x128x256_1x4x1_16x16x128_intrawave_0x1x0_4,0,19,279.7091000000001,0.0,passed,
1920,7168,3072,cktile_15_split0,cktile,15,0,a8w8_blockscale_cktile_16x128x256_1x4x1_16x16x64_intrawave_0x1x0_3,0,20,146.92443999999995,0.0,passed,
1920,7168,3072,cktile_16_split0,cktile,16,0,a8w8_blockscale_cktile_16x128x256_1x4x1_16x16x64_intrawave_0x1x0_4,0,21,162.8926199999999,0.0,passed,
1920,7168,3072,cktile_17_split0,cktile,17,0,a8w8_blockscale_cktile_32x128x128_1x4x1_16x16x128_intrawave_0x1x0_3,0,22,112.09722499999991,0.0,passed,
1920,7168,3072,cktile_18_split0,cktile,18,0,a8w8_blockscale_cktile_32x128x128_1x4x1_16x16x128_intrawave_0x1x0_4,0,23,112.80004000000001,0.0,passed,
1920,7168,3072,cktile_19_split0,cktile,19,0,a8w8_blockscale_cktile_32x128x128_1x4x1_16x16x64_intrawave_0x1x0_3,0,24,115.63928,0.0,passed,
1920,7168,3072,cktile_20_split0,cktile,20,0,a8w8_blockscale_cktile_32x128x128_1x4x1_16x16x64_intrawave_0x1x0_4,0,25,115.96488,0.0,passed,
1920,7168,3072,cktile_21_split0,cktile,21,0,a8w8_blockscale_cktile_128x128x128_1x4x1_16x16x128_intrawave_0x1x0_2,0,26,100.03632558139539,0.0,passed,
1920,7168,3072,cktile_22_split0,cktile,22,0,a8w8_blockscale_cktile_128x128x128_1x4x1_16x16x128_intrawave_0x1x0_3,0,27,349.3851627906974,0.0,passed,
1920,7168,3072,cktile_23_split0,cktile,23,0,a8w8_blockscale_cktile_128x128x128_1x4x1_16x16x128_intrawave_0x1x0_4,0,28,454.4438979591837,0.0,passed,
1920,7168,3072,cktile_24_split0,cktile,24,0,a8w8_blockscale_cktile_128x128x128_2x2x1_16x16x128_intrawave_0x1x0_1,0,29,99.85381632653069,0.0,passed,
1920,7168,3072,cktile_25_split0,cktile,25,0,a8w8_blockscale_cktile_128x128x128_2x2x1_16x16x128_intrawave_0x1x0_3,0,30,369.7843333333333,0.0,passed,
1920,7168,3072,cktile_26_split0,cktile,26,0,a8w8_blockscale_cktile_128x128x128_2x2x1_16x16x128_intrawave_0x1x0_4,0,31,665.0666808510639,0.0,passed,
1920,7168,3072,cktile_27_split0,cktile,27,0,a8w8_blockscale_cktile_192x256x128_4x2x1_16x16x128_intrawave_0x1x0_2,0,32,68.14855999999997,0.0,passed,
1920,7168,3072,cktile_28_split0,cktile,28,0,a8w8_blockscale_cktile_192x256x128_4x2x1_16x16x128_intrawave_0x1x0_3,0,33,67.26699999999997,0.0,passed,
1920,7168,3072,cktile_29_split0,cktile,29,0,a8w8_blockscale_cktile_192x256x128_4x2x1_16x16x128_intrawave_0x1x0_4,0,34,68.07338636363639,0.0,passed,
1920,7168,3072,cktile_30_split0,cktile,30,0,a8w8_blockscale_cktile_192x256x128_4x2x1_16x16x128_intrawave_0x1x0_2_aqrm,0,35,83.05112,0.0,passed,
1920,7168,3072,cktile_31_split0,cktile,31,0,a8w8_blockscale_cktile_192x256x128_4x2x1_16x16x128_intrawave_0x1x0_3_aqrm,0,36,83.30794,0.0,passed,
1920,7168,3072,cktile_32_split0,cktile,32,0,a8w8_blockscale_cktile_192x256x128_4x2x1_16x16x128_intrawave_0x1x0_4_aqrm,0,37,82.84231999999999,0.0,passed,
1920,7168,3072,opus_9010,opus,9010,0,opus_gemm_gfx950_a8w8_mxscale_gemm_bpreshuffle_256x128x128x128_2x2_16x16x128_1x128x128_tiles1_nooob,0,38,72.72661702127661,0.0,passed,
1920,7168,3072,opus_9011,opus,9011,0,opus_gemm_gfx950_a8w8_mxscale_gemm_bpreshuffle_256x64x128x128_2x2_16x16x128_1x128x128_tiles1_nooob,0,39,71.13285714285715,0.0,passed,
1920,7168,3072,opus_9012,opus,9012,0,opus_gemm_gfx950_a8w8_mxscale_gemm_bpreshuffle_256x64x64x128_2x2_16x16x128_1x128x128_tiles1_nooob,0,40,86.37996,0.0,passed,
1920,7168,3072,opus_9020,opus,9020,0,opus_gemm_gfx950_a8w8_mxscale_gemm_bpreshuffle_256x256x256x128_2x2_16x16x128_1x128x128_tiles1,0,41,49.92275999999999,0.0,passed,
1920,7168,3072,ck_0_split0,ck,0,0,a8w8_blockscale_bpreshuffle_1x128x128_256x128x128x128_16x16_16x16_8x32x1_8x32x1_1x32x1x8_8_2x1_intrawave_v3,0,42,70.78562499999998,0.0,passed,
1920,7168,3072,ck_1_split0,ck,1,0,a8w8_blockscale_bpreshuffle_1x128x128_256x64x128x128_16x16_16x16_8x32x1_8x32x1_1x32x1x8_8_2x1_intrawave_v3,0,43,76.79825999999997,0.0,passed,
1920,7168,3072,ck_2_split0,ck,2,0,a8w8_blockscale_bpreshuffle_1x128x128_256x64x64x128_16x16_16x16_8x32x1_8x32x1_1x32x1x8_8_2x1_intrawave_v3,0,44,97.55288,0.0,passed,
1920,7168,3072,ck_3_split0,ck,3,0,a8w8_blockscale_bpreshuffle_1x128x128_256x16x256x128_8x16_16x16_16x16x1_8x32x1_1x16x1x16_8_1x2_intrawave_v1,0,45,138.79814,0.0,passed,
1920,7168,3072,ck_4_split0,ck,4,0,a8w8_blockscale_bpreshuffle_1x128x128_256x16x128x128_8x16_16x16_16x16x1_8x32x1_1x16x1x16_8_1x2_intrawave_v1,0,46,149.9406600000001,0.0,passed,
1920,7168,3072,ck_5_split0,ck,5,0,a8w8_blockscale_bpreshuffle_1x128x128_256x16x64x128_8x16_16x16_16x16x1_8x32x1_1x16x1x16_4_1x1_intrawave_v1,0,47,178.10578000000004,0.0,passed,
1920,7168,3072,ck_6_split0,ck,6,0,a8w8_blockscale_bpreshuffle_1x128x128_256x16x128x256_16x16_16x16_16x16x1_16x16x1_1x16x1x16_8_1x2_intrawave_v1,0,48,146.29422000000008,0.0,passed,
1920,7168,3072,ck_7_split0,ck,7,0,a8w8_blockscale_bpreshuffle_1x128x128_256x16x64x256_16x16_16x16_16x16x1_16x16x1_1x16x1x16_4_1x1_intrawave_v1,0,49,169.69127999999992,0.0,passed,
1920,7168,3072,ck_8_split0,ck,8,0,a8w8_blockscale_bpreshuffle_1x128x128_256x32x256x128_16x16_16x16_8x32x1_8x32x1_1x32x1x8_8_2x1_intrawave_v1,0,50,89.48719999999996,0.0,passed,
1920,7168,3072,ck_9_split0,ck,9,0,a8w8_blockscale_bpreshuffle_1x128x128_256x32x128x128_16x16_16x16_8x32x1_8x32x1_1x32x1x8_8_2x1_intrawave_v1,0,51,95.87527999999996,0.0,passed,
1920,7168,3072,ck_10_split0,ck,10,0,a8w8_blockscale_bpreshuffle_1x128x128_256x32x64x128_16x16_16x16_8x32x1_8x32x1_1x32x1x8_8_2x1_intrawave_v1,0,52,110.59382000000001,0.0,passed,
1920,7168,3072,ck_11_split0,ck,11,0,a8w8_blockscale_bpreshuffle_1x128x128_256x32x128x256_16x16_16x16_16x16x1_16x16x1_1x32x1x8_8_2x1_intrawave_v1,0,53,99.44812000000003,0.0,passed,
1920,7168,3072,ck_12_split0,ck,12,0,a8w8_blockscale_bpreshuffle_1x128x128_256x32x64x256_16x16_16x16_16x16x1_16x16x1_1x32x1x8_8_2x1_intrawave_v1,0,54,116.30107999999997,0.0,passed,
1920,7168,3072,ck_13_split0,ck,13,0,a8w8_blockscale_bpreshuffle_1x128x128_256x64x256x128_16x16_16x16_8x32x1_8x32x1_1x32x1x8_8_2x1_intrawave_v1,1,0,79.83189999999995,0.0,passed,
1920,7168,3072,ck_12_split0,ck,12,0,a8w8_blockscale_bpreshuffle_1x128x128_256x32x64x256_16x16_16x16_16x16x1_16x16x1_1x32x1x8_8_2x1_intrawave_v1,1,1,116.18430000000002,0.0,passed,
1920,7168,3072,ck_11_split0,ck,11,0,a8w8_blockscale_bpreshuffle_1x128x128_256x32x128x256_16x16_16x16_16x16x1_16x16x1_1x32x1x8_8_2x1_intrawave_v1,1,2,98.41050000000003,0.0,passed,
1920,7168,3072,ck_10_split0,ck,10,0,a8w8_blockscale_bpreshuffle_1x128x128_256x32x64x128_16x16_16x16_8x32x1_8x32x1_1x32x1x8_8_2x1_intrawave_v1,1,3,113.95706000000001,0.0,passed,
1920,7168,3072,ck_9_split0,ck,9,0,a8w8_blockscale_bpreshuffle_1x128x128_256x32x128x128_16x16_16x16_8x32x1_8x32x1_1x32x1x8_8_2x1_intrawave_v1,1,4,96.81528,0.0,passed,
1920,7168,3072,ck_8_split0,ck,8,0,a8w8_blockscale_bpreshuffle_1x128x128_256x32x256x128_16x16_16x16_8x32x1_8x32x1_1x32x1x8_8_2x1_intrawave_v1,1,5,91.20799999999997,0.0,passed,
1920,7168,3072,ck_7_split0,ck,7,0,a8w8_blockscale_bpreshuffle_1x128x128_256x16x64x256_16x16_16x16_16x16x1_16x16x1_1x16x1x16_4_1x1_intrawave_v1,1,6,168.22966000000005,0.0,passed,
1920,7168,3072,ck_6_split0,ck,6,0,a8w8_blockscale_bpreshuffle_1x128x128_256x16x128x256_16x16_16x16_16x16x1_16x16x1_1x16x1x16_8_1x2_intrawave_v1,1,7,143.975,0.0,passed,
1920,7168,3072,ck_5_split0,ck,5,0,a8w8_blockscale_bpreshuffle_1x128x128_256x16x64x128_8x16_16x16_16x16x1_8x32x1_1x16x1x16_4_1x1_intrawave_v1,1,8,173.31853999999993,0.0,passed,
1920,7168,3072,ck_4_split0,ck,4,0,a8w8_blockscale_bpreshuffle_1x128x128_256x16x128x128_8x16_16x16_16x16x1_8x32x1_1x16x1x16_8_1x2_intrawave_v1,1,9,149.66787999999994,0.0,passed,
1920,7168,3072,ck_3_split0,ck,3,0,a8w8_blockscale_bpreshuffle_1x128x128_256x16x256x128_8x16_16x16_16x16x1_8x32x1_1x16x1x16_8_1x2_intrawave_v1,1,10,142.63737999999995,0.0,passed,
1920,7168,3072,ck_2_split0,ck,2,0,a8w8_blockscale_bpreshuffle_1x128x128_256x64x64x128_16x16_16x16_8x32x1_8x32x1_1x32x1x8_8_2x1_intrawave_v3,1,11,95.93447999999997,0.0,passed,
1920,7168,3072,ck_1_split0,ck,1,0,a8w8_blockscale_bpreshuffle_1x128x128_256x64x128x128_16x16_16x16_8x32x1_8x32x1_1x32x1x8_8_2x1_intrawave_v3,1,12,76.89424,0.0,passed,
1920,7168,3072,ck_0_split0,ck,0,0,a8w8_blockscale_bpreshuffle_1x128x128_256x128x128x128_16x16_16x16_8x32x1_8x32x1_1x32x1x8_8_2x1_intrawave_v3,1,13,70.80331111111111,0.0,passed,
1920,7168,3072,opus_9020,opus,9020,0,opus_gemm_gfx950_a8w8_mxscale_gemm_bpreshuffle_256x256x256x128_2x2_16x16x128_1x128x128_tiles1,1,14,48.461940000000006,0.0,passed,
1920,7168,3072,opus_9012,opus,9012,0,opus_gemm_gfx950_a8w8_mxscale_gemm_bpreshuffle_256x64x64x128_2x2_16x16x128_1x128x128_tiles1_nooob,1,15,85.21033999999996,0.0,passed,
1920,7168,3072,opus_9011,opus,9011,0,opus_gemm_gfx950_a8w8_mxscale_gemm_bpreshuffle_256x64x128x128_2x2_16x16x128_1x128x128_tiles1_nooob,1,16,73.04862,0.0,passed,
1920,7168,3072,opus_9010,opus,9010,0,opus_gemm_gfx950_a8w8_mxscale_gemm_bpreshuffle_256x128x128x128_2x2_16x16x128_1x128x128_tiles1_nooob,1,17,72.96676086956523,0.0,passed,
1920,7168,3072,cktile_32_split0,cktile,32,0,a8w8_blockscale_cktile_192x256x128_4x2x1_16x16x128_intrawave_0x1x0_4_aqrm,1,18,83.29431999999996,0.0,passed,
1920,7168,3072,cktile_31_split0,cktile,31,0,a8w8_blockscale_cktile_192x256x128_4x2x1_16x16x128_intrawave_0x1x0_3_aqrm,1,19,82.10754761904764,0.0,passed,
1920,7168,3072,cktile_30_split0,cktile,30,0,a8w8_blockscale_cktile_192x256x128_4x2x1_16x16x128_intrawave_0x1x0_2_aqrm,1,20,82.2883023255814,0.0,passed,
1920,7168,3072,cktile_29_split0,cktile,29,0,a8w8_blockscale_cktile_192x256x128_4x2x1_16x16x128_intrawave_0x1x0_4,1,21,67.4283469387755,0.0,passed,
1920,7168,3072,cktile_28_split0,cktile,28,0,a8w8_blockscale_cktile_192x256x128_4x2x1_16x16x128_intrawave_0x1x0_3,1,22,66.9006086956522,0.0,passed,
1920,7168,3072,cktile_27_split0,cktile,27,0,a8w8_blockscale_cktile_192x256x128_4x2x1_16x16x128_intrawave_0x1x0_2,1,23,67.36453999999999,0.0,passed,
1920,7168,3072,cktile_26_split0,cktile,26,0,a8w8_blockscale_cktile_128x128x128_2x2x1_16x16x128_intrawave_0x1x0_4,1,24,665.1132391304351,0.0,passed,
1920,7168,3072,cktile_25_split0,cktile,25,0,a8w8_blockscale_cktile_128x128x128_2x2x1_16x16x128_intrawave_0x1x0_3,1,25,368.29455555555575,0.0,passed,
1920,7168,3072,cktile_24_split0,cktile,24,0,a8w8_blockscale_cktile_128x128x128_2x2x1_16x16x128_intrawave_0x1x0_1,1,26,100.62472000000012,0.0,passed,
1920,7168,3072,cktile_23_split0,cktile,23,0,a8w8_blockscale_cktile_128x128x128_1x4x1_16x16x128_intrawave_0x1x0_4,1,27,453.92577272727266,0.0,passed,
1920,7168,3072,cktile_22_split0,cktile,22,0,a8w8_blockscale_cktile_128x128x128_1x4x1_16x16x128_intrawave_0x1x0_3,1,28,349.22279545454535,0.0,passed,
1920,7168,3072,cktile_21_split0,cktile,21,0,a8w8_blockscale_cktile_128x128x128_1x4x1_16x16x128_intrawave_0x1x0_2,1,29,100.93527659574471,0.0,passed,
1920,7168,3072,cktile_20_split0,cktile,20,0,a8w8_blockscale_cktile_32x128x128_1x4x1_16x16x64_intrawave_0x1x0_4,1,30,118.20731999999998,0.0,passed,
1920,7168,3072,cktile_19_split0,cktile,19,0,a8w8_blockscale_cktile_32x128x128_1x4x1_16x16x64_intrawave_0x1x0_3,1,31,112.31124,0.0,passed,
1920,7168,3072,cktile_18_split0,cktile,18,0,a8w8_blockscale_cktile_32x128x128_1x4x1_16x16x128_intrawave_0x1x0_4,1,32,111.16084000000001,0.0,passed,
1920,7168,3072,cktile_17_split0,cktile,17,0,a8w8_blockscale_cktile_32x128x128_1x4x1_16x16x128_intrawave_0x1x0_3,1,33,112.67510416666666,0.0,passed,
1920,7168,3072,cktile_16_split0,cktile,16,0,a8w8_blockscale_cktile_16x128x256_1x4x1_16x16x64_intrawave_0x1x0_4,1,34,161.13100000000009,0.0,passed,
1920,7168,3072,cktile_15_split0,cktile,15,0,a8w8_blockscale_cktile_16x128x256_1x4x1_16x16x64_intrawave_0x1x0_3,1,35,143.63718,0.0,passed,
1920,7168,3072,cktile_14_split0,cktile,14,0,a8w8_blockscale_cktile_16x128x256_1x4x1_16x16x128_intrawave_0x1x0_4,1,36,281.23872,0.0,passed,
1920,7168,3072,cktile_13_split0,cktile,13,0,a8w8_blockscale_cktile_16x128x256_1x4x1_16x16x128_intrawave_0x1x0_3,1,37,144.07400000000007,0.0,passed,
1920,7168,3072,cktile_12_split0,cktile,12,0,a8w8_blockscale_cktile_192x256x128_4x2x1_16x16x128_intrawave_0x1x0_1_aqrm,1,38,83.02032653061227,0.0,passed,
1920,7168,3072,cktile_11_split0,cktile,11,0,a8w8_blockscale_cktile_192x256x128_4x2x1_16x16x128_intrawave_0x1x0_1,1,39,67.06841304347824,0.0,passed,
1920,7168,3072,cktile_10_split0,cktile,10,0,a8w8_blockscale_cktile_128x128x128_2x2x1_16x16x128_intrawave_0x1x0_2,1,40,99.61379591836733,0.0,passed,
1920,7168,3072,cktile_9_split0,cktile,9,0,a8w8_blockscale_cktile_128x128x128_1x4x1_16x16x128_intrawave_0x1x0_1,1,41,101.44714000000003,0.0,passed,
1920,7168,3072,cktile_8_split0,cktile,8,0,a8w8_blockscale_cktile_128x128x128_1x4x1_16x16x128_intrawave_0x1x0_1,1,42,100.17093181818187,0.0,passed,
1920,7168,3072,cktile_7_split0,cktile,7,0,a8w8_blockscale_cktile_32x128x128_1x4x1_16x16x64_intrawave_0x1x0_2,1,43,116.14889999999995,0.0,passed,
1920,7168,3072,cktile_6_split0,cktile,6,0,a8w8_blockscale_cktile_32x128x128_1x4x1_16x16x64_intrawave_0x1x0_1,1,44,115.73369999999997,0.0,passed,
1920,7168,3072,cktile_5_split0,cktile,5,0,a8w8_blockscale_cktile_32x128x128_1x4x1_16x16x128_intrawave_0x1x0_2,1,45,112.07425000000002,0.0,passed,
1920,7168,3072,cktile_4_split0,cktile,4,0,a8w8_blockscale_cktile_32x128x128_1x4x1_16x16x128_intrawave_0x1x0_1,1,46,111.93925999999998,0.0,passed,
1920,7168,3072,cktile_3_split0,cktile,3,0,a8w8_blockscale_cktile_16x128x256_1x4x1_16x16x64_intrawave_0x1x0_2,1,47,139.15758536585352,0.0,passed,
1920,7168,3072,cktile_2_split0,cktile,2,0,a8w8_blockscale_cktile_16x128x256_1x4x1_16x16x64_intrawave_0x1x0_1,1,48,140.74836,0.0,passed,
1920,7168,3072,cktile_1_split0,cktile,1,0,a8w8_blockscale_cktile_16x128x256_1x4x1_16x16x128_intrawave_0x1x0_2,1,49,138.76456249999998,0.0,passed,
1920,7168,3072,cktile_0_split0,cktile,0,0,a8w8_blockscale_cktile_16x128x256_1x4x1_16x16x128_intrawave_0x1x0_1,1,50,138.48754000000005,0.0,passed,
1920,7168,3072,ck_17_split0,ck,17,0,a8w8_blockscale_bpreshuffle_1x128x128_256x64x64x256_16x16_16x16_16x16x1_16x16x1_1x32x1x8_8_2x1_intrawave_v1,1,51,108.53302000000002,0.0,passed,
1920,7168,3072,ck_16_split0,ck,16,0,a8w8_blockscale_bpreshuffle_1x128x128_256x64x128x256_16x16_16x16_16x16x1_16x16x1_1x32x1x8_8_2x1_intrawave_v1,1,52,84.09034000000001,0.0,passed,
1920,7168,3072,ck_15_split0,ck,15,0,a8w8_blockscale_bpreshuffle_1x128x128_256x64x64x128_16x16_16x16_8x32x1_8x32x1_1x32x1x8_8_2x1_intrawave_v1,1,53,94.46725999999997,0.0,passed,
1920,7168,3072,ck_14_split0,ck,14,0,a8w8_blockscale_bpreshuffle_1x128x128_256x64x128x128_16x16_16x16_8x32x1_8x32x1_1x32x1x8_8_2x1_intrawave_v1,1,54,77.48225999999998,0.0,passed,
1920,7168,3072,ck_15_split0,ck,15,0,a8w8_blockscale_bpreshuffle_1x128x128_256x64x64x128_16x16_16x16_8x32x1_8x32x1_1x32x1x8_8_2x1_intrawave_v1,2,0,94.94723999999997,0.0,passed,
1920,7168,3072,ck_16_split0,ck,16,0,a8w8_blockscale_bpreshuffle_1x128x128_256x64x128x256_16x16_16x16_16x16x1_16x16x1_1x32x1x8_8_2x1_intrawave_v1,2,1,88.47358000000003,0.0,passed,
1920,7168,3072,ck_17_split0,ck,17,0,a8w8_blockscale_bpreshuffle_1x128x128_256x64x64x256_16x16_16x16_16x16x1_16x16x1_1x32x1x8_8_2x1_intrawave_v1,2,2,105.36736,0.0,passed,
1920,7168,3072,cktile_0_split0,cktile,0,0,a8w8_blockscale_cktile_16x128x256_1x4x1_16x16x128_intrawave_0x1x0_1,2,3,141.2722448979592,0.0,passed,
1920,7168,3072,cktile_1_split0,cktile,1,0,a8w8_blockscale_cktile_16x128x256_1x4x1_16x16x128_intrawave_0x1x0_2,2,4,141.35158,0.0,passed,
1920,7168,3072,cktile_2_split0,cktile,2,0,a8w8_blockscale_cktile_16x128x256_1x4x1_16x16x64_intrawave_0x1x0_1,2,5,147.96366000000006,0.0,passed,
1920,7168,3072,cktile_3_split0,cktile,3,0,a8w8_blockscale_cktile_16x128x256_1x4x1_16x16x64_intrawave_0x1x0_2,2,6,143.5148,0.0,passed,
1920,7168,3072,cktile_4_split0,cktile,4,0,a8w8_blockscale_cktile_32x128x128_1x4x1_16x16x128_intrawave_0x1x0_1,2,7,112.98483999999995,0.0,passed,
1920,7168,3072,cktile_5_split0,cktile,5,0,a8w8_blockscale_cktile_32x128x128_1x4x1_16x16x128_intrawave_0x1x0_2,2,8,113.97125999999997,0.0,passed,
1920,7168,3072,cktile_6_split0,cktile,6,0,a8w8_blockscale_cktile_32x128x128_1x4x1_16x16x64_intrawave_0x1x0_1,2,9,112.13364000000003,0.0,passed,
1920,7168,3072,cktile_7_split0,cktile,7,0,a8w8_blockscale_cktile_32x128x128_1x4x1_16x16x64_intrawave_0x1x0_2,2,10,114.34726000000002,0.0,passed,
1920,7168,3072,cktile_8_split0,cktile,8,0,a8w8_blockscale_cktile_128x128x128_1x4x1_16x16x128_intrawave_0x1x0_1,2,11,102.56873999999995,0.0,passed,
1920,7168,3072,cktile_9_split0,cktile,9,0,a8w8_blockscale_cktile_128x128x128_1x4x1_16x16x128_intrawave_0x1x0_1,2,12,100.97531914893611,0.0,passed,
1920,7168,3072,cktile_10_split0,cktile,10,0,a8w8_blockscale_cktile_128x128x128_2x2x1_16x16x128_intrawave_0x1x0_2,2,13,99.3199574468085,0.0,passed,
1920,7168,3072,cktile_11_split0,cktile,11,0,a8w8_blockscale_cktile_192x256x128_4x2x1_16x16x128_intrawave_0x1x0_1,2,14,67.42296,0.0,passed,
1920,7168,3072,cktile_12_split0,cktile,12,0,a8w8_blockscale_cktile_192x256x128_4x2x1_16x16x128_intrawave_0x1x0_1_aqrm,2,15,82.32902272727273,0.0,passed,
1920,7168,3072,cktile_13_split0,cktile,13,0,a8w8_blockscale_cktile_16x128x256_1x4x1_16x16x128_intrawave_0x1x0_3,2,16,142.5442765957447,0.0,passed,
1920,7168,3072,cktile_14_split0,cktile,14,0,a8w8_blockscale_cktile_16x128x256_1x4x1_16x16x128_intrawave_0x1x0_4,2,17,277.05608333333333,0.0,passed,
1920,7168,3072,cktile_15_split0,cktile,15,0,a8w8_blockscale_cktile_16x128x256_1x4x1_16x16x64_intrawave_0x1x0_3,2,18,146.39002,0.0,passed,
1920,7168,3072,cktile_16_split0,cktile,16,0,a8w8_blockscale_cktile_16x128x256_1x4x1_16x16x64_intrawave_0x1x0_4,2,19,162.13099999999994,0.0,passed,
1920,7168,3072,cktile_17_split0,cktile,17,0,a8w8_blockscale_cktile_32x128x128_1x4x1_16x16x128_intrawave_0x1x0_3,2,20,112.99286000000001,0.0,passed,
1920,7168,3072,cktile_18_split0,cktile,18,0,a8w8_blockscale_cktile_32x128x128_1x4x1_16x16x128_intrawave_0x1x0_4,2,21,113.64965999999997,0.0,passed,
1920,7168,3072,cktile_19_split0,cktile,19,0,a8w8_blockscale_cktile_32x128x128_1x4x1_16x16x64_intrawave_0x1x0_3,2,22,116.37450000000007,0.0,passed,
1920,7168,3072,cktile_20_split0,cktile,20,0,a8w8_blockscale_cktile_32x128x128_1x4x1_16x16x64_intrawave_0x1x0_4,2,23,114.77528000000001,0.0,passed,
1920,7168,3072,cktile_21_split0,cktile,21,0,a8w8_blockscale_cktile_128x128x128_1x4x1_16x16x128_intrawave_0x1x0_2,2,24,100.63555555555557,0.0,passed,
1920,7168,3072,cktile_22_split0,cktile,22,0,a8w8_blockscale_cktile_128x128x128_1x4x1_16x16x128_intrawave_0x1x0_3,2,25,349.66918181818187,0.0,passed,
1920,7168,3072,cktile_23_split0,cktile,23,0,a8w8_blockscale_cktile_128x128x128_1x4x1_16x16x128_intrawave_0x1x0_4,2,26,453.21260869565214,0.0,passed,
1920,7168,3072,cktile_24_split0,cktile,24,0,a8w8_blockscale_cktile_128x128x128_2x2x1_16x16x128_intrawave_0x1x0_1,2,27,99.59095918367349,0.0,passed,
1920,7168,3072,cktile_25_split0,cktile,25,0,a8w8_blockscale_cktile_128x128x128_2x2x1_16x16x128_intrawave_0x1x0_3,2,28,369.1087777777778,0.0,passed,
1920,7168,3072,cktile_26_split0,cktile,26,0,a8w8_blockscale_cktile_128x128x128_2x2x1_16x16x128_intrawave_0x1x0_4,2,29,664.8241276595744,0.0,passed,
1920,7168,3072,cktile_27_split0,cktile,27,0,a8w8_blockscale_cktile_192x256x128_4x2x1_16x16x128_intrawave_0x1x0_2,2,30,67.89176,0.0,passed,
1920,7168,3072,cktile_28_split0,cktile,28,0,a8w8_blockscale_cktile_192x256x128_4x2x1_16x16x128_intrawave_0x1x0_3,2,31,68.46056,0.0,passed,
1920,7168,3072,cktile_29_split0,cktile,29,0,a8w8_blockscale_cktile_192x256x128_4x2x1_16x16x128_intrawave_0x1x0_4,2,32,67.39096000000004,0.0,passed,
1920,7168,3072,cktile_30_split0,cktile,30,0,a8w8_blockscale_cktile_192x256x128_4x2x1_16x16x128_intrawave_0x1x0_2_aqrm,2,33,82.76889795918365,0.0,passed,
1920,7168,3072,cktile_31_split0,cktile,31,0,a8w8_blockscale_cktile_192x256x128_4x2x1_16x16x128_intrawave_0x1x0_3_aqrm,2,34,83.55593999999999,0.0,passed,
1920,7168,3072,cktile_32_split0,cktile,32,0,a8w8_blockscale_cktile_192x256x128_4x2x1_16x16x128_intrawave_0x1x0_4_aqrm,2,35,82.54720454545453,0.0,passed,
1920,7168,3072,opus_9010,opus,9010,0,opus_gemm_gfx950_a8w8_mxscale_gemm_bpreshuffle_256x128x128x128_2x2_16x16x128_1x128x128_tiles1_nooob,2,36,73.41451020408165,0.0,passed,
1920,7168,3072,opus_9011,opus,9011,0,opus_gemm_gfx950_a8w8_mxscale_gemm_bpreshuffle_256x64x128x128_2x2_16x16x128_1x128x128_tiles1_nooob,2,37,71.083,0.0,passed,
1920,7168,3072,opus_9012,opus,9012,0,opus_gemm_gfx950_a8w8_mxscale_gemm_bpreshuffle_256x64x64x128_2x2_16x16x128_1x128x128_tiles1_nooob,2,38,86.90313999999998,0.0,passed,
1920,7168,3072,opus_9020,opus,9020,0,opus_gemm_gfx950_a8w8_mxscale_gemm_bpreshuffle_256x256x256x128_2x2_16x16x128_1x128x128_tiles1,2,39,49.32196000000001,0.0,passed,
1920,7168,3072,ck_0_split0,ck,0,0,a8w8_blockscale_bpreshuffle_1x128x128_256x128x128x128_16x16_16x16_8x32x1_8x32x1_1x32x1x8_8_2x1_intrawave_v3,2,40,76.80946,0.0,passed,
1920,7168,3072,ck_1_split0,ck,1,0,a8w8_blockscale_bpreshuffle_1x128x128_256x64x128x128_16x16_16x16_8x32x1_8x32x1_1x32x1x8_8_2x1_intrawave_v3,2,41,76.71506000000004,0.0,passed,
1920,7168,3072,ck_2_split0,ck,2,0,a8w8_blockscale_bpreshuffle_1x128x128_256x64x64x128_16x16_16x16_8x32x1_8x32x1_1x32x1x8_8_2x1_intrawave_v3,2,42,95.43286,0.0,passed,
1920,7168,3072,ck_3_split0,ck,3,0,a8w8_blockscale_bpreshuffle_1x128x128_256x16x256x128_8x16_16x16_16x16x1_8x32x1_1x16x1x16_8_1x2_intrawave_v1,2,43,144.58222,0.0,passed,
1920,7168,3072,ck_4_split0,ck,4,0,a8w8_blockscale_bpreshuffle_1x128x128_256x16x128x128_8x16_16x16_16x16x1_8x32x1_1x16x1x16_8_1x2_intrawave_v1,2,44,148.54466,0.0,passed,
1920,7168,3072,ck_5_split0,ck,5,0,a8w8_blockscale_bpreshuffle_1x128x128_256x16x64x128_8x16_16x16_16x16x1_8x32x1_1x16x1x16_4_1x1_intrawave_v1,2,45,172.93132000000006,0.0,passed,
1920,7168,3072,ck_6_split0,ck,6,0,a8w8_blockscale_bpreshuffle_1x128x128_256x16x128x256_16x16_16x16_16x16x1_16x16x1_1x16x1x16_8_1x2_intrawave_v1,2,46,145.63181999999998,0.0,passed,
1920,7168,3072,ck_7_split0,ck,7,0,a8w8_blockscale_bpreshuffle_1x128x128_256x16x64x256_16x16_16x16_16x16x1_16x16x1_1x16x1x16_4_1x1_intrawave_v1,2,47,171.19209999999993,0.0,passed,
1920,7168,3072,ck_8_split0,ck,8,0,a8w8_blockscale_bpreshuffle_1x128x128_256x32x256x128_16x16_16x16_8x32x1_8x32x1_1x32x1x8_8_2x1_intrawave_v1,2,48,87.86636,0.0,passed,
1920,7168,3072,ck_9_split0,ck,9,0,a8w8_blockscale_bpreshuffle_1x128x128_256x32x128x128_16x16_16x16_8x32x1_8x32x1_1x32x1x8_8_2x1_intrawave_v1,2,49,93.89044,0.0,passed,
1920,7168,3072,ck_10_split0,ck,10,0,a8w8_blockscale_bpreshuffle_1x128x128_256x32x64x128_16x16_16x16_8x32x1_8x32x1_1x32x1x8_8_2x1_intrawave_v1,2,50,111.01303999999999,0.0,passed,
1920,7168,3072,ck_11_split0,ck,11,0,a8w8_blockscale_bpreshuffle_1x128x128_256x32x128x256_16x16_16x16_16x16x1_16x16x1_1x32x1x8_8_2x1_intrawave_v1,2,51,98.1265,0.0,passed,
1920,7168,3072,ck_12_split0,ck,12,0,a8w8_blockscale_bpreshuffle_1x128x128_256x32x64x256_16x16_16x16_16x16x1_16x16x1_1x32x1x8_8_2x1_intrawave_v1,2,52,116.21869999999996,0.0,passed,
1920,7168,3072,ck_13_split0,ck,13,0,a8w8_blockscale_bpreshuffle_1x128x128_256x64x256x128_16x16_16x16_8x32x1_8x32x1_1x32x1x8_8_2x1_intrawave_v1,2,53,73.85495555555555,0.0,passed,
1920,7168,3072,ck_14_split0,ck,14,0,a8w8_blockscale_bpreshuffle_1x128x128_256x64x128x128_16x16_16x16_8x32x1_8x32x1_1x32x1x8_8_2x1_intrawave_v1,2,54,75.86144,0.0,passed,
28672,7168,3072,ck_14_split0,ck,14,0,a8w8_blockscale_bpreshuffle_1x128x128_256x64x128x128_16x16_16x16_8x32x1_8x32x1_1x32x1x8_8_2x1_intrawave_v1,0,0,888.5698571428571,0.0,passed,
28672,7168,3072,ck_15_split0,ck,15,0,a8w8_blockscale_bpreshuffle_1x128x128_256x64x64x128_16x16_16x16_8x32x1_8x32x1_1x32x1x8_8_2x1_intrawave_v1,0,1,1139.7260799999992,0.0,passed,
28672,7168,3072,ck_16_split0,ck,16,0,a8w8_blockscale_bpreshuffle_1x128x128_256x64x128x256_16x16_16x16_16x16x1_16x16x1_1x32x1x8_8_2x1_intrawave_v1,0,2,1007.646717391305,0.0,passed,
28672,7168,3072,ck_17_split0,ck,17,0,a8w8_blockscale_bpreshuffle_1x128x128_256x64x64x256_16x16_16x16_16x16x1_16x16x1_1x32x1x8_8_2x1_intrawave_v1,0,3,1287.7225000000003,0.0,passed,
28672,7168,3072,cktile_0_split0,cktile,0,0,a8w8_blockscale_cktile_16x128x256_1x4x1_16x16x128_intrawave_0x1x0_1,0,4,1788.2269545454562,0.0,passed,
28672,7168,3072,cktile_1_split0,cktile,1,0,a8w8_blockscale_cktile_16x128x256_1x4x1_16x16x128_intrawave_0x1x0_2,0,5,1789.9218999999994,0.0,passed,
28672,7168,3072,cktile_2_split0,cktile,2,0,a8w8_blockscale_cktile_16x128x256_1x4x1_16x16x64_intrawave_0x1x0_1,0,6,1809.6850816326544,0.0,passed,
28672,7168,3072,cktile_3_split0,cktile,3,0,a8w8_blockscale_cktile_16x128x256_1x4x1_16x16x64_intrawave_0x1x0_2,0,7,1798.0116000000012,0.0,passed,
28672,7168,3072,cktile_4_split0,cktile,4,0,a8w8_blockscale_cktile_32x128x128_1x4x1_16x16x128_intrawave_0x1x0_1,0,8,1322.137612244899,0.0,passed,
28672,7168,3072,cktile_5_split0,cktile,5,0,a8w8_blockscale_cktile_32x128x128_1x4x1_16x16x128_intrawave_0x1x0_2,0,9,1318.6918333333335,0.0,passed,
28672,7168,3072,cktile_6_split0,cktile,6,0,a8w8_blockscale_cktile_32x128x128_1x4x1_16x16x64_intrawave_0x1x0_1,0,10,1350.5849361702128,0.0,passed,
28672,7168,3072,cktile_7_split0,cktile,7,0,a8w8_blockscale_cktile_32x128x128_1x4x1_16x16x64_intrawave_0x1x0_2,0,11,1348.0791224489806,0.0,passed,
28672,7168,3072,cktile_8_split0,cktile,8,0,a8w8_blockscale_cktile_128x128x128_1x4x1_16x16x128_intrawave_0x1x0_1,0,12,1096.9013999999995,0.0,passed,
28672,7168,3072,cktile_9_split0,cktile,9,0,a8w8_blockscale_cktile_128x128x128_1x4x1_16x16x128_intrawave_0x1x0_1,0,13,1096.5001874999996,0.0,passed,
28672,7168,3072,cktile_10_split0,cktile,10,0,a8w8_blockscale_cktile_128x128x128_2x2x1_16x16x128_intrawave_0x1x0_2,0,14,1070.5571000000004,0.0,passed,
28672,7168,3072,cktile_11_split0,cktile,11,0,a8w8_blockscale_cktile_192x256x128_4x2x1_16x16x128_intrawave_0x1x0_1,0,15,646.7094,0.0,passed,
28672,7168,3072,cktile_12_split0,cktile,12,0,a8w8_blockscale_cktile_192x256x128_4x2x1_16x16x128_intrawave_0x1x0_1_aqrm,0,16,769.4148979591836,0.0,passed,
28672,7168,3072,cktile_13_split0,cktile,13,0,a8w8_blockscale_cktile_16x128x256_1x4x1_16x16x128_intrawave_0x1x0_3,0,17,1793.9363399999982,0.0,passed,
28672,7168,3072,cktile_14_split0,cktile,14,0,a8w8_blockscale_cktile_16x128x256_1x4x1_16x16x128_intrawave_0x1x0_4,0,18,3681.1224255319125,0.0,passed,
28672,7168,3072,cktile_15_split0,cktile,15,0,a8w8_blockscale_cktile_16x128x256_1x4x1_16x16x64_intrawave_0x1x0_3,0,19,1801.297219999999,0.0,passed,
28672,7168,3072,cktile_16_split0,cktile,16,0,a8w8_blockscale_cktile_16x128x256_1x4x1_16x16x64_intrawave_0x1x0_4,0,20,2000.94106,0.0,passed,
28672,7168,3072,cktile_17_split0,cktile,17,0,a8w8_blockscale_cktile_32x128x128_1x4x1_16x16x128_intrawave_0x1x0_3,0,21,1322.4526999999996,0.0,passed,
28672,7168,3072,cktile_18_split0,cktile,18,0,a8w8_blockscale_cktile_32x128x128_1x4x1_16x16x128_intrawave_0x1x0_4,0,22,1318.5952608695661,0.0,passed,
28672,7168,3072,cktile_19_split0,cktile,19,0,a8w8_blockscale_cktile_32x128x128_1x4x1_16x16x64_intrawave_0x1x0_3,0,23,1347.1988125,0.0,passed,
28672,7168,3072,cktile_20_split0,cktile,20,0,a8w8_blockscale_cktile_32x128x128_1x4x1_16x16x64_intrawave_0x1x0_4,0,24,1348.247285714286,0.0,passed,
28672,7168,3072,cktile_21_split0,cktile,21,0,a8w8_blockscale_cktile_128x128x128_1x4x1_16x16x128_intrawave_0x1x0_2,0,25,1097.5566,0.0,passed,
28672,7168,3072,cktile_22_split0,cktile,22,0,a8w8_blockscale_cktile_128x128x128_1x4x1_16x16x128_intrawave_0x1x0_3,0,26,3729.353574468088,0.0,passed,
28672,7168,3072,cktile_23_split0,cktile,23,0,a8w8_blockscale_cktile_128x128x128_1x4x1_16x16x128_intrawave_0x1x0_4,0,27,5729.541820000004,0.0,passed,
28672,7168,3072,cktile_24_split0,cktile,24,0,a8w8_blockscale_cktile_128x128x128_2x2x1_16x16x128_intrawave_0x1x0_1,0,28,1069.8851000000002,0.0,passed,
28672,7168,3072,cktile_25_split0,cktile,25,0,a8w8_blockscale_cktile_128x128x128_2x2x1_16x16x128_intrawave_0x1x0_3,0,29,3911.7981702127613,0.0,passed,
28672,7168,3072,cktile_26_split0,cktile,26,0,a8w8_blockscale_cktile_128x128x128_2x2x1_16x16x128_intrawave_0x1x0_4,0,30,8383.765446808513,0.0,passed,
28672,7168,3072,cktile_27_split0,cktile,27,0,a8w8_blockscale_cktile_192x256x128_4x2x1_16x16x128_intrawave_0x1x0_2,0,31,647.8366000000001,0.0,passed,
28672,7168,3072,cktile_28_split0,cktile,28,0,a8w8_blockscale_cktile_192x256x128_4x2x1_16x16x128_intrawave_0x1x0_3,0,32,648.2165799999999,0.0,passed,
28672,7168,3072,cktile_29_split0,cktile,29,0,a8w8_blockscale_cktile_192x256x128_4x2x1_16x16x128_intrawave_0x1x0_4,0,33,650.20704,0.0,passed,
28672,7168,3072,cktile_30_split0,cktile,30,0,a8w8_blockscale_cktile_192x256x128_4x2x1_16x16x128_intrawave_0x1x0_2_aqrm,0,34,769.6662222222222,0.0,passed,
28672,7168,3072,cktile_31_split0,cktile,31,0,a8w8_blockscale_cktile_192x256x128_4x2x1_16x16x128_intrawave_0x1x0_3_aqrm,0,35,769.5862444444444,0.0,passed,
28672,7168,3072,cktile_32_split0,cktile,32,0,a8w8_blockscale_cktile_192x256x128_4x2x1_16x16x128_intrawave_0x1x0_4_aqrm,0,36,770.1700833333334,0.0,passed,
28672,7168,3072,opus_9000,opus,9000,0,opus_gemm_gfx950_a8w8_mxscale_gemm_bpreshuffle_256x256x256x128_2x2_16x16x128_1x128x128_tiles1_nooob,0,37,541.7494897959185,0.0,passed,
28672,7168,3072,opus_9010,opus,9010,0,opus_gemm_gfx950_a8w8_mxscale_gemm_bpreshuffle_256x128x128x128_2x2_16x16x128_1x128x128_tiles1_nooob,0,38,863.4522272727268,0.0,passed,
28672,7168,3072,opus_9011,opus,9011,0,opus_gemm_gfx950_a8w8_mxscale_gemm_bpreshuffle_256x64x128x128_2x2_16x16x128_1x128x128_tiles1_nooob,0,39,869.8961162790695,0.0,passed,
28672,7168,3072,opus_9012,opus,9012,0,opus_gemm_gfx950_a8w8_mxscale_gemm_bpreshuffle_256x64x64x128_2x2_16x16x128_1x128x128_tiles1_nooob,0,40,1071.2059166666659,0.0,passed,
28672,7168,3072,opus_9020,opus,9020,0,opus_gemm_gfx950_a8w8_mxscale_gemm_bpreshuffle_256x256x256x128_2x2_16x16x128_1x128x128_tiles1,0,41,569.7845400000002,0.0,passed,
28672,7168,3072,ck_0_split0,ck,0,0,a8w8_blockscale_bpreshuffle_1x128x128_256x128x128x128_16x16_16x16_8x32x1_8x32x1_1x32x1x8_8_2x1_intrawave_v3,0,42,851.9252244897962,0.0,passed,
28672,7168,3072,ck_1_split0,ck,1,0,a8w8_blockscale_bpreshuffle_1x128x128_256x64x128x128_16x16_16x16_8x32x1_8x32x1_1x32x1x8_8_2x1_intrawave_v3,0,43,909.3374375000002,0.0,passed,
28672,7168,3072,ck_2_split0,ck,2,0,a8w8_blockscale_bpreshuffle_1x128x128_256x64x64x128_16x16_16x16_8x32x1_8x32x1_1x32x1x8_8_2x1_intrawave_v3,0,44,1178.44968,0.0,passed,
28672,7168,3072,ck_3_split0,ck,3,0,a8w8_blockscale_bpreshuffle_1x128x128_256x16x256x128_8x16_16x16_16x16x1_8x32x1_1x16x1x16_8_1x2_intrawave_v1,0,45,1972.80869387755,0.0,passed,
28672,7168,3072,ck_4_split0,ck,4,0,a8w8_blockscale_bpreshuffle_1x128x128_256x16x128x128_8x16_16x16_16x16x1_8x32x1_1x16x1x16_8_1x2_intrawave_v1,0,46,1945.0906590909087,0.0,passed,
28672,7168,3072,ck_5_split0,ck,5,0,a8w8_blockscale_bpreshuffle_1x128x128_256x16x64x128_8x16_16x16_16x16x1_8x32x1_1x16x1x16_4_1x1_intrawave_v1,0,47,2261.8925,0.0,passed,
28672,7168,3072,ck_6_split0,ck,6,0,a8w8_blockscale_bpreshuffle_1x128x128_256x16x128x256_16x16_16x16_16x16x1_16x16x1_1x16x1x16_8_1x2_intrawave_v1,0,48,1874.0946521739131,0.0,passed,
28672,7168,3072,ck_7_split0,ck,7,0,a8w8_blockscale_bpreshuffle_1x128x128_256x16x64x256_16x16_16x16_16x16x1_16x16x1_1x16x1x16_4_1x1_intrawave_v1,0,49,2198.6921521739127,0.0,passed,
28672,7168,3072,ck_8_split0,ck,8,0,a8w8_blockscale_bpreshuffle_1x128x128_256x32x256x128_16x16_16x16_8x32x1_8x32x1_1x32x1x8_8_2x1_intrawave_v1,0,50,1069.5938723404256,0.0,passed,
28672,7168,3072,ck_9_split0,ck,9,0,a8w8_blockscale_bpreshuffle_1x128x128_256x32x128x128_16x16_16x16_8x32x1_8x32x1_1x32x1x8_8_2x1_intrawave_v1,0,51,1181.0479374999986,0.0,passed,
28672,7168,3072,ck_10_split0,ck,10,0,a8w8_blockscale_bpreshuffle_1x128x128_256x32x64x128_16x16_16x16_8x32x1_8x32x1_1x32x1x8_8_2x1_intrawave_v1,0,52,1418.050952380953,0.0,passed,
28672,7168,3072,ck_11_split0,ck,11,0,a8w8_blockscale_bpreshuffle_1x128x128_256x32x128x256_16x16_16x16_16x16x1_16x16x1_1x32x1x8_8_2x1_intrawave_v1,0,53,1200.6219130434788,0.0,passed,
28672,7168,3072,ck_12_split0,ck,12,0,a8w8_blockscale_bpreshuffle_1x128x128_256x32x64x256_16x16_16x16_16x16x1_16x16x1_1x32x1x8_8_2x1_intrawave_v1,0,54,1440.8073404255322,0.0,passed,
28672,7168,3072,ck_13_split0,ck,13,0,a8w8_blockscale_bpreshuffle_1x128x128_256x64x256x128_16x16_16x16_8x32x1_8x32x1_1x32x1x8_8_2x1_intrawave_v1,0,55,836.7232916666671,0.0,passed,
28672,7168,3072,ck_14_split0,ck,14,0,a8w8_blockscale_bpreshuffle_1x128x128_256x64x128x128_16x16_16x16_8x32x1_8x32x1_1x32x1x8_8_2x1_intrawave_v1,1,0,888.4080217391304,0.0,passed,
28672,7168,3072,ck_13_split0,ck,13,0,a8w8_blockscale_bpreshuffle_1x128x128_256x64x256x128_16x16_16x16_8x32x1_8x32x1_1x32x1x8_8_2x1_intrawave_v1,1,1,828.2575744680855,0.0,passed,
28672,7168,3072,ck_12_split0,ck,12,0,a8w8_blockscale_bpreshuffle_1x128x128_256x32x64x256_16x16_16x16_16x16x1_16x16x1_1x32x1x8_8_2x1_intrawave_v1,1,2,1431.972361702128,0.0,passed,
28672,7168,3072,ck_11_split0,ck,11,0,a8w8_blockscale_bpreshuffle_1x128x128_256x32x128x256_16x16_16x16_16x16x1_16x16x1_1x32x1x8_8_2x1_intrawave_v1,1,3,1198.3450638297875,0.0,passed,
28672,7168,3072,ck_10_split0,ck,10,0,a8w8_blockscale_bpreshuffle_1x128x128_256x32x64x128_16x16_16x16_8x32x1_8x32x1_1x32x1x8_8_2x1_intrawave_v1,1,4,1420.5731041666666,0.0,passed,
28672,7168,3072,ck_9_split0,ck,9,0,a8w8_blockscale_bpreshuffle_1x128x128_256x32x128x128_16x16_16x16_8x32x1_8x32x1_1x32x1x8_8_2x1_intrawave_v1,1,5,1180.1772127659574,0.0,passed,
28672,7168,3072,ck_8_split0,ck,8,0,a8w8_blockscale_bpreshuffle_1x128x128_256x32x256x128_16x16_16x16_8x32x1_8x32x1_1x32x1x8_8_2x1_intrawave_v1,1,6,1068.2491489361705,0.0,passed,
28672,7168,3072,ck_7_split0,ck,7,0,a8w8_blockscale_bpreshuffle_1x128x128_256x16x64x256_16x16_16x16_16x16x1_16x16x1_1x16x1x16_4_1x1_intrawave_v1,1,7,2195.8950833333324,0.0,passed,
28672,7168,3072,ck_6_split0,ck,6,0,a8w8_blockscale_bpreshuffle_1x128x128_256x16x128x256_16x16_16x16_16x16x1_16x16x1_1x16x1x16_8_1x2_intrawave_v1,1,8,1866.4704000000008,0.0,passed,
28672,7168,3072,ck_5_split0,ck,5,0,a8w8_blockscale_bpreshuffle_1x128x128_256x16x64x128_8x16_16x16_16x16x1_8x32x1_1x16x1x16_4_1x1_intrawave_v1,1,9,2254.583229166668,0.0,passed,
28672,7168,3072,ck_4_split0,ck,4,0,a8w8_blockscale_bpreshuffle_1x128x128_256x16x128x128_8x16_16x16_16x16x1_8x32x1_1x16x1x16_8_1x2_intrawave_v1,1,10,1960.859863636365,0.0,passed,
28672,7168,3072,ck_3_split0,ck,3,0,a8w8_blockscale_bpreshuffle_1x128x128_256x16x256x128_8x16_16x16_16x16x1_8x32x1_1x16x1x16_8_1x2_intrawave_v1,1,11,1997.1715800000006,0.0,passed,
28672,7168,3072,ck_2_split0,ck,2,0,a8w8_blockscale_bpreshuffle_1x128x128_256x64x64x128_16x16_16x16_8x32x1_8x32x1_1x32x1x8_8_2x1_intrawave_v3,1,12,1169.3712000000005,0.0,passed,
28672,7168,3072,ck_1_split0,ck,1,0,a8w8_blockscale_bpreshuffle_1x128x128_256x64x128x128_16x16_16x16_8x32x1_8x32x1_1x32x1x8_8_2x1_intrawave_v3,1,13,911.9241458333332,0.0,passed,
28672,7168,3072,ck_0_split0,ck,0,0,a8w8_blockscale_bpreshuffle_1x128x128_256x128x128x128_16x16_16x16_8x32x1_8x32x1_1x32x1x8_8_2x1_intrawave_v3,1,14,851.71408,0.0,passed,
28672,7168,3072,opus_9020,opus,9020,0,opus_gemm_gfx950_a8w8_mxscale_gemm_bpreshuffle_256x256x256x128_2x2_16x16x128_1x128x128_tiles1,1,15,567.9133200000001,0.0,passed,
28672,7168,3072,opus_9012,opus,9012,0,opus_gemm_gfx950_a8w8_mxscale_gemm_bpreshuffle_256x64x64x128_2x2_16x16x128_1x128x128_tiles1_nooob,1,16,1065.95646,0.0,passed,
28672,7168,3072,opus_9011,opus,9011,0,opus_gemm_gfx950_a8w8_mxscale_gemm_bpreshuffle_256x64x128x128_2x2_16x16x128_1x128x128_tiles1_nooob,1,17,870.1495217391303,0.0,passed,
28672,7168,3072,opus_9010,opus,9010,0,opus_gemm_gfx950_a8w8_mxscale_gemm_bpreshuffle_256x128x128x128_2x2_16x16x128_1x128x128_tiles1_nooob,1,18,861.1800238095241,0.0,passed,
28672,7168,3072,opus_9000,opus,9000,0,opus_gemm_gfx950_a8w8_mxscale_gemm_bpreshuffle_256x256x256x128_2x2_16x16x128_1x128x128_tiles1_nooob,1,19,541.6662448979592,0.0,passed,
28672,7168,3072,cktile_32_split0,cktile,32,0,a8w8_blockscale_cktile_192x256x128_4x2x1_16x16x128_intrawave_0x1x0_4_aqrm,1,20,769.8775625,0.0,passed,
28672,7168,3072,cktile_31_split0,cktile,31,0,a8w8_blockscale_cktile_192x256x128_4x2x1_16x16x128_intrawave_0x1x0_3_aqrm,1,21,770.0342291666666,0.0,passed,
28672,7168,3072,cktile_30_split0,cktile,30,0,a8w8_blockscale_cktile_192x256x128_4x2x1_16x16x128_intrawave_0x1x0_2_aqrm,1,22,769.0390425531916,0.0,passed,
28672,7168,3072,cktile_29_split0,cktile,29,0,a8w8_blockscale_cktile_192x256x128_4x2x1_16x16x128_intrawave_0x1x0_4,1,23,647.9925999999999,0.0,passed,
28672,7168,3072,cktile_28_split0,cktile,28,0,a8w8_blockscale_cktile_192x256x128_4x2x1_16x16x128_intrawave_0x1x0_3,1,24,648.3990200000001,0.0,passed,
28672,7168,3072,cktile_27_split0,cktile,27,0,a8w8_blockscale_cktile_192x256x128_4x2x1_16x16x128_intrawave_0x1x0_2,1,25,646.7094000000001,0.0,passed,
28672,7168,3072,cktile_26_split0,cktile,26,0,a8w8_blockscale_cktile_128x128x128_2x2x1_16x16x128_intrawave_0x1x0_4,1,26,8384.457999999997,0.0,passed,
28672,7168,3072,cktile_25_split0,cktile,25,0,a8w8_blockscale_cktile_128x128x128_2x2x1_16x16x128_intrawave_0x1x0_3,1,27,3913.5978409090935,0.0,passed,
28672,7168,3072,cktile_24_split0,cktile,24,0,a8w8_blockscale_cktile_128x128x128_2x2x1_16x16x128_intrawave_0x1x0_1,1,28,1070.7399166666664,0.0,passed,
28672,7168,3072,cktile_23_split0,cktile,23,0,a8w8_blockscale_cktile_128x128x128_1x4x1_16x16x128_intrawave_0x1x0_4,1,29,5725.660791666666,0.0,passed,
28672,7168,3072,cktile_22_split0,cktile,22,0,a8w8_blockscale_cktile_128x128x128_1x4x1_16x16x128_intrawave_0x1x0_3,1,30,3730.806413043477,0.0,passed,
28672,7168,3072,cktile_21_split0,cktile,21,0,a8w8_blockscale_cktile_128x128x128_1x4x1_16x16x128_intrawave_0x1x0_2,1,31,1097.910591836734,0.0,passed,
28672,7168,3072,cktile_20_split0,cktile,20,0,a8w8_blockscale_cktile_32x128x128_1x4x1_16x16x64_intrawave_0x1x0_4,1,32,1349.3501632653058,0.0,passed,
28672,7168,3072,cktile_19_split0,cktile,19,0,a8w8_blockscale_cktile_32x128x128_1x4x1_16x16x64_intrawave_0x1x0_3,1,33,1349.3959787234044,0.0,passed,
28672,7168,3072,cktile_18_split0,cktile,18,0,a8w8_blockscale_cktile_32x128x128_1x4x1_16x16x128_intrawave_0x1x0_4,1,34,1321.8743750000006,0.0,passed,
28672,7168,3072,cktile_17_split0,cktile,17,0,a8w8_blockscale_cktile_32x128x128_1x4x1_16x16x128_intrawave_0x1x0_3,1,35,1324.7213061224488,0.0,passed,
28672,7168,3072,cktile_16_split0,cktile,16,0,a8w8_blockscale_cktile_16x128x256_1x4x1_16x16x64_intrawave_0x1x0_4,1,36,2004.2219375000004,0.0,passed,
28672,7168,3072,cktile_15_split0,cktile,15,0,a8w8_blockscale_cktile_16x128x256_1x4x1_16x16x64_intrawave_0x1x0_3,1,37,1802.8364400000014,0.0,passed,
28672,7168,3072,cktile_14_split0,cktile,14,0,a8w8_blockscale_cktile_16x128x256_1x4x1_16x16x128_intrawave_0x1x0_4,1,38,3681.668062500002,0.0,passed,
28672,7168,3072,cktile_13_split0,cktile,13,0,a8w8_blockscale_cktile_16x128x256_1x4x1_16x16x128_intrawave_0x1x0_3,1,39,1796.5240816326543,0.0,passed,
28672,7168,3072,cktile_12_split0,cktile,12,0,a8w8_blockscale_cktile_192x256x128_4x2x1_16x16x128_intrawave_0x1x0_1_aqrm,1,40,769.161595744681,0.0,passed,
28672,7168,3072,cktile_11_split0,cktile,11,0,a8w8_blockscale_cktile_192x256x128_4x2x1_16x16x128_intrawave_0x1x0_1,1,41,645.4926938775511,0.0,passed,
28672,7168,3072,cktile_10_split0,cktile,10,0,a8w8_blockscale_cktile_128x128x128_2x2x1_16x16x128_intrawave_0x1x0_2,1,42,1071.102699999999,0.0,passed,
28672,7168,3072,cktile_9_split0,cktile,9,0,a8w8_blockscale_cktile_128x128x128_1x4x1_16x16x128_intrawave_0x1x0_1,1,43,1099.4862199999998,0.0,passed,
28672,7168,3072,cktile_8_split0,cktile,8,0,a8w8_blockscale_cktile_128x128x128_1x4x1_16x16x128_intrawave_0x1x0_1,1,44,1099.4215217391306,0.0,passed,
28672,7168,3072,cktile_7_split0,cktile,7,0,a8w8_blockscale_cktile_32x128x128_1x4x1_16x16x64_intrawave_0x1x0_2,1,45,1347.8104042553182,0.0,passed,
28672,7168,3072,cktile_6_split0,cktile,6,0,a8w8_blockscale_cktile_32x128x128_1x4x1_16x16x64_intrawave_0x1x0_1,1,46,1350.3790869565223,0.0,passed,
28672,7168,3072,cktile_5_split0,cktile,5,0,a8w8_blockscale_cktile_32x128x128_1x4x1_16x16x128_intrawave_0x1x0_2,1,47,1322.4126874999995,0.0,passed,
28672,7168,3072,cktile_4_split0,cktile,4,0,a8w8_blockscale_cktile_32x128x128_1x4x1_16x16x128_intrawave_0x1x0_1,1,48,1323.9596530612237,0.0,passed,
28672,7168,3072,cktile_3_split0,cktile,3,0,a8w8_blockscale_cktile_16x128x256_1x4x1_16x16x64_intrawave_0x1x0_2,1,49,1801.7078163265312,0.0,passed,
28672,7168,3072,cktile_2_split0,cktile,2,0,a8w8_blockscale_cktile_16x128x256_1x4x1_16x16x64_intrawave_0x1x0_1,1,50,1815.129999999999,0.0,passed,
28672,7168,3072,cktile_1_split0,cktile,1,0,a8w8_blockscale_cktile_16x128x256_1x4x1_16x16x128_intrawave_0x1x0_2,1,51,1795.050681818182,0.0,passed,
28672,7168,3072,cktile_0_split0,cktile,0,0,a8w8_blockscale_cktile_16x128x256_1x4x1_16x16x128_intrawave_0x1x0_1,1,52,1794.8691399999993,0.0,passed,
28672,7168,3072,ck_17_split0,ck,17,0,a8w8_blockscale_bpreshuffle_1x128x128_256x64x64x256_16x16_16x16_16x16x1_16x16x1_1x32x1x8_8_2x1_intrawave_v1,1,53,1297.5918199999999,0.0,passed,
28672,7168,3072,ck_16_split0,ck,16,0,a8w8_blockscale_bpreshuffle_1x128x128_256x64x128x256_16x16_16x16_16x16x1_16x16x1_1x32x1x8_8_2x1_intrawave_v1,1,54,1010.4274999999999,0.0,passed,
28672,7168,3072,ck_15_split0,ck,15,0,a8w8_blockscale_bpreshuffle_1x128x128_256x64x64x128_16x16_16x16_8x32x1_8x32x1_1x32x1x8_8_2x1_intrawave_v1,1,55,1138.2644400000004,0.0,passed,
28672,7168,3072,ck_16_split0,ck,16,0,a8w8_blockscale_bpreshuffle_1x128x128_256x64x128x256_16x16_16x16_16x16x1_16x16x1_1x32x1x8_8_2x1_intrawave_v1,2,0,1003.5924883720932,0.0,passed,
28672,7168,3072,ck_17_split0,ck,17,0,a8w8_blockscale_bpreshuffle_1x128x128_256x64x64x256_16x16_16x16_16x16x1_16x16x1_1x32x1x8_8_2x1_intrawave_v1,2,1,1289.034530612245,0.0,passed,
28672,7168,3072,cktile_0_split0,cktile,0,0,a8w8_blockscale_cktile_16x128x256_1x4x1_16x16x128_intrawave_0x1x0_1,2,2,1786.40424,0.0,passed,
28672,7168,3072,cktile_1_split0,cktile,1,0,a8w8_blockscale_cktile_16x128x256_1x4x1_16x16x128_intrawave_0x1x0_2,2,3,1790.7746799999993,0.0,passed,
28672,7168,3072,cktile_2_split0,cktile,2,0,a8w8_blockscale_cktile_16x128x256_1x4x1_16x16x64_intrawave_0x1x0_1,2,4,1811.9389387755102,0.0,passed,
28672,7168,3072,cktile_3_split0,cktile,3,0,a8w8_blockscale_cktile_16x128x256_1x4x1_16x16x64_intrawave_0x1x0_2,2,5,1796.122428571429,0.0,passed,
28672,7168,3072,cktile_4_split0,cktile,4,0,a8w8_blockscale_cktile_32x128x128_1x4x1_16x16x128_intrawave_0x1x0_1,2,6,1324.2602083333327,0.0,passed,
28672,7168,3072,cktile_5_split0,cktile,5,0,a8w8_blockscale_cktile_32x128x128_1x4x1_16x16x128_intrawave_0x1x0_2,2,7,1323.1910999999996,0.0,passed,
28672,7168,3072,cktile_6_split0,cktile,6,0,a8w8_blockscale_cktile_32x128x128_1x4x1_16x16x64_intrawave_0x1x0_1,2,8,1349.5399347826094,0.0,passed,
28672,7168,3072,cktile_7_split0,cktile,7,0,a8w8_blockscale_cktile_32x128x128_1x4x1_16x16x64_intrawave_0x1x0_2,2,9,1348.8996666666667,0.0,passed,
28672,7168,3072,cktile_8_split0,cktile,8,0,a8w8_blockscale_cktile_128x128x128_1x4x1_16x16x128_intrawave_0x1x0_1,2,10,1099.2526000000003,0.0,passed,
28672,7168,3072,cktile_9_split0,cktile,9,0,a8w8_blockscale_cktile_128x128x128_1x4x1_16x16x128_intrawave_0x1x0_1,2,11,1101.4273673469384,0.0,passed,
28672,7168,3072,cktile_10_split0,cktile,10,0,a8w8_blockscale_cktile_128x128x128_2x2x1_16x16x128_intrawave_0x1x0_2,2,12,1071.5555,0.0,passed,
28672,7168,3072,cktile_11_split0,cktile,11,0,a8w8_blockscale_cktile_192x256x128_4x2x1_16x16x128_intrawave_0x1x0_1,2,13,645.8437600000001,0.0,passed,
28672,7168,3072,cktile_12_split0,cktile,12,0,a8w8_blockscale_cktile_192x256x128_4x2x1_16x16x128_intrawave_0x1x0_1_aqrm,2,14,769.2543414634148,0.0,passed,
28672,7168,3072,cktile_13_split0,cktile,13,0,a8w8_blockscale_cktile_16x128x256_1x4x1_16x16x128_intrawave_0x1x0_3,2,15,1795.8475399999993,0.0,passed,
28672,7168,3072,cktile_14_split0,cktile,14,0,a8w8_blockscale_cktile_16x128x256_1x4x1_16x16x128_intrawave_0x1x0_4,2,16,3673.0134897959183,0.0,passed,
28672,7168,3072,cktile_15_split0,cktile,15,0,a8w8_blockscale_cktile_16x128x256_1x4x1_16x16x64_intrawave_0x1x0_3,2,17,1803.495639999999,0.0,passed,
28672,7168,3072,cktile_16_split0,cktile,16,0,a8w8_blockscale_cktile_16x128x256_1x4x1_16x16x64_intrawave_0x1x0_4,2,18,1998.2761800000005,0.0,passed,
28672,7168,3072,cktile_17_split0,cktile,17,0,a8w8_blockscale_cktile_32x128x128_1x4x1_16x16x128_intrawave_0x1x0_3,2,19,1321.49908,0.0,passed,
28672,7168,3072,cktile_18_split0,cktile,18,0,a8w8_blockscale_cktile_32x128x128_1x4x1_16x16x128_intrawave_0x1x0_4,2,20,1320.3139183673468,0.0,passed,
28672,7168,3072,cktile_19_split0,cktile,19,0,a8w8_blockscale_cktile_32x128x128_1x4x1_16x16x64_intrawave_0x1x0_3,2,21,1348.7362448979593,0.0,passed,
28672,7168,3072,cktile_20_split0,cktile,20,0,a8w8_blockscale_cktile_32x128x128_1x4x1_16x16x64_intrawave_0x1x0_4,2,22,1349.2598085106388,0.0,passed,
28672,7168,3072,cktile_21_split0,cktile,21,0,a8w8_blockscale_cktile_128x128x128_1x4x1_16x16x128_intrawave_0x1x0_2,2,23,1097.2134285714285,0.0,passed,
28672,7168,3072,cktile_22_split0,cktile,22,0,a8w8_blockscale_cktile_128x128x128_1x4x1_16x16x128_intrawave_0x1x0_3,2,24,3730.862136363637,0.0,passed,
28672,7168,3072,cktile_23_split0,cktile,23,0,a8w8_blockscale_cktile_128x128x128_1x4x1_16x16x128_intrawave_0x1x0_4,2,25,5727.108799999999,0.0,passed,
28672,7168,3072,cktile_24_split0,cktile,24,0,a8w8_blockscale_cktile_128x128x128_2x2x1_16x16x128_intrawave_0x1x0_1,2,26,1071.4098999999994,0.0,passed,
28672,7168,3072,cktile_25_split0,cktile,25,0,a8w8_blockscale_cktile_128x128x128_2x2x1_16x16x128_intrawave_0x1x0_3,2,27,3909.197674418603,0.0,passed,
28672,7168,3072,cktile_26_split0,cktile,26,0,a8w8_blockscale_cktile_128x128x128_2x2x1_16x16x128_intrawave_0x1x0_4,2,28,8383.928604166673,0.0,passed,
28672,7168,3072,cktile_27_split0,cktile,27,0,a8w8_blockscale_cktile_192x256x128_4x2x1_16x16x128_intrawave_0x1x0_2,2,29,645.6682040816326,0.0,passed,
28672,7168,3072,cktile_28_split0,cktile,28,0,a8w8_blockscale_cktile_192x256x128_4x2x1_16x16x128_intrawave_0x1x0_3,2,30,650.1910000000003,0.0,passed,
28672,7168,3072,cktile_29_split0,cktile,29,0,a8w8_blockscale_cktile_192x256x128_4x2x1_16x16x128_intrawave_0x1x0_4,2,31,650.1886200000002,0.0,passed,
28672,7168,3072,cktile_30_split0,cktile,30,0,a8w8_blockscale_cktile_192x256x128_4x2x1_16x16x128_intrawave_0x1x0_2_aqrm,2,32,770.6633958333327,0.0,passed,
28672,7168,3072,cktile_31_split0,cktile,31,0,a8w8_blockscale_cktile_192x256x128_4x2x1_16x16x128_intrawave_0x1x0_3_aqrm,2,33,768.0484042553194,0.0,passed,
28672,7168,3072,cktile_32_split0,cktile,32,0,a8w8_blockscale_cktile_192x256x128_4x2x1_16x16x128_intrawave_0x1x0_4_aqrm,2,34,770.0997608695656,0.0,passed,
28672,7168,3072,opus_9000,opus,9000,0,opus_gemm_gfx950_a8w8_mxscale_gemm_bpreshuffle_256x256x256x128_2x2_16x16x128_1x128x128_tiles1_nooob,2,35,542.812,0.0,passed,
28672,7168,3072,opus_9010,opus,9010,0,opus_gemm_gfx950_a8w8_mxscale_gemm_bpreshuffle_256x128x128x128_2x2_16x16x128_1x128x128_tiles1_nooob,2,36,863.1222045454541,0.0,passed,
28672,7168,3072,opus_9011,opus,9011,0,opus_gemm_gfx950_a8w8_mxscale_gemm_bpreshuffle_256x64x128x128_2x2_16x16x128_1x128x128_tiles1_nooob,2,37,871.5060652173912,0.0,passed,
28672,7168,3072,opus_9012,opus,9012,0,opus_gemm_gfx950_a8w8_mxscale_gemm_bpreshuffle_256x64x64x128_2x2_16x16x128_1x128x128_tiles1_nooob,2,38,1071.3068999999996,0.0,passed,
28672,7168,3072,opus_9020,opus,9020,0,opus_gemm_gfx950_a8w8_mxscale_gemm_bpreshuffle_256x256x256x128_2x2_16x16x128_1x128x128_tiles1,2,39,568.4077551020409,0.0,passed,
28672,7168,3072,ck_0_split0,ck,0,0,a8w8_blockscale_bpreshuffle_1x128x128_256x128x128x128_16x16_16x16_8x32x1_8x32x1_1x32x1x8_8_2x1_intrawave_v3,2,40,851.4186595744678,0.0,passed,
28672,7168,3072,ck_1_split0,ck,1,0,a8w8_blockscale_bpreshuffle_1x128x128_256x64x128x128_16x16_16x16_8x32x1_8x32x1_1x32x1x8_8_2x1_intrawave_v3,2,41,913.2956938775515,0.0,passed,
28672,7168,3072,ck_2_split0,ck,2,0,a8w8_blockscale_bpreshuffle_1x128x128_256x64x64x128_16x16_16x16_8x32x1_8x32x1_1x32x1x8_8_2x1_intrawave_v3,2,42,1164.34392,0.0,passed,
28672,7168,3072,ck_3_split0,ck,3,0,a8w8_blockscale_bpreshuffle_1x128x128_256x16x256x128_8x16_16x16_16x16x1_8x32x1_1x16x1x16_8_1x2_intrawave_v1,2,43,2007.603346938776,0.0,passed,
28672,7168,3072,ck_4_split0,ck,4,0,a8w8_blockscale_bpreshuffle_1x128x128_256x16x128x128_8x16_16x16_16x16x1_8x32x1_1x16x1x16_8_1x2_intrawave_v1,2,44,1951.3753777777779,0.0,passed,
28672,7168,3072,ck_5_split0,ck,5,0,a8w8_blockscale_bpreshuffle_1x128x128_256x16x64x128_8x16_16x16_16x16x1_8x32x1_1x16x1x16_4_1x1_intrawave_v1,2,45,2259.074693877551,0.0,passed,
28672,7168,3072,ck_6_split0,ck,6,0,a8w8_blockscale_bpreshuffle_1x128x128_256x16x128x256_16x16_16x16_16x16x1_16x16x1_1x16x1x16_8_1x2_intrawave_v1,2,46,1875.0340000000008,0.0,passed,
28672,7168,3072,ck_7_split0,ck,7,0,a8w8_blockscale_bpreshuffle_1x128x128_256x16x64x256_16x16_16x16_16x16x1_16x16x1_1x16x1x16_4_1x1_intrawave_v1,2,47,2203.2593877551008,0.0,passed,
28672,7168,3072,ck_8_split0,ck,8,0,a8w8_blockscale_bpreshuffle_1x128x128_256x32x256x128_16x16_16x16_8x32x1_8x32x1_1x32x1x8_8_2x1_intrawave_v1,2,48,1074.546428571429,0.0,passed,
28672,7168,3072,ck_9_split0,ck,9,0,a8w8_blockscale_bpreshuffle_1x128x128_256x32x128x128_16x16_16x16_8x32x1_8x32x1_1x32x1x8_8_2x1_intrawave_v1,2,49,1182.1412708333335,0.0,passed,
28672,7168,3072,ck_10_split0,ck,10,0,a8w8_blockscale_bpreshuffle_1x128x128_256x32x64x128_16x16_16x16_8x32x1_8x32x1_1x32x1x8_8_2x1_intrawave_v1,2,50,1421.5747872340432,0.0,passed,
28672,7168,3072,ck_11_split0,ck,11,0,a8w8_blockscale_bpreshuffle_1x128x128_256x32x128x256_16x16_16x16_16x16x1_16x16x1_1x32x1x8_8_2x1_intrawave_v1,2,51,1201.845,0.0,passed,
28672,7168,3072,ck_12_split0,ck,12,0,a8w8_blockscale_bpreshuffle_1x128x128_256x32x64x256_16x16_16x16_16x16x1_16x16x1_1x32x1x8_8_2x1_intrawave_v1,2,52,1442.695816326531,0.0,passed,
28672,7168,3072,ck_13_split0,ck,13,0,a8w8_blockscale_bpreshuffle_1x128x128_256x64x256x128_16x16_16x16_8x32x1_8x32x1_1x32x1x8_8_2x1_intrawave_v1,2,53,833.755489361702,0.0,passed,
28672,7168,3072,ck_14_split0,ck,14,0,a8w8_blockscale_bpreshuffle_1x128x128_256x64x128x128_16x16_16x16_8x32x1_8x32x1_1x32x1x8_8_2x1_intrawave_v1,2,54,893.4182765957444,0.0,passed,
28672,7168,3072,ck_15_split0,ck,15,0,a8w8_blockscale_bpreshuffle_1x128x128_256x64x64x128_16x16_16x16_8x32x1_8x32x1_1x32x1x8_8_2x1_intrawave_v1,2,55,1130.58356,0.0,passed,
1408,7168,7168,ck_15_split0,ck,15,0,a8w8_blockscale_bpreshuffle_1x128x128_256x64x64x128_16x16_16x16_8x32x1_8x32x1_1x32x1x8_8_2x1_intrawave_v1,0,0,151.77749999999997,0.0,passed,
1408,7168,7168,ck_16_split0,ck,16,0,a8w8_blockscale_bpreshuffle_1x128x128_256x64x128x256_16x16_16x16_16x16x1_16x16x1_1x32x1x8_8_2x1_intrawave_v1,0,1,131.67886,0.0,passed,
1408,7168,7168,ck_17_split0,ck,17,0,a8w8_blockscale_bpreshuffle_1x128x128_256x64x64x256_16x16_16x16_16x16x1_16x16x1_1x32x1x8_8_2x1_intrawave_v1,0,2,165.52643999999998,0.0,passed,
1408,7168,7168,cktile_0_split0,cktile,0,0,a8w8_blockscale_cktile_16x128x256_1x4x1_16x16x128_intrawave_0x1x0_1,0,3,259.7857,0.0,passed,
1408,7168,7168,cktile_1_split0,cktile,1,0,a8w8_blockscale_cktile_16x128x256_1x4x1_16x16x128_intrawave_0x1x0_2,0,4,258.56568000000004,0.0,passed,
1408,7168,7168,cktile_2_split0,cktile,2,0,a8w8_blockscale_cktile_16x128x256_1x4x1_16x16x64_intrawave_0x1x0_1,0,5,261.47370000000006,0.0,passed,
1408,7168,7168,cktile_3_split0,cktile,3,0,a8w8_blockscale_cktile_16x128x256_1x4x1_16x16x64_intrawave_0x1x0_2,0,6,257.85420833333325,0.0,passed,
1408,7168,7168,cktile_4_split0,cktile,4,0,a8w8_blockscale_cktile_32x128x128_1x4x1_16x16x128_intrawave_0x1x0_1,0,7,186.88487999999995,0.0,passed,
1408,7168,7168,cktile_5_split0,cktile,5,0,a8w8_blockscale_cktile_32x128x128_1x4x1_16x16x128_intrawave_0x1x0_2,0,8,187.58329999999995,0.0,passed,
1408,7168,7168,cktile_6_split0,cktile,6,0,a8w8_blockscale_cktile_32x128x128_1x4x1_16x16x64_intrawave_0x1x0_1,0,9,194.40735999999998,0.0,passed,
1408,7168,7168,cktile_7_split0,cktile,7,0,a8w8_blockscale_cktile_32x128x128_1x4x1_16x16x64_intrawave_0x1x0_2,0,10,192.72014000000007,0.0,passed,
1408,7168,7168,cktile_8_split0,cktile,8,0,a8w8_blockscale_cktile_128x128x128_1x4x1_16x16x128_intrawave_0x1x0_1,0,11,201.74806521739114,0.0,passed,
1408,7168,7168,cktile_9_split0,cktile,9,0,a8w8_blockscale_cktile_128x128x128_1x4x1_16x16x128_intrawave_0x1x0_1,0,12,200.7942765957446,0.0,passed,
1408,7168,7168,cktile_10_split0,cktile,10,0,a8w8_blockscale_cktile_128x128x128_2x2x1_16x16x128_intrawave_0x1x0_2,0,13,199.33022916666667,0.0,passed,
1408,7168,7168,cktile_11_split0,cktile,11,0,a8w8_blockscale_cktile_192x256x128_4x2x1_16x16x128_intrawave_0x1x0_1,0,14,87.07918000000001,0.0,passed,
1408,7168,7168,cktile_12_split0,cktile,12,0,a8w8_blockscale_cktile_192x256x128_4x2x1_16x16x128_intrawave_0x1x0_1_aqrm,0,15,109.61142000000001,0.0,passed,
1408,7168,7168,cktile_13_split0,cktile,13,0,a8w8_blockscale_cktile_16x128x256_1x4x1_16x16x128_intrawave_0x1x0_3,0,16,256.82084,0.0,passed,
1408,7168,7168,cktile_14_split0,cktile,14,0,a8w8_blockscale_cktile_16x128x256_1x4x1_16x16x128_intrawave_0x1x0_4,0,17,480.89952380952377,0.0,passed,
1408,7168,7168,cktile_15_split0,cktile,15,0,a8w8_blockscale_cktile_16x128x256_1x4x1_16x16x64_intrawave_0x1x0_3,0,18,260.2208999999999,0.0,passed,
1408,7168,7168,cktile_16_split0,cktile,16,0,a8w8_blockscale_cktile_16x128x256_1x4x1_16x16x64_intrawave_0x1x0_4,0,19,275.76266,0.0,passed,
1408,7168,7168,cktile_17_split0,cktile,17,0,a8w8_blockscale_cktile_32x128x128_1x4x1_16x16x128_intrawave_0x1x0_3,0,20,188.51288000000005,0.0,passed,
1408,7168,7168,cktile_18_split0,cktile,18,0,a8w8_blockscale_cktile_32x128x128_1x4x1_16x16x128_intrawave_0x1x0_4,0,21,188.70009999999994,0.0,passed,
1408,7168,7168,cktile_19_split0,cktile,19,0,a8w8_blockscale_cktile_32x128x128_1x4x1_16x16x64_intrawave_0x1x0_3,0,22,192.97614000000002,0.0,passed,
1408,7168,7168,cktile_20_split0,cktile,20,0,a8w8_blockscale_cktile_32x128x128_1x4x1_16x16x64_intrawave_0x1x0_4,0,23,191.7289599999999,0.0,passed,
1408,7168,7168,cktile_21_split0,cktile,21,0,a8w8_blockscale_cktile_128x128x128_1x4x1_16x16x128_intrawave_0x1x0_2,0,24,200.93673913043474,0.0,passed,
1408,7168,7168,cktile_22_split0,cktile,22,0,a8w8_blockscale_cktile_128x128x128_1x4x1_16x16x128_intrawave_0x1x0_3,0,25,516.6845625000002,0.0,passed,
1408,7168,7168,cktile_23_split0,cktile,23,0,a8w8_blockscale_cktile_128x128x128_1x4x1_16x16x128_intrawave_0x1x0_4,0,26,869.2735000000004,0.0,passed,
1408,7168,7168,cktile_24_split0,cktile,24,0,a8w8_blockscale_cktile_128x128x128_2x2x1_16x16x128_intrawave_0x1x0_1,0,27,199.68183673469392,0.0,passed,
1408,7168,7168,cktile_25_split0,cktile,25,0,a8w8_blockscale_cktile_128x128x128_2x2x1_16x16x128_intrawave_0x1x0_3,0,28,537.8406458333334,0.0,passed,
1408,7168,7168,cktile_26_split0,cktile,26,0,a8w8_blockscale_cktile_128x128x128_2x2x1_16x16x128_intrawave_0x1x0_4,0,29,1262.3369183673467,0.0,passed,
1408,7168,7168,cktile_27_split0,cktile,27,0,a8w8_blockscale_cktile_192x256x128_4x2x1_16x16x128_intrawave_0x1x0_2,0,30,86.39676000000001,0.0,passed,
1408,7168,7168,cktile_28_split0,cktile,28,0,a8w8_blockscale_cktile_192x256x128_4x2x1_16x16x128_intrawave_0x1x0_3,0,31,85.89273999999999,0.0,passed,
1408,7168,7168,cktile_29_split0,cktile,29,0,a8w8_blockscale_cktile_192x256x128_4x2x1_16x16x128_intrawave_0x1x0_4,0,32,88.40877999999996,0.0,passed,
1408,7168,7168,cktile_30_split0,cktile,30,0,a8w8_blockscale_cktile_192x256x128_4x2x1_16x16x128_intrawave_0x1x0_2_aqrm,0,33,109.16259999999998,0.0,passed,
1408,7168,7168,cktile_31_split0,cktile,31,0,a8w8_blockscale_cktile_192x256x128_4x2x1_16x16x128_intrawave_0x1x0_3_aqrm,0,34,109.74661999999996,0.0,passed,
1408,7168,7168,cktile_32_split0,cktile,32,0,a8w8_blockscale_cktile_192x256x128_4x2x1_16x16x128_intrawave_0x1x0_4_aqrm,0,35,109.62742000000006,0.0,passed,
1408,7168,7168,opus_9010,opus,9010,0,opus_gemm_gfx950_a8w8_mxscale_gemm_bpreshuffle_256x128x128x128_2x2_16x16x128_1x128x128_tiles1_nooob,0,36,114.86151020408167,0.0,passed,
1408,7168,7168,opus_9011,opus,9011,0,opus_gemm_gfx950_a8w8_mxscale_gemm_bpreshuffle_256x64x128x128_2x2_16x16x128_1x128x128_tiles1_nooob,0,37,110.37542000000003,0.0,passed,
1408,7168,7168,opus_9012,opus,9012,0,opus_gemm_gfx950_a8w8_mxscale_gemm_bpreshuffle_256x64x64x128_2x2_16x16x128_1x128x128_tiles1_nooob,0,38,140.68317391304348,0.0,passed,
1408,7168,7168,opus_9020,opus,9020,0,opus_gemm_gfx950_a8w8_mxscale_gemm_bpreshuffle_256x256x256x128_2x2_16x16x128_1x128x128_tiles1,0,39,93.28837500000003,0.0,passed,
1408,7168,7168,ck_0_split0,ck,0,0,a8w8_blockscale_bpreshuffle_1x128x128_256x128x128x128_16x16_16x16_8x32x1_8x32x1_1x32x1x8_8_2x1_intrawave_v3,0,40,125.39638000000002,0.0,passed,
1408,7168,7168,ck_1_split0,ck,1,0,a8w8_blockscale_bpreshuffle_1x128x128_256x64x128x128_16x16_16x16_8x32x1_8x32x1_1x32x1x8_8_2x1_intrawave_v3,0,41,122.37955999999997,0.0,passed,
1408,7168,7168,ck_2_split0,ck,2,0,a8w8_blockscale_bpreshuffle_1x128x128_256x64x64x128_16x16_16x16_8x32x1_8x32x1_1x32x1x8_8_2x1_intrawave_v3,0,42,154.57031999999992,0.0,passed,
1408,7168,7168,ck_3_split0,ck,3,0,a8w8_blockscale_bpreshuffle_1x128x128_256x16x256x128_8x16_16x16_16x16x1_8x32x1_1x16x1x16_8_1x2_intrawave_v1,0,43,248.51114285714286,0.0,passed,
1408,7168,7168,ck_4_split0,ck,4,0,a8w8_blockscale_bpreshuffle_1x128x128_256x16x128x128_8x16_16x16_16x16x1_8x32x1_1x16x1x16_8_1x2_intrawave_v1,0,44,255.55143999999996,0.0,passed,
1408,7168,7168,ck_5_split0,ck,5,0,a8w8_blockscale_bpreshuffle_1x128x128_256x16x64x128_8x16_16x16_16x16x1_8x32x1_1x16x1x16_4_1x1_intrawave_v1,0,45,289.32220000000007,0.0,passed,
1408,7168,7168,ck_6_split0,ck,6,0,a8w8_blockscale_bpreshuffle_1x128x128_256x16x128x256_16x16_16x16_16x16x1_16x16x1_1x16x1x16_8_1x2_intrawave_v1,0,46,246.3241399999999,0.0,passed,
1408,7168,7168,ck_7_split0,ck,7,0,a8w8_blockscale_bpreshuffle_1x128x128_256x16x64x256_16x16_16x16_16x16x1_16x16x1_1x16x1x16_4_1x1_intrawave_v1,0,47,275.79144897959196,0.0,passed,
1408,7168,7168,ck_8_split0,ck,8,0,a8w8_blockscale_bpreshuffle_1x128x128_256x32x256x128_16x16_16x16_8x32x1_8x32x1_1x32x1x8_8_2x1_intrawave_v1,0,48,156.81513999999999,0.0,passed,
1408,7168,7168,ck_9_split0,ck,9,0,a8w8_blockscale_bpreshuffle_1x128x128_256x32x128x128_16x16_16x16_8x32x1_8x32x1_1x32x1x8_8_2x1_intrawave_v1,0,49,157.2119399999999,0.0,passed,
1408,7168,7168,ck_10_split0,ck,10,0,a8w8_blockscale_bpreshuffle_1x128x128_256x32x64x128_16x16_16x16_8x32x1_8x32x1_1x32x1x8_8_2x1_intrawave_v1,0,50,186.98987999999994,0.0,passed,
1408,7168,7168,ck_11_split0,ck,11,0,a8w8_blockscale_bpreshuffle_1x128x128_256x32x128x256_16x16_16x16_16x16x1_16x16x1_1x32x1x8_8_2x1_intrawave_v1,0,51,160.05197999999996,0.0,passed,
1408,7168,7168,ck_12_split0,ck,12,0,a8w8_blockscale_bpreshuffle_1x128x128_256x32x64x256_16x16_16x16_16x16x1_16x16x1_1x32x1x8_8_2x1_intrawave_v1,0,52,191.71151999999995,0.0,passed,
1408,7168,7168,ck_13_split0,ck,13,0,a8w8_blockscale_bpreshuffle_1x128x128_256x64x256x128_16x16_16x16_8x32x1_8x32x1_1x32x1x8_8_2x1_intrawave_v1,0,53,126.76841999999999,0.0,passed,
1408,7168,7168,ck_14_split0,ck,14,0,a8w8_blockscale_bpreshuffle_1x128x128_256x64x128x128_16x16_16x16_8x32x1_8x32x1_1x32x1x8_8_2x1_intrawave_v1,0,54,120.21393999999998,0.0,passed,
1408,7168,7168,ck_15_split0,ck,15,0,a8w8_blockscale_bpreshuffle_1x128x128_256x64x64x128_16x16_16x16_8x32x1_8x32x1_1x32x1x8_8_2x1_intrawave_v1,1,0,152.71349999999995,0.0,passed,
1408,7168,7168,ck_14_split0,ck,14,0,a8w8_blockscale_bpreshuffle_1x128x128_256x64x128x128_16x16_16x16_8x32x1_8x32x1_1x32x1x8_8_2x1_intrawave_v1,1,1,121.63635999999997,0.0,passed,
1408,7168,7168,ck_13_split0,ck,13,0,a8w8_blockscale_bpreshuffle_1x128x128_256x64x256x128_16x16_16x16_8x32x1_8x32x1_1x32x1x8_8_2x1_intrawave_v1,1,2,127.37481999999999,0.0,passed,
1408,7168,7168,ck_12_split0,ck,12,0,a8w8_blockscale_bpreshuffle_1x128x128_256x32x64x256_16x16_16x16_16x16x1_16x16x1_1x32x1x8_8_2x1_intrawave_v1,1,3,193.13634000000002,0.0,passed,
1408,7168,7168,ck_11_split0,ck,11,0,a8w8_blockscale_bpreshuffle_1x128x128_256x32x128x256_16x16_16x16_16x16x1_16x16x1_1x32x1x8_8_2x1_intrawave_v1,1,4,160.95517999999998,0.0,passed,
1408,7168,7168,ck_10_split0,ck,10,0,a8w8_blockscale_bpreshuffle_1x128x128_256x32x64x128_16x16_16x16_8x32x1_8x32x1_1x32x1x8_8_2x1_intrawave_v1,1,5,190.3354999999999,0.0,passed,
1408,7168,7168,ck_9_split0,ck,9,0,a8w8_blockscale_bpreshuffle_1x128x128_256x32x128x128_16x16_16x16_8x32x1_8x32x1_1x32x1x8_8_2x1_intrawave_v1,1,6,157.89996000000005,0.0,passed,
1408,7168,7168,ck_8_split0,ck,8,0,a8w8_blockscale_bpreshuffle_1x128x128_256x32x256x128_16x16_16x16_8x32x1_8x32x1_1x32x1x8_8_2x1_intrawave_v1,1,7,154.1551199999999,0.0,passed,
1408,7168,7168,ck_7_split0,ck,7,0,a8w8_blockscale_bpreshuffle_1x128x128_256x16x64x256_16x16_16x16_16x16x1_16x16x1_1x16x1x16_4_1x1_intrawave_v1,1,8,277.5885,0.0,passed,
1408,7168,7168,ck_6_split0,ck,6,0,a8w8_blockscale_bpreshuffle_1x128x128_256x16x128x256_16x16_16x16_16x16x1_16x16x1_1x16x1x16_8_1x2_intrawave_v1,1,9,244.78331999999995,0.0,passed,
1408,7168,7168,ck_5_split0,ck,5,0,a8w8_blockscale_bpreshuffle_1x128x128_256x16x64x128_8x16_16x16_16x16x1_8x32x1_1x16x1x16_4_1x1_intrawave_v1,1,10,289.0277999999999,0.0,passed,
1408,7168,7168,ck_4_split0,ck,4,0,a8w8_blockscale_bpreshuffle_1x128x128_256x16x128x128_8x16_16x16_16x16x1_8x32x1_1x16x1x16_8_1x2_intrawave_v1,1,11,254.28502,0.0,passed,
1408,7168,7168,ck_3_split0,ck,3,0,a8w8_blockscale_bpreshuffle_1x128x128_256x16x256x128_8x16_16x16_16x16x1_8x32x1_1x16x1x16_8_1x2_intrawave_v1,1,12,249.52658,0.0,passed,
1408,7168,7168,ck_2_split0,ck,2,0,a8w8_blockscale_bpreshuffle_1x128x128_256x64x64x128_16x16_16x16_8x32x1_8x32x1_1x32x1x8_8_2x1_intrawave_v3,1,13,156.00073999999992,0.0,passed,
1408,7168,7168,ck_1_split0,ck,1,0,a8w8_blockscale_bpreshuffle_1x128x128_256x64x128x128_16x16_16x16_8x32x1_8x32x1_1x32x1x8_8_2x1_intrawave_v3,1,14,123.16998,0.0,passed,
1408,7168,7168,ck_0_split0,ck,0,0,a8w8_blockscale_bpreshuffle_1x128x128_256x128x128x128_16x16_16x16_8x32x1_8x32x1_1x32x1x8_8_2x1_intrawave_v3,1,15,125.47798,0.0,passed,
1408,7168,7168,opus_9020,opus,9020,0,opus_gemm_gfx950_a8w8_mxscale_gemm_bpreshuffle_256x256x256x128_2x2_16x16x128_1x128x128_tiles1,1,16,93.87587500000002,0.0,passed,
1408,7168,7168,opus_9012,opus,9012,0,opus_gemm_gfx950_a8w8_mxscale_gemm_bpreshuffle_256x64x64x128_2x2_16x16x128_1x128x128_tiles1_nooob,1,17,137.10054,0.0,passed,
1408,7168,7168,opus_9011,opus,9011,0,opus_gemm_gfx950_a8w8_mxscale_gemm_bpreshuffle_256x64x128x128_2x2_16x16x128_1x128x128_tiles1_nooob,1,18,111.66584,0.0,passed,
1408,7168,7168,opus_9010,opus,9010,0,opus_gemm_gfx950_a8w8_mxscale_gemm_bpreshuffle_256x128x128x128_2x2_16x16x128_1x128x128_tiles1_nooob,1,19,113.87358333333329,0.0,passed,
1408,7168,7168,cktile_32_split0,cktile,32,0,a8w8_blockscale_cktile_192x256x128_4x2x1_16x16x128_intrawave_0x1x0_4_aqrm,1,20,109.68581999999998,0.0,passed,
1408,7168,7168,cktile_31_split0,cktile,31,0,a8w8_blockscale_cktile_192x256x128_4x2x1_16x16x128_intrawave_0x1x0_3_aqrm,1,21,109.87301999999995,0.0,passed,
1408,7168,7168,cktile_30_split0,cktile,30,0,a8w8_blockscale_cktile_192x256x128_4x2x1_16x16x128_intrawave_0x1x0_2_aqrm,1,22,110.21357777777777,0.0,passed,
1408,7168,7168,cktile_29_split0,cktile,29,0,a8w8_blockscale_cktile_192x256x128_4x2x1_16x16x128_intrawave_0x1x0_4,1,23,86.75036,0.0,passed,
1408,7168,7168,cktile_28_split0,cktile,28,0,a8w8_blockscale_cktile_192x256x128_4x2x1_16x16x128_intrawave_0x1x0_3,1,24,87.41195999999997,0.0,passed,
1408,7168,7168,cktile_27_split0,cktile,27,0,a8w8_blockscale_cktile_192x256x128_4x2x1_16x16x128_intrawave_0x1x0_2,1,25,87.18477999999999,0.0,passed,
1408,7168,7168,cktile_26_split0,cktile,26,0,a8w8_blockscale_cktile_128x128x128_2x2x1_16x16x128_intrawave_0x1x0_4,1,26,1262.2103191489357,0.0,passed,
1408,7168,7168,cktile_25_split0,cktile,25,0,a8w8_blockscale_cktile_128x128x128_2x2x1_16x16x128_intrawave_0x1x0_3,1,27,539.0998333333333,0.0,passed,
1408,7168,7168,cktile_24_split0,cktile,24,0,a8w8_blockscale_cktile_128x128x128_2x2x1_16x16x128_intrawave_0x1x0_1,1,28,200.32022000000003,0.0,passed,
1408,7168,7168,cktile_23_split0,cktile,23,0,a8w8_blockscale_cktile_128x128x128_1x4x1_16x16x128_intrawave_0x1x0_4,1,29,869.9193125000005,0.0,passed,
1408,7168,7168,cktile_22_split0,cktile,22,0,a8w8_blockscale_cktile_128x128x128_1x4x1_16x16x128_intrawave_0x1x0_3,1,30,516.9969148936171,0.0,passed,
1408,7168,7168,cktile_21_split0,cktile,21,0,a8w8_blockscale_cktile_128x128x128_1x4x1_16x16x128_intrawave_0x1x0_2,1,31,201.80806521739126,0.0,passed,
1408,7168,7168,cktile_20_split0,cktile,20,0,a8w8_blockscale_cktile_32x128x128_1x4x1_16x16x64_intrawave_0x1x0_4,1,32,191.95773999999997,0.0,passed,
1408,7168,7168,cktile_19_split0,cktile,19,0,a8w8_blockscale_cktile_32x128x128_1x4x1_16x16x64_intrawave_0x1x0_3,1,33,194.03775999999993,0.0,passed,
1408,7168,7168,cktile_18_split0,cktile,18,0,a8w8_blockscale_cktile_32x128x128_1x4x1_16x16x128_intrawave_0x1x0_4,1,34,187.46088000000006,0.0,passed,
1408,7168,7168,cktile_17_split0,cktile,17,0,a8w8_blockscale_cktile_32x128x128_1x4x1_16x16x128_intrawave_0x1x0_3,1,35,189.38570000000004,0.0,passed,
1408,7168,7168,cktile_16_split0,cktile,16,0,a8w8_blockscale_cktile_16x128x256_1x4x1_16x16x64_intrawave_0x1x0_4,1,36,278.32588000000004,0.0,passed,
1408,7168,7168,cktile_15_split0,cktile,15,0,a8w8_blockscale_cktile_16x128x256_1x4x1_16x16x64_intrawave_0x1x0_3,1,37,260.0985,0.0,passed,
1408,7168,7168,cktile_14_split0,cktile,14,0,a8w8_blockscale_cktile_16x128x256_1x4x1_16x16x128_intrawave_0x1x0_4,1,38,479.0216458333334,0.0,passed,
1408,7168,7168,cktile_13_split0,cktile,13,0,a8w8_blockscale_cktile_16x128x256_1x4x1_16x16x128_intrawave_0x1x0_3,1,39,260.67770000000013,0.0,passed,
1408,7168,7168,cktile_12_split0,cktile,12,0,a8w8_blockscale_cktile_192x256x128_4x2x1_16x16x128_intrawave_0x1x0_1_aqrm,1,40,108.11379999999997,0.0,passed,
1408,7168,7168,cktile_11_split0,cktile,11,0,a8w8_blockscale_cktile_192x256x128_4x2x1_16x16x128_intrawave_0x1x0_1,1,41,87.46398,0.0,passed,
1408,7168,7168,cktile_10_split0,cktile,10,0,a8w8_blockscale_cktile_128x128x128_2x2x1_16x16x128_intrawave_0x1x0_2,1,42,199.48267346938778,0.0,passed,
1408,7168,7168,cktile_9_split0,cktile,9,0,a8w8_blockscale_cktile_128x128x128_1x4x1_16x16x128_intrawave_0x1x0_1,1,43,201.504914893617,0.0,passed,
1408,7168,7168,cktile_8_split0,cktile,8,0,a8w8_blockscale_cktile_128x128x128_1x4x1_16x16x128_intrawave_0x1x0_1,1,44,201.90068085106373,0.0,passed,
1408,7168,7168,cktile_7_split0,cktile,7,0,a8w8_blockscale_cktile_32x128x128_1x4x1_16x16x64_intrawave_0x1x0_2,1,45,192.50333999999998,0.0,passed,
1408,7168,7168,cktile_6_split0,cktile,6,0,a8w8_blockscale_cktile_32x128x128_1x4x1_16x16x64_intrawave_0x1x0_1,1,46,193.55455999999995,0.0,passed,
1408,7168,7168,cktile_5_split0,cktile,5,0,a8w8_blockscale_cktile_32x128x128_1x4x1_16x16x128_intrawave_0x1x0_2,1,47,187.85687999999993,0.0,passed,
1408,7168,7168,cktile_4_split0,cktile,4,0,a8w8_blockscale_cktile_32x128x128_1x4x1_16x16x128_intrawave_0x1x0_1,1,48,189.1400999999999,0.0,passed,
1408,7168,7168,cktile_3_split0,cktile,3,0,a8w8_blockscale_cktile_16x128x256_1x4x1_16x16x64_intrawave_0x1x0_2,1,49,257.09045999999995,0.0,passed,
1408,7168,7168,cktile_2_split0,cktile,2,0,a8w8_blockscale_cktile_16x128x256_1x4x1_16x16x64_intrawave_0x1x0_1,1,50,259.78409999999985,0.0,passed,
1408,7168,7168,cktile_1_split0,cktile,1,0,a8w8_blockscale_cktile_16x128x256_1x4x1_16x16x128_intrawave_0x1x0_2,1,51,259.96407999999985,0.0,passed,
1408,7168,7168,cktile_0_split0,cktile,0,0,a8w8_blockscale_cktile_16x128x256_1x4x1_16x16x128_intrawave_0x1x0_1,1,52,257.01002083333344,0.0,passed,
1408,7168,7168,ck_17_split0,ck,17,0,a8w8_blockscale_bpreshuffle_1x128x128_256x64x64x256_16x16_16x16_16x16x1_16x16x1_1x32x1x8_8_2x1_intrawave_v1,1,53,166.18804,0.0,passed,
1408,7168,7168,ck_16_split0,ck,16,0,a8w8_blockscale_bpreshuffle_1x128x128_256x64x128x256_16x16_16x16_16x16x1_16x16x1_1x32x1x8_8_2x1_intrawave_v1,1,54,137.3253200000001,0.0,passed,
1408,7168,7168,ck_17_split0,ck,17,0,a8w8_blockscale_bpreshuffle_1x128x128_256x64x64x256_16x16_16x16_16x16x1_16x16x1_1x32x1x8_8_2x1_intrawave_v1,2,0,164.54964000000007,0.0,passed,
1408,7168,7168,cktile_0_split0,cktile,0,0,a8w8_blockscale_cktile_16x128x256_1x4x1_16x16x128_intrawave_0x1x0_1,2,1,258.5280599999999,0.0,passed,
1408,7168,7168,cktile_1_split0,cktile,1,0,a8w8_blockscale_cktile_16x128x256_1x4x1_16x16x128_intrawave_0x1x0_2,2,2,257.89002083333344,0.0,passed,
1408,7168,7168,cktile_2_split0,cktile,2,0,a8w8_blockscale_cktile_16x128x256_1x4x1_16x16x64_intrawave_0x1x0_1,2,3,260.62407999999994,0.0,passed,
1408,7168,7168,cktile_3_split0,cktile,3,0,a8w8_blockscale_cktile_16x128x256_1x4x1_16x16x64_intrawave_0x1x0_2,2,4,256.34583333333325,0.0,passed,
1408,7168,7168,cktile_4_split0,cktile,4,0,a8w8_blockscale_cktile_32x128x128_1x4x1_16x16x128_intrawave_0x1x0_1,2,5,188.79527999999985,0.0,passed,
1408,7168,7168,cktile_5_split0,cktile,5,0,a8w8_blockscale_cktile_32x128x128_1x4x1_16x16x128_intrawave_0x1x0_2,2,6,187.72088000000002,0.0,passed,
1408,7168,7168,cktile_6_split0,cktile,6,0,a8w8_blockscale_cktile_32x128x128_1x4x1_16x16x64_intrawave_0x1x0_1,2,7,194.50495999999984,0.0,passed,
1408,7168,7168,cktile_7_split0,cktile,7,0,a8w8_blockscale_cktile_32x128x128_1x4x1_16x16x64_intrawave_0x1x0_2,2,8,193.97135999999995,0.0,passed,
1408,7168,7168,cktile_8_split0,cktile,8,0,a8w8_blockscale_cktile_128x128x128_1x4x1_16x16x128_intrawave_0x1x0_1,2,9,201.3419782608696,0.0,passed,
1408,7168,7168,cktile_9_split0,cktile,9,0,a8w8_blockscale_cktile_128x128x128_1x4x1_16x16x128_intrawave_0x1x0_1,2,10,201.3818958333334,0.0,passed,
1408,7168,7168,cktile_10_split0,cktile,10,0,a8w8_blockscale_cktile_128x128x128_2x2x1_16x16x128_intrawave_0x1x0_2,2,11,199.6785416666667,0.0,passed,
1408,7168,7168,cktile_11_split0,cktile,11,0,a8w8_blockscale_cktile_192x256x128_4x2x1_16x16x128_intrawave_0x1x0_1,2,12,87.58958000000003,0.0,passed,
1408,7168,7168,cktile_12_split0,cktile,12,0,a8w8_blockscale_cktile_192x256x128_4x2x1_16x16x128_intrawave_0x1x0_1_aqrm,2,13,111.03064,0.0,passed,
1408,7168,7168,cktile_13_split0,cktile,13,0,a8w8_blockscale_cktile_16x128x256_1x4x1_16x16x128_intrawave_0x1x0_3,2,14,260.10169999999994,0.0,passed,
1408,7168,7168,cktile_14_split0,cktile,14,0,a8w8_blockscale_cktile_16x128x256_1x4x1_16x16x128_intrawave_0x1x0_4,2,15,477.1024791666667,0.0,passed,
1408,7168,7168,cktile_15_split0,cktile,15,0,a8w8_blockscale_cktile_16x128x256_1x4x1_16x16x64_intrawave_0x1x0_3,2,16,260.2409,0.0,passed,
1408,7168,7168,cktile_16_split0,cktile,16,0,a8w8_blockscale_cktile_16x128x256_1x4x1_16x16x64_intrawave_0x1x0_4,2,17,274.7977959183673,0.0,passed,
1408,7168,7168,cktile_17_split0,cktile,17,0,a8w8_blockscale_cktile_32x128x128_1x4x1_16x16x128_intrawave_0x1x0_3,2,18,188.68247999999988,0.0,passed,
1408,7168,7168,cktile_18_split0,cktile,18,0,a8w8_blockscale_cktile_32x128x128_1x4x1_16x16x128_intrawave_0x1x0_4,2,19,187.27448000000007,0.0,passed,
1408,7168,7168,cktile_19_split0,cktile,19,0,a8w8_blockscale_cktile_32x128x128_1x4x1_16x16x64_intrawave_0x1x0_3,2,20,192.2225399999999,0.0,passed,
1408,7168,7168,cktile_20_split0,cktile,20,0,a8w8_blockscale_cktile_32x128x128_1x4x1_16x16x64_intrawave_0x1x0_4,2,21,191.44891999999996,0.0,passed,
1408,7168,7168,cktile_21_split0,cktile,21,0,a8w8_blockscale_cktile_128x128x128_1x4x1_16x16x128_intrawave_0x1x0_2,2,22,201.1236382978723,0.0,passed,
1408,7168,7168,cktile_22_split0,cktile,22,0,a8w8_blockscale_cktile_128x128x128_1x4x1_16x16x128_intrawave_0x1x0_3,2,23,516.2726595744681,0.0,passed,
1408,7168,7168,cktile_23_split0,cktile,23,0,a8w8_blockscale_cktile_128x128x128_1x4x1_16x16x128_intrawave_0x1x0_4,2,24,870.3931914893624,0.0,passed,
1408,7168,7168,cktile_24_split0,cktile,24,0,a8w8_blockscale_cktile_128x128x128_2x2x1_16x16x128_intrawave_0x1x0_1,2,25,200.35532653061225,0.0,passed,
1408,7168,7168,cktile_25_split0,cktile,25,0,a8w8_blockscale_cktile_128x128x128_2x2x1_16x16x128_intrawave_0x1x0_3,2,26,538.0314791666666,0.0,passed,
1408,7168,7168,cktile_26_split0,cktile,26,0,a8w8_blockscale_cktile_128x128x128_2x2x1_16x16x128_intrawave_0x1x0_4,2,27,1263.3385714285712,0.0,passed,
1408,7168,7168,cktile_27_split0,cktile,27,0,a8w8_blockscale_cktile_192x256x128_4x2x1_16x16x128_intrawave_0x1x0_2,2,28,88.55838000000001,0.0,passed,
1408,7168,7168,cktile_28_split0,cktile,28,0,a8w8_blockscale_cktile_192x256x128_4x2x1_16x16x128_intrawave_0x1x0_3,2,29,86.93277999999998,0.0,passed,
1408,7168,7168,cktile_29_split0,cktile,29,0,a8w8_blockscale_cktile_192x256x128_4x2x1_16x16x128_intrawave_0x1x0_4,2,30,87.25915999999998,0.0,passed,
1408,7168,7168,cktile_30_split0,cktile,30,0,a8w8_blockscale_cktile_192x256x128_4x2x1_16x16x128_intrawave_0x1x0_2_aqrm,2,31,111.36451063829786,0.0,passed,
1408,7168,7168,cktile_31_split0,cktile,31,0,a8w8_blockscale_cktile_192x256x128_4x2x1_16x16x128_intrawave_0x1x0_3_aqrm,2,32,109.80262,0.0,passed,
1408,7168,7168,cktile_32_split0,cktile,32,0,a8w8_blockscale_cktile_192x256x128_4x2x1_16x16x128_intrawave_0x1x0_4_aqrm,2,33,109.5522,0.0,passed,
1408,7168,7168,opus_9010,opus,9010,0,opus_gemm_gfx950_a8w8_mxscale_gemm_bpreshuffle_256x128x128x128_2x2_16x16x128_1x128x128_tiles1_nooob,2,34,114.41468000000003,0.0,passed,
1408,7168,7168,opus_9011,opus,9011,0,opus_gemm_gfx950_a8w8_mxscale_gemm_bpreshuffle_256x64x128x128_2x2_16x16x128_1x128x128_tiles1_nooob,2,35,111.65064000000001,0.0,passed,
1408,7168,7168,opus_9012,opus,9012,0,opus_gemm_gfx950_a8w8_mxscale_gemm_bpreshuffle_256x64x64x128_2x2_16x16x128_1x128x128_tiles1_nooob,2,36,137.98851999999994,0.0,passed,
1408,7168,7168,opus_9020,opus,9020,0,opus_gemm_gfx950_a8w8_mxscale_gemm_bpreshuffle_256x256x256x128_2x2_16x16x128_1x128x128_tiles1,2,37,94.04420833333332,0.0,passed,
1408,7168,7168,ck_0_split0,ck,0,0,a8w8_blockscale_bpreshuffle_1x128x128_256x128x128x128_16x16_16x16_8x32x1_8x32x1_1x32x1x8_8_2x1_intrawave_v3,2,38,127.98921999999993,0.0,passed,
1408,7168,7168,ck_1_split0,ck,1,0,a8w8_blockscale_bpreshuffle_1x128x128_256x64x128x128_16x16_16x16_8x32x1_8x32x1_1x32x1x8_8_2x1_intrawave_v3,2,39,123.23556,0.0,passed,
1408,7168,7168,ck_2_split0,ck,2,0,a8w8_blockscale_bpreshuffle_1x128x128_256x64x64x128_16x16_16x16_8x32x1_8x32x1_1x32x1x8_8_2x1_intrawave_v3,2,40,154.83512,0.0,passed,
1408,7168,7168,ck_3_split0,ck,3,0,a8w8_blockscale_bpreshuffle_1x128x128_256x16x256x128_8x16_16x16_16x16x1_8x32x1_1x16x1x16_8_1x2_intrawave_v1,2,41,248.86216326530615,0.0,passed,
1408,7168,7168,ck_4_split0,ck,4,0,a8w8_blockscale_bpreshuffle_1x128x128_256x16x128x128_8x16_16x16_16x16x1_8x32x1_1x16x1x16_8_1x2_intrawave_v1,2,42,255.12664000000004,0.0,passed,
1408,7168,7168,ck_5_split0,ck,5,0,a8w8_blockscale_bpreshuffle_1x128x128_256x16x64x128_8x16_16x16_16x16x1_8x32x1_1x16x1x16_4_1x1_intrawave_v1,2,43,290.5286400000001,0.0,passed,
1408,7168,7168,ck_6_split0,ck,6,0,a8w8_blockscale_bpreshuffle_1x128x128_256x16x128x256_16x16_16x16_16x16x1_16x16x1_1x16x1x16_8_1x2_intrawave_v1,2,44,246.86014,0.0,passed,
1408,7168,7168,ck_7_split0,ck,7,0,a8w8_blockscale_bpreshuffle_1x128x128_256x16x64x256_16x16_16x16_16x16x1_16x16x1_1x16x1x16_4_1x1_intrawave_v1,2,45,276.60688,0.0,passed,
1408,7168,7168,ck_8_split0,ck,8,0,a8w8_blockscale_bpreshuffle_1x128x128_256x32x256x128_16x16_16x16_8x32x1_8x32x1_1x32x1x8_8_2x1_intrawave_v1,2,46,157.57916,0.0,passed,
1408,7168,7168,ck_9_split0,ck,9,0,a8w8_blockscale_bpreshuffle_1x128x128_256x32x128x128_16x16_16x16_8x32x1_8x32x1_1x32x1x8_8_2x1_intrawave_v1,2,47,155.70233999999994,0.0,passed,
1408,7168,7168,ck_10_split0,ck,10,0,a8w8_blockscale_bpreshuffle_1x128x128_256x32x64x128_16x16_16x16_8x32x1_8x32x1_1x32x1x8_8_2x1_intrawave_v1,2,48,188.1827,0.0,passed,
1408,7168,7168,ck_11_split0,ck,11,0,a8w8_blockscale_bpreshuffle_1x128x128_256x32x128x256_16x16_16x16_16x16x1_16x16x1_1x32x1x8_8_2x1_intrawave_v1,2,49,159.09596,0.0,passed,
1408,7168,7168,ck_12_split0,ck,12,0,a8w8_blockscale_bpreshuffle_1x128x128_256x32x64x256_16x16_16x16_16x16x1_16x16x1_1x32x1x8_8_2x1_intrawave_v1,2,50,191.77793999999994,0.0,passed,
1408,7168,7168,ck_13_split0,ck,13,0,a8w8_blockscale_bpreshuffle_1x128x128_256x64x256x128_16x16_16x16_8x32x1_8x32x1_1x32x1x8_8_2x1_intrawave_v1,2,51,128.78763999999998,0.0,passed,
1408,7168,7168,ck_14_split0,ck,14,0,a8w8_blockscale_bpreshuffle_1x128x128_256x64x128x128_16x16_16x16_8x32x1_8x32x1_1x32x1x8_8_2x1_intrawave_v1,2,52,121.94436000000007,0.0,passed,
1408,7168,7168,ck_15_split0,ck,15,0,a8w8_blockscale_bpreshuffle_1x128x128_256x64x64x128_16x16_16x16_8x32x1_8x32x1_1x32x1x8_8_2x1_intrawave_v1,2,53,151.51108,0.0,passed,
1408,7168,7168,ck_16_split0,ck,16,0,a8w8_blockscale_bpreshuffle_1x128x128_256x64x128x256_16x16_16x16_16x16x1_16x16x1_1x32x1x8_8_2x1_intrawave_v1,2,54,131.83566000000005,0.0,passed,
6144,7168,7168,ck_16_split0,ck,16,0,a8w8_blockscale_bpreshuffle_1x128x128_256x64x128x256_16x16_16x16_16x16x1_16x16x1_1x32x1x8_8_2x1_intrawave_v1,0,0,484.67783673469376,0.0,passed,
6144,7168,7168,ck_17_split0,ck,17,0,a8w8_blockscale_bpreshuffle_1x128x128_256x64x64x256_16x16_16x16_16x16x1_16x16x1_1x32x1x8_8_2x1_intrawave_v1,0,1,614.6517872340426,0.0,passed,
6144,7168,7168,cktile_0_split0,cktile,0,0,a8w8_blockscale_cktile_16x128x256_1x4x1_16x16x128_intrawave_0x1x0_1,0,2,1008.3716000000005,0.0,passed,
6144,7168,7168,cktile_1_split0,cktile,1,0,a8w8_blockscale_cktile_16x128x256_1x4x1_16x16x128_intrawave_0x1x0_2,0,3,1006.7651020408165,0.0,passed,
6144,7168,7168,cktile_2_split0,cktile,2,0,a8w8_blockscale_cktile_16x128x256_1x4x1_16x16x64_intrawave_0x1x0_1,0,4,1001.4509318181815,0.0,passed,
6144,7168,7168,cktile_3_split0,cktile,3,0,a8w8_blockscale_cktile_16x128x256_1x4x1_16x16x64_intrawave_0x1x0_2,0,5,990.7540000000004,0.0,passed,
6144,7168,7168,cktile_4_split0,cktile,4,0,a8w8_blockscale_cktile_32x128x128_1x4x1_16x16x128_intrawave_0x1x0_1,0,6,713.2492708333335,0.0,passed,
6144,7168,7168,cktile_5_split0,cktile,5,0,a8w8_blockscale_cktile_32x128x128_1x4x1_16x16x128_intrawave_0x1x0_2,0,7,714.6816595744684,0.0,passed,
6144,7168,7168,cktile_6_split0,cktile,6,0,a8w8_blockscale_cktile_32x128x128_1x4x1_16x16x64_intrawave_0x1x0_1,0,8,727.2901428571428,0.0,passed,
6144,7168,7168,cktile_7_split0,cktile,7,0,a8w8_blockscale_cktile_32x128x128_1x4x1_16x16x64_intrawave_0x1x0_2,0,9,716.0984166666667,0.0,passed,
6144,7168,7168,cktile_8_split0,cktile,8,0,a8w8_blockscale_cktile_128x128x128_1x4x1_16x16x128_intrawave_0x1x0_1,0,10,600.7697872340425,0.0,passed,
6144,7168,7168,cktile_9_split0,cktile,9,0,a8w8_blockscale_cktile_128x128x128_1x4x1_16x16x128_intrawave_0x1x0_1,0,11,604.8153265306124,0.0,passed,
6144,7168,7168,cktile_10_split0,cktile,10,0,a8w8_blockscale_cktile_128x128x128_2x2x1_16x16x128_intrawave_0x1x0_2,0,12,567.4410999999999,0.0,passed,
6144,7168,7168,cktile_11_split0,cktile,11,0,a8w8_blockscale_cktile_192x256x128_4x2x1_16x16x128_intrawave_0x1x0_1,0,13,333.0560416666667,0.0,passed,
6144,7168,7168,cktile_12_split0,cktile,12,0,a8w8_blockscale_cktile_192x256x128_4x2x1_16x16x128_intrawave_0x1x0_1_aqrm,0,14,411.01175000000006,0.0,passed,
6144,7168,7168,cktile_13_split0,cktile,13,0,a8w8_blockscale_cktile_16x128x256_1x4x1_16x16x128_intrawave_0x1x0_3,0,15,1006.0755800000012,0.0,passed,
6144,7168,7168,cktile_14_split0,cktile,14,0,a8w8_blockscale_cktile_16x128x256_1x4x1_16x16x128_intrawave_0x1x0_4,0,16,1900.3819523809534,0.0,passed,
6144,7168,7168,cktile_15_split0,cktile,15,0,a8w8_blockscale_cktile_16x128x256_1x4x1_16x16x64_intrawave_0x1x0_3,0,17,986.7733260869563,0.0,passed,
6144,7168,7168,cktile_16_split0,cktile,16,0,a8w8_blockscale_cktile_16x128x256_1x4x1_16x16x64_intrawave_0x1x0_4,0,18,1082.483600000001,0.0,passed,
6144,7168,7168,cktile_17_split0,cktile,17,0,a8w8_blockscale_cktile_32x128x128_1x4x1_16x16x128_intrawave_0x1x0_3,0,19,716.3937142857143,0.0,passed,
6144,7168,7168,cktile_18_split0,cktile,18,0,a8w8_blockscale_cktile_32x128x128_1x4x1_16x16x128_intrawave_0x1x0_4,0,20,711.5969387755102,0.0,passed,
6144,7168,7168,cktile_19_split0,cktile,19,0,a8w8_blockscale_cktile_32x128x128_1x4x1_16x16x64_intrawave_0x1x0_3,0,21,715.7159375000007,0.0,passed,
6144,7168,7168,cktile_20_split0,cktile,20,0,a8w8_blockscale_cktile_32x128x128_1x4x1_16x16x64_intrawave_0x1x0_4,0,22,716.1284583333335,0.0,passed,
6144,7168,7168,cktile_21_split0,cktile,21,0,a8w8_blockscale_cktile_128x128x128_1x4x1_16x16x128_intrawave_0x1x0_2,0,23,602.4272083333333,0.0,passed,
6144,7168,7168,cktile_22_split0,cktile,22,0,a8w8_blockscale_cktile_128x128x128_1x4x1_16x16x128_intrawave_0x1x0_3,0,24,2012.7484897959175,0.0,passed,
6144,7168,7168,cktile_23_split0,cktile,23,0,a8w8_blockscale_cktile_128x128x128_1x4x1_16x16x128_intrawave_0x1x0_4,0,25,2998.1862708333324,0.0,passed,
6144,7168,7168,cktile_24_split0,cktile,24,0,a8w8_blockscale_cktile_128x128x128_2x2x1_16x16x128_intrawave_0x1x0_1,0,26,568.5014489795919,0.0,passed,
6144,7168,7168,cktile_25_split0,cktile,25,0,a8w8_blockscale_cktile_128x128x128_2x2x1_16x16x128_intrawave_0x1x0_3,0,27,2071.7529999999997,0.0,passed,
6144,7168,7168,cktile_26_split0,cktile,26,0,a8w8_blockscale_cktile_128x128x128_2x2x1_16x16x128_intrawave_0x1x0_4,0,28,4433.913895833336,0.0,passed,
6144,7168,7168,cktile_27_split0,cktile,27,0,a8w8_blockscale_cktile_192x256x128_4x2x1_16x16x128_intrawave_0x1x0_2,0,29,333.0942444444445,0.0,passed,
6144,7168,7168,cktile_28_split0,cktile,28,0,a8w8_blockscale_cktile_192x256x128_4x2x1_16x16x128_intrawave_0x1x0_3,0,30,333.89869999999996,0.0,passed,
6144,7168,7168,cktile_29_split0,cktile,29,0,a8w8_blockscale_cktile_192x256x128_4x2x1_16x16x128_intrawave_0x1x0_4,0,31,333.8693541666666,0.0,passed,
6144,7168,7168,cktile_30_split0,cktile,30,0,a8w8_blockscale_cktile_192x256x128_4x2x1_16x16x128_intrawave_0x1x0_2_aqrm,0,32,411.98910638297866,0.0,passed,
6144,7168,7168,cktile_31_split0,cktile,31,0,a8w8_blockscale_cktile_192x256x128_4x2x1_16x16x128_intrawave_0x1x0_3_aqrm,0,33,410.92357777777795,0.0,passed,
6144,7168,7168,cktile_32_split0,cktile,32,0,a8w8_blockscale_cktile_192x256x128_4x2x1_16x16x128_intrawave_0x1x0_4_aqrm,0,34,411.7921632653063,0.0,passed,
6144,7168,7168,opus_9000,opus,9000,0,opus_gemm_gfx950_a8w8_mxscale_gemm_bpreshuffle_256x256x256x128_2x2_16x16x128_1x128x128_tiles1_nooob,0,35,280.9074285714286,0.0,passed,
6144,7168,7168,opus_9010,opus,9010,0,opus_gemm_gfx950_a8w8_mxscale_gemm_bpreshuffle_256x128x128x128_2x2_16x16x128_1x128x128_tiles1_nooob,0,36,402.43038775510206,0.0,passed,
6144,7168,7168,opus_9011,opus,9011,0,opus_gemm_gfx950_a8w8_mxscale_gemm_bpreshuffle_256x64x128x128_2x2_16x16x128_1x128x128_tiles1_nooob,0,37,427.07493999999997,0.0,passed,
6144,7168,7168,opus_9012,opus,9012,0,opus_gemm_gfx950_a8w8_mxscale_gemm_bpreshuffle_256x64x64x128_2x2_16x16x128_1x128x128_tiles1_nooob,0,38,577.9752244897959,0.0,passed,
6144,7168,7168,opus_9020,opus,9020,0,opus_gemm_gfx950_a8w8_mxscale_gemm_bpreshuffle_256x256x256x128_2x2_16x16x128_1x128x128_tiles1,0,39,286.58306521739127,0.0,passed,
6144,7168,7168,ck_0_split0,ck,0,0,a8w8_blockscale_bpreshuffle_1x128x128_256x128x128x128_16x16_16x16_8x32x1_8x32x1_1x32x1x8_8_2x1_intrawave_v3,0,40,414.6454318181817,0.0,passed,
6144,7168,7168,ck_1_split0,ck,1,0,a8w8_blockscale_bpreshuffle_1x128x128_256x64x128x128_16x16_16x16_8x32x1_8x32x1_1x32x1x8_8_2x1_intrawave_v3,0,41,441.7910999999999,0.0,passed,
6144,7168,7168,ck_2_split0,ck,2,0,a8w8_blockscale_bpreshuffle_1x128x128_256x64x64x128_16x16_16x16_8x32x1_8x32x1_1x32x1x8_8_2x1_intrawave_v3,0,42,575.0331428571428,0.0,passed,
6144,7168,7168,ck_3_split0,ck,3,0,a8w8_blockscale_bpreshuffle_1x128x128_256x16x256x128_8x16_16x16_16x16x1_8x32x1_1x16x1x16_8_1x2_intrawave_v1,0,43,1413.4388541666667,0.0,passed,
6144,7168,7168,ck_4_split0,ck,4,0,a8w8_blockscale_bpreshuffle_1x128x128_256x16x128x128_8x16_16x16_16x16x1_8x32x1_1x16x1x16_8_1x2_intrawave_v1,0,44,1013.1882040816321,0.0,passed,
6144,7168,7168,ck_5_split0,ck,5,0,a8w8_blockscale_bpreshuffle_1x128x128_256x16x64x128_8x16_16x16_16x16x1_8x32x1_1x16x1x16_4_1x1_intrawave_v1,0,45,1156.82866,0.0,passed,
6144,7168,7168,ck_6_split0,ck,6,0,a8w8_blockscale_bpreshuffle_1x128x128_256x16x128x256_16x16_16x16_16x16x1_16x16x1_1x16x1x16_8_1x2_intrawave_v1,0,46,972.8997916666664,0.0,passed,
6144,7168,7168,ck_7_split0,ck,7,0,a8w8_blockscale_bpreshuffle_1x128x128_256x16x64x256_16x16_16x16_16x16x1_16x16x1_1x16x1x16_4_1x1_intrawave_v1,0,47,1111.530510204082,0.0,passed,
6144,7168,7168,ck_8_split0,ck,8,0,a8w8_blockscale_bpreshuffle_1x128x128_256x32x256x128_16x16_16x16_8x32x1_8x32x1_1x32x1x8_8_2x1_intrawave_v1,0,48,628.5741632653063,0.0,passed,
6144,7168,7168,ck_9_split0,ck,9,0,a8w8_blockscale_bpreshuffle_1x128x128_256x32x128x128_16x16_16x16_8x32x1_8x32x1_1x32x1x8_8_2x1_intrawave_v1,0,49,606.0661020408162,0.0,passed,
6144,7168,7168,ck_10_split0,ck,10,0,a8w8_blockscale_bpreshuffle_1x128x128_256x32x64x128_16x16_16x16_8x32x1_8x32x1_1x32x1x8_8_2x1_intrawave_v1,0,50,733.6887399999998,0.0,passed,
6144,7168,7168,ck_11_split0,ck,11,0,a8w8_blockscale_bpreshuffle_1x128x128_256x32x128x256_16x16_16x16_16x16x1_16x16x1_1x32x1x8_8_2x1_intrawave_v1,0,51,606.52972,0.0,passed,
6144,7168,7168,ck_12_split0,ck,12,0,a8w8_blockscale_bpreshuffle_1x128x128_256x32x64x256_16x16_16x16_16x16x1_16x16x1_1x32x1x8_8_2x1_intrawave_v1,0,52,734.7996666666668,0.0,passed,
6144,7168,7168,ck_13_split0,ck,13,0,a8w8_blockscale_bpreshuffle_1x128x128_256x64x256x128_16x16_16x16_8x32x1_8x32x1_1x32x1x8_8_2x1_intrawave_v1,0,53,420.4156600000001,0.0,passed,
6144,7168,7168,ck_14_split0,ck,14,0,a8w8_blockscale_bpreshuffle_1x128x128_256x64x128x128_16x16_16x16_8x32x1_8x32x1_1x32x1x8_8_2x1_intrawave_v1,0,54,434.69313953488364,0.0,passed,
6144,7168,7168,ck_15_split0,ck,15,0,a8w8_blockscale_bpreshuffle_1x128x128_256x64x64x128_16x16_16x16_8x32x1_8x32x1_1x32x1x8_8_2x1_intrawave_v1,0,55,564.2183265306123,0.0,passed,
6144,7168,7168,ck_16_split0,ck,16,0,a8w8_blockscale_bpreshuffle_1x128x128_256x64x128x256_16x16_16x16_16x16x1_16x16x1_1x32x1x8_8_2x1_intrawave_v1,1,0,483.54559183673473,0.0,passed,
6144,7168,7168,ck_15_split0,ck,15,0,a8w8_blockscale_bpreshuffle_1x128x128_256x64x64x128_16x16_16x16_8x32x1_8x32x1_1x32x1x8_8_2x1_intrawave_v1,1,1,562.6017608695655,0.0,passed,
6144,7168,7168,ck_14_split0,ck,14,0,a8w8_blockscale_bpreshuffle_1x128x128_256x64x128x128_16x16_16x16_8x32x1_8x32x1_1x32x1x8_8_2x1_intrawave_v1,1,2,435.1508043478263,0.0,passed,
6144,7168,7168,ck_13_split0,ck,13,0,a8w8_blockscale_bpreshuffle_1x128x128_256x64x256x128_16x16_16x16_8x32x1_8x32x1_1x32x1x8_8_2x1_intrawave_v1,1,3,419.04206,0.0,passed,
6144,7168,7168,ck_12_split0,ck,12,0,a8w8_blockscale_bpreshuffle_1x128x128_256x32x64x256_16x16_16x16_16x16x1_16x16x1_1x32x1x8_8_2x1_intrawave_v1,1,4,734.0088510638294,0.0,passed,
6144,7168,7168,ck_11_split0,ck,11,0,a8w8_blockscale_bpreshuffle_1x128x128_256x32x128x256_16x16_16x16_16x16x1_16x16x1_1x32x1x8_8_2x1_intrawave_v1,1,5,602.8497000000001,0.0,passed,
6144,7168,7168,ck_10_split0,ck,10,0,a8w8_blockscale_bpreshuffle_1x128x128_256x32x64x128_16x16_16x16_8x32x1_8x32x1_1x32x1x8_8_2x1_intrawave_v1,1,6,731.5629375000002,0.0,passed,
6144,7168,7168,ck_9_split0,ck,9,0,a8w8_blockscale_bpreshuffle_1x128x128_256x32x128x128_16x16_16x16_8x32x1_8x32x1_1x32x1x8_8_2x1_intrawave_v1,1,7,606.731448979592,0.0,passed,
6144,7168,7168,ck_8_split0,ck,8,0,a8w8_blockscale_bpreshuffle_1x128x128_256x32x256x128_16x16_16x16_8x32x1_8x32x1_1x32x1x8_8_2x1_intrawave_v1,1,8,617.3964680851064,0.0,passed,
6144,7168,7168,ck_7_split0,ck,7,0,a8w8_blockscale_bpreshuffle_1x128x128_256x16x64x256_16x16_16x16_16x16x1_16x16x1_1x16x1x16_4_1x1_intrawave_v1,1,9,1107.3474680851061,0.0,passed,
6144,7168,7168,ck_6_split0,ck,6,0,a8w8_blockscale_bpreshuffle_1x128x128_256x16x128x256_16x16_16x16_16x16x1_16x16x1_1x16x1x16_8_1x2_intrawave_v1,1,10,976.7290416666665,0.0,passed,
6144,7168,7168,ck_5_split0,ck,5,0,a8w8_blockscale_bpreshuffle_1x128x128_256x16x64x128_8x16_16x16_16x16x1_8x32x1_1x16x1x16_4_1x1_intrawave_v1,1,11,1144.6687446808514,0.0,passed,
6144,7168,7168,ck_4_split0,ck,4,0,a8w8_blockscale_bpreshuffle_1x128x128_256x16x128x128_8x16_16x16_16x16x1_8x32x1_1x16x1x16_8_1x2_intrawave_v1,1,12,1015.5761041666669,0.0,passed,
6144,7168,7168,ck_3_split0,ck,3,0,a8w8_blockscale_bpreshuffle_1x128x128_256x16x256x128_8x16_16x16_16x16x1_8x32x1_1x16x1x16_8_1x2_intrawave_v1,1,13,1380.5319199999992,0.0,passed,
6144,7168,7168,ck_2_split0,ck,2,0,a8w8_blockscale_bpreshuffle_1x128x128_256x64x64x128_16x16_16x16_8x32x1_8x32x1_1x32x1x8_8_2x1_intrawave_v3,1,14,573.1532173913043,0.0,passed,
6144,7168,7168,ck_1_split0,ck,1,0,a8w8_blockscale_bpreshuffle_1x128x128_256x64x128x128_16x16_16x16_8x32x1_8x32x1_1x32x1x8_8_2x1_intrawave_v3,1,15,440.76639583333326,0.0,passed,
6144,7168,7168,ck_0_split0,ck,0,0,a8w8_blockscale_bpreshuffle_1x128x128_256x128x128x128_16x16_16x16_8x32x1_8x32x1_1x32x1x8_8_2x1_intrawave_v3,1,16,412.4944772727271,0.0,passed,
6144,7168,7168,opus_9020,opus,9020,0,opus_gemm_gfx950_a8w8_mxscale_gemm_bpreshuffle_256x256x256x128_2x2_16x16x128_1x128x128_tiles1,1,17,286.17663829787233,0.0,passed,
6144,7168,7168,opus_9012,opus,9012,0,opus_gemm_gfx950_a8w8_mxscale_gemm_bpreshuffle_256x64x64x128_2x2_16x16x128_1x128x128_tiles1_nooob,1,18,578.007,0.0,passed,
6144,7168,7168,opus_9011,opus,9011,0,opus_gemm_gfx950_a8w8_mxscale_gemm_bpreshuffle_256x64x128x128_2x2_16x16x128_1x128x128_tiles1_nooob,1,19,425.42076595744686,0.0,passed,
6144,7168,7168,opus_9010,opus,9010,0,opus_gemm_gfx950_a8w8_mxscale_gemm_bpreshuffle_256x128x128x128_2x2_16x16x128_1x128x128_tiles1_nooob,1,20,398.99222000000003,0.0,passed,
6144,7168,7168,opus_9000,opus,9000,0,opus_gemm_gfx950_a8w8_mxscale_gemm_bpreshuffle_256x256x256x128_2x2_16x16x128_1x128x128_tiles1_nooob,1,21,280.68295744680853,0.0,passed,
6144,7168,7168,cktile_32_split0,cktile,32,0,a8w8_blockscale_cktile_192x256x128_4x2x1_16x16x128_intrawave_0x1x0_4_aqrm,1,22,412.0476530612244,0.0,passed,
6144,7168,7168,cktile_31_split0,cktile,31,0,a8w8_blockscale_cktile_192x256x128_4x2x1_16x16x128_intrawave_0x1x0_3_aqrm,1,23,411.5129387755102,0.0,passed,
6144,7168,7168,cktile_30_split0,cktile,30,0,a8w8_blockscale_cktile_192x256x128_4x2x1_16x16x128_intrawave_0x1x0_2_aqrm,1,24,412.4537872340426,0.0,passed,
6144,7168,7168,cktile_29_split0,cktile,29,0,a8w8_blockscale_cktile_192x256x128_4x2x1_16x16x128_intrawave_0x1x0_4,1,25,332.81493877551026,0.0,passed,
6144,7168,7168,cktile_28_split0,cktile,28,0,a8w8_blockscale_cktile_192x256x128_4x2x1_16x16x128_intrawave_0x1x0_3,1,26,333.5460208333333,0.0,passed,
6144,7168,7168,cktile_27_split0,cktile,27,0,a8w8_blockscale_cktile_192x256x128_4x2x1_16x16x128_intrawave_0x1x0_2,1,27,332.6867755102041,0.0,passed,
6144,7168,7168,cktile_26_split0,cktile,26,0,a8w8_blockscale_cktile_128x128x128_2x2x1_16x16x128_intrawave_0x1x0_4,1,28,4432.592187500003,0.0,passed,
6144,7168,7168,cktile_25_split0,cktile,25,0,a8w8_blockscale_cktile_128x128x128_2x2x1_16x16x128_intrawave_0x1x0_3,1,29,2071.9130000000014,0.0,passed,
6144,7168,7168,cktile_24_split0,cktile,24,0,a8w8_blockscale_cktile_128x128x128_2x2x1_16x16x128_intrawave_0x1x0_1,1,30,569.5904489795918,0.0,passed,
6144,7168,7168,cktile_23_split0,cktile,23,0,a8w8_blockscale_cktile_128x128x128_1x4x1_16x16x128_intrawave_0x1x0_4,1,31,2998.818531914894,0.0,passed,
6144,7168,7168,cktile_22_split0,cktile,22,0,a8w8_blockscale_cktile_128x128x128_1x4x1_16x16x128_intrawave_0x1x0_3,1,32,2009.5620434782597,0.0,passed,
6144,7168,7168,cktile_21_split0,cktile,21,0,a8w8_blockscale_cktile_128x128x128_1x4x1_16x16x128_intrawave_0x1x0_2,1,33,601.2356938775512,0.0,passed,
6144,7168,7168,cktile_20_split0,cktile,20,0,a8w8_blockscale_cktile_32x128x128_1x4x1_16x16x64_intrawave_0x1x0_4,1,34,719.4092448979587,0.0,passed,
6144,7168,7168,cktile_19_split0,cktile,19,0,a8w8_blockscale_cktile_32x128x128_1x4x1_16x16x64_intrawave_0x1x0_3,1,35,718.2974081632653,0.0,passed,
6144,7168,7168,cktile_18_split0,cktile,18,0,a8w8_blockscale_cktile_32x128x128_1x4x1_16x16x128_intrawave_0x1x0_4,1,36,712.4287755102039,0.0,passed,
6144,7168,7168,cktile_17_split0,cktile,17,0,a8w8_blockscale_cktile_32x128x128_1x4x1_16x16x128_intrawave_0x1x0_3,1,37,716.8795600000005,0.0,passed,
6144,7168,7168,cktile_16_split0,cktile,16,0,a8w8_blockscale_cktile_16x128x256_1x4x1_16x16x64_intrawave_0x1x0_4,1,38,1081.8356000000008,0.0,passed,
6144,7168,7168,cktile_15_split0,cktile,15,0,a8w8_blockscale_cktile_16x128x256_1x4x1_16x16x64_intrawave_0x1x0_3,1,39,988.7640816326526,0.0,passed,
6144,7168,7168,cktile_14_split0,cktile,14,0,a8w8_blockscale_cktile_16x128x256_1x4x1_16x16x128_intrawave_0x1x0_4,1,40,1901.3651627906975,0.0,passed,
6144,7168,7168,cktile_13_split0,cktile,13,0,a8w8_blockscale_cktile_16x128x256_1x4x1_16x16x128_intrawave_0x1x0_3,1,41,1007.2179800000004,0.0,passed,
6144,7168,7168,cktile_12_split0,cktile,12,0,a8w8_blockscale_cktile_192x256x128_4x2x1_16x16x128_intrawave_0x1x0_1_aqrm,1,42,413.1453478260869,0.0,passed,
6144,7168,7168,cktile_11_split0,cktile,11,0,a8w8_blockscale_cktile_192x256x128_4x2x1_16x16x128_intrawave_0x1x0_1,1,43,333.61685416666666,0.0,passed,
6144,7168,7168,cktile_10_split0,cktile,10,0,a8w8_blockscale_cktile_128x128x128_2x2x1_16x16x128_intrawave_0x1x0_2,1,44,569.4534090909091,0.0,passed,
6144,7168,7168,cktile_9_split0,cktile,9,0,a8w8_blockscale_cktile_128x128x128_1x4x1_16x16x128_intrawave_0x1x0_1,1,45,601.5391489361698,0.0,passed,
6144,7168,7168,cktile_8_split0,cktile,8,0,a8w8_blockscale_cktile_128x128x128_1x4x1_16x16x128_intrawave_0x1x0_1,1,46,602.9021875,0.0,passed,
6144,7168,7168,cktile_7_split0,cktile,7,0,a8w8_blockscale_cktile_32x128x128_1x4x1_16x16x64_intrawave_0x1x0_2,1,47,716.8842916666667,0.0,passed,
6144,7168,7168,cktile_6_split0,cktile,6,0,a8w8_blockscale_cktile_32x128x128_1x4x1_16x16x64_intrawave_0x1x0_1,1,48,724.9007551020404,0.0,passed,
6144,7168,7168,cktile_5_split0,cktile,5,0,a8w8_blockscale_cktile_32x128x128_1x4x1_16x16x128_intrawave_0x1x0_2,1,49,713.1311304347826,0.0,passed,
6144,7168,7168,cktile_4_split0,cktile,4,0,a8w8_blockscale_cktile_32x128x128_1x4x1_16x16x128_intrawave_0x1x0_1,1,50,718.2755799999999,0.0,passed,
6144,7168,7168,cktile_3_split0,cktile,3,0,a8w8_blockscale_cktile_16x128x256_1x4x1_16x16x64_intrawave_0x1x0_2,1,51,984.951543478261,0.0,passed,
6144,7168,7168,cktile_2_split0,cktile,2,0,a8w8_blockscale_cktile_16x128x256_1x4x1_16x16x64_intrawave_0x1x0_1,1,52,1002.4402222222232,0.0,passed,
6144,7168,7168,cktile_1_split0,cktile,1,0,a8w8_blockscale_cktile_16x128x256_1x4x1_16x16x128_intrawave_0x1x0_2,1,53,1005.4524791666659,0.0,passed,
6144,7168,7168,cktile_0_split0,cktile,0,0,a8w8_blockscale_cktile_16x128x256_1x4x1_16x16x128_intrawave_0x1x0_1,1,54,1007.3251800000002,0.0,passed,
6144,7168,7168,ck_17_split0,ck,17,0,a8w8_blockscale_bpreshuffle_1x128x128_256x64x64x256_16x16_16x16_16x16x1_16x16x1_1x32x1x8_8_2x1_intrawave_v1,1,55,614.2510434782607,0.0,passed,
6144,7168,7168,cktile_0_split0,cktile,0,0,a8w8_blockscale_cktile_16x128x256_1x4x1_16x16x128_intrawave_0x1x0_1,2,0,1004.5723400000003,0.0,passed,
6144,7168,7168,cktile_1_split0,cktile,1,0,a8w8_blockscale_cktile_16x128x256_1x4x1_16x16x128_intrawave_0x1x0_2,2,1,993.1353863636363,0.0,passed,
6144,7168,7168,cktile_2_split0,cktile,2,0,a8w8_blockscale_cktile_16x128x256_1x4x1_16x16x64_intrawave_0x1x0_1,2,2,999.6678085106388,0.0,passed,
6144,7168,7168,cktile_3_split0,cktile,3,0,a8w8_blockscale_cktile_16x128x256_1x4x1_16x16x64_intrawave_0x1x0_2,2,3,988.3998124999999,0.0,passed,
6144,7168,7168,cktile_4_split0,cktile,4,0,a8w8_blockscale_cktile_32x128x128_1x4x1_16x16x128_intrawave_0x1x0_1,2,4,715.9610612244894,0.0,passed,
6144,7168,7168,cktile_5_split0,cktile,5,0,a8w8_blockscale_cktile_32x128x128_1x4x1_16x16x128_intrawave_0x1x0_2,2,5,714.5475200000002,0.0,passed,
6144,7168,7168,cktile_6_split0,cktile,6,0,a8w8_blockscale_cktile_32x128x128_1x4x1_16x16x64_intrawave_0x1x0_1,2,6,725.2613404255317,0.0,passed,
6144,7168,7168,cktile_7_split0,cktile,7,0,a8w8_blockscale_cktile_32x128x128_1x4x1_16x16x64_intrawave_0x1x0_2,2,7,719.1579799999998,0.0,passed,
6144,7168,7168,cktile_8_split0,cktile,8,0,a8w8_blockscale_cktile_128x128x128_1x4x1_16x16x128_intrawave_0x1x0_1,2,8,604.2021086956523,0.0,passed,
6144,7168,7168,cktile_9_split0,cktile,9,0,a8w8_blockscale_cktile_128x128x128_1x4x1_16x16x128_intrawave_0x1x0_1,2,9,601.8536530612245,0.0,passed,
6144,7168,7168,cktile_10_split0,cktile,10,0,a8w8_blockscale_cktile_128x128x128_2x2x1_16x16x128_intrawave_0x1x0_2,2,10,567.9145102040816,0.0,passed,
6144,7168,7168,cktile_11_split0,cktile,11,0,a8w8_blockscale_cktile_192x256x128_4x2x1_16x16x128_intrawave_0x1x0_1,2,11,333.70477551020406,0.0,passed,
6144,7168,7168,cktile_12_split0,cktile,12,0,a8w8_blockscale_cktile_192x256x128_4x2x1_16x16x128_intrawave_0x1x0_1_aqrm,2,12,412.92941666666655,0.0,passed,
6144,7168,7168,cktile_13_split0,cktile,13,0,a8w8_blockscale_cktile_16x128x256_1x4x1_16x16x128_intrawave_0x1x0_3,2,13,1008.01478,0.0,passed,
6144,7168,7168,cktile_14_split0,cktile,14,0,a8w8_blockscale_cktile_16x128x256_1x4x1_16x16x128_intrawave_0x1x0_4,2,14,1899.627441860465,0.0,passed,
6144,7168,7168,cktile_15_split0,cktile,15,0,a8w8_blockscale_cktile_16x128x256_1x4x1_16x16x64_intrawave_0x1x0_3,2,15,985.1209333333329,0.0,passed,
6144,7168,7168,cktile_16_split0,cktile,16,0,a8w8_blockscale_cktile_16x128x256_1x4x1_16x16x64_intrawave_0x1x0_4,2,16,1081.4812199999997,0.0,passed,
6144,7168,7168,cktile_17_split0,cktile,17,0,a8w8_blockscale_cktile_32x128x128_1x4x1_16x16x128_intrawave_0x1x0_3,2,17,714.34994,0.0,passed,
6144,7168,7168,cktile_18_split0,cktile,18,0,a8w8_blockscale_cktile_32x128x128_1x4x1_16x16x128_intrawave_0x1x0_4,2,18,716.3447346938779,0.0,passed,
6144,7168,7168,cktile_19_split0,cktile,19,0,a8w8_blockscale_cktile_32x128x128_1x4x1_16x16x64_intrawave_0x1x0_3,2,19,716.0817021276598,0.0,passed,
6144,7168,7168,cktile_20_split0,cktile,20,0,a8w8_blockscale_cktile_32x128x128_1x4x1_16x16x64_intrawave_0x1x0_4,2,20,718.7403799999994,0.0,passed,
6144,7168,7168,cktile_21_split0,cktile,21,0,a8w8_blockscale_cktile_128x128x128_1x4x1_16x16x128_intrawave_0x1x0_2,2,21,600.4622599999999,0.0,passed,
6144,7168,7168,cktile_22_split0,cktile,22,0,a8w8_blockscale_cktile_128x128x128_1x4x1_16x16x128_intrawave_0x1x0_3,2,22,2005.0798510638306,0.0,passed,
6144,7168,7168,cktile_23_split0,cktile,23,0,a8w8_blockscale_cktile_128x128x128_1x4x1_16x16x128_intrawave_0x1x0_4,2,23,2998.9419148936145,0.0,passed,
6144,7168,7168,cktile_24_split0,cktile,24,0,a8w8_blockscale_cktile_128x128x128_2x2x1_16x16x128_intrawave_0x1x0_1,2,24,565.7359583333334,0.0,passed,
6144,7168,7168,cktile_25_split0,cktile,25,0,a8w8_blockscale_cktile_128x128x128_2x2x1_16x16x128_intrawave_0x1x0_3,2,25,2072.717666666667,0.0,passed,
6144,7168,7168,cktile_26_split0,cktile,26,0,a8w8_blockscale_cktile_128x128x128_2x2x1_16x16x128_intrawave_0x1x0_4,2,26,4434.0080625,0.0,passed,
6144,7168,7168,cktile_27_split0,cktile,27,0,a8w8_blockscale_cktile_192x256x128_4x2x1_16x16x128_intrawave_0x1x0_2,2,27,333.8493749999999,0.0,passed,
6144,7168,7168,cktile_28_split0,cktile,28,0,a8w8_blockscale_cktile_192x256x128_4x2x1_16x16x128_intrawave_0x1x0_3,2,28,333.74770833333326,0.0,passed,
6144,7168,7168,cktile_29_split0,cktile,29,0,a8w8_blockscale_cktile_192x256x128_4x2x1_16x16x128_intrawave_0x1x0_4,2,29,334.0851200000001,0.0,passed,
6144,7168,7168,cktile_30_split0,cktile,30,0,a8w8_blockscale_cktile_192x256x128_4x2x1_16x16x128_intrawave_0x1x0_2_aqrm,2,30,412.02939583333347,0.0,passed,
6144,7168,7168,cktile_31_split0,cktile,31,0,a8w8_blockscale_cktile_192x256x128_4x2x1_16x16x128_intrawave_0x1x0_3_aqrm,2,31,411.83165957446806,0.0,passed,
6144,7168,7168,cktile_32_split0,cktile,32,0,a8w8_blockscale_cktile_192x256x128_4x2x1_16x16x128_intrawave_0x1x0_4_aqrm,2,32,412.9510833333334,0.0,passed,
6144,7168,7168,opus_9000,opus,9000,0,opus_gemm_gfx950_a8w8_mxscale_gemm_bpreshuffle_256x256x256x128_2x2_16x16x128_1x128x128_tiles1_nooob,2,33,280.43129166666677,0.0,passed,
6144,7168,7168,opus_9010,opus,9010,0,opus_gemm_gfx950_a8w8_mxscale_gemm_bpreshuffle_256x128x128x128_2x2_16x16x128_1x128x128_tiles1_nooob,2,34,400.2769183673467,0.0,passed,
6144,7168,7168,opus_9011,opus,9011,0,opus_gemm_gfx950_a8w8_mxscale_gemm_bpreshuffle_256x64x128x128_2x2_16x16x128_1x128x128_tiles1_nooob,2,35,428.11573999999985,0.0,passed,
6144,7168,7168,opus_9012,opus,9012,0,opus_gemm_gfx950_a8w8_mxscale_gemm_bpreshuffle_256x64x64x128_2x2_16x16x128_1x128x128_tiles1_nooob,2,36,578.58862,0.0,passed,
6144,7168,7168,opus_9020,opus,9020,0,opus_gemm_gfx950_a8w8_mxscale_gemm_bpreshuffle_256x256x256x128_2x2_16x16x128_1x128x128_tiles1,2,37,286.8146666666666,0.0,passed,
6144,7168,7168,ck_0_split0,ck,0,0,a8w8_blockscale_bpreshuffle_1x128x128_256x128x128x128_16x16_16x16_8x32x1_8x32x1_1x32x1x8_8_2x1_intrawave_v3,2,38,416.63612499999994,0.0,passed,
6144,7168,7168,ck_1_split0,ck,1,0,a8w8_blockscale_bpreshuffle_1x128x128_256x64x128x128_16x16_16x16_8x32x1_8x32x1_1x32x1x8_8_2x1_intrawave_v3,2,39,443.47412244897964,0.0,passed,
6144,7168,7168,ck_2_split0,ck,2,0,a8w8_blockscale_bpreshuffle_1x128x128_256x64x64x128_16x16_16x16_8x32x1_8x32x1_1x32x1x8_8_2x1_intrawave_v3,2,40,571.3995,0.0,passed,
6144,7168,7168,ck_3_split0,ck,3,0,a8w8_blockscale_bpreshuffle_1x128x128_256x16x256x128_8x16_16x16_16x16x1_8x32x1_1x16x1x16_8_1x2_intrawave_v1,2,41,1402.7993799999995,0.0,passed,
6144,7168,7168,ck_4_split0,ck,4,0,a8w8_blockscale_bpreshuffle_1x128x128_256x16x128x128_8x16_16x16_16x16x1_8x32x1_1x16x1x16_8_1x2_intrawave_v1,2,42,1015.0827499999997,0.0,passed,
6144,7168,7168,ck_5_split0,ck,5,0,a8w8_blockscale_bpreshuffle_1x128x128_256x16x64x128_8x16_16x16_16x16x1_8x32x1_1x16x1x16_4_1x1_intrawave_v1,2,43,1149.4236808510639,0.0,passed,
6144,7168,7168,ck_6_split0,ck,6,0,a8w8_blockscale_bpreshuffle_1x128x128_256x16x128x256_16x16_16x16_16x16x1_16x16x1_1x16x1x16_8_1x2_intrawave_v1,2,44,977.7473333333336,0.0,passed,
6144,7168,7168,ck_7_split0,ck,7,0,a8w8_blockscale_bpreshuffle_1x128x128_256x16x64x256_16x16_16x16_16x16x1_16x16x1_1x16x1x16_4_1x1_intrawave_v1,2,45,1108.481291666667,0.0,passed,
6144,7168,7168,ck_8_split0,ck,8,0,a8w8_blockscale_bpreshuffle_1x128x128_256x32x256x128_16x16_16x16_8x32x1_8x32x1_1x32x1x8_8_2x1_intrawave_v1,2,46,614.0501521739133,0.0,passed,
6144,7168,7168,ck_9_split0,ck,9,0,a8w8_blockscale_bpreshuffle_1x128x128_256x32x128x128_16x16_16x16_8x32x1_8x32x1_1x32x1x8_8_2x1_intrawave_v1,2,47,604.301021276596,0.0,passed,
6144,7168,7168,ck_10_split0,ck,10,0,a8w8_blockscale_bpreshuffle_1x128x128_256x32x64x128_16x16_16x16_8x32x1_8x32x1_1x32x1x8_8_2x1_intrawave_v1,2,48,730.0497999999999,0.0,passed,
6144,7168,7168,ck_11_split0,ck,11,0,a8w8_blockscale_bpreshuffle_1x128x128_256x32x128x256_16x16_16x16_16x16x1_16x16x1_1x32x1x8_8_2x1_intrawave_v1,2,49,603.2056808510638,0.0,passed,
6144,7168,7168,ck_12_split0,ck,12,0,a8w8_blockscale_bpreshuffle_1x128x128_256x32x64x256_16x16_16x16_16x16x1_16x16x1_1x32x1x8_8_2x1_intrawave_v1,2,50,732.728,0.0,passed,
6144,7168,7168,ck_13_split0,ck,13,0,a8w8_blockscale_bpreshuffle_1x128x128_256x64x256x128_16x16_16x16_8x32x1_8x32x1_1x32x1x8_8_2x1_intrawave_v1,2,51,421.7269,0.0,passed,
6144,7168,7168,ck_14_split0,ck,14,0,a8w8_blockscale_bpreshuffle_1x128x128_256x64x128x128_16x16_16x16_8x32x1_8x32x1_1x32x1x8_8_2x1_intrawave_v1,2,52,433.7806666666666,0.0,passed,
6144,7168,7168,ck_15_split0,ck,15,0,a8w8_blockscale_bpreshuffle_1x128x128_256x64x64x128_16x16_16x16_8x32x1_8x32x1_1x32x1x8_8_2x1_intrawave_v1,2,53,560.3558837209303,0.0,passed,
6144,7168,7168,ck_16_split0,ck,16,0,a8w8_blockscale_bpreshuffle_1x128x128_256x64x128x256_16x16_16x16_16x16x1_16x16x1_1x32x1x8_8_2x1_intrawave_v1,2,54,484.7227083333334,0.0,passed,
6144,7168,7168,ck_17_split0,ck,17,0,a8w8_blockscale_bpreshuffle_1x128x128_256x64x64x256_16x16_16x16_16x16x1_16x16x1_1x32x1x8_8_2x1_intrawave_v1,2,55,619.5266799999999,0.0,passed,
57344,7168,7168,ck_17_split0,ck,17,0,a8w8_blockscale_bpreshuffle_1x128x128_256x64x64x256_16x16_16x16_16x16x1_16x16x1_1x32x1x8_8_2x1_intrawave_v1,0,0,5628.722300000001,0.0,passed,
57344,7168,7168,cktile_0_split0,cktile,0,0,a8w8_blockscale_cktile_16x128x256_1x4x1_16x16x128_intrawave_0x1x0_1,0,1,9200.08594,0.0,passed,
57344,7168,7168,cktile_1_split0,cktile,1,0,a8w8_blockscale_cktile_16x128x256_1x4x1_16x16x128_intrawave_0x1x0_2,0,2,9200.451387755107,0.0,passed,
57344,7168,7168,cktile_2_split0,cktile,2,0,a8w8_blockscale_cktile_16x128x256_1x4x1_16x16x64_intrawave_0x1x0_1,0,3,9233.516819999997,0.0,passed,
57344,7168,7168,cktile_3_split0,cktile,3,0,a8w8_blockscale_cktile_16x128x256_1x4x1_16x16x64_intrawave_0x1x0_2,0,4,9050.6899,0.0,passed,
57344,7168,7168,cktile_4_split0,cktile,4,0,a8w8_blockscale_cktile_32x128x128_1x4x1_16x16x128_intrawave_0x1x0_1,0,5,6447.0838958333325,0.0,passed,
57344,7168,7168,cktile_5_split0,cktile,5,0,a8w8_blockscale_cktile_32x128x128_1x4x1_16x16x128_intrawave_0x1x0_2,0,6,6448.554540000001,0.0,passed,
57344,7168,7168,cktile_6_split0,cktile,6,0,a8w8_blockscale_cktile_32x128x128_1x4x1_16x16x64_intrawave_0x1x0_1,0,7,6594.24574,0.0,passed,
57344,7168,7168,cktile_7_split0,cktile,7,0,a8w8_blockscale_cktile_32x128x128_1x4x1_16x16x64_intrawave_0x1x0_2,0,8,6490.966239999997,0.0,passed,
57344,7168,7168,cktile_8_split0,cktile,8,0,a8w8_blockscale_cktile_128x128x128_1x4x1_16x16x128_intrawave_0x1x0_1,0,9,5094.848183673469,0.0,passed,
57344,7168,7168,cktile_9_split0,cktile,9,0,a8w8_blockscale_cktile_128x128x128_1x4x1_16x16x128_intrawave_0x1x0_1,0,10,5096.1619,0.0,passed,
57344,7168,7168,cktile_10_split0,cktile,10,0,a8w8_blockscale_cktile_128x128x128_2x2x1_16x16x128_intrawave_0x1x0_2,0,11,4930.666480000003,0.0,passed,
57344,7168,7168,cktile_11_split0,cktile,11,0,a8w8_blockscale_cktile_192x256x128_4x2x1_16x16x128_intrawave_0x1x0_1,0,12,2736.227770833335,0.0,passed,
57344,7168,7168,cktile_12_split0,cktile,12,0,a8w8_blockscale_cktile_192x256x128_4x2x1_16x16x128_intrawave_0x1x0_1_aqrm,0,13,3358.0721249999974,0.0,passed,
57344,7168,7168,cktile_13_split0,cktile,13,0,a8w8_blockscale_cktile_16x128x256_1x4x1_16x16x128_intrawave_0x1x0_3,0,14,9239.579280000004,0.0,passed,
57344,7168,7168,cktile_14_split0,cktile,14,0,a8w8_blockscale_cktile_16x128x256_1x4x1_16x16x128_intrawave_0x1x0_4,0,15,17562.85186000001,0.0,passed,
57344,7168,7168,cktile_15_split0,cktile,15,0,a8w8_blockscale_cktile_16x128x256_1x4x1_16x16x64_intrawave_0x1x0_3,0,16,9052.358739130437,0.0,passed,
57344,7168,7168,cktile_16_split0,cktile,16,0,a8w8_blockscale_cktile_16x128x256_1x4x1_16x16x64_intrawave_0x1x0_4,0,17,10036.330520000003,0.0,passed,
57344,7168,7168,cktile_17_split0,cktile,17,0,a8w8_blockscale_cktile_32x128x128_1x4x1_16x16x128_intrawave_0x1x0_3,0,18,6449.180020408165,0.0,passed,
57344,7168,7168,cktile_18_split0,cktile,18,0,a8w8_blockscale_cktile_32x128x128_1x4x1_16x16x128_intrawave_0x1x0_4,0,19,6411.047760000003,0.0,passed,
57344,7168,7168,cktile_19_split0,cktile,19,0,a8w8_blockscale_cktile_32x128x128_1x4x1_16x16x64_intrawave_0x1x0_3,0,20,6486.146000000002,0.0,passed,
57344,7168,7168,cktile_20_split0,cktile,20,0,a8w8_blockscale_cktile_32x128x128_1x4x1_16x16x64_intrawave_0x1x0_4,0,21,6491.935920000001,0.0,passed,
57344,7168,7168,cktile_21_split0,cktile,21,0,a8w8_blockscale_cktile_128x128x128_1x4x1_16x16x128_intrawave_0x1x0_2,0,22,5084.471360000003,0.0,passed,
57344,7168,7168,cktile_22_split0,cktile,22,0,a8w8_blockscale_cktile_128x128x128_1x4x1_16x16x128_intrawave_0x1x0_3,0,23,17412.05932608696,0.0,passed,
57344,7168,7168,cktile_23_split0,cktile,23,0,a8w8_blockscale_cktile_128x128x128_1x4x1_16x16x128_intrawave_0x1x0_4,0,24,26343.42739024391,0.0,passed,
57344,7168,7168,cktile_24_split0,cktile,24,0,a8w8_blockscale_cktile_128x128x128_2x2x1_16x16x128_intrawave_0x1x0_1,0,25,4929.86084,0.0,passed,
57344,7168,7168,cktile_25_split0,cktile,25,0,a8w8_blockscale_cktile_128x128x128_2x2x1_16x16x128_intrawave_0x1x0_3,0,26,18004.711785714277,0.0,passed,
57344,7168,7168,cktile_26_split0,cktile,26,0,a8w8_blockscale_cktile_128x128x128_2x2x1_16x16x128_intrawave_0x1x0_4,0,27,38537.88560869566,0.0,passed,
57344,7168,7168,cktile_27_split0,cktile,27,0,a8w8_blockscale_cktile_192x256x128_4x2x1_16x16x128_intrawave_0x1x0_2,0,28,2746.5637291666644,0.0,passed,
57344,7168,7168,cktile_28_split0,cktile,28,0,a8w8_blockscale_cktile_192x256x128_4x2x1_16x16x128_intrawave_0x1x0_3,0,29,2753.7808199999995,0.0,passed,
57344,7168,7168,cktile_29_split0,cktile,29,0,a8w8_blockscale_cktile_192x256x128_4x2x1_16x16x128_intrawave_0x1x0_4,0,30,2752.919387755104,0.0,passed,
57344,7168,7168,cktile_30_split0,cktile,30,0,a8w8_blockscale_cktile_192x256x128_4x2x1_16x16x128_intrawave_0x1x0_2_aqrm,0,31,3362.8740000000007,0.0,passed,
57344,7168,7168,cktile_31_split0,cktile,31,0,a8w8_blockscale_cktile_192x256x128_4x2x1_16x16x128_intrawave_0x1x0_3_aqrm,0,32,3363.187639999998,0.0,passed,
57344,7168,7168,cktile_32_split0,cktile,32,0,a8w8_blockscale_cktile_192x256x128_4x2x1_16x16x128_intrawave_0x1x0_4_aqrm,0,33,3369.307640000001,0.0,passed,
57344,7168,7168,opus_9000,opus,9000,0,opus_gemm_gfx950_a8w8_mxscale_gemm_bpreshuffle_256x256x256x128_2x2_16x16x128_1x128x128_tiles1_nooob,0,34,2284.1035999999995,0.0,passed,
57344,7168,7168,opus_9010,opus,9010,0,opus_gemm_gfx950_a8w8_mxscale_gemm_bpreshuffle_256x128x128x128_2x2_16x16x128_1x128x128_tiles1_nooob,0,35,3702.0169599999995,0.0,passed,
57344,7168,7168,opus_9011,opus,9011,0,opus_gemm_gfx950_a8w8_mxscale_gemm_bpreshuffle_256x64x128x128_2x2_16x16x128_1x128x128_tiles1_nooob,0,36,3981.97774,0.0,passed,
57344,7168,7168,opus_9012,opus,9012,0,opus_gemm_gfx950_a8w8_mxscale_gemm_bpreshuffle_256x64x64x128_2x2_16x16x128_1x128x128_tiles1_nooob,0,37,5457.872166666666,0.0,passed,
57344,7168,7168,opus_9020,opus,9020,0,opus_gemm_gfx950_a8w8_mxscale_gemm_bpreshuffle_256x256x256x128_2x2_16x16x128_1x128x128_tiles1,0,38,2337.2525208333336,0.0,passed,
57344,7168,7168,ck_0_split0,ck,0,0,a8w8_blockscale_bpreshuffle_1x128x128_256x128x128x128_16x16_16x16_8x32x1_8x32x1_1x32x1x8_8_2x1_intrawave_v3,0,39,3679.084719999999,0.0,passed,
57344,7168,7168,ck_1_split0,ck,1,0,a8w8_blockscale_bpreshuffle_1x128x128_256x64x128x128_16x16_16x16_8x32x1_8x32x1_1x32x1x8_8_2x1_intrawave_v3,0,40,4008.87484,0.0,passed,
57344,7168,7168,ck_2_split0,ck,2,0,a8w8_blockscale_bpreshuffle_1x128x128_256x64x64x128_16x16_16x16_8x32x1_8x32x1_1x32x1x8_8_2x1_intrawave_v3,0,41,5217.566999999999,0.0,passed,
57344,7168,7168,ck_3_split0,ck,3,0,a8w8_blockscale_bpreshuffle_1x128x128_256x16x256x128_8x16_16x16_16x16x1_8x32x1_1x16x1x16_8_1x2_intrawave_v1,0,42,17576.20248,0.0,passed,
57344,7168,7168,ck_4_split0,ck,4,0,a8w8_blockscale_bpreshuffle_1x128x128_256x16x128x128_8x16_16x16_16x16x1_8x32x1_1x16x1x16_8_1x2_intrawave_v1,0,43,9696.163755555554,0.0,passed,
57344,7168,7168,ck_5_split0,ck,5,0,a8w8_blockscale_bpreshuffle_1x128x128_256x16x64x128_8x16_16x16_16x16x1_8x32x1_1x16x1x16_4_1x1_intrawave_v1,0,44,10631.922979591835,0.0,passed,
57344,7168,7168,ck_6_split0,ck,6,0,a8w8_blockscale_bpreshuffle_1x128x128_256x16x128x256_16x16_16x16_16x16x1_16x16x1_1x16x1x16_8_1x2_intrawave_v1,0,45,9223.947977272726,0.0,passed,
57344,7168,7168,ck_7_split0,ck,7,0,a8w8_blockscale_bpreshuffle_1x128x128_256x16x64x256_16x16_16x16_16x16x1_16x16x1_1x16x1x16_4_1x1_intrawave_v1,0,46,10232.43604,0.0,passed,
57344,7168,7168,ck_8_split0,ck,8,0,a8w8_blockscale_bpreshuffle_1x128x128_256x32x256x128_16x16_16x16_8x32x1_8x32x1_1x32x1x8_8_2x1_intrawave_v1,0,47,9188.601240000005,0.0,passed,
57344,7168,7168,ck_9_split0,ck,9,0,a8w8_blockscale_bpreshuffle_1x128x128_256x32x128x128_16x16_16x16_8x32x1_8x32x1_1x32x1x8_8_2x1_intrawave_v1,0,48,5526.423086956523,0.0,passed,
57344,7168,7168,ck_10_split0,ck,10,0,a8w8_blockscale_bpreshuffle_1x128x128_256x32x64x128_16x16_16x16_8x32x1_8x32x1_1x32x1x8_8_2x1_intrawave_v1,0,49,6638.112840909089,0.0,passed,
57344,7168,7168,ck_11_split0,ck,11,0,a8w8_blockscale_bpreshuffle_1x128x128_256x32x128x256_16x16_16x16_16x16x1_16x16x1_1x32x1x8_8_2x1_intrawave_v1,0,50,5445.167346938778,0.0,passed,
57344,7168,7168,ck_12_split0,ck,12,0,a8w8_blockscale_bpreshuffle_1x128x128_256x32x64x256_16x16_16x16_16x16x1_16x16x1_1x32x1x8_8_2x1_intrawave_v1,0,51,6674.014489795918,0.0,passed,
57344,7168,7168,ck_13_split0,ck,13,0,a8w8_blockscale_bpreshuffle_1x128x128_256x64x256x128_16x16_16x16_8x32x1_8x32x1_1x32x1x8_8_2x1_intrawave_v1,0,52,3611.6916875000006,0.0,passed,
57344,7168,7168,ck_14_split0,ck,14,0,a8w8_blockscale_bpreshuffle_1x128x128_256x64x128x128_16x16_16x16_8x32x1_8x32x1_1x32x1x8_8_2x1_intrawave_v1,0,53,3942.4076799999993,0.0,passed,
57344,7168,7168,ck_15_split0,ck,15,0,a8w8_blockscale_bpreshuffle_1x128x128_256x64x64x128_16x16_16x16_8x32x1_8x32x1_1x32x1x8_8_2x1_intrawave_v1,0,54,5095.254874999999,0.0,passed,
57344,7168,7168,ck_16_split0,ck,16,0,a8w8_blockscale_bpreshuffle_1x128x128_256x64x128x256_16x16_16x16_16x16x1_16x16x1_1x32x1x8_8_2x1_intrawave_v1,0,55,4325.647959183673,0.0,passed,
57344,7168,7168,ck_17_split0,ck,17,0,a8w8_blockscale_bpreshuffle_1x128x128_256x64x64x256_16x16_16x16_16x16x1_16x16x1_1x32x1x8_8_2x1_intrawave_v1,1,0,5635.144119999998,0.0,passed,
57344,7168,7168,ck_16_split0,ck,16,0,a8w8_blockscale_bpreshuffle_1x128x128_256x64x128x256_16x16_16x16_16x16x1_16x16x1_1x32x1x8_8_2x1_intrawave_v1,1,1,4315.210260000001,0.0,passed,
57344,7168,7168,ck_15_split0,ck,15,0,a8w8_blockscale_bpreshuffle_1x128x128_256x64x64x128_16x16_16x16_8x32x1_8x32x1_1x32x1x8_8_2x1_intrawave_v1,1,2,5108.10708,0.0,passed,
57344,7168,7168,ck_14_split0,ck,14,0,a8w8_blockscale_bpreshuffle_1x128x128_256x64x128x128_16x16_16x16_8x32x1_8x32x1_1x32x1x8_8_2x1_intrawave_v1,1,3,3967.356760000001,0.0,passed,
57344,7168,7168,ck_13_split0,ck,13,0,a8w8_blockscale_bpreshuffle_1x128x128_256x64x256x128_16x16_16x16_8x32x1_8x32x1_1x32x1x8_8_2x1_intrawave_v1,1,4,3609.8758749999984,0.0,passed,
57344,7168,7168,ck_12_split0,ck,12,0,a8w8_blockscale_bpreshuffle_1x128x128_256x32x64x256_16x16_16x16_16x16x1_16x16x1_1x32x1x8_8_2x1_intrawave_v1,1,5,6657.609960000002,0.0,passed,
57344,7168,7168,ck_11_split0,ck,11,0,a8w8_blockscale_bpreshuffle_1x128x128_256x32x128x256_16x16_16x16_16x16x1_16x16x1_1x32x1x8_8_2x1_intrawave_v1,1,6,5434.025863636365,0.0,passed,
57344,7168,7168,ck_10_split0,ck,10,0,a8w8_blockscale_bpreshuffle_1x128x128_256x32x64x128_16x16_16x16_8x32x1_8x32x1_1x32x1x8_8_2x1_intrawave_v1,1,7,6633.2053750000005,0.0,passed,
57344,7168,7168,ck_9_split0,ck,9,0,a8w8_blockscale_bpreshuffle_1x128x128_256x32x128x128_16x16_16x16_8x32x1_8x32x1_1x32x1x8_8_2x1_intrawave_v1,1,8,5507.816704545455,0.0,passed,
57344,7168,7168,ck_8_split0,ck,8,0,a8w8_blockscale_bpreshuffle_1x128x128_256x32x256x128_16x16_16x16_8x32x1_8x32x1_1x32x1x8_8_2x1_intrawave_v1,1,9,9172.817812499998,0.0,passed,
57344,7168,7168,ck_7_split0,ck,7,0,a8w8_blockscale_bpreshuffle_1x128x128_256x16x64x256_16x16_16x16_16x16x1_16x16x1_1x16x1x16_4_1x1_intrawave_v1,1,10,10215.651979999999,0.0,passed,
57344,7168,7168,ck_6_split0,ck,6,0,a8w8_blockscale_bpreshuffle_1x128x128_256x16x128x256_16x16_16x16_16x16x1_16x16x1_1x16x1x16_8_1x2_intrawave_v1,1,11,9344.87331914894,0.0,passed,
57344,7168,7168,ck_5_split0,ck,5,0,a8w8_blockscale_bpreshuffle_1x128x128_256x16x64x128_8x16_16x16_16x16x1_8x32x1_1x16x1x16_4_1x1_intrawave_v1,1,12,10615.23225,0.0,passed,
57344,7168,7168,ck_4_split0,ck,4,0,a8w8_blockscale_bpreshuffle_1x128x128_256x16x128x128_8x16_16x16_16x16x1_8x32x1_1x16x1x16_8_1x2_intrawave_v1,1,13,9827.630999999998,0.0,passed,
57344,7168,7168,ck_3_split0,ck,3,0,a8w8_blockscale_bpreshuffle_1x128x128_256x16x256x128_8x16_16x16_16x16x1_8x32x1_1x16x1x16_8_1x2_intrawave_v1,1,14,17526.162299999996,0.0,passed,
57344,7168,7168,ck_2_split0,ck,2,0,a8w8_blockscale_bpreshuffle_1x128x128_256x64x64x128_16x16_16x16_8x32x1_8x32x1_1x32x1x8_8_2x1_intrawave_v3,1,15,5213.2059,0.0,passed,
57344,7168,7168,ck_1_split0,ck,1,0,a8w8_blockscale_bpreshuffle_1x128x128_256x64x128x128_16x16_16x16_8x32x1_8x32x1_1x32x1x8_8_2x1_intrawave_v3,1,16,4009.038880000002,0.0,passed,
57344,7168,7168,ck_0_split0,ck,0,0,a8w8_blockscale_bpreshuffle_1x128x128_256x128x128x128_16x16_16x16_8x32x1_8x32x1_1x32x1x8_8_2x1_intrawave_v3,1,17,3669.7975000000006,0.0,passed,
57344,7168,7168,opus_9020,opus,9020,0,opus_gemm_gfx950_a8w8_mxscale_gemm_bpreshuffle_256x256x256x128_2x2_16x16x128_1x128x128_tiles1,1,18,2337.7938599999993,0.0,passed,
57344,7168,7168,opus_9012,opus,9012,0,opus_gemm_gfx950_a8w8_mxscale_gemm_bpreshuffle_256x64x64x128_2x2_16x16x128_1x128x128_tiles1_nooob,1,19,5457.994530612245,0.0,passed,
57344,7168,7168,opus_9011,opus,9011,0,opus_gemm_gfx950_a8w8_mxscale_gemm_bpreshuffle_256x64x128x128_2x2_16x16x128_1x128x128_tiles1_nooob,1,20,3969.2184199999965,0.0,passed,
57344,7168,7168,opus_9010,opus,9010,0,opus_gemm_gfx950_a8w8_mxscale_gemm_bpreshuffle_256x128x128x128_2x2_16x16x128_1x128x128_tiles1_nooob,1,21,3716.3012727272708,0.0,passed,
57344,7168,7168,opus_9000,opus,9000,0,opus_gemm_gfx950_a8w8_mxscale_gemm_bpreshuffle_256x256x256x128_2x2_16x16x128_1x128x128_tiles1_nooob,1,22,2284.1492600000006,0.0,passed,
57344,7168,7168,cktile_32_split0,cktile,32,0,a8w8_blockscale_cktile_192x256x128_4x2x1_16x16x128_intrawave_0x1x0_4_aqrm,1,23,3363.7724999999987,0.0,passed,
57344,7168,7168,cktile_31_split0,cktile,31,0,a8w8_blockscale_cktile_192x256x128_4x2x1_16x16x128_intrawave_0x1x0_3_aqrm,1,24,3362.8024680851054,0.0,passed,
57344,7168,7168,cktile_30_split0,cktile,30,0,a8w8_blockscale_cktile_192x256x128_4x2x1_16x16x128_intrawave_0x1x0_2_aqrm,1,25,3362.9917,0.0,passed,
57344,7168,7168,cktile_29_split0,cktile,29,0,a8w8_blockscale_cktile_192x256x128_4x2x1_16x16x128_intrawave_0x1x0_4,1,26,2751.7522826086947,0.0,passed,
57344,7168,7168,cktile_28_split0,cktile,28,0,a8w8_blockscale_cktile_192x256x128_4x2x1_16x16x128_intrawave_0x1x0_3,1,27,2746.0032,0.0,passed,
57344,7168,7168,cktile_27_split0,cktile,27,0,a8w8_blockscale_cktile_192x256x128_4x2x1_16x16x128_intrawave_0x1x0_2,1,28,2751.5944800000016,0.0,passed,
57344,7168,7168,cktile_26_split0,cktile,26,0,a8w8_blockscale_cktile_128x128x128_2x2x1_16x16x128_intrawave_0x1x0_4,1,29,38545.09620833334,0.0,passed,
57344,7168,7168,cktile_25_split0,cktile,25,0,a8w8_blockscale_cktile_128x128x128_2x2x1_16x16x128_intrawave_0x1x0_3,1,30,18006.936999999998,0.0,passed,
57344,7168,7168,cktile_24_split0,cktile,24,0,a8w8_blockscale_cktile_128x128x128_2x2x1_16x16x128_intrawave_0x1x0_1,1,31,4927.412979591837,0.0,passed,
57344,7168,7168,cktile_23_split0,cktile,23,0,a8w8_blockscale_cktile_128x128x128_1x4x1_16x16x128_intrawave_0x1x0_4,1,32,26344.523446808525,0.0,passed,
57344,7168,7168,cktile_22_split0,cktile,22,0,a8w8_blockscale_cktile_128x128x128_1x4x1_16x16x128_intrawave_0x1x0_3,1,33,17416.73781818182,0.0,passed,
57344,7168,7168,cktile_21_split0,cktile,21,0,a8w8_blockscale_cktile_128x128x128_1x4x1_16x16x128_intrawave_0x1x0_2,1,34,5092.085219999999,0.0,passed,
57344,7168,7168,cktile_20_split0,cktile,20,0,a8w8_blockscale_cktile_32x128x128_1x4x1_16x16x64_intrawave_0x1x0_4,1,35,6489.434419999993,0.0,passed,
57344,7168,7168,cktile_19_split0,cktile,19,0,a8w8_blockscale_cktile_32x128x128_1x4x1_16x16x64_intrawave_0x1x0_3,1,36,6490.466439999997,0.0,passed,
57344,7168,7168,cktile_18_split0,cktile,18,0,a8w8_blockscale_cktile_32x128x128_1x4x1_16x16x128_intrawave_0x1x0_4,1,37,6411.542062500003,0.0,passed,
57344,7168,7168,cktile_17_split0,cktile,17,0,a8w8_blockscale_cktile_32x128x128_1x4x1_16x16x128_intrawave_0x1x0_3,1,38,6439.028166666663,0.0,passed,
57344,7168,7168,cktile_16_split0,cktile,16,0,a8w8_blockscale_cktile_16x128x256_1x4x1_16x16x64_intrawave_0x1x0_4,1,39,10087.572673469387,0.0,passed,
57344,7168,7168,cktile_15_split0,cktile,15,0,a8w8_blockscale_cktile_16x128x256_1x4x1_16x16x64_intrawave_0x1x0_3,1,40,9041.216489795917,0.0,passed,
57344,7168,7168,cktile_14_split0,cktile,14,0,a8w8_blockscale_cktile_16x128x256_1x4x1_16x16x128_intrawave_0x1x0_4,1,41,17593.305386363645,0.0,passed,
57344,7168,7168,cktile_13_split0,cktile,13,0,a8w8_blockscale_cktile_16x128x256_1x4x1_16x16x128_intrawave_0x1x0_3,1,42,9249.238100000002,0.0,passed,
57344,7168,7168,cktile_12_split0,cktile,12,0,a8w8_blockscale_cktile_192x256x128_4x2x1_16x16x128_intrawave_0x1x0_1_aqrm,1,43,3361.418940000002,0.0,passed,
57344,7168,7168,cktile_11_split0,cktile,11,0,a8w8_blockscale_cktile_192x256x128_4x2x1_16x16x128_intrawave_0x1x0_1,1,44,2756.0183673469387,0.0,passed,
57344,7168,7168,cktile_10_split0,cktile,10,0,a8w8_blockscale_cktile_128x128x128_2x2x1_16x16x128_intrawave_0x1x0_2,1,45,4950.35126530612,0.0,passed,
57344,7168,7168,cktile_9_split0,cktile,9,0,a8w8_blockscale_cktile_128x128x128_1x4x1_16x16x128_intrawave_0x1x0_1,1,46,5093.440519999998,0.0,passed,
57344,7168,7168,cktile_8_split0,cktile,8,0,a8w8_blockscale_cktile_128x128x128_1x4x1_16x16x128_intrawave_0x1x0_1,1,47,5090.172480000001,0.0,passed,
57344,7168,7168,cktile_7_split0,cktile,7,0,a8w8_blockscale_cktile_32x128x128_1x4x1_16x16x64_intrawave_0x1x0_2,1,48,6488.420100000001,0.0,passed,
57344,7168,7168,cktile_6_split0,cktile,6,0,a8w8_blockscale_cktile_32x128x128_1x4x1_16x16x64_intrawave_0x1x0_1,1,49,6591.232440000003,0.0,passed,
57344,7168,7168,cktile_5_split0,cktile,5,0,a8w8_blockscale_cktile_32x128x128_1x4x1_16x16x128_intrawave_0x1x0_2,1,50,6440.081408163261,0.0,passed,
57344,7168,7168,cktile_4_split0,cktile,4,0,a8w8_blockscale_cktile_32x128x128_1x4x1_16x16x128_intrawave_0x1x0_1,1,51,6438.931559999998,0.0,passed,
57344,7168,7168,cktile_3_split0,cktile,3,0,a8w8_blockscale_cktile_16x128x256_1x4x1_16x16x64_intrawave_0x1x0_2,1,52,9047.824836734695,0.0,passed,
57344,7168,7168,cktile_2_split0,cktile,2,0,a8w8_blockscale_cktile_16x128x256_1x4x1_16x16x64_intrawave_0x1x0_1,1,53,9206.98336734694,0.0,passed,
57344,7168,7168,cktile_1_split0,cktile,1,0,a8w8_blockscale_cktile_16x128x256_1x4x1_16x16x128_intrawave_0x1x0_2,1,54,9218.541040816328,0.0,passed,
57344,7168,7168,cktile_0_split0,cktile,0,0,a8w8_blockscale_cktile_16x128x256_1x4x1_16x16x128_intrawave_0x1x0_1,1,55,9213.870816326535,0.0,passed,
57344,7168,7168,cktile_1_split0,cktile,1,0,a8w8_blockscale_cktile_16x128x256_1x4x1_16x16x128_intrawave_0x1x0_2,2,0,9179.528469387758,0.0,passed,
57344,7168,7168,cktile_2_split0,cktile,2,0,a8w8_blockscale_cktile_16x128x256_1x4x1_16x16x64_intrawave_0x1x0_1,2,1,9209.643102040813,0.0,passed,
57344,7168,7168,cktile_3_split0,cktile,3,0,a8w8_blockscale_cktile_16x128x256_1x4x1_16x16x64_intrawave_0x1x0_2,2,2,9043.907891304338,0.0,passed,
57344,7168,7168,cktile_4_split0,cktile,4,0,a8w8_blockscale_cktile_32x128x128_1x4x1_16x16x128_intrawave_0x1x0_1,2,3,6438.384085106382,0.0,passed,
57344,7168,7168,cktile_5_split0,cktile,5,0,a8w8_blockscale_cktile_32x128x128_1x4x1_16x16x128_intrawave_0x1x0_2,2,4,6442.869270833334,0.0,passed,
57344,7168,7168,cktile_6_split0,cktile,6,0,a8w8_blockscale_cktile_32x128x128_1x4x1_16x16x64_intrawave_0x1x0_1,2,5,6591.563779999994,0.0,passed,
57344,7168,7168,cktile_7_split0,cktile,7,0,a8w8_blockscale_cktile_32x128x128_1x4x1_16x16x64_intrawave_0x1x0_2,2,6,6494.52721739131,0.0,passed,
57344,7168,7168,cktile_8_split0,cktile,8,0,a8w8_blockscale_cktile_128x128x128_1x4x1_16x16x128_intrawave_0x1x0_1,2,7,5100.423899999999,0.0,passed,
57344,7168,7168,cktile_9_split0,cktile,9,0,a8w8_blockscale_cktile_128x128x128_1x4x1_16x16x128_intrawave_0x1x0_1,2,8,5091.745399999999,0.0,passed,
57344,7168,7168,cktile_10_split0,cktile,10,0,a8w8_blockscale_cktile_128x128x128_2x2x1_16x16x128_intrawave_0x1x0_2,2,9,4935.168459999998,0.0,passed,
57344,7168,7168,cktile_11_split0,cktile,11,0,a8w8_blockscale_cktile_192x256x128_4x2x1_16x16x128_intrawave_0x1x0_1,2,10,2748.573595744681,0.0,passed,
57344,7168,7168,cktile_12_split0,cktile,12,0,a8w8_blockscale_cktile_192x256x128_4x2x1_16x16x128_intrawave_0x1x0_1_aqrm,2,11,3358.00382,0.0,passed,
57344,7168,7168,cktile_13_split0,cktile,13,0,a8w8_blockscale_cktile_16x128x256_1x4x1_16x16x128_intrawave_0x1x0_3,2,12,9222.954367346938,0.0,passed,
57344,7168,7168,cktile_14_split0,cktile,14,0,a8w8_blockscale_cktile_16x128x256_1x4x1_16x16x128_intrawave_0x1x0_4,2,13,17583.616772727266,0.0,passed,
57344,7168,7168,cktile_15_split0,cktile,15,0,a8w8_blockscale_cktile_16x128x256_1x4x1_16x16x64_intrawave_0x1x0_3,2,14,9047.724893617027,0.0,passed,
57344,7168,7168,cktile_16_split0,cktile,16,0,a8w8_blockscale_cktile_16x128x256_1x4x1_16x16x64_intrawave_0x1x0_4,2,15,10085.3246,0.0,passed,
57344,7168,7168,cktile_17_split0,cktile,17,0,a8w8_blockscale_cktile_32x128x128_1x4x1_16x16x128_intrawave_0x1x0_3,2,16,6442.774980000003,0.0,passed,
57344,7168,7168,cktile_18_split0,cktile,18,0,a8w8_blockscale_cktile_32x128x128_1x4x1_16x16x128_intrawave_0x1x0_4,2,17,6411.006619999999,0.0,passed,
57344,7168,7168,cktile_19_split0,cktile,19,0,a8w8_blockscale_cktile_32x128x128_1x4x1_16x16x64_intrawave_0x1x0_3,2,18,6492.137960000002,0.0,passed,
57344,7168,7168,cktile_20_split0,cktile,20,0,a8w8_blockscale_cktile_32x128x128_1x4x1_16x16x64_intrawave_0x1x0_4,2,19,6496.765219999997,0.0,passed,
57344,7168,7168,cktile_21_split0,cktile,21,0,a8w8_blockscale_cktile_128x128x128_1x4x1_16x16x128_intrawave_0x1x0_2,2,20,5084.735816326531,0.0,passed,
57344,7168,7168,cktile_22_split0,cktile,22,0,a8w8_blockscale_cktile_128x128x128_1x4x1_16x16x128_intrawave_0x1x0_3,2,21,17414.128523809533,0.0,passed,
57344,7168,7168,cktile_23_split0,cktile,23,0,a8w8_blockscale_cktile_128x128x128_1x4x1_16x16x128_intrawave_0x1x0_4,2,22,26345.390377777785,0.0,passed,
57344,7168,7168,cktile_24_split0,cktile,24,0,a8w8_blockscale_cktile_128x128x128_2x2x1_16x16x128_intrawave_0x1x0_1,2,23,4926.00510204081,0.0,passed,
57344,7168,7168,cktile_25_split0,cktile,25,0,a8w8_blockscale_cktile_128x128x128_2x2x1_16x16x128_intrawave_0x1x0_3,2,24,18002.73088636364,0.0,passed,
57344,7168,7168,cktile_26_split0,cktile,26,0,a8w8_blockscale_cktile_128x128x128_2x2x1_16x16x128_intrawave_0x1x0_4,2,25,38542.84645833334,0.0,passed,
57344,7168,7168,cktile_27_split0,cktile,27,0,a8w8_blockscale_cktile_192x256x128_4x2x1_16x16x128_intrawave_0x1x0_2,2,26,2752.9555,0.0,passed,
57344,7168,7168,cktile_28_split0,cktile,28,0,a8w8_blockscale_cktile_192x256x128_4x2x1_16x16x128_intrawave_0x1x0_3,2,27,2754.51152,0.0,passed,
57344,7168,7168,cktile_29_split0,cktile,29,0,a8w8_blockscale_cktile_192x256x128_4x2x1_16x16x128_intrawave_0x1x0_4,2,28,2754.5331199999996,0.0,passed,
57344,7168,7168,cktile_30_split0,cktile,30,0,a8w8_blockscale_cktile_192x256x128_4x2x1_16x16x128_intrawave_0x1x0_2_aqrm,2,29,3364.1023599999967,0.0,passed,
57344,7168,7168,cktile_31_split0,cktile,31,0,a8w8_blockscale_cktile_192x256x128_4x2x1_16x16x128_intrawave_0x1x0_3_aqrm,2,30,3364.7150434782625,0.0,passed,
57344,7168,7168,cktile_32_split0,cktile,32,0,a8w8_blockscale_cktile_192x256x128_4x2x1_16x16x128_intrawave_0x1x0_4_aqrm,2,31,3366.175999999999,0.0,passed,
57344,7168,7168,opus_9000,opus,9000,0,opus_gemm_gfx950_a8w8_mxscale_gemm_bpreshuffle_256x256x256x128_2x2_16x16x128_1x128x128_tiles1_nooob,2,32,2286.45906,0.0,passed,
57344,7168,7168,opus_9010,opus,9010,0,opus_gemm_gfx950_a8w8_mxscale_gemm_bpreshuffle_256x128x128x128_2x2_16x16x128_1x128x128_tiles1_nooob,2,33,3714.134319148936,0.0,passed,
57344,7168,7168,opus_9011,opus,9011,0,opus_gemm_gfx950_a8w8_mxscale_gemm_bpreshuffle_256x64x128x128_2x2_16x16x128_1x128x128_tiles1_nooob,2,34,3993.744276595744,0.0,passed,
57344,7168,7168,opus_9012,opus,9012,0,opus_gemm_gfx950_a8w8_mxscale_gemm_bpreshuffle_256x64x64x128_2x2_16x16x128_1x128x128_tiles1_nooob,2,35,5461.404816326531,0.0,passed,
57344,7168,7168,opus_9020,opus,9020,0,opus_gemm_gfx950_a8w8_mxscale_gemm_bpreshuffle_256x256x256x128_2x2_16x16x128_1x128x128_tiles1,2,36,2340.412770833333,0.0,passed,
57344,7168,7168,ck_0_split0,ck,0,0,a8w8_blockscale_bpreshuffle_1x128x128_256x128x128x128_16x16_16x16_8x32x1_8x32x1_1x32x1x8_8_2x1_intrawave_v3,2,37,3656.9368800000007,0.0,passed,
57344,7168,7168,ck_1_split0,ck,1,0,a8w8_blockscale_bpreshuffle_1x128x128_256x64x128x128_16x16_16x16_8x32x1_8x32x1_1x32x1x8_8_2x1_intrawave_v3,2,38,3977.584480000001,0.0,passed,
57344,7168,7168,ck_2_split0,ck,2,0,a8w8_blockscale_bpreshuffle_1x128x128_256x64x64x128_16x16_16x16_8x32x1_8x32x1_1x32x1x8_8_2x1_intrawave_v3,2,39,5193.025339999998,0.0,passed,
57344,7168,7168,ck_3_split0,ck,3,0,a8w8_blockscale_bpreshuffle_1x128x128_256x16x256x128_8x16_16x16_16x16x1_8x32x1_1x16x1x16_8_1x2_intrawave_v1,2,40,17687.11936734695,0.0,passed,
57344,7168,7168,ck_4_split0,ck,4,0,a8w8_blockscale_bpreshuffle_1x128x128_256x16x128x128_8x16_16x16_16x16x1_8x32x1_1x16x1x16_8_1x2_intrawave_v1,2,41,9808.847957446807,0.0,passed,
57344,7168,7168,ck_5_split0,ck,5,0,a8w8_blockscale_bpreshuffle_1x128x128_256x16x64x128_8x16_16x16_16x16x1_8x32x1_1x16x1x16_4_1x1_intrawave_v1,2,42,10662.776312500004,0.0,passed,
57344,7168,7168,ck_6_split0,ck,6,0,a8w8_blockscale_bpreshuffle_1x128x128_256x16x128x256_16x16_16x16_16x16x1_16x16x1_1x16x1x16_8_1x2_intrawave_v1,2,43,9422.340565217395,0.0,passed,
57344,7168,7168,ck_7_split0,ck,7,0,a8w8_blockscale_bpreshuffle_1x128x128_256x16x64x256_16x16_16x16_16x16x1_16x16x1_1x16x1x16_4_1x1_intrawave_v1,2,44,10228.33306818182,0.0,passed,
57344,7168,7168,ck_8_split0,ck,8,0,a8w8_blockscale_bpreshuffle_1x128x128_256x32x256x128_16x16_16x16_8x32x1_8x32x1_1x32x1x8_8_2x1_intrawave_v1,2,45,9156.79796,0.0,passed,
57344,7168,7168,ck_9_split0,ck,9,0,a8w8_blockscale_bpreshuffle_1x128x128_256x32x128x128_16x16_16x16_8x32x1_8x32x1_1x32x1x8_8_2x1_intrawave_v1,2,46,5523.292022727272,0.0,passed,
57344,7168,7168,ck_10_split0,ck,10,0,a8w8_blockscale_bpreshuffle_1x128x128_256x32x64x128_16x16_16x16_8x32x1_8x32x1_1x32x1x8_8_2x1_intrawave_v1,2,47,6646.605739999998,0.0,passed,
57344,7168,7168,ck_11_split0,ck,11,0,a8w8_blockscale_bpreshuffle_1x128x128_256x32x128x256_16x16_16x16_16x16x1_16x16x1_1x32x1x8_8_2x1_intrawave_v1,2,48,5446.7508775510205,0.0,passed,
57344,7168,7168,ck_12_split0,ck,12,0,a8w8_blockscale_bpreshuffle_1x128x128_256x32x64x256_16x16_16x16_16x16x1_16x16x1_1x32x1x8_8_2x1_intrawave_v1,2,49,6683.888579999998,0.0,passed,
57344,7168,7168,ck_13_split0,ck,13,0,a8w8_blockscale_bpreshuffle_1x128x128_256x64x256x128_16x16_16x16_8x32x1_8x32x1_1x32x1x8_8_2x1_intrawave_v1,2,50,3621.239749999999,0.0,passed,
57344,7168,7168,ck_14_split0,ck,14,0,a8w8_blockscale_bpreshuffle_1x128x128_256x64x128x128_16x16_16x16_8x32x1_8x32x1_1x32x1x8_8_2x1_intrawave_v1,2,51,3894.260795918367,0.0,passed,
57344,7168,7168,ck_15_split0,ck,15,0,a8w8_blockscale_bpreshuffle_1x128x128_256x64x64x128_16x16_16x16_8x32x1_8x32x1_1x32x1x8_8_2x1_intrawave_v1,2,52,5073.457680000001,0.0,passed,
57344,7168,7168,ck_16_split0,ck,16,0,a8w8_blockscale_bpreshuffle_1x128x128_256x64x128x256_16x16_16x16_16x16x1_16x16x1_1x32x1x8_8_2x1_intrawave_v1,2,53,4323.103829787236,0.0,passed,
57344,7168,7168,ck_17_split0,ck,17,0,a8w8_blockscale_bpreshuffle_1x128x128_256x64x64x256_16x16_16x16_16x16x1_16x16x1_1x32x1x8_8_2x1_intrawave_v1,2,54,5690.459820000002,0.0,passed,
57344,7168,7168,cktile_0_split0,cktile,0,0,a8w8_blockscale_cktile_16x128x256_1x4x1_16x16x128_intrawave_0x1x0_1,2,55,9193.35363043478,0.0,passed,
1664,7168,16384,cktile_0_split0,cktile,0,0,a8w8_blockscale_cktile_16x128x256_1x4x1_16x16x128_intrawave_0x1x0_1,0,0,631.6712448979594,0.0,passed,
1664,7168,16384,cktile_1_split0,cktile,1,0,a8w8_blockscale_cktile_16x128x256_1x4x1_16x16x128_intrawave_0x1x0_2,0,1,633.2484081632653,0.0,passed,
1664,7168,16384,cktile_2_split0,cktile,2,0,a8w8_blockscale_cktile_16x128x256_1x4x1_16x16x64_intrawave_0x1x0_1,0,2,712.4868200000004,0.0,passed,
1664,7168,16384,cktile_3_split0,cktile,3,0,a8w8_blockscale_cktile_16x128x256_1x4x1_16x16x64_intrawave_0x1x0_2,0,3,658.9920833333334,0.0,passed,
1664,7168,16384,cktile_4_split0,cktile,4,0,a8w8_blockscale_cktile_32x128x128_1x4x1_16x16x128_intrawave_0x1x0_1,0,4,521.2918800000001,0.0,passed,
1664,7168,16384,cktile_5_split0,cktile,5,0,a8w8_blockscale_cktile_32x128x128_1x4x1_16x16x128_intrawave_0x1x0_2,0,5,520.4262599999998,0.0,passed,
1664,7168,16384,cktile_6_split0,cktile,6,0,a8w8_blockscale_cktile_32x128x128_1x4x1_16x16x64_intrawave_0x1x0_1,0,6,516.2813124999999,0.0,passed,
1664,7168,16384,cktile_7_split0,cktile,7,0,a8w8_blockscale_cktile_32x128x128_1x4x1_16x16x64_intrawave_0x1x0_2,0,7,524.7597499999999,0.0,passed,
1664,7168,16384,cktile_8_split0,cktile,8,0,a8w8_blockscale_cktile_128x128x128_1x4x1_16x16x128_intrawave_0x1x0_1,0,8,519.9247021276594,0.0,passed,
1664,7168,16384,cktile_9_split0,cktile,9,0,a8w8_blockscale_cktile_128x128x128_1x4x1_16x16x128_intrawave_0x1x0_1,0,9,522.32228,0.0,passed,
1664,7168,16384,cktile_10_split0,cktile,10,0,a8w8_blockscale_cktile_128x128x128_2x2x1_16x16x128_intrawave_0x1x0_2,0,10,489.87632000000013,0.0,passed,
1664,7168,16384,cktile_11_split0,cktile,11,0,a8w8_blockscale_cktile_192x256x128_4x2x1_16x16x128_intrawave_0x1x0_1,0,11,193.13478000000006,0.0,passed,
1664,7168,16384,cktile_12_split0,cktile,12,0,a8w8_blockscale_cktile_192x256x128_4x2x1_16x16x128_intrawave_0x1x0_1_aqrm,0,12,238.33928,0.0,passed,
1664,7168,16384,cktile_13_split0,cktile,13,0,a8w8_blockscale_cktile_16x128x256_1x4x1_16x16x128_intrawave_0x1x0_3,0,13,639.6019183673468,0.0,passed,
1664,7168,16384,cktile_14_split0,cktile,14,0,a8w8_blockscale_cktile_16x128x256_1x4x1_16x16x128_intrawave_0x1x0_4,0,14,1268.6562195121946,0.0,passed,
1664,7168,16384,cktile_15_split0,cktile,15,0,a8w8_blockscale_cktile_16x128x256_1x4x1_16x16x64_intrawave_0x1x0_3,0,15,663.8642448979593,0.0,passed,
1664,7168,16384,cktile_16_split0,cktile,16,0,a8w8_blockscale_cktile_16x128x256_1x4x1_16x16x64_intrawave_0x1x0_4,0,16,1069.5626938775508,0.0,passed,
1664,7168,16384,cktile_17_split0,cktile,17,0,a8w8_blockscale_cktile_32x128x128_1x4x1_16x16x128_intrawave_0x1x0_3,0,17,521.7311000000002,0.0,passed,
1664,7168,16384,cktile_18_split0,cktile,18,0,a8w8_blockscale_cktile_32x128x128_1x4x1_16x16x128_intrawave_0x1x0_4,0,18,517.9158400000003,0.0,passed,
1664,7168,16384,cktile_19_split0,cktile,19,0,a8w8_blockscale_cktile_32x128x128_1x4x1_16x16x64_intrawave_0x1x0_3,0,19,521.6464782608695,0.0,passed,
1664,7168,16384,cktile_20_split0,cktile,20,0,a8w8_blockscale_cktile_32x128x128_1x4x1_16x16x64_intrawave_0x1x0_4,0,20,524.1995434782609,0.0,passed,
1664,7168,16384,cktile_21_split0,cktile,21,0,a8w8_blockscale_cktile_128x128x128_1x4x1_16x16x128_intrawave_0x1x0_2,0,21,521.82386,0.0,passed,
1664,7168,16384,cktile_22_split0,cktile,22,0,a8w8_blockscale_cktile_128x128x128_1x4x1_16x16x128_intrawave_0x1x0_3,0,22,1265.56746,0.0,passed,
1664,7168,16384,cktile_23_split0,cktile,23,0,a8w8_blockscale_cktile_128x128x128_1x4x1_16x16x128_intrawave_0x1x0_4,0,23,2128.7811489361693,0.0,passed,
1664,7168,16384,cktile_24_split0,cktile,24,0,a8w8_blockscale_cktile_128x128x128_2x2x1_16x16x128_intrawave_0x1x0_1,0,24,495.28996000000006,0.0,passed,
1664,7168,16384,cktile_25_split0,cktile,25,0,a8w8_blockscale_cktile_128x128x128_2x2x1_16x16x128_intrawave_0x1x0_3,0,25,1324.0937,0.0,passed,
1664,7168,16384,cktile_26_split0,cktile,26,0,a8w8_blockscale_cktile_128x128x128_2x2x1_16x16x128_intrawave_0x1x0_4,0,26,3131.7456382978726,0.0,passed,
1664,7168,16384,cktile_27_split0,cktile,27,0,a8w8_blockscale_cktile_192x256x128_4x2x1_16x16x128_intrawave_0x1x0_2,0,27,193.94438000000008,0.0,passed,
1664,7168,16384,cktile_28_split0,cktile,28,0,a8w8_blockscale_cktile_192x256x128_4x2x1_16x16x128_intrawave_0x1x0_3,0,28,193.24517999999998,0.0,passed,
1664,7168,16384,cktile_29_split0,cktile,29,0,a8w8_blockscale_cktile_192x256x128_4x2x1_16x16x128_intrawave_0x1x0_4,0,29,193.27158,0.0,passed,
1664,7168,16384,cktile_30_split0,cktile,30,0,a8w8_blockscale_cktile_192x256x128_4x2x1_16x16x128_intrawave_0x1x0_2_aqrm,0,30,238.08647999999994,0.0,passed,
1664,7168,16384,cktile_31_split0,cktile,31,0,a8w8_blockscale_cktile_192x256x128_4x2x1_16x16x128_intrawave_0x1x0_3_aqrm,0,31,238.18087999999997,0.0,passed,
1664,7168,16384,cktile_32_split0,cktile,32,0,a8w8_blockscale_cktile_192x256x128_4x2x1_16x16x128_intrawave_0x1x0_4_aqrm,0,32,237.96087999999992,0.0,passed,
1664,7168,16384,opus_9010,opus,9010,0,opus_gemm_gfx950_a8w8_mxscale_gemm_bpreshuffle_256x128x128x128_2x2_16x16x128_1x128x128_tiles1_nooob,0,33,243.19534,0.0,passed,
1664,7168,16384,opus_9011,opus,9011,0,opus_gemm_gfx950_a8w8_mxscale_gemm_bpreshuffle_256x64x128x128_2x2_16x16x128_1x128x128_tiles1_nooob,0,34,263.5427800000001,0.0,passed,
1664,7168,16384,opus_9012,opus,9012,0,opus_gemm_gfx950_a8w8_mxscale_gemm_bpreshuffle_256x64x64x128_2x2_16x16x128_1x128x128_tiles1_nooob,0,35,345.98202173913046,0.0,passed,
1664,7168,16384,opus_9020,opus,9020,0,opus_gemm_gfx950_a8w8_mxscale_gemm_bpreshuffle_256x256x256x128_2x2_16x16x128_1x128x128_tiles1,0,36,202.31007999999994,0.0,passed,
1664,7168,16384,ck_0_split0,ck,0,0,a8w8_blockscale_bpreshuffle_1x128x128_256x128x128x128_16x16_16x16_8x32x1_8x32x1_1x32x1x8_8_2x1_intrawave_v3,0,37,276.01332,0.0,passed,
1664,7168,16384,ck_1_split0,ck,1,0,a8w8_blockscale_bpreshuffle_1x128x128_256x64x128x128_16x16_16x16_8x32x1_8x32x1_1x32x1x8_8_2x1_intrawave_v3,0,38,295.01511999999997,0.0,passed,
1664,7168,16384,ck_2_split0,ck,2,0,a8w8_blockscale_bpreshuffle_1x128x128_256x64x64x128_16x16_16x16_8x32x1_8x32x1_1x32x1x8_8_2x1_intrawave_v3,0,39,380.1064800000001,0.0,passed,
1664,7168,16384,ck_3_split0,ck,3,0,a8w8_blockscale_bpreshuffle_1x128x128_256x16x256x128_8x16_16x16_16x16x1_8x32x1_1x16x1x16_8_1x2_intrawave_v1,0,40,933.002020833333,0.0,passed,
1664,7168,16384,ck_4_split0,ck,4,0,a8w8_blockscale_bpreshuffle_1x128x128_256x16x128x128_8x16_16x16_16x16x1_8x32x1_1x16x1x16_8_1x2_intrawave_v1,0,41,636.329448979592,0.0,passed,
1664,7168,16384,ck_5_split0,ck,5,0,a8w8_blockscale_bpreshuffle_1x128x128_256x16x64x128_8x16_16x16_16x16x1_8x32x1_1x16x1x16_4_1x1_intrawave_v1,0,42,724.13118,0.0,passed,
1664,7168,16384,ck_6_split0,ck,6,0,a8w8_blockscale_bpreshuffle_1x128x128_256x16x128x256_16x16_16x16_16x16x1_16x16x1_1x16x1x16_8_1x2_intrawave_v1,0,43,629.3516170212765,0.0,passed,
1664,7168,16384,ck_7_split0,ck,7,0,a8w8_blockscale_bpreshuffle_1x128x128_256x16x64x256_16x16_16x16_16x16x1_16x16x1_1x16x1x16_4_1x1_intrawave_v1,0,44,698.8788799999999,0.0,passed,
1664,7168,16384,ck_8_split0,ck,8,0,a8w8_blockscale_bpreshuffle_1x128x128_256x32x256x128_16x16_16x16_8x32x1_8x32x1_1x32x1x8_8_2x1_intrawave_v1,0,45,528.1497599999999,0.0,passed,
1664,7168,16384,ck_9_split0,ck,9,0,a8w8_blockscale_bpreshuffle_1x128x128_256x32x128x128_16x16_16x16_8x32x1_8x32x1_1x32x1x8_8_2x1_intrawave_v1,0,46,396.38667999999996,0.0,passed,
1664,7168,16384,ck_10_split0,ck,10,0,a8w8_blockscale_bpreshuffle_1x128x128_256x32x64x128_16x16_16x16_8x32x1_8x32x1_1x32x1x8_8_2x1_intrawave_v1,0,47,472.7059199999999,0.0,passed,
1664,7168,16384,ck_11_split0,ck,11,0,a8w8_blockscale_bpreshuffle_1x128x128_256x32x128x256_16x16_16x16_16x16x1_16x16x1_1x32x1x8_8_2x1_intrawave_v1,0,48,402.63874,0.0,passed,
1664,7168,16384,ck_12_split0,ck,12,0,a8w8_blockscale_bpreshuffle_1x128x128_256x32x64x256_16x16_16x16_16x16x1_16x16x1_1x32x1x8_8_2x1_intrawave_v1,0,49,469.4295217391304,0.0,passed,
1664,7168,16384,ck_13_split0,ck,13,0,a8w8_blockscale_bpreshuffle_1x128x128_256x64x256x128_16x16_16x16_8x32x1_8x32x1_1x32x1x8_8_2x1_intrawave_v1,0,50,282.6205208333335,0.0,passed,
1664,7168,16384,ck_14_split0,ck,14,0,a8w8_blockscale_bpreshuffle_1x128x128_256x64x128x128_16x16_16x16_8x32x1_8x32x1_1x32x1x8_8_2x1_intrawave_v1,0,51,293.45671999999996,0.0,passed,
1664,7168,16384,ck_15_split0,ck,15,0,a8w8_blockscale_bpreshuffle_1x128x128_256x64x64x128_16x16_16x16_8x32x1_8x32x1_1x32x1x8_8_2x1_intrawave_v1,0,52,371.07910204081634,0.0,passed,
1664,7168,16384,ck_16_split0,ck,16,0,a8w8_blockscale_bpreshuffle_1x128x128_256x64x128x256_16x16_16x16_16x16x1_16x16x1_1x32x1x8_8_2x1_intrawave_v1,0,53,316.90388888888873,0.0,passed,
1664,7168,16384,ck_17_split0,ck,17,0,a8w8_blockscale_bpreshuffle_1x128x128_256x64x64x256_16x16_16x16_16x16x1_16x16x1_1x32x1x8_8_2x1_intrawave_v1,0,54,403.57713999999993,0.0,passed,
1664,7168,16384,cktile_0_split0,cktile,0,0,a8w8_blockscale_cktile_16x128x256_1x4x1_16x16x128_intrawave_0x1x0_1,1,0,635.3953673469389,0.0,passed,
1664,7168,16384,ck_17_split0,ck,17,0,a8w8_blockscale_bpreshuffle_1x128x128_256x64x64x256_16x16_16x16_16x16x1_16x16x1_1x32x1x8_8_2x1_intrawave_v1,1,1,400.26821276595757,0.0,passed,
1664,7168,16384,ck_16_split0,ck,16,0,a8w8_blockscale_bpreshuffle_1x128x128_256x64x128x256_16x16_16x16_16x16x1_16x16x1_1x32x1x8_8_2x1_intrawave_v1,1,2,319.86819999999994,0.0,passed,
1664,7168,16384,ck_15_split0,ck,15,0,a8w8_blockscale_bpreshuffle_1x128x128_256x64x64x128_16x16_16x16_8x32x1_8x32x1_1x32x1x8_8_2x1_intrawave_v1,1,3,372.4440204081634,0.0,passed,
1664,7168,16384,ck_14_split0,ck,14,0,a8w8_blockscale_bpreshuffle_1x128x128_256x64x128x128_16x16_16x16_8x32x1_8x32x1_1x32x1x8_8_2x1_intrawave_v1,1,4,292.82790000000006,0.0,passed,
1664,7168,16384,ck_13_split0,ck,13,0,a8w8_blockscale_bpreshuffle_1x128x128_256x64x256x128_16x16_16x16_8x32x1_8x32x1_1x32x1x8_8_2x1_intrawave_v1,1,5,284.147,0.0,passed,
1664,7168,16384,ck_12_split0,ck,12,0,a8w8_blockscale_bpreshuffle_1x128x128_256x32x64x256_16x16_16x16_16x16x1_16x16x1_1x32x1x8_8_2x1_intrawave_v1,1,6,472.27711999999997,0.0,passed,
1664,7168,16384,ck_11_split0,ck,11,0,a8w8_blockscale_bpreshuffle_1x128x128_256x32x128x256_16x16_16x16_16x16x1_16x16x1_1x32x1x8_8_2x1_intrawave_v1,1,7,399.32752,0.0,passed,
1664,7168,16384,ck_10_split0,ck,10,0,a8w8_blockscale_bpreshuffle_1x128x128_256x32x64x128_16x16_16x16_8x32x1_8x32x1_1x32x1x8_8_2x1_intrawave_v1,1,8,472.5316734693876,0.0,passed,
1664,7168,16384,ck_9_split0,ck,9,0,a8w8_blockscale_bpreshuffle_1x128x128_256x32x128x128_16x16_16x16_8x32x1_8x32x1_1x32x1x8_8_2x1_intrawave_v1,1,9,394.36100000000005,0.0,passed,
1664,7168,16384,ck_8_split0,ck,8,0,a8w8_blockscale_bpreshuffle_1x128x128_256x32x256x128_16x16_16x16_8x32x1_8x32x1_1x32x1x8_8_2x1_intrawave_v1,1,10,529.2705800000002,0.0,passed,
1664,7168,16384,ck_7_split0,ck,7,0,a8w8_blockscale_bpreshuffle_1x128x128_256x16x64x256_16x16_16x16_16x16x1_16x16x1_1x16x1x16_4_1x1_intrawave_v1,1,11,698.0764800000001,0.0,passed,
1664,7168,16384,ck_6_split0,ck,6,0,a8w8_blockscale_bpreshuffle_1x128x128_256x16x128x256_16x16_16x16_16x16x1_16x16x1_1x16x1x16_8_1x2_intrawave_v1,1,12,626.2615227272727,0.0,passed,
1664,7168,16384,ck_5_split0,ck,5,0,a8w8_blockscale_bpreshuffle_1x128x128_256x16x64x128_8x16_16x16_16x16x1_8x32x1_1x16x1x16_4_1x1_intrawave_v1,1,13,720.7007400000002,0.0,passed,
1664,7168,16384,ck_4_split0,ck,4,0,a8w8_blockscale_bpreshuffle_1x128x128_256x16x128x128_8x16_16x16_16x16x1_8x32x1_1x16x1x16_8_1x2_intrawave_v1,1,14,636.0421224489795,0.0,passed,
1664,7168,16384,ck_3_split0,ck,3,0,a8w8_blockscale_bpreshuffle_1x128x128_256x16x256x128_8x16_16x16_16x16x1_8x32x1_1x16x1x16_8_1x2_intrawave_v1,1,15,931.1386666666663,0.0,passed,
1664,7168,16384,ck_2_split0,ck,2,0,a8w8_blockscale_bpreshuffle_1x128x128_256x64x64x128_16x16_16x16_8x32x1_8x32x1_1x32x1x8_8_2x1_intrawave_v3,1,16,382.7329200000001,0.0,passed,
1664,7168,16384,ck_1_split0,ck,1,0,a8w8_blockscale_bpreshuffle_1x128x128_256x64x128x128_16x16_16x16_8x32x1_8x32x1_1x32x1x8_8_2x1_intrawave_v3,1,17,294.07158536585365,0.0,passed,
1664,7168,16384,ck_0_split0,ck,0,0,a8w8_blockscale_bpreshuffle_1x128x128_256x128x128x128_16x16_16x16_8x32x1_8x32x1_1x32x1x8_8_2x1_intrawave_v3,1,18,276.4709200000001,0.0,passed,
1664,7168,16384,opus_9020,opus,9020,0,opus_gemm_gfx950_a8w8_mxscale_gemm_bpreshuffle_256x256x256x128_2x2_16x16x128_1x128x128_tiles1,1,19,202.21088000000003,0.0,passed,
1664,7168,16384,opus_9012,opus,9012,0,opus_gemm_gfx950_a8w8_mxscale_gemm_bpreshuffle_256x64x64x128_2x2_16x16x128_1x128x128_tiles1_nooob,1,20,347.34791666666666,0.0,passed,
1664,7168,16384,opus_9011,opus,9011,0,opus_gemm_gfx950_a8w8_mxscale_gemm_bpreshuffle_256x64x128x128_2x2_16x16x128_1x128x128_tiles1_nooob,1,21,264.5476,0.0,passed,
1664,7168,16384,opus_9010,opus,9010,0,opus_gemm_gfx950_a8w8_mxscale_gemm_bpreshuffle_256x128x128x128_2x2_16x16x128_1x128x128_tiles1_nooob,1,22,241.47371999999993,0.0,passed,
1664,7168,16384,cktile_32_split0,cktile,32,0,a8w8_blockscale_cktile_192x256x128_4x2x1_16x16x128_intrawave_0x1x0_4_aqrm,1,23,236.64902040816338,0.0,passed,
1664,7168,16384,cktile_31_split0,cktile,31,0,a8w8_blockscale_cktile_192x256x128_4x2x1_16x16x128_intrawave_0x1x0_3_aqrm,1,24,238.03768000000014,0.0,passed,
1664,7168,16384,cktile_30_split0,cktile,30,0,a8w8_blockscale_cktile_192x256x128_4x2x1_16x16x128_intrawave_0x1x0_2_aqrm,1,25,238.17448000000005,0.0,passed,
1664,7168,16384,cktile_29_split0,cktile,29,0,a8w8_blockscale_cktile_192x256x128_4x2x1_16x16x128_intrawave_0x1x0_4,1,26,193.60919999999996,0.0,passed,
1664,7168,16384,cktile_28_split0,cktile,28,0,a8w8_blockscale_cktile_192x256x128_4x2x1_16x16x128_intrawave_0x1x0_3,1,27,193.51798000000002,0.0,passed,
1664,7168,16384,cktile_27_split0,cktile,27,0,a8w8_blockscale_cktile_192x256x128_4x2x1_16x16x128_intrawave_0x1x0_2,1,28,194.42076595744683,0.0,passed,
1664,7168,16384,cktile_26_split0,cktile,26,0,a8w8_blockscale_cktile_128x128x128_2x2x1_16x16x128_intrawave_0x1x0_4,1,29,3129.9039574468093,0.0,passed,
1664,7168,16384,cktile_25_split0,cktile,25,0,a8w8_blockscale_cktile_128x128x128_2x2x1_16x16x128_intrawave_0x1x0_3,1,30,1324.8047959183677,0.0,passed,
1664,7168,16384,cktile_24_split0,cktile,24,0,a8w8_blockscale_cktile_128x128x128_2x2x1_16x16x128_intrawave_0x1x0_1,1,31,490.26194000000004,0.0,passed,
1664,7168,16384,cktile_23_split0,cktile,23,0,a8w8_blockscale_cktile_128x128x128_1x4x1_16x16x128_intrawave_0x1x0_4,1,32,2126.973836734694,0.0,passed,
1664,7168,16384,cktile_22_split0,cktile,22,0,a8w8_blockscale_cktile_128x128x128_1x4x1_16x16x128_intrawave_0x1x0_3,1,33,1268.7555200000004,0.0,passed,
1664,7168,16384,cktile_21_split0,cktile,21,0,a8w8_blockscale_cktile_128x128x128_1x4x1_16x16x128_intrawave_0x1x0_2,1,34,528.6717346938776,0.0,passed,
1664,7168,16384,cktile_20_split0,cktile,20,0,a8w8_blockscale_cktile_32x128x128_1x4x1_16x16x64_intrawave_0x1x0_4,1,35,525.0463877551019,0.0,passed,
1664,7168,16384,cktile_19_split0,cktile,19,0,a8w8_blockscale_cktile_32x128x128_1x4x1_16x16x64_intrawave_0x1x0_3,1,36,525.9547708333334,0.0,passed,
1664,7168,16384,cktile_18_split0,cktile,18,0,a8w8_blockscale_cktile_32x128x128_1x4x1_16x16x128_intrawave_0x1x0_4,1,37,521.7207000000002,0.0,passed,
1664,7168,16384,cktile_17_split0,cktile,17,0,a8w8_blockscale_cktile_32x128x128_1x4x1_16x16x128_intrawave_0x1x0_3,1,38,517.536081632653,0.0,passed,
1664,7168,16384,cktile_16_split0,cktile,16,0,a8w8_blockscale_cktile_16x128x256_1x4x1_16x16x64_intrawave_0x1x0_4,1,39,1072.8067708333333,0.0,passed,
1664,7168,16384,cktile_15_split0,cktile,15,0,a8w8_blockscale_cktile_16x128x256_1x4x1_16x16x64_intrawave_0x1x0_3,1,40,668.4700408163269,0.0,passed,
1664,7168,16384,cktile_14_split0,cktile,14,0,a8w8_blockscale_cktile_16x128x256_1x4x1_16x16x128_intrawave_0x1x0_4,1,41,1273.6643500000011,0.0,passed,
1664,7168,16384,cktile_13_split0,cktile,13,0,a8w8_blockscale_cktile_16x128x256_1x4x1_16x16x128_intrawave_0x1x0_3,1,42,631.5378936170214,0.0,passed,
1664,7168,16384,cktile_12_split0,cktile,12,0,a8w8_blockscale_cktile_192x256x128_4x2x1_16x16x128_intrawave_0x1x0_1_aqrm,1,43,238.53609999999998,0.0,passed,
1664,7168,16384,cktile_11_split0,cktile,11,0,a8w8_blockscale_cktile_192x256x128_4x2x1_16x16x128_intrawave_0x1x0_1,1,44,194.22120000000004,0.0,passed,
1664,7168,16384,cktile_10_split0,cktile,10,0,a8w8_blockscale_cktile_128x128x128_2x2x1_16x16x128_intrawave_0x1x0_2,1,45,486.46308163265303,0.0,passed,
1664,7168,16384,cktile_9_split0,cktile,9,0,a8w8_blockscale_cktile_128x128x128_1x4x1_16x16x128_intrawave_0x1x0_1,1,46,526.47754,0.0,passed,
1664,7168,16384,cktile_8_split0,cktile,8,0,a8w8_blockscale_cktile_128x128x128_1x4x1_16x16x128_intrawave_0x1x0_1,1,47,526.64234,0.0,passed,
1664,7168,16384,cktile_7_split0,cktile,7,0,a8w8_blockscale_cktile_32x128x128_1x4x1_16x16x64_intrawave_0x1x0_2,1,48,523.7818085106385,0.0,passed,
1664,7168,16384,cktile_6_split0,cktile,6,0,a8w8_blockscale_cktile_32x128x128_1x4x1_16x16x64_intrawave_0x1x0_1,1,49,516.8830204081634,0.0,passed,
1664,7168,16384,cktile_5_split0,cktile,5,0,a8w8_blockscale_cktile_32x128x128_1x4x1_16x16x128_intrawave_0x1x0_2,1,50,517.2654399999999,0.0,passed,
1664,7168,16384,cktile_4_split0,cktile,4,0,a8w8_blockscale_cktile_32x128x128_1x4x1_16x16x128_intrawave_0x1x0_1,1,51,515.6174200000002,0.0,passed,
1664,7168,16384,cktile_3_split0,cktile,3,0,a8w8_blockscale_cktile_16x128x256_1x4x1_16x16x64_intrawave_0x1x0_2,1,52,663.788875,0.0,passed,
1664,7168,16384,cktile_2_split0,cktile,2,0,a8w8_blockscale_cktile_16x128x256_1x4x1_16x16x64_intrawave_0x1x0_1,1,53,705.6034999999996,0.0,passed,
1664,7168,16384,cktile_1_split0,cktile,1,0,a8w8_blockscale_cktile_16x128x256_1x4x1_16x16x128_intrawave_0x1x0_2,1,54,630.8100204081634,0.0,passed,
1664,7168,16384,cktile_2_split0,cktile,2,0,a8w8_blockscale_cktile_16x128x256_1x4x1_16x16x64_intrawave_0x1x0_1,2,0,720.3901599999999,0.0,passed,
1664,7168,16384,cktile_3_split0,cktile,3,0,a8w8_blockscale_cktile_16x128x256_1x4x1_16x16x64_intrawave_0x1x0_2,2,1,656.9054166666671,0.0,passed,
1664,7168,16384,cktile_4_split0,cktile,4,0,a8w8_blockscale_cktile_32x128x128_1x4x1_16x16x128_intrawave_0x1x0_1,2,2,519.8078799999998,0.0,passed,
1664,7168,16384,cktile_5_split0,cktile,5,0,a8w8_blockscale_cktile_32x128x128_1x4x1_16x16x128_intrawave_0x1x0_2,2,3,515.9270399999999,0.0,passed,
1664,7168,16384,cktile_6_split0,cktile,6,0,a8w8_blockscale_cktile_32x128x128_1x4x1_16x16x64_intrawave_0x1x0_1,2,4,516.7918400000002,0.0,passed,
1664,7168,16384,cktile_7_split0,cktile,7,0,a8w8_blockscale_cktile_32x128x128_1x4x1_16x16x64_intrawave_0x1x0_2,2,5,525.40074,0.0,passed,
1664,7168,16384,cktile_8_split0,cktile,8,0,a8w8_blockscale_cktile_128x128x128_1x4x1_16x16x128_intrawave_0x1x0_1,2,6,523.8935200000001,0.0,passed,
1664,7168,16384,cktile_9_split0,cktile,9,0,a8w8_blockscale_cktile_128x128x128_1x4x1_16x16x128_intrawave_0x1x0_1,2,7,521.9175,0.0,passed,
1664,7168,16384,cktile_10_split0,cktile,10,0,a8w8_blockscale_cktile_128x128x128_2x2x1_16x16x128_intrawave_0x1x0_2,2,8,489.00189795918345,0.0,passed,
1664,7168,16384,cktile_11_split0,cktile,11,0,a8w8_blockscale_cktile_192x256x128_4x2x1_16x16x128_intrawave_0x1x0_1,2,9,194.59079999999997,0.0,passed,
1664,7168,16384,cktile_12_split0,cktile,12,0,a8w8_blockscale_cktile_192x256x128_4x2x1_16x16x128_intrawave_0x1x0_1_aqrm,2,10,236.85643478260874,0.0,passed,
1664,7168,16384,cktile_13_split0,cktile,13,0,a8w8_blockscale_cktile_16x128x256_1x4x1_16x16x128_intrawave_0x1x0_3,2,11,635.993775510204,0.0,passed,
1664,7168,16384,cktile_14_split0,cktile,14,0,a8w8_blockscale_cktile_16x128x256_1x4x1_16x16x128_intrawave_0x1x0_4,2,12,1288.8962558139528,0.0,passed,
1664,7168,16384,cktile_15_split0,cktile,15,0,a8w8_blockscale_cktile_16x128x256_1x4x1_16x16x64_intrawave_0x1x0_3,2,13,655.847,0.0,passed,
1664,7168,16384,cktile_16_split0,cktile,16,0,a8w8_blockscale_cktile_16x128x256_1x4x1_16x16x64_intrawave_0x1x0_4,2,14,1073.9605199999999,0.0,passed,
1664,7168,16384,cktile_17_split0,cktile,17,0,a8w8_blockscale_cktile_32x128x128_1x4x1_16x16x128_intrawave_0x1x0_3,2,15,517.9094599999997,0.0,passed,
1664,7168,16384,cktile_18_split0,cktile,18,0,a8w8_blockscale_cktile_32x128x128_1x4x1_16x16x128_intrawave_0x1x0_4,2,16,515.8134200000001,0.0,passed,
1664,7168,16384,cktile_19_split0,cktile,19,0,a8w8_blockscale_cktile_32x128x128_1x4x1_16x16x64_intrawave_0x1x0_3,2,17,524.66316,0.0,passed,
1664,7168,16384,cktile_20_split0,cktile,20,0,a8w8_blockscale_cktile_32x128x128_1x4x1_16x16x64_intrawave_0x1x0_4,2,18,525.2669574468085,0.0,passed,
1664,7168,16384,cktile_21_split0,cktile,21,0,a8w8_blockscale_cktile_128x128x128_1x4x1_16x16x128_intrawave_0x1x0_2,2,19,528.38078,0.0,passed,
1664,7168,16384,cktile_22_split0,cktile,22,0,a8w8_blockscale_cktile_128x128x128_1x4x1_16x16x128_intrawave_0x1x0_3,2,20,1266.5779200000006,0.0,passed,
1664,7168,16384,cktile_23_split0,cktile,23,0,a8w8_blockscale_cktile_128x128x128_1x4x1_16x16x128_intrawave_0x1x0_4,2,21,2126.7695833333332,0.0,passed,
1664,7168,16384,cktile_24_split0,cktile,24,0,a8w8_blockscale_cktile_128x128x128_2x2x1_16x16x128_intrawave_0x1x0_1,2,22,493.45155999999986,0.0,passed,
1664,7168,16384,cktile_25_split0,cktile,25,0,a8w8_blockscale_cktile_128x128x128_2x2x1_16x16x128_intrawave_0x1x0_3,2,23,1324.4178571428563,0.0,passed,
1664,7168,16384,cktile_26_split0,cktile,26,0,a8w8_blockscale_cktile_128x128x128_2x2x1_16x16x128_intrawave_0x1x0_4,2,24,3128.866595744681,0.0,passed,
1664,7168,16384,cktile_27_split0,cktile,27,0,a8w8_blockscale_cktile_192x256x128_4x2x1_16x16x128_intrawave_0x1x0_2,2,25,194.7252,0.0,passed,
1664,7168,16384,cktile_28_split0,cktile,28,0,a8w8_blockscale_cktile_192x256x128_4x2x1_16x16x128_intrawave_0x1x0_3,2,26,194.16359999999997,0.0,passed,
1664,7168,16384,cktile_29_split0,cktile,29,0,a8w8_blockscale_cktile_192x256x128_4x2x1_16x16x128_intrawave_0x1x0_4,2,27,193.83637999999996,0.0,passed,
1664,7168,16384,cktile_30_split0,cktile,30,0,a8w8_blockscale_cktile_192x256x128_4x2x1_16x16x128_intrawave_0x1x0_2_aqrm,2,28,239.50490000000005,0.0,passed,
1664,7168,16384,cktile_31_split0,cktile,31,0,a8w8_blockscale_cktile_192x256x128_4x2x1_16x16x128_intrawave_0x1x0_3_aqrm,2,29,236.4224999999999,0.0,passed,
1664,7168,16384,cktile_32_split0,cktile,32,0,a8w8_blockscale_cktile_192x256x128_4x2x1_16x16x128_intrawave_0x1x0_4_aqrm,2,30,237.84969999999998,0.0,passed,
1664,7168,16384,opus_9010,opus,9010,0,opus_gemm_gfx950_a8w8_mxscale_gemm_bpreshuffle_256x128x128x128_2x2_16x16x128_1x128x128_tiles1_nooob,2,31,241.59294000000003,0.0,passed,
1664,7168,16384,opus_9011,opus,9011,0,opus_gemm_gfx950_a8w8_mxscale_gemm_bpreshuffle_256x64x128x128_2x2_16x16x128_1x128x128_tiles1_nooob,2,32,264.0715799999999,0.0,passed,
1664,7168,16384,opus_9012,opus,9012,0,opus_gemm_gfx950_a8w8_mxscale_gemm_bpreshuffle_256x64x64x128_2x2_16x16x128_1x128x128_tiles1_nooob,2,33,343.78920454545454,0.0,passed,
1664,7168,16384,opus_9020,opus,9020,0,opus_gemm_gfx950_a8w8_mxscale_gemm_bpreshuffle_256x256x256x128_2x2_16x16x128_1x128x128_tiles1,2,34,200.79963265306117,0.0,passed,
1664,7168,16384,ck_0_split0,ck,0,0,a8w8_blockscale_bpreshuffle_1x128x128_256x128x128x128_16x16_16x16_8x32x1_8x32x1_1x32x1x8_8_2x1_intrawave_v3,2,35,278.379306122449,0.0,passed,
1664,7168,16384,ck_1_split0,ck,1,0,a8w8_blockscale_bpreshuffle_1x128x128_256x64x128x128_16x16_16x16_8x32x1_8x32x1_1x32x1x8_8_2x1_intrawave_v3,2,36,297.12156,0.0,passed,
1664,7168,16384,ck_2_split0,ck,2,0,a8w8_blockscale_bpreshuffle_1x128x128_256x64x64x128_16x16_16x16_8x32x1_8x32x1_1x32x1x8_8_2x1_intrawave_v3,2,37,380.08418181818195,0.0,passed,
1664,7168,16384,ck_3_split0,ck,3,0,a8w8_blockscale_bpreshuffle_1x128x128_256x16x256x128_8x16_16x16_16x16x1_8x32x1_1x16x1x16_8_1x2_intrawave_v1,2,38,927.1844791666666,0.0,passed,
1664,7168,16384,ck_4_split0,ck,4,0,a8w8_blockscale_bpreshuffle_1x128x128_256x16x128x128_8x16_16x16_16x16x1_8x32x1_1x16x1x16_8_1x2_intrawave_v1,2,39,633.858666666667,0.0,passed,
1664,7168,16384,ck_5_split0,ck,5,0,a8w8_blockscale_bpreshuffle_1x128x128_256x16x64x128_8x16_16x16_16x16x1_8x32x1_1x16x1x16_4_1x1_intrawave_v1,2,40,723.2967800000001,0.0,passed,
1664,7168,16384,ck_6_split0,ck,6,0,a8w8_blockscale_bpreshuffle_1x128x128_256x16x128x256_16x16_16x16_16x16x1_16x16x1_1x16x1x16_8_1x2_intrawave_v1,2,41,627.1400000000001,0.0,passed,
1664,7168,16384,ck_7_split0,ck,7,0,a8w8_blockscale_bpreshuffle_1x128x128_256x16x64x256_16x16_16x16_16x16x1_16x16x1_1x16x1x16_4_1x1_intrawave_v1,2,42,700.23025,0.0,passed,
1664,7168,16384,ck_8_split0,ck,8,0,a8w8_blockscale_bpreshuffle_1x128x128_256x32x256x128_16x16_16x16_8x32x1_8x32x1_1x32x1x8_8_2x1_intrawave_v1,2,43,528.324163265306,0.0,passed,
1664,7168,16384,ck_9_split0,ck,9,0,a8w8_blockscale_bpreshuffle_1x128x128_256x32x128x128_16x16_16x16_8x32x1_8x32x1_1x32x1x8_8_2x1_intrawave_v1,2,44,393.826306122449,0.0,passed,
1664,7168,16384,ck_10_split0,ck,10,0,a8w8_blockscale_bpreshuffle_1x128x128_256x32x64x128_16x16_16x16_8x32x1_8x32x1_1x32x1x8_8_2x1_intrawave_v1,2,45,470.60099999999994,0.0,passed,
1664,7168,16384,ck_11_split0,ck,11,0,a8w8_blockscale_bpreshuffle_1x128x128_256x32x128x256_16x16_16x16_16x16x1_16x16x1_1x32x1x8_8_2x1_intrawave_v1,2,46,399.0826666666667,0.0,passed,
1664,7168,16384,ck_12_split0,ck,12,0,a8w8_blockscale_bpreshuffle_1x128x128_256x32x64x256_16x16_16x16_16x16x1_16x16x1_1x32x1x8_8_2x1_intrawave_v1,2,47,470.62391836734696,0.0,passed,
1664,7168,16384,ck_13_split0,ck,13,0,a8w8_blockscale_bpreshuffle_1x128x128_256x64x256x128_16x16_16x16_8x32x1_8x32x1_1x32x1x8_8_2x1_intrawave_v1,2,48,284.95504000000005,0.0,passed,
1664,7168,16384,ck_14_split0,ck,14,0,a8w8_blockscale_bpreshuffle_1x128x128_256x64x128x128_16x16_16x16_8x32x1_8x32x1_1x32x1x8_8_2x1_intrawave_v1,2,49,290.59974468085096,0.0,passed,
1664,7168,16384,ck_15_split0,ck,15,0,a8w8_blockscale_bpreshuffle_1x128x128_256x64x64x128_16x16_16x16_8x32x1_8x32x1_1x32x1x8_8_2x1_intrawave_v1,2,50,375.82824999999985,0.0,passed,
1664,7168,16384,ck_16_split0,ck,16,0,a8w8_blockscale_bpreshuffle_1x128x128_256x64x128x256_16x16_16x16_16x16x1_16x16x1_1x32x1x8_8_2x1_intrawave_v1,2,51,315.50802272727265,0.0,passed,
1664,7168,16384,ck_17_split0,ck,17,0,a8w8_blockscale_bpreshuffle_1x128x128_256x64x64x256_16x16_16x16_16x16x1_16x16x1_1x32x1x8_8_2x1_intrawave_v1,2,52,400.11291836734694,0.0,passed,
1664,7168,16384,cktile_0_split0,cktile,0,0,a8w8_blockscale_cktile_16x128x256_1x4x1_16x16x128_intrawave_0x1x0_1,2,53,632.8384791666666,0.0,passed,
1664,7168,16384,cktile_1_split0,cktile,1,0,a8w8_blockscale_cktile_16x128x256_1x4x1_16x16x128_intrawave_0x1x0_2,2,54,630.492108695652,0.0,passed,
14336,7168,16384,cktile_1_split0,cktile,1,0,a8w8_blockscale_cktile_16x128x256_1x4x1_16x16x128_intrawave_0x1x0_2,0,0,5091.075666666664,0.0,passed,
14336,7168,16384,cktile_2_split0,cktile,2,0,a8w8_blockscale_cktile_16x128x256_1x4x1_16x16x64_intrawave_0x1x0_1,0,1,6709.740399999999,0.0,passed,
14336,7168,16384,cktile_3_split0,cktile,3,0,a8w8_blockscale_cktile_16x128x256_1x4x1_16x16x64_intrawave_0x1x0_2,0,2,6469.566479999998,0.0,passed,
14336,7168,16384,cktile_4_split0,cktile,4,0,a8w8_blockscale_cktile_32x128x128_1x4x1_16x16x128_intrawave_0x1x0_1,0,3,5561.601799999997,0.0,passed,
14336,7168,16384,cktile_5_split0,cktile,5,0,a8w8_blockscale_cktile_32x128x128_1x4x1_16x16x128_intrawave_0x1x0_2,0,4,5526.140599999996,0.0,passed,
14336,7168,16384,cktile_6_split0,cktile,6,0,a8w8_blockscale_cktile_32x128x128_1x4x1_16x16x64_intrawave_0x1x0_1,0,5,4113.215956521736,0.0,passed,
14336,7168,16384,cktile_7_split0,cktile,7,0,a8w8_blockscale_cktile_32x128x128_1x4x1_16x16x64_intrawave_0x1x0_2,0,6,5061.39870833333,0.0,passed,
14336,7168,16384,cktile_8_split0,cktile,8,0,a8w8_blockscale_cktile_128x128x128_1x4x1_16x16x128_intrawave_0x1x0_1,0,7,3206.236775510205,0.0,passed,
14336,7168,16384,cktile_9_split0,cktile,9,0,a8w8_blockscale_cktile_128x128x128_1x4x1_16x16x128_intrawave_0x1x0_1,0,8,3208.7959599999995,0.0,passed,
14336,7168,16384,cktile_10_split0,cktile,10,0,a8w8_blockscale_cktile_128x128x128_2x2x1_16x16x128_intrawave_0x1x0_2,0,9,3086.189,0.0,passed,
14336,7168,16384,cktile_11_split0,cktile,11,0,a8w8_blockscale_cktile_192x256x128_4x2x1_16x16x128_intrawave_0x1x0_1,0,10,1653.9577250000002,0.0,passed,
14336,7168,16384,cktile_12_split0,cktile,12,0,a8w8_blockscale_cktile_192x256x128_4x2x1_16x16x128_intrawave_0x1x0_1_aqrm,0,11,1862.3564489795922,0.0,passed,
14336,7168,16384,cktile_13_split0,cktile,13,0,a8w8_blockscale_cktile_16x128x256_1x4x1_16x16x128_intrawave_0x1x0_3,0,12,5133.218822222221,0.0,passed,
14336,7168,16384,cktile_14_split0,cktile,14,0,a8w8_blockscale_cktile_16x128x256_1x4x1_16x16x128_intrawave_0x1x0_4,0,13,13800.86804,0.0,passed,
14336,7168,16384,cktile_15_split0,cktile,15,0,a8w8_blockscale_cktile_16x128x256_1x4x1_16x16x64_intrawave_0x1x0_3,0,14,6524.509560000002,0.0,passed,
14336,7168,16384,cktile_16_split0,cktile,16,0,a8w8_blockscale_cktile_16x128x256_1x4x1_16x16x64_intrawave_0x1x0_4,0,15,11279.306680000002,0.0,passed,
14336,7168,16384,cktile_17_split0,cktile,17,0,a8w8_blockscale_cktile_32x128x128_1x4x1_16x16x128_intrawave_0x1x0_3,0,16,5539.1976,0.0,passed,
14336,7168,16384,cktile_18_split0,cktile,18,0,a8w8_blockscale_cktile_32x128x128_1x4x1_16x16x128_intrawave_0x1x0_4,0,17,5593.855840000004,0.0,passed,
14336,7168,16384,cktile_19_split0,cktile,19,0,a8w8_blockscale_cktile_32x128x128_1x4x1_16x16x64_intrawave_0x1x0_3,0,18,5010.7900199999995,0.0,passed,
14336,7168,16384,cktile_20_split0,cktile,20,0,a8w8_blockscale_cktile_32x128x128_1x4x1_16x16x64_intrawave_0x1x0_4,0,19,5003.1030833333325,0.0,passed,
14336,7168,16384,cktile_21_split0,cktile,21,0,a8w8_blockscale_cktile_128x128x128_1x4x1_16x16x128_intrawave_0x1x0_2,0,20,3212.247212765959,0.0,passed,
14336,7168,16384,cktile_22_split0,cktile,22,0,a8w8_blockscale_cktile_128x128x128_1x4x1_16x16x128_intrawave_0x1x0_3,0,21,10235.025317073172,0.0,passed,
14336,7168,16384,cktile_23_split0,cktile,23,0,a8w8_blockscale_cktile_128x128x128_1x4x1_16x16x128_intrawave_0x1x0_4,0,22,15766.728911111126,0.0,passed,
14336,7168,16384,cktile_24_split0,cktile,24,0,a8w8_blockscale_cktile_128x128x128_2x2x1_16x16x128_intrawave_0x1x0_1,0,23,3066.6367999999993,0.0,passed,
14336,7168,16384,cktile_25_split0,cktile,25,0,a8w8_blockscale_cktile_128x128x128_2x2x1_16x16x128_intrawave_0x1x0_3,0,24,10572.296113636363,0.0,passed,
14336,7168,16384,cktile_26_split0,cktile,26,0,a8w8_blockscale_cktile_128x128x128_2x2x1_16x16x128_intrawave_0x1x0_4,0,25,23939.1434888889,0.0,passed,
14336,7168,16384,cktile_27_split0,cktile,27,0,a8w8_blockscale_cktile_192x256x128_4x2x1_16x16x128_intrawave_0x1x0_2,0,26,1652.3032045454543,0.0,passed,
14336,7168,16384,cktile_28_split0,cktile,28,0,a8w8_blockscale_cktile_192x256x128_4x2x1_16x16x128_intrawave_0x1x0_3,0,27,1654.9307500000007,0.0,passed,
14336,7168,16384,cktile_29_split0,cktile,29,0,a8w8_blockscale_cktile_192x256x128_4x2x1_16x16x128_intrawave_0x1x0_4,0,28,1653.3396511627907,0.0,passed,
14336,7168,16384,cktile_30_split0,cktile,30,0,a8w8_blockscale_cktile_192x256x128_4x2x1_16x16x128_intrawave_0x1x0_2_aqrm,0,29,1862.20572,0.0,passed,
14336,7168,16384,cktile_31_split0,cktile,31,0,a8w8_blockscale_cktile_192x256x128_4x2x1_16x16x128_intrawave_0x1x0_3_aqrm,0,30,1861.1474897959192,0.0,passed,
14336,7168,16384,cktile_32_split0,cktile,32,0,a8w8_blockscale_cktile_192x256x128_4x2x1_16x16x128_intrawave_0x1x0_4_aqrm,0,31,1864.3161599999983,0.0,passed,
14336,7168,16384,opus_9000,opus,9000,0,opus_gemm_gfx950_a8w8_mxscale_gemm_bpreshuffle_256x256x256x128_2x2_16x16x128_1x128x128_tiles1_nooob,0,32,1391.808577777777,0.0,passed,
14336,7168,16384,opus_9010,opus,9010,0,opus_gemm_gfx950_a8w8_mxscale_gemm_bpreshuffle_256x128x128x128_2x2_16x16x128_1x128x128_tiles1_nooob,0,33,1955.1101836734701,0.0,passed,
14336,7168,16384,opus_9011,opus,9011,0,opus_gemm_gfx950_a8w8_mxscale_gemm_bpreshuffle_256x64x128x128_2x2_16x16x128_1x128x128_tiles1_nooob,0,34,2322.315759999999,0.0,passed,
14336,7168,16384,opus_9012,opus,9012,0,opus_gemm_gfx950_a8w8_mxscale_gemm_bpreshuffle_256x64x64x128_2x2_16x16x128_1x128x128_tiles1_nooob,0,35,3951.664265306123,0.0,passed,
14336,7168,16384,opus_9020,opus,9020,0,opus_gemm_gfx950_a8w8_mxscale_gemm_bpreshuffle_256x256x256x128_2x2_16x16x128_1x128x128_tiles1,0,36,1411.0492857142856,0.0,passed,
14336,7168,16384,ck_0_split0,ck,0,0,a8w8_blockscale_bpreshuffle_1x128x128_256x128x128x128_16x16_16x16_8x32x1_8x32x1_1x32x1x8_8_2x1_intrawave_v3,0,37,2100.35502173913,0.0,passed,
14336,7168,16384,ck_1_split0,ck,1,0,a8w8_blockscale_bpreshuffle_1x128x128_256x64x128x128_16x16_16x16_8x32x1_8x32x1_1x32x1x8_8_2x1_intrawave_v3,0,38,2215.8756122448976,0.0,passed,
14336,7168,16384,ck_2_split0,ck,2,0,a8w8_blockscale_bpreshuffle_1x128x128_256x64x64x128_16x16_16x16_8x32x1_8x32x1_1x32x1x8_8_2x1_intrawave_v3,0,39,3021.464930232558,0.0,passed,
14336,7168,16384,ck_3_split0,ck,3,0,a8w8_blockscale_bpreshuffle_1x128x128_256x16x256x128_8x16_16x16_16x16x1_8x32x1_1x16x1x16_8_1x2_intrawave_v1,0,40,12250.036520000007,0.0,passed,
14336,7168,16384,ck_4_split0,ck,4,0,a8w8_blockscale_bpreshuffle_1x128x128_256x16x128x128_8x16_16x16_16x16x1_8x32x1_1x16x1x16_8_1x2_intrawave_v1,0,41,5145.628088888888,0.0,passed,
14336,7168,16384,ck_5_split0,ck,5,0,a8w8_blockscale_bpreshuffle_1x128x128_256x16x64x128_8x16_16x16_16x16x1_8x32x1_1x16x1x16_4_1x1_intrawave_v1,0,42,5962.233265306122,0.0,passed,
14336,7168,16384,ck_6_split0,ck,6,0,a8w8_blockscale_bpreshuffle_1x128x128_256x16x128x256_16x16_16x16_16x16x1_16x16x1_1x16x1x16_8_1x2_intrawave_v1,0,43,5594.033979591836,0.0,passed,
14336,7168,16384,ck_7_split0,ck,7,0,a8w8_blockscale_bpreshuffle_1x128x128_256x16x64x256_16x16_16x16_16x16x1_16x16x1_1x16x1x16_4_1x1_intrawave_v1,0,44,5787.83436,0.0,passed,
14336,7168,16384,ck_8_split0,ck,8,0,a8w8_blockscale_bpreshuffle_1x128x128_256x32x256x128_16x16_16x16_8x32x1_8x32x1_1x32x1x8_8_2x1_intrawave_v1,0,45,6387.90358,0.0,passed,
14336,7168,16384,ck_9_split0,ck,9,0,a8w8_blockscale_bpreshuffle_1x128x128_256x32x128x128_16x16_16x16_8x32x1_8x32x1_1x32x1x8_8_2x1_intrawave_v1,0,46,3084.5401521739113,0.0,passed,
14336,7168,16384,ck_10_split0,ck,10,0,a8w8_blockscale_bpreshuffle_1x128x128_256x32x64x128_16x16_16x16_8x32x1_8x32x1_1x32x1x8_8_2x1_intrawave_v1,0,47,3757.299488888891,0.0,passed,
14336,7168,16384,ck_11_split0,ck,11,0,a8w8_blockscale_bpreshuffle_1x128x128_256x32x128x256_16x16_16x16_16x16x1_16x16x1_1x32x1x8_8_2x1_intrawave_v1,0,48,3409.180229166667,0.0,passed,
14336,7168,16384,ck_12_split0,ck,12,0,a8w8_blockscale_bpreshuffle_1x128x128_256x32x64x256_16x16_16x16_16x16x1_16x16x1_1x32x1x8_8_2x1_intrawave_v1,0,49,3784.8828200000003,0.0,passed,
14336,7168,16384,ck_13_split0,ck,13,0,a8w8_blockscale_bpreshuffle_1x128x128_256x64x256x128_16x16_16x16_8x32x1_8x32x1_1x32x1x8_8_2x1_intrawave_v1,0,50,2047.21818367347,0.0,passed,
14336,7168,16384,ck_14_split0,ck,14,0,a8w8_blockscale_bpreshuffle_1x128x128_256x64x128x128_16x16_16x16_8x32x1_8x32x1_1x32x1x8_8_2x1_intrawave_v1,0,51,2255.9878599999997,0.0,passed,
14336,7168,16384,ck_15_split0,ck,15,0,a8w8_blockscale_bpreshuffle_1x128x128_256x64x64x128_16x16_16x16_8x32x1_8x32x1_1x32x1x8_8_2x1_intrawave_v1,0,52,2957.96304347826,0.0,passed,
14336,7168,16384,ck_16_split0,ck,16,0,a8w8_blockscale_bpreshuffle_1x128x128_256x64x128x256_16x16_16x16_16x16x1_16x16x1_1x32x1x8_8_2x1_intrawave_v1,0,53,2406.4578297872326,0.0,passed,
14336,7168,16384,ck_17_split0,ck,17,0,a8w8_blockscale_bpreshuffle_1x128x128_256x64x64x256_16x16_16x16_16x16x1_16x16x1_1x32x1x8_8_2x1_intrawave_v1,0,54,3144.1715399999985,0.0,passed,
14336,7168,16384,cktile_0_split0,cktile,0,0,a8w8_blockscale_cktile_16x128x256_1x4x1_16x16x128_intrawave_0x1x0_1,0,55,5117.725690476188,0.0,passed,
14336,7168,16384,cktile_1_split0,cktile,1,0,a8w8_blockscale_cktile_16x128x256_1x4x1_16x16x128_intrawave_0x1x0_2,1,0,5102.104204545455,0.0,passed,
14336,7168,16384,cktile_0_split0,cktile,0,0,a8w8_blockscale_cktile_16x128x256_1x4x1_16x16x128_intrawave_0x1x0_1,1,1,5106.628162790699,0.0,passed,
14336,7168,16384,ck_17_split0,ck,17,0,a8w8_blockscale_bpreshuffle_1x128x128_256x64x64x256_16x16_16x16_16x16x1_16x16x1_1x32x1x8_8_2x1_intrawave_v1,1,2,3135.3586799999994,0.0,passed,
14336,7168,16384,ck_16_split0,ck,16,0,a8w8_blockscale_bpreshuffle_1x128x128_256x64x128x256_16x16_16x16_16x16x1_16x16x1_1x32x1x8_8_2x1_intrawave_v1,1,3,2398.236897959185,0.0,passed,
14336,7168,16384,ck_15_split0,ck,15,0,a8w8_blockscale_bpreshuffle_1x128x128_256x64x64x128_16x16_16x16_8x32x1_8x32x1_1x32x1x8_8_2x1_intrawave_v1,1,4,2943.3932799999993,0.0,passed,
14336,7168,16384,ck_14_split0,ck,14,0,a8w8_blockscale_bpreshuffle_1x128x128_256x64x128x128_16x16_16x16_8x32x1_8x32x1_1x32x1x8_8_2x1_intrawave_v1,1,5,2275.9065,0.0,passed,
14336,7168,16384,ck_13_split0,ck,13,0,a8w8_blockscale_bpreshuffle_1x128x128_256x64x256x128_16x16_16x16_8x32x1_8x32x1_1x32x1x8_8_2x1_intrawave_v1,1,6,2047.5772127659561,0.0,passed,
14336,7168,16384,ck_12_split0,ck,12,0,a8w8_blockscale_bpreshuffle_1x128x128_256x32x64x256_16x16_16x16_16x16x1_16x16x1_1x32x1x8_8_2x1_intrawave_v1,1,7,3784.673081632653,0.0,passed,
14336,7168,16384,ck_11_split0,ck,11,0,a8w8_blockscale_bpreshuffle_1x128x128_256x32x128x256_16x16_16x16_16x16x1_16x16x1_1x32x1x8_8_2x1_intrawave_v1,1,8,3384.1916458333326,0.0,passed,
14336,7168,16384,ck_10_split0,ck,10,0,a8w8_blockscale_bpreshuffle_1x128x128_256x32x64x128_16x16_16x16_8x32x1_8x32x1_1x32x1x8_8_2x1_intrawave_v1,1,9,3755.5704347826118,0.0,passed,
14336,7168,16384,ck_9_split0,ck,9,0,a8w8_blockscale_bpreshuffle_1x128x128_256x32x128x128_16x16_16x16_8x32x1_8x32x1_1x32x1x8_8_2x1_intrawave_v1,1,10,3076.1592391304343,0.0,passed,
14336,7168,16384,ck_8_split0,ck,8,0,a8w8_blockscale_bpreshuffle_1x128x128_256x32x256x128_16x16_16x16_8x32x1_8x32x1_1x32x1x8_8_2x1_intrawave_v1,1,11,6380.026019999998,0.0,passed,
14336,7168,16384,ck_7_split0,ck,7,0,a8w8_blockscale_bpreshuffle_1x128x128_256x16x64x256_16x16_16x16_16x16x1_16x16x1_1x16x1x16_4_1x1_intrawave_v1,1,12,5779.316780000001,0.0,passed,
14336,7168,16384,ck_6_split0,ck,6,0,a8w8_blockscale_bpreshuffle_1x128x128_256x16x128x256_16x16_16x16_16x16x1_16x16x1_1x16x1x16_8_1x2_intrawave_v1,1,13,5744.057159999996,0.0,passed,
14336,7168,16384,ck_5_split0,ck,5,0,a8w8_blockscale_bpreshuffle_1x128x128_256x16x64x128_8x16_16x16_16x16x1_8x32x1_1x16x1x16_4_1x1_intrawave_v1,1,14,5973.426127659575,0.0,passed,
14336,7168,16384,ck_4_split0,ck,4,0,a8w8_blockscale_bpreshuffle_1x128x128_256x16x128x128_8x16_16x16_16x16x1_8x32x1_1x16x1x16_8_1x2_intrawave_v1,1,15,5125.0446136363635,0.0,passed,
14336,7168,16384,ck_3_split0,ck,3,0,a8w8_blockscale_bpreshuffle_1x128x128_256x16x256x128_8x16_16x16_16x16x1_8x32x1_1x16x1x16_8_1x2_intrawave_v1,1,16,12212.28972916666,0.0,passed,
14336,7168,16384,ck_2_split0,ck,2,0,a8w8_blockscale_bpreshuffle_1x128x128_256x64x64x128_16x16_16x16_8x32x1_8x32x1_1x32x1x8_8_2x1_intrawave_v3,1,17,3017.4588409090898,0.0,passed,
14336,7168,16384,ck_1_split0,ck,1,0,a8w8_blockscale_bpreshuffle_1x128x128_256x64x128x128_16x16_16x16_8x32x1_8x32x1_1x32x1x8_8_2x1_intrawave_v3,1,18,2224.238479166667,0.0,passed,
14336,7168,16384,ck_0_split0,ck,0,0,a8w8_blockscale_bpreshuffle_1x128x128_256x128x128x128_16x16_16x16_8x32x1_8x32x1_1x32x1x8_8_2x1_intrawave_v3,1,19,2079.584279999999,0.0,passed,
14336,7168,16384,opus_9020,opus,9020,0,opus_gemm_gfx950_a8w8_mxscale_gemm_bpreshuffle_256x256x256x128_2x2_16x16x128_1x128x128_tiles1,1,20,1405.3244081632645,0.0,passed,
14336,7168,16384,opus_9012,opus,9012,0,opus_gemm_gfx950_a8w8_mxscale_gemm_bpreshuffle_256x64x64x128_2x2_16x16x128_1x128x128_tiles1_nooob,1,21,3944.3959199999967,0.0,passed,
14336,7168,16384,opus_9011,opus,9011,0,opus_gemm_gfx950_a8w8_mxscale_gemm_bpreshuffle_256x64x128x128_2x2_16x16x128_1x128x128_tiles1_nooob,1,22,2342.3496600000003,0.0,passed,
14336,7168,16384,opus_9010,opus,9010,0,opus_gemm_gfx950_a8w8_mxscale_gemm_bpreshuffle_256x128x128x128_2x2_16x16x128_1x128x128_tiles1_nooob,1,23,1953.8245306122453,0.0,passed,
14336,7168,16384,opus_9000,opus,9000,0,opus_gemm_gfx950_a8w8_mxscale_gemm_bpreshuffle_256x256x256x128_2x2_16x16x128_1x128x128_tiles1_nooob,1,24,1390.7680425531914,0.0,passed,
14336,7168,16384,cktile_32_split0,cktile,32,0,a8w8_blockscale_cktile_192x256x128_4x2x1_16x16x128_intrawave_0x1x0_4_aqrm,1,25,1862.5115217391317,0.0,passed,
14336,7168,16384,cktile_31_split0,cktile,31,0,a8w8_blockscale_cktile_192x256x128_4x2x1_16x16x128_intrawave_0x1x0_3_aqrm,1,26,1860.3179555555557,0.0,passed,
14336,7168,16384,cktile_30_split0,cktile,30,0,a8w8_blockscale_cktile_192x256x128_4x2x1_16x16x128_intrawave_0x1x0_2_aqrm,1,27,1862.3962200000003,0.0,passed,
14336,7168,16384,cktile_29_split0,cktile,29,0,a8w8_blockscale_cktile_192x256x128_4x2x1_16x16x128_intrawave_0x1x0_4,1,28,1649.9629069767439,0.0,passed,
14336,7168,16384,cktile_28_split0,cktile,28,0,a8w8_blockscale_cktile_192x256x128_4x2x1_16x16x128_intrawave_0x1x0_3,1,29,1650.3659999999995,0.0,passed,
14336,7168,16384,cktile_27_split0,cktile,27,0,a8w8_blockscale_cktile_192x256x128_4x2x1_16x16x128_intrawave_0x1x0_2,1,30,1649.8535106382992,0.0,passed,
14336,7168,16384,cktile_26_split0,cktile,26,0,a8w8_blockscale_cktile_128x128x128_2x2x1_16x16x128_intrawave_0x1x0_4,1,31,23943.241851063827,0.0,passed,
14336,7168,16384,cktile_25_split0,cktile,25,0,a8w8_blockscale_cktile_128x128x128_2x2x1_16x16x128_intrawave_0x1x0_3,1,32,10575.187071428574,0.0,passed,
14336,7168,16384,cktile_24_split0,cktile,24,0,a8w8_blockscale_cktile_128x128x128_2x2x1_16x16x128_intrawave_0x1x0_1,1,33,3075.5330599999993,0.0,passed,
14336,7168,16384,cktile_23_split0,cktile,23,0,a8w8_blockscale_cktile_128x128x128_1x4x1_16x16x128_intrawave_0x1x0_4,1,34,15766.093347826098,0.0,passed,
14336,7168,16384,cktile_22_split0,cktile,22,0,a8w8_blockscale_cktile_128x128x128_1x4x1_16x16x128_intrawave_0x1x0_3,1,35,10232.469288888895,0.0,passed,
14336,7168,16384,cktile_21_split0,cktile,21,0,a8w8_blockscale_cktile_128x128x128_1x4x1_16x16x128_intrawave_0x1x0_2,1,36,3210.3234000000016,0.0,passed,
14336,7168,16384,cktile_20_split0,cktile,20,0,a8w8_blockscale_cktile_32x128x128_1x4x1_16x16x64_intrawave_0x1x0_4,1,37,5053.54895833333,0.0,passed,
14336,7168,16384,cktile_19_split0,cktile,19,0,a8w8_blockscale_cktile_32x128x128_1x4x1_16x16x64_intrawave_0x1x0_3,1,38,5011.073540000003,0.0,passed,
14336,7168,16384,cktile_18_split0,cktile,18,0,a8w8_blockscale_cktile_32x128x128_1x4x1_16x16x128_intrawave_0x1x0_4,1,39,5611.577979999999,0.0,passed,
14336,7168,16384,cktile_17_split0,cktile,17,0,a8w8_blockscale_cktile_32x128x128_1x4x1_16x16x128_intrawave_0x1x0_3,1,40,5512.211260000003,0.0,passed,
14336,7168,16384,cktile_16_split0,cktile,16,0,a8w8_blockscale_cktile_16x128x256_1x4x1_16x16x64_intrawave_0x1x0_4,1,41,11289.864617021281,0.0,passed,
14336,7168,16384,cktile_15_split0,cktile,15,0,a8w8_blockscale_cktile_16x128x256_1x4x1_16x16x64_intrawave_0x1x0_3,1,42,6477.390260000002,0.0,passed,
14336,7168,16384,cktile_14_split0,cktile,14,0,a8w8_blockscale_cktile_16x128x256_1x4x1_16x16x128_intrawave_0x1x0_4,1,43,13116.824419999995,0.0,passed,
14336,7168,16384,cktile_13_split0,cktile,13,0,a8w8_blockscale_cktile_16x128x256_1x4x1_16x16x128_intrawave_0x1x0_3,1,44,5138.264434782606,0.0,passed,
14336,7168,16384,cktile_12_split0,cktile,12,0,a8w8_blockscale_cktile_192x256x128_4x2x1_16x16x128_intrawave_0x1x0_1_aqrm,1,45,1864.3636041666675,0.0,passed,
14336,7168,16384,cktile_11_split0,cktile,11,0,a8w8_blockscale_cktile_192x256x128_4x2x1_16x16x128_intrawave_0x1x0_1,1,46,1626.7591600000005,0.0,passed,
14336,7168,16384,cktile_10_split0,cktile,10,0,a8w8_blockscale_cktile_128x128x128_2x2x1_16x16x128_intrawave_0x1x0_2,1,47,3069.408020833334,0.0,passed,
14336,7168,16384,cktile_9_split0,cktile,9,0,a8w8_blockscale_cktile_128x128x128_1x4x1_16x16x128_intrawave_0x1x0_1,1,48,3202.66452083333,0.0,passed,
14336,7168,16384,cktile_8_split0,cktile,8,0,a8w8_blockscale_cktile_128x128x128_1x4x1_16x16x128_intrawave_0x1x0_1,1,49,3210.2890399999997,0.0,passed,
14336,7168,16384,cktile_7_split0,cktile,7,0,a8w8_blockscale_cktile_32x128x128_1x4x1_16x16x64_intrawave_0x1x0_2,1,50,4994.05906122449,0.0,passed,
14336,7168,16384,cktile_6_split0,cktile,6,0,a8w8_blockscale_cktile_32x128x128_1x4x1_16x16x64_intrawave_0x1x0_1,1,51,4093.779170212762,0.0,passed,
14336,7168,16384,cktile_5_split0,cktile,5,0,a8w8_blockscale_cktile_32x128x128_1x4x1_16x16x128_intrawave_0x1x0_2,1,52,5562.8814799999955,0.0,passed,
14336,7168,16384,cktile_4_split0,cktile,4,0,a8w8_blockscale_cktile_32x128x128_1x4x1_16x16x128_intrawave_0x1x0_1,1,53,5561.0078600000015,0.0,passed,
14336,7168,16384,cktile_3_split0,cktile,3,0,a8w8_blockscale_cktile_16x128x256_1x4x1_16x16x64_intrawave_0x1x0_2,1,54,6550.432779999999,0.0,passed,
14336,7168,16384,cktile_2_split0,cktile,2,0,a8w8_blockscale_cktile_16x128x256_1x4x1_16x16x64_intrawave_0x1x0_1,1,55,6488.165938775512,0.0,passed,
14336,7168,16384,cktile_3_split0,cktile,3,0,a8w8_blockscale_cktile_16x128x256_1x4x1_16x16x64_intrawave_0x1x0_2,2,0,6379.694060000001,0.0,passed,
14336,7168,16384,cktile_4_split0,cktile,4,0,a8w8_blockscale_cktile_32x128x128_1x4x1_16x16x128_intrawave_0x1x0_1,2,1,5525.6523000000025,0.0,passed,
14336,7168,16384,cktile_5_split0,cktile,5,0,a8w8_blockscale_cktile_32x128x128_1x4x1_16x16x128_intrawave_0x1x0_2,2,2,5543.110920000001,0.0,passed,
14336,7168,16384,cktile_6_split0,cktile,6,0,a8w8_blockscale_cktile_32x128x128_1x4x1_16x16x64_intrawave_0x1x0_1,2,3,4065.320934782611,0.0,passed,
14336,7168,16384,cktile_7_split0,cktile,7,0,a8w8_blockscale_cktile_32x128x128_1x4x1_16x16x64_intrawave_0x1x0_2,2,4,4932.6943599999995,0.0,passed,
14336,7168,16384,cktile_8_split0,cktile,8,0,a8w8_blockscale_cktile_128x128x128_1x4x1_16x16x128_intrawave_0x1x0_1,2,5,3213.444320000001,0.0,passed,
14336,7168,16384,cktile_9_split0,cktile,9,0,a8w8_blockscale_cktile_128x128x128_1x4x1_16x16x128_intrawave_0x1x0_1,2,6,3209.985499999999,0.0,passed,
14336,7168,16384,cktile_10_split0,cktile,10,0,a8w8_blockscale_cktile_128x128x128_2x2x1_16x16x128_intrawave_0x1x0_2,2,7,3075.5056458333333,0.0,passed,
14336,7168,16384,cktile_11_split0,cktile,11,0,a8w8_blockscale_cktile_192x256x128_4x2x1_16x16x128_intrawave_0x1x0_1,2,8,1651.7488750000011,0.0,passed,
14336,7168,16384,cktile_12_split0,cktile,12,0,a8w8_blockscale_cktile_192x256x128_4x2x1_16x16x128_intrawave_0x1x0_1_aqrm,2,9,1863.6056122448977,0.0,passed,
14336,7168,16384,cktile_13_split0,cktile,13,0,a8w8_blockscale_cktile_16x128x256_1x4x1_16x16x128_intrawave_0x1x0_3,2,10,5126.549268292683,0.0,passed,
14336,7168,16384,cktile_14_split0,cktile,14,0,a8w8_blockscale_cktile_16x128x256_1x4x1_16x16x128_intrawave_0x1x0_4,2,11,13126.007219999996,0.0,passed,
14336,7168,16384,cktile_15_split0,cktile,15,0,a8w8_blockscale_cktile_16x128x256_1x4x1_16x16x64_intrawave_0x1x0_3,2,12,6390.182239999999,0.0,passed,
14336,7168,16384,cktile_16_split0,cktile,16,0,a8w8_blockscale_cktile_16x128x256_1x4x1_16x16x64_intrawave_0x1x0_4,2,13,11323.306224489792,0.0,passed,
14336,7168,16384,cktile_17_split0,cktile,17,0,a8w8_blockscale_cktile_32x128x128_1x4x1_16x16x128_intrawave_0x1x0_3,2,14,5535.545279999997,0.0,passed,
14336,7168,16384,cktile_18_split0,cktile,18,0,a8w8_blockscale_cktile_32x128x128_1x4x1_16x16x128_intrawave_0x1x0_4,2,15,5621.426367346941,0.0,passed,
14336,7168,16384,cktile_19_split0,cktile,19,0,a8w8_blockscale_cktile_32x128x128_1x4x1_16x16x64_intrawave_0x1x0_3,2,16,4953.1914400000005,0.0,passed,
14336,7168,16384,cktile_20_split0,cktile,20,0,a8w8_blockscale_cktile_32x128x128_1x4x1_16x16x64_intrawave_0x1x0_4,2,17,5000.6706938775515,0.0,passed,
14336,7168,16384,cktile_21_split0,cktile,21,0,a8w8_blockscale_cktile_128x128x128_1x4x1_16x16x128_intrawave_0x1x0_2,2,18,3204.4615714285715,0.0,passed,
14336,7168,16384,cktile_22_split0,cktile,22,0,a8w8_blockscale_cktile_128x128x128_1x4x1_16x16x128_intrawave_0x1x0_3,2,19,10239.492456521742,0.0,passed,
14336,7168,16384,cktile_23_split0,cktile,23,0,a8w8_blockscale_cktile_128x128x128_1x4x1_16x16x128_intrawave_0x1x0_4,2,20,15766.219173913038,0.0,passed,
14336,7168,16384,cktile_24_split0,cktile,24,0,a8w8_blockscale_cktile_128x128x128_2x2x1_16x16x128_intrawave_0x1x0_1,2,21,3095.771820000002,0.0,passed,
14336,7168,16384,cktile_25_split0,cktile,25,0,a8w8_blockscale_cktile_128x128x128_2x2x1_16x16x128_intrawave_0x1x0_3,2,22,10578.766272727273,0.0,passed,
14336,7168,16384,cktile_26_split0,cktile,26,0,a8w8_blockscale_cktile_128x128x128_2x2x1_16x16x128_intrawave_0x1x0_4,2,23,23940.8515531915,0.0,passed,
14336,7168,16384,cktile_27_split0,cktile,27,0,a8w8_blockscale_cktile_192x256x128_4x2x1_16x16x128_intrawave_0x1x0_2,2,24,1625.8791800000004,0.0,passed,
14336,7168,16384,cktile_28_split0,cktile,28,0,a8w8_blockscale_cktile_192x256x128_4x2x1_16x16x128_intrawave_0x1x0_3,2,25,1650.6630212765954,0.0,passed,
14336,7168,16384,cktile_29_split0,cktile,29,0,a8w8_blockscale_cktile_192x256x128_4x2x1_16x16x128_intrawave_0x1x0_4,2,26,1651.8676666666672,0.0,passed,
14336,7168,16384,cktile_30_split0,cktile,30,0,a8w8_blockscale_cktile_192x256x128_4x2x1_16x16x128_intrawave_0x1x0_2_aqrm,2,27,1864.897897959184,0.0,passed,
14336,7168,16384,cktile_31_split0,cktile,31,0,a8w8_blockscale_cktile_192x256x128_4x2x1_16x16x128_intrawave_0x1x0_3_aqrm,2,28,1866.6236326530623,0.0,passed,
14336,7168,16384,cktile_32_split0,cktile,32,0,a8w8_blockscale_cktile_192x256x128_4x2x1_16x16x128_intrawave_0x1x0_4_aqrm,2,29,1865.741142857142,0.0,passed,
14336,7168,16384,opus_9000,opus,9000,0,opus_gemm_gfx950_a8w8_mxscale_gemm_bpreshuffle_256x256x256x128_2x2_16x16x128_1x128x128_tiles1_nooob,2,30,1387.34768,0.0,passed,
14336,7168,16384,opus_9010,opus,9010,0,opus_gemm_gfx950_a8w8_mxscale_gemm_bpreshuffle_256x128x128x128_2x2_16x16x128_1x128x128_tiles1_nooob,2,31,1958.1397755102057,0.0,passed,
14336,7168,16384,opus_9011,opus,9011,0,opus_gemm_gfx950_a8w8_mxscale_gemm_bpreshuffle_256x64x128x128_2x2_16x16x128_1x128x128_tiles1_nooob,2,32,2324.9168000000013,0.0,passed,
14336,7168,16384,opus_9012,opus,9012,0,opus_gemm_gfx950_a8w8_mxscale_gemm_bpreshuffle_256x64x64x128_2x2_16x16x128_1x128x128_tiles1_nooob,2,33,3935.318306122448,0.0,passed,
14336,7168,16384,opus_9020,opus,9020,0,opus_gemm_gfx950_a8w8_mxscale_gemm_bpreshuffle_256x256x256x128_2x2_16x16x128_1x128x128_tiles1,2,34,1408.222448979592,0.0,passed,
14336,7168,16384,ck_0_split0,ck,0,0,a8w8_blockscale_bpreshuffle_1x128x128_256x128x128x128_16x16_16x16_8x32x1_8x32x1_1x32x1x8_8_2x1_intrawave_v3,2,35,2083.5012400000014,0.0,passed,
14336,7168,16384,ck_1_split0,ck,1,0,a8w8_blockscale_bpreshuffle_1x128x128_256x64x128x128_16x16_16x16_8x32x1_8x32x1_1x32x1x8_8_2x1_intrawave_v3,2,36,2214.36274,0.0,passed,
14336,7168,16384,ck_2_split0,ck,2,0,a8w8_blockscale_bpreshuffle_1x128x128_256x64x64x128_16x16_16x16_8x32x1_8x32x1_1x32x1x8_8_2x1_intrawave_v3,2,37,2959.2528750000006,0.0,passed,
14336,7168,16384,ck_3_split0,ck,3,0,a8w8_blockscale_bpreshuffle_1x128x128_256x16x256x128_8x16_16x16_16x16x1_8x32x1_1x16x1x16_8_1x2_intrawave_v1,2,38,12266.255419999994,0.0,passed,
14336,7168,16384,ck_4_split0,ck,4,0,a8w8_blockscale_bpreshuffle_1x128x128_256x16x128x128_8x16_16x16_16x16x1_8x32x1_1x16x1x16_8_1x2_intrawave_v1,2,39,5121.906953488374,0.0,passed,
14336,7168,16384,ck_5_split0,ck,5,0,a8w8_blockscale_bpreshuffle_1x128x128_256x16x64x128_8x16_16x16_16x16x1_8x32x1_1x16x1x16_4_1x1_intrawave_v1,2,40,5985.835693877554,0.0,passed,
14336,7168,16384,ck_6_split0,ck,6,0,a8w8_blockscale_bpreshuffle_1x128x128_256x16x128x256_16x16_16x16_16x16x1_16x16x1_1x16x1x16_8_1x2_intrawave_v1,2,41,5652.521130434782,0.0,passed,
14336,7168,16384,ck_7_split0,ck,7,0,a8w8_blockscale_bpreshuffle_1x128x128_256x16x64x256_16x16_16x16_16x16x1_16x16x1_1x16x1x16_4_1x1_intrawave_v1,2,42,5791.308591836733,0.0,passed,
14336,7168,16384,ck_8_split0,ck,8,0,a8w8_blockscale_bpreshuffle_1x128x128_256x32x256x128_16x16_16x16_8x32x1_8x32x1_1x32x1x8_8_2x1_intrawave_v1,2,43,6404.959539999998,0.0,passed,
14336,7168,16384,ck_9_split0,ck,9,0,a8w8_blockscale_bpreshuffle_1x128x128_256x32x128x128_16x16_16x16_8x32x1_8x32x1_1x32x1x8_8_2x1_intrawave_v1,2,44,3073.6887500000007,0.0,passed,
14336,7168,16384,ck_10_split0,ck,10,0,a8w8_blockscale_bpreshuffle_1x128x128_256x32x64x128_16x16_16x16_8x32x1_8x32x1_1x32x1x8_8_2x1_intrawave_v1,2,45,3756.958521739132,0.0,passed,
14336,7168,16384,ck_11_split0,ck,11,0,a8w8_blockscale_bpreshuffle_1x128x128_256x32x128x256_16x16_16x16_16x16x1_16x16x1_1x32x1x8_8_2x1_intrawave_v1,2,46,3366.762022222222,0.0,passed,
14336,7168,16384,ck_12_split0,ck,12,0,a8w8_blockscale_bpreshuffle_1x128x128_256x32x64x256_16x16_16x16_16x16x1_16x16x1_1x32x1x8_8_2x1_intrawave_v1,2,47,3793.6072599999998,0.0,passed,
14336,7168,16384,ck_13_split0,ck,13,0,a8w8_blockscale_bpreshuffle_1x128x128_256x64x256x128_16x16_16x16_8x32x1_8x32x1_1x32x1x8_8_2x1_intrawave_v1,2,48,2047.7124375000005,0.0,passed,
14336,7168,16384,ck_14_split0,ck,14,0,a8w8_blockscale_bpreshuffle_1x128x128_256x64x128x128_16x16_16x16_8x32x1_8x32x1_1x32x1x8_8_2x1_intrawave_v1,2,49,2215.5987799999994,0.0,passed,
14336,7168,16384,ck_15_split0,ck,15,0,a8w8_blockscale_bpreshuffle_1x128x128_256x64x64x128_16x16_16x16_8x32x1_8x32x1_1x32x1x8_8_2x1_intrawave_v1,2,50,2940.2215,0.0,passed,
14336,7168,16384,ck_16_split0,ck,16,0,a8w8_blockscale_bpreshuffle_1x128x128_256x64x128x256_16x16_16x16_16x16x1_16x16x1_1x32x1x8_8_2x1_intrawave_v1,2,51,2398.532,0.0,passed,
14336,7168,16384,ck_17_split0,ck,17,0,a8w8_blockscale_bpreshuffle_1x128x128_256x64x64x256_16x16_16x16_16x16x1_16x16x1_1x32x1x8_8_2x1_intrawave_v1,2,52,3146.9494599999994,0.0,passed,
14336,7168,16384,cktile_0_split0,cktile,0,0,a8w8_blockscale_cktile_16x128x256_1x4x1_16x16x128_intrawave_0x1x0_1,2,53,5115.211266666665,0.0,passed,
14336,7168,16384,cktile_1_split0,cktile,1,0,a8w8_blockscale_cktile_16x128x256_1x4x1_16x16x128_intrawave_0x1x0_2,2,54,5116.119260869564,0.0,passed,
14336,7168,16384,cktile_2_split0,cktile,2,0,a8w8_blockscale_cktile_16x128x256_1x4x1_16x16x64_intrawave_0x1x0_1,2,55,6591.127939999997,0.0,passed,
1152,16384,1536,cktile_2_split0,cktile,2,0,a8w8_blockscale_cktile_16x128x256_1x4x1_16x16x64_intrawave_0x1x0_1,0,0,110.25475510204092,0.0,passed,
1152,16384,1536,cktile_3_split0,cktile,3,0,a8w8_blockscale_cktile_16x128x256_1x4x1_16x16x64_intrawave_0x1x0_2,0,1,113.35049999999994,0.0,passed,
1152,16384,1536,cktile_4_split0,cktile,4,0,a8w8_blockscale_cktile_32x128x128_1x4x1_16x16x128_intrawave_0x1x0_1,0,2,79.87812000000001,0.0,passed,
1152,16384,1536,cktile_5_split0,cktile,5,0,a8w8_blockscale_cktile_32x128x128_1x4x1_16x16x128_intrawave_0x1x0_2,0,3,80.00451999999997,0.0,passed,
1152,16384,1536,cktile_6_split0,cktile,6,0,a8w8_blockscale_cktile_32x128x128_1x4x1_16x16x64_intrawave_0x1x0_1,0,4,80.37413999999991,0.0,passed,
1152,16384,1536,cktile_7_split0,cktile,7,0,a8w8_blockscale_cktile_32x128x128_1x4x1_16x16x64_intrawave_0x1x0_2,0,5,82.78134000000004,0.0,passed,
1152,16384,1536,cktile_8_split0,cktile,8,0,a8w8_blockscale_cktile_128x128x128_1x4x1_16x16x128_intrawave_0x1x0_1,0,6,78.15809999999999,0.0,passed,
1152,16384,1536,cktile_9_split0,cktile,9,0,a8w8_blockscale_cktile_128x128x128_1x4x1_16x16x128_intrawave_0x1x0_1,0,7,78.08928000000006,0.0,passed,
1152,16384,1536,cktile_10_split0,cktile,10,0,a8w8_blockscale_cktile_128x128x128_2x2x1_16x16x128_intrawave_0x1x0_2,0,8,77.20132653061226,0.0,passed,
1152,16384,1536,cktile_11_split0,cktile,11,0,a8w8_blockscale_cktile_192x256x128_4x2x1_16x16x128_intrawave_0x1x0_1,0,9,44.44602040816328,0.0,passed,
1152,16384,1536,cktile_12_split0,cktile,12,0,a8w8_blockscale_cktile_192x256x128_4x2x1_16x16x128_intrawave_0x1x0_1_aqrm,0,10,46.75554000000002,0.0,passed,
1152,16384,1536,cktile_13_split0,cktile,13,0,a8w8_blockscale_cktile_16x128x256_1x4x1_16x16x128_intrawave_0x1x0_3,0,11,107.88803999999993,0.0,passed,
1152,16384,1536,cktile_14_split0,cktile,14,0,a8w8_blockscale_cktile_16x128x256_1x4x1_16x16x128_intrawave_0x1x0_4,0,12,200.0707,0.0,passed,
1152,16384,1536,cktile_15_split0,cktile,15,0,a8w8_blockscale_cktile_16x128x256_1x4x1_16x16x64_intrawave_0x1x0_3,0,13,113.83212000000003,0.0,passed,
1152,16384,1536,cktile_16_split0,cktile,16,0,a8w8_blockscale_cktile_16x128x256_1x4x1_16x16x64_intrawave_0x1x0_4,0,14,127.19545999999997,0.0,passed,
1152,16384,1536,cktile_17_split0,cktile,17,0,a8w8_blockscale_cktile_32x128x128_1x4x1_16x16x128_intrawave_0x1x0_3,0,15,79.25172000000002,0.0,passed,
1152,16384,1536,cktile_18_split0,cktile,18,0,a8w8_blockscale_cktile_32x128x128_1x4x1_16x16x128_intrawave_0x1x0_4,0,16,79.16450000000003,0.0,passed,
1152,16384,1536,cktile_19_split0,cktile,19,0,a8w8_blockscale_cktile_32x128x128_1x4x1_16x16x64_intrawave_0x1x0_3,0,17,82.61493999999999,0.0,passed,
1152,16384,1536,cktile_20_split0,cktile,20,0,a8w8_blockscale_cktile_32x128x128_1x4x1_16x16x64_intrawave_0x1x0_4,0,18,83.31816,0.0,passed,
1152,16384,1536,cktile_21_split0,cktile,21,0,a8w8_blockscale_cktile_128x128x128_1x4x1_16x16x128_intrawave_0x1x0_2,0,19,76.95326000000003,0.0,passed,
1152,16384,1536,cktile_22_split0,cktile,22,0,a8w8_blockscale_cktile_128x128x128_1x4x1_16x16x128_intrawave_0x1x0_3,0,20,216.3661904761905,0.0,passed,
1152,16384,1536,cktile_23_split0,cktile,23,0,a8w8_blockscale_cktile_128x128x128_1x4x1_16x16x128_intrawave_0x1x0_4,0,21,347.6356363636365,0.0,passed,
1152,16384,1536,cktile_24_split0,cktile,24,0,a8w8_blockscale_cktile_128x128x128_2x2x1_16x16x128_intrawave_0x1x0_1,0,22,77.23889130434787,0.0,passed,
1152,16384,1536,cktile_25_split0,cktile,25,0,a8w8_blockscale_cktile_128x128x128_2x2x1_16x16x128_intrawave_0x1x0_3,0,23,226.97204081632643,0.0,passed,
1152,16384,1536,cktile_26_split0,cktile,26,0,a8w8_blockscale_cktile_128x128x128_2x2x1_16x16x128_intrawave_0x1x0_4,0,24,494.4028510638296,0.0,passed,
1152,16384,1536,cktile_27_split0,cktile,27,0,a8w8_blockscale_cktile_192x256x128_4x2x1_16x16x128_intrawave_0x1x0_2,0,25,44.225021276595754,0.0,passed,
1152,16384,1536,cktile_28_split0,cktile,28,0,a8w8_blockscale_cktile_192x256x128_4x2x1_16x16x128_intrawave_0x1x0_3,0,26,44.166622222222216,0.0,passed,
1152,16384,1536,cktile_29_split0,cktile,29,0,a8w8_blockscale_cktile_192x256x128_4x2x1_16x16x128_intrawave_0x1x0_4,0,27,44.78992000000001,0.0,passed,
1152,16384,1536,cktile_30_split0,cktile,30,0,a8w8_blockscale_cktile_192x256x128_4x2x1_16x16x128_intrawave_0x1x0_2_aqrm,0,28,45.75948837209301,0.0,passed,
1152,16384,1536,cktile_31_split0,cktile,31,0,a8w8_blockscale_cktile_192x256x128_4x2x1_16x16x128_intrawave_0x1x0_3_aqrm,0,29,45.88997619047618,0.0,passed,
1152,16384,1536,cktile_32_split0,cktile,32,0,a8w8_blockscale_cktile_192x256x128_4x2x1_16x16x128_intrawave_0x1x0_4_aqrm,0,30,45.9147619047619,0.0,passed,
1152,16384,1536,opus_9010,opus,9010,0,opus_gemm_gfx950_a8w8_mxscale_gemm_bpreshuffle_256x128x128x128_2x2_16x16x128_1x128x128_tiles1_nooob,0,31,62.78852,0.0,passed,
1152,16384,1536,opus_9011,opus,9011,0,opus_gemm_gfx950_a8w8_mxscale_gemm_bpreshuffle_256x64x128x128_2x2_16x16x128_1x128x128_tiles1_nooob,0,32,56.79565999999999,0.0,passed,
1152,16384,1536,opus_9012,opus,9012,0,opus_gemm_gfx950_a8w8_mxscale_gemm_bpreshuffle_256x64x64x128_2x2_16x16x128_1x128x128_tiles1_nooob,0,33,72.52783999999998,0.0,passed,
1152,16384,1536,opus_9020,opus,9020,0,opus_gemm_gfx950_a8w8_mxscale_gemm_bpreshuffle_256x256x256x128_2x2_16x16x128_1x128x128_tiles1,0,34,50.55007142857144,0.0,passed,
1152,16384,1536,ck_0_split0,ck,0,0,a8w8_blockscale_bpreshuffle_1x128x128_256x128x128x128_16x16_16x16_8x32x1_8x32x1_1x32x1x8_8_2x1_intrawave_v3,0,35,55.334839999999986,0.0,passed,
1152,16384,1536,ck_1_split0,ck,1,0,a8w8_blockscale_bpreshuffle_1x128x128_256x64x128x128_16x16_16x16_8x32x1_8x32x1_1x32x1x8_8_2x1_intrawave_v3,0,36,53.202625,0.0,passed,
1152,16384,1536,ck_2_split0,ck,2,0,a8w8_blockscale_bpreshuffle_1x128x128_256x64x64x128_16x16_16x16_8x32x1_8x32x1_1x32x1x8_8_2x1_intrawave_v3,0,37,66.90136000000001,0.0,passed,
1152,16384,1536,ck_3_split0,ck,3,0,a8w8_blockscale_bpreshuffle_1x128x128_256x16x256x128_8x16_16x16_16x16x1_8x32x1_1x16x1x16_8_1x2_intrawave_v1,0,38,99.01213999999995,0.0,passed,
1152,16384,1536,ck_4_split0,ck,4,0,a8w8_blockscale_bpreshuffle_1x128x128_256x16x128x128_8x16_16x16_16x16x1_8x32x1_1x16x1x16_8_1x2_intrawave_v1,0,39,106.86981999999998,0.0,passed,
1152,16384,1536,ck_5_split0,ck,5,0,a8w8_blockscale_bpreshuffle_1x128x128_256x16x64x128_8x16_16x16_16x16x1_8x32x1_1x16x1x16_4_1x1_intrawave_v1,0,40,127.21006000000001,0.0,passed,
1152,16384,1536,ck_6_split0,ck,6,0,a8w8_blockscale_bpreshuffle_1x128x128_256x16x128x256_16x16_16x16_16x16x1_16x16x1_1x16x1x16_8_1x2_intrawave_v1,0,41,105.13219999999997,0.0,passed,
1152,16384,1536,ck_7_split0,ck,7,0,a8w8_blockscale_bpreshuffle_1x128x128_256x16x64x256_16x16_16x16_16x16x1_16x16x1_1x16x1x16_4_1x1_intrawave_v1,0,42,124.4261428571429,0.0,passed,
1152,16384,1536,ck_8_split0,ck,8,0,a8w8_blockscale_bpreshuffle_1x128x128_256x32x256x128_16x16_16x16_8x32x1_8x32x1_1x32x1x8_8_2x1_intrawave_v1,0,43,61.67411999999999,0.0,passed,
1152,16384,1536,ck_9_split0,ck,9,0,a8w8_blockscale_bpreshuffle_1x128x128_256x32x128x128_16x16_16x16_8x32x1_8x32x1_1x32x1x8_8_2x1_intrawave_v1,0,44,64.10691999999996,0.0,passed,
1152,16384,1536,ck_10_split0,ck,10,0,a8w8_blockscale_bpreshuffle_1x128x128_256x32x64x128_16x16_16x16_8x32x1_8x32x1_1x32x1x8_8_2x1_intrawave_v1,0,45,78.62871999999996,0.0,passed,
1152,16384,1536,ck_11_split0,ck,11,0,a8w8_blockscale_bpreshuffle_1x128x128_256x32x128x256_16x16_16x16_16x16x1_16x16x1_1x32x1x8_8_2x1_intrawave_v1,0,46,67.67338,0.0,passed,
1152,16384,1536,ck_12_split0,ck,12,0,a8w8_blockscale_bpreshuffle_1x128x128_256x32x64x256_16x16_16x16_16x16x1_16x16x1_1x32x1x8_8_2x1_intrawave_v1,0,47,84.22237999999999,0.0,passed,
1152,16384,1536,ck_13_split0,ck,13,0,a8w8_blockscale_bpreshuffle_1x128x128_256x64x256x128_16x16_16x16_8x32x1_8x32x1_1x32x1x8_8_2x1_intrawave_v1,0,48,55.09432653061224,0.0,passed,
1152,16384,1536,ck_14_split0,ck,14,0,a8w8_blockscale_bpreshuffle_1x128x128_256x64x128x128_16x16_16x16_8x32x1_8x32x1_1x32x1x8_8_2x1_intrawave_v1,0,49,55.43323999999997,0.0,passed,
1152,16384,1536,ck_15_split0,ck,15,0,a8w8_blockscale_bpreshuffle_1x128x128_256x64x64x128_16x16_16x16_8x32x1_8x32x1_1x32x1x8_8_2x1_intrawave_v1,0,50,66.03256000000002,0.0,passed,
1152,16384,1536,ck_16_split0,ck,16,0,a8w8_blockscale_bpreshuffle_1x128x128_256x64x128x256_16x16_16x16_16x16x1_16x16x1_1x32x1x8_8_2x1_intrawave_v1,0,51,62.34772000000002,0.0,passed,
1152,16384,1536,ck_17_split0,ck,17,0,a8w8_blockscale_bpreshuffle_1x128x128_256x64x64x256_16x16_16x16_16x16x1_16x16x1_1x32x1x8_8_2x1_intrawave_v1,0,52,78.26627999999998,0.0,passed,
1152,16384,1536,cktile_0_split0,cktile,0,0,a8w8_blockscale_cktile_16x128x256_1x4x1_16x16x128_intrawave_0x1x0_1,0,53,108.66163999999999,0.0,passed,
1152,16384,1536,cktile_1_split0,cktile,1,0,a8w8_blockscale_cktile_16x128x256_1x4x1_16x16x128_intrawave_0x1x0_2,0,54,108.84405999999996,0.0,passed,
1152,16384,1536,cktile_2_split0,cktile,2,0,a8w8_blockscale_cktile_16x128x256_1x4x1_16x16x64_intrawave_0x1x0_1,1,0,114.94731999999995,0.0,passed,
1152,16384,1536,cktile_1_split0,cktile,1,0,a8w8_blockscale_cktile_16x128x256_1x4x1_16x16x128_intrawave_0x1x0_2,1,1,109.78245999999999,0.0,passed,
1152,16384,1536,cktile_0_split0,cktile,0,0,a8w8_blockscale_cktile_16x128x256_1x4x1_16x16x128_intrawave_0x1x0_1,1,2,106.42482000000001,0.0,passed,
1152,16384,1536,ck_17_split0,ck,17,0,a8w8_blockscale_bpreshuffle_1x128x128_256x64x64x256_16x16_16x16_16x16x1_16x16x1_1x32x1x8_8_2x1_intrawave_v1,1,3,80.92792000000004,0.0,passed,
1152,16384,1536,ck_16_split0,ck,16,0,a8w8_blockscale_bpreshuffle_1x128x128_256x64x128x256_16x16_16x16_16x16x1_16x16x1_1x32x1x8_8_2x1_intrawave_v1,1,4,59.7717,0.0,passed,
1152,16384,1536,ck_15_split0,ck,15,0,a8w8_blockscale_bpreshuffle_1x128x128_256x64x64x128_16x16_16x16_8x32x1_8x32x1_1x32x1x8_8_2x1_intrawave_v1,1,5,66.25816,0.0,passed,
1152,16384,1536,ck_14_split0,ck,14,0,a8w8_blockscale_bpreshuffle_1x128x128_256x64x128x128_16x16_16x16_8x32x1_8x32x1_1x32x1x8_8_2x1_intrawave_v1,1,6,52.526799999999994,0.0,passed,
1152,16384,1536,ck_13_split0,ck,13,0,a8w8_blockscale_bpreshuffle_1x128x128_256x64x256x128_16x16_16x16_8x32x1_8x32x1_1x32x1x8_8_2x1_intrawave_v1,1,7,55.28364,0.0,passed,
1152,16384,1536,ck_12_split0,ck,12,0,a8w8_blockscale_bpreshuffle_1x128x128_256x32x64x256_16x16_16x16_16x16x1_16x16x1_1x32x1x8_8_2x1_intrawave_v1,1,8,83.42076000000003,0.0,passed,
1152,16384,1536,ck_11_split0,ck,11,0,a8w8_blockscale_bpreshuffle_1x128x128_256x32x128x256_16x16_16x16_16x16x1_16x16x1_1x32x1x8_8_2x1_intrawave_v1,1,9,68.64619999999998,0.0,passed,
1152,16384,1536,ck_10_split0,ck,10,0,a8w8_blockscale_bpreshuffle_1x128x128_256x32x64x128_16x16_16x16_8x32x1_8x32x1_1x32x1x8_8_2x1_intrawave_v1,1,10,82.57596000000001,0.0,passed,
1152,16384,1536,ck_9_split0,ck,9,0,a8w8_blockscale_bpreshuffle_1x128x128_256x32x128x128_16x16_16x16_8x32x1_8x32x1_1x32x1x8_8_2x1_intrawave_v1,1,11,64.50054000000002,0.0,passed,
1152,16384,1536,ck_8_split0,ck,8,0,a8w8_blockscale_bpreshuffle_1x128x128_256x32x256x128_16x16_16x16_8x32x1_8x32x1_1x32x1x8_8_2x1_intrawave_v1,1,12,61.8093,0.0,passed,
1152,16384,1536,ck_7_split0,ck,7,0,a8w8_blockscale_bpreshuffle_1x128x128_256x16x64x256_16x16_16x16_16x16x1_16x16x1_1x16x1x16_4_1x1_intrawave_v1,1,13,122.64439999999995,0.0,passed,
1152,16384,1536,ck_6_split0,ck,6,0,a8w8_blockscale_bpreshuffle_1x128x128_256x16x128x256_16x16_16x16_16x16x1_16x16x1_1x16x1x16_8_1x2_intrawave_v1,1,14,105.02659999999996,0.0,passed,
1152,16384,1536,ck_5_split0,ck,5,0,a8w8_blockscale_bpreshuffle_1x128x128_256x16x64x128_8x16_16x16_16x16x1_8x32x1_1x16x1x16_4_1x1_intrawave_v1,1,15,124.95643999999994,0.0,passed,
1152,16384,1536,ck_4_split0,ck,4,0,a8w8_blockscale_bpreshuffle_1x128x128_256x16x128x128_8x16_16x16_16x16x1_8x32x1_1x16x1x16_8_1x2_intrawave_v1,1,16,106.77861999999998,0.0,passed,
1152,16384,1536,ck_3_split0,ck,3,0,a8w8_blockscale_bpreshuffle_1x128x128_256x16x256x128_8x16_16x16_16x16x1_8x32x1_1x16x1x16_8_1x2_intrawave_v1,1,17,96.23369999999998,0.0,passed,
1152,16384,1536,ck_2_split0,ck,2,0,a8w8_blockscale_bpreshuffle_1x128x128_256x64x64x128_16x16_16x16_8x32x1_8x32x1_1x32x1x8_8_2x1_intrawave_v3,1,18,66.90136000000003,0.0,passed,
1152,16384,1536,ck_1_split0,ck,1,0,a8w8_blockscale_bpreshuffle_1x128x128_256x64x128x128_16x16_16x16_8x32x1_8x32x1_1x32x1x8_8_2x1_intrawave_v3,1,19,53.05960869565218,0.0,passed,
1152,16384,1536,ck_0_split0,ck,0,0,a8w8_blockscale_bpreshuffle_1x128x128_256x128x128x128_16x16_16x16_8x32x1_8x32x1_1x32x1x8_8_2x1_intrawave_v3,1,20,56.47643999999998,0.0,passed,
1152,16384,1536,opus_9020,opus,9020,0,opus_gemm_gfx950_a8w8_mxscale_gemm_bpreshuffle_256x256x256x128_2x2_16x16x128_1x128x128_tiles1,1,21,50.57861904761911,0.0,passed,
1152,16384,1536,opus_9012,opus,9012,0,opus_gemm_gfx950_a8w8_mxscale_gemm_bpreshuffle_256x64x64x128_2x2_16x16x128_1x128x128_tiles1_nooob,1,22,72.07903999999998,0.0,passed,
1152,16384,1536,opus_9011,opus,9011,0,opus_gemm_gfx950_a8w8_mxscale_gemm_bpreshuffle_256x64x128x128_2x2_16x16x128_1x128x128_tiles1_nooob,1,23,56.98845999999999,0.0,passed,
1152,16384,1536,opus_9010,opus,9010,0,opus_gemm_gfx950_a8w8_mxscale_gemm_bpreshuffle_256x128x128x128_2x2_16x16x128_1x128x128_tiles1_nooob,1,24,62.35329999999999,0.0,passed,
1152,16384,1536,cktile_32_split0,cktile,32,0,a8w8_blockscale_cktile_192x256x128_4x2x1_16x16x128_intrawave_0x1x0_4_aqrm,1,25,46.17057446808513,0.0,passed,
1152,16384,1536,cktile_31_split0,cktile,31,0,a8w8_blockscale_cktile_192x256x128_4x2x1_16x16x128_intrawave_0x1x0_3_aqrm,1,26,46.693408163265296,0.0,passed,
1152,16384,1536,cktile_30_split0,cktile,30,0,a8w8_blockscale_cktile_192x256x128_4x2x1_16x16x128_intrawave_0x1x0_2_aqrm,1,27,45.95686666666665,0.0,passed,
1152,16384,1536,cktile_29_split0,cktile,29,0,a8w8_blockscale_cktile_192x256x128_4x2x1_16x16x128_intrawave_0x1x0_4,1,28,44.25653191489362,0.0,passed,
1152,16384,1536,cktile_28_split0,cktile,28,0,a8w8_blockscale_cktile_192x256x128_4x2x1_16x16x128_intrawave_0x1x0_3,1,29,44.4386,0.0,passed,
1152,16384,1536,cktile_27_split0,cktile,27,0,a8w8_blockscale_cktile_192x256x128_4x2x1_16x16x128_intrawave_0x1x0_2,1,30,44.4335319148936,0.0,passed,
1152,16384,1536,cktile_26_split0,cktile,26,0,a8w8_blockscale_cktile_128x128x128_2x2x1_16x16x128_intrawave_0x1x0_4,1,31,495.71353191489357,0.0,passed,
1152,16384,1536,cktile_25_split0,cktile,25,0,a8w8_blockscale_cktile_128x128x128_2x2x1_16x16x128_intrawave_0x1x0_3,1,32,227.18220000000005,0.0,passed,
1152,16384,1536,cktile_24_split0,cktile,24,0,a8w8_blockscale_cktile_128x128x128_2x2x1_16x16x128_intrawave_0x1x0_1,1,33,78.50610000000003,0.0,passed,
1152,16384,1536,cktile_23_split0,cktile,23,0,a8w8_blockscale_cktile_128x128x128_1x4x1_16x16x128_intrawave_0x1x0_4,1,34,348.5220222222222,0.0,passed,
1152,16384,1536,cktile_22_split0,cktile,22,0,a8w8_blockscale_cktile_128x128x128_1x4x1_16x16x128_intrawave_0x1x0_3,1,35,216.14229545454546,0.0,passed,
1152,16384,1536,cktile_21_split0,cktile,21,0,a8w8_blockscale_cktile_128x128x128_1x4x1_16x16x128_intrawave_0x1x0_2,1,36,77.09727999999998,0.0,passed,
1152,16384,1536,cktile_20_split0,cktile,20,0,a8w8_blockscale_cktile_32x128x128_1x4x1_16x16x64_intrawave_0x1x0_4,1,37,82.89973999999998,0.0,passed,
1152,16384,1536,cktile_19_split0,cktile,19,0,a8w8_blockscale_cktile_32x128x128_1x4x1_16x16x64_intrawave_0x1x0_3,1,38,81.98533999999998,0.0,passed,
1152,16384,1536,cktile_18_split0,cktile,18,0,a8w8_blockscale_cktile_32x128x128_1x4x1_16x16x128_intrawave_0x1x0_4,1,39,79.40691999999997,0.0,passed,
1152,16384,1536,cktile_17_split0,cktile,17,0,a8w8_blockscale_cktile_32x128x128_1x4x1_16x16x128_intrawave_0x1x0_3,1,40,80.22692,0.0,passed,
1152,16384,1536,cktile_16_split0,cktile,16,0,a8w8_blockscale_cktile_16x128x256_1x4x1_16x16x64_intrawave_0x1x0_4,1,41,128.52265999999992,0.0,passed,
1152,16384,1536,cktile_15_split0,cktile,15,0,a8w8_blockscale_cktile_16x128x256_1x4x1_16x16x64_intrawave_0x1x0_3,1,42,110.60408,0.0,passed,
1152,16384,1536,cktile_14_split0,cktile,14,0,a8w8_blockscale_cktile_16x128x256_1x4x1_16x16x128_intrawave_0x1x0_4,1,43,201.85391999999996,0.0,passed,
1152,16384,1536,cktile_13_split0,cktile,13,0,a8w8_blockscale_cktile_16x128x256_1x4x1_16x16x128_intrawave_0x1x0_3,1,44,109.91046000000001,0.0,passed,
1152,16384,1536,cktile_12_split0,cktile,12,0,a8w8_blockscale_cktile_192x256x128_4x2x1_16x16x128_intrawave_0x1x0_1_aqrm,1,45,45.899976744186034,0.0,passed,
1152,16384,1536,cktile_11_split0,cktile,11,0,a8w8_blockscale_cktile_192x256x128_4x2x1_16x16x128_intrawave_0x1x0_1,1,46,44.69151999999999,0.0,passed,
1152,16384,1536,cktile_10_split0,cktile,10,0,a8w8_blockscale_cktile_128x128x128_2x2x1_16x16x128_intrawave_0x1x0_2,1,47,78.89810000000001,0.0,passed,
1152,16384,1536,cktile_9_split0,cktile,9,0,a8w8_blockscale_cktile_128x128x128_1x4x1_16x16x128_intrawave_0x1x0_1,1,48,77.52288000000001,0.0,passed,
1152,16384,1536,cktile_8_split0,cktile,8,0,a8w8_blockscale_cktile_128x128x128_1x4x1_16x16x128_intrawave_0x1x0_1,1,49,77.26336734693874,0.0,passed,
1152,16384,1536,cktile_7_split0,cktile,7,0,a8w8_blockscale_cktile_32x128x128_1x4x1_16x16x64_intrawave_0x1x0_2,1,50,80.94451999999998,0.0,passed,
1152,16384,1536,cktile_6_split0,cktile,6,0,a8w8_blockscale_cktile_32x128x128_1x4x1_16x16x64_intrawave_0x1x0_1,1,51,80.17771428571436,0.0,passed,
1152,16384,1536,cktile_5_split0,cktile,5,0,a8w8_blockscale_cktile_32x128x128_1x4x1_16x16x128_intrawave_0x1x0_2,1,52,78.68849999999993,0.0,passed,
1152,16384,1536,cktile_4_split0,cktile,4,0,a8w8_blockscale_cktile_32x128x128_1x4x1_16x16x128_intrawave_0x1x0_1,1,53,79.73572000000006,0.0,passed,
1152,16384,1536,cktile_3_split0,cktile,3,0,a8w8_blockscale_cktile_16x128x256_1x4x1_16x16x64_intrawave_0x1x0_2,1,54,111.31927999999998,0.0,passed,
1152,16384,1536,cktile_4_split0,cktile,4,0,a8w8_blockscale_cktile_32x128x128_1x4x1_16x16x128_intrawave_0x1x0_1,2,0,81.66374000000002,0.0,passed,
1152,16384,1536,cktile_5_split0,cktile,5,0,a8w8_blockscale_cktile_32x128x128_1x4x1_16x16x128_intrawave_0x1x0_2,2,1,79.45491999999997,0.0,passed,
1152,16384,1536,cktile_6_split0,cktile,6,0,a8w8_blockscale_cktile_32x128x128_1x4x1_16x16x64_intrawave_0x1x0_1,2,2,79.70771999999995,0.0,passed,
1152,16384,1536,cktile_7_split0,cktile,7,0,a8w8_blockscale_cktile_32x128x128_1x4x1_16x16x64_intrawave_0x1x0_2,2,3,82.16534000000001,0.0,passed,
1152,16384,1536,cktile_8_split0,cktile,8,0,a8w8_blockscale_cktile_128x128x128_1x4x1_16x16x128_intrawave_0x1x0_1,2,4,78.6357,0.0,passed,
1152,16384,1536,cktile_9_split0,cktile,9,0,a8w8_blockscale_cktile_128x128x128_1x4x1_16x16x128_intrawave_0x1x0_1,2,5,78.05168000000003,0.0,passed,
1152,16384,1536,cktile_10_split0,cktile,10,0,a8w8_blockscale_cktile_128x128x128_2x2x1_16x16x128_intrawave_0x1x0_2,2,6,79.45731999999997,0.0,passed,
1152,16384,1536,cktile_11_split0,cktile,11,0,a8w8_blockscale_cktile_192x256x128_4x2x1_16x16x128_intrawave_0x1x0_1,2,7,44.41736170212768,0.0,passed,
1152,16384,1536,cktile_12_split0,cktile,12,0,a8w8_blockscale_cktile_192x256x128_4x2x1_16x16x128_intrawave_0x1x0_1_aqrm,2,8,46.081212765957424,0.0,passed,
1152,16384,1536,cktile_13_split0,cktile,13,0,a8w8_blockscale_cktile_16x128x256_1x4x1_16x16x128_intrawave_0x1x0_3,2,9,109.88005999999994,0.0,passed,
1152,16384,1536,cktile_14_split0,cktile,14,0,a8w8_blockscale_cktile_16x128x256_1x4x1_16x16x128_intrawave_0x1x0_4,2,10,202.30031999999989,0.0,passed,
1152,16384,1536,cktile_15_split0,cktile,15,0,a8w8_blockscale_cktile_16x128x256_1x4x1_16x16x64_intrawave_0x1x0_3,2,11,111.74968000000003,0.0,passed,
1152,16384,1536,cktile_16_split0,cktile,16,0,a8w8_blockscale_cktile_16x128x256_1x4x1_16x16x64_intrawave_0x1x0_4,2,12,129.44908000000004,0.0,passed,
1152,16384,1536,cktile_17_split0,cktile,17,0,a8w8_blockscale_cktile_32x128x128_1x4x1_16x16x128_intrawave_0x1x0_3,2,13,80.17972000000003,0.0,passed,
1152,16384,1536,cktile_18_split0,cktile,18,0,a8w8_blockscale_cktile_32x128x128_1x4x1_16x16x128_intrawave_0x1x0_4,2,14,77.70290000000004,0.0,passed,
1152,16384,1536,cktile_19_split0,cktile,19,0,a8w8_blockscale_cktile_32x128x128_1x4x1_16x16x64_intrawave_0x1x0_3,2,15,81.19734000000001,0.0,passed,
1152,16384,1536,cktile_20_split0,cktile,20,0,a8w8_blockscale_cktile_32x128x128_1x4x1_16x16x64_intrawave_0x1x0_4,2,16,83.91576000000003,0.0,passed,
1152,16384,1536,cktile_21_split0,cktile,21,0,a8w8_blockscale_cktile_128x128x128_1x4x1_16x16x128_intrawave_0x1x0_2,2,17,77.99569999999997,0.0,passed,
1152,16384,1536,cktile_22_split0,cktile,22,0,a8w8_blockscale_cktile_128x128x128_1x4x1_16x16x128_intrawave_0x1x0_3,2,18,216.4432272727273,0.0,passed,
1152,16384,1536,cktile_23_split0,cktile,23,0,a8w8_blockscale_cktile_128x128x128_1x4x1_16x16x128_intrawave_0x1x0_4,2,19,348.5228913043478,0.0,passed,
1152,16384,1536,cktile_24_split0,cktile,24,0,a8w8_blockscale_cktile_128x128x128_2x2x1_16x16x128_intrawave_0x1x0_1,2,20,78.08530000000005,0.0,passed,
1152,16384,1536,cktile_25_split0,cktile,25,0,a8w8_blockscale_cktile_128x128x128_2x2x1_16x16x128_intrawave_0x1x0_3,2,21,227.1556938775513,0.0,passed,
1152,16384,1536,cktile_26_split0,cktile,26,0,a8w8_blockscale_cktile_128x128x128_2x2x1_16x16x128_intrawave_0x1x0_4,2,22,496.06580851063825,0.0,passed,
1152,16384,1536,cktile_27_split0,cktile,27,0,a8w8_blockscale_cktile_192x256x128_4x2x1_16x16x128_intrawave_0x1x0_2,2,23,44.15129545454544,0.0,passed,
1152,16384,1536,cktile_28_split0,cktile,28,0,a8w8_blockscale_cktile_192x256x128_4x2x1_16x16x128_intrawave_0x1x0_3,2,24,44.40036170212766,0.0,passed,
1152,16384,1536,cktile_29_split0,cktile,29,0,a8w8_blockscale_cktile_192x256x128_4x2x1_16x16x128_intrawave_0x1x0_4,2,25,44.10859090909091,0.0,passed,
1152,16384,1536,cktile_30_split0,cktile,30,0,a8w8_blockscale_cktile_192x256x128_4x2x1_16x16x128_intrawave_0x1x0_2_aqrm,2,26,45.90681818181816,0.0,passed,
1152,16384,1536,cktile_31_split0,cktile,31,0,a8w8_blockscale_cktile_192x256x128_4x2x1_16x16x128_intrawave_0x1x0_3_aqrm,2,27,46.42434000000002,0.0,passed,
1152,16384,1536,cktile_32_split0,cktile,32,0,a8w8_blockscale_cktile_192x256x128_4x2x1_16x16x128_intrawave_0x1x0_4_aqrm,2,28,46.474720000000005,0.0,passed,
1152,16384,1536,opus_9010,opus,9010,0,opus_gemm_gfx950_a8w8_mxscale_gemm_bpreshuffle_256x128x128x128_2x2_16x16x128_1x128x128_tiles1_nooob,2,29,63.11810204081636,0.0,passed,
1152,16384,1536,opus_9011,opus,9011,0,opus_gemm_gfx950_a8w8_mxscale_gemm_bpreshuffle_256x64x128x128_2x2_16x16x128_1x128x128_tiles1_nooob,2,30,56.83004000000002,0.0,passed,
1152,16384,1536,opus_9012,opus,9012,0,opus_gemm_gfx950_a8w8_mxscale_gemm_bpreshuffle_256x64x64x128_2x2_16x16x128_1x128x128_tiles1_nooob,2,31,72.05504,0.0,passed,
1152,16384,1536,opus_9020,opus,9020,0,opus_gemm_gfx950_a8w8_mxscale_gemm_bpreshuffle_256x256x256x128_2x2_16x16x128_1x128x128_tiles1,2,32,51.008466666666656,0.0,passed,
1152,16384,1536,ck_0_split0,ck,0,0,a8w8_blockscale_bpreshuffle_1x128x128_256x128x128x128_16x16_16x16_8x32x1_8x32x1_1x32x1x8_8_2x1_intrawave_v3,2,33,56.13083999999997,0.0,passed,
1152,16384,1536,ck_1_split0,ck,1,0,a8w8_blockscale_bpreshuffle_1x128x128_256x64x128x128_16x16_16x16_8x32x1_8x32x1_1x32x1x8_8_2x1_intrawave_v3,2,34,53.62060000000001,0.0,passed,
1152,16384,1536,ck_2_split0,ck,2,0,a8w8_blockscale_bpreshuffle_1x128x128_256x64x64x128_16x16_16x16_8x32x1_8x32x1_1x32x1x8_8_2x1_intrawave_v3,2,35,69.29017999999995,0.0,passed,
1152,16384,1536,ck_3_split0,ck,3,0,a8w8_blockscale_bpreshuffle_1x128x128_256x16x256x128_8x16_16x16_16x16x1_8x32x1_1x16x1x16_8_1x2_intrawave_v1,2,36,98.83453999999998,0.0,passed,
1152,16384,1536,ck_4_split0,ck,4,0,a8w8_blockscale_bpreshuffle_1x128x128_256x16x128x128_8x16_16x16_16x16x1_8x32x1_1x16x1x16_8_1x2_intrawave_v1,2,37,107.18024,0.0,passed,
1152,16384,1536,ck_5_split0,ck,5,0,a8w8_blockscale_bpreshuffle_1x128x128_256x16x64x128_8x16_16x16_16x16x1_8x32x1_1x16x1x16_4_1x1_intrawave_v1,2,38,126.30047368421044,0.0,passed,
1152,16384,1536,ck_6_split0,ck,6,0,a8w8_blockscale_bpreshuffle_1x128x128_256x16x128x256_16x16_16x16_16x16x1_16x16x1_1x16x1x16_8_1x2_intrawave_v1,2,39,104.11459999999997,0.0,passed,
1152,16384,1536,ck_7_split0,ck,7,0,a8w8_blockscale_bpreshuffle_1x128x128_256x16x64x256_16x16_16x16_16x16x1_16x16x1_1x16x1x16_4_1x1_intrawave_v1,2,40,120.76840000000004,0.0,passed,
1152,16384,1536,ck_8_split0,ck,8,0,a8w8_blockscale_bpreshuffle_1x128x128_256x32x256x128_16x16_16x16_8x32x1_8x32x1_1x32x1x8_8_2x1_intrawave_v1,2,41,59.78689999999999,0.0,passed,
1152,16384,1536,ck_9_split0,ck,9,0,a8w8_blockscale_bpreshuffle_1x128x128_256x32x128x128_16x16_16x16_8x32x1_8x32x1_1x32x1x8_8_2x1_intrawave_v1,2,42,65.03813999999997,0.0,passed,
1152,16384,1536,ck_10_split0,ck,10,0,a8w8_blockscale_bpreshuffle_1x128x128_256x32x64x128_16x16_16x16_8x32x1_8x32x1_1x32x1x8_8_2x1_intrawave_v1,2,43,80.54071999999998,0.0,passed,
1152,16384,1536,ck_11_split0,ck,11,0,a8w8_blockscale_bpreshuffle_1x128x128_256x32x128x256_16x16_16x16_16x16x1_16x16x1_1x32x1x8_8_2x1_intrawave_v1,2,44,66.87097999999996,0.0,passed,
1152,16384,1536,ck_12_split0,ck,12,0,a8w8_blockscale_bpreshuffle_1x128x128_256x32x64x256_16x16_16x16_16x16x1_16x16x1_1x32x1x8_8_2x1_intrawave_v1,2,45,83.83676000000001,0.0,passed,
1152,16384,1536,ck_13_split0,ck,13,0,a8w8_blockscale_bpreshuffle_1x128x128_256x64x256x128_16x16_16x16_8x32x1_8x32x1_1x32x1x8_8_2x1_intrawave_v1,2,46,55.96685999999999,0.0,passed,
1152,16384,1536,ck_14_split0,ck,14,0,a8w8_blockscale_bpreshuffle_1x128x128_256x64x128x128_16x16_16x16_8x32x1_8x32x1_1x32x1x8_8_2x1_intrawave_v1,2,47,53.99561999999996,0.0,passed,
1152,16384,1536,ck_15_split0,ck,15,0,a8w8_blockscale_bpreshuffle_1x128x128_256x64x64x128_16x16_16x16_8x32x1_8x32x1_1x32x1x8_8_2x1_intrawave_v1,2,48,65.36214,0.0,passed,
1152,16384,1536,ck_16_split0,ck,16,0,a8w8_blockscale_bpreshuffle_1x128x128_256x64x128x256_16x16_16x16_16x16x1_16x16x1_1x32x1x8_8_2x1_intrawave_v1,2,49,61.30852000000001,0.0,passed,
1152,16384,1536,ck_17_split0,ck,17,0,a8w8_blockscale_bpreshuffle_1x128x128_256x64x64x256_16x16_16x16_16x16x1_16x16x1_1x32x1x8_8_2x1_intrawave_v1,2,50,79.39029999999998,0.0,passed,
1152,16384,1536,cktile_0_split0,cktile,0,0,a8w8_blockscale_cktile_16x128x256_1x4x1_16x16x128_intrawave_0x1x0_1,2,51,106.3355510204082,0.0,passed,
1152,16384,1536,cktile_1_split0,cktile,1,0,a8w8_blockscale_cktile_16x128x256_1x4x1_16x16x128_intrawave_0x1x0_2,2,52,109.47353061224486,0.0,passed,
1152,16384,1536,cktile_2_split0,cktile,2,0,a8w8_blockscale_cktile_16x128x256_1x4x1_16x16x64_intrawave_0x1x0_1,2,53,109.47846,0.0,passed,
1152,16384,1536,cktile_3_split0,cktile,3,0,a8w8_blockscale_cktile_16x128x256_1x4x1_16x16x64_intrawave_0x1x0_2,2,54,109.26965999999994,0.0,passed,
1920,16384,1536,cktile_3_split0,cktile,3,0,a8w8_blockscale_cktile_16x128x256_1x4x1_16x16x64_intrawave_0x1x0_2,0,0,180.45126,0.0,passed,
1920,16384,1536,cktile_4_split0,cktile,4,0,a8w8_blockscale_cktile_32x128x128_1x4x1_16x16x128_intrawave_0x1x0_1,0,1,123.19941999999996,0.0,passed,
1920,16384,1536,cktile_5_split0,cktile,5,0,a8w8_blockscale_cktile_32x128x128_1x4x1_16x16x128_intrawave_0x1x0_2,0,2,125.40183999999988,0.0,passed,
1920,16384,1536,cktile_6_split0,cktile,6,0,a8w8_blockscale_cktile_32x128x128_1x4x1_16x16x64_intrawave_0x1x0_1,0,3,126.72986,0.0,passed,
1920,16384,1536,cktile_7_split0,cktile,7,0,a8w8_blockscale_cktile_32x128x128_1x4x1_16x16x64_intrawave_0x1x0_2,0,4,130.96511999999998,0.0,passed,
1920,16384,1536,cktile_8_split0,cktile,8,0,a8w8_blockscale_cktile_128x128x128_1x4x1_16x16x128_intrawave_0x1x0_1,0,5,108.17802040816326,0.0,passed,
1920,16384,1536,cktile_9_split0,cktile,9,0,a8w8_blockscale_cktile_128x128x128_1x4x1_16x16x128_intrawave_0x1x0_1,0,6,107.57522,0.0,passed,
1920,16384,1536,cktile_10_split0,cktile,10,0,a8w8_blockscale_cktile_128x128x128_2x2x1_16x16x128_intrawave_0x1x0_2,0,7,108.09845999999997,0.0,passed,
1920,16384,1536,cktile_11_split0,cktile,11,0,a8w8_blockscale_cktile_192x256x128_4x2x1_16x16x128_intrawave_0x1x0_1,0,8,67.63310416666666,0.0,passed,
1920,16384,1536,cktile_12_split0,cktile,12,0,a8w8_blockscale_cktile_192x256x128_4x2x1_16x16x128_intrawave_0x1x0_1_aqrm,0,9,70.83582000000003,0.0,passed,
1920,16384,1536,cktile_13_split0,cktile,13,0,a8w8_blockscale_cktile_16x128x256_1x4x1_16x16x128_intrawave_0x1x0_3,0,10,171.38957999999994,0.0,passed,
1920,16384,1536,cktile_14_split0,cktile,14,0,a8w8_blockscale_cktile_16x128x256_1x4x1_16x16x128_intrawave_0x1x0_4,0,11,321.66570000000013,0.0,passed,
1920,16384,1536,cktile_15_split0,cktile,15,0,a8w8_blockscale_cktile_16x128x256_1x4x1_16x16x64_intrawave_0x1x0_3,0,12,178.51604000000006,0.0,passed,
1920,16384,1536,cktile_16_split0,cktile,16,0,a8w8_blockscale_cktile_16x128x256_1x4x1_16x16x64_intrawave_0x1x0_4,0,13,208.03000000000003,0.0,passed,
1920,16384,1536,cktile_17_split0,cktile,17,0,a8w8_blockscale_cktile_32x128x128_1x4x1_16x16x128_intrawave_0x1x0_3,0,14,123.73381999999997,0.0,passed,
1920,16384,1536,cktile_18_split0,cktile,18,0,a8w8_blockscale_cktile_32x128x128_1x4x1_16x16x128_intrawave_0x1x0_4,0,15,126.16985999999993,0.0,passed,
1920,16384,1536,cktile_19_split0,cktile,19,0,a8w8_blockscale_cktile_32x128x128_1x4x1_16x16x64_intrawave_0x1x0_3,0,16,129.89949999999996,0.0,passed,
1920,16384,1536,cktile_20_split0,cktile,20,0,a8w8_blockscale_cktile_32x128x128_1x4x1_16x16x64_intrawave_0x1x0_4,0,17,130.21710000000007,0.0,passed,
1920,16384,1536,cktile_21_split0,cktile,21,0,a8w8_blockscale_cktile_128x128x128_1x4x1_16x16x128_intrawave_0x1x0_2,0,18,108.26564000000003,0.0,passed,
1920,16384,1536,cktile_22_split0,cktile,22,0,a8w8_blockscale_cktile_128x128x128_1x4x1_16x16x128_intrawave_0x1x0_3,0,19,328.84453488372117,0.0,passed,
1920,16384,1536,cktile_23_split0,cktile,23,0,a8w8_blockscale_cktile_128x128x128_1x4x1_16x16x128_intrawave_0x1x0_4,0,20,482.9393750000001,0.0,passed,
1920,16384,1536,cktile_24_split0,cktile,24,0,a8w8_blockscale_cktile_128x128x128_2x2x1_16x16x128_intrawave_0x1x0_1,0,21,108.71763999999999,0.0,passed,
1920,16384,1536,cktile_25_split0,cktile,25,0,a8w8_blockscale_cktile_128x128x128_2x2x1_16x16x128_intrawave_0x1x0_3,0,22,346.3976521739129,0.0,passed,
1920,16384,1536,cktile_26_split0,cktile,26,0,a8w8_blockscale_cktile_128x128x128_2x2x1_16x16x128_intrawave_0x1x0_4,0,23,705.8452608695657,0.0,passed,
1920,16384,1536,cktile_27_split0,cktile,27,0,a8w8_blockscale_cktile_192x256x128_4x2x1_16x16x128_intrawave_0x1x0_2,0,24,67.31068181818183,0.0,passed,
1920,16384,1536,cktile_28_split0,cktile,28,0,a8w8_blockscale_cktile_192x256x128_4x2x1_16x16x128_intrawave_0x1x0_3,0,25,68.91180000000003,0.0,passed,
1920,16384,1536,cktile_29_split0,cktile,29,0,a8w8_blockscale_cktile_192x256x128_4x2x1_16x16x128_intrawave_0x1x0_4,0,26,68.07000000000005,0.0,passed,
1920,16384,1536,cktile_30_split0,cktile,30,0,a8w8_blockscale_cktile_192x256x128_4x2x1_16x16x128_intrawave_0x1x0_2_aqrm,0,27,70.26876595744679,0.0,passed,
1920,16384,1536,cktile_31_split0,cktile,31,0,a8w8_blockscale_cktile_192x256x128_4x2x1_16x16x128_intrawave_0x1x0_3_aqrm,0,28,70.21395833333337,0.0,passed,
1920,16384,1536,cktile_32_split0,cktile,32,0,a8w8_blockscale_cktile_192x256x128_4x2x1_16x16x128_intrawave_0x1x0_4_aqrm,0,29,70.41897916666667,0.0,passed,
1920,16384,1536,opus_9010,opus,9010,0,opus_gemm_gfx950_a8w8_mxscale_gemm_bpreshuffle_256x128x128x128_2x2_16x16x128_1x128x128_tiles1_nooob,0,30,99.53053999999999,0.0,passed,
1920,16384,1536,opus_9011,opus,9011,0,opus_gemm_gfx950_a8w8_mxscale_gemm_bpreshuffle_256x64x128x128_2x2_16x16x128_1x128x128_tiles1_nooob,0,31,93.91767999999996,0.0,passed,
1920,16384,1536,opus_9012,opus,9012,0,opus_gemm_gfx950_a8w8_mxscale_gemm_bpreshuffle_256x64x64x128_2x2_16x16x128_1x128x128_tiles1_nooob,0,32,117.41635999999998,0.0,passed,
1920,16384,1536,opus_9020,opus,9020,0,opus_gemm_gfx950_a8w8_mxscale_gemm_bpreshuffle_256x256x256x128_2x2_16x16x128_1x128x128_tiles1,0,33,59.02815555555552,0.0,passed,
1920,16384,1536,ck_0_split0,ck,0,0,a8w8_blockscale_bpreshuffle_1x128x128_256x128x128x128_16x16_16x16_8x32x1_8x32x1_1x32x1x8_8_2x1_intrawave_v3,0,34,90.12241999999998,0.0,passed,
1920,16384,1536,ck_1_split0,ck,1,0,a8w8_blockscale_bpreshuffle_1x128x128_256x64x128x128_16x16_16x16_8x32x1_8x32x1_1x32x1x8_8_2x1_intrawave_v3,0,35,92.22246000000001,0.0,passed,
1920,16384,1536,ck_2_split0,ck,2,0,a8w8_blockscale_bpreshuffle_1x128x128_256x64x64x128_16x16_16x16_8x32x1_8x32x1_1x32x1x8_8_2x1_intrawave_v3,0,36,114.50192000000003,0.0,passed,
1920,16384,1536,ck_3_split0,ck,3,0,a8w8_blockscale_bpreshuffle_1x128x128_256x16x256x128_8x16_16x16_16x16x1_8x32x1_1x16x1x16_8_1x2_intrawave_v1,0,37,156.22079999999994,0.0,passed,
1920,16384,1536,ck_4_split0,ck,4,0,a8w8_blockscale_bpreshuffle_1x128x128_256x16x128x128_8x16_16x16_16x16x1_8x32x1_1x16x1x16_8_1x2_intrawave_v1,0,38,170.32655999999994,0.0,passed,
1920,16384,1536,ck_5_split0,ck,5,0,a8w8_blockscale_bpreshuffle_1x128x128_256x16x64x128_8x16_16x16_16x16x1_8x32x1_1x16x1x16_4_1x1_intrawave_v1,0,39,198.54369999999994,0.0,passed,
1920,16384,1536,ck_6_split0,ck,6,0,a8w8_blockscale_bpreshuffle_1x128x128_256x16x128x256_16x16_16x16_16x16x1_16x16x1_1x16x1x16_8_1x2_intrawave_v1,0,40,165.65291999999994,0.0,passed,
1920,16384,1536,ck_7_split0,ck,7,0,a8w8_blockscale_bpreshuffle_1x128x128_256x16x64x256_16x16_16x16_16x16x1_16x16x1_1x16x1x16_4_1x1_intrawave_v1,0,41,194.52284000000003,0.0,passed,
1920,16384,1536,ck_8_split0,ck,8,0,a8w8_blockscale_bpreshuffle_1x128x128_256x32x256x128_16x16_16x16_8x32x1_8x32x1_1x32x1x8_8_2x1_intrawave_v1,0,42,103.46179999999998,0.0,passed,
1920,16384,1536,ck_9_split0,ck,9,0,a8w8_blockscale_bpreshuffle_1x128x128_256x32x128x128_16x16_16x16_8x32x1_8x32x1_1x32x1x8_8_2x1_intrawave_v1,0,43,107.64583999999994,0.0,passed,
1920,16384,1536,ck_10_split0,ck,10,0,a8w8_blockscale_bpreshuffle_1x128x128_256x32x64x128_16x16_16x16_8x32x1_8x32x1_1x32x1x8_8_2x1_intrawave_v1,0,44,129.68448000000006,0.0,passed,
1920,16384,1536,ck_11_split0,ck,11,0,a8w8_blockscale_bpreshuffle_1x128x128_256x32x128x256_16x16_16x16_16x16x1_16x16x1_1x32x1x8_8_2x1_intrawave_v1,0,45,114.27951999999998,0.0,passed,
1920,16384,1536,ck_12_split0,ck,12,0,a8w8_blockscale_bpreshuffle_1x128x128_256x32x64x256_16x16_16x16_16x16x1_16x16x1_1x32x1x8_8_2x1_intrawave_v1,0,46,134.64456000000004,0.0,passed,
1920,16384,1536,ck_13_split0,ck,13,0,a8w8_blockscale_bpreshuffle_1x128x128_256x64x256x128_16x16_16x16_8x32x1_8x32x1_1x32x1x8_8_2x1_intrawave_v1,0,47,88.36162000000006,0.0,passed,
1920,16384,1536,ck_14_split0,ck,14,0,a8w8_blockscale_bpreshuffle_1x128x128_256x64x128x128_16x16_16x16_8x32x1_8x32x1_1x32x1x8_8_2x1_intrawave_v1,0,48,88.98722000000002,0.0,passed,
1920,16384,1536,ck_15_split0,ck,15,0,a8w8_blockscale_bpreshuffle_1x128x128_256x64x64x128_16x16_16x16_8x32x1_8x32x1_1x32x1x8_8_2x1_intrawave_v1,0,49,111.75949999999997,0.0,passed,
1920,16384,1536,ck_16_split0,ck,16,0,a8w8_blockscale_bpreshuffle_1x128x128_256x64x128x256_16x16_16x16_16x16x1_16x16x1_1x32x1x8_8_2x1_intrawave_v1,0,50,102.26577999999998,0.0,passed,
1920,16384,1536,ck_17_split0,ck,17,0,a8w8_blockscale_bpreshuffle_1x128x128_256x64x64x256_16x16_16x16_16x16x1_16x16x1_1x32x1x8_8_2x1_intrawave_v1,0,51,129.18288,0.0,passed,
1920,16384,1536,cktile_0_split0,cktile,0,0,a8w8_blockscale_cktile_16x128x256_1x4x1_16x16x128_intrawave_0x1x0_1,0,52,170.22715999999994,0.0,passed,
1920,16384,1536,cktile_1_split0,cktile,1,0,a8w8_blockscale_cktile_16x128x256_1x4x1_16x16x128_intrawave_0x1x0_2,0,53,172.94319999999996,0.0,passed,
1920,16384,1536,cktile_2_split0,cktile,2,0,a8w8_blockscale_cktile_16x128x256_1x4x1_16x16x64_intrawave_0x1x0_1,0,54,180.27448,0.0,passed,
