M,N,K,name,lib,kid,splitK,kernelName,round,order,us,error,status,reason
1728,768,7168,ck_0_split0,ck,0,0,a8w8_blockscale_bpreshuffle_1x128x128_256x128x128x128_16x16_16x16_8x32x1_8x32x1_1x32x1x8_8_2x1_intrawave_v3,0,0,60.973591836734705,0.0,passed,
1728,768,7168,ck_1_split0,ck,1,0,a8w8_blockscale_bpreshuffle_1x128x128_256x64x128x128_16x16_16x16_8x32x1_8x32x1_1x32x1x8_8_2x1_intrawave_v3,0,1,35.85474468085107,0.0,passed,
1728,768,7168,ck_2_split0,ck,2,0,a8w8_blockscale_bpreshuffle_1x128x128_256x64x64x128_16x16_16x16_8x32x1_8x32x1_1x32x1x8_8_2x1_intrawave_v3,0,2,33.68115217391304,0.0,passed,
1728,768,7168,ck_3_split0,ck,3,0,a8w8_blockscale_bpreshuffle_1x128x128_256x16x256x128_8x16_16x16_16x16x1_8x32x1_1x16x1x16_8_1x2_intrawave_v1,0,3,53.63195744680853,0.0,passed,
1728,768,7168,ck_4_split0,ck,4,0,a8w8_blockscale_bpreshuffle_1x128x128_256x16x128x128_8x16_16x16_16x16x1_8x32x1_1x16x1x16_8_1x2_intrawave_v1,0,4,45.31953191489361,0.0,passed,
1728,768,7168,ck_5_split0,ck,5,0,a8w8_blockscale_bpreshuffle_1x128x128_256x16x64x128_8x16_16x16_16x16x1_8x32x1_1x16x1x16_4_1x1_intrawave_v1,0,5,50.697199999999995,0.0,passed,
1728,768,7168,ck_6_split0,ck,6,0,a8w8_blockscale_bpreshuffle_1x128x128_256x16x128x256_16x16_16x16_16x16x1_16x16x1_1x16x1x16_8_1x2_intrawave_v1,0,6,42.09533333333334,0.0,passed,
1728,768,7168,ck_7_split0,ck,7,0,a8w8_blockscale_bpreshuffle_1x128x128_256x16x64x256_16x16_16x16_16x16x1_16x16x1_1x16x1x16_4_1x1_intrawave_v1,0,7,47.632765957446814,0.0,passed,
1728,768,7168,ck_8_split0,ck,8,0,a8w8_blockscale_bpreshuffle_1x128x128_256x32x256x128_16x16_16x16_8x32x1_8x32x1_1x32x1x8_8_2x1_intrawave_v1,0,8,40.70161702127659,0.0,passed,
1728,768,7168,ck_9_split0,ck,9,0,a8w8_blockscale_bpreshuffle_1x128x128_256x32x128x128_16x16_16x16_8x32x1_8x32x1_1x32x1x8_8_2x1_intrawave_v1,0,9,31.620659574468085,0.0,passed,
1728,768,7168,ck_10_split0,ck,10,0,a8w8_blockscale_bpreshuffle_1x128x128_256x32x64x128_16x16_16x16_8x32x1_8x32x1_1x32x1x8_8_2x1_intrawave_v1,0,10,32.777630434782616,0.0,passed,
1728,768,7168,ck_11_split0,ck,11,0,a8w8_blockscale_bpreshuffle_1x128x128_256x32x128x256_16x16_16x16_16x16x1_16x16x1_1x32x1x8_8_2x1_intrawave_v1,0,11,31.39024999999999,0.0,passed,
1728,768,7168,ck_12_split0,ck,12,0,a8w8_blockscale_bpreshuffle_1x128x128_256x32x64x256_16x16_16x16_16x16x1_16x16x1_1x32x1x8_8_2x1_intrawave_v1,0,12,32.81725531914895,0.0,passed,
1728,768,7168,ck_13_split0,ck,13,0,a8w8_blockscale_bpreshuffle_1x128x128_256x64x256x128_16x16_16x16_8x32x1_8x32x1_1x32x1x8_8_2x1_intrawave_v1,0,13,52.26770212765958,0.0,passed,
1728,768,7168,ck_14_split0,ck,14,0,a8w8_blockscale_bpreshuffle_1x128x128_256x64x128x128_16x16_16x16_8x32x1_8x32x1_1x32x1x8_8_2x1_intrawave_v1,0,14,36.591104166666675,0.0,passed,
1728,768,7168,ck_15_split0,ck,15,0,a8w8_blockscale_bpreshuffle_1x128x128_256x64x64x128_16x16_16x16_8x32x1_8x32x1_1x32x1x8_8_2x1_intrawave_v1,0,15,31.696854166666668,0.0,passed,
1728,768,7168,ck_16_split0,ck,16,0,a8w8_blockscale_bpreshuffle_1x128x128_256x64x128x256_16x16_16x16_16x16x1_16x16x1_1x32x1x8_8_2x1_intrawave_v1,0,16,36.575775510204075,0.0,passed,
1728,768,7168,ck_17_split0,ck,17,0,a8w8_blockscale_bpreshuffle_1x128x128_256x64x64x256_16x16_16x16_16x16x1_16x16x1_1x32x1x8_8_2x1_intrawave_v1,0,17,31.468775510204065,0.0,passed,
1728,768,7168,cktile_0_split0,cktile,0,0,a8w8_blockscale_cktile_16x128x256_1x4x1_16x16x128_intrawave_0x1x0_1,0,18,51.94558695652176,0.0,passed,
1728,768,7168,cktile_1_split0,cktile,1,0,a8w8_blockscale_cktile_16x128x256_1x4x1_16x16x128_intrawave_0x1x0_2,0,19,52.00991304347826,0.0,passed,
1728,768,7168,cktile_2_split0,cktile,2,0,a8w8_blockscale_cktile_16x128x256_1x4x1_16x16x64_intrawave_0x1x0_1,0,20,51.12968085106385,0.0,passed,
1728,768,7168,cktile_3_split0,cktile,3,0,a8w8_blockscale_cktile_16x128x256_1x4x1_16x16x64_intrawave_0x1x0_2,0,21,49.59777551020407,0.0,passed,
1728,768,7168,cktile_4_split0,cktile,4,0,a8w8_blockscale_cktile_32x128x128_1x4x1_16x16x128_intrawave_0x1x0_1,0,22,57.50357777777778,0.0,passed,
1728,768,7168,cktile_5_split0,cktile,5,0,a8w8_blockscale_cktile_32x128x128_1x4x1_16x16x128_intrawave_0x1x0_2,0,23,57.420911111111124,0.0,passed,
1728,768,7168,cktile_6_split0,cktile,6,0,a8w8_blockscale_cktile_32x128x128_1x4x1_16x16x64_intrawave_0x1x0_1,0,24,50.83339130434786,0.0,passed,
1728,768,7168,cktile_7_split0,cktile,7,0,a8w8_blockscale_cktile_32x128x128_1x4x1_16x16x64_intrawave_0x1x0_2,0,25,53.78314285714288,0.0,passed,
1728,768,7168,cktile_8_split0,cktile,8,0,a8w8_blockscale_cktile_128x128x128_1x4x1_16x16x128_intrawave_0x1x0_1,0,26,103.38443478260864,0.0,passed,
1728,768,7168,cktile_9_split0,cktile,9,0,a8w8_blockscale_cktile_128x128x128_1x4x1_16x16x128_intrawave_0x1x0_1,0,27,103.5217872340426,0.0,passed,
1728,768,7168,cktile_10_split0,cktile,10,0,a8w8_blockscale_cktile_128x128x128_2x2x1_16x16x128_intrawave_0x1x0_2,0,28,108.74395744680848,0.0,passed,
1728,768,7168,cktile_11_split0,cktile,11,0,a8w8_blockscale_cktile_192x256x128_4x2x1_16x16x128_intrawave_0x1x0_1,0,29,76.53119565217389,0.0,passed,
1728,768,7168,cktile_12_split0,cktile,12,0,a8w8_blockscale_cktile_192x256x128_4x2x1_16x16x128_intrawave_0x1x0_1_aqrm,0,30,98.55589361702128,0.0,passed,
1728,768,7168,cktile_13_split0,cktile,13,0,a8w8_blockscale_cktile_16x128x256_1x4x1_16x16x128_intrawave_0x1x0_3,0,31,52.259042553191485,0.0,passed,
1728,768,7168,cktile_14_split0,cktile,14,0,a8w8_blockscale_cktile_16x128x256_1x4x1_16x16x128_intrawave_0x1x0_4,0,32,86.20391836734696,0.0,passed,
1728,768,7168,cktile_15_split0,cktile,15,0,a8w8_blockscale_cktile_16x128x256_1x4x1_16x16x64_intrawave_0x1x0_3,0,33,49.57736734693876,0.0,passed,
1728,768,7168,cktile_16_split0,cktile,16,0,a8w8_blockscale_cktile_16x128x256_1x4x1_16x16x64_intrawave_0x1x0_4,0,34,55.42389130434787,0.0,passed,
1728,768,7168,cktile_17_split0,cktile,17,0,a8w8_blockscale_cktile_32x128x128_1x4x1_16x16x128_intrawave_0x1x0_3,0,35,57.68130434782608,0.0,passed,
1728,768,7168,cktile_18_split0,cktile,18,0,a8w8_blockscale_cktile_32x128x128_1x4x1_16x16x128_intrawave_0x1x0_4,0,36,57.51959090909091,0.0,passed,
1728,768,7168,cktile_19_split0,cktile,19,0,a8w8_blockscale_cktile_32x128x128_1x4x1_16x16x64_intrawave_0x1x0_3,0,37,53.3121224489796,0.0,passed,
1728,768,7168,cktile_20_split0,cktile,20,0,a8w8_blockscale_cktile_32x128x128_1x4x1_16x16x64_intrawave_0x1x0_4,0,38,53.07597777777779,0.0,passed,
1728,768,7168,cktile_21_split0,cktile,21,0,a8w8_blockscale_cktile_128x128x128_1x4x1_16x16x128_intrawave_0x1x0_2,0,39,103.36339583333331,0.0,passed,
1728,768,7168,cktile_22_split0,cktile,22,0,a8w8_blockscale_cktile_128x128x128_1x4x1_16x16x128_intrawave_0x1x0_3,0,40,266.16524489795916,0.0,passed,
1728,768,7168,cktile_23_split0,cktile,23,0,a8w8_blockscale_cktile_128x128x128_1x4x1_16x16x128_intrawave_0x1x0_4,0,41,385.71404255319146,0.0,passed,
1728,768,7168,cktile_24_split0,cktile,24,0,a8w8_blockscale_cktile_128x128x128_2x2x1_16x16x128_intrawave_0x1x0_1,0,42,108.59058695652176,0.0,passed,
1728,768,7168,cktile_25_split0,cktile,25,0,a8w8_blockscale_cktile_128x128x128_2x2x1_16x16x128_intrawave_0x1x0_3,0,43,279.83885714285714,0.0,passed,
1728,768,7168,cktile_26_split0,cktile,26,0,a8w8_blockscale_cktile_128x128x128_2x2x1_16x16x128_intrawave_0x1x0_4,0,44,509.1537872340424,0.0,passed,
1728,768,7168,cktile_27_split0,cktile,27,0,a8w8_blockscale_cktile_192x256x128_4x2x1_16x16x128_intrawave_0x1x0_2,0,45,76.77641304347829,0.0,passed,
1728,768,7168,cktile_28_split0,cktile,28,0,a8w8_blockscale_cktile_192x256x128_4x2x1_16x16x128_intrawave_0x1x0_3,0,46,76.6877391304348,0.0,passed,
1728,768,7168,cktile_29_split0,cktile,29,0,a8w8_blockscale_cktile_192x256x128_4x2x1_16x16x128_intrawave_0x1x0_4,0,47,76.33591111111109,0.0,passed,
1728,768,7168,cktile_30_split0,cktile,30,0,a8w8_blockscale_cktile_192x256x128_4x2x1_16x16x128_intrawave_0x1x0_2_aqrm,0,48,98.81147826086959,0.0,passed,
1728,768,7168,cktile_31_split0,cktile,31,0,a8w8_blockscale_cktile_192x256x128_4x2x1_16x16x128_intrawave_0x1x0_3_aqrm,0,49,98.80276086956519,0.0,passed,
1728,768,7168,cktile_32_split0,cktile,32,0,a8w8_blockscale_cktile_192x256x128_4x2x1_16x16x128_intrawave_0x1x0_4_aqrm,0,50,98.81147826086955,0.0,passed,
1728,768,7168,opus_9011,opus,9011,0,opus_gemm_gfx950_a8w8_mxscale_gemm_bpreshuffle_256x64x128x128_2x2_16x16x128_1x128x128_tiles1_nooob,0,51,30.11851063829787,0.0,passed,
1728,768,7168,opus_9012,opus,9012,0,opus_gemm_gfx950_a8w8_mxscale_gemm_bpreshuffle_256x64x64x128_2x2_16x16x128_1x128x128_tiles1_nooob,0,52,32.2461914893617,0.0,passed,
1728,768,7168,opus_9020,opus,9020,0,opus_gemm_gfx950_a8w8_mxscale_gemm_bpreshuffle_256x256x256x128_2x2_16x16x128_1x128x128_tiles1,0,53,90.80267391304349,0.0,passed,
1728,768,7168,ck_0_split0,ck,0,0,a8w8_blockscale_bpreshuffle_1x128x128_256x128x128x128_16x16_16x16_8x32x1_8x32x1_1x32x1x8_8_2x1_intrawave_v3,1,0,60.809530612244885,0.0,passed,
1728,768,7168,opus_9020,opus,9020,0,opus_gemm_gfx950_a8w8_mxscale_gemm_bpreshuffle_256x256x256x128_2x2_16x16x128_1x128x128_tiles1,1,1,90.72006382978729,0.0,passed,
1728,768,7168,opus_9012,opus,9012,0,opus_gemm_gfx950_a8w8_mxscale_gemm_bpreshuffle_256x64x64x128_2x2_16x16x128_1x128x128_tiles1_nooob,1,2,32.41020833333334,0.0,passed,
1728,768,7168,opus_9011,opus,9011,0,opus_gemm_gfx950_a8w8_mxscale_gemm_bpreshuffle_256x64x128x128_2x2_16x16x128_1x128x128_tiles1_nooob,1,3,30.11936170212766,0.0,passed,
1728,768,7168,cktile_32_split0,cktile,32,0,a8w8_blockscale_cktile_192x256x128_4x2x1_16x16x128_intrawave_0x1x0_4_aqrm,1,4,98.60357446808511,0.0,passed,
1728,768,7168,cktile_31_split0,cktile,31,0,a8w8_blockscale_cktile_192x256x128_4x2x1_16x16x128_intrawave_0x1x0_3_aqrm,1,5,98.7653695652174,0.0,passed,
1728,768,7168,cktile_30_split0,cktile,30,0,a8w8_blockscale_cktile_192x256x128_4x2x1_16x16x128_intrawave_0x1x0_2_aqrm,1,6,98.58017391304347,0.0,passed,
1728,768,7168,cktile_29_split0,cktile,29,0,a8w8_blockscale_cktile_192x256x128_4x2x1_16x16x128_intrawave_0x1x0_4,1,7,76.6346739130435,0.0,passed,
1728,768,7168,cktile_28_split0,cktile,28,0,a8w8_blockscale_cktile_192x256x128_4x2x1_16x16x128_intrawave_0x1x0_3,1,8,76.63469565217387,0.0,passed,
1728,768,7168,cktile_27_split0,cktile,27,0,a8w8_blockscale_cktile_192x256x128_4x2x1_16x16x128_intrawave_0x1x0_2,1,9,76.61855555555552,0.0,passed,
1728,768,7168,cktile_26_split0,cktile,26,0,a8w8_blockscale_cktile_128x128x128_2x2x1_16x16x128_intrawave_0x1x0_4,1,10,510.17218367346925,0.0,passed,
1728,768,7168,cktile_25_split0,cktile,25,0,a8w8_blockscale_cktile_128x128x128_2x2x1_16x16x128_intrawave_0x1x0_3,1,11,279.03885714285707,0.0,passed,
1728,768,7168,cktile_24_split0,cktile,24,0,a8w8_blockscale_cktile_128x128x128_2x2x1_16x16x128_intrawave_0x1x0_1,1,12,108.8158043478261,0.0,passed,
1728,768,7168,cktile_23_split0,cktile,23,0,a8w8_blockscale_cktile_128x128x128_1x4x1_16x16x128_intrawave_0x1x0_4,1,13,385.48922916666675,0.0,passed,
1728,768,7168,cktile_22_split0,cktile,22,0,a8w8_blockscale_cktile_128x128x128_1x4x1_16x16x128_intrawave_0x1x0_3,1,14,266.0636666666667,0.0,passed,
1728,768,7168,cktile_21_split0,cktile,21,0,a8w8_blockscale_cktile_128x128x128_1x4x1_16x16x128_intrawave_0x1x0_2,1,15,103.16704347826091,0.0,passed,
1728,768,7168,cktile_20_split0,cktile,20,0,a8w8_blockscale_cktile_32x128x128_1x4x1_16x16x64_intrawave_0x1x0_4,1,16,53.40042222222217,0.0,passed,
1728,768,7168,cktile_19_split0,cktile,19,0,a8w8_blockscale_cktile_32x128x128_1x4x1_16x16x64_intrawave_0x1x0_3,1,17,53.499063829787275,0.0,passed,
1728,768,7168,cktile_18_split0,cktile,18,0,a8w8_blockscale_cktile_32x128x128_1x4x1_16x16x128_intrawave_0x1x0_4,1,18,57.740911111111096,0.0,passed,
1728,768,7168,cktile_17_split0,cktile,17,0,a8w8_blockscale_cktile_32x128x128_1x4x1_16x16x128_intrawave_0x1x0_3,1,19,57.37413636363638,0.0,passed,
1728,768,7168,cktile_16_split0,cktile,16,0,a8w8_blockscale_cktile_16x128x256_1x4x1_16x16x64_intrawave_0x1x0_4,1,20,55.62844680851065,0.0,passed,
1728,768,7168,cktile_15_split0,cktile,15,0,a8w8_blockscale_cktile_16x128x256_1x4x1_16x16x64_intrawave_0x1x0_3,1,21,49.839466666666716,0.0,passed,
1728,768,7168,cktile_14_split0,cktile,14,0,a8w8_blockscale_cktile_16x128x256_1x4x1_16x16x128_intrawave_0x1x0_4,1,22,85.67136170212777,0.0,passed,
1728,768,7168,cktile_13_split0,cktile,13,0,a8w8_blockscale_cktile_16x128x256_1x4x1_16x16x128_intrawave_0x1x0_3,1,23,52.62860416666663,0.0,passed,
1728,768,7168,cktile_12_split0,cktile,12,0,a8w8_blockscale_cktile_192x256x128_4x2x1_16x16x128_intrawave_0x1x0_1_aqrm,1,24,98.53058695652169,0.0,passed,
1728,768,7168,cktile_11_split0,cktile,11,0,a8w8_blockscale_cktile_192x256x128_4x2x1_16x16x128_intrawave_0x1x0_1,1,25,76.4590434782609,0.0,passed,
1728,768,7168,cktile_10_split0,cktile,10,0,a8w8_blockscale_cktile_128x128x128_2x2x1_16x16x128_intrawave_0x1x0_2,1,26,108.73406521739132,0.0,passed,
1728,768,7168,cktile_9_split0,cktile,9,0,a8w8_blockscale_cktile_128x128x128_1x4x1_16x16x128_intrawave_0x1x0_1,1,27,103.23211111111112,0.0,passed,
1728,768,7168,cktile_8_split0,cktile,8,0,a8w8_blockscale_cktile_128x128x128_1x4x1_16x16x128_intrawave_0x1x0_1,1,28,103.19052173913052,0.0,passed,
1728,768,7168,cktile_7_split0,cktile,7,0,a8w8_blockscale_cktile_32x128x128_1x4x1_16x16x64_intrawave_0x1x0_2,1,29,53.2395,0.0,passed,
1728,768,7168,cktile_6_split0,cktile,6,0,a8w8_blockscale_cktile_32x128x128_1x4x1_16x16x64_intrawave_0x1x0_1,1,30,50.53860416666666,0.0,passed,
1728,768,7168,cktile_5_split0,cktile,5,0,a8w8_blockscale_cktile_32x128x128_1x4x1_16x16x128_intrawave_0x1x0_2,1,31,57.47347826086956,0.0,passed,
1728,768,7168,cktile_4_split0,cktile,4,0,a8w8_blockscale_cktile_32x128x128_1x4x1_16x16x128_intrawave_0x1x0_1,1,32,57.739957446808475,0.0,passed,
1728,768,7168,cktile_3_split0,cktile,3,0,a8w8_blockscale_cktile_16x128x256_1x4x1_16x16x64_intrawave_0x1x0_2,1,33,49.982580000000034,0.0,passed,
1728,768,7168,cktile_2_split0,cktile,2,0,a8w8_blockscale_cktile_16x128x256_1x4x1_16x16x64_intrawave_0x1x0_1,1,34,51.63534693877554,0.0,passed,
1728,768,7168,cktile_1_split0,cktile,1,0,a8w8_blockscale_cktile_16x128x256_1x4x1_16x16x128_intrawave_0x1x0_2,1,35,52.23612500000002,0.0,passed,
1728,768,7168,cktile_0_split0,cktile,0,0,a8w8_blockscale_cktile_16x128x256_1x4x1_16x16x128_intrawave_0x1x0_1,1,36,52.36797872340428,0.0,passed,
1728,768,7168,ck_17_split0,ck,17,0,a8w8_blockscale_bpreshuffle_1x128x128_256x64x64x256_16x16_16x16_16x16x1_16x16x1_1x32x1x8_8_2x1_intrawave_v1,1,37,31.31020833333334,0.0,passed,
1728,768,7168,ck_16_split0,ck,16,0,a8w8_blockscale_bpreshuffle_1x128x128_256x64x128x256_16x16_16x16_16x16x1_16x16x1_1x32x1x8_8_2x1_intrawave_v1,1,38,36.85902040816325,0.0,passed,
1728,768,7168,ck_15_split0,ck,15,0,a8w8_blockscale_bpreshuffle_1x128x128_256x64x64x128_16x16_16x16_8x32x1_8x32x1_1x32x1x8_8_2x1_intrawave_v1,1,39,31.39172340425532,0.0,passed,
1728,768,7168,ck_14_split0,ck,14,0,a8w8_blockscale_bpreshuffle_1x128x128_256x64x128x128_16x16_16x16_8x32x1_8x32x1_1x32x1x8_8_2x1_intrawave_v1,1,40,36.560276595744675,0.0,passed,
1728,768,7168,ck_13_split0,ck,13,0,a8w8_blockscale_bpreshuffle_1x128x128_256x64x256x128_16x16_16x16_8x32x1_8x32x1_1x32x1x8_8_2x1_intrawave_v1,1,41,52.08221739130437,0.0,passed,
1728,768,7168,ck_12_split0,ck,12,0,a8w8_blockscale_bpreshuffle_1x128x128_256x32x64x256_16x16_16x16_16x16x1_16x16x1_1x32x1x8_8_2x1_intrawave_v1,1,42,33.17939583333334,0.0,passed,
1728,768,7168,ck_11_split0,ck,11,0,a8w8_blockscale_bpreshuffle_1x128x128_256x32x128x256_16x16_16x16_16x16x1_16x16x1_1x32x1x8_8_2x1_intrawave_v1,1,43,31.607530612244897,0.0,passed,
1728,768,7168,ck_10_split0,ck,10,0,a8w8_blockscale_bpreshuffle_1x128x128_256x32x64x128_16x16_16x16_8x32x1_8x32x1_1x32x1x8_8_2x1_intrawave_v1,1,44,32.66491489361701,0.0,passed,
1728,768,7168,ck_9_split0,ck,9,0,a8w8_blockscale_bpreshuffle_1x128x128_256x32x128x128_16x16_16x16_8x32x1_8x32x1_1x32x1x8_8_2x1_intrawave_v1,1,45,31.52110869565217,0.0,passed,
1728,768,7168,ck_8_split0,ck,8,0,a8w8_blockscale_bpreshuffle_1x128x128_256x32x256x128_16x16_16x16_8x32x1_8x32x1_1x32x1x8_8_2x1_intrawave_v1,1,46,40.56457446808512,0.0,passed,
1728,768,7168,ck_7_split0,ck,7,0,a8w8_blockscale_bpreshuffle_1x128x128_256x16x64x256_16x16_16x16_16x16x1_16x16x1_1x16x1x16_4_1x1_intrawave_v1,1,47,47.090575,0.0,passed,
1728,768,7168,ck_6_split0,ck,6,0,a8w8_blockscale_bpreshuffle_1x128x128_256x16x128x256_16x16_16x16_16x16x1_16x16x1_1x16x1x16_8_1x2_intrawave_v1,1,48,42.18246808510637,0.0,passed,
1728,768,7168,ck_5_split0,ck,5,0,a8w8_blockscale_bpreshuffle_1x128x128_256x16x64x128_8x16_16x16_16x16x1_8x32x1_1x16x1x16_4_1x1_intrawave_v1,1,49,49.3560869565217,0.0,passed,
1728,768,7168,ck_4_split0,ck,4,0,a8w8_blockscale_bpreshuffle_1x128x128_256x16x128x128_8x16_16x16_16x16x1_8x32x1_1x16x1x16_8_1x2_intrawave_v1,1,50,45.1808888888889,0.0,passed,
1728,768,7168,ck_3_split0,ck,3,0,a8w8_blockscale_bpreshuffle_1x128x128_256x16x256x128_8x16_16x16_16x16x1_8x32x1_1x16x1x16_8_1x2_intrawave_v1,1,51,53.47282978723403,0.0,passed,
1728,768,7168,ck_2_split0,ck,2,0,a8w8_blockscale_bpreshuffle_1x128x128_256x64x64x128_16x16_16x16_8x32x1_8x32x1_1x32x1x8_8_2x1_intrawave_v3,1,52,33.8359347826087,0.0,passed,
1728,768,7168,ck_1_split0,ck,1,0,a8w8_blockscale_bpreshuffle_1x128x128_256x64x128x128_16x16_16x16_8x32x1_8x32x1_1x32x1x8_8_2x1_intrawave_v3,1,53,36.03091489361704,0.0,passed,
1728,768,7168,ck_2_split0,ck,2,0,a8w8_blockscale_bpreshuffle_1x128x128_256x64x64x128_16x16_16x16_8x32x1_8x32x1_1x32x1x8_8_2x1_intrawave_v3,2,0,33.502869565217395,0.0,passed,
1728,768,7168,ck_3_split0,ck,3,0,a8w8_blockscale_bpreshuffle_1x128x128_256x16x256x128_8x16_16x16_16x16x1_8x32x1_1x16x1x16_8_1x2_intrawave_v1,2,1,53.470276595744664,0.0,passed,
1728,768,7168,ck_4_split0,ck,4,0,a8w8_blockscale_bpreshuffle_1x128x128_256x16x128x128_8x16_16x16_16x16x1_8x32x1_1x16x1x16_8_1x2_intrawave_v1,2,2,45.20039130434785,0.0,passed,
1728,768,7168,ck_5_split0,ck,5,0,a8w8_blockscale_bpreshuffle_1x128x128_256x16x64x128_8x16_16x16_16x16x1_8x32x1_1x16x1x16_4_1x1_intrawave_v1,2,3,50.32541666666668,0.0,passed,
1728,768,7168,ck_6_split0,ck,6,0,a8w8_blockscale_bpreshuffle_1x128x128_256x16x128x256_16x16_16x16_16x16x1_16x16x1_1x16x1x16_8_1x2_intrawave_v1,2,4,42.413106382978725,0.0,passed,
1728,768,7168,ck_7_split0,ck,7,0,a8w8_blockscale_bpreshuffle_1x128x128_256x16x64x256_16x16_16x16_16x16x1_16x16x1_1x16x1x16_4_1x1_intrawave_v1,2,5,47.176302325581396,0.0,passed,
1728,768,7168,ck_8_split0,ck,8,0,a8w8_blockscale_bpreshuffle_1x128x128_256x32x256x128_16x16_16x16_8x32x1_8x32x1_1x32x1x8_8_2x1_intrawave_v1,2,6,40.77648936170212,0.0,passed,
1728,768,7168,ck_9_split0,ck,9,0,a8w8_blockscale_bpreshuffle_1x128x128_256x32x128x128_16x16_16x16_8x32x1_8x32x1_1x32x1x8_8_2x1_intrawave_v1,2,7,31.534152173913036,0.0,passed,
1728,768,7168,ck_10_split0,ck,10,0,a8w8_blockscale_bpreshuffle_1x128x128_256x32x64x128_16x16_16x16_8x32x1_8x32x1_1x32x1x8_8_2x1_intrawave_v1,2,8,32.72280851063829,0.0,passed,
1728,768,7168,ck_11_split0,ck,11,0,a8w8_blockscale_bpreshuffle_1x128x128_256x32x128x256_16x16_16x16_16x16x1_16x16x1_1x32x1x8_8_2x1_intrawave_v1,2,9,31.25437500000001,0.0,passed,
1728,768,7168,ck_12_split0,ck,12,0,a8w8_blockscale_bpreshuffle_1x128x128_256x32x64x256_16x16_16x16_16x16x1_16x16x1_1x32x1x8_8_2x1_intrawave_v1,2,10,32.68139999999998,0.0,passed,
1728,768,7168,ck_13_split0,ck,13,0,a8w8_blockscale_bpreshuffle_1x128x128_256x64x256x128_16x16_16x16_8x32x1_8x32x1_1x32x1x8_8_2x1_intrawave_v1,2,11,52.31961702127659,0.0,passed,
1728,768,7168,ck_14_split0,ck,14,0,a8w8_blockscale_bpreshuffle_1x128x128_256x64x128x128_16x16_16x16_8x32x1_8x32x1_1x32x1x8_8_2x1_intrawave_v1,2,12,36.696468085106375,0.0,passed,
1728,768,7168,ck_15_split0,ck,15,0,a8w8_blockscale_bpreshuffle_1x128x128_256x64x64x128_16x16_16x16_8x32x1_8x32x1_1x32x1x8_8_2x1_intrawave_v1,2,13,31.71855102040816,0.0,passed,
1728,768,7168,ck_16_split0,ck,16,0,a8w8_blockscale_bpreshuffle_1x128x128_256x64x128x256_16x16_16x16_16x16x1_16x16x1_1x32x1x8_8_2x1_intrawave_v1,2,14,36.658183673469395,0.0,passed,
1728,768,7168,ck_17_split0,ck,17,0,a8w8_blockscale_bpreshuffle_1x128x128_256x64x64x256_16x16_16x16_16x16x1_16x16x1_1x32x1x8_8_2x1_intrawave_v1,2,15,31.451500000000014,0.0,passed,
1728,768,7168,cktile_0_split0,cktile,0,0,a8w8_blockscale_cktile_16x128x256_1x4x1_16x16x128_intrawave_0x1x0_1,2,16,52.08712765957443,0.0,passed,
1728,768,7168,cktile_1_split0,cktile,1,0,a8w8_blockscale_cktile_16x128x256_1x4x1_16x16x128_intrawave_0x1x0_2,2,17,52.17020000000003,0.0,passed,
1728,768,7168,cktile_2_split0,cktile,2,0,a8w8_blockscale_cktile_16x128x256_1x4x1_16x16x64_intrawave_0x1x0_1,2,18,50.812822222222216,0.0,passed,
1728,768,7168,cktile_3_split0,cktile,3,0,a8w8_blockscale_cktile_16x128x256_1x4x1_16x16x64_intrawave_0x1x0_2,2,19,49.846083333333326,0.0,passed,
1728,768,7168,cktile_4_split0,cktile,4,0,a8w8_blockscale_cktile_32x128x128_1x4x1_16x16x128_intrawave_0x1x0_1,2,20,57.43244444444444,0.0,passed,
1728,768,7168,cktile_5_split0,cktile,5,0,a8w8_blockscale_cktile_32x128x128_1x4x1_16x16x128_intrawave_0x1x0_2,2,21,57.39519565217392,0.0,passed,
1728,768,7168,cktile_6_split0,cktile,6,0,a8w8_blockscale_cktile_32x128x128_1x4x1_16x16x64_intrawave_0x1x0_1,2,22,50.838586956521745,0.0,passed,
1728,768,7168,cktile_7_split0,cktile,7,0,a8w8_blockscale_cktile_32x128x128_1x4x1_16x16x64_intrawave_0x1x0_2,2,23,53.26993478260874,0.0,passed,
1728,768,7168,cktile_8_split0,cktile,8,0,a8w8_blockscale_cktile_128x128x128_1x4x1_16x16x128_intrawave_0x1x0_1,2,24,103.17573913043479,0.0,passed,
1728,768,7168,cktile_9_split0,cktile,9,0,a8w8_blockscale_cktile_128x128x128_1x4x1_16x16x128_intrawave_0x1x0_1,2,25,103.14474468085106,0.0,passed,
1728,768,7168,cktile_10_split0,cktile,10,0,a8w8_blockscale_cktile_128x128x128_2x2x1_16x16x128_intrawave_0x1x0_2,2,26,108.46884782608701,0.0,passed,
1728,768,7168,cktile_11_split0,cktile,11,0,a8w8_blockscale_cktile_192x256x128_4x2x1_16x16x128_intrawave_0x1x0_1,2,27,76.55556521739129,0.0,passed,
1728,768,7168,cktile_12_split0,cktile,12,0,a8w8_blockscale_cktile_192x256x128_4x2x1_16x16x128_intrawave_0x1x0_1_aqrm,2,28,99.17038297872338,0.0,passed,
1728,768,7168,cktile_13_split0,cktile,13,0,a8w8_blockscale_cktile_16x128x256_1x4x1_16x16x128_intrawave_0x1x0_3,2,29,52.260930232558124,0.0,passed,
1728,768,7168,cktile_14_split0,cktile,14,0,a8w8_blockscale_cktile_16x128x256_1x4x1_16x16x128_intrawave_0x1x0_4,2,30,85.90285106382976,0.0,passed,
1728,768,7168,cktile_15_split0,cktile,15,0,a8w8_blockscale_cktile_16x128x256_1x4x1_16x16x64_intrawave_0x1x0_3,2,31,49.828382978723425,0.0,passed,
1728,768,7168,cktile_16_split0,cktile,16,0,a8w8_blockscale_cktile_16x128x256_1x4x1_16x16x64_intrawave_0x1x0_4,2,32,55.795111111111126,0.0,passed,
1728,768,7168,cktile_17_split0,cktile,17,0,a8w8_blockscale_cktile_32x128x128_1x4x1_16x16x128_intrawave_0x1x0_3,2,33,57.64311111111109,0.0,passed,
1728,768,7168,cktile_18_split0,cktile,18,0,a8w8_blockscale_cktile_32x128x128_1x4x1_16x16x128_intrawave_0x1x0_4,2,34,57.80215217391305,0.0,passed,
1728,768,7168,cktile_19_split0,cktile,19,0,a8w8_blockscale_cktile_32x128x128_1x4x1_16x16x64_intrawave_0x1x0_3,2,35,53.25776086956521,0.0,passed,
1728,768,7168,cktile_20_split0,cktile,20,0,a8w8_blockscale_cktile_32x128x128_1x4x1_16x16x64_intrawave_0x1x0_4,2,36,53.19254347826085,0.0,passed,
1728,768,7168,cktile_21_split0,cktile,21,0,a8w8_blockscale_cktile_128x128x128_1x4x1_16x16x128_intrawave_0x1x0_2,2,37,103.10182608695655,0.0,passed,
1728,768,7168,cktile_22_split0,cktile,22,0,a8w8_blockscale_cktile_128x128x128_1x4x1_16x16x128_intrawave_0x1x0_3,2,38,265.4794255319148,0.0,passed,
1728,768,7168,cktile_23_split0,cktile,23,0,a8w8_blockscale_cktile_128x128x128_1x4x1_16x16x128_intrawave_0x1x0_4,2,39,385.4767291666667,0.0,passed,
1728,768,7168,cktile_24_split0,cktile,24,0,a8w8_blockscale_cktile_128x128x128_2x2x1_16x16x128_intrawave_0x1x0_1,2,40,108.45754347826094,0.0,passed,
1728,768,7168,cktile_25_split0,cktile,25,0,a8w8_blockscale_cktile_128x128x128_2x2x1_16x16x128_intrawave_0x1x0_3,2,41,279.05746808510634,0.0,passed,
1728,768,7168,cktile_26_split0,cktile,26,0,a8w8_blockscale_cktile_128x128x128_2x2x1_16x16x128_intrawave_0x1x0_4,2,42,509.89911111111127,0.0,passed,
1728,768,7168,cktile_27_split0,cktile,27,0,a8w8_blockscale_cktile_192x256x128_4x2x1_16x16x128_intrawave_0x1x0_2,2,43,76.77182978723403,0.0,passed,
1728,768,7168,cktile_28_split0,cktile,28,0,a8w8_blockscale_cktile_192x256x128_4x2x1_16x16x128_intrawave_0x1x0_3,2,44,76.3703260869565,0.0,passed,
1728,768,7168,cktile_29_split0,cktile,29,0,a8w8_blockscale_cktile_192x256x128_4x2x1_16x16x128_intrawave_0x1x0_4,2,45,76.84860869565215,0.0,passed,
1728,768,7168,cktile_30_split0,cktile,30,0,a8w8_blockscale_cktile_192x256x128_4x2x1_16x16x128_intrawave_0x1x0_2_aqrm,2,46,98.78102173913052,0.0,passed,
1728,768,7168,cktile_31_split0,cktile,31,0,a8w8_blockscale_cktile_192x256x128_4x2x1_16x16x128_intrawave_0x1x0_3_aqrm,2,47,98.61634042553189,0.0,passed,
1728,768,7168,cktile_32_split0,cktile,32,0,a8w8_blockscale_cktile_192x256x128_4x2x1_16x16x128_intrawave_0x1x0_4_aqrm,2,48,98.43147826086957,0.0,passed,
1728,768,7168,opus_9011,opus,9011,0,opus_gemm_gfx950_a8w8_mxscale_gemm_bpreshuffle_256x64x128x128_2x2_16x16x128_1x128x128_tiles1_nooob,2,49,29.857111111111116,0.0,passed,
1728,768,7168,opus_9012,opus,9012,0,opus_gemm_gfx950_a8w8_mxscale_gemm_bpreshuffle_256x64x64x128_2x2_16x16x128_1x128x128_tiles1_nooob,2,50,32.2121489361702,0.0,passed,
1728,768,7168,opus_9020,opus,9020,0,opus_gemm_gfx950_a8w8_mxscale_gemm_bpreshuffle_256x256x256x128_2x2_16x16x128_1x128x128_tiles1,2,51,90.37050000000008,0.0,passed,
1728,768,7168,ck_0_split0,ck,0,0,a8w8_blockscale_bpreshuffle_1x128x128_256x128x128x128_16x16_16x16_8x32x1_8x32x1_1x32x1x8_8_2x1_intrawave_v3,2,52,60.896857142857186,0.0,passed,
1728,768,7168,ck_1_split0,ck,1,0,a8w8_blockscale_bpreshuffle_1x128x128_256x64x128x128_16x16_16x16_8x32x1_8x32x1_1x32x1x8_8_2x1_intrawave_v3,2,53,36.00538297872341,0.0,passed,
16384,768,7168,ck_1_split0,ck,1,0,a8w8_blockscale_bpreshuffle_1x128x128_256x64x128x128_16x16_16x16_8x32x1_8x32x1_1x32x1x8_8_2x1_intrawave_v3,0,0,150.44158,0.0,passed,
16384,768,7168,ck_2_split0,ck,2,0,a8w8_blockscale_bpreshuffle_1x128x128_256x64x64x128_16x16_16x16_8x32x1_8x32x1_1x32x1x8_8_2x1_intrawave_v3,0,1,189.85481999999996,0.0,passed,
16384,768,7168,ck_3_split0,ck,3,0,a8w8_blockscale_bpreshuffle_1x128x128_256x16x256x128_8x16_16x16_16x16x1_8x32x1_1x16x1x16_8_1x2_intrawave_v1,0,2,296.3012127659574,0.0,passed,
16384,768,7168,ck_4_split0,ck,4,0,a8w8_blockscale_bpreshuffle_1x128x128_256x16x128x128_8x16_16x16_16x16x1_8x32x1_1x16x1x16_8_1x2_intrawave_v1,0,3,335.01336,0.0,passed,
16384,768,7168,ck_5_split0,ck,5,0,a8w8_blockscale_bpreshuffle_1x128x128_256x16x64x128_8x16_16x16_16x16x1_8x32x1_1x16x1x16_4_1x1_intrawave_v1,0,4,380.9003000000001,0.0,passed,
16384,768,7168,ck_6_split0,ck,6,0,a8w8_blockscale_bpreshuffle_1x128x128_256x16x128x256_16x16_16x16_16x16x1_16x16x1_1x16x1x16_8_1x2_intrawave_v1,0,5,304.50978,0.0,passed,
16384,768,7168,ck_7_split0,ck,7,0,a8w8_blockscale_bpreshuffle_1x128x128_256x16x64x256_16x16_16x16_16x16x1_16x16x1_1x16x1x16_4_1x1_intrawave_v1,0,6,356.4671999999999,0.0,passed,
16384,768,7168,ck_8_split0,ck,8,0,a8w8_blockscale_bpreshuffle_1x128x128_256x32x256x128_16x16_16x16_8x32x1_8x32x1_1x32x1x8_8_2x1_intrawave_v1,0,7,182.72435999999993,0.0,passed,
16384,768,7168,ck_9_split0,ck,9,0,a8w8_blockscale_bpreshuffle_1x128x128_256x32x128x128_16x16_16x16_8x32x1_8x32x1_1x32x1x8_8_2x1_intrawave_v1,0,8,202.74458000000007,0.0,passed,
16384,768,7168,ck_10_split0,ck,10,0,a8w8_blockscale_bpreshuffle_1x128x128_256x32x64x128_16x16_16x16_8x32x1_8x32x1_1x32x1x8_8_2x1_intrawave_v1,0,9,251.74918000000002,0.0,passed,
16384,768,7168,ck_11_split0,ck,11,0,a8w8_blockscale_bpreshuffle_1x128x128_256x32x128x256_16x16_16x16_16x16x1_16x16x1_1x32x1x8_8_2x1_intrawave_v1,0,10,200.13255999999998,0.0,passed,
16384,768,7168,ck_12_split0,ck,12,0,a8w8_blockscale_bpreshuffle_1x128x128_256x32x64x256_16x16_16x16_16x16x1_16x16x1_1x32x1x8_8_2x1_intrawave_v1,0,11,239.44102000000012,0.0,passed,
16384,768,7168,ck_13_split0,ck,13,0,a8w8_blockscale_bpreshuffle_1x128x128_256x64x256x128_16x16_16x16_8x32x1_8x32x1_1x32x1x8_8_2x1_intrawave_v1,0,12,136.41339999999994,0.0,passed,
16384,768,7168,ck_14_split0,ck,14,0,a8w8_blockscale_bpreshuffle_1x128x128_256x64x128x128_16x16_16x16_8x32x1_8x32x1_1x32x1x8_8_2x1_intrawave_v1,0,13,148.19594000000004,0.0,passed,
16384,768,7168,ck_15_split0,ck,15,0,a8w8_blockscale_bpreshuffle_1x128x128_256x64x64x128_16x16_16x16_8x32x1_8x32x1_1x32x1x8_8_2x1_intrawave_v1,0,14,187.3859999999999,0.0,passed,
16384,768,7168,ck_16_split0,ck,16,0,a8w8_blockscale_bpreshuffle_1x128x128_256x64x128x256_16x16_16x16_16x16x1_16x16x1_1x32x1x8_8_2x1_intrawave_v1,0,15,159.24408000000005,0.0,passed,
16384,768,7168,ck_17_split0,ck,17,0,a8w8_blockscale_bpreshuffle_1x128x128_256x64x64x256_16x16_16x16_16x16x1_16x16x1_1x32x1x8_8_2x1_intrawave_v1,0,16,201.65177999999997,0.0,passed,
16384,768,7168,cktile_0_split0,cktile,0,0,a8w8_blockscale_cktile_16x128x256_1x4x1_16x16x128_intrawave_0x1x0_1,0,17,334.4547399999999,0.0,passed,
16384,768,7168,cktile_1_split0,cktile,1,0,a8w8_blockscale_cktile_16x128x256_1x4x1_16x16x128_intrawave_0x1x0_2,0,18,334.05074,0.0,passed,
16384,768,7168,cktile_2_split0,cktile,2,0,a8w8_blockscale_cktile_16x128x256_1x4x1_16x16x64_intrawave_0x1x0_1,0,19,330.90722448979596,0.0,passed,
16384,768,7168,cktile_3_split0,cktile,3,0,a8w8_blockscale_cktile_16x128x256_1x4x1_16x16x64_intrawave_0x1x0_2,0,20,329.20668000000006,0.0,passed,
16384,768,7168,cktile_4_split0,cktile,4,0,a8w8_blockscale_cktile_32x128x128_1x4x1_16x16x128_intrawave_0x1x0_1,0,21,253.2161800000001,0.0,passed,
16384,768,7168,cktile_5_split0,cktile,5,0,a8w8_blockscale_cktile_32x128x128_1x4x1_16x16x128_intrawave_0x1x0_2,0,22,252.91778,0.0,passed,
16384,768,7168,cktile_6_split0,cktile,6,0,a8w8_blockscale_cktile_32x128x128_1x4x1_16x16x64_intrawave_0x1x0_1,0,23,253.00175999999993,0.0,passed,
16384,768,7168,cktile_7_split0,cktile,7,0,a8w8_blockscale_cktile_32x128x128_1x4x1_16x16x64_intrawave_0x1x0_2,0,24,248.94493999999992,0.0,passed,
16384,768,7168,cktile_8_split0,cktile,8,0,a8w8_blockscale_cktile_128x128x128_1x4x1_16x16x128_intrawave_0x1x0_1,0,25,236.32812244897957,0.0,passed,
16384,768,7168,cktile_9_split0,cktile,9,0,a8w8_blockscale_cktile_128x128x128_1x4x1_16x16x128_intrawave_0x1x0_1,0,26,237.48426086956505,0.0,passed,
16384,768,7168,cktile_10_split0,cktile,10,0,a8w8_blockscale_cktile_128x128x128_2x2x1_16x16x128_intrawave_0x1x0_2,0,27,220.52380000000002,0.0,passed,
16384,768,7168,cktile_11_split0,cktile,11,0,a8w8_blockscale_cktile_192x256x128_4x2x1_16x16x128_intrawave_0x1x0_1,0,28,145.34709999999995,0.0,passed,
16384,768,7168,cktile_12_split0,cktile,12,0,a8w8_blockscale_cktile_192x256x128_4x2x1_16x16x128_intrawave_0x1x0_1_aqrm,0,29,163.16663265306127,0.0,passed,
16384,768,7168,cktile_13_split0,cktile,13,0,a8w8_blockscale_cktile_16x128x256_1x4x1_16x16x128_intrawave_0x1x0_3,0,30,335.50035999999994,0.0,passed,
16384,768,7168,cktile_14_split0,cktile,14,0,a8w8_blockscale_cktile_16x128x256_1x4x1_16x16x128_intrawave_0x1x0_4,0,31,615.4028600000001,0.0,passed,
16384,768,7168,cktile_15_split0,cktile,15,0,a8w8_blockscale_cktile_16x128x256_1x4x1_16x16x64_intrawave_0x1x0_3,0,32,326.82826,0.0,passed,
16384,768,7168,cktile_16_split0,cktile,16,0,a8w8_blockscale_cktile_16x128x256_1x4x1_16x16x64_intrawave_0x1x0_4,0,33,339.53671428571437,0.0,passed,
16384,768,7168,cktile_17_split0,cktile,17,0,a8w8_blockscale_cktile_32x128x128_1x4x1_16x16x128_intrawave_0x1x0_3,0,34,252.8497800000001,0.0,passed,
16384,768,7168,cktile_18_split0,cktile,18,0,a8w8_blockscale_cktile_32x128x128_1x4x1_16x16x128_intrawave_0x1x0_4,0,35,254.0594000000001,0.0,passed,
16384,768,7168,cktile_19_split0,cktile,19,0,a8w8_blockscale_cktile_32x128x128_1x4x1_16x16x64_intrawave_0x1x0_3,0,36,250.01613999999998,0.0,passed,
16384,768,7168,cktile_20_split0,cktile,20,0,a8w8_blockscale_cktile_32x128x128_1x4x1_16x16x64_intrawave_0x1x0_4,0,37,250.72896000000003,0.0,passed,
16384,768,7168,cktile_21_split0,cktile,21,0,a8w8_blockscale_cktile_128x128x128_1x4x1_16x16x128_intrawave_0x1x0_2,0,38,236.49220408163282,0.0,passed,
16384,768,7168,cktile_22_split0,cktile,22,0,a8w8_blockscale_cktile_128x128x128_1x4x1_16x16x128_intrawave_0x1x0_3,0,39,612.9643617021276,0.0,passed,
16384,768,7168,cktile_23_split0,cktile,23,0,a8w8_blockscale_cktile_128x128x128_1x4x1_16x16x128_intrawave_0x1x0_4,0,40,1020.9961428571426,0.0,passed,
16384,768,7168,cktile_24_split0,cktile,24,0,a8w8_blockscale_cktile_128x128x128_2x2x1_16x16x128_intrawave_0x1x0_1,0,41,224.18957446808523,0.0,passed,
16384,768,7168,cktile_25_split0,cktile,25,0,a8w8_blockscale_cktile_128x128x128_2x2x1_16x16x128_intrawave_0x1x0_3,0,42,642.7335799999998,0.0,passed,
16384,768,7168,cktile_26_split0,cktile,26,0,a8w8_blockscale_cktile_128x128x128_2x2x1_16x16x128_intrawave_0x1x0_4,0,43,1482.6480465116283,0.0,passed,
16384,768,7168,cktile_27_split0,cktile,27,0,a8w8_blockscale_cktile_192x256x128_4x2x1_16x16x128_intrawave_0x1x0_2,0,44,141.11505999999997,0.0,passed,
16384,768,7168,cktile_28_split0,cktile,28,0,a8w8_blockscale_cktile_192x256x128_4x2x1_16x16x128_intrawave_0x1x0_3,0,45,144.34709999999998,0.0,passed,
16384,768,7168,cktile_29_split0,cktile,29,0,a8w8_blockscale_cktile_192x256x128_4x2x1_16x16x128_intrawave_0x1x0_4,0,46,140.85266,0.0,passed,
16384,768,7168,cktile_30_split0,cktile,30,0,a8w8_blockscale_cktile_192x256x128_4x2x1_16x16x128_intrawave_0x1x0_2_aqrm,0,47,164.79438775510198,0.0,passed,
16384,768,7168,cktile_31_split0,cktile,31,0,a8w8_blockscale_cktile_192x256x128_4x2x1_16x16x128_intrawave_0x1x0_3_aqrm,0,48,164.41374000000005,0.0,passed,
16384,768,7168,cktile_32_split0,cktile,32,0,a8w8_blockscale_cktile_192x256x128_4x2x1_16x16x128_intrawave_0x1x0_4_aqrm,0,49,163.16891999999999,0.0,passed,
16384,768,7168,opus_9000,opus,9000,0,opus_gemm_gfx950_a8w8_mxscale_gemm_bpreshuffle_256x256x256x128_2x2_16x16x128_1x128x128_tiles1_nooob,0,50,103.59143999999995,0.0,passed,
16384,768,7168,opus_9010,opus,9010,0,opus_gemm_gfx950_a8w8_mxscale_gemm_bpreshuffle_256x128x128x128_2x2_16x16x128_1x128x128_tiles1_nooob,0,51,135.8414,0.0,passed,
16384,768,7168,opus_9011,opus,9011,0,opus_gemm_gfx950_a8w8_mxscale_gemm_bpreshuffle_256x64x128x128_2x2_16x16x128_1x128x128_tiles1_nooob,0,52,140.84066,0.0,passed,
16384,768,7168,opus_9012,opus,9012,0,opus_gemm_gfx950_a8w8_mxscale_gemm_bpreshuffle_256x64x64x128_2x2_16x16x128_1x128x128_tiles1_nooob,0,53,184.18678000000003,0.0,passed,
16384,768,7168,opus_9020,opus,9020,0,opus_gemm_gfx950_a8w8_mxscale_gemm_bpreshuffle_256x256x256x128_2x2_16x16x128_1x128x128_tiles1,0,54,106.02905999999997,0.0,passed,
16384,768,7168,ck_0_split0,ck,0,0,a8w8_blockscale_bpreshuffle_1x128x128_256x128x128x128_16x16_16x16_8x32x1_8x32x1_1x32x1x8_8_2x1_intrawave_v3,0,55,135.13658,0.0,passed,
16384,768,7168,ck_1_split0,ck,1,0,a8w8_blockscale_bpreshuffle_1x128x128_256x64x128x128_16x16_16x16_8x32x1_8x32x1_1x32x1x8_8_2x1_intrawave_v3,1,0,150.21997999999994,0.0,passed,
16384,768,7168,ck_0_split0,ck,0,0,a8w8_blockscale_bpreshuffle_1x128x128_256x128x128x128_16x16_16x16_8x32x1_8x32x1_1x32x1x8_8_2x1_intrawave_v3,1,1,136.5646734693878,0.0,passed,
16384,768,7168,opus_9020,opus,9020,0,opus_gemm_gfx950_a8w8_mxscale_gemm_bpreshuffle_256x256x256x128_2x2_16x16x128_1x128x128_tiles1,1,2,105.31863999999996,0.0,passed,
16384,768,7168,opus_9012,opus,9012,0,opus_gemm_gfx950_a8w8_mxscale_gemm_bpreshuffle_256x64x64x128_2x2_16x16x128_1x128x128_tiles1_nooob,1,3,186.65239999999997,0.0,passed,
16384,768,7168,opus_9011,opus,9011,0,opus_gemm_gfx950_a8w8_mxscale_gemm_bpreshuffle_256x64x128x128_2x2_16x16x128_1x128x128_tiles1_nooob,1,4,141.44145999999992,0.0,passed,
16384,768,7168,opus_9010,opus,9010,0,opus_gemm_gfx950_a8w8_mxscale_gemm_bpreshuffle_256x128x128x128_2x2_16x16x128_1x128x128_tiles1_nooob,1,5,134.49257999999992,0.0,passed,
16384,768,7168,opus_9000,opus,9000,0,opus_gemm_gfx950_a8w8_mxscale_gemm_bpreshuffle_256x256x256x128_2x2_16x16x128_1x128x128_tiles1_nooob,1,6,103.46268750000002,0.0,passed,
16384,768,7168,cktile_32_split0,cktile,32,0,a8w8_blockscale_cktile_192x256x128_4x2x1_16x16x128_intrawave_0x1x0_4_aqrm,1,7,165.23453999999998,0.0,passed,
16384,768,7168,cktile_31_split0,cktile,31,0,a8w8_blockscale_cktile_192x256x128_4x2x1_16x16x128_intrawave_0x1x0_3_aqrm,1,8,165.24893999999992,0.0,passed,
16384,768,7168,cktile_30_split0,cktile,30,0,a8w8_blockscale_cktile_192x256x128_4x2x1_16x16x128_intrawave_0x1x0_2_aqrm,1,9,163.24014000000005,0.0,passed,
16384,768,7168,cktile_29_split0,cktile,29,0,a8w8_blockscale_cktile_192x256x128_4x2x1_16x16x128_intrawave_0x1x0_4,1,10,141.69266000000002,0.0,passed,
16384,768,7168,cktile_28_split0,cktile,28,0,a8w8_blockscale_cktile_192x256x128_4x2x1_16x16x128_intrawave_0x1x0_3,1,11,140.42865999999998,0.0,passed,
16384,768,7168,cktile_27_split0,cktile,27,0,a8w8_blockscale_cktile_192x256x128_4x2x1_16x16x128_intrawave_0x1x0_2,1,12,140.96545999999995,0.0,passed,
16384,768,7168,cktile_26_split0,cktile,26,0,a8w8_blockscale_cktile_128x128x128_2x2x1_16x16x128_intrawave_0x1x0_4,1,13,1482.3380425531923,0.0,passed,
16384,768,7168,cktile_25_split0,cktile,25,0,a8w8_blockscale_cktile_128x128x128_2x2x1_16x16x128_intrawave_0x1x0_3,1,14,642.96236,0.0,passed,
16384,768,7168,cktile_24_split0,cktile,24,0,a8w8_blockscale_cktile_128x128x128_2x2x1_16x16x128_intrawave_0x1x0_1,1,15,220.79260000000002,0.0,passed,
16384,768,7168,cktile_23_split0,cktile,23,0,a8w8_blockscale_cktile_128x128x128_1x4x1_16x16x128_intrawave_0x1x0_4,1,16,1021.0348599999998,0.0,passed,
16384,768,7168,cktile_22_split0,cktile,22,0,a8w8_blockscale_cktile_128x128x128_1x4x1_16x16x128_intrawave_0x1x0_3,1,17,613.579081632653,0.0,passed,
16384,768,7168,cktile_21_split0,cktile,21,0,a8w8_blockscale_cktile_128x128x128_1x4x1_16x16x128_intrawave_0x1x0_2,1,18,236.6100930232559,0.0,passed,
16384,768,7168,cktile_20_split0,cktile,20,0,a8w8_blockscale_cktile_32x128x128_1x4x1_16x16x64_intrawave_0x1x0_4,1,19,250.95695999999992,0.0,passed,
16384,768,7168,cktile_19_split0,cktile,19,0,a8w8_blockscale_cktile_32x128x128_1x4x1_16x16x64_intrawave_0x1x0_3,1,20,251.40736000000015,0.0,passed,
16384,768,7168,cktile_18_split0,cktile,18,0,a8w8_blockscale_cktile_32x128x128_1x4x1_16x16x128_intrawave_0x1x0_4,1,21,252.79697999999985,0.0,passed,
16384,768,7168,cktile_17_split0,cktile,17,0,a8w8_blockscale_cktile_32x128x128_1x4x1_16x16x128_intrawave_0x1x0_3,1,22,254.11860000000001,0.0,passed,
16384,768,7168,cktile_16_split0,cktile,16,0,a8w8_blockscale_cktile_16x128x256_1x4x1_16x16x64_intrawave_0x1x0_4,1,23,342.31401999999986,0.0,passed,
16384,768,7168,cktile_15_split0,cktile,15,0,a8w8_blockscale_cktile_16x128x256_1x4x1_16x16x64_intrawave_0x1x0_3,1,24,325.92024000000004,0.0,passed,
16384,768,7168,cktile_14_split0,cktile,14,0,a8w8_blockscale_cktile_16x128x256_1x4x1_16x16x128_intrawave_0x1x0_4,1,25,613.94204,0.0,passed,
16384,768,7168,cktile_13_split0,cktile,13,0,a8w8_blockscale_cktile_16x128x256_1x4x1_16x16x128_intrawave_0x1x0_3,1,26,334.3939399999999,0.0,passed,
16384,768,7168,cktile_12_split0,cktile,12,0,a8w8_blockscale_cktile_192x256x128_4x2x1_16x16x128_intrawave_0x1x0_1_aqrm,1,27,163.86411999999996,0.0,passed,
16384,768,7168,cktile_11_split0,cktile,11,0,a8w8_blockscale_cktile_192x256x128_4x2x1_16x16x128_intrawave_0x1x0_1,1,28,142.27108,0.0,passed,
16384,768,7168,cktile_10_split0,cktile,10,0,a8w8_blockscale_cktile_128x128x128_2x2x1_16x16x128_intrawave_0x1x0_2,1,29,216.3107804878048,0.0,passed,
16384,768,7168,cktile_9_split0,cktile,9,0,a8w8_blockscale_cktile_128x128x128_1x4x1_16x16x128_intrawave_0x1x0_1,1,30,236.85210869565213,0.0,passed,
16384,768,7168,cktile_8_split0,cktile,8,0,a8w8_blockscale_cktile_128x128x128_1x4x1_16x16x128_intrawave_0x1x0_1,1,31,236.3769361702128,0.0,passed,
16384,768,7168,cktile_7_split0,cktile,7,0,a8w8_blockscale_cktile_32x128x128_1x4x1_16x16x64_intrawave_0x1x0_2,1,32,249.60414000000003,0.0,passed,
16384,768,7168,cktile_6_split0,cktile,6,0,a8w8_blockscale_cktile_32x128x128_1x4x1_16x16x64_intrawave_0x1x0_1,1,33,254.75142000000008,0.0,passed,
16384,768,7168,cktile_5_split0,cktile,5,0,a8w8_blockscale_cktile_32x128x128_1x4x1_16x16x128_intrawave_0x1x0_2,1,34,252.28658000000004,0.0,passed,
16384,768,7168,cktile_4_split0,cktile,4,0,a8w8_blockscale_cktile_32x128x128_1x4x1_16x16x128_intrawave_0x1x0_1,1,35,252.65216000000004,0.0,passed,
16384,768,7168,cktile_3_split0,cktile,3,0,a8w8_blockscale_cktile_16x128x256_1x4x1_16x16x64_intrawave_0x1x0_2,1,36,328.17947999999996,0.0,passed,
16384,768,7168,cktile_2_split0,cktile,2,0,a8w8_blockscale_cktile_16x128x256_1x4x1_16x16x64_intrawave_0x1x0_1,1,37,332.55392,0.0,passed,
16384,768,7168,cktile_1_split0,cktile,1,0,a8w8_blockscale_cktile_16x128x256_1x4x1_16x16x128_intrawave_0x1x0_2,1,38,334.7114782608698,0.0,passed,
16384,768,7168,cktile_0_split0,cktile,0,0,a8w8_blockscale_cktile_16x128x256_1x4x1_16x16x128_intrawave_0x1x0_1,1,39,334.3939599999999,0.0,passed,
16384,768,7168,ck_17_split0,ck,17,0,a8w8_blockscale_bpreshuffle_1x128x128_256x64x64x256_16x16_16x16_16x16x1_16x16x1_1x32x1x8_8_2x1_intrawave_v1,1,40,201.13737999999998,0.0,passed,
16384,768,7168,ck_16_split0,ck,16,0,a8w8_blockscale_bpreshuffle_1x128x128_256x64x128x256_16x16_16x16_16x16x1_16x16x1_1x32x1x8_8_2x1_intrawave_v1,1,41,159.49287999999999,0.0,passed,
16384,768,7168,ck_15_split0,ck,15,0,a8w8_blockscale_bpreshuffle_1x128x128_256x64x64x128_16x16_16x16_8x32x1_8x32x1_1x32x1x8_8_2x1_intrawave_v1,1,42,188.38122000000004,0.0,passed,
16384,768,7168,ck_14_split0,ck,14,0,a8w8_blockscale_bpreshuffle_1x128x128_256x64x128x128_16x16_16x16_8x32x1_8x32x1_1x32x1x8_8_2x1_intrawave_v1,1,43,149.67198000000005,0.0,passed,
16384,768,7168,ck_13_split0,ck,13,0,a8w8_blockscale_bpreshuffle_1x128x128_256x64x256x128_16x16_16x16_8x32x1_8x32x1_1x32x1x8_8_2x1_intrawave_v1,1,44,135.59897999999998,0.0,passed,
16384,768,7168,ck_12_split0,ck,12,0,a8w8_blockscale_bpreshuffle_1x128x128_256x32x64x256_16x16_16x16_16x16x1_16x16x1_1x32x1x8_8_2x1_intrawave_v1,1,45,244.39947999999995,0.0,passed,
16384,768,7168,ck_11_split0,ck,11,0,a8w8_blockscale_bpreshuffle_1x128x128_256x32x128x256_16x16_16x16_16x16x1_16x16x1_1x32x1x8_8_2x1_intrawave_v1,1,46,197.36532000000005,0.0,passed,
16384,768,7168,ck_10_split0,ck,10,0,a8w8_blockscale_bpreshuffle_1x128x128_256x32x64x128_16x16_16x16_8x32x1_8x32x1_1x32x1x8_8_2x1_intrawave_v1,1,47,251.28836000000004,0.0,passed,
16384,768,7168,ck_9_split0,ck,9,0,a8w8_blockscale_bpreshuffle_1x128x128_256x32x128x128_16x16_16x16_8x32x1_8x32x1_1x32x1x8_8_2x1_intrawave_v1,1,48,204.25661999999983,0.0,passed,
16384,768,7168,ck_8_split0,ck,8,0,a8w8_blockscale_bpreshuffle_1x128x128_256x32x256x128_16x16_16x16_8x32x1_8x32x1_1x32x1x8_8_2x1_intrawave_v1,1,49,183.34036,0.0,passed,
16384,768,7168,ck_7_split0,ck,7,0,a8w8_blockscale_bpreshuffle_1x128x128_256x16x64x256_16x16_16x16_16x16x1_16x16x1_1x16x1x16_4_1x1_intrawave_v1,1,50,356.3468775510204,0.0,passed,
16384,768,7168,ck_6_split0,ck,6,0,a8w8_blockscale_bpreshuffle_1x128x128_256x16x128x256_16x16_16x16_16x16x1_16x16x1_1x16x1x16_8_1x2_intrawave_v1,1,51,305.6546,0.0,passed,
16384,768,7168,ck_5_split0,ck,5,0,a8w8_blockscale_bpreshuffle_1x128x128_256x16x64x128_8x16_16x16_16x16x1_8x32x1_1x16x1x16_4_1x1_intrawave_v1,1,52,382.17575510204074,0.0,passed,
16384,768,7168,ck_4_split0,ck,4,0,a8w8_blockscale_bpreshuffle_1x128x128_256x16x128x128_8x16_16x16_16x16x1_8x32x1_1x16x1x16_8_1x2_intrawave_v1,1,53,334.20614000000006,0.0,passed,
16384,768,7168,ck_3_split0,ck,3,0,a8w8_blockscale_bpreshuffle_1x128x128_256x16x256x128_8x16_16x16_16x16x1_8x32x1_1x16x1x16_8_1x2_intrawave_v1,1,54,299.72574,0.0,passed,
16384,768,7168,ck_2_split0,ck,2,0,a8w8_blockscale_bpreshuffle_1x128x128_256x64x64x128_16x16_16x16_8x32x1_8x32x1_1x32x1x8_8_2x1_intrawave_v3,1,55,190.29724,0.0,passed,
16384,768,7168,ck_3_split0,ck,3,0,a8w8_blockscale_bpreshuffle_1x128x128_256x16x256x128_8x16_16x16_16x16x1_8x32x1_1x16x1x16_8_1x2_intrawave_v1,2,0,298.72171428571437,0.0,passed,
16384,768,7168,ck_4_split0,ck,4,0,a8w8_blockscale_bpreshuffle_1x128x128_256x16x128x128_8x16_16x16_16x16x1_8x32x1_1x16x1x16_8_1x2_intrawave_v1,2,1,335.29654000000005,0.0,passed,
16384,768,7168,ck_5_split0,ck,5,0,a8w8_blockscale_bpreshuffle_1x128x128_256x16x64x128_8x16_16x16_16x16x1_8x32x1_1x16x1x16_4_1x1_intrawave_v1,2,2,383.1531,0.0,passed,
16384,768,7168,ck_6_split0,ck,6,0,a8w8_blockscale_bpreshuffle_1x128x128_256x16x128x256_16x16_16x16_16x16x1_16x16x1_1x16x1x16_8_1x2_intrawave_v1,2,3,305.93299999999994,0.0,passed,
16384,768,7168,ck_7_split0,ck,7,0,a8w8_blockscale_bpreshuffle_1x128x128_256x16x64x256_16x16_16x16_16x16x1_16x16x1_1x16x1x16_4_1x1_intrawave_v1,2,4,356.7,0.0,passed,
16384,768,7168,ck_8_split0,ck,8,0,a8w8_blockscale_bpreshuffle_1x128x128_256x32x256x128_16x16_16x16_8x32x1_8x32x1_1x32x1x8_8_2x1_intrawave_v1,2,5,182.62676000000002,0.0,passed,
16384,768,7168,ck_9_split0,ck,9,0,a8w8_blockscale_bpreshuffle_1x128x128_256x32x128x128_16x16_16x16_8x32x1_8x32x1_1x32x1x8_8_2x1_intrawave_v1,2,6,203.0198,0.0,passed,
16384,768,7168,ck_10_split0,ck,10,0,a8w8_blockscale_bpreshuffle_1x128x128_256x32x64x128_16x16_16x16_8x32x1_8x32x1_1x32x1x8_8_2x1_intrawave_v1,2,7,250.67554,0.0,passed,
16384,768,7168,ck_11_split0,ck,11,0,a8w8_blockscale_bpreshuffle_1x128x128_256x32x128x256_16x16_16x16_16x16x1_16x16x1_1x32x1x8_8_2x1_intrawave_v1,2,8,200.61838297872336,0.0,passed,
16384,768,7168,ck_12_split0,ck,12,0,a8w8_blockscale_bpreshuffle_1x128x128_256x32x64x256_16x16_16x16_16x16x1_16x16x1_1x32x1x8_8_2x1_intrawave_v1,2,9,240.17064,0.0,passed,
16384,768,7168,ck_13_split0,ck,13,0,a8w8_blockscale_bpreshuffle_1x128x128_256x64x256x128_16x16_16x16_8x32x1_8x32x1_1x32x1x8_8_2x1_intrawave_v1,2,10,136.31259999999997,0.0,passed,
16384,768,7168,ck_14_split0,ck,14,0,a8w8_blockscale_bpreshuffle_1x128x128_256x64x128x128_16x16_16x16_8x32x1_8x32x1_1x32x1x8_8_2x1_intrawave_v1,2,11,149.69995999999998,0.0,passed,
16384,768,7168,ck_15_split0,ck,15,0,a8w8_blockscale_bpreshuffle_1x128x128_256x64x64x128_16x16_16x16_8x32x1_8x32x1_1x32x1x8_8_2x1_intrawave_v1,2,12,186.99319999999992,0.0,passed,
16384,768,7168,ck_16_split0,ck,16,0,a8w8_blockscale_bpreshuffle_1x128x128_256x64x128x256_16x16_16x16_16x16x1_16x16x1_1x32x1x8_8_2x1_intrawave_v1,2,13,158.78325999999998,0.0,passed,
16384,768,7168,ck_17_split0,ck,17,0,a8w8_blockscale_bpreshuffle_1x128x128_256x64x64x256_16x16_16x16_16x16x1_16x16x1_1x32x1x8_8_2x1_intrawave_v1,2,14,199.6757399999999,0.0,passed,
16384,768,7168,cktile_0_split0,cktile,0,0,a8w8_blockscale_cktile_16x128x256_1x4x1_16x16x128_intrawave_0x1x0_1,2,15,333.64754,0.0,passed,
16384,768,7168,cktile_1_split0,cktile,1,0,a8w8_blockscale_cktile_16x128x256_1x4x1_16x16x128_intrawave_0x1x0_2,2,16,333.77091836734695,0.0,passed,
16384,768,7168,cktile_2_split0,cktile,2,0,a8w8_blockscale_cktile_16x128x256_1x4x1_16x16x64_intrawave_0x1x0_1,2,17,330.5635,0.0,passed,
16384,768,7168,cktile_3_split0,cktile,3,0,a8w8_blockscale_cktile_16x128x256_1x4x1_16x16x64_intrawave_0x1x0_2,2,18,326.94343999999995,0.0,passed,
16384,768,7168,cktile_4_split0,cktile,4,0,a8w8_blockscale_cktile_32x128x128_1x4x1_16x16x128_intrawave_0x1x0_1,2,19,253.46658000000008,0.0,passed,
16384,768,7168,cktile_5_split0,cktile,5,0,a8w8_blockscale_cktile_32x128x128_1x4x1_16x16x128_intrawave_0x1x0_2,2,20,253.57698000000016,0.0,passed,
16384,768,7168,cktile_6_split0,cktile,6,0,a8w8_blockscale_cktile_32x128x128_1x4x1_16x16x64_intrawave_0x1x0_1,2,21,254.77620000000016,0.0,passed,
16384,768,7168,cktile_7_split0,cktile,7,0,a8w8_blockscale_cktile_32x128x128_1x4x1_16x16x64_intrawave_0x1x0_2,2,22,249.84494000000004,0.0,passed,
16384,768,7168,cktile_8_split0,cktile,8,0,a8w8_blockscale_cktile_128x128x128_1x4x1_16x16x128_intrawave_0x1x0_1,2,23,237.85678000000004,0.0,passed,
16384,768,7168,cktile_9_split0,cktile,9,0,a8w8_blockscale_cktile_128x128x128_1x4x1_16x16x128_intrawave_0x1x0_1,2,24,237.26291489361705,0.0,passed,
16384,768,7168,cktile_10_split0,cktile,10,0,a8w8_blockscale_cktile_128x128x128_2x2x1_16x16x128_intrawave_0x1x0_2,2,25,220.29848936170205,0.0,passed,
16384,768,7168,cktile_11_split0,cktile,11,0,a8w8_blockscale_cktile_192x256x128_4x2x1_16x16x128_intrawave_0x1x0_1,2,26,143.24228,0.0,passed,
16384,768,7168,cktile_12_split0,cktile,12,0,a8w8_blockscale_cktile_192x256x128_4x2x1_16x16x128_intrawave_0x1x0_1_aqrm,2,27,163.27611999999996,0.0,passed,
16384,768,7168,cktile_13_split0,cktile,13,0,a8w8_blockscale_cktile_16x128x256_1x4x1_16x16x128_intrawave_0x1x0_3,2,28,333.6982448979592,0.0,passed,
16384,768,7168,cktile_14_split0,cktile,14,0,a8w8_blockscale_cktile_16x128x256_1x4x1_16x16x128_intrawave_0x1x0_4,2,29,616.9052600000001,0.0,passed,
16384,768,7168,cktile_15_split0,cktile,15,0,a8w8_blockscale_cktile_16x128x256_1x4x1_16x16x64_intrawave_0x1x0_3,2,30,328.99308000000013,0.0,passed,
16384,768,7168,cktile_16_split0,cktile,16,0,a8w8_blockscale_cktile_16x128x256_1x4x1_16x16x64_intrawave_0x1x0_4,2,31,339.3300000000001,0.0,passed,
16384,768,7168,cktile_17_split0,cktile,17,0,a8w8_blockscale_cktile_32x128x128_1x4x1_16x16x128_intrawave_0x1x0_3,2,32,254.54420000000016,0.0,passed,
16384,768,7168,cktile_18_split0,cktile,18,0,a8w8_blockscale_cktile_32x128x128_1x4x1_16x16x128_intrawave_0x1x0_4,2,33,252.39698000000016,0.0,passed,
16384,768,7168,cktile_19_split0,cktile,19,0,a8w8_blockscale_cktile_32x128x128_1x4x1_16x16x64_intrawave_0x1x0_3,2,34,250.83851020408173,0.0,passed,
16384,768,7168,cktile_20_split0,cktile,20,0,a8w8_blockscale_cktile_32x128x128_1x4x1_16x16x64_intrawave_0x1x0_4,2,35,249.4977399999999,0.0,passed,
16384,768,7168,cktile_21_split0,cktile,21,0,a8w8_blockscale_cktile_128x128x128_1x4x1_16x16x128_intrawave_0x1x0_2,2,36,237.2656666666667,0.0,passed,
16384,768,7168,cktile_22_split0,cktile,22,0,a8w8_blockscale_cktile_128x128x128_1x4x1_16x16x128_intrawave_0x1x0_3,2,37,613.5643404255317,0.0,passed,
16384,768,7168,cktile_23_split0,cktile,23,0,a8w8_blockscale_cktile_128x128x128_1x4x1_16x16x128_intrawave_0x1x0_4,2,38,1021.0019999999998,0.0,passed,
16384,768,7168,cktile_24_split0,cktile,24,0,a8w8_blockscale_cktile_128x128x128_2x2x1_16x16x128_intrawave_0x1x0_1,2,39,216.9339285714288,0.0,passed,
16384,768,7168,cktile_25_split0,cktile,25,0,a8w8_blockscale_cktile_128x128x128_2x2x1_16x16x128_intrawave_0x1x0_3,2,40,642.8863799999999,0.0,passed,
16384,768,7168,cktile_26_split0,cktile,26,0,a8w8_blockscale_cktile_128x128x128_2x2x1_16x16x128_intrawave_0x1x0_4,2,41,1481.2350212765964,0.0,passed,
16384,768,7168,cktile_27_split0,cktile,27,0,a8w8_blockscale_cktile_192x256x128_4x2x1_16x16x128_intrawave_0x1x0_2,2,42,141.62786000000003,0.0,passed,
16384,768,7168,cktile_28_split0,cktile,28,0,a8w8_blockscale_cktile_192x256x128_4x2x1_16x16x128_intrawave_0x1x0_3,2,43,141.98225999999994,0.0,passed,
16384,768,7168,cktile_29_split0,cktile,29,0,a8w8_blockscale_cktile_192x256x128_4x2x1_16x16x128_intrawave_0x1x0_4,2,44,141.65348,0.0,passed,
16384,768,7168,cktile_30_split0,cktile,30,0,a8w8_blockscale_cktile_192x256x128_4x2x1_16x16x128_intrawave_0x1x0_2_aqrm,2,45,163.60172000000003,0.0,passed,
16384,768,7168,cktile_31_split0,cktile,31,0,a8w8_blockscale_cktile_192x256x128_4x2x1_16x16x128_intrawave_0x1x0_3_aqrm,2,46,164.32573999999997,0.0,passed,
16384,768,7168,cktile_32_split0,cktile,32,0,a8w8_blockscale_cktile_192x256x128_4x2x1_16x16x128_intrawave_0x1x0_4_aqrm,2,47,164.00174000000007,0.0,passed,
16384,768,7168,opus_9000,opus,9000,0,opus_gemm_gfx950_a8w8_mxscale_gemm_bpreshuffle_256x256x256x128_2x2_16x16x128_1x128x128_tiles1_nooob,2,48,104.63542000000002,0.0,passed,
16384,768,7168,opus_9010,opus,9010,0,opus_gemm_gfx950_a8w8_mxscale_gemm_bpreshuffle_256x128x128x128_2x2_16x16x128_1x128x128_tiles1_nooob,2,49,133.46216,0.0,passed,
16384,768,7168,opus_9011,opus,9011,0,opus_gemm_gfx950_a8w8_mxscale_gemm_bpreshuffle_256x64x128x128_2x2_16x16x128_1x128x128_tiles1_nooob,2,50,140.93665999999996,0.0,passed,
16384,768,7168,opus_9012,opus,9012,0,opus_gemm_gfx950_a8w8_mxscale_gemm_bpreshuffle_256x64x64x128_2x2_16x16x128_1x128x128_tiles1_nooob,2,51,184.93637999999999,0.0,passed,
16384,768,7168,opus_9020,opus,9020,0,opus_gemm_gfx950_a8w8_mxscale_gemm_bpreshuffle_256x256x256x128_2x2_16x16x128_1x128x128_tiles1,2,52,106.03784000000002,0.0,passed,
16384,768,7168,ck_0_split0,ck,0,0,a8w8_blockscale_bpreshuffle_1x128x128_256x128x128x128_16x16_16x16_8x32x1_8x32x1_1x32x1x8_8_2x1_intrawave_v3,2,53,137.76941999999994,0.0,passed,
16384,768,7168,ck_1_split0,ck,1,0,a8w8_blockscale_bpreshuffle_1x128x128_256x64x128x128_16x16_16x16_8x32x1_8x32x1_1x32x1x8_8_2x1_intrawave_v3,2,54,149.22955999999994,0.0,passed,
16384,768,7168,ck_2_split0,ck,2,0,a8w8_blockscale_bpreshuffle_1x128x128_256x64x64x128_16x16_16x16_8x32x1_8x32x1_1x32x1x8_8_2x1_intrawave_v3,2,55,191.33645999999993,0.0,passed,
1664,2048,7168,ck_2_split0,ck,2,0,a8w8_blockscale_bpreshuffle_1x128x128_256x64x64x128_16x16_16x16_8x32x1_8x32x1_1x32x1x8_8_2x1_intrawave_v3,0,0,61.90212,0.0,passed,
1664,2048,7168,ck_3_split0,ck,3,0,a8w8_blockscale_bpreshuffle_1x128x128_256x16x256x128_8x16_16x16_16x16x1_8x32x1_1x16x1x16_8_1x2_intrawave_v1,0,1,101.35459999999999,0.0,passed,
1664,2048,7168,ck_4_split0,ck,4,0,a8w8_blockscale_bpreshuffle_1x128x128_256x16x128x128_8x16_16x16_16x16x1_8x32x1_1x16x1x16_8_1x2_intrawave_v1,0,2,101.56259999999995,0.0,passed,
1664,2048,7168,ck_5_split0,ck,5,0,a8w8_blockscale_bpreshuffle_1x128x128_256x16x64x128_8x16_16x16_16x16x1_8x32x1_1x16x1x16_4_1x1_intrawave_v1,0,3,110.57069999999996,0.0,passed,
1664,2048,7168,ck_6_split0,ck,6,0,a8w8_blockscale_bpreshuffle_1x128x128_256x16x128x256_16x16_16x16_16x16x1_16x16x1_1x16x1x16_8_1x2_intrawave_v1,0,4,94.64969999999998,0.0,passed,
1664,2048,7168,ck_7_split0,ck,7,0,a8w8_blockscale_bpreshuffle_1x128x128_256x16x64x256_16x16_16x16_16x16x1_16x16x1_1x16x1x16_4_1x1_intrawave_v1,0,5,103.55781999999995,0.0,passed,
1664,2048,7168,ck_8_split0,ck,8,0,a8w8_blockscale_bpreshuffle_1x128x128_256x32x256x128_16x16_16x16_8x32x1_8x32x1_1x32x1x8_8_2x1_intrawave_v1,0,6,62.68773999999999,0.0,passed,
1664,2048,7168,ck_9_split0,ck,9,0,a8w8_blockscale_bpreshuffle_1x128x128_256x32x128x128_16x16_16x16_8x32x1_8x32x1_1x32x1x8_8_2x1_intrawave_v1,0,7,65.53689795918369,0.0,passed,
1664,2048,7168,ck_10_split0,ck,10,0,a8w8_blockscale_bpreshuffle_1x128x128_256x32x64x128_16x16_16x16_8x32x1_8x32x1_1x32x1x8_8_2x1_intrawave_v1,0,8,72.96626,0.0,passed,
1664,2048,7168,ck_11_split0,ck,11,0,a8w8_blockscale_bpreshuffle_1x128x128_256x32x128x256_16x16_16x16_16x16x1_16x16x1_1x32x1x8_8_2x1_intrawave_v1,0,9,65.53416,0.0,passed,
1664,2048,7168,ck_12_split0,ck,12,0,a8w8_blockscale_bpreshuffle_1x128x128_256x32x64x256_16x16_16x16_16x16x1_16x16x1_1x32x1x8_8_2x1_intrawave_v1,0,10,69.61501999999997,0.0,passed,
1664,2048,7168,ck_13_split0,ck,13,0,a8w8_blockscale_bpreshuffle_1x128x128_256x64x256x128_16x16_16x16_8x32x1_8x32x1_1x32x1x8_8_2x1_intrawave_v1,0,11,55.55723999999999,0.0,passed,
1664,2048,7168,ck_14_split0,ck,14,0,a8w8_blockscale_bpreshuffle_1x128x128_256x64x128x128_16x16_16x16_8x32x1_8x32x1_1x32x1x8_8_2x1_intrawave_v1,0,12,45.860000000000014,0.0,passed,
1664,2048,7168,ck_15_split0,ck,15,0,a8w8_blockscale_bpreshuffle_1x128x128_256x64x64x128_16x16_16x16_8x32x1_8x32x1_1x32x1x8_8_2x1_intrawave_v1,0,13,60.650899999999986,0.0,passed,
1664,2048,7168,ck_16_split0,ck,16,0,a8w8_blockscale_bpreshuffle_1x128x128_256x64x128x256_16x16_16x16_16x16x1_16x16x1_1x32x1x8_8_2x1_intrawave_v1,0,14,50.32117999999997,0.0,passed,
1664,2048,7168,ck_17_split0,ck,17,0,a8w8_blockscale_bpreshuffle_1x128x128_256x64x64x256_16x16_16x16_16x16x1_16x16x1_1x32x1x8_8_2x1_intrawave_v1,0,15,66.08937999999999,0.0,passed,
1664,2048,7168,cktile_0_split0,cktile,0,0,a8w8_blockscale_cktile_16x128x256_1x4x1_16x16x128_intrawave_0x1x0_1,0,16,100.37619148936172,0.0,passed,
1664,2048,7168,cktile_1_split0,cktile,1,0,a8w8_blockscale_cktile_16x128x256_1x4x1_16x16x128_intrawave_0x1x0_2,0,17,99.8091818181818,0.0,passed,
1664,2048,7168,cktile_2_split0,cktile,2,0,a8w8_blockscale_cktile_16x128x256_1x4x1_16x16x64_intrawave_0x1x0_1,0,18,100.79357999999995,0.0,passed,
1664,2048,7168,cktile_3_split0,cktile,3,0,a8w8_blockscale_cktile_16x128x256_1x4x1_16x16x64_intrawave_0x1x0_2,0,19,99.08637999999998,0.0,passed,
1664,2048,7168,cktile_4_split0,cktile,4,0,a8w8_blockscale_cktile_32x128x128_1x4x1_16x16x128_intrawave_0x1x0_1,0,20,83.68698000000012,0.0,passed,
1664,2048,7168,cktile_5_split0,cktile,5,0,a8w8_blockscale_cktile_32x128x128_1x4x1_16x16x128_intrawave_0x1x0_2,0,21,82.49177999999998,0.0,passed,
1664,2048,7168,cktile_6_split0,cktile,6,0,a8w8_blockscale_cktile_32x128x128_1x4x1_16x16x64_intrawave_0x1x0_1,0,22,84.75979999999998,0.0,passed,
1664,2048,7168,cktile_7_split0,cktile,7,0,a8w8_blockscale_cktile_32x128x128_1x4x1_16x16x64_intrawave_0x1x0_2,0,23,82.06456000000001,0.0,passed,
1664,2048,7168,cktile_8_split0,cktile,8,0,a8w8_blockscale_cktile_128x128x128_1x4x1_16x16x128_intrawave_0x1x0_1,0,24,105.85132558139539,0.0,passed,
1664,2048,7168,cktile_9_split0,cktile,9,0,a8w8_blockscale_cktile_128x128x128_1x4x1_16x16x128_intrawave_0x1x0_1,0,25,105.84924999999998,0.0,passed,
1664,2048,7168,cktile_10_split0,cktile,10,0,a8w8_blockscale_cktile_128x128x128_2x2x1_16x16x128_intrawave_0x1x0_2,0,26,110.8170666666667,0.0,passed,
1664,2048,7168,cktile_11_split0,cktile,11,0,a8w8_blockscale_cktile_192x256x128_4x2x1_16x16x128_intrawave_0x1x0_1,0,27,76.29290697674422,0.0,passed,
1664,2048,7168,cktile_12_split0,cktile,12,0,a8w8_blockscale_cktile_192x256x128_4x2x1_16x16x128_intrawave_0x1x0_1_aqrm,0,28,98.74363043478266,0.0,passed,
1664,2048,7168,cktile_13_split0,cktile,13,0,a8w8_blockscale_cktile_16x128x256_1x4x1_16x16x128_intrawave_0x1x0_3,0,29,102.3664,0.0,passed,
1664,2048,7168,cktile_14_split0,cktile,14,0,a8w8_blockscale_cktile_16x128x256_1x4x1_16x16x128_intrawave_0x1x0_4,0,30,182.07740909090919,0.0,passed,
1664,2048,7168,cktile_15_split0,cktile,15,0,a8w8_blockscale_cktile_16x128x256_1x4x1_16x16x64_intrawave_0x1x0_3,0,31,101.19598000000002,0.0,passed,
1664,2048,7168,cktile_16_split0,cktile,16,0,a8w8_blockscale_cktile_16x128x256_1x4x1_16x16x64_intrawave_0x1x0_4,0,32,106.58486000000006,0.0,passed,
1664,2048,7168,cktile_17_split0,cktile,17,0,a8w8_blockscale_cktile_32x128x128_1x4x1_16x16x128_intrawave_0x1x0_3,0,33,82.2834,0.0,passed,
1664,2048,7168,cktile_18_split0,cktile,18,0,a8w8_blockscale_cktile_32x128x128_1x4x1_16x16x128_intrawave_0x1x0_4,0,34,82.39812765957441,0.0,passed,
1664,2048,7168,cktile_19_split0,cktile,19,0,a8w8_blockscale_cktile_32x128x128_1x4x1_16x16x64_intrawave_0x1x0_3,0,35,82.27975999999998,0.0,passed,
1664,2048,7168,cktile_20_split0,cktile,20,0,a8w8_blockscale_cktile_32x128x128_1x4x1_16x16x64_intrawave_0x1x0_4,0,36,82.98218000000001,0.0,passed,
1664,2048,7168,cktile_21_split0,cktile,21,0,a8w8_blockscale_cktile_128x128x128_1x4x1_16x16x128_intrawave_0x1x0_2,0,37,105.58070731707315,0.0,passed,
1664,2048,7168,cktile_22_split0,cktile,22,0,a8w8_blockscale_cktile_128x128x128_1x4x1_16x16x128_intrawave_0x1x0_3,0,38,290.9793673469389,0.0,passed,
1664,2048,7168,cktile_23_split0,cktile,23,0,a8w8_blockscale_cktile_128x128x128_1x4x1_16x16x128_intrawave_0x1x0_4,0,39,483.08280851063824,0.0,passed,
1664,2048,7168,cktile_24_split0,cktile,24,0,a8w8_blockscale_cktile_128x128x128_2x2x1_16x16x128_intrawave_0x1x0_1,0,40,110.55751111111114,0.0,passed,
1664,2048,7168,cktile_25_split0,cktile,25,0,a8w8_blockscale_cktile_128x128x128_2x2x1_16x16x128_intrawave_0x1x0_3,0,41,309.92653061224485,0.0,passed,
1664,2048,7168,cktile_26_split0,cktile,26,0,a8w8_blockscale_cktile_128x128x128_2x2x1_16x16x128_intrawave_0x1x0_4,0,42,742.639760869565,0.0,passed,
1664,2048,7168,cktile_27_split0,cktile,27,0,a8w8_blockscale_cktile_192x256x128_4x2x1_16x16x128_intrawave_0x1x0_2,0,43,76.20920930232555,0.0,passed,
1664,2048,7168,cktile_28_split0,cktile,28,0,a8w8_blockscale_cktile_192x256x128_4x2x1_16x16x128_intrawave_0x1x0_3,0,44,76.098488372093,0.0,passed,
1664,2048,7168,cktile_29_split0,cktile,29,0,a8w8_blockscale_cktile_192x256x128_4x2x1_16x16x128_intrawave_0x1x0_4,0,45,76.18466666666663,0.0,passed,
1664,2048,7168,cktile_30_split0,cktile,30,0,a8w8_blockscale_cktile_192x256x128_4x2x1_16x16x128_intrawave_0x1x0_2_aqrm,0,46,98.11745454545454,0.0,passed,
1664,2048,7168,cktile_31_split0,cktile,31,0,a8w8_blockscale_cktile_192x256x128_4x2x1_16x16x128_intrawave_0x1x0_3_aqrm,0,47,98.61168888888895,0.0,passed,
1664,2048,7168,cktile_32_split0,cktile,32,0,a8w8_blockscale_cktile_192x256x128_4x2x1_16x16x128_intrawave_0x1x0_4_aqrm,0,48,98.711,0.0,passed,
1664,2048,7168,opus_9010,opus,9010,0,opus_gemm_gfx950_a8w8_mxscale_gemm_bpreshuffle_256x128x128x128_2x2_16x16x128_1x128x128_tiles1_nooob,0,49,39.694372093023254,0.0,passed,
1664,2048,7168,opus_9011,opus,9011,0,opus_gemm_gfx950_a8w8_mxscale_gemm_bpreshuffle_256x64x128x128_2x2_16x16x128_1x128x128_tiles1_nooob,0,50,46.03954000000001,0.0,passed,
1664,2048,7168,opus_9012,opus,9012,0,opus_gemm_gfx950_a8w8_mxscale_gemm_bpreshuffle_256x64x64x128_2x2_16x16x128_1x128x128_tiles1_nooob,0,51,57.53216666666662,0.0,passed,
1664,2048,7168,opus_9020,opus,9020,0,opus_gemm_gfx950_a8w8_mxscale_gemm_bpreshuffle_256x256x256x128_2x2_16x16x128_1x128x128_tiles1,0,52,89.51074418604645,0.0,passed,
1664,2048,7168,ck_0_split0,ck,0,0,a8w8_blockscale_bpreshuffle_1x128x128_256x128x128x128_16x16_16x16_8x32x1_8x32x1_1x32x1x8_8_2x1_intrawave_v3,0,53,54.322039999999994,0.0,passed,
1664,2048,7168,ck_1_split0,ck,1,0,a8w8_blockscale_bpreshuffle_1x128x128_256x64x128x128_16x16_16x16_8x32x1_8x32x1_1x32x1x8_8_2x1_intrawave_v3,0,54,49.140359999999994,0.0,passed,
1664,2048,7168,ck_2_split0,ck,2,0,a8w8_blockscale_bpreshuffle_1x128x128_256x64x64x128_16x16_16x16_8x32x1_8x32x1_1x32x1x8_8_2x1_intrawave_v3,1,0,62.66451999999998,0.0,passed,
1664,2048,7168,ck_1_split0,ck,1,0,a8w8_blockscale_bpreshuffle_1x128x128_256x64x128x128_16x16_16x16_8x32x1_8x32x1_1x32x1x8_8_2x1_intrawave_v3,1,1,48.055560000000035,0.0,passed,
1664,2048,7168,ck_0_split0,ck,0,0,a8w8_blockscale_bpreshuffle_1x128x128_256x128x128x128_16x16_16x16_8x32x1_8x32x1_1x32x1x8_8_2x1_intrawave_v3,1,2,54.103306122448984,0.0,passed,
1664,2048,7168,opus_9020,opus,9020,0,opus_gemm_gfx950_a8w8_mxscale_gemm_bpreshuffle_256x256x256x128_2x2_16x16x128_1x128x128_tiles1,1,3,89.72841860465117,0.0,passed,
1664,2048,7168,opus_9012,opus,9012,0,opus_gemm_gfx950_a8w8_mxscale_gemm_bpreshuffle_256x64x64x128_2x2_16x16x128_1x128x128_tiles1_nooob,1,4,57.70549999999997,0.0,passed,
1664,2048,7168,opus_9011,opus,9011,0,opus_gemm_gfx950_a8w8_mxscale_gemm_bpreshuffle_256x64x128x128_2x2_16x16x128_1x128x128_tiles1_nooob,1,5,44.99136363636364,0.0,passed,
1664,2048,7168,opus_9010,opus,9010,0,opus_gemm_gfx950_a8w8_mxscale_gemm_bpreshuffle_256x128x128x128_2x2_16x16x128_1x128x128_tiles1_nooob,1,6,40.560369565217414,0.0,passed,
1664,2048,7168,cktile_32_split0,cktile,32,0,a8w8_blockscale_cktile_192x256x128_4x2x1_16x16x128_intrawave_0x1x0_4_aqrm,1,7,98.06258536585375,0.0,passed,
1664,2048,7168,cktile_31_split0,cktile,31,0,a8w8_blockscale_cktile_192x256x128_4x2x1_16x16x128_intrawave_0x1x0_3_aqrm,1,8,98.64973913043474,0.0,passed,
1664,2048,7168,cktile_30_split0,cktile,30,0,a8w8_blockscale_cktile_192x256x128_4x2x1_16x16x128_intrawave_0x1x0_2_aqrm,1,9,98.82017391304348,0.0,passed,
1664,2048,7168,cktile_29_split0,cktile,29,0,a8w8_blockscale_cktile_192x256x128_4x2x1_16x16x128_intrawave_0x1x0_4,1,10,76.45755813953488,0.0,passed,
1664,2048,7168,cktile_28_split0,cktile,28,0,a8w8_blockscale_cktile_192x256x128_4x2x1_16x16x128_intrawave_0x1x0_3,1,11,76.18127906976746,0.0,passed,
1664,2048,7168,cktile_27_split0,cktile,27,0,a8w8_blockscale_cktile_192x256x128_4x2x1_16x16x128_intrawave_0x1x0_2,1,12,76.39261363636366,0.0,passed,
1664,2048,7168,cktile_26_split0,cktile,26,0,a8w8_blockscale_cktile_128x128x128_2x2x1_16x16x128_intrawave_0x1x0_4,1,13,742.5212727272723,0.0,passed,
1664,2048,7168,cktile_25_split0,cktile,25,0,a8w8_blockscale_cktile_128x128x128_2x2x1_16x16x128_intrawave_0x1x0_3,1,14,308.43225531914885,0.0,passed,
1664,2048,7168,cktile_24_split0,cktile,24,0,a8w8_blockscale_cktile_128x128x128_2x2x1_16x16x128_intrawave_0x1x0_1,1,15,110.67656818181821,0.0,passed,
1664,2048,7168,cktile_23_split0,cktile,23,0,a8w8_blockscale_cktile_128x128x128_1x4x1_16x16x128_intrawave_0x1x0_4,1,16,482.3045681818184,0.0,passed,
1664,2048,7168,cktile_22_split0,cktile,22,0,a8w8_blockscale_cktile_128x128x128_1x4x1_16x16x128_intrawave_0x1x0_3,1,17,290.61868181818176,0.0,passed,
1664,2048,7168,cktile_21_split0,cktile,21,0,a8w8_blockscale_cktile_128x128x128_1x4x1_16x16x128_intrawave_0x1x0_2,1,18,105.48607317073181,0.0,passed,
1664,2048,7168,cktile_20_split0,cktile,20,0,a8w8_blockscale_cktile_32x128x128_1x4x1_16x16x64_intrawave_0x1x0_4,1,19,82.56375999999996,0.0,passed,
1664,2048,7168,cktile_19_split0,cktile,19,0,a8w8_blockscale_cktile_32x128x128_1x4x1_16x16x64_intrawave_0x1x0_3,1,20,83.52138000000002,0.0,passed,
1664,2048,7168,cktile_18_split0,cktile,18,0,a8w8_blockscale_cktile_32x128x128_1x4x1_16x16x128_intrawave_0x1x0_4,1,21,82.72164444444446,0.0,passed,
1664,2048,7168,cktile_17_split0,cktile,17,0,a8w8_blockscale_cktile_32x128x128_1x4x1_16x16x128_intrawave_0x1x0_3,1,22,81.9480681818182,0.0,passed,
1664,2048,7168,cktile_16_split0,cktile,16,0,a8w8_blockscale_cktile_16x128x256_1x4x1_16x16x64_intrawave_0x1x0_4,1,23,106.62532558139533,0.0,passed,
1664,2048,7168,cktile_15_split0,cktile,15,0,a8w8_blockscale_cktile_16x128x256_1x4x1_16x16x64_intrawave_0x1x0_3,1,24,99.09517999999997,0.0,passed,
1664,2048,7168,cktile_14_split0,cktile,14,0,a8w8_blockscale_cktile_16x128x256_1x4x1_16x16x128_intrawave_0x1x0_4,1,25,183.1689399999999,0.0,passed,
1664,2048,7168,cktile_13_split0,cktile,13,0,a8w8_blockscale_cktile_16x128x256_1x4x1_16x16x128_intrawave_0x1x0_3,1,26,99.59535714285714,0.0,passed,
1664,2048,7168,cktile_12_split0,cktile,12,0,a8w8_blockscale_cktile_192x256x128_4x2x1_16x16x128_intrawave_0x1x0_1_aqrm,1,27,98.32109523809521,0.0,passed,
1664,2048,7168,cktile_11_split0,cktile,11,0,a8w8_blockscale_cktile_192x256x128_4x2x1_16x16x128_intrawave_0x1x0_1,1,28,76.27534090909094,0.0,passed,
1664,2048,7168,cktile_10_split0,cktile,10,0,a8w8_blockscale_cktile_128x128x128_2x2x1_16x16x128_intrawave_0x1x0_2,1,29,110.64407142857138,0.0,passed,
1664,2048,7168,cktile_9_split0,cktile,9,0,a8w8_blockscale_cktile_128x128x128_1x4x1_16x16x128_intrawave_0x1x0_1,1,30,105.88470454545458,0.0,passed,
1664,2048,7168,cktile_8_split0,cktile,8,0,a8w8_blockscale_cktile_128x128x128_1x4x1_16x16x128_intrawave_0x1x0_1,1,31,105.5242500000001,0.0,passed,
1664,2048,7168,cktile_7_split0,cktile,7,0,a8w8_blockscale_cktile_32x128x128_1x4x1_16x16x64_intrawave_0x1x0_2,1,32,82.74937999999999,0.0,passed,
1664,2048,7168,cktile_6_split0,cktile,6,0,a8w8_blockscale_cktile_32x128x128_1x4x1_16x16x64_intrawave_0x1x0_1,1,33,84.51030434782611,0.0,passed,
1664,2048,7168,cktile_5_split0,cktile,5,0,a8w8_blockscale_cktile_32x128x128_1x4x1_16x16x128_intrawave_0x1x0_2,1,34,81.57721739130434,0.0,passed,
1664,2048,7168,cktile_4_split0,cktile,4,0,a8w8_blockscale_cktile_32x128x128_1x4x1_16x16x128_intrawave_0x1x0_1,1,35,83.18215999999997,0.0,passed,
1664,2048,7168,cktile_3_split0,cktile,3,0,a8w8_blockscale_cktile_16x128x256_1x4x1_16x16x64_intrawave_0x1x0_2,1,36,100.4847800000001,0.0,passed,
1664,2048,7168,cktile_2_split0,cktile,2,0,a8w8_blockscale_cktile_16x128x256_1x4x1_16x16x64_intrawave_0x1x0_1,1,37,100.72734693877555,0.0,passed,
1664,2048,7168,cktile_1_split0,cktile,1,0,a8w8_blockscale_cktile_16x128x256_1x4x1_16x16x128_intrawave_0x1x0_2,1,38,98.89630952380958,0.0,passed,
1664,2048,7168,cktile_0_split0,cktile,0,0,a8w8_blockscale_cktile_16x128x256_1x4x1_16x16x128_intrawave_0x1x0_1,1,39,100.55252083333339,0.0,passed,
1664,2048,7168,ck_17_split0,ck,17,0,a8w8_blockscale_bpreshuffle_1x128x128_256x64x64x256_16x16_16x16_16x16x1_16x16x1_1x32x1x8_8_2x1_intrawave_v1,1,40,66.21897999999999,0.0,passed,
1664,2048,7168,ck_16_split0,ck,16,0,a8w8_blockscale_bpreshuffle_1x128x128_256x64x128x256_16x16_16x16_16x16x1_16x16x1_1x32x1x8_8_2x1_intrawave_v1,1,41,51.018,0.0,passed,
1664,2048,7168,ck_15_split0,ck,15,0,a8w8_blockscale_bpreshuffle_1x128x128_256x64x64x128_16x16_16x16_8x32x1_8x32x1_1x32x1x8_8_2x1_intrawave_v1,1,42,60.23570000000001,0.0,passed,
1664,2048,7168,ck_14_split0,ck,14,0,a8w8_blockscale_bpreshuffle_1x128x128_256x64x128x128_16x16_16x16_8x32x1_8x32x1_1x32x1x8_8_2x1_intrawave_v1,1,43,45.344285714285704,0.0,passed,
1664,2048,7168,ck_13_split0,ck,13,0,a8w8_blockscale_bpreshuffle_1x128x128_256x64x256x128_16x16_16x16_8x32x1_8x32x1_1x32x1x8_8_2x1_intrawave_v1,1,44,55.503326530612256,0.0,passed,
1664,2048,7168,ck_12_split0,ck,12,0,a8w8_blockscale_bpreshuffle_1x128x128_256x32x64x256_16x16_16x16_16x16x1_16x16x1_1x32x1x8_8_2x1_intrawave_v1,1,45,72.25584000000002,0.0,passed,
1664,2048,7168,ck_11_split0,ck,11,0,a8w8_blockscale_bpreshuffle_1x128x128_256x32x128x256_16x16_16x16_16x16x1_16x16x1_1x32x1x8_8_2x1_intrawave_v1,1,46,66.85738,0.0,passed,
1664,2048,7168,ck_10_split0,ck,10,0,a8w8_blockscale_bpreshuffle_1x128x128_256x32x64x128_16x16_16x16_8x32x1_8x32x1_1x32x1x8_8_2x1_intrawave_v1,1,47,72.48143999999998,0.0,passed,
1664,2048,7168,ck_9_split0,ck,9,0,a8w8_blockscale_bpreshuffle_1x128x128_256x32x128x128_16x16_16x16_8x32x1_8x32x1_1x32x1x8_8_2x1_intrawave_v1,1,48,66.36618000000001,0.0,passed,
1664,2048,7168,ck_8_split0,ck,8,0,a8w8_blockscale_bpreshuffle_1x128x128_256x32x256x128_16x16_16x16_8x32x1_8x32x1_1x32x1x8_8_2x1_intrawave_v1,1,49,64.87336,0.0,passed,
1664,2048,7168,ck_7_split0,ck,7,0,a8w8_blockscale_bpreshuffle_1x128x128_256x16x64x256_16x16_16x16_16x16x1_16x16x1_1x16x1x16_4_1x1_intrawave_v1,1,50,103.88021999999997,0.0,passed,
1664,2048,7168,ck_6_split0,ck,6,0,a8w8_blockscale_bpreshuffle_1x128x128_256x16x128x256_16x16_16x16_16x16x1_16x16x1_1x16x1x16_8_1x2_intrawave_v1,1,51,95.83212000000002,0.0,passed,
1664,2048,7168,ck_5_split0,ck,5,0,a8w8_blockscale_bpreshuffle_1x128x128_256x16x64x128_8x16_16x16_16x16x1_8x32x1_1x16x1x16_4_1x1_intrawave_v1,1,52,112.18751999999999,0.0,passed,
1664,2048,7168,ck_4_split0,ck,4,0,a8w8_blockscale_bpreshuffle_1x128x128_256x16x128x128_8x16_16x16_16x16x1_8x32x1_1x16x1x16_8_1x2_intrawave_v1,1,53,101.64673469387752,0.0,passed,
1664,2048,7168,ck_3_split0,ck,3,0,a8w8_blockscale_bpreshuffle_1x128x128_256x16x256x128_8x16_16x16_16x16x1_8x32x1_1x16x1x16_8_1x2_intrawave_v1,1,54,100.49020454545457,0.0,passed,
1664,2048,7168,ck_4_split0,ck,4,0,a8w8_blockscale_bpreshuffle_1x128x128_256x16x128x128_8x16_16x16_16x16x1_8x32x1_1x16x1x16_8_1x2_intrawave_v1,2,0,99.98338000000004,0.0,passed,
1664,2048,7168,ck_5_split0,ck,5,0,a8w8_blockscale_bpreshuffle_1x128x128_256x16x64x128_8x16_16x16_16x16x1_8x32x1_1x16x1x16_4_1x1_intrawave_v1,2,1,111.88910000000001,0.0,passed,
1664,2048,7168,ck_6_split0,ck,6,0,a8w8_blockscale_bpreshuffle_1x128x128_256x16x128x256_16x16_16x16_16x16x1_16x16x1_1x16x1x16_8_1x2_intrawave_v1,2,2,94.92571999999998,0.0,passed,
1664,2048,7168,ck_7_split0,ck,7,0,a8w8_blockscale_bpreshuffle_1x128x128_256x16x64x256_16x16_16x16_16x16x1_16x16x1_1x16x1x16_4_1x1_intrawave_v1,2,3,102.84982000000002,0.0,passed,
1664,2048,7168,ck_8_split0,ck,8,0,a8w8_blockscale_bpreshuffle_1x128x128_256x32x256x128_16x16_16x16_8x32x1_8x32x1_1x32x1x8_8_2x1_intrawave_v1,2,4,63.09653999999998,0.0,passed,
1664,2048,7168,ck_9_split0,ck,9,0,a8w8_blockscale_bpreshuffle_1x128x128_256x32x128x128_16x16_16x16_8x32x1_8x32x1_1x32x1x8_8_2x1_intrawave_v1,2,5,66.46778000000005,0.0,passed,
1664,2048,7168,ck_10_split0,ck,10,0,a8w8_blockscale_bpreshuffle_1x128x128_256x32x64x128_16x16_16x16_8x32x1_8x32x1_1x32x1x8_8_2x1_intrawave_v1,2,6,73.74626000000004,0.0,passed,
1664,2048,7168,ck_11_split0,ck,11,0,a8w8_blockscale_bpreshuffle_1x128x128_256x32x128x256_16x16_16x16_16x16x1_16x16x1_1x32x1x8_8_2x1_intrawave_v1,2,7,65.91577999999998,0.0,passed,
1664,2048,7168,ck_12_split0,ck,12,0,a8w8_blockscale_bpreshuffle_1x128x128_256x32x64x256_16x16_16x16_16x16x1_16x16x1_1x32x1x8_8_2x1_intrawave_v1,2,8,72.76945999999998,0.0,passed,
1664,2048,7168,ck_13_split0,ck,13,0,a8w8_blockscale_bpreshuffle_1x128x128_256x64x256x128_16x16_16x16_8x32x1_8x32x1_1x32x1x8_8_2x1_intrawave_v1,2,9,55.52289795918369,0.0,passed,
1664,2048,7168,ck_14_split0,ck,14,0,a8w8_blockscale_bpreshuffle_1x128x128_256x64x128x128_16x16_16x16_8x32x1_8x32x1_1x32x1x8_8_2x1_intrawave_v1,2,10,46.94754000000002,0.0,passed,
1664,2048,7168,ck_15_split0,ck,15,0,a8w8_blockscale_bpreshuffle_1x128x128_256x64x64x128_16x16_16x16_8x32x1_8x32x1_1x32x1x8_8_2x1_intrawave_v1,2,11,61.674119999999995,0.0,passed,
1664,2048,7168,ck_16_split0,ck,16,0,a8w8_blockscale_bpreshuffle_1x128x128_256x64x128x256_16x16_16x16_16x16x1_16x16x1_1x32x1x8_8_2x1_intrawave_v1,2,12,50.6126530612245,0.0,passed,
1664,2048,7168,ck_17_split0,ck,17,0,a8w8_blockscale_bpreshuffle_1x128x128_256x64x64x256_16x16_16x16_16x16x1_16x16x1_1x32x1x8_8_2x1_intrawave_v1,2,13,65.64775999999996,0.0,passed,
1664,2048,7168,cktile_0_split0,cktile,0,0,a8w8_blockscale_cktile_16x128x256_1x4x1_16x16x128_intrawave_0x1x0_1,2,14,99.52474418604652,0.0,passed,
1664,2048,7168,cktile_1_split0,cktile,1,0,a8w8_blockscale_cktile_16x128x256_1x4x1_16x16x128_intrawave_0x1x0_2,2,15,100.42285714285715,0.0,passed,
1664,2048,7168,cktile_2_split0,cktile,2,0,a8w8_blockscale_cktile_16x128x256_1x4x1_16x16x64_intrawave_0x1x0_1,2,16,99.84958000000002,0.0,passed,
1664,2048,7168,cktile_3_split0,cktile,3,0,a8w8_blockscale_cktile_16x128x256_1x4x1_16x16x64_intrawave_0x1x0_2,2,17,100.66877999999998,0.0,passed,
1664,2048,7168,cktile_4_split0,cktile,4,0,a8w8_blockscale_cktile_32x128x128_1x4x1_16x16x128_intrawave_0x1x0_1,2,18,82.15214893617016,0.0,passed,
1664,2048,7168,cktile_5_split0,cktile,5,0,a8w8_blockscale_cktile_32x128x128_1x4x1_16x16x128_intrawave_0x1x0_2,2,19,82.31738,0.0,passed,
1664,2048,7168,cktile_6_split0,cktile,6,0,a8w8_blockscale_cktile_32x128x128_1x4x1_16x16x64_intrawave_0x1x0_1,2,20,84.85900000000011,0.0,passed,
1664,2048,7168,cktile_7_split0,cktile,7,0,a8w8_blockscale_cktile_32x128x128_1x4x1_16x16x64_intrawave_0x1x0_2,2,21,83.04304081632654,0.0,passed,
1664,2048,7168,cktile_8_split0,cktile,8,0,a8w8_blockscale_cktile_128x128x128_1x4x1_16x16x128_intrawave_0x1x0_1,2,22,105.50155813953484,0.0,passed,
1664,2048,7168,cktile_9_split0,cktile,9,0,a8w8_blockscale_cktile_128x128x128_1x4x1_16x16x128_intrawave_0x1x0_1,2,23,105.8615581395348,0.0,passed,
1664,2048,7168,cktile_10_split0,cktile,10,0,a8w8_blockscale_cktile_128x128x128_2x2x1_16x16x128_intrawave_0x1x0_2,2,24,110.62816279069762,0.0,passed,
1664,2048,7168,cktile_11_split0,cktile,11,0,a8w8_blockscale_cktile_192x256x128_4x2x1_16x16x128_intrawave_0x1x0_1,2,25,76.39990697674422,0.0,passed,
1664,2048,7168,cktile_12_split0,cktile,12,0,a8w8_blockscale_cktile_192x256x128_4x2x1_16x16x128_intrawave_0x1x0_1_aqrm,2,26,98.23379545454546,0.0,passed,
1664,2048,7168,cktile_13_split0,cktile,13,0,a8w8_blockscale_cktile_16x128x256_1x4x1_16x16x128_intrawave_0x1x0_3,2,27,102.13621276595748,0.0,passed,
1664,2048,7168,cktile_14_split0,cktile,14,0,a8w8_blockscale_cktile_16x128x256_1x4x1_16x16x128_intrawave_0x1x0_4,2,28,181.62093999999988,0.0,passed,
1664,2048,7168,cktile_15_split0,cktile,15,0,a8w8_blockscale_cktile_16x128x256_1x4x1_16x16x64_intrawave_0x1x0_3,2,29,100.07037999999997,0.0,passed,
1664,2048,7168,cktile_16_split0,cktile,16,0,a8w8_blockscale_cktile_16x128x256_1x4x1_16x16x64_intrawave_0x1x0_4,2,30,104.95123999999994,0.0,passed,
1664,2048,7168,cktile_17_split0,cktile,17,0,a8w8_blockscale_cktile_32x128x128_1x4x1_16x16x128_intrawave_0x1x0_3,2,31,82.28164444444447,0.0,passed,
1664,2048,7168,cktile_18_split0,cktile,18,0,a8w8_blockscale_cktile_32x128x128_1x4x1_16x16x128_intrawave_0x1x0_4,2,32,82.00918604651157,0.0,passed,
1664,2048,7168,cktile_19_split0,cktile,19,0,a8w8_blockscale_cktile_32x128x128_1x4x1_16x16x64_intrawave_0x1x0_3,2,33,82.64297999999991,0.0,passed,
1664,2048,7168,cktile_20_split0,cktile,20,0,a8w8_blockscale_cktile_32x128x128_1x4x1_16x16x64_intrawave_0x1x0_4,2,34,84.49170454545462,0.0,passed,
1664,2048,7168,cktile_21_split0,cktile,21,0,a8w8_blockscale_cktile_128x128x128_1x4x1_16x16x128_intrawave_0x1x0_2,2,35,105.40214634146339,0.0,passed,
1664,2048,7168,cktile_22_split0,cktile,22,0,a8w8_blockscale_cktile_128x128x128_1x4x1_16x16x128_intrawave_0x1x0_3,2,36,289.086069767442,0.0,passed,
1664,2048,7168,cktile_23_split0,cktile,23,0,a8w8_blockscale_cktile_128x128x128_1x4x1_16x16x128_intrawave_0x1x0_4,2,37,483.0096170212765,0.0,passed,
1664,2048,7168,cktile_24_split0,cktile,24,0,a8w8_blockscale_cktile_128x128x128_2x2x1_16x16x128_intrawave_0x1x0_1,2,38,109.99830952380952,0.0,passed,
1664,2048,7168,cktile_25_split0,cktile,25,0,a8w8_blockscale_cktile_128x128x128_2x2x1_16x16x128_intrawave_0x1x0_3,2,39,308.01315555555556,0.0,passed,
1664,2048,7168,cktile_26_split0,cktile,26,0,a8w8_blockscale_cktile_128x128x128_2x2x1_16x16x128_intrawave_0x1x0_4,2,40,744.3358958333337,0.0,passed,
1664,2048,7168,cktile_27_split0,cktile,27,0,a8w8_blockscale_cktile_192x256x128_4x2x1_16x16x128_intrawave_0x1x0_2,2,41,76.3380681818182,0.0,passed,
1664,2048,7168,cktile_28_split0,cktile,28,0,a8w8_blockscale_cktile_192x256x128_4x2x1_16x16x128_intrawave_0x1x0_3,2,42,76.2166279069767,0.0,passed,
1664,2048,7168,cktile_29_split0,cktile,29,0,a8w8_blockscale_cktile_192x256x128_4x2x1_16x16x128_intrawave_0x1x0_4,2,43,76.2463953488372,0.0,passed,
1664,2048,7168,cktile_30_split0,cktile,30,0,a8w8_blockscale_cktile_192x256x128_4x2x1_16x16x128_intrawave_0x1x0_2_aqrm,2,44,98.9261063829787,0.0,passed,
1664,2048,7168,cktile_31_split0,cktile,31,0,a8w8_blockscale_cktile_192x256x128_4x2x1_16x16x128_intrawave_0x1x0_3_aqrm,2,45,98.39652272727271,0.0,passed,
1664,2048,7168,cktile_32_split0,cktile,32,0,a8w8_blockscale_cktile_192x256x128_4x2x1_16x16x128_intrawave_0x1x0_4_aqrm,2,46,99.01378723404255,0.0,passed,
1664,2048,7168,opus_9010,opus,9010,0,opus_gemm_gfx950_a8w8_mxscale_gemm_bpreshuffle_256x128x128x128_2x2_16x16x128_1x128x128_tiles1_nooob,2,47,40.73255102040817,0.0,passed,
1664,2048,7168,opus_9011,opus,9011,0,opus_gemm_gfx950_a8w8_mxscale_gemm_bpreshuffle_256x64x128x128_2x2_16x16x128_1x128x128_tiles1_nooob,2,48,45.149733333333316,0.0,passed,
1664,2048,7168,opus_9012,opus,9012,0,opus_gemm_gfx950_a8w8_mxscale_gemm_bpreshuffle_256x64x64x128_2x2_16x16x128_1x128x128_tiles1_nooob,2,49,58.083679999999994,0.0,passed,
1664,2048,7168,opus_9020,opus,9020,0,opus_gemm_gfx950_a8w8_mxscale_gemm_bpreshuffle_256x256x256x128_2x2_16x16x128_1x128x128_tiles1,2,50,89.45528571428574,0.0,passed,
1664,2048,7168,ck_0_split0,ck,0,0,a8w8_blockscale_bpreshuffle_1x128x128_256x128x128x128_16x16_16x16_8x32x1_8x32x1_1x32x1x8_8_2x1_intrawave_v3,2,51,54.28844000000004,0.0,passed,
1664,2048,7168,ck_1_split0,ck,1,0,a8w8_blockscale_bpreshuffle_1x128x128_256x64x128x128_16x16_16x16_8x32x1_8x32x1_1x32x1x8_8_2x1_intrawave_v3,2,52,48.446760000000005,0.0,passed,
1664,2048,7168,ck_2_split0,ck,2,0,a8w8_blockscale_bpreshuffle_1x128x128_256x64x64x128_16x16_16x16_8x32x1_8x32x1_1x32x1x8_8_2x1_intrawave_v3,2,53,62.579719999999995,0.0,passed,
1664,2048,7168,ck_3_split0,ck,3,0,a8w8_blockscale_bpreshuffle_1x128x128_256x16x256x128_8x16_16x16_16x16x1_8x32x1_1x16x1x16_8_1x2_intrawave_v1,2,54,102.46979999999998,0.0,passed,
14336,2048,7168,ck_3_split0,ck,3,0,a8w8_blockscale_bpreshuffle_1x128x128_256x16x256x128_8x16_16x16_16x16x1_8x32x1_1x16x1x16_8_1x2_intrawave_v1,0,0,697.3023599999999,0.0,passed,
14336,2048,7168,ck_4_split0,ck,4,0,a8w8_blockscale_bpreshuffle_1x128x128_256x16x128x128_8x16_16x16_16x16x1_8x32x1_1x16x1x16_8_1x2_intrawave_v1,0,1,741.4796799999999,0.0,passed,
14336,2048,7168,ck_5_split0,ck,5,0,a8w8_blockscale_bpreshuffle_1x128x128_256x16x64x128_8x16_16x16_16x16x1_8x32x1_1x16x1x16_4_1x1_intrawave_v1,0,2,823.7622599999999,0.0,passed,
14336,2048,7168,ck_6_split0,ck,6,0,a8w8_blockscale_bpreshuffle_1x128x128_256x16x128x256_16x16_16x16_16x16x1_16x16x1_1x16x1x16_8_1x2_intrawave_v1,0,3,698.4675714285714,0.0,passed,
14336,2048,7168,ck_7_split0,ck,7,0,a8w8_blockscale_bpreshuffle_1x128x128_256x16x64x256_16x16_16x16_16x16x1_16x16x1_1x16x1x16_4_1x1_intrawave_v1,0,4,774.4368600000001,0.0,passed,
14336,2048,7168,ck_8_split0,ck,8,0,a8w8_blockscale_bpreshuffle_1x128x128_256x32x256x128_16x16_16x16_8x32x1_8x32x1_1x32x1x8_8_2x1_intrawave_v1,0,5,413.20464,0.0,passed,
14336,2048,7168,ck_9_split0,ck,9,0,a8w8_blockscale_bpreshuffle_1x128x128_256x32x128x128_16x16_16x16_8x32x1_8x32x1_1x32x1x8_8_2x1_intrawave_v1,0,6,437.7984081632653,0.0,passed,
14336,2048,7168,ck_10_split0,ck,10,0,a8w8_blockscale_bpreshuffle_1x128x128_256x32x64x128_16x16_16x16_8x32x1_8x32x1_1x32x1x8_8_2x1_intrawave_v1,0,7,533.97566,0.0,passed,
14336,2048,7168,ck_11_split0,ck,11,0,a8w8_blockscale_bpreshuffle_1x128x128_256x32x128x256_16x16_16x16_16x16x1_16x16x1_1x32x1x8_8_2x1_intrawave_v1,0,8,429.35123999999996,0.0,passed,
14336,2048,7168,ck_12_split0,ck,12,0,a8w8_blockscale_bpreshuffle_1x128x128_256x32x64x256_16x16_16x16_16x16x1_16x16x1_1x32x1x8_8_2x1_intrawave_v1,0,9,514.495875,0.0,passed,
14336,2048,7168,ck_13_split0,ck,13,0,a8w8_blockscale_bpreshuffle_1x128x128_256x64x256x128_16x16_16x16_8x32x1_8x32x1_1x32x1x8_8_2x1_intrawave_v1,0,10,289.4102173913045,0.0,passed,
14336,2048,7168,ck_14_split0,ck,14,0,a8w8_blockscale_bpreshuffle_1x128x128_256x64x128x128_16x16_16x16_8x32x1_8x32x1_1x32x1x8_8_2x1_intrawave_v1,0,11,308.9107954545455,0.0,passed,
14336,2048,7168,ck_15_split0,ck,15,0,a8w8_blockscale_bpreshuffle_1x128x128_256x64x64x128_16x16_16x16_8x32x1_8x32x1_1x32x1x8_8_2x1_intrawave_v1,0,12,393.86584444444446,0.0,passed,
14336,2048,7168,ck_16_split0,ck,16,0,a8w8_blockscale_bpreshuffle_1x128x128_256x64x128x256_16x16_16x16_16x16x1_16x16x1_1x32x1x8_8_2x1_intrawave_v1,0,13,344.0310399999999,0.0,passed,
14336,2048,7168,ck_17_split0,ck,17,0,a8w8_blockscale_bpreshuffle_1x128x128_256x64x64x256_16x16_16x16_16x16x1_16x16x1_1x32x1x8_8_2x1_intrawave_v1,0,14,431.42531914893607,0.0,passed,
14336,2048,7168,cktile_0_split0,cktile,0,0,a8w8_blockscale_cktile_16x128x256_1x4x1_16x16x128_intrawave_0x1x0_1,0,15,691.1492800000001,0.0,passed,
14336,2048,7168,cktile_1_split0,cktile,1,0,a8w8_blockscale_cktile_16x128x256_1x4x1_16x16x128_intrawave_0x1x0_2,0,16,687.1831836734693,0.0,passed,
14336,2048,7168,cktile_2_split0,cktile,2,0,a8w8_blockscale_cktile_16x128x256_1x4x1_16x16x64_intrawave_0x1x0_1,0,17,683.7721086956524,0.0,passed,
14336,2048,7168,cktile_3_split0,cktile,3,0,a8w8_blockscale_cktile_16x128x256_1x4x1_16x16x64_intrawave_0x1x0_2,0,18,660.23374,0.0,passed,
14336,2048,7168,cktile_4_split0,cktile,4,0,a8w8_blockscale_cktile_32x128x128_1x4x1_16x16x128_intrawave_0x1x0_1,0,19,500.1342599999999,0.0,passed,
14336,2048,7168,cktile_5_split0,cktile,5,0,a8w8_blockscale_cktile_32x128x128_1x4x1_16x16x128_intrawave_0x1x0_2,0,20,500.1687551020407,0.0,passed,
14336,2048,7168,cktile_6_split0,cktile,6,0,a8w8_blockscale_cktile_32x128x128_1x4x1_16x16x64_intrawave_0x1x0_1,0,21,512.8815999999999,0.0,passed,
14336,2048,7168,cktile_7_split0,cktile,7,0,a8w8_blockscale_cktile_32x128x128_1x4x1_16x16x64_intrawave_0x1x0_2,0,22,500.8902800000001,0.0,passed,
14336,2048,7168,cktile_8_split0,cktile,8,0,a8w8_blockscale_cktile_128x128x128_1x4x1_16x16x128_intrawave_0x1x0_1,0,23,434.9639782608695,0.0,passed,
14336,2048,7168,cktile_9_split0,cktile,9,0,a8w8_blockscale_cktile_128x128x128_1x4x1_16x16x128_intrawave_0x1x0_1,0,24,436.07977083333344,0.0,passed,
14336,2048,7168,cktile_10_split0,cktile,10,0,a8w8_blockscale_cktile_128x128x128_2x2x1_16x16x128_intrawave_0x1x0_2,0,25,416.68208000000016,0.0,passed,
14336,2048,7168,cktile_11_split0,cktile,11,0,a8w8_blockscale_cktile_192x256x128_4x2x1_16x16x128_intrawave_0x1x0_1,0,26,252.13076000000004,0.0,passed,
14336,2048,7168,cktile_12_split0,cktile,12,0,a8w8_blockscale_cktile_192x256x128_4x2x1_16x16x128_intrawave_0x1x0_1_aqrm,0,27,314.34018749999996,0.0,passed,
14336,2048,7168,cktile_13_split0,cktile,13,0,a8w8_blockscale_cktile_16x128x256_1x4x1_16x16x128_intrawave_0x1x0_3,0,28,696.67976,0.0,passed,
14336,2048,7168,cktile_14_split0,cktile,14,0,a8w8_blockscale_cktile_16x128x256_1x4x1_16x16x128_intrawave_0x1x0_4,0,29,1271.9901818181822,0.0,passed,
14336,2048,7168,cktile_15_split0,cktile,15,0,a8w8_blockscale_cktile_16x128x256_1x4x1_16x16x64_intrawave_0x1x0_3,0,30,663.4326938775507,0.0,passed,
14336,2048,7168,cktile_16_split0,cktile,16,0,a8w8_blockscale_cktile_16x128x256_1x4x1_16x16x64_intrawave_0x1x0_4,0,31,684.5975319148938,0.0,passed,
14336,2048,7168,cktile_17_split0,cktile,17,0,a8w8_blockscale_cktile_32x128x128_1x4x1_16x16x128_intrawave_0x1x0_3,0,32,497.51773913043485,0.0,passed,
14336,2048,7168,cktile_18_split0,cktile,18,0,a8w8_blockscale_cktile_32x128x128_1x4x1_16x16x128_intrawave_0x1x0_4,0,33,497.9899387755102,0.0,passed,
14336,2048,7168,cktile_19_split0,cktile,19,0,a8w8_blockscale_cktile_32x128x128_1x4x1_16x16x64_intrawave_0x1x0_3,0,34,500.8169183673468,0.0,passed,
14336,2048,7168,cktile_20_split0,cktile,20,0,a8w8_blockscale_cktile_32x128x128_1x4x1_16x16x64_intrawave_0x1x0_4,0,35,497.9229555555553,0.0,passed,
14336,2048,7168,cktile_21_split0,cktile,21,0,a8w8_blockscale_cktile_128x128x128_1x4x1_16x16x128_intrawave_0x1x0_2,0,36,436.2765714285716,0.0,passed,
14336,2048,7168,cktile_22_split0,cktile,22,0,a8w8_blockscale_cktile_128x128x128_1x4x1_16x16x128_intrawave_0x1x0_3,0,37,1450.025380000001,0.0,passed,
14336,2048,7168,cktile_23_split0,cktile,23,0,a8w8_blockscale_cktile_128x128x128_1x4x1_16x16x128_intrawave_0x1x0_4,0,38,2092.2088181818176,0.0,passed,
14336,2048,7168,cktile_24_split0,cktile,24,0,a8w8_blockscale_cktile_128x128x128_2x2x1_16x16x128_intrawave_0x1x0_1,0,39,414.0132400000002,0.0,passed,
14336,2048,7168,cktile_25_split0,cktile,25,0,a8w8_blockscale_cktile_128x128x128_2x2x1_16x16x128_intrawave_0x1x0_3,0,40,1469.774387755101,0.0,passed,
14336,2048,7168,cktile_26_split0,cktile,26,0,a8w8_blockscale_cktile_128x128x128_2x2x1_16x16x128_intrawave_0x1x0_4,0,41,3109.815711111111,0.0,passed,
14336,2048,7168,cktile_27_split0,cktile,27,0,a8w8_blockscale_cktile_192x256x128_4x2x1_16x16x128_intrawave_0x1x0_2,0,42,252.76435999999998,0.0,passed,
14336,2048,7168,cktile_28_split0,cktile,28,0,a8w8_blockscale_cktile_192x256x128_4x2x1_16x16x128_intrawave_0x1x0_3,0,43,252.03236,0.0,passed,
14336,2048,7168,cktile_29_split0,cktile,29,0,a8w8_blockscale_cktile_192x256x128_4x2x1_16x16x128_intrawave_0x1x0_4,0,44,251.41553999999996,0.0,passed,
14336,2048,7168,cktile_30_split0,cktile,30,0,a8w8_blockscale_cktile_192x256x128_4x2x1_16x16x128_intrawave_0x1x0_2_aqrm,0,45,312.00178260869563,0.0,passed,
14336,2048,7168,cktile_31_split0,cktile,31,0,a8w8_blockscale_cktile_192x256x128_4x2x1_16x16x128_intrawave_0x1x0_3_aqrm,0,46,314.9316530612244,0.0,passed,
14336,2048,7168,cktile_32_split0,cktile,32,0,a8w8_blockscale_cktile_192x256x128_4x2x1_16x16x128_intrawave_0x1x0_4_aqrm,0,47,313.7513695652175,0.0,passed,
14336,2048,7168,opus_9000,opus,9000,0,opus_gemm_gfx950_a8w8_mxscale_gemm_bpreshuffle_256x256x256x128_2x2_16x16x128_1x128x128_tiles1_nooob,0,48,194.60048000000003,0.0,passed,
14336,2048,7168,opus_9010,opus,9010,0,opus_gemm_gfx950_a8w8_mxscale_gemm_bpreshuffle_256x128x128x128_2x2_16x16x128_1x128x128_tiles1_nooob,0,49,280.2598800000001,0.0,passed,
14336,2048,7168,opus_9011,opus,9011,0,opus_gemm_gfx950_a8w8_mxscale_gemm_bpreshuffle_256x64x128x128_2x2_16x16x128_1x128x128_tiles1_nooob,0,50,296.9568799999999,0.0,passed,
14336,2048,7168,opus_9012,opus,9012,0,opus_gemm_gfx950_a8w8_mxscale_gemm_bpreshuffle_256x64x64x128_2x2_16x16x128_1x128x128_tiles1_nooob,0,51,375.5378,0.0,passed,
14336,2048,7168,opus_9020,opus,9020,0,opus_gemm_gfx950_a8w8_mxscale_gemm_bpreshuffle_256x256x256x128_2x2_16x16x128_1x128x128_tiles1,0,52,198.00292000000007,0.0,passed,
14336,2048,7168,ck_0_split0,ck,0,0,a8w8_blockscale_bpreshuffle_1x128x128_256x128x128x128_16x16_16x16_8x32x1_8x32x1_1x32x1x8_8_2x1_intrawave_v3,0,53,286.00756521739123,0.0,passed,
14336,2048,7168,ck_1_split0,ck,1,0,a8w8_blockscale_bpreshuffle_1x128x128_256x64x128x128_16x16_16x16_8x32x1_8x32x1_1x32x1x8_8_2x1_intrawave_v3,0,54,312.0221627906978,0.0,passed,
14336,2048,7168,ck_2_split0,ck,2,0,a8w8_blockscale_bpreshuffle_1x128x128_256x64x64x128_16x16_16x16_8x32x1_8x32x1_1x32x1x8_8_2x1_intrawave_v3,0,55,399.8541428571428,0.0,passed,
14336,2048,7168,ck_3_split0,ck,3,0,a8w8_blockscale_bpreshuffle_1x128x128_256x16x256x128_8x16_16x16_16x16x1_8x32x1_1x16x1x16_8_1x2_intrawave_v1,1,0,698.8259387755103,0.0,passed,
14336,2048,7168,ck_2_split0,ck,2,0,a8w8_blockscale_bpreshuffle_1x128x128_256x64x64x128_16x16_16x16_8x32x1_8x32x1_1x32x1x8_8_2x1_intrawave_v3,1,1,403.99332000000004,0.0,passed,
14336,2048,7168,ck_1_split0,ck,1,0,a8w8_blockscale_bpreshuffle_1x128x128_256x64x128x128_16x16_16x16_8x32x1_8x32x1_1x32x1x8_8_2x1_intrawave_v3,1,2,312.68184,0.0,passed,
14336,2048,7168,ck_0_split0,ck,0,0,a8w8_blockscale_bpreshuffle_1x128x128_256x128x128x128_16x16_16x16_8x32x1_8x32x1_1x32x1x8_8_2x1_intrawave_v3,1,3,286.11735416666676,0.0,passed,
14336,2048,7168,opus_9020,opus,9020,0,opus_gemm_gfx950_a8w8_mxscale_gemm_bpreshuffle_256x256x256x128_2x2_16x16x128_1x128x128_tiles1,1,4,197.9869199999999,0.0,passed,
14336,2048,7168,opus_9012,opus,9012,0,opus_gemm_gfx950_a8w8_mxscale_gemm_bpreshuffle_256x64x64x128_2x2_16x16x128_1x128x128_tiles1_nooob,1,5,374.3042083333333,0.0,passed,
14336,2048,7168,opus_9011,opus,9011,0,opus_gemm_gfx950_a8w8_mxscale_gemm_bpreshuffle_256x64x128x128_2x2_16x16x128_1x128x128_tiles1_nooob,1,6,296.81687999999997,0.0,passed,
14336,2048,7168,opus_9010,opus,9010,0,opus_gemm_gfx950_a8w8_mxscale_gemm_bpreshuffle_256x128x128x128_2x2_16x16x128_1x128x128_tiles1_nooob,1,7,280.81588000000016,0.0,passed,
14336,2048,7168,opus_9000,opus,9000,0,opus_gemm_gfx950_a8w8_mxscale_gemm_bpreshuffle_256x256x256x128_2x2_16x16x128_1x128x128_tiles1_nooob,1,8,194.04286,0.0,passed,
14336,2048,7168,cktile_32_split0,cktile,32,0,a8w8_blockscale_cktile_192x256x128_4x2x1_16x16x128_intrawave_0x1x0_4_aqrm,1,9,314.4693555555556,0.0,passed,
14336,2048,7168,cktile_31_split0,cktile,31,0,a8w8_blockscale_cktile_192x256x128_4x2x1_16x16x128_intrawave_0x1x0_3_aqrm,1,10,313.7102222222222,0.0,passed,
14336,2048,7168,cktile_30_split0,cktile,30,0,a8w8_blockscale_cktile_192x256x128_4x2x1_16x16x128_intrawave_0x1x0_2_aqrm,1,11,313.575023809524,0.0,passed,
14336,2048,7168,cktile_29_split0,cktile,29,0,a8w8_blockscale_cktile_192x256x128_4x2x1_16x16x128_intrawave_0x1x0_4,1,12,251.8694583333333,0.0,passed,
14336,2048,7168,cktile_28_split0,cktile,28,0,a8w8_blockscale_cktile_192x256x128_4x2x1_16x16x128_intrawave_0x1x0_3,1,13,250.83295918367344,0.0,passed,
14336,2048,7168,cktile_27_split0,cktile,27,0,a8w8_blockscale_cktile_192x256x128_4x2x1_16x16x128_intrawave_0x1x0_2,1,14,251.14369565217393,0.0,passed,
14336,2048,7168,cktile_26_split0,cktile,26,0,a8w8_blockscale_cktile_128x128x128_2x2x1_16x16x128_intrawave_0x1x0_4,1,15,3109.978355555556,0.0,passed,
14336,2048,7168,cktile_25_split0,cktile,25,0,a8w8_blockscale_cktile_128x128x128_2x2x1_16x16x128_intrawave_0x1x0_3,1,16,1466.4615227272727,0.0,passed,
14336,2048,7168,cktile_24_split0,cktile,24,0,a8w8_blockscale_cktile_128x128x128_2x2x1_16x16x128_intrawave_0x1x0_1,1,17,417.8828775510204,0.0,passed,
14336,2048,7168,cktile_23_split0,cktile,23,0,a8w8_blockscale_cktile_128x128x128_1x4x1_16x16x128_intrawave_0x1x0_4,1,18,2091.676395348838,0.0,passed,
14336,2048,7168,cktile_22_split0,cktile,22,0,a8w8_blockscale_cktile_128x128x128_1x4x1_16x16x128_intrawave_0x1x0_3,1,19,1450.0041041666673,0.0,passed,
14336,2048,7168,cktile_21_split0,cktile,21,0,a8w8_blockscale_cktile_128x128x128_1x4x1_16x16x128_intrawave_0x1x0_2,1,20,439.61064583333336,0.0,passed,
14336,2048,7168,cktile_20_split0,cktile,20,0,a8w8_blockscale_cktile_32x128x128_1x4x1_16x16x64_intrawave_0x1x0_4,1,21,501.48705999999993,0.0,passed,
14336,2048,7168,cktile_19_split0,cktile,19,0,a8w8_blockscale_cktile_32x128x128_1x4x1_16x16x64_intrawave_0x1x0_3,1,22,501.59186,0.0,passed,
14336,2048,7168,cktile_18_split0,cktile,18,0,a8w8_blockscale_cktile_32x128x128_1x4x1_16x16x128_intrawave_0x1x0_4,1,23,500.72385714285707,0.0,passed,
14336,2048,7168,cktile_17_split0,cktile,17,0,a8w8_blockscale_cktile_32x128x128_1x4x1_16x16x128_intrawave_0x1x0_3,1,24,501.0561224489798,0.0,passed,
14336,2048,7168,cktile_16_split0,cktile,16,0,a8w8_blockscale_cktile_16x128x256_1x4x1_16x16x64_intrawave_0x1x0_4,1,25,682.04219047619,0.0,passed,
14336,2048,7168,cktile_15_split0,cktile,15,0,a8w8_blockscale_cktile_16x128x256_1x4x1_16x16x64_intrawave_0x1x0_3,1,26,659.9929361702126,0.0,passed,
14336,2048,7168,cktile_14_split0,cktile,14,0,a8w8_blockscale_cktile_16x128x256_1x4x1_16x16x128_intrawave_0x1x0_4,1,27,1270.4226097560988,0.0,passed,
14336,2048,7168,cktile_13_split0,cktile,13,0,a8w8_blockscale_cktile_16x128x256_1x4x1_16x16x128_intrawave_0x1x0_3,1,28,698.1989599999999,0.0,passed,
14336,2048,7168,cktile_12_split0,cktile,12,0,a8w8_blockscale_cktile_192x256x128_4x2x1_16x16x128_intrawave_0x1x0_1_aqrm,1,29,315.5515,0.0,passed,
14336,2048,7168,cktile_11_split0,cktile,11,0,a8w8_blockscale_cktile_192x256x128_4x2x1_16x16x128_intrawave_0x1x0_1,1,30,251.8619600000001,0.0,passed,
14336,2048,7168,cktile_10_split0,cktile,10,0,a8w8_blockscale_cktile_128x128x128_2x2x1_16x16x128_intrawave_0x1x0_2,1,31,413.5708200000003,0.0,passed,
14336,2048,7168,cktile_9_split0,cktile,9,0,a8w8_blockscale_cktile_128x128x128_1x4x1_16x16x128_intrawave_0x1x0_1,1,32,432.032448979592,0.0,passed,
14336,2048,7168,cktile_8_split0,cktile,8,0,a8w8_blockscale_cktile_128x128x128_1x4x1_16x16x128_intrawave_0x1x0_1,1,33,435.7622553191488,0.0,passed,
14336,2048,7168,cktile_7_split0,cktile,7,0,a8w8_blockscale_cktile_32x128x128_1x4x1_16x16x64_intrawave_0x1x0_2,1,34,502.74467999999985,0.0,passed,
14336,2048,7168,cktile_6_split0,cktile,6,0,a8w8_blockscale_cktile_32x128x128_1x4x1_16x16x64_intrawave_0x1x0_1,1,35,511.0387608695652,0.0,passed,
14336,2048,7168,cktile_5_split0,cktile,5,0,a8w8_blockscale_cktile_32x128x128_1x4x1_16x16x128_intrawave_0x1x0_2,1,36,501.1938541666664,0.0,passed,
14336,2048,7168,cktile_4_split0,cktile,4,0,a8w8_blockscale_cktile_32x128x128_1x4x1_16x16x128_intrawave_0x1x0_1,1,37,500.96957142857127,0.0,passed,
14336,2048,7168,cktile_3_split0,cktile,3,0,a8w8_blockscale_cktile_16x128x256_1x4x1_16x16x64_intrawave_0x1x0_2,1,38,660.1465416666666,0.0,passed,
14336,2048,7168,cktile_2_split0,cktile,2,0,a8w8_blockscale_cktile_16x128x256_1x4x1_16x16x64_intrawave_0x1x0_1,1,39,684.9828199999996,0.0,passed,
14336,2048,7168,cktile_1_split0,cktile,1,0,a8w8_blockscale_cktile_16x128x256_1x4x1_16x16x128_intrawave_0x1x0_2,1,40,690.6356599999998,0.0,passed,
14336,2048,7168,cktile_0_split0,cktile,0,0,a8w8_blockscale_cktile_16x128x256_1x4x1_16x16x128_intrawave_0x1x0_1,1,41,689.61726,0.0,passed,
14336,2048,7168,ck_17_split0,ck,17,0,a8w8_blockscale_bpreshuffle_1x128x128_256x64x64x256_16x16_16x16_16x16x1_16x16x1_1x32x1x8_8_2x1_intrawave_v1,1,42,433.91128000000003,0.0,passed,
14336,2048,7168,ck_16_split0,ck,16,0,a8w8_blockscale_bpreshuffle_1x128x128_256x64x128x256_16x16_16x16_16x16x1_16x16x1_1x32x1x8_8_2x1_intrawave_v1,1,43,344.2950199999999,0.0,passed,
14336,2048,7168,ck_15_split0,ck,15,0,a8w8_blockscale_bpreshuffle_1x128x128_256x64x64x128_16x16_16x16_8x32x1_8x32x1_1x32x1x8_8_2x1_intrawave_v1,1,44,394.0977708333335,0.0,passed,
14336,2048,7168,ck_14_split0,ck,14,0,a8w8_blockscale_bpreshuffle_1x128x128_256x64x128x128_16x16_16x16_8x32x1_8x32x1_1x32x1x8_8_2x1_intrawave_v1,1,45,310.65878723404256,0.0,passed,
14336,2048,7168,ck_13_split0,ck,13,0,a8w8_blockscale_bpreshuffle_1x128x128_256x64x256x128_16x16_16x16_8x32x1_8x32x1_1x32x1x8_8_2x1_intrawave_v1,1,46,290.86800000000005,0.0,passed,
14336,2048,7168,ck_12_split0,ck,12,0,a8w8_blockscale_bpreshuffle_1x128x128_256x32x64x256_16x16_16x16_16x16x1_16x16x1_1x32x1x8_8_2x1_intrawave_v1,1,47,513.3947872340426,0.0,passed,
14336,2048,7168,ck_11_split0,ck,11,0,a8w8_blockscale_bpreshuffle_1x128x128_256x32x128x256_16x16_16x16_16x16x1_16x16x1_1x32x1x8_8_2x1_intrawave_v1,1,48,430.2072857142856,0.0,passed,
14336,2048,7168,ck_10_split0,ck,10,0,a8w8_blockscale_bpreshuffle_1x128x128_256x32x64x128_16x16_16x16_8x32x1_8x32x1_1x32x1x8_8_2x1_intrawave_v1,1,49,534.03244,0.0,passed,
14336,2048,7168,ck_9_split0,ck,9,0,a8w8_blockscale_bpreshuffle_1x128x128_256x32x128x128_16x16_16x16_8x32x1_8x32x1_1x32x1x8_8_2x1_intrawave_v1,1,50,437.62318181818176,0.0,passed,
14336,2048,7168,ck_8_split0,ck,8,0,a8w8_blockscale_bpreshuffle_1x128x128_256x32x256x128_16x16_16x16_8x32x1_8x32x1_1x32x1x8_8_2x1_intrawave_v1,1,51,401.34128000000004,0.0,passed,
14336,2048,7168,ck_7_split0,ck,7,0,a8w8_blockscale_bpreshuffle_1x128x128_256x16x64x256_16x16_16x16_16x16x1_16x16x1_1x16x1x16_4_1x1_intrawave_v1,1,52,779.0825199999995,0.0,passed,
14336,2048,7168,ck_6_split0,ck,6,0,a8w8_blockscale_bpreshuffle_1x128x128_256x16x128x256_16x16_16x16_16x16x1_16x16x1_1x16x1x16_8_1x2_intrawave_v1,1,53,697.0815399999999,0.0,passed,
14336,2048,7168,ck_5_split0,ck,5,0,a8w8_blockscale_bpreshuffle_1x128x128_256x16x64x128_8x16_16x16_16x16x1_8x32x1_1x16x1x16_4_1x1_intrawave_v1,1,54,823.3182199999995,0.0,passed,
14336,2048,7168,ck_4_split0,ck,4,0,a8w8_blockscale_bpreshuffle_1x128x128_256x16x128x128_8x16_16x16_16x16x1_8x32x1_1x16x1x16_8_1x2_intrawave_v1,1,55,739.5668399999998,0.0,passed,
14336,2048,7168,ck_5_split0,ck,5,0,a8w8_blockscale_bpreshuffle_1x128x128_256x16x64x128_8x16_16x16_16x16x1_8x32x1_1x16x1x16_4_1x1_intrawave_v1,2,0,822.63502,0.0,passed,
14336,2048,7168,ck_6_split0,ck,6,0,a8w8_blockscale_bpreshuffle_1x128x128_256x16x128x256_16x16_16x16_16x16x1_16x16x1_1x16x1x16_8_1x2_intrawave_v1,2,1,697.42074,0.0,passed,
14336,2048,7168,ck_7_split0,ck,7,0,a8w8_blockscale_bpreshuffle_1x128x128_256x16x64x256_16x16_16x16_16x16x1_16x16x1_1x16x1x16_4_1x1_intrawave_v1,2,2,778.9649000000004,0.0,passed,
14336,2048,7168,ck_8_split0,ck,8,0,a8w8_blockscale_bpreshuffle_1x128x128_256x32x256x128_16x16_16x16_8x32x1_8x32x1_1x32x1x8_8_2x1_intrawave_v1,2,3,404.38131999999996,0.0,passed,
14336,2048,7168,ck_9_split0,ck,9,0,a8w8_blockscale_bpreshuffle_1x128x128_256x32x128x128_16x16_16x16_8x32x1_8x32x1_1x32x1x8_8_2x1_intrawave_v1,2,4,438.4825102040816,0.0,passed,
14336,2048,7168,ck_10_split0,ck,10,0,a8w8_blockscale_bpreshuffle_1x128x128_256x32x64x128_16x16_16x16_8x32x1_8x32x1_1x32x1x8_8_2x1_intrawave_v1,2,5,535.1227959183674,0.0,passed,
14336,2048,7168,ck_11_split0,ck,11,0,a8w8_blockscale_bpreshuffle_1x128x128_256x32x128x256_16x16_16x16_16x16x1_16x16x1_1x32x1x8_8_2x1_intrawave_v1,2,6,430.1352400000001,0.0,passed,
14336,2048,7168,ck_12_split0,ck,12,0,a8w8_blockscale_bpreshuffle_1x128x128_256x32x64x256_16x16_16x16_16x16x1_16x16x1_1x32x1x8_8_2x1_intrawave_v1,2,7,512.5190212765957,0.0,passed,
14336,2048,7168,ck_13_split0,ck,13,0,a8w8_blockscale_bpreshuffle_1x128x128_256x64x256x128_16x16_16x16_8x32x1_8x32x1_1x32x1x8_8_2x1_intrawave_v1,2,8,292.16322,0.0,passed,
14336,2048,7168,ck_14_split0,ck,14,0,a8w8_blockscale_bpreshuffle_1x128x128_256x64x128x128_16x16_16x16_8x32x1_8x32x1_1x32x1x8_8_2x1_intrawave_v1,2,9,310.7354042553192,0.0,passed,
14336,2048,7168,ck_15_split0,ck,15,0,a8w8_blockscale_bpreshuffle_1x128x128_256x64x64x128_16x16_16x16_8x32x1_8x32x1_1x32x1x8_8_2x1_intrawave_v1,2,10,393.34399999999994,0.0,passed,
14336,2048,7168,ck_16_split0,ck,16,0,a8w8_blockscale_bpreshuffle_1x128x128_256x64x128x256_16x16_16x16_16x16x1_16x16x1_1x32x1x8_8_2x1_intrawave_v1,2,11,345.02097959183675,0.0,passed,
14336,2048,7168,ck_17_split0,ck,17,0,a8w8_blockscale_bpreshuffle_1x128x128_256x64x64x256_16x16_16x16_16x16x1_16x16x1_1x32x1x8_8_2x1_intrawave_v1,2,12,431.04665217391306,0.0,passed,
14336,2048,7168,cktile_0_split0,cktile,0,0,a8w8_blockscale_cktile_16x128x256_1x4x1_16x16x128_intrawave_0x1x0_1,2,13,690.1716599999999,0.0,passed,
14336,2048,7168,cktile_1_split0,cktile,1,0,a8w8_blockscale_cktile_16x128x256_1x4x1_16x16x128_intrawave_0x1x0_2,2,14,688.9124400000001,0.0,passed,
14336,2048,7168,cktile_2_split0,cktile,2,0,a8w8_blockscale_cktile_16x128x256_1x4x1_16x16x64_intrawave_0x1x0_1,2,15,685.2157959183677,0.0,passed,
14336,2048,7168,cktile_3_split0,cktile,3,0,a8w8_blockscale_cktile_16x128x256_1x4x1_16x16x64_intrawave_0x1x0_2,2,16,663.473311111111,0.0,passed,
14336,2048,7168,cktile_4_split0,cktile,4,0,a8w8_blockscale_cktile_32x128x128_1x4x1_16x16x128_intrawave_0x1x0_1,2,17,501.31108510638313,0.0,passed,
14336,2048,7168,cktile_5_split0,cktile,5,0,a8w8_blockscale_cktile_32x128x128_1x4x1_16x16x128_intrawave_0x1x0_2,2,18,501.22426530612285,0.0,passed,
14336,2048,7168,cktile_6_split0,cktile,6,0,a8w8_blockscale_cktile_32x128x128_1x4x1_16x16x64_intrawave_0x1x0_1,2,19,513.2440000000001,0.0,passed,
14336,2048,7168,cktile_7_split0,cktile,7,0,a8w8_blockscale_cktile_32x128x128_1x4x1_16x16x64_intrawave_0x1x0_2,2,20,501.08384782608687,0.0,passed,
14336,2048,7168,cktile_8_split0,cktile,8,0,a8w8_blockscale_cktile_128x128x128_1x4x1_16x16x128_intrawave_0x1x0_1,2,21,438.21161702127654,0.0,passed,
14336,2048,7168,cktile_9_split0,cktile,9,0,a8w8_blockscale_cktile_128x128x128_1x4x1_16x16x128_intrawave_0x1x0_1,2,22,438.4364583333331,0.0,passed,
14336,2048,7168,cktile_10_split0,cktile,10,0,a8w8_blockscale_cktile_128x128x128_2x2x1_16x16x128_intrawave_0x1x0_2,2,23,414.0468199999999,0.0,passed,
14336,2048,7168,cktile_11_split0,cktile,11,0,a8w8_blockscale_cktile_192x256x128_4x2x1_16x16x128_intrawave_0x1x0_1,2,24,251.690918367347,0.0,passed,
14336,2048,7168,cktile_12_split0,cktile,12,0,a8w8_blockscale_cktile_192x256x128_4x2x1_16x16x128_intrawave_0x1x0_1_aqrm,2,25,314.33491836734686,0.0,passed,
14336,2048,7168,cktile_13_split0,cktile,13,0,a8w8_blockscale_cktile_16x128x256_1x4x1_16x16x128_intrawave_0x1x0_3,2,26,697.7693399999999,0.0,passed,
14336,2048,7168,cktile_14_split0,cktile,14,0,a8w8_blockscale_cktile_16x128x256_1x4x1_16x16x128_intrawave_0x1x0_4,2,27,1271.9337499999992,0.0,passed,
14336,2048,7168,cktile_15_split0,cktile,15,0,a8w8_blockscale_cktile_16x128x256_1x4x1_16x16x64_intrawave_0x1x0_3,2,28,662.9101086956522,0.0,passed,
14336,2048,7168,cktile_16_split0,cktile,16,0,a8w8_blockscale_cktile_16x128x256_1x4x1_16x16x64_intrawave_0x1x0_4,2,29,683.6646046511628,0.0,passed,
14336,2048,7168,cktile_17_split0,cktile,17,0,a8w8_blockscale_cktile_32x128x128_1x4x1_16x16x128_intrawave_0x1x0_3,2,30,499.9864565217391,0.0,passed,
14336,2048,7168,cktile_18_split0,cktile,18,0,a8w8_blockscale_cktile_32x128x128_1x4x1_16x16x128_intrawave_0x1x0_4,2,31,498.7046200000004,0.0,passed,
14336,2048,7168,cktile_19_split0,cktile,19,0,a8w8_blockscale_cktile_32x128x128_1x4x1_16x16x64_intrawave_0x1x0_3,2,32,502.81107999999995,0.0,passed,
14336,2048,7168,cktile_20_split0,cktile,20,0,a8w8_blockscale_cktile_32x128x128_1x4x1_16x16x64_intrawave_0x1x0_4,2,33,500.7961914893616,0.0,passed,
14336,2048,7168,cktile_21_split0,cktile,21,0,a8w8_blockscale_cktile_128x128x128_1x4x1_16x16x128_intrawave_0x1x0_2,2,34,436.3472708333336,0.0,passed,
14336,2048,7168,cktile_22_split0,cktile,22,0,a8w8_blockscale_cktile_128x128x128_1x4x1_16x16x128_intrawave_0x1x0_3,2,35,1451.2365400000003,0.0,passed,
14336,2048,7168,cktile_23_split0,cktile,23,0,a8w8_blockscale_cktile_128x128x128_1x4x1_16x16x128_intrawave_0x1x0_4,2,36,2092.427449999999,0.0,passed,
14336,2048,7168,cktile_24_split0,cktile,24,0,a8w8_blockscale_cktile_128x128x128_2x2x1_16x16x128_intrawave_0x1x0_1,2,37,414.93086000000005,0.0,passed,
14336,2048,7168,cktile_25_split0,cktile,25,0,a8w8_blockscale_cktile_128x128x128_2x2x1_16x16x128_intrawave_0x1x0_3,2,38,1467.7775918367347,0.0,passed,
14336,2048,7168,cktile_26_split0,cktile,26,0,a8w8_blockscale_cktile_128x128x128_2x2x1_16x16x128_intrawave_0x1x0_4,2,39,3110.067155555554,0.0,passed,
14336,2048,7168,cktile_27_split0,cktile,27,0,a8w8_blockscale_cktile_192x256x128_4x2x1_16x16x128_intrawave_0x1x0_2,2,40,252.14994000000007,0.0,passed,
14336,2048,7168,cktile_28_split0,cktile,28,0,a8w8_blockscale_cktile_192x256x128_4x2x1_16x16x128_intrawave_0x1x0_3,2,41,251.74433999999994,0.0,passed,
14336,2048,7168,cktile_29_split0,cktile,29,0,a8w8_blockscale_cktile_192x256x128_4x2x1_16x16x128_intrawave_0x1x0_4,2,42,251.94153191489363,0.0,passed,
14336,2048,7168,cktile_30_split0,cktile,30,0,a8w8_blockscale_cktile_192x256x128_4x2x1_16x16x128_intrawave_0x1x0_2_aqrm,2,43,313.5759791666667,0.0,passed,
14336,2048,7168,cktile_31_split0,cktile,31,0,a8w8_blockscale_cktile_192x256x128_4x2x1_16x16x128_intrawave_0x1x0_3_aqrm,2,44,314.3104285714285,0.0,passed,
14336,2048,7168,cktile_32_split0,cktile,32,0,a8w8_blockscale_cktile_192x256x128_4x2x1_16x16x128_intrawave_0x1x0_4_aqrm,2,45,314.51244680851056,0.0,passed,
14336,2048,7168,opus_9000,opus,9000,0,opus_gemm_gfx950_a8w8_mxscale_gemm_bpreshuffle_256x256x256x128_2x2_16x16x128_1x128x128_tiles1_nooob,2,46,194.54330612244897,0.0,passed,
14336,2048,7168,opus_9010,opus,9010,0,opus_gemm_gfx950_a8w8_mxscale_gemm_bpreshuffle_256x128x128x128_2x2_16x16x128_1x128x128_tiles1_nooob,2,47,280.81348,0.0,passed,
14336,2048,7168,opus_9011,opus,9011,0,opus_gemm_gfx950_a8w8_mxscale_gemm_bpreshuffle_256x64x128x128_2x2_16x16x128_1x128x128_tiles1_nooob,2,48,295.64162500000003,0.0,passed,
14336,2048,7168,opus_9012,opus,9012,0,opus_gemm_gfx950_a8w8_mxscale_gemm_bpreshuffle_256x64x64x128_2x2_16x16x128_1x128x128_tiles1_nooob,2,49,374.7921800000002,0.0,passed,
14336,2048,7168,opus_9020,opus,9020,0,opus_gemm_gfx950_a8w8_mxscale_gemm_bpreshuffle_256x256x256x128_2x2_16x16x128_1x128x128_tiles1,2,50,198.06691999999995,0.0,passed,
14336,2048,7168,ck_0_split0,ck,0,0,a8w8_blockscale_bpreshuffle_1x128x128_256x128x128x128_16x16_16x16_8x32x1_8x32x1_1x32x1x8_8_2x1_intrawave_v3,2,51,286.48236,0.0,passed,
14336,2048,7168,ck_1_split0,ck,1,0,a8w8_blockscale_bpreshuffle_1x128x128_256x64x128x128_16x16_16x16_8x32x1_8x32x1_1x32x1x8_8_2x1_intrawave_v3,2,52,312.985125,0.0,passed,
14336,2048,7168,ck_2_split0,ck,2,0,a8w8_blockscale_bpreshuffle_1x128x128_256x64x64x128_16x16_16x16_8x32x1_8x32x1_1x32x1x8_8_2x1_intrawave_v3,2,53,402.7506326530612,0.0,passed,
14336,2048,7168,ck_3_split0,ck,3,0,a8w8_blockscale_bpreshuffle_1x128x128_256x16x256x128_8x16_16x16_16x16x1_8x32x1_1x16x1x16_8_1x2_intrawave_v1,2,54,691.447081632653,0.0,passed,
14336,2048,7168,ck_4_split0,ck,4,0,a8w8_blockscale_bpreshuffle_1x128x128_256x16x128x128_8x16_16x16_16x16x1_8x32x1_1x16x1x16_8_1x2_intrawave_v1,2,55,741.9868600000002,0.0,passed,
1600,6144,7168,ck_4_split0,ck,4,0,a8w8_blockscale_bpreshuffle_1x128x128_256x16x128x128_8x16_16x16_16x16x1_8x32x1_1x16x1x16_8_1x2_intrawave_v1,0,0,252.49474,0.0,passed,
1600,6144,7168,ck_5_split0,ck,5,0,a8w8_blockscale_bpreshuffle_1x128x128_256x16x64x128_8x16_16x16_16x16x1_8x32x1_1x16x1x16_4_1x1_intrawave_v1,0,1,282.41251063829793,0.0,passed,
1600,6144,7168,ck_6_split0,ck,6,0,a8w8_blockscale_bpreshuffle_1x128x128_256x16x128x256_16x16_16x16_16x16x1_16x16x1_1x16x1x16_8_1x2_intrawave_v1,0,2,239.24977999999987,0.0,passed,
1600,6144,7168,ck_7_split0,ck,7,0,a8w8_blockscale_bpreshuffle_1x128x128_256x16x64x256_16x16_16x16_16x16x1_16x16x1_1x16x1x16_4_1x1_intrawave_v1,0,3,271.98538,0.0,passed,
1600,6144,7168,ck_8_split0,ck,8,0,a8w8_blockscale_bpreshuffle_1x128x128_256x32x256x128_16x16_16x16_8x32x1_8x32x1_1x32x1x8_8_2x1_intrawave_v1,0,4,152.90162499999997,0.0,passed,
1600,6144,7168,ck_9_split0,ck,9,0,a8w8_blockscale_bpreshuffle_1x128x128_256x32x128x128_16x16_16x16_8x32x1_8x32x1_1x32x1x8_8_2x1_intrawave_v1,0,5,157.58563999999996,0.0,passed,
1600,6144,7168,ck_10_split0,ck,10,0,a8w8_blockscale_bpreshuffle_1x128x128_256x32x64x128_16x16_16x16_8x32x1_8x32x1_1x32x1x8_8_2x1_intrawave_v1,0,6,185.38515999999998,0.0,passed,
1600,6144,7168,ck_11_split0,ck,11,0,a8w8_blockscale_bpreshuffle_1x128x128_256x32x128x256_16x16_16x16_16x16x1_16x16x1_1x32x1x8_8_2x1_intrawave_v1,0,7,159.30245999999997,0.0,passed,
1600,6144,7168,ck_12_split0,ck,12,0,a8w8_blockscale_bpreshuffle_1x128x128_256x32x64x256_16x16_16x16_16x16x1_16x16x1_1x32x1x8_8_2x1_intrawave_v1,0,8,186.68038,0.0,passed,
1600,6144,7168,ck_13_split0,ck,13,0,a8w8_blockscale_bpreshuffle_1x128x128_256x64x256x128_16x16_16x16_8x32x1_8x32x1_1x32x1x8_8_2x1_intrawave_v1,0,9,127.08048000000001,0.0,passed,
1600,6144,7168,ck_14_split0,ck,14,0,a8w8_blockscale_bpreshuffle_1x128x128_256x64x128x128_16x16_16x16_8x32x1_8x32x1_1x32x1x8_8_2x1_intrawave_v1,0,10,120.83161999999999,0.0,passed,
1600,6144,7168,ck_15_split0,ck,15,0,a8w8_blockscale_bpreshuffle_1x128x128_256x64x64x128_16x16_16x16_8x32x1_8x32x1_1x32x1x8_8_2x1_intrawave_v1,0,11,150.5407600000001,0.0,passed,
1600,6144,7168,ck_16_split0,ck,16,0,a8w8_blockscale_bpreshuffle_1x128x128_256x64x128x256_16x16_16x16_16x16x1_16x16x1_1x32x1x8_8_2x1_intrawave_v1,0,12,130.26691999999994,0.0,passed,
1600,6144,7168,ck_17_split0,ck,17,0,a8w8_blockscale_bpreshuffle_1x128x128_256x64x64x256_16x16_16x16_16x16x1_16x16x1_1x32x1x8_8_2x1_intrawave_v1,0,13,162.7960999999999,0.0,passed,
1600,6144,7168,cktile_0_split0,cktile,0,0,a8w8_blockscale_cktile_16x128x256_1x4x1_16x16x128_intrawave_0x1x0_1,0,14,248.55530000000007,0.0,passed,
1600,6144,7168,cktile_1_split0,cktile,1,0,a8w8_blockscale_cktile_16x128x256_1x4x1_16x16x128_intrawave_0x1x0_2,0,15,249.6913199999999,0.0,passed,
1600,6144,7168,cktile_2_split0,cktile,2,0,a8w8_blockscale_cktile_16x128x256_1x4x1_16x16x64_intrawave_0x1x0_1,0,16,250.23132,0.0,passed,
1600,6144,7168,cktile_3_split0,cktile,3,0,a8w8_blockscale_cktile_16x128x256_1x4x1_16x16x64_intrawave_0x1x0_2,0,17,248.08250000000007,0.0,passed,
1600,6144,7168,cktile_4_split0,cktile,4,0,a8w8_blockscale_cktile_32x128x128_1x4x1_16x16x128_intrawave_0x1x0_1,0,18,187.23217999999994,0.0,passed,
1600,6144,7168,cktile_5_split0,cktile,5,0,a8w8_blockscale_cktile_32x128x128_1x4x1_16x16x128_intrawave_0x1x0_2,0,19,187.22179999999997,0.0,passed,
1600,6144,7168,cktile_6_split0,cktile,6,0,a8w8_blockscale_cktile_32x128x128_1x4x1_16x16x64_intrawave_0x1x0_1,0,20,191.10344000000003,0.0,passed,
1600,6144,7168,cktile_7_split0,cktile,7,0,a8w8_blockscale_cktile_32x128x128_1x4x1_16x16x64_intrawave_0x1x0_2,0,21,190.64262,0.0,passed,
1600,6144,7168,cktile_8_split0,cktile,8,0,a8w8_blockscale_cktile_128x128x128_1x4x1_16x16x128_intrawave_0x1x0_1,0,22,202.05568085106376,0.0,passed,
1600,6144,7168,cktile_9_split0,cktile,9,0,a8w8_blockscale_cktile_128x128x128_1x4x1_16x16x128_intrawave_0x1x0_1,0,23,202.5007872340425,0.0,passed,
1600,6144,7168,cktile_10_split0,cktile,10,0,a8w8_blockscale_cktile_128x128x128_2x2x1_16x16x128_intrawave_0x1x0_2,0,24,197.55774468085102,0.0,passed,
1600,6144,7168,cktile_11_split0,cktile,11,0,a8w8_blockscale_cktile_192x256x128_4x2x1_16x16x128_intrawave_0x1x0_1,0,25,86.51119999999997,0.0,passed,
1600,6144,7168,cktile_12_split0,cktile,12,0,a8w8_blockscale_cktile_192x256x128_4x2x1_16x16x128_intrawave_0x1x0_1_aqrm,0,26,107.56903999999999,0.0,passed,
1600,6144,7168,cktile_13_split0,cktile,13,0,a8w8_blockscale_cktile_16x128x256_1x4x1_16x16x128_intrawave_0x1x0_3,0,27,250.0801199999999,0.0,passed,
1600,6144,7168,cktile_14_split0,cktile,14,0,a8w8_blockscale_cktile_16x128x256_1x4x1_16x16x128_intrawave_0x1x0_4,0,28,456.12495918367347,0.0,passed,
1600,6144,7168,cktile_15_split0,cktile,15,0,a8w8_blockscale_cktile_16x128x256_1x4x1_16x16x64_intrawave_0x1x0_3,0,29,248.84839583333329,0.0,passed,
1600,6144,7168,cktile_16_split0,cktile,16,0,a8w8_blockscale_cktile_16x128x256_1x4x1_16x16x64_intrawave_0x1x0_4,0,30,262.93226000000004,0.0,passed,
1600,6144,7168,cktile_17_split0,cktile,17,0,a8w8_blockscale_cktile_32x128x128_1x4x1_16x16x128_intrawave_0x1x0_3,0,31,186.05617999999998,0.0,passed,
1600,6144,7168,cktile_18_split0,cktile,18,0,a8w8_blockscale_cktile_32x128x128_1x4x1_16x16x128_intrawave_0x1x0_4,0,32,187.21139999999997,0.0,passed,
1600,6144,7168,cktile_19_split0,cktile,19,0,a8w8_blockscale_cktile_32x128x128_1x4x1_16x16x64_intrawave_0x1x0_3,0,33,190.23542000000006,0.0,passed,
1600,6144,7168,cktile_20_split0,cktile,20,0,a8w8_blockscale_cktile_32x128x128_1x4x1_16x16x64_intrawave_0x1x0_4,0,34,189.69382000000016,0.0,passed,
1600,6144,7168,cktile_21_split0,cktile,21,0,a8w8_blockscale_cktile_128x128x128_1x4x1_16x16x128_intrawave_0x1x0_2,0,35,202.36761363636353,0.0,passed,
1600,6144,7168,cktile_22_split0,cktile,22,0,a8w8_blockscale_cktile_128x128x128_1x4x1_16x16x128_intrawave_0x1x0_3,0,36,520.7515833333333,0.0,passed,
1600,6144,7168,cktile_23_split0,cktile,23,0,a8w8_blockscale_cktile_128x128x128_1x4x1_16x16x128_intrawave_0x1x0_4,0,37,878.4065531914898,0.0,passed,
1600,6144,7168,cktile_24_split0,cktile,24,0,a8w8_blockscale_cktile_128x128x128_2x2x1_16x16x128_intrawave_0x1x0_1,0,38,198.9107608695651,0.0,passed,
1600,6144,7168,cktile_25_split0,cktile,25,0,a8w8_blockscale_cktile_128x128x128_2x2x1_16x16x128_intrawave_0x1x0_3,0,39,545.1541276595743,0.0,passed,
1600,6144,7168,cktile_26_split0,cktile,26,0,a8w8_blockscale_cktile_128x128x128_2x2x1_16x16x128_intrawave_0x1x0_4,0,40,1269.2408936170218,0.0,passed,
1600,6144,7168,cktile_27_split0,cktile,27,0,a8w8_blockscale_cktile_192x256x128_4x2x1_16x16x128_intrawave_0x1x0_2,0,41,86.75522,0.0,passed,
1600,6144,7168,cktile_28_split0,cktile,28,0,a8w8_blockscale_cktile_192x256x128_4x2x1_16x16x128_intrawave_0x1x0_3,0,42,86.38800000000003,0.0,passed,
1600,6144,7168,cktile_29_split0,cktile,29,0,a8w8_blockscale_cktile_192x256x128_4x2x1_16x16x128_intrawave_0x1x0_4,0,43,87.39281999999996,0.0,passed,
1600,6144,7168,cktile_30_split0,cktile,30,0,a8w8_blockscale_cktile_192x256x128_4x2x1_16x16x128_intrawave_0x1x0_2_aqrm,0,44,107.88105999999998,0.0,passed,
1600,6144,7168,cktile_31_split0,cktile,31,0,a8w8_blockscale_cktile_192x256x128_4x2x1_16x16x128_intrawave_0x1x0_3_aqrm,0,45,107.60346000000006,0.0,passed,
1600,6144,7168,cktile_32_split0,cktile,32,0,a8w8_blockscale_cktile_192x256x128_4x2x1_16x16x128_intrawave_0x1x0_4_aqrm,0,46,107.86104000000005,0.0,passed,
1600,6144,7168,opus_9011,opus,9011,0,opus_gemm_gfx950_a8w8_mxscale_gemm_bpreshuffle_256x64x128x128_2x2_16x16x128_1x128x128_tiles1_nooob,0,47,110.65549999999998,0.0,passed,
1600,6144,7168,opus_9012,opus,9012,0,opus_gemm_gfx950_a8w8_mxscale_gemm_bpreshuffle_256x64x64x128_2x2_16x16x128_1x128x128_tiles1_nooob,0,48,140.29510638297873,0.0,passed,
1600,6144,7168,opus_9020,opus,9020,0,opus_gemm_gfx950_a8w8_mxscale_gemm_bpreshuffle_256x256x256x128_2x2_16x16x128_1x128x128_tiles1,0,49,93.53008333333332,0.0,passed,
1600,6144,7168,ck_0_split0,ck,0,0,a8w8_blockscale_bpreshuffle_1x128x128_256x128x128x128_16x16_16x16_8x32x1_8x32x1_1x32x1x8_8_2x1_intrawave_v3,0,50,139.01022000000003,0.0,passed,
1600,6144,7168,ck_1_split0,ck,1,0,a8w8_blockscale_bpreshuffle_1x128x128_256x64x128x128_16x16_16x16_8x32x1_8x32x1_1x32x1x8_8_2x1_intrawave_v3,0,51,122.54681999999998,0.0,passed,
1600,6144,7168,ck_2_split0,ck,2,0,a8w8_blockscale_bpreshuffle_1x128x128_256x64x64x128_16x16_16x16_8x32x1_8x32x1_1x32x1x8_8_2x1_intrawave_v3,0,52,153.77917999999997,0.0,passed,
1600,6144,7168,ck_3_split0,ck,3,0,a8w8_blockscale_bpreshuffle_1x128x128_256x16x256x128_8x16_16x16_16x16x1_8x32x1_1x16x1x16_8_1x2_intrawave_v1,0,53,243.97328571428574,0.0,passed,
1600,6144,7168,ck_4_split0,ck,4,0,a8w8_blockscale_bpreshuffle_1x128x128_256x16x128x128_8x16_16x16_16x16x1_8x32x1_1x16x1x16_8_1x2_intrawave_v1,1,0,251.86674,0.0,passed,
1600,6144,7168,ck_3_split0,ck,3,0,a8w8_blockscale_bpreshuffle_1x128x128_256x16x256x128_8x16_16x16_16x16x1_8x32x1_1x16x1x16_8_1x2_intrawave_v1,1,1,243.73304000000005,0.0,passed,
1600,6144,7168,ck_2_split0,ck,2,0,a8w8_blockscale_bpreshuffle_1x128x128_256x64x64x128_16x16_16x16_8x32x1_8x32x1_1x32x1x8_8_2x1_intrawave_v3,1,2,151.77998000000002,0.0,passed,
1600,6144,7168,ck_1_split0,ck,1,0,a8w8_blockscale_bpreshuffle_1x128x128_256x64x128x128_16x16_16x16_8x32x1_8x32x1_1x32x1x8_8_2x1_intrawave_v3,1,3,121.68522000000003,0.0,passed,
1600,6144,7168,ck_0_split0,ck,0,0,a8w8_blockscale_bpreshuffle_1x128x128_256x128x128x128_16x16_16x16_8x32x1_8x32x1_1x32x1x8_8_2x1_intrawave_v3,1,4,142.02306,0.0,passed,
1600,6144,7168,opus_9020,opus,9020,0,opus_gemm_gfx950_a8w8_mxscale_gemm_bpreshuffle_256x256x256x128_2x2_16x16x128_1x128x128_tiles1,1,5,93.09880851063828,0.0,passed,
1600,6144,7168,opus_9012,opus,9012,0,opus_gemm_gfx950_a8w8_mxscale_gemm_bpreshuffle_256x64x64x128_2x2_16x16x128_1x128x128_tiles1_nooob,1,6,138.77342,0.0,passed,
1600,6144,7168,opus_9011,opus,9011,0,opus_gemm_gfx950_a8w8_mxscale_gemm_bpreshuffle_256x64x128x128_2x2_16x16x128_1x128x128_tiles1_nooob,1,7,112.51391999999996,0.0,passed,
1600,6144,7168,cktile_32_split0,cktile,32,0,a8w8_blockscale_cktile_192x256x128_4x2x1_16x16x128_intrawave_0x1x0_4_aqrm,1,8,108.30666000000008,0.0,passed,
1600,6144,7168,cktile_31_split0,cktile,31,0,a8w8_blockscale_cktile_192x256x128_4x2x1_16x16x128_intrawave_0x1x0_3_aqrm,1,9,107.69866,0.0,passed,
1600,6144,7168,cktile_30_split0,cktile,30,0,a8w8_blockscale_cktile_192x256x128_4x2x1_16x16x128_intrawave_0x1x0_2_aqrm,1,10,110.3775454545455,0.0,passed,
1600,6144,7168,cktile_29_split0,cktile,29,0,a8w8_blockscale_cktile_192x256x128_4x2x1_16x16x128_intrawave_0x1x0_4,1,11,86.80160000000002,0.0,passed,
1600,6144,7168,cktile_28_split0,cktile,28,0,a8w8_blockscale_cktile_192x256x128_4x2x1_16x16x128_intrawave_0x1x0_3,1,12,86.52402000000004,0.0,passed,
1600,6144,7168,cktile_27_split0,cktile,27,0,a8w8_blockscale_cktile_192x256x128_4x2x1_16x16x128_intrawave_0x1x0_2,1,13,87.10400000000001,0.0,passed,
1600,6144,7168,cktile_26_split0,cktile,26,0,a8w8_blockscale_cktile_128x128x128_2x2x1_16x16x128_intrawave_0x1x0_4,1,14,1269.948625000001,0.0,passed,
1600,6144,7168,cktile_25_split0,cktile,25,0,a8w8_blockscale_cktile_128x128x128_2x2x1_16x16x128_intrawave_0x1x0_3,1,15,542.1947619047619,0.0,passed,
1600,6144,7168,cktile_24_split0,cktile,24,0,a8w8_blockscale_cktile_128x128x128_2x2x1_16x16x128_intrawave_0x1x0_1,1,16,198.37989361702134,0.0,passed,
1600,6144,7168,cktile_23_split0,cktile,23,0,a8w8_blockscale_cktile_128x128x128_1x4x1_16x16x128_intrawave_0x1x0_4,1,17,878.9157291666667,0.0,passed,
1600,6144,7168,cktile_22_split0,cktile,22,0,a8w8_blockscale_cktile_128x128x128_1x4x1_16x16x128_intrawave_0x1x0_3,1,18,520.7605869565217,0.0,passed,
1600,6144,7168,cktile_21_split0,cktile,21,0,a8w8_blockscale_cktile_128x128x128_1x4x1_16x16x128_intrawave_0x1x0_2,1,19,201.45076086956524,0.0,passed,
1600,6144,7168,cktile_20_split0,cktile,20,0,a8w8_blockscale_cktile_32x128x128_1x4x1_16x16x64_intrawave_0x1x0_4,1,20,191.76664000000005,0.0,passed,
1600,6144,7168,cktile_19_split0,cktile,19,0,a8w8_blockscale_cktile_32x128x128_1x4x1_16x16x64_intrawave_0x1x0_3,1,21,190.94102000000018,0.0,passed,
1600,6144,7168,cktile_18_split0,cktile,18,0,a8w8_blockscale_cktile_32x128x128_1x4x1_16x16x128_intrawave_0x1x0_4,1,22,186.25056,0.0,passed,
1600,6144,7168,cktile_17_split0,cktile,17,0,a8w8_blockscale_cktile_32x128x128_1x4x1_16x16x128_intrawave_0x1x0_3,1,23,186.88097999999994,0.0,passed,
1600,6144,7168,cktile_16_split0,cktile,16,0,a8w8_blockscale_cktile_16x128x256_1x4x1_16x16x64_intrawave_0x1x0_4,1,24,263.4018958333333,0.0,passed,
1600,6144,7168,cktile_15_split0,cktile,15,0,a8w8_blockscale_cktile_16x128x256_1x4x1_16x16x64_intrawave_0x1x0_3,1,25,249.5821914893617,0.0,passed,
1600,6144,7168,cktile_14_split0,cktile,14,0,a8w8_blockscale_cktile_16x128x256_1x4x1_16x16x128_intrawave_0x1x0_4,1,26,459.2833469387756,0.0,passed,
1600,6144,7168,cktile_13_split0,cktile,13,0,a8w8_blockscale_cktile_16x128x256_1x4x1_16x16x128_intrawave_0x1x0_3,1,27,250.53929999999988,0.0,passed,
1600,6144,7168,cktile_12_split0,cktile,12,0,a8w8_blockscale_cktile_192x256x128_4x2x1_16x16x128_intrawave_0x1x0_1_aqrm,1,28,107.63464,0.0,passed,
1600,6144,7168,cktile_11_split0,cktile,11,0,a8w8_blockscale_cktile_192x256x128_4x2x1_16x16x128_intrawave_0x1x0_1,1,29,86.30480000000003,0.0,passed,
1600,6144,7168,cktile_10_split0,cktile,10,0,a8w8_blockscale_cktile_128x128x128_2x2x1_16x16x128_intrawave_0x1x0_2,1,30,198.28864583333336,0.0,passed,
1600,6144,7168,cktile_9_split0,cktile,9,0,a8w8_blockscale_cktile_128x128x128_1x4x1_16x16x128_intrawave_0x1x0_1,1,31,202.14757446808522,0.0,passed,
1600,6144,7168,cktile_8_split0,cktile,8,0,a8w8_blockscale_cktile_128x128x128_1x4x1_16x16x128_intrawave_0x1x0_1,1,32,201.72291489361712,0.0,passed,
1600,6144,7168,cktile_7_split0,cktile,7,0,a8w8_blockscale_cktile_32x128x128_1x4x1_16x16x64_intrawave_0x1x0_2,1,33,191.56664,0.0,passed,
1600,6144,7168,cktile_6_split0,cktile,6,0,a8w8_blockscale_cktile_32x128x128_1x4x1_16x16x64_intrawave_0x1x0_1,1,34,193.96986000000004,0.0,passed,
1600,6144,7168,cktile_5_split0,cktile,5,0,a8w8_blockscale_cktile_32x128x128_1x4x1_16x16x128_intrawave_0x1x0_2,1,35,186.12178,0.0,passed,
1600,6144,7168,cktile_4_split0,cktile,4,0,a8w8_blockscale_cktile_32x128x128_1x4x1_16x16x128_intrawave_0x1x0_1,1,36,187.26818000000003,0.0,passed,
1600,6144,7168,cktile_3_split0,cktile,3,0,a8w8_blockscale_cktile_16x128x256_1x4x1_16x16x64_intrawave_0x1x0_2,1,37,248.95289999999994,0.0,passed,
1600,6144,7168,cktile_2_split0,cktile,2,0,a8w8_blockscale_cktile_16x128x256_1x4x1_16x16x64_intrawave_0x1x0_1,1,38,252.74494000000007,0.0,passed,
1600,6144,7168,cktile_1_split0,cktile,1,0,a8w8_blockscale_cktile_16x128x256_1x4x1_16x16x128_intrawave_0x1x0_2,1,39,249.79129999999995,0.0,passed,
1600,6144,7168,cktile_0_split0,cktile,0,0,a8w8_blockscale_cktile_16x128x256_1x4x1_16x16x128_intrawave_0x1x0_1,1,40,248.93254166666665,0.0,passed,
1600,6144,7168,ck_17_split0,ck,17,0,a8w8_blockscale_bpreshuffle_1x128x128_256x64x64x256_16x16_16x16_16x16x1_16x16x1_1x32x1x8_8_2x1_intrawave_v1,1,41,163.88412000000005,0.0,passed,
1600,6144,7168,ck_16_split0,ck,16,0,a8w8_blockscale_bpreshuffle_1x128x128_256x64x128x256_16x16_16x16_16x16x1_16x16x1_1x32x1x8_8_2x1_intrawave_v1,1,42,130.82052,0.0,passed,
1600,6144,7168,ck_15_split0,ck,15,0,a8w8_blockscale_bpreshuffle_1x128x128_256x64x64x128_16x16_16x16_8x32x1_8x32x1_1x32x1x8_8_2x1_intrawave_v1,1,43,145.87830000000005,0.0,passed,
1600,6144,7168,ck_14_split0,ck,14,0,a8w8_blockscale_bpreshuffle_1x128x128_256x64x128x128_16x16_16x16_8x32x1_8x32x1_1x32x1x8_8_2x1_intrawave_v1,1,44,121.08040000000003,0.0,passed,
1600,6144,7168,ck_13_split0,ck,13,0,a8w8_blockscale_bpreshuffle_1x128x128_256x64x256x128_16x16_16x16_8x32x1_8x32x1_1x32x1x8_8_2x1_intrawave_v1,1,45,126.70687999999997,0.0,passed,
1600,6144,7168,ck_12_split0,ck,12,0,a8w8_blockscale_bpreshuffle_1x128x128_256x32x64x256_16x16_16x16_16x16x1_16x16x1_1x32x1x8_8_2x1_intrawave_v1,1,46,188.06359999999992,0.0,passed,
1600,6144,7168,ck_11_split0,ck,11,0,a8w8_blockscale_bpreshuffle_1x128x128_256x32x128x256_16x16_16x16_16x16x1_16x16x1_1x32x1x8_8_2x1_intrawave_v1,1,47,161.03686000000005,0.0,passed,
1600,6144,7168,ck_10_split0,ck,10,0,a8w8_blockscale_bpreshuffle_1x128x128_256x32x64x128_16x16_16x16_8x32x1_8x32x1_1x32x1x8_8_2x1_intrawave_v1,1,48,187.17958,0.0,passed,
1600,6144,7168,ck_9_split0,ck,9,0,a8w8_blockscale_bpreshuffle_1x128x128_256x32x128x128_16x16_16x16_8x32x1_8x32x1_1x32x1x8_8_2x1_intrawave_v1,1,49,159.76726000000002,0.0,passed,
1600,6144,7168,ck_8_split0,ck,8,0,a8w8_blockscale_bpreshuffle_1x128x128_256x32x256x128_16x16_16x16_8x32x1_8x32x1_1x32x1x8_8_2x1_intrawave_v1,1,50,152.28077083333335,0.0,passed,
1600,6144,7168,ck_7_split0,ck,7,0,a8w8_blockscale_bpreshuffle_1x128x128_256x16x64x256_16x16_16x16_16x16x1_16x16x1_1x16x1x16_4_1x1_intrawave_v1,1,51,272.39338,0.0,passed,
1600,6144,7168,ck_6_split0,ck,6,0,a8w8_blockscale_bpreshuffle_1x128x128_256x16x128x256_16x16_16x16_16x16x1_16x16x1_1x16x1x16_8_1x2_intrawave_v1,1,52,237.67856,0.0,passed,
1600,6144,7168,ck_5_split0,ck,5,0,a8w8_blockscale_bpreshuffle_1x128x128_256x16x64x128_8x16_16x16_16x16x1_8x32x1_1x16x1x16_4_1x1_intrawave_v1,1,53,283.07829999999996,0.0,passed,
1600,6144,7168,ck_6_split0,ck,6,0,a8w8_blockscale_bpreshuffle_1x128x128_256x16x128x256_16x16_16x16_16x16x1_16x16x1_1x16x1x16_8_1x2_intrawave_v1,2,0,239.27116326530603,0.0,passed,
1600,6144,7168,ck_7_split0,ck,7,0,a8w8_blockscale_bpreshuffle_1x128x128_256x16x64x256_16x16_16x16_16x16x1_16x16x1_1x16x1x16_4_1x1_intrawave_v1,2,1,269.5805399999999,0.0,passed,
1600,6144,7168,ck_8_split0,ck,8,0,a8w8_blockscale_bpreshuffle_1x128x128_256x32x256x128_16x16_16x16_8x32x1_8x32x1_1x32x1x8_8_2x1_intrawave_v1,2,2,155.66720000000004,0.0,passed,
1600,6144,7168,ck_9_split0,ck,9,0,a8w8_blockscale_bpreshuffle_1x128x128_256x32x128x128_16x16_16x16_8x32x1_8x32x1_1x32x1x8_8_2x1_intrawave_v1,2,3,156.2416199999999,0.0,passed,
1600,6144,7168,ck_10_split0,ck,10,0,a8w8_blockscale_bpreshuffle_1x128x128_256x32x64x128_16x16_16x16_8x32x1_8x32x1_1x32x1x8_8_2x1_intrawave_v1,2,4,184.3149111111112,0.0,passed,
1600,6144,7168,ck_11_split0,ck,11,0,a8w8_blockscale_bpreshuffle_1x128x128_256x32x128x256_16x16_16x16_16x16x1_16x16x1_1x32x1x8_8_2x1_intrawave_v1,2,5,158.82404,0.0,passed,
1600,6144,7168,ck_12_split0,ck,12,0,a8w8_blockscale_bpreshuffle_1x128x128_256x32x64x256_16x16_16x16_16x16x1_16x16x1_1x32x1x8_8_2x1_intrawave_v1,2,6,189.29160000000005,0.0,passed,
1600,6144,7168,ck_13_split0,ck,13,0,a8w8_blockscale_bpreshuffle_1x128x128_256x64x256x128_16x16_16x16_8x32x1_8x32x1_1x32x1x8_8_2x1_intrawave_v1,2,7,128.48530000000005,0.0,passed,
1600,6144,7168,ck_14_split0,ck,14,0,a8w8_blockscale_bpreshuffle_1x128x128_256x64x128x128_16x16_16x16_8x32x1_8x32x1_1x32x1x8_8_2x1_intrawave_v1,2,8,121.73802000000006,0.0,passed,
1600,6144,7168,ck_15_split0,ck,15,0,a8w8_blockscale_bpreshuffle_1x128x128_256x64x64x128_16x16_16x16_8x32x1_8x32x1_1x32x1x8_8_2x1_intrawave_v1,2,9,151.37995999999995,0.0,passed,
1600,6144,7168,ck_16_split0,ck,16,0,a8w8_blockscale_bpreshuffle_1x128x128_256x64x128x256_16x16_16x16_16x16x1_16x16x1_1x32x1x8_8_2x1_intrawave_v1,2,10,132.25253999999998,0.0,passed,
1600,6144,7168,ck_17_split0,ck,17,0,a8w8_blockscale_bpreshuffle_1x128x128_256x64x64x256_16x16_16x16_16x16x1_16x16x1_1x32x1x8_8_2x1_intrawave_v1,2,11,164.27292000000006,0.0,passed,
1600,6144,7168,cktile_0_split0,cktile,0,0,a8w8_blockscale_cktile_16x128x256_1x4x1_16x16x128_intrawave_0x1x0_1,2,12,248.0744800000001,0.0,passed,
1600,6144,7168,cktile_1_split0,cktile,1,0,a8w8_blockscale_cktile_16x128x256_1x4x1_16x16x128_intrawave_0x1x0_2,2,13,247.275163265306,0.0,passed,
1600,6144,7168,cktile_2_split0,cktile,2,0,a8w8_blockscale_cktile_16x128x256_1x4x1_16x16x64_intrawave_0x1x0_1,2,14,250.4009166666668,0.0,passed,
1600,6144,7168,cktile_3_split0,cktile,3,0,a8w8_blockscale_cktile_16x128x256_1x4x1_16x16x64_intrawave_0x1x0_2,2,15,249.26970000000006,0.0,passed,
1600,6144,7168,cktile_4_split0,cktile,4,0,a8w8_blockscale_cktile_32x128x128_1x4x1_16x16x128_intrawave_0x1x0_1,2,16,185.68655999999996,0.0,passed,
1600,6144,7168,cktile_5_split0,cktile,5,0,a8w8_blockscale_cktile_32x128x128_1x4x1_16x16x128_intrawave_0x1x0_2,2,17,185.92095999999998,0.0,passed,
1600,6144,7168,cktile_6_split0,cktile,6,0,a8w8_blockscale_cktile_32x128x128_1x4x1_16x16x64_intrawave_0x1x0_1,2,18,190.30662000000012,0.0,passed,
1600,6144,7168,cktile_7_split0,cktile,7,0,a8w8_blockscale_cktile_32x128x128_1x4x1_16x16x64_intrawave_0x1x0_2,2,19,190.35541999999998,0.0,passed,
1600,6144,7168,cktile_8_split0,cktile,8,0,a8w8_blockscale_cktile_128x128x128_1x4x1_16x16x128_intrawave_0x1x0_1,2,20,202.003744680851,0.0,passed,
1600,6144,7168,cktile_9_split0,cktile,9,0,a8w8_blockscale_cktile_128x128x128_1x4x1_16x16x128_intrawave_0x1x0_1,2,21,202.9254680851063,0.0,passed,
1600,6144,7168,cktile_10_split0,cktile,10,0,a8w8_blockscale_cktile_128x128x128_2x2x1_16x16x128_intrawave_0x1x0_2,2,22,197.83091489361698,0.0,passed,
1600,6144,7168,cktile_11_split0,cktile,11,0,a8w8_blockscale_cktile_192x256x128_4x2x1_16x16x128_intrawave_0x1x0_1,2,23,86.41679999999998,0.0,passed,
1600,6144,7168,cktile_12_split0,cktile,12,0,a8w8_blockscale_cktile_192x256x128_4x2x1_16x16x128_intrawave_0x1x0_1_aqrm,2,24,107.73527083333327,0.0,passed,
1600,6144,7168,cktile_13_split0,cktile,13,0,a8w8_blockscale_cktile_16x128x256_1x4x1_16x16x128_intrawave_0x1x0_3,2,25,251.3784374999999,0.0,passed,
1600,6144,7168,cktile_14_split0,cktile,14,0,a8w8_blockscale_cktile_16x128x256_1x4x1_16x16x128_intrawave_0x1x0_4,2,26,459.0824893617021,0.0,passed,
1600,6144,7168,cktile_15_split0,cktile,15,0,a8w8_blockscale_cktile_16x128x256_1x4x1_16x16x64_intrawave_0x1x0_3,2,27,249.17289999999997,0.0,passed,
1600,6144,7168,cktile_16_split0,cktile,16,0,a8w8_blockscale_cktile_16x128x256_1x4x1_16x16x64_intrawave_0x1x0_4,2,28,262.87386,0.0,passed,
1600,6144,7168,cktile_17_split0,cktile,17,0,a8w8_blockscale_cktile_32x128x128_1x4x1_16x16x128_intrawave_0x1x0_3,2,29,186.54816000000002,0.0,passed,
1600,6144,7168,cktile_18_split0,cktile,18,0,a8w8_blockscale_cktile_32x128x128_1x4x1_16x16x128_intrawave_0x1x0_4,2,30,186.43615999999997,0.0,passed,
1600,6144,7168,cktile_19_split0,cktile,19,0,a8w8_blockscale_cktile_32x128x128_1x4x1_16x16x64_intrawave_0x1x0_3,2,31,193.23944,0.0,passed,
1600,6144,7168,cktile_20_split0,cktile,20,0,a8w8_blockscale_cktile_32x128x128_1x4x1_16x16x64_intrawave_0x1x0_4,2,32,192.56344000000007,0.0,passed,
1600,6144,7168,cktile_21_split0,cktile,21,0,a8w8_blockscale_cktile_128x128x128_1x4x1_16x16x128_intrawave_0x1x0_2,2,33,202.5322553191489,0.0,passed,
1600,6144,7168,cktile_22_split0,cktile,22,0,a8w8_blockscale_cktile_128x128x128_1x4x1_16x16x128_intrawave_0x1x0_3,2,34,520.0492826086955,0.0,passed,
1600,6144,7168,cktile_23_split0,cktile,23,0,a8w8_blockscale_cktile_128x128x128_1x4x1_16x16x128_intrawave_0x1x0_4,2,35,878.522395833333,0.0,passed,
1600,6144,7168,cktile_24_split0,cktile,24,0,a8w8_blockscale_cktile_128x128x128_2x2x1_16x16x128_intrawave_0x1x0_1,2,36,198.33561702127665,0.0,passed,
1600,6144,7168,cktile_25_split0,cktile,25,0,a8w8_blockscale_cktile_128x128x128_2x2x1_16x16x128_intrawave_0x1x0_3,2,37,543.5319787234043,0.0,passed,
1600,6144,7168,cktile_26_split0,cktile,26,0,a8w8_blockscale_cktile_128x128x128_2x2x1_16x16x128_intrawave_0x1x0_4,2,38,1269.5977499999992,0.0,passed,
1600,6144,7168,cktile_27_split0,cktile,27,0,a8w8_blockscale_cktile_192x256x128_4x2x1_16x16x128_intrawave_0x1x0_2,2,39,86.82321999999998,0.0,passed,
1600,6144,7168,cktile_28_split0,cktile,28,0,a8w8_blockscale_cktile_192x256x128_4x2x1_16x16x128_intrawave_0x1x0_3,2,40,85.77199999999998,0.0,passed,
1600,6144,7168,cktile_29_split0,cktile,29,0,a8w8_blockscale_cktile_192x256x128_4x2x1_16x16x128_intrawave_0x1x0_4,2,41,86.05040000000002,0.0,passed,
1600,6144,7168,cktile_30_split0,cktile,30,0,a8w8_blockscale_cktile_192x256x128_4x2x1_16x16x128_intrawave_0x1x0_2_aqrm,2,42,107.92586000000004,0.0,passed,
1600,6144,7168,cktile_31_split0,cktile,31,0,a8w8_blockscale_cktile_192x256x128_4x2x1_16x16x128_intrawave_0x1x0_3_aqrm,2,43,108.44985999999993,0.0,passed,
1600,6144,7168,cktile_32_split0,cktile,32,0,a8w8_blockscale_cktile_192x256x128_4x2x1_16x16x128_intrawave_0x1x0_4_aqrm,2,44,107.32666,0.0,passed,
1600,6144,7168,opus_9011,opus,9011,0,opus_gemm_gfx950_a8w8_mxscale_gemm_bpreshuffle_256x64x128x128_2x2_16x16x128_1x128x128_tiles1_nooob,2,45,112.17310000000006,0.0,passed,
1600,6144,7168,opus_9012,opus,9012,0,opus_gemm_gfx950_a8w8_mxscale_gemm_bpreshuffle_256x64x64x128_2x2_16x16x128_1x128x128_tiles1_nooob,2,46,141.63111904761908,0.0,passed,
1600,6144,7168,opus_9020,opus,9020,0,opus_gemm_gfx950_a8w8_mxscale_gemm_bpreshuffle_256x256x256x128_2x2_16x16x128_1x128x128_tiles1,2,47,94.09093750000005,0.0,passed,
1600,6144,7168,ck_0_split0,ck,0,0,a8w8_blockscale_bpreshuffle_1x128x128_256x128x128x128_16x16_16x16_8x32x1_8x32x1_1x32x1x8_8_2x1_intrawave_v3,2,48,142.0214599999999,0.0,passed,
1600,6144,7168,ck_1_split0,ck,1,0,a8w8_blockscale_bpreshuffle_1x128x128_256x64x128x128_16x16_16x16_8x32x1_8x32x1_1x32x1x8_8_2x1_intrawave_v3,2,49,121.92762,0.0,passed,
1600,6144,7168,ck_2_split0,ck,2,0,a8w8_blockscale_bpreshuffle_1x128x128_256x64x64x128_16x16_16x16_8x32x1_8x32x1_1x32x1x8_8_2x1_intrawave_v3,2,50,150.77274,0.0,passed,
1600,6144,7168,ck_3_split0,ck,3,0,a8w8_blockscale_bpreshuffle_1x128x128_256x16x256x128_8x16_16x16_16x16x1_8x32x1_1x16x1x16_8_1x2_intrawave_v1,2,51,243.66548979591826,0.0,passed,
1600,6144,7168,ck_4_split0,ck,4,0,a8w8_blockscale_bpreshuffle_1x128x128_256x16x128x128_8x16_16x16_16x16x1_8x32x1_1x16x1x16_8_1x2_intrawave_v1,2,52,250.70272000000008,0.0,passed,
1600,6144,7168,ck_5_split0,ck,5,0,a8w8_blockscale_bpreshuffle_1x128x128_256x16x64x128_8x16_16x16_16x16x1_8x32x1_1x16x1x16_4_1x1_intrawave_v1,2,53,283.1495,0.0,passed,
12288,6144,7168,ck_5_split0,ck,5,0,a8w8_blockscale_bpreshuffle_1x128x128_256x16x64x128_8x16_16x16_16x16x1_8x32x1_1x16x1x16_4_1x1_intrawave_v1,0,0,1962.3568124999995,0.0,passed,
12288,6144,7168,ck_6_split0,ck,6,0,a8w8_blockscale_bpreshuffle_1x128x128_256x16x128x256_16x16_16x16_16x16x1_16x16x1_1x16x1x16_8_1x2_intrawave_v1,0,1,1673.112688888889,0.0,passed,
12288,6144,7168,ck_7_split0,ck,7,0,a8w8_blockscale_bpreshuffle_1x128x128_256x16x64x256_16x16_16x16_16x16x1_16x16x1_1x16x1x16_4_1x1_intrawave_v1,0,2,1912.95482,0.0,passed,
12288,6144,7168,ck_8_split0,ck,8,0,a8w8_blockscale_bpreshuffle_1x128x128_256x32x256x128_16x16_16x16_8x32x1_8x32x1_1x32x1x8_8_2x1_intrawave_v1,0,3,929.7289333333331,0.0,passed,
12288,6144,7168,ck_9_split0,ck,9,0,a8w8_blockscale_bpreshuffle_1x128x128_256x32x128x128_16x16_16x16_8x32x1_8x32x1_1x32x1x8_8_2x1_intrawave_v1,0,4,1027.273279069767,0.0,passed,
12288,6144,7168,ck_10_split0,ck,10,0,a8w8_blockscale_bpreshuffle_1x128x128_256x32x64x128_16x16_16x16_8x32x1_8x32x1_1x32x1x8_8_2x1_intrawave_v1,0,5,1255.7968372093028,0.0,passed,
12288,6144,7168,ck_11_split0,ck,11,0,a8w8_blockscale_bpreshuffle_1x128x128_256x32x128x256_16x16_16x16_16x16x1_16x16x1_1x32x1x8_8_2x1_intrawave_v1,0,6,1032.990130434782,0.0,passed,
12288,6144,7168,ck_12_split0,ck,12,0,a8w8_blockscale_bpreshuffle_1x128x128_256x32x64x256_16x16_16x16_16x16x1_16x16x1_1x32x1x8_8_2x1_intrawave_v1,0,7,1267.8597021276591,0.0,passed,
12288,6144,7168,ck_13_split0,ck,13,0,a8w8_blockscale_bpreshuffle_1x128x128_256x64x256x128_16x16_16x16_8x32x1_8x32x1_1x32x1x8_8_2x1_intrawave_v1,0,8,703.6316734693876,0.0,passed,
12288,6144,7168,ck_14_split0,ck,14,0,a8w8_blockscale_bpreshuffle_1x128x128_256x64x128x128_16x16_16x16_8x32x1_8x32x1_1x32x1x8_8_2x1_intrawave_v1,0,9,763.1446800000001,0.0,passed,
12288,6144,7168,ck_15_split0,ck,15,0,a8w8_blockscale_bpreshuffle_1x128x128_256x64x64x128_16x16_16x16_8x32x1_8x32x1_1x32x1x8_8_2x1_intrawave_v1,0,10,996.4153999999997,0.0,passed,
12288,6144,7168,ck_16_split0,ck,16,0,a8w8_blockscale_bpreshuffle_1x128x128_256x64x128x256_16x16_16x16_16x16x1_16x16x1_1x32x1x8_8_2x1_intrawave_v1,0,11,830.8598600000008,0.0,passed,
12288,6144,7168,ck_17_split0,ck,17,0,a8w8_blockscale_bpreshuffle_1x128x128_256x64x64x256_16x16_16x16_16x16x1_16x16x1_1x32x1x8_8_2x1_intrawave_v1,0,12,1079.3821777777773,0.0,passed,
12288,6144,7168,cktile_0_split0,cktile,0,0,a8w8_blockscale_cktile_16x128x256_1x4x1_16x16x128_intrawave_0x1x0_1,0,13,1731.2026122448985,0.0,passed,
12288,6144,7168,cktile_1_split0,cktile,1,0,a8w8_blockscale_cktile_16x128x256_1x4x1_16x16x128_intrawave_0x1x0_2,0,14,1732.26692,0.0,passed,
12288,6144,7168,cktile_2_split0,cktile,2,0,a8w8_blockscale_cktile_16x128x256_1x4x1_16x16x64_intrawave_0x1x0_1,0,15,1732.6021199999993,0.0,passed,
12288,6144,7168,cktile_3_split0,cktile,3,0,a8w8_blockscale_cktile_16x128x256_1x4x1_16x16x64_intrawave_0x1x0_2,0,16,1707.2894651162794,0.0,passed,
12288,6144,7168,cktile_4_split0,cktile,4,0,a8w8_blockscale_cktile_32x128x128_1x4x1_16x16x128_intrawave_0x1x0_1,0,17,1221.515061224489,0.0,passed,
12288,6144,7168,cktile_5_split0,cktile,5,0,a8w8_blockscale_cktile_32x128x128_1x4x1_16x16x128_intrawave_0x1x0_2,0,18,1226.6742857142858,0.0,passed,
12288,6144,7168,cktile_6_split0,cktile,6,0,a8w8_blockscale_cktile_32x128x128_1x4x1_16x16x64_intrawave_0x1x0_1,0,19,1244.6115454545456,0.0,passed,
12288,6144,7168,cktile_7_split0,cktile,7,0,a8w8_blockscale_cktile_32x128x128_1x4x1_16x16x64_intrawave_0x1x0_2,0,20,1221.615617021276,0.0,passed,
12288,6144,7168,cktile_8_split0,cktile,8,0,a8w8_blockscale_cktile_128x128x128_1x4x1_16x16x128_intrawave_0x1x0_1,0,21,981.3478000000005,0.0,passed,
12288,6144,7168,cktile_9_split0,cktile,9,0,a8w8_blockscale_cktile_128x128x128_1x4x1_16x16x128_intrawave_0x1x0_1,0,22,976.45976,0.0,passed,
12288,6144,7168,cktile_10_split0,cktile,10,0,a8w8_blockscale_cktile_128x128x128_2x2x1_16x16x128_intrawave_0x1x0_2,0,23,966.3871836734692,0.0,passed,
12288,6144,7168,cktile_11_split0,cktile,11,0,a8w8_blockscale_cktile_192x256x128_4x2x1_16x16x128_intrawave_0x1x0_1,0,24,526.70032,0.0,passed,
12288,6144,7168,cktile_12_split0,cktile,12,0,a8w8_blockscale_cktile_192x256x128_4x2x1_16x16x128_intrawave_0x1x0_1_aqrm,0,25,631.5503555555556,0.0,passed,
12288,6144,7168,cktile_13_split0,cktile,13,0,a8w8_blockscale_cktile_16x128x256_1x4x1_16x16x128_intrawave_0x1x0_3,0,26,1738.6062000000002,0.0,passed,
12288,6144,7168,cktile_14_split0,cktile,14,0,a8w8_blockscale_cktile_16x128x256_1x4x1_16x16x128_intrawave_0x1x0_4,0,27,3226.2005000000026,0.0,passed,
12288,6144,7168,cktile_15_split0,cktile,15,0,a8w8_blockscale_cktile_16x128x256_1x4x1_16x16x64_intrawave_0x1x0_3,0,28,1706.539479166666,0.0,passed,
12288,6144,7168,cktile_16_split0,cktile,16,0,a8w8_blockscale_cktile_16x128x256_1x4x1_16x16x64_intrawave_0x1x0_4,0,29,1793.521220000001,0.0,passed,
12288,6144,7168,cktile_17_split0,cktile,17,0,a8w8_blockscale_cktile_32x128x128_1x4x1_16x16x128_intrawave_0x1x0_3,0,30,1229.0922708333342,0.0,passed,
12288,6144,7168,cktile_18_split0,cktile,18,0,a8w8_blockscale_cktile_32x128x128_1x4x1_16x16x128_intrawave_0x1x0_4,0,31,1223.9663750000002,0.0,passed,
12288,6144,7168,cktile_19_split0,cktile,19,0,a8w8_blockscale_cktile_32x128x128_1x4x1_16x16x64_intrawave_0x1x0_3,0,32,1223.2292127659573,0.0,passed,
12288,6144,7168,cktile_20_split0,cktile,20,0,a8w8_blockscale_cktile_32x128x128_1x4x1_16x16x64_intrawave_0x1x0_4,0,33,1221.9994545454547,0.0,passed,
12288,6144,7168,cktile_21_split0,cktile,21,0,a8w8_blockscale_cktile_128x128x128_1x4x1_16x16x128_intrawave_0x1x0_2,0,34,982.7398000000007,0.0,passed,
12288,6144,7168,cktile_22_split0,cktile,22,0,a8w8_blockscale_cktile_128x128x128_1x4x1_16x16x128_intrawave_0x1x0_3,0,35,3201.7484999999992,0.0,passed,
12288,6144,7168,cktile_23_split0,cktile,23,0,a8w8_blockscale_cktile_128x128x128_1x4x1_16x16x128_intrawave_0x1x0_4,0,36,5037.805325581397,0.0,passed,
12288,6144,7168,cktile_24_split0,cktile,24,0,a8w8_blockscale_cktile_128x128x128_2x2x1_16x16x128_intrawave_0x1x0_1,0,37,959.4532244897965,0.0,passed,
12288,6144,7168,cktile_25_split0,cktile,25,0,a8w8_blockscale_cktile_128x128x128_2x2x1_16x16x128_intrawave_0x1x0_3,0,38,3358.8011666666666,0.0,passed,
12288,6144,7168,cktile_26_split0,cktile,26,0,a8w8_blockscale_cktile_128x128x128_2x2x1_16x16x128_intrawave_0x1x0_4,0,39,7449.588340425535,0.0,passed,
12288,6144,7168,cktile_27_split0,cktile,27,0,a8w8_blockscale_cktile_192x256x128_4x2x1_16x16x128_intrawave_0x1x0_2,0,40,527.02432,0.0,passed,
12288,6144,7168,cktile_28_split0,cktile,28,0,a8w8_blockscale_cktile_192x256x128_4x2x1_16x16x128_intrawave_0x1x0_3,0,41,527.5920612244897,0.0,passed,
12288,6144,7168,cktile_29_split0,cktile,29,0,a8w8_blockscale_cktile_192x256x128_4x2x1_16x16x128_intrawave_0x1x0_4,0,42,527.9746666666666,0.0,passed,
12288,6144,7168,cktile_30_split0,cktile,30,0,a8w8_blockscale_cktile_192x256x128_4x2x1_16x16x128_intrawave_0x1x0_2_aqrm,0,43,632.6512244897958,0.0,passed,
12288,6144,7168,cktile_31_split0,cktile,31,0,a8w8_blockscale_cktile_192x256x128_4x2x1_16x16x128_intrawave_0x1x0_3_aqrm,0,44,630.9017500000001,0.0,passed,
12288,6144,7168,cktile_32_split0,cktile,32,0,a8w8_blockscale_cktile_192x256x128_4x2x1_16x16x128_intrawave_0x1x0_4_aqrm,0,45,633.3328979591838,0.0,passed,
12288,6144,7168,opus_9000,opus,9000,0,opus_gemm_gfx950_a8w8_mxscale_gemm_bpreshuffle_256x256x256x128_2x2_16x16x128_1x128x128_tiles1_nooob,0,46,461.89074,0.0,passed,
12288,6144,7168,opus_9010,opus,9010,0,opus_gemm_gfx950_a8w8_mxscale_gemm_bpreshuffle_256x128x128x128_2x2_16x16x128_1x128x128_tiles1_nooob,0,47,683.4322448979593,0.0,passed,
12288,6144,7168,opus_9011,opus,9011,0,opus_gemm_gfx950_a8w8_mxscale_gemm_bpreshuffle_256x64x128x128_2x2_16x16x128_1x128x128_tiles1_nooob,0,48,714.3624999999998,0.0,passed,
12288,6144,7168,opus_9012,opus,9012,0,opus_gemm_gfx950_a8w8_mxscale_gemm_bpreshuffle_256x64x64x128_2x2_16x16x128_1x128x128_tiles1_nooob,0,49,932.3802199999996,0.0,passed,
12288,6144,7168,opus_9020,opus,9020,0,opus_gemm_gfx950_a8w8_mxscale_gemm_bpreshuffle_256x256x256x128_2x2_16x16x128_1x128x128_tiles1,0,50,474.5548999999999,0.0,passed,
12288,6144,7168,ck_0_split0,ck,0,0,a8w8_blockscale_bpreshuffle_1x128x128_256x128x128x128_16x16_16x16_8x32x1_8x32x1_1x32x1x8_8_2x1_intrawave_v3,0,51,704.8911799999997,0.0,passed,
12288,6144,7168,ck_1_split0,ck,1,0,a8w8_blockscale_bpreshuffle_1x128x128_256x64x128x128_16x16_16x16_8x32x1_8x32x1_1x32x1x8_8_2x1_intrawave_v3,0,52,770.1167399999999,0.0,passed,
12288,6144,7168,ck_2_split0,ck,2,0,a8w8_blockscale_bpreshuffle_1x128x128_256x64x64x128_16x16_16x16_8x32x1_8x32x1_1x32x1x8_8_2x1_intrawave_v3,0,53,1014.0939799999999,0.0,passed,
12288,6144,7168,ck_3_split0,ck,3,0,a8w8_blockscale_bpreshuffle_1x128x128_256x16x256x128_8x16_16x16_16x16x1_8x32x1_1x16x1x16_8_1x2_intrawave_v1,0,54,1649.4207608695658,0.0,passed,
12288,6144,7168,ck_4_split0,ck,4,0,a8w8_blockscale_bpreshuffle_1x128x128_256x16x128x128_8x16_16x16_16x16x1_8x32x1_1x16x1x16_8_1x2_intrawave_v1,0,55,1736.5391860465122,0.0,passed,
12288,6144,7168,ck_5_split0,ck,5,0,a8w8_blockscale_bpreshuffle_1x128x128_256x16x64x128_8x16_16x16_16x16x1_8x32x1_1x16x1x16_4_1x1_intrawave_v1,1,0,1967.8959999999995,0.0,passed,
12288,6144,7168,ck_4_split0,ck,4,0,a8w8_blockscale_bpreshuffle_1x128x128_256x16x128x128_8x16_16x16_16x16x1_8x32x1_1x16x1x16_8_1x2_intrawave_v1,1,1,1726.0353636363625,0.0,passed,
12288,6144,7168,ck_3_split0,ck,3,0,a8w8_blockscale_bpreshuffle_1x128x128_256x16x256x128_8x16_16x16_16x16x1_8x32x1_1x16x1x16_8_1x2_intrawave_v1,1,2,1690.6627142857142,0.0,passed,
12288,6144,7168,ck_2_split0,ck,2,0,a8w8_blockscale_bpreshuffle_1x128x128_256x64x64x128_16x16_16x16_8x32x1_8x32x1_1x32x1x8_8_2x1_intrawave_v3,1,3,1011.2579199999996,0.0,passed,
12288,6144,7168,ck_1_split0,ck,1,0,a8w8_blockscale_bpreshuffle_1x128x128_256x64x128x128_16x16_16x16_8x32x1_8x32x1_1x32x1x8_8_2x1_intrawave_v3,1,4,773.5639799999999,0.0,passed,
12288,6144,7168,ck_0_split0,ck,0,0,a8w8_blockscale_bpreshuffle_1x128x128_256x128x128x128_16x16_16x16_8x32x1_8x32x1_1x32x1x8_8_2x1_intrawave_v3,1,5,703.7999600000003,0.0,passed,
12288,6144,7168,opus_9020,opus,9020,0,opus_gemm_gfx950_a8w8_mxscale_gemm_bpreshuffle_256x256x256x128_2x2_16x16x128_1x128x128_tiles1,1,6,474.78132000000005,0.0,passed,
12288,6144,7168,opus_9012,opus,9012,0,opus_gemm_gfx950_a8w8_mxscale_gemm_bpreshuffle_256x64x64x128_2x2_16x16x128_1x128x128_tiles1_nooob,1,7,926.7884893617022,0.0,passed,
12288,6144,7168,opus_9011,opus,9011,0,opus_gemm_gfx950_a8w8_mxscale_gemm_bpreshuffle_256x64x128x128_2x2_16x16x128_1x128x128_tiles1_nooob,1,8,711.5448799999996,0.0,passed,
12288,6144,7168,opus_9010,opus,9010,0,opus_gemm_gfx950_a8w8_mxscale_gemm_bpreshuffle_256x128x128x128_2x2_16x16x128_1x128x128_tiles1_nooob,1,9,685.7589600000002,0.0,passed,
12288,6144,7168,opus_9000,opus,9000,0,opus_gemm_gfx950_a8w8_mxscale_gemm_bpreshuffle_256x256x256x128_2x2_16x16x128_1x128x128_tiles1_nooob,1,10,461.9602857142859,0.0,passed,
12288,6144,7168,cktile_32_split0,cktile,32,0,a8w8_blockscale_cktile_192x256x128_4x2x1_16x16x128_intrawave_0x1x0_4_aqrm,1,11,630.1769999999998,0.0,passed,
12288,6144,7168,cktile_31_split0,cktile,31,0,a8w8_blockscale_cktile_192x256x128_4x2x1_16x16x128_intrawave_0x1x0_3_aqrm,1,12,629.77847826087,0.0,passed,
12288,6144,7168,cktile_30_split0,cktile,30,0,a8w8_blockscale_cktile_192x256x128_4x2x1_16x16x128_intrawave_0x1x0_2_aqrm,1,13,631.8654347826088,0.0,passed,
12288,6144,7168,cktile_29_split0,cktile,29,0,a8w8_blockscale_cktile_192x256x128_4x2x1_16x16x128_intrawave_0x1x0_4,1,14,526.0810408163267,0.0,passed,
12288,6144,7168,cktile_28_split0,cktile,28,0,a8w8_blockscale_cktile_192x256x128_4x2x1_16x16x128_intrawave_0x1x0_3,1,15,527.6407333333334,0.0,passed,
12288,6144,7168,cktile_27_split0,cktile,27,0,a8w8_blockscale_cktile_192x256x128_4x2x1_16x16x128_intrawave_0x1x0_2,1,16,526.0781521739133,0.0,passed,
12288,6144,7168,cktile_26_split0,cktile,26,0,a8w8_blockscale_cktile_128x128x128_2x2x1_16x16x128_intrawave_0x1x0_4,1,17,7448.565297872335,0.0,passed,
12288,6144,7168,cktile_25_split0,cktile,25,0,a8w8_blockscale_cktile_128x128x128_2x2x1_16x16x128_intrawave_0x1x0_3,1,18,3358.218204081634,0.0,passed,
12288,6144,7168,cktile_24_split0,cktile,24,0,a8w8_blockscale_cktile_128x128x128_2x2x1_16x16x128_intrawave_0x1x0_1,1,19,966.5364200000002,0.0,passed,
12288,6144,7168,cktile_23_split0,cktile,23,0,a8w8_blockscale_cktile_128x128x128_1x4x1_16x16x128_intrawave_0x1x0_4,1,20,5036.911765957451,0.0,passed,
12288,6144,7168,cktile_22_split0,cktile,22,0,a8w8_blockscale_cktile_128x128x128_1x4x1_16x16x128_intrawave_0x1x0_3,1,21,3202.5983800000017,0.0,passed,
12288,6144,7168,cktile_21_split0,cktile,21,0,a8w8_blockscale_cktile_128x128x128_1x4x1_16x16x128_intrawave_0x1x0_2,1,22,973.9140999999995,0.0,passed,
12288,6144,7168,cktile_20_split0,cktile,20,0,a8w8_blockscale_cktile_32x128x128_1x4x1_16x16x64_intrawave_0x1x0_4,1,23,1223.448545454545,0.0,passed,
12288,6144,7168,cktile_19_split0,cktile,19,0,a8w8_blockscale_cktile_32x128x128_1x4x1_16x16x64_intrawave_0x1x0_3,1,24,1221.992627906977,0.0,passed,
12288,6144,7168,cktile_18_split0,cktile,18,0,a8w8_blockscale_cktile_32x128x128_1x4x1_16x16x128_intrawave_0x1x0_4,1,25,1225.5761999999997,0.0,passed,
12288,6144,7168,cktile_17_split0,cktile,17,0,a8w8_blockscale_cktile_32x128x128_1x4x1_16x16x128_intrawave_0x1x0_3,1,26,1224.9297755102039,0.0,passed,
12288,6144,7168,cktile_16_split0,cktile,16,0,a8w8_blockscale_cktile_16x128x256_1x4x1_16x16x64_intrawave_0x1x0_4,1,27,1791.3323799999991,0.0,passed,
12288,6144,7168,cktile_15_split0,cktile,15,0,a8w8_blockscale_cktile_16x128x256_1x4x1_16x16x64_intrawave_0x1x0_3,1,28,1705.5368888888895,0.0,passed,
12288,6144,7168,cktile_14_split0,cktile,14,0,a8w8_blockscale_cktile_16x128x256_1x4x1_16x16x128_intrawave_0x1x0_4,1,29,3225.765431818181,0.0,passed,
12288,6144,7168,cktile_13_split0,cktile,13,0,a8w8_blockscale_cktile_16x128x256_1x4x1_16x16x128_intrawave_0x1x0_3,1,30,1742.0645999999992,0.0,passed,
12288,6144,7168,cktile_12_split0,cktile,12,0,a8w8_blockscale_cktile_192x256x128_4x2x1_16x16x128_intrawave_0x1x0_1_aqrm,1,31,629.7737441860467,0.0,passed,
12288,6144,7168,cktile_11_split0,cktile,11,0,a8w8_blockscale_cktile_192x256x128_4x2x1_16x16x128_intrawave_0x1x0_1,1,32,527.0834693877553,0.0,passed,
12288,6144,7168,cktile_10_split0,cktile,10,0,a8w8_blockscale_cktile_128x128x128_2x2x1_16x16x128_intrawave_0x1x0_2,1,33,965.7225416666671,0.0,passed,
12288,6144,7168,cktile_9_split0,cktile,9,0,a8w8_blockscale_cktile_128x128x128_1x4x1_16x16x128_intrawave_0x1x0_1,1,34,982.5558000000003,0.0,passed,
12288,6144,7168,cktile_8_split0,cktile,8,0,a8w8_blockscale_cktile_128x128x128_1x4x1_16x16x128_intrawave_0x1x0_1,1,35,975.4852244897959,0.0,passed,
12288,6144,7168,cktile_7_split0,cktile,7,0,a8w8_blockscale_cktile_32x128x128_1x4x1_16x16x64_intrawave_0x1x0_2,1,36,1222.1773913043464,0.0,passed,
12288,6144,7168,cktile_6_split0,cktile,6,0,a8w8_blockscale_cktile_32x128x128_1x4x1_16x16x64_intrawave_0x1x0_1,1,37,1246.8013829787224,0.0,passed,
12288,6144,7168,cktile_5_split0,cktile,5,0,a8w8_blockscale_cktile_32x128x128_1x4x1_16x16x128_intrawave_0x1x0_2,1,38,1228.7069591836726,0.0,passed,
12288,6144,7168,cktile_4_split0,cktile,4,0,a8w8_blockscale_cktile_32x128x128_1x4x1_16x16x128_intrawave_0x1x0_1,1,39,1228.2482799999996,0.0,passed,
12288,6144,7168,cktile_3_split0,cktile,3,0,a8w8_blockscale_cktile_16x128x256_1x4x1_16x16x64_intrawave_0x1x0_2,1,40,1701.0833400000004,0.0,passed,
12288,6144,7168,cktile_2_split0,cktile,2,0,a8w8_blockscale_cktile_16x128x256_1x4x1_16x16x64_intrawave_0x1x0_1,1,41,1732.5980799999995,0.0,passed,
12288,6144,7168,cktile_1_split0,cktile,1,0,a8w8_blockscale_cktile_16x128x256_1x4x1_16x16x128_intrawave_0x1x0_2,1,42,1734.374836734693,0.0,passed,
12288,6144,7168,cktile_0_split0,cktile,0,0,a8w8_blockscale_cktile_16x128x256_1x4x1_16x16x128_intrawave_0x1x0_1,1,43,1733.6180869565223,0.0,passed,
12288,6144,7168,ck_17_split0,ck,17,0,a8w8_blockscale_bpreshuffle_1x128x128_256x64x64x256_16x16_16x16_16x16x1_16x16x1_1x32x1x8_8_2x1_intrawave_v1,1,44,1080.604979591836,0.0,passed,
12288,6144,7168,ck_16_split0,ck,16,0,a8w8_blockscale_bpreshuffle_1x128x128_256x64x128x256_16x16_16x16_16x16x1_16x16x1_1x32x1x8_8_2x1_intrawave_v1,1,45,832.3711020408165,0.0,passed,
12288,6144,7168,ck_15_split0,ck,15,0,a8w8_blockscale_bpreshuffle_1x128x128_256x64x64x128_16x16_16x16_8x32x1_8x32x1_1x32x1x8_8_2x1_intrawave_v1,1,46,998.5897600000001,0.0,passed,
12288,6144,7168,ck_14_split0,ck,14,0,a8w8_blockscale_bpreshuffle_1x128x128_256x64x128x128_16x16_16x16_8x32x1_8x32x1_1x32x1x8_8_2x1_intrawave_v1,1,47,767.4543200000002,0.0,passed,
12288,6144,7168,ck_13_split0,ck,13,0,a8w8_blockscale_bpreshuffle_1x128x128_256x64x256x128_16x16_16x16_8x32x1_8x32x1_1x32x1x8_8_2x1_intrawave_v1,1,48,702.4005000000003,0.0,passed,
12288,6144,7168,ck_12_split0,ck,12,0,a8w8_blockscale_bpreshuffle_1x128x128_256x32x64x256_16x16_16x16_16x16x1_16x16x1_1x32x1x8_8_2x1_intrawave_v1,1,49,1269.001266666666,0.0,passed,
12288,6144,7168,ck_11_split0,ck,11,0,a8w8_blockscale_bpreshuffle_1x128x128_256x32x128x256_16x16_16x16_16x16x1_16x16x1_1x32x1x8_8_2x1_intrawave_v1,1,50,1034.1184999999996,0.0,passed,
12288,6144,7168,ck_10_split0,ck,10,0,a8w8_blockscale_bpreshuffle_1x128x128_256x32x64x128_16x16_16x16_8x32x1_8x32x1_1x32x1x8_8_2x1_intrawave_v1,1,51,1260.0962666666671,0.0,passed,
12288,6144,7168,ck_9_split0,ck,9,0,a8w8_blockscale_bpreshuffle_1x128x128_256x32x128x128_16x16_16x16_8x32x1_8x32x1_1x32x1x8_8_2x1_intrawave_v1,1,52,1031.8937857142857,0.0,passed,
12288,6144,7168,ck_8_split0,ck,8,0,a8w8_blockscale_bpreshuffle_1x128x128_256x32x256x128_16x16_16x16_8x32x1_8x32x1_1x32x1x8_8_2x1_intrawave_v1,1,53,931.0153953488363,0.0,passed,
12288,6144,7168,ck_7_split0,ck,7,0,a8w8_blockscale_bpreshuffle_1x128x128_256x16x64x256_16x16_16x16_16x16x1_16x16x1_1x16x1x16_4_1x1_intrawave_v1,1,54,1925.4693400000003,0.0,passed,
12288,6144,7168,ck_6_split0,ck,6,0,a8w8_blockscale_bpreshuffle_1x128x128_256x16x128x256_16x16_16x16_16x16x1_16x16x1_1x16x1x16_8_1x2_intrawave_v1,1,55,1682.9140204081634,0.0,passed,
12288,6144,7168,ck_7_split0,ck,7,0,a8w8_blockscale_bpreshuffle_1x128x128_256x16x64x256_16x16_16x16_16x16x1_16x16x1_1x16x1x16_4_1x1_intrawave_v1,2,0,1912.8492000000008,0.0,passed,
12288,6144,7168,ck_8_split0,ck,8,0,a8w8_blockscale_bpreshuffle_1x128x128_256x32x256x128_16x16_16x16_8x32x1_8x32x1_1x32x1x8_8_2x1_intrawave_v1,2,1,928.9764523809523,0.0,passed,
12288,6144,7168,ck_9_split0,ck,9,0,a8w8_blockscale_bpreshuffle_1x128x128_256x32x128x128_16x16_16x16_8x32x1_8x32x1_1x32x1x8_8_2x1_intrawave_v1,2,2,1027.6313777777777,0.0,passed,
12288,6144,7168,ck_10_split0,ck,10,0,a8w8_blockscale_bpreshuffle_1x128x128_256x32x64x128_16x16_16x16_8x32x1_8x32x1_1x32x1x8_8_2x1_intrawave_v1,2,3,1256.8596739130437,0.0,passed,
12288,6144,7168,ck_11_split0,ck,11,0,a8w8_blockscale_bpreshuffle_1x128x128_256x32x128x256_16x16_16x16_16x16x1_16x16x1_1x32x1x8_8_2x1_intrawave_v1,2,4,1032.5827954545457,0.0,passed,
12288,6144,7168,ck_12_split0,ck,12,0,a8w8_blockscale_bpreshuffle_1x128x128_256x32x64x256_16x16_16x16_16x16x1_16x16x1_1x32x1x8_8_2x1_intrawave_v1,2,5,1266.4883555555564,0.0,passed,
12288,6144,7168,ck_13_split0,ck,13,0,a8w8_blockscale_bpreshuffle_1x128x128_256x64x256x128_16x16_16x16_8x32x1_8x32x1_1x32x1x8_8_2x1_intrawave_v1,2,6,703.6406122448979,0.0,passed,
12288,6144,7168,ck_14_split0,ck,14,0,a8w8_blockscale_bpreshuffle_1x128x128_256x64x128x128_16x16_16x16_8x32x1_8x32x1_1x32x1x8_8_2x1_intrawave_v1,2,7,764.1638800000002,0.0,passed,
12288,6144,7168,ck_15_split0,ck,15,0,a8w8_blockscale_bpreshuffle_1x128x128_256x64x64x128_16x16_16x16_8x32x1_8x32x1_1x32x1x8_8_2x1_intrawave_v1,2,8,992.9832999999999,0.0,passed,
12288,6144,7168,ck_16_split0,ck,16,0,a8w8_blockscale_bpreshuffle_1x128x128_256x64x128x256_16x16_16x16_16x16x1_16x16x1_1x32x1x8_8_2x1_intrawave_v1,2,9,830.8911489361705,0.0,passed,
12288,6144,7168,ck_17_split0,ck,17,0,a8w8_blockscale_bpreshuffle_1x128x128_256x64x64x256_16x16_16x16_16x16x1_16x16x1_1x32x1x8_8_2x1_intrawave_v1,2,10,1079.039574468085,0.0,passed,
12288,6144,7168,cktile_0_split0,cktile,0,0,a8w8_blockscale_cktile_16x128x256_1x4x1_16x16x128_intrawave_0x1x0_1,2,11,1731.143170212766,0.0,passed,
12288,6144,7168,cktile_1_split0,cktile,1,0,a8w8_blockscale_cktile_16x128x256_1x4x1_16x16x128_intrawave_0x1x0_2,2,12,1730.3127551020411,0.0,passed,
12288,6144,7168,cktile_2_split0,cktile,2,0,a8w8_blockscale_cktile_16x128x256_1x4x1_16x16x64_intrawave_0x1x0_1,2,13,1730.0772600000005,0.0,passed,
12288,6144,7168,cktile_3_split0,cktile,3,0,a8w8_blockscale_cktile_16x128x256_1x4x1_16x16x64_intrawave_0x1x0_2,2,14,1700.4585306122444,0.0,passed,
12288,6144,7168,cktile_4_split0,cktile,4,0,a8w8_blockscale_cktile_32x128x128_1x4x1_16x16x128_intrawave_0x1x0_1,2,15,1226.9946199999988,0.0,passed,
12288,6144,7168,cktile_5_split0,cktile,5,0,a8w8_blockscale_cktile_32x128x128_1x4x1_16x16x128_intrawave_0x1x0_2,2,16,1226.7346200000002,0.0,passed,
12288,6144,7168,cktile_6_split0,cktile,6,0,a8w8_blockscale_cktile_32x128x128_1x4x1_16x16x64_intrawave_0x1x0_1,2,17,1244.5857777777774,0.0,passed,
12288,6144,7168,cktile_7_split0,cktile,7,0,a8w8_blockscale_cktile_32x128x128_1x4x1_16x16x64_intrawave_0x1x0_2,2,18,1220.1072444444444,0.0,passed,
12288,6144,7168,cktile_8_split0,cktile,8,0,a8w8_blockscale_cktile_128x128x128_1x4x1_16x16x128_intrawave_0x1x0_1,2,19,975.3620999999996,0.0,passed,
12288,6144,7168,cktile_9_split0,cktile,9,0,a8w8_blockscale_cktile_128x128x128_1x4x1_16x16x128_intrawave_0x1x0_1,2,20,981.0013599999995,0.0,passed,
12288,6144,7168,cktile_10_split0,cktile,10,0,a8w8_blockscale_cktile_128x128x128_2x2x1_16x16x128_intrawave_0x1x0_2,2,21,961.7451599999996,0.0,passed,
12288,6144,7168,cktile_11_split0,cktile,11,0,a8w8_blockscale_cktile_192x256x128_4x2x1_16x16x128_intrawave_0x1x0_1,2,22,525.4650869565216,0.0,passed,
12288,6144,7168,cktile_12_split0,cktile,12,0,a8w8_blockscale_cktile_192x256x128_4x2x1_16x16x128_intrawave_0x1x0_1_aqrm,2,23,632.0999199999999,0.0,passed,
12288,6144,7168,cktile_13_split0,cktile,13,0,a8w8_blockscale_cktile_16x128x256_1x4x1_16x16x128_intrawave_0x1x0_3,2,24,1737.13972,0.0,passed,
12288,6144,7168,cktile_14_split0,cktile,14,0,a8w8_blockscale_cktile_16x128x256_1x4x1_16x16x128_intrawave_0x1x0_4,2,25,3228.495836734694,0.0,passed,
12288,6144,7168,cktile_15_split0,cktile,15,0,a8w8_blockscale_cktile_16x128x256_1x4x1_16x16x64_intrawave_0x1x0_3,2,26,1706.1726410256408,0.0,passed,
12288,6144,7168,cktile_16_split0,cktile,16,0,a8w8_blockscale_cktile_16x128x256_1x4x1_16x16x64_intrawave_0x1x0_4,2,27,1801.71728,0.0,passed,
12288,6144,7168,cktile_17_split0,cktile,17,0,a8w8_blockscale_cktile_32x128x128_1x4x1_16x16x128_intrawave_0x1x0_3,2,28,1226.0170199999998,0.0,passed,
12288,6144,7168,cktile_18_split0,cktile,18,0,a8w8_blockscale_cktile_32x128x128_1x4x1_16x16x128_intrawave_0x1x0_4,2,29,1222.53536,0.0,passed,
12288,6144,7168,cktile_19_split0,cktile,19,0,a8w8_blockscale_cktile_32x128x128_1x4x1_16x16x64_intrawave_0x1x0_3,2,30,1224.1355416666672,0.0,passed,
12288,6144,7168,cktile_20_split0,cktile,20,0,a8w8_blockscale_cktile_32x128x128_1x4x1_16x16x64_intrawave_0x1x0_4,2,31,1223.561106382978,0.0,passed,
12288,6144,7168,cktile_21_split0,cktile,21,0,a8w8_blockscale_cktile_128x128x128_1x4x1_16x16x128_intrawave_0x1x0_2,2,32,978.6269400000006,0.0,passed,
12288,6144,7168,cktile_22_split0,cktile,22,0,a8w8_blockscale_cktile_128x128x128_1x4x1_16x16x128_intrawave_0x1x0_3,2,33,3207.258380000004,0.0,passed,
12288,6144,7168,cktile_23_split0,cktile,23,0,a8w8_blockscale_cktile_128x128x128_1x4x1_16x16x128_intrawave_0x1x0_4,2,34,5038.083638297874,0.0,passed,
12288,6144,7168,cktile_24_split0,cktile,24,0,a8w8_blockscale_cktile_128x128x128_2x2x1_16x16x128_intrawave_0x1x0_1,2,35,964.7616874999995,0.0,passed,
12288,6144,7168,cktile_25_split0,cktile,25,0,a8w8_blockscale_cktile_128x128x128_2x2x1_16x16x128_intrawave_0x1x0_3,2,36,3359.241739999998,0.0,passed,
12288,6144,7168,cktile_26_split0,cktile,26,0,a8w8_blockscale_cktile_128x128x128_2x2x1_16x16x128_intrawave_0x1x0_4,2,37,7449.455425531915,0.0,passed,
12288,6144,7168,cktile_27_split0,cktile,27,0,a8w8_blockscale_cktile_192x256x128_4x2x1_16x16x128_intrawave_0x1x0_2,2,38,527.3686666666669,0.0,passed,
12288,6144,7168,cktile_28_split0,cktile,28,0,a8w8_blockscale_cktile_192x256x128_4x2x1_16x16x128_intrawave_0x1x0_3,2,39,526.7841000000001,0.0,passed,
12288,6144,7168,cktile_29_split0,cktile,29,0,a8w8_blockscale_cktile_192x256x128_4x2x1_16x16x128_intrawave_0x1x0_4,2,40,526.5858999999998,0.0,passed,
12288,6144,7168,cktile_30_split0,cktile,30,0,a8w8_blockscale_cktile_192x256x128_4x2x1_16x16x128_intrawave_0x1x0_2_aqrm,2,41,633.6985918367346,0.0,passed,
12288,6144,7168,cktile_31_split0,cktile,31,0,a8w8_blockscale_cktile_192x256x128_4x2x1_16x16x128_intrawave_0x1x0_3_aqrm,2,42,632.0045555555557,0.0,passed,
12288,6144,7168,cktile_32_split0,cktile,32,0,a8w8_blockscale_cktile_192x256x128_4x2x1_16x16x128_intrawave_0x1x0_4_aqrm,2,43,632.1410204081631,0.0,passed,
12288,6144,7168,opus_9000,opus,9000,0,opus_gemm_gfx950_a8w8_mxscale_gemm_bpreshuffle_256x256x256x128_2x2_16x16x128_1x128x128_tiles1_nooob,2,44,464.2109183673471,0.0,passed,
12288,6144,7168,opus_9010,opus,9010,0,opus_gemm_gfx950_a8w8_mxscale_gemm_bpreshuffle_256x128x128x128_2x2_16x16x128_1x128x128_tiles1_nooob,2,45,685.02774,0.0,passed,
12288,6144,7168,opus_9011,opus,9011,0,opus_gemm_gfx950_a8w8_mxscale_gemm_bpreshuffle_256x64x128x128_2x2_16x16x128_1x128x128_tiles1_nooob,2,46,712.7706250000001,0.0,passed,
12288,6144,7168,opus_9012,opus,9012,0,opus_gemm_gfx950_a8w8_mxscale_gemm_bpreshuffle_256x64x64x128_2x2_16x16x128_1x128x128_tiles1_nooob,2,47,932.2001999999999,0.0,passed,
12288,6144,7168,opus_9020,opus,9020,0,opus_gemm_gfx950_a8w8_mxscale_gemm_bpreshuffle_256x256x256x128_2x2_16x16x128_1x128x128_tiles1,2,48,474.7524999999998,0.0,passed,
12288,6144,7168,ck_0_split0,ck,0,0,a8w8_blockscale_bpreshuffle_1x128x128_256x128x128x128_16x16_16x16_8x32x1_8x32x1_1x32x1x8_8_2x1_intrawave_v3,2,49,707.5538750000001,0.0,passed,
12288,6144,7168,ck_1_split0,ck,1,0,a8w8_blockscale_bpreshuffle_1x128x128_256x64x128x128_16x16_16x16_8x32x1_8x32x1_1x32x1x8_8_2x1_intrawave_v3,2,50,772.9343600000002,0.0,passed,
12288,6144,7168,ck_2_split0,ck,2,0,a8w8_blockscale_bpreshuffle_1x128x128_256x64x64x128_16x16_16x16_8x32x1_8x32x1_1x32x1x8_8_2x1_intrawave_v3,2,51,1015.2667800000003,0.0,passed,
12288,6144,7168,ck_3_split0,ck,3,0,a8w8_blockscale_bpreshuffle_1x128x128_256x16x256x128_8x16_16x16_16x16x1_8x32x1_1x16x1x16_8_1x2_intrawave_v1,2,52,1630.620577777777,0.0,passed,
12288,6144,7168,ck_4_split0,ck,4,0,a8w8_blockscale_bpreshuffle_1x128x128_256x16x128x128_8x16_16x16_16x16x1_8x32x1_1x16x1x16_8_1x2_intrawave_v1,2,53,1741.5220714285704,0.0,passed,
12288,6144,7168,ck_5_split0,ck,5,0,a8w8_blockscale_bpreshuffle_1x128x128_256x16x64x128_8x16_16x16_16x16x1_8x32x1_1x16x1x16_4_1x1_intrawave_v1,2,54,1994.324519999999,0.0,passed,
12288,6144,7168,ck_6_split0,ck,6,0,a8w8_blockscale_bpreshuffle_1x128x128_256x16x128x256_16x16_16x16_16x16x1_16x16x1_1x16x1x16_8_1x2_intrawave_v1,2,55,1683.391227272727,0.0,passed,
1088,7168,384,ck_8_split0,ck,8,0,a8w8_blockscale_bpreshuffle_1x128x128_256x32x256x128_16x16_16x16_8x32x1_8x32x1_1x32x1x8_8_2x1_intrawave_v1,0,0,13.420954545454544,0.0,passed,
1088,7168,384,ck_9_split0,ck,9,0,a8w8_blockscale_bpreshuffle_1x128x128_256x32x128x128_16x16_16x16_8x32x1_8x32x1_1x32x1x8_8_2x1_intrawave_v1,0,1,13.025553191489362,0.0,passed,
1088,7168,384,ck_10_split0,ck,10,0,a8w8_blockscale_bpreshuffle_1x128x128_256x32x64x128_16x16_16x16_8x32x1_8x32x1_1x32x1x8_8_2x1_intrawave_v1,0,2,13.426897959183671,0.0,passed,
1088,7168,384,ck_13_split0,ck,13,0,a8w8_blockscale_bpreshuffle_1x128x128_256x64x256x128_16x16_16x16_8x32x1_8x32x1_1x32x1x8_8_2x1_intrawave_v1,0,3,13.731666666666664,0.0,passed,
1088,7168,384,ck_14_split0,ck,14,0,a8w8_blockscale_bpreshuffle_1x128x128_256x64x128x128_16x16_16x16_8x32x1_8x32x1_1x32x1x8_8_2x1_intrawave_v1,0,4,13.13826086956522,0.0,passed,
1088,7168,384,ck_15_split0,ck,15,0,a8w8_blockscale_bpreshuffle_1x128x128_256x64x64x128_16x16_16x16_8x32x1_8x32x1_1x32x1x8_8_2x1_intrawave_v1,0,5,14.148312500000003,0.0,passed,
1088,7168,384,cktile_4_split0,cktile,4,0,a8w8_blockscale_cktile_32x128x128_1x4x1_16x16x128_intrawave_0x1x0_1,0,6,18.334404761904768,0.0,passed,
1088,7168,384,cktile_5_split0,cktile,5,0,a8w8_blockscale_cktile_32x128x128_1x4x1_16x16x128_intrawave_0x1x0_2,0,7,17.9882,0.0,passed,
1088,7168,384,cktile_6_split0,cktile,6,0,a8w8_blockscale_cktile_32x128x128_1x4x1_16x16x64_intrawave_0x1x0_1,0,8,18.216866666666682,0.0,passed,
1088,7168,384,cktile_7_split0,cktile,7,0,a8w8_blockscale_cktile_32x128x128_1x4x1_16x16x64_intrawave_0x1x0_2,0,9,18.660142857142862,0.0,passed,
1088,7168,384,cktile_8_split0,cktile,8,0,a8w8_blockscale_cktile_128x128x128_1x4x1_16x16x128_intrawave_0x1x0_1,0,10,17.270199999999992,0.0,passed,
1088,7168,384,cktile_9_split0,cktile,9,0,a8w8_blockscale_cktile_128x128x128_1x4x1_16x16x128_intrawave_0x1x0_1,0,11,17.251541666666668,0.0,passed,
1088,7168,384,cktile_10_split0,cktile,10,0,a8w8_blockscale_cktile_128x128x128_2x2x1_16x16x128_intrawave_0x1x0_2,0,12,16.96226530612244,0.0,passed,
1088,7168,384,cktile_11_split0,cktile,11,0,a8w8_blockscale_cktile_192x256x128_4x2x1_16x16x128_intrawave_0x1x0_1,0,13,10.76697826086956,0.0,passed,
1088,7168,384,cktile_12_split0,cktile,12,0,a8w8_blockscale_cktile_192x256x128_4x2x1_16x16x128_intrawave_0x1x0_1_aqrm,0,14,10.855319148936168,0.0,passed,
1088,7168,384,cktile_17_split0,cktile,17,0,a8w8_blockscale_cktile_32x128x128_1x4x1_16x16x128_intrawave_0x1x0_3,0,15,17.85342857142857,0.0,passed,
1088,7168,384,cktile_18_split0,cktile,18,0,a8w8_blockscale_cktile_32x128x128_1x4x1_16x16x128_intrawave_0x1x0_4,0,16,17.788444444444444,0.0,passed,
1088,7168,384,cktile_19_split0,cktile,19,0,a8w8_blockscale_cktile_32x128x128_1x4x1_16x16x64_intrawave_0x1x0_3,0,17,18.69051282051281,0.0,passed,
1088,7168,384,cktile_20_split0,cktile,20,0,a8w8_blockscale_cktile_32x128x128_1x4x1_16x16x64_intrawave_0x1x0_4,0,18,18.62297619047619,0.0,passed,
1088,7168,384,cktile_21_split0,cktile,21,0,a8w8_blockscale_cktile_128x128x128_1x4x1_16x16x128_intrawave_0x1x0_2,0,19,17.17320833333334,0.0,passed,
1088,7168,384,cktile_22_split0,cktile,22,0,a8w8_blockscale_cktile_128x128x128_1x4x1_16x16x128_intrawave_0x1x0_3,0,20,35.644219512195114,0.0,passed,
1088,7168,384,cktile_23_split0,cktile,23,0,a8w8_blockscale_cktile_128x128x128_1x4x1_16x16x128_intrawave_0x1x0_4,0,21,61.10456250000001,0.0,passed,
1088,7168,384,cktile_24_split0,cktile,24,0,a8w8_blockscale_cktile_128x128x128_2x2x1_16x16x128_intrawave_0x1x0_1,0,22,16.979041666666674,0.0,passed,
1088,7168,384,cktile_25_split0,cktile,25,0,a8w8_blockscale_cktile_128x128x128_2x2x1_16x16x128_intrawave_0x1x0_3,0,23,36.972326086956514,0.0,passed,
1088,7168,384,cktile_26_split0,cktile,26,0,a8w8_blockscale_cktile_128x128x128_2x2x1_16x16x128_intrawave_0x1x0_4,0,24,68.50297916666666,0.0,passed,
1088,7168,384,cktile_27_split0,cktile,27,0,a8w8_blockscale_cktile_192x256x128_4x2x1_16x16x128_intrawave_0x1x0_2,0,25,10.736022222222227,0.0,passed,
1088,7168,384,cktile_28_split0,cktile,28,0,a8w8_blockscale_cktile_192x256x128_4x2x1_16x16x128_intrawave_0x1x0_3,0,26,10.787191489361705,0.0,passed,
1088,7168,384,cktile_29_split0,cktile,29,0,a8w8_blockscale_cktile_192x256x128_4x2x1_16x16x128_intrawave_0x1x0_4,0,27,10.709355555555543,0.0,passed,
1088,7168,384,cktile_30_split0,cktile,30,0,a8w8_blockscale_cktile_192x256x128_4x2x1_16x16x128_intrawave_0x1x0_2_aqrm,0,28,10.831111111111111,0.0,passed,
1088,7168,384,cktile_31_split0,cktile,31,0,a8w8_blockscale_cktile_192x256x128_4x2x1_16x16x128_intrawave_0x1x0_3_aqrm,0,29,10.776022222222226,0.0,passed,
1088,7168,384,cktile_32_split0,cktile,32,0,a8w8_blockscale_cktile_192x256x128_4x2x1_16x16x128_intrawave_0x1x0_4_aqrm,0,30,10.767690476190483,0.0,passed,
1088,7168,384,opus_9011,opus,9011,0,opus_gemm_gfx950_a8w8_mxscale_gemm_bpreshuffle_256x64x128x128_2x2_16x16x128_1x128x128_tiles1_nooob,0,31,13.46831249999999,0.0,passed,
1088,7168,384,opus_9012,opus,9012,0,opus_gemm_gfx950_a8w8_mxscale_gemm_bpreshuffle_256x64x64x128_2x2_16x16x128_1x128x128_tiles1_nooob,0,32,17.148374999999998,0.0,passed,
1088,7168,384,opus_9020,opus,9020,0,opus_gemm_gfx950_a8w8_mxscale_gemm_bpreshuffle_256x256x256x128_2x2_16x16x128_1x128x128_tiles1,0,33,12.956719999999997,0.0,passed,
1088,7168,384,ck_0_split0,ck,0,0,a8w8_blockscale_bpreshuffle_1x128x128_256x128x128x128_16x16_16x16_8x32x1_8x32x1_1x32x1x8_8_2x1_intrawave_v3,0,34,14.645000000000001,0.0,passed,
1088,7168,384,ck_1_split0,ck,1,0,a8w8_blockscale_bpreshuffle_1x128x128_256x64x128x128_16x16_16x16_8x32x1_8x32x1_1x32x1x8_8_2x1_intrawave_v3,0,35,13.45196,0.0,passed,
1088,7168,384,ck_2_split0,ck,2,0,a8w8_blockscale_bpreshuffle_1x128x128_256x64x64x128_16x16_16x16_8x32x1_8x32x1_1x32x1x8_8_2x1_intrawave_v3,0,36,14.47333333333333,0.0,passed,
1088,7168,384,ck_3_split0,ck,3,0,a8w8_blockscale_bpreshuffle_1x128x128_256x16x256x128_8x16_16x16_16x16x1_8x32x1_1x16x1x16_8_1x2_intrawave_v1,0,37,15.1489574468085,0.0,passed,
1088,7168,384,ck_4_split0,ck,4,0,a8w8_blockscale_bpreshuffle_1x128x128_256x16x128x128_8x16_16x16_16x16x1_8x32x1_1x16x1x16_8_1x2_intrawave_v1,0,38,15.038319148936177,0.0,passed,
1088,7168,384,ck_5_split0,ck,5,0,a8w8_blockscale_bpreshuffle_1x128x128_256x16x64x128_8x16_16x16_16x16x1_8x32x1_1x16x1x16_4_1x1_intrawave_v1,0,39,17.390020833333335,0.0,passed,
1088,7168,384,ck_8_split0,ck,8,0,a8w8_blockscale_bpreshuffle_1x128x128_256x32x256x128_16x16_16x16_8x32x1_8x32x1_1x32x1x8_8_2x1_intrawave_v1,1,0,13.420387755102047,0.0,passed,
1088,7168,384,ck_5_split0,ck,5,0,a8w8_blockscale_bpreshuffle_1x128x128_256x16x64x128_8x16_16x16_16x16x1_8x32x1_1x16x1x16_4_1x1_intrawave_v1,1,1,17.411106382978723,0.0,passed,
1088,7168,384,ck_4_split0,ck,4,0,a8w8_blockscale_bpreshuffle_1x128x128_256x16x128x128_8x16_16x16_16x16x1_8x32x1_1x16x1x16_8_1x2_intrawave_v1,1,2,15.00747916666667,0.0,passed,
1088,7168,384,ck_3_split0,ck,3,0,a8w8_blockscale_bpreshuffle_1x128x128_256x16x256x128_8x16_16x16_16x16x1_8x32x1_1x16x1x16_8_1x2_intrawave_v1,1,3,15.128354166666668,0.0,passed,
1088,7168,384,ck_2_split0,ck,2,0,a8w8_blockscale_bpreshuffle_1x128x128_256x64x64x128_16x16_16x16_8x32x1_8x32x1_1x32x1x8_8_2x1_intrawave_v3,1,4,14.455177777777779,0.0,passed,
1088,7168,384,ck_1_split0,ck,1,0,a8w8_blockscale_bpreshuffle_1x128x128_256x64x128x128_16x16_16x16_8x32x1_8x32x1_1x32x1x8_8_2x1_intrawave_v3,1,5,13.381840909090908,0.0,passed,
1088,7168,384,ck_0_split0,ck,0,0,a8w8_blockscale_bpreshuffle_1x128x128_256x128x128x128_16x16_16x16_8x32x1_8x32x1_1x32x1x8_8_2x1_intrawave_v3,1,6,14.708333333333334,0.0,passed,
1088,7168,384,opus_9020,opus,9020,0,opus_gemm_gfx950_a8w8_mxscale_gemm_bpreshuffle_256x256x256x128_2x2_16x16x128_1x128x128_tiles1,1,7,12.733836734693877,0.0,passed,
1088,7168,384,opus_9012,opus,9012,0,opus_gemm_gfx950_a8w8_mxscale_gemm_bpreshuffle_256x64x64x128_2x2_16x16x128_1x128x128_tiles1_nooob,1,8,17.086000000000002,0.0,passed,
1088,7168,384,opus_9011,opus,9011,0,opus_gemm_gfx950_a8w8_mxscale_gemm_bpreshuffle_256x64x128x128_2x2_16x16x128_1x128x128_tiles1_nooob,1,9,13.485539999999999,0.0,passed,
1088,7168,384,cktile_32_split0,cktile,32,0,a8w8_blockscale_cktile_192x256x128_4x2x1_16x16x128_intrawave_0x1x0_4_aqrm,1,10,10.769799999999995,0.0,passed,
1088,7168,384,cktile_31_split0,cktile,31,0,a8w8_blockscale_cktile_192x256x128_4x2x1_16x16x128_intrawave_0x1x0_3_aqrm,1,11,10.739553191489358,0.0,passed,
1088,7168,384,cktile_30_split0,cktile,30,0,a8w8_blockscale_cktile_192x256x128_4x2x1_16x16x128_intrawave_0x1x0_2_aqrm,1,12,10.791111111111112,0.0,passed,
1088,7168,384,cktile_29_split0,cktile,29,0,a8w8_blockscale_cktile_192x256x128_4x2x1_16x16x128_intrawave_0x1x0_4,1,13,10.700560975609756,0.0,passed,
1088,7168,384,cktile_28_split0,cktile,28,0,a8w8_blockscale_cktile_192x256x128_4x2x1_16x16x128_intrawave_0x1x0_3,1,14,10.793913043478257,0.0,passed,
1088,7168,384,cktile_27_split0,cktile,27,0,a8w8_blockscale_cktile_192x256x128_4x2x1_16x16x128_intrawave_0x1x0_2,1,15,10.759113636363649,0.0,passed,
1088,7168,384,cktile_26_split0,cktile,26,0,a8w8_blockscale_cktile_128x128x128_2x2x1_16x16x128_intrawave_0x1x0_4,1,16,68.2605217391304,0.0,passed,
1088,7168,384,cktile_25_split0,cktile,25,0,a8w8_blockscale_cktile_128x128x128_2x2x1_16x16x128_intrawave_0x1x0_3,1,17,36.939813953488354,0.0,passed,
1088,7168,384,cktile_24_split0,cktile,24,0,a8w8_blockscale_cktile_128x128x128_2x2x1_16x16x128_intrawave_0x1x0_1,1,18,16.97534693877551,0.0,passed,
1088,7168,384,cktile_23_split0,cktile,23,0,a8w8_blockscale_cktile_128x128x128_1x4x1_16x16x128_intrawave_0x1x0_4,1,19,60.96565217391304,0.0,passed,
1088,7168,384,cktile_22_split0,cktile,22,0,a8w8_blockscale_cktile_128x128x128_1x4x1_16x16x128_intrawave_0x1x0_3,1,20,35.498434782608705,0.0,passed,
1088,7168,384,cktile_21_split0,cktile,21,0,a8w8_blockscale_cktile_128x128x128_1x4x1_16x16x128_intrawave_0x1x0_2,1,21,17.321541666666672,0.0,passed,
1088,7168,384,cktile_20_split0,cktile,20,0,a8w8_blockscale_cktile_32x128x128_1x4x1_16x16x64_intrawave_0x1x0_4,1,22,18.569200000000002,0.0,passed,
1088,7168,384,cktile_19_split0,cktile,19,0,a8w8_blockscale_cktile_32x128x128_1x4x1_16x16x64_intrawave_0x1x0_3,1,23,18.65438095238095,0.0,passed,
1088,7168,384,cktile_18_split0,cktile,18,0,a8w8_blockscale_cktile_32x128x128_1x4x1_16x16x128_intrawave_0x1x0_4,1,24,17.84844186046511,0.0,passed,
1088,7168,384,cktile_17_split0,cktile,17,0,a8w8_blockscale_cktile_32x128x128_1x4x1_16x16x128_intrawave_0x1x0_3,1,25,17.846785714285726,0.0,passed,
1088,7168,384,cktile_12_split0,cktile,12,0,a8w8_blockscale_cktile_192x256x128_4x2x1_16x16x128_intrawave_0x1x0_1_aqrm,1,26,10.83735555555556,0.0,passed,
1088,7168,384,cktile_11_split0,cktile,11,0,a8w8_blockscale_cktile_192x256x128_4x2x1_16x16x128_intrawave_0x1x0_1,1,27,10.82579999999999,0.0,passed,
1088,7168,384,cktile_10_split0,cktile,10,0,a8w8_blockscale_cktile_128x128x128_2x2x1_16x16x128_intrawave_0x1x0_2,1,28,17.005530612244886,0.0,passed,
1088,7168,384,cktile_9_split0,cktile,9,0,a8w8_blockscale_cktile_128x128x128_1x4x1_16x16x128_intrawave_0x1x0_1,1,29,17.31420000000001,0.0,passed,
1088,7168,384,cktile_8_split0,cktile,8,0,a8w8_blockscale_cktile_128x128x128_1x4x1_16x16x128_intrawave_0x1x0_1,1,30,17.37606382978724,0.0,passed,
1088,7168,384,cktile_7_split0,cktile,7,0,a8w8_blockscale_cktile_32x128x128_1x4x1_16x16x64_intrawave_0x1x0_2,1,31,18.60322500000001,0.0,passed,
1088,7168,384,cktile_6_split0,cktile,6,0,a8w8_blockscale_cktile_32x128x128_1x4x1_16x16x64_intrawave_0x1x0_1,1,32,18.13048717948718,0.0,passed,
1088,7168,384,cktile_5_split0,cktile,5,0,a8w8_blockscale_cktile_32x128x128_1x4x1_16x16x128_intrawave_0x1x0_2,1,33,17.89402325581395,0.0,passed,
1088,7168,384,cktile_4_split0,cktile,4,0,a8w8_blockscale_cktile_32x128x128_1x4x1_16x16x128_intrawave_0x1x0_1,1,34,18.292476190476197,0.0,passed,
1088,7168,384,ck_15_split0,ck,15,0,a8w8_blockscale_bpreshuffle_1x128x128_256x64x64x128_16x16_16x16_8x32x1_8x32x1_1x32x1x8_8_2x1_intrawave_v1,1,35,14.156617021276597,0.0,passed,
1088,7168,384,ck_14_split0,ck,14,0,a8w8_blockscale_bpreshuffle_1x128x128_256x64x128x128_16x16_16x16_8x32x1_8x32x1_1x32x1x8_8_2x1_intrawave_v1,1,36,13.131408163265307,0.0,passed,
1088,7168,384,ck_13_split0,ck,13,0,a8w8_blockscale_bpreshuffle_1x128x128_256x64x256x128_16x16_16x16_8x32x1_8x32x1_1x32x1x8_8_2x1_intrawave_v1,1,37,13.741297872340425,0.0,passed,
1088,7168,384,ck_10_split0,ck,10,0,a8w8_blockscale_bpreshuffle_1x128x128_256x32x64x128_16x16_16x16_8x32x1_8x32x1_1x32x1x8_8_2x1_intrawave_v1,1,38,13.47116,0.0,passed,
1088,7168,384,ck_9_split0,ck,9,0,a8w8_blockscale_bpreshuffle_1x128x128_256x32x128x128_16x16_16x16_8x32x1_8x32x1_1x32x1x8_8_2x1_intrawave_v1,1,39,13.052195652173912,0.0,passed,
1088,7168,384,ck_10_split0,ck,10,0,a8w8_blockscale_bpreshuffle_1x128x128_256x32x64x128_16x16_16x16_8x32x1_8x32x1_1x32x1x8_8_2x1_intrawave_v1,2,0,13.422127659574477,0.0,passed,
1088,7168,384,ck_13_split0,ck,13,0,a8w8_blockscale_bpreshuffle_1x128x128_256x64x256x128_16x16_16x16_8x32x1_8x32x1_1x32x1x8_8_2x1_intrawave_v1,2,1,13.744166666666672,0.0,passed,
1088,7168,384,ck_14_split0,ck,14,0,a8w8_blockscale_bpreshuffle_1x128x128_256x64x128x128_16x16_16x16_8x32x1_8x32x1_1x32x1x8_8_2x1_intrawave_v1,2,2,13.131159999999987,0.0,passed,
1088,7168,384,ck_15_split0,ck,15,0,a8w8_blockscale_bpreshuffle_1x128x128_256x64x64x128_16x16_16x16_8x32x1_8x32x1_1x32x1x8_8_2x1_intrawave_v1,2,3,14.168959183673463,0.0,passed,
1088,7168,384,cktile_4_split0,cktile,4,0,a8w8_blockscale_cktile_32x128x128_1x4x1_16x16x128_intrawave_0x1x0_1,2,4,18.43922499999999,0.0,passed,
1088,7168,384,cktile_5_split0,cktile,5,0,a8w8_blockscale_cktile_32x128x128_1x4x1_16x16x128_intrawave_0x1x0_2,2,5,18.10275,0.0,passed,
1088,7168,384,cktile_6_split0,cktile,6,0,a8w8_blockscale_cktile_32x128x128_1x4x1_16x16x64_intrawave_0x1x0_1,2,6,18.308690476190474,0.0,passed,
1088,7168,384,cktile_7_split0,cktile,7,0,a8w8_blockscale_cktile_32x128x128_1x4x1_16x16x64_intrawave_0x1x0_2,2,7,18.85361538461539,0.0,passed,
1088,7168,384,cktile_8_split0,cktile,8,0,a8w8_blockscale_cktile_128x128x128_1x4x1_16x16x128_intrawave_0x1x0_1,2,8,17.509224489795926,0.0,passed,
1088,7168,384,cktile_9_split0,cktile,9,0,a8w8_blockscale_cktile_128x128x128_1x4x1_16x16x128_intrawave_0x1x0_1,2,9,17.57953333333334,0.0,passed,
1088,7168,384,cktile_10_split0,cktile,10,0,a8w8_blockscale_cktile_128x128x128_2x2x1_16x16x128_intrawave_0x1x0_2,2,10,17.13740000000001,0.0,passed,
1088,7168,384,cktile_11_split0,cktile,11,0,a8w8_blockscale_cktile_192x256x128_4x2x1_16x16x128_intrawave_0x1x0_1,2,11,10.758244444444449,0.0,passed,
1088,7168,384,cktile_12_split0,cktile,12,0,a8w8_blockscale_cktile_192x256x128_4x2x1_16x16x128_intrawave_0x1x0_1_aqrm,2,12,10.849159090909096,0.0,passed,
1088,7168,384,cktile_17_split0,cktile,17,0,a8w8_blockscale_cktile_32x128x128_1x4x1_16x16x128_intrawave_0x1x0_3,2,13,18.022749999999995,0.0,passed,
1088,7168,384,cktile_18_split0,cktile,18,0,a8w8_blockscale_cktile_32x128x128_1x4x1_16x16x128_intrawave_0x1x0_4,2,14,17.96177777777777,0.0,passed,
1088,7168,384,cktile_19_split0,cktile,19,0,a8w8_blockscale_cktile_32x128x128_1x4x1_16x16x64_intrawave_0x1x0_3,2,15,18.81522500000001,0.0,passed,
1088,7168,384,cktile_20_split0,cktile,20,0,a8w8_blockscale_cktile_32x128x128_1x4x1_16x16x64_intrawave_0x1x0_4,2,16,18.744225000000007,0.0,passed,
1088,7168,384,cktile_21_split0,cktile,21,0,a8w8_blockscale_cktile_128x128x128_1x4x1_16x16x128_intrawave_0x1x0_2,2,17,17.379428571428566,0.0,passed,
1088,7168,384,cktile_22_split0,cktile,22,0,a8w8_blockscale_cktile_128x128x128_1x4x1_16x16x128_intrawave_0x1x0_3,2,18,35.86242222222223,0.0,passed,
1088,7168,384,cktile_23_split0,cktile,23,0,a8w8_blockscale_cktile_128x128x128_1x4x1_16x16x128_intrawave_0x1x0_4,2,19,61.35216326530609,0.0,passed,
1088,7168,384,cktile_24_split0,cktile,24,0,a8w8_blockscale_cktile_128x128x128_2x2x1_16x16x128_intrawave_0x1x0_1,2,20,17.280687500000006,0.0,passed,
1088,7168,384,cktile_25_split0,cktile,25,0,a8w8_blockscale_cktile_128x128x128_2x2x1_16x16x128_intrawave_0x1x0_3,2,21,37.26066666666667,0.0,passed,
1088,7168,384,cktile_26_split0,cktile,26,0,a8w8_blockscale_cktile_128x128x128_2x2x1_16x16x128_intrawave_0x1x0_4,2,22,68.677125,0.0,passed,
1088,7168,384,cktile_27_split0,cktile,27,0,a8w8_blockscale_cktile_192x256x128_4x2x1_16x16x128_intrawave_0x1x0_2,2,23,10.713043478260868,0.0,passed,
1088,7168,384,cktile_28_split0,cktile,28,0,a8w8_blockscale_cktile_192x256x128_4x2x1_16x16x128_intrawave_0x1x0_3,2,24,10.798239130434776,0.0,passed,
1088,7168,384,cktile_29_split0,cktile,29,0,a8w8_blockscale_cktile_192x256x128_4x2x1_16x16x128_intrawave_0x1x0_4,2,25,10.702928571428563,0.0,passed,
1088,7168,384,cktile_30_split0,cktile,30,0,a8w8_blockscale_cktile_192x256x128_4x2x1_16x16x128_intrawave_0x1x0_2_aqrm,2,26,10.847977777777778,0.0,passed,
1088,7168,384,cktile_31_split0,cktile,31,0,a8w8_blockscale_cktile_192x256x128_4x2x1_16x16x128_intrawave_0x1x0_3_aqrm,2,27,10.745531914893613,0.0,passed,
1088,7168,384,cktile_32_split0,cktile,32,0,a8w8_blockscale_cktile_192x256x128_4x2x1_16x16x128_intrawave_0x1x0_4_aqrm,2,28,10.78402222222222,0.0,passed,
1088,7168,384,opus_9011,opus,9011,0,opus_gemm_gfx950_a8w8_mxscale_gemm_bpreshuffle_256x64x128x128_2x2_16x16x128_1x128x128_tiles1_nooob,2,29,13.009104166666665,0.0,passed,
1088,7168,384,opus_9012,opus,9012,0,opus_gemm_gfx950_a8w8_mxscale_gemm_bpreshuffle_256x64x64x128_2x2_16x16x128_1x128x128_tiles1_nooob,2,30,17.09223913043479,0.0,passed,
1088,7168,384,opus_9020,opus,9020,0,opus_gemm_gfx950_a8w8_mxscale_gemm_bpreshuffle_256x256x256x128_2x2_16x16x128_1x128x128_tiles1,2,31,12.414958333333326,0.0,passed,
1088,7168,384,ck_0_split0,ck,0,0,a8w8_blockscale_bpreshuffle_1x128x128_256x128x128x128_16x16_16x16_8x32x1_8x32x1_1x32x1x8_8_2x1_intrawave_v3,2,32,14.699180000000004,0.0,passed,
1088,7168,384,ck_1_split0,ck,1,0,a8w8_blockscale_bpreshuffle_1x128x128_256x64x128x128_16x16_16x16_8x32x1_8x32x1_1x32x1x8_8_2x1_intrawave_v3,2,33,13.422000000000002,0.0,passed,
1088,7168,384,ck_2_split0,ck,2,0,a8w8_blockscale_bpreshuffle_1x128x128_256x64x64x128_16x16_16x16_8x32x1_8x32x1_1x32x1x8_8_2x1_intrawave_v3,2,34,14.418755102040816,0.0,passed,
1088,7168,384,ck_3_split0,ck,3,0,a8w8_blockscale_bpreshuffle_1x128x128_256x16x256x128_8x16_16x16_16x16x1_8x32x1_1x16x1x16_8_1x2_intrawave_v1,2,35,15.171387755102053,0.0,passed,
1088,7168,384,ck_4_split0,ck,4,0,a8w8_blockscale_bpreshuffle_1x128x128_256x16x128x128_8x16_16x16_16x16x1_8x32x1_1x16x1x16_8_1x2_intrawave_v1,2,36,15.064489795918364,0.0,passed,
1088,7168,384,ck_5_split0,ck,5,0,a8w8_blockscale_bpreshuffle_1x128x128_256x16x64x128_8x16_16x16_16x16x1_8x32x1_1x16x1x16_4_1x1_intrawave_v1,2,37,17.36573469387755,0.0,passed,
1088,7168,384,ck_8_split0,ck,8,0,a8w8_blockscale_bpreshuffle_1x128x128_256x32x256x128_16x16_16x16_8x32x1_8x32x1_1x32x1x8_8_2x1_intrawave_v1,2,38,13.446978260869566,0.0,passed,
1088,7168,384,ck_9_split0,ck,9,0,a8w8_blockscale_bpreshuffle_1x128x128_256x32x128x128_16x16_16x16_8x32x1_8x32x1_1x32x1x8_8_2x1_intrawave_v1,2,39,13.0633125,0.0,passed,
1856,7168,384,ck_9_split0,ck,9,0,a8w8_blockscale_bpreshuffle_1x128x128_256x32x128x128_16x16_16x16_8x32x1_8x32x1_1x32x1x8_8_2x1_intrawave_v1,0,0,18.75070212765957,0.0,passed,
1856,7168,384,ck_10_split0,ck,10,0,a8w8_blockscale_bpreshuffle_1x128x128_256x32x64x128_16x16_16x16_8x32x1_8x32x1_1x32x1x8_8_2x1_intrawave_v1,0,1,19.503021276595742,0.0,passed,
1856,7168,384,ck_13_split0,ck,13,0,a8w8_blockscale_bpreshuffle_1x128x128_256x64x256x128_16x16_16x16_8x32x1_8x32x1_1x32x1x8_8_2x1_intrawave_v1,0,2,21.414333333333335,0.0,passed,
1856,7168,384,ck_14_split0,ck,14,0,a8w8_blockscale_bpreshuffle_1x128x128_256x64x128x128_16x16_16x16_8x32x1_8x32x1_1x32x1x8_8_2x1_intrawave_v1,0,3,18.911574468085107,0.0,passed,
1856,7168,384,ck_15_split0,ck,15,0,a8w8_blockscale_bpreshuffle_1x128x128_256x64x64x128_16x16_16x16_8x32x1_8x32x1_1x32x1x8_8_2x1_intrawave_v1,0,4,20.37625531914893,0.0,passed,
1856,7168,384,cktile_4_split0,cktile,4,0,a8w8_blockscale_cktile_32x128x128_1x4x1_16x16x128_intrawave_0x1x0_1,0,5,26.646880952380975,0.0,passed,
1856,7168,384,cktile_5_split0,cktile,5,0,a8w8_blockscale_cktile_32x128x128_1x4x1_16x16x128_intrawave_0x1x0_2,0,6,24.60399999999999,0.0,passed,
1856,7168,384,cktile_6_split0,cktile,6,0,a8w8_blockscale_cktile_32x128x128_1x4x1_16x16x64_intrawave_0x1x0_1,0,7,25.861324999999987,0.0,passed,
1856,7168,384,cktile_7_split0,cktile,7,0,a8w8_blockscale_cktile_32x128x128_1x4x1_16x16x64_intrawave_0x1x0_2,0,8,26.506755555555543,0.0,passed,
1856,7168,384,cktile_8_split0,cktile,8,0,a8w8_blockscale_cktile_128x128x128_1x4x1_16x16x128_intrawave_0x1x0_1,0,9,26.62640425531914,0.0,passed,
1856,7168,384,cktile_9_split0,cktile,9,0,a8w8_blockscale_cktile_128x128x128_1x4x1_16x16x128_intrawave_0x1x0_1,0,10,26.587255319148923,0.0,passed,
1856,7168,384,cktile_10_split0,cktile,10,0,a8w8_blockscale_cktile_128x128x128_2x2x1_16x16x128_intrawave_0x1x0_2,0,11,26.113312500000003,0.0,passed,
1856,7168,384,cktile_11_split0,cktile,11,0,a8w8_blockscale_cktile_192x256x128_4x2x1_16x16x128_intrawave_0x1x0_1,0,12,19.755959183673472,0.0,passed,
1856,7168,384,cktile_12_split0,cktile,12,0,a8w8_blockscale_cktile_192x256x128_4x2x1_16x16x128_intrawave_0x1x0_1_aqrm,0,13,19.890083333333333,0.0,passed,
1856,7168,384,cktile_17_split0,cktile,17,0,a8w8_blockscale_cktile_32x128x128_1x4x1_16x16x128_intrawave_0x1x0_3,0,14,24.551326086956514,0.0,passed,
1856,7168,384,cktile_18_split0,cktile,18,0,a8w8_blockscale_cktile_32x128x128_1x4x1_16x16x128_intrawave_0x1x0_4,0,15,24.533772727272716,0.0,passed,
1856,7168,384,cktile_19_split0,cktile,19,0,a8w8_blockscale_cktile_32x128x128_1x4x1_16x16x64_intrawave_0x1x0_3,0,16,26.504066666666656,0.0,passed,
1856,7168,384,cktile_20_split0,cktile,20,0,a8w8_blockscale_cktile_32x128x128_1x4x1_16x16x64_intrawave_0x1x0_4,0,17,26.52441304347826,0.0,passed,
1856,7168,384,cktile_21_split0,cktile,21,0,a8w8_blockscale_cktile_128x128x128_1x4x1_16x16x128_intrawave_0x1x0_2,0,18,26.59148936170213,0.0,passed,
1856,7168,384,cktile_22_split0,cktile,22,0,a8w8_blockscale_cktile_128x128x128_1x4x1_16x16x128_intrawave_0x1x0_3,0,19,59.186999999999955,0.0,passed,
1856,7168,384,cktile_23_split0,cktile,23,0,a8w8_blockscale_cktile_128x128x128_1x4x1_16x16x128_intrawave_0x1x0_4,0,20,82.17120408163268,0.0,passed,
1856,7168,384,cktile_24_split0,cktile,24,0,a8w8_blockscale_cktile_128x128x128_2x2x1_16x16x128_intrawave_0x1x0_1,0,21,25.913866666666653,0.0,passed,
1856,7168,384,cktile_25_split0,cktile,25,0,a8w8_blockscale_cktile_128x128x128_2x2x1_16x16x128_intrawave_0x1x0_3,0,22,59.34130434782608,0.0,passed,
1856,7168,384,cktile_26_split0,cktile,26,0,a8w8_blockscale_cktile_128x128x128_2x2x1_16x16x128_intrawave_0x1x0_4,0,23,91.93346000000007,0.0,passed,
1856,7168,384,cktile_27_split0,cktile,27,0,a8w8_blockscale_cktile_192x256x128_4x2x1_16x16x128_intrawave_0x1x0_2,0,24,19.724918367346934,0.0,passed,
1856,7168,384,cktile_28_split0,cktile,28,0,a8w8_blockscale_cktile_192x256x128_4x2x1_16x16x128_intrawave_0x1x0_3,0,25,19.743042553191493,0.0,passed,
1856,7168,384,cktile_29_split0,cktile,29,0,a8w8_blockscale_cktile_192x256x128_4x2x1_16x16x128_intrawave_0x1x0_4,0,26,19.66564,0.0,passed,
1856,7168,384,cktile_30_split0,cktile,30,0,a8w8_blockscale_cktile_192x256x128_4x2x1_16x16x128_intrawave_0x1x0_2_aqrm,0,27,19.941729166666665,0.0,passed,
1856,7168,384,cktile_31_split0,cktile,31,0,a8w8_blockscale_cktile_192x256x128_4x2x1_16x16x128_intrawave_0x1x0_3_aqrm,0,28,19.872693877551022,0.0,passed,
1856,7168,384,cktile_32_split0,cktile,32,0,a8w8_blockscale_cktile_192x256x128_4x2x1_16x16x128_intrawave_0x1x0_4_aqrm,0,29,19.93148979591837,0.0,passed,
1856,7168,384,opus_9011,opus,9011,0,opus_gemm_gfx950_a8w8_mxscale_gemm_bpreshuffle_256x64x128x128_2x2_16x16x128_1x128x128_tiles1_nooob,0,30,23.183755102040823,0.0,passed,
1856,7168,384,opus_9012,opus,9012,0,opus_gemm_gfx950_a8w8_mxscale_gemm_bpreshuffle_256x64x64x128_2x2_16x16x128_1x128x128_tiles1_nooob,0,31,27.80572727272727,0.0,passed,
1856,7168,384,opus_9020,opus,9020,0,opus_gemm_gfx950_a8w8_mxscale_gemm_bpreshuffle_256x256x256x128_2x2_16x16x128_1x128x128_tiles1,0,32,16.746733333333335,0.0,passed,
1856,7168,384,ck_0_split0,ck,0,0,a8w8_blockscale_bpreshuffle_1x128x128_256x128x128x128_16x16_16x16_8x32x1_8x32x1_1x32x1x8_8_2x1_intrawave_v3,0,33,22.259702127659562,0.0,passed,
1856,7168,384,ck_1_split0,ck,1,0,a8w8_blockscale_bpreshuffle_1x128x128_256x64x128x128_16x16_16x16_8x32x1_8x32x1_1x32x1x8_8_2x1_intrawave_v3,0,34,19.07751063829787,0.0,passed,
1856,7168,384,ck_2_split0,ck,2,0,a8w8_blockscale_bpreshuffle_1x128x128_256x64x64x128_16x16_16x16_8x32x1_8x32x1_1x32x1x8_8_2x1_intrawave_v3,0,35,20.520874999999993,0.0,passed,
1856,7168,384,ck_3_split0,ck,3,0,a8w8_blockscale_bpreshuffle_1x128x128_256x16x256x128_8x16_16x16_16x16x1_8x32x1_1x16x1x16_8_1x2_intrawave_v1,0,36,22.182886363636364,0.0,passed,
1856,7168,384,ck_4_split0,ck,4,0,a8w8_blockscale_bpreshuffle_1x128x128_256x16x128x128_8x16_16x16_16x16x1_8x32x1_1x16x1x16_8_1x2_intrawave_v1,0,37,22.823775510204086,0.0,passed,
1856,7168,384,ck_5_split0,ck,5,0,a8w8_blockscale_bpreshuffle_1x128x128_256x16x64x128_8x16_16x16_16x16x1_8x32x1_1x16x1x16_4_1x1_intrawave_v1,0,38,27.017212765957446,0.0,passed,
1856,7168,384,ck_8_split0,ck,8,0,a8w8_blockscale_bpreshuffle_1x128x128_256x32x256x128_16x16_16x16_8x32x1_8x32x1_1x32x1x8_8_2x1_intrawave_v1,0,39,19.319187499999998,0.0,passed,
1856,7168,384,ck_9_split0,ck,9,0,a8w8_blockscale_bpreshuffle_1x128x128_256x32x128x128_16x16_16x16_8x32x1_8x32x1_1x32x1x8_8_2x1_intrawave_v1,1,0,18.779229166666664,0.0,passed,
1856,7168,384,ck_8_split0,ck,8,0,a8w8_blockscale_bpreshuffle_1x128x128_256x32x256x128_16x16_16x16_8x32x1_8x32x1_1x32x1x8_8_2x1_intrawave_v1,1,1,19.338395833333333,0.0,passed,
1856,7168,384,ck_5_split0,ck,5,0,a8w8_blockscale_bpreshuffle_1x128x128_256x16x64x128_8x16_16x16_16x16x1_8x32x1_1x16x1x16_4_1x1_intrawave_v1,1,2,27.081851063829802,0.0,passed,
1856,7168,384,ck_4_split0,ck,4,0,a8w8_blockscale_bpreshuffle_1x128x128_256x16x128x128_8x16_16x16_16x16x1_8x32x1_1x16x1x16_8_1x2_intrawave_v1,1,3,22.90459183673469,0.0,passed,
1856,7168,384,ck_3_split0,ck,3,0,a8w8_blockscale_bpreshuffle_1x128x128_256x16x256x128_8x16_16x16_16x16x1_8x32x1_1x16x1x16_8_1x2_intrawave_v1,1,4,22.1723043478261,0.0,passed,
1856,7168,384,ck_2_split0,ck,2,0,a8w8_blockscale_bpreshuffle_1x128x128_256x64x64x128_16x16_16x16_8x32x1_8x32x1_1x32x1x8_8_2x1_intrawave_v3,1,5,20.550265306122444,0.0,passed,
1856,7168,384,ck_1_split0,ck,1,0,a8w8_blockscale_bpreshuffle_1x128x128_256x64x128x128_16x16_16x16_8x32x1_8x32x1_1x32x1x8_8_2x1_intrawave_v3,1,6,19.135760869565214,0.0,passed,
1856,7168,384,ck_0_split0,ck,0,0,a8w8_blockscale_bpreshuffle_1x128x128_256x128x128x128_16x16_16x16_8x32x1_8x32x1_1x32x1x8_8_2x1_intrawave_v3,1,7,22.271595744680848,0.0,passed,
1856,7168,384,opus_9020,opus,9020,0,opus_gemm_gfx950_a8w8_mxscale_gemm_bpreshuffle_256x256x256x128_2x2_16x16x128_1x128x128_tiles1,1,8,16.639214285714274,0.0,passed,
1856,7168,384,opus_9012,opus,9012,0,opus_gemm_gfx950_a8w8_mxscale_gemm_bpreshuffle_256x64x64x128_2x2_16x16x128_1x128x128_tiles1_nooob,1,9,27.719320000000007,0.0,passed,
1856,7168,384,opus_9011,opus,9011,0,opus_gemm_gfx950_a8w8_mxscale_gemm_bpreshuffle_256x64x128x128_2x2_16x16x128_1x128x128_tiles1_nooob,1,10,23.20797826086956,0.0,passed,
1856,7168,384,cktile_32_split0,cktile,32,0,a8w8_blockscale_cktile_192x256x128_4x2x1_16x16x128_intrawave_0x1x0_4_aqrm,1,11,19.88339583333334,0.0,passed,
1856,7168,384,cktile_31_split0,cktile,31,0,a8w8_blockscale_cktile_192x256x128_4x2x1_16x16x128_intrawave_0x1x0_3_aqrm,1,12,19.881729166666663,0.0,passed,
1856,7168,384,cktile_30_split0,cktile,30,0,a8w8_blockscale_cktile_192x256x128_4x2x1_16x16x128_intrawave_0x1x0_2_aqrm,1,13,19.96675,0.0,passed,
1856,7168,384,cktile_29_split0,cktile,29,0,a8w8_blockscale_cktile_192x256x128_4x2x1_16x16x128_intrawave_0x1x0_4,1,14,19.68577551020407,0.0,passed,
1856,7168,384,cktile_28_split0,cktile,28,0,a8w8_blockscale_cktile_192x256x128_4x2x1_16x16x128_intrawave_0x1x0_3,1,15,19.707688888888885,0.0,passed,
1856,7168,384,cktile_27_split0,cktile,27,0,a8w8_blockscale_cktile_192x256x128_4x2x1_16x16x128_intrawave_0x1x0_2,1,16,19.830895833333336,0.0,passed,
1856,7168,384,cktile_26_split0,cktile,26,0,a8w8_blockscale_cktile_128x128x128_2x2x1_16x16x128_intrawave_0x1x0_4,1,17,92.79666000000005,0.0,passed,
1856,7168,384,cktile_25_split0,cktile,25,0,a8w8_blockscale_cktile_128x128x128_2x2x1_16x16x128_intrawave_0x1x0_3,1,18,59.31868749999999,0.0,passed,
1856,7168,384,cktile_24_split0,cktile,24,0,a8w8_blockscale_cktile_128x128x128_2x2x1_16x16x128_intrawave_0x1x0_1,1,19,25.96613043478261,0.0,passed,
1856,7168,384,cktile_23_split0,cktile,23,0,a8w8_blockscale_cktile_128x128x128_1x4x1_16x16x128_intrawave_0x1x0_4,1,20,81.98016326530615,0.0,passed,
1856,7168,384,cktile_22_split0,cktile,22,0,a8w8_blockscale_cktile_128x128x128_1x4x1_16x16x128_intrawave_0x1x0_3,1,21,59.267854166666645,0.0,passed,
1856,7168,384,cktile_21_split0,cktile,21,0,a8w8_blockscale_cktile_128x128x128_1x4x1_16x16x128_intrawave_0x1x0_2,1,22,26.607200000000006,0.0,passed,
1856,7168,384,cktile_20_split0,cktile,20,0,a8w8_blockscale_cktile_32x128x128_1x4x1_16x16x64_intrawave_0x1x0_4,1,23,26.465239130434778,0.0,passed,
1856,7168,384,cktile_19_split0,cktile,19,0,a8w8_blockscale_cktile_32x128x128_1x4x1_16x16x64_intrawave_0x1x0_3,1,24,26.458755555555545,0.0,passed,
1856,7168,384,cktile_18_split0,cktile,18,0,a8w8_blockscale_cktile_32x128x128_1x4x1_16x16x128_intrawave_0x1x0_4,1,25,24.56281818181819,0.0,passed,
1856,7168,384,cktile_17_split0,cktile,17,0,a8w8_blockscale_cktile_32x128x128_1x4x1_16x16x128_intrawave_0x1x0_3,1,26,24.633844444444442,0.0,passed,
1856,7168,384,cktile_12_split0,cktile,12,0,a8w8_blockscale_cktile_192x256x128_4x2x1_16x16x128_intrawave_0x1x0_1_aqrm,1,27,19.888020000000008,0.0,passed,
1856,7168,384,cktile_11_split0,cktile,11,0,a8w8_blockscale_cktile_192x256x128_4x2x1_16x16x128_intrawave_0x1x0_1,1,28,19.72704347826087,0.0,passed,
1856,7168,384,cktile_10_split0,cktile,10,0,a8w8_blockscale_cktile_128x128x128_2x2x1_16x16x128_intrawave_0x1x0_2,1,29,26.00347826086959,0.0,passed,
1856,7168,384,cktile_9_split0,cktile,9,0,a8w8_blockscale_cktile_128x128x128_1x4x1_16x16x128_intrawave_0x1x0_1,1,30,26.56976190476191,0.0,passed,
1856,7168,384,cktile_8_split0,cktile,8,0,a8w8_blockscale_cktile_128x128x128_1x4x1_16x16x128_intrawave_0x1x0_1,1,31,26.637468085106384,0.0,passed,
1856,7168,384,cktile_7_split0,cktile,7,0,a8w8_blockscale_cktile_32x128x128_1x4x1_16x16x64_intrawave_0x1x0_2,1,32,26.560111111111116,0.0,passed,
1856,7168,384,cktile_6_split0,cktile,6,0,a8w8_blockscale_cktile_32x128x128_1x4x1_16x16x64_intrawave_0x1x0_1,1,33,25.84186666666666,0.0,passed,
1856,7168,384,cktile_5_split0,cktile,5,0,a8w8_blockscale_cktile_32x128x128_1x4x1_16x16x128_intrawave_0x1x0_2,1,34,24.56537777777777,0.0,passed,
1856,7168,384,cktile_4_split0,cktile,4,0,a8w8_blockscale_cktile_32x128x128_1x4x1_16x16x128_intrawave_0x1x0_1,1,35,26.62144444444442,0.0,passed,
1856,7168,384,ck_15_split0,ck,15,0,a8w8_blockscale_bpreshuffle_1x128x128_256x64x64x128_16x16_16x16_8x32x1_8x32x1_1x32x1x8_8_2x1_intrawave_v1,1,36,20.311877551020398,0.0,passed,
1856,7168,384,ck_14_split0,ck,14,0,a8w8_blockscale_bpreshuffle_1x128x128_256x64x128x128_16x16_16x16_8x32x1_8x32x1_1x32x1x8_8_2x1_intrawave_v1,1,37,18.94942857142857,0.0,passed,
1856,7168,384,ck_13_split0,ck,13,0,a8w8_blockscale_bpreshuffle_1x128x128_256x64x256x128_16x16_16x16_8x32x1_8x32x1_1x32x1x8_8_2x1_intrawave_v1,1,38,21.43653333333333,0.0,passed,
1856,7168,384,ck_10_split0,ck,10,0,a8w8_blockscale_bpreshuffle_1x128x128_256x32x64x128_16x16_16x16_8x32x1_8x32x1_1x32x1x8_8_2x1_intrawave_v1,1,39,19.52528260869565,0.0,passed,
1856,7168,384,ck_13_split0,ck,13,0,a8w8_blockscale_bpreshuffle_1x128x128_256x64x256x128_16x16_16x16_8x32x1_8x32x1_1x32x1x8_8_2x1_intrawave_v1,2,0,21.34648936170213,0.0,passed,
1856,7168,384,ck_14_split0,ck,14,0,a8w8_blockscale_bpreshuffle_1x128x128_256x64x128x128_16x16_16x16_8x32x1_8x32x1_1x32x1x8_8_2x1_intrawave_v1,2,1,18.922818181818187,0.0,passed,
1856,7168,384,ck_15_split0,ck,15,0,a8w8_blockscale_bpreshuffle_1x128x128_256x64x64x128_16x16_16x16_8x32x1_8x32x1_1x32x1x8_8_2x1_intrawave_v1,2,2,20.389448979591833,0.0,passed,
1856,7168,384,cktile_4_split0,cktile,4,0,a8w8_blockscale_cktile_32x128x128_1x4x1_16x16x128_intrawave_0x1x0_1,2,3,26.73073333333334,0.0,passed,
1856,7168,384,cktile_5_split0,cktile,5,0,a8w8_blockscale_cktile_32x128x128_1x4x1_16x16x128_intrawave_0x1x0_2,2,4,24.817851063829778,0.0,passed,
1856,7168,384,cktile_6_split0,cktile,6,0,a8w8_blockscale_cktile_32x128x128_1x4x1_16x16x64_intrawave_0x1x0_1,2,5,26.120113636363648,0.0,passed,
1856,7168,384,cktile_7_split0,cktile,7,0,a8w8_blockscale_cktile_32x128x128_1x4x1_16x16x64_intrawave_0x1x0_2,2,6,26.699697674418594,0.0,passed,
1856,7168,384,cktile_8_split0,cktile,8,0,a8w8_blockscale_cktile_128x128x128_1x4x1_16x16x128_intrawave_0x1x0_1,2,7,26.749608695652174,0.0,passed,
1856,7168,384,cktile_9_split0,cktile,9,0,a8w8_blockscale_cktile_128x128x128_1x4x1_16x16x128_intrawave_0x1x0_1,2,8,26.828936170212746,0.0,passed,
1856,7168,384,cktile_10_split0,cktile,10,0,a8w8_blockscale_cktile_128x128x128_2x2x1_16x16x128_intrawave_0x1x0_2,2,9,26.207222222222235,0.0,passed,
1856,7168,384,cktile_11_split0,cktile,11,0,a8w8_blockscale_cktile_192x256x128_4x2x1_16x16x128_intrawave_0x1x0_1,2,10,19.801804347826096,0.0,passed,
1856,7168,384,cktile_12_split0,cktile,12,0,a8w8_blockscale_cktile_192x256x128_4x2x1_16x16x128_intrawave_0x1x0_1_aqrm,2,11,19.9158085106383,0.0,passed,
1856,7168,384,cktile_17_split0,cktile,17,0,a8w8_blockscale_cktile_32x128x128_1x4x1_16x16x128_intrawave_0x1x0_3,2,12,24.721625000000007,0.0,passed,
1856,7168,384,cktile_18_split0,cktile,18,0,a8w8_blockscale_cktile_32x128x128_1x4x1_16x16x128_intrawave_0x1x0_4,2,13,24.826711111111127,0.0,passed,
1856,7168,384,cktile_19_split0,cktile,19,0,a8w8_blockscale_cktile_32x128x128_1x4x1_16x16x64_intrawave_0x1x0_3,2,14,26.698777777777778,0.0,passed,
1856,7168,384,cktile_20_split0,cktile,20,0,a8w8_blockscale_cktile_32x128x128_1x4x1_16x16x64_intrawave_0x1x0_4,2,15,26.672977777777763,0.0,passed,
1856,7168,384,cktile_21_split0,cktile,21,0,a8w8_blockscale_cktile_128x128x128_1x4x1_16x16x128_intrawave_0x1x0_2,2,16,26.750320000000002,0.0,passed,
1856,7168,384,cktile_22_split0,cktile,22,0,a8w8_blockscale_cktile_128x128x128_1x4x1_16x16x128_intrawave_0x1x0_3,2,17,59.468239130434746,0.0,passed,
1856,7168,384,cktile_23_split0,cktile,23,0,a8w8_blockscale_cktile_128x128x128_1x4x1_16x16x128_intrawave_0x1x0_4,2,18,82.38363829787234,0.0,passed,
1856,7168,384,cktile_24_split0,cktile,24,0,a8w8_blockscale_cktile_128x128x128_2x2x1_16x16x128_intrawave_0x1x0_1,2,19,26.153212765957452,0.0,passed,
1856,7168,384,cktile_25_split0,cktile,25,0,a8w8_blockscale_cktile_128x128x128_2x2x1_16x16x128_intrawave_0x1x0_3,2,20,59.463382978723374,0.0,passed,
1856,7168,384,cktile_26_split0,cktile,26,0,a8w8_blockscale_cktile_128x128x128_2x2x1_16x16x128_intrawave_0x1x0_4,2,21,92.51028000000001,0.0,passed,
1856,7168,384,cktile_27_split0,cktile,27,0,a8w8_blockscale_cktile_192x256x128_4x2x1_16x16x128_intrawave_0x1x0_2,2,22,19.79327659574469,0.0,passed,
1856,7168,384,cktile_28_split0,cktile,28,0,a8w8_blockscale_cktile_192x256x128_4x2x1_16x16x128_intrawave_0x1x0_3,2,23,19.789021276595747,0.0,passed,
1856,7168,384,cktile_29_split0,cktile,29,0,a8w8_blockscale_cktile_192x256x128_4x2x1_16x16x128_intrawave_0x1x0_4,2,24,19.741444444444447,0.0,passed,
1856,7168,384,cktile_30_split0,cktile,30,0,a8w8_blockscale_cktile_192x256x128_4x2x1_16x16x128_intrawave_0x1x0_2_aqrm,2,25,19.99091666666667,0.0,passed,
1856,7168,384,cktile_31_split0,cktile,31,0,a8w8_blockscale_cktile_192x256x128_4x2x1_16x16x128_intrawave_0x1x0_3_aqrm,2,26,19.914957446808508,0.0,passed,
1856,7168,384,cktile_32_split0,cktile,32,0,a8w8_blockscale_cktile_192x256x128_4x2x1_16x16x128_intrawave_0x1x0_4_aqrm,2,27,19.773749999999996,0.0,passed,
1856,7168,384,opus_9011,opus,9011,0,opus_gemm_gfx950_a8w8_mxscale_gemm_bpreshuffle_256x64x128x128_2x2_16x16x128_1x128x128_tiles1_nooob,2,28,23.252886363636367,0.0,passed,
1856,7168,384,opus_9012,opus,9012,0,opus_gemm_gfx950_a8w8_mxscale_gemm_bpreshuffle_256x64x64x128_2x2_16x16x128_1x128x128_tiles1_nooob,2,29,27.785469387755093,0.0,passed,
1856,7168,384,opus_9020,opus,9020,0,opus_gemm_gfx950_a8w8_mxscale_gemm_bpreshuffle_256x256x256x128_2x2_16x16x128_1x128x128_tiles1,2,30,15.881095238095238,0.0,passed,
1856,7168,384,ck_0_split0,ck,0,0,a8w8_blockscale_bpreshuffle_1x128x128_256x128x128x128_16x16_16x16_8x32x1_8x32x1_1x32x1x8_8_2x1_intrawave_v3,2,31,22.28946808510638,0.0,passed,
1856,7168,384,ck_1_split0,ck,1,0,a8w8_blockscale_bpreshuffle_1x128x128_256x64x128x128_16x16_16x16_8x32x1_8x32x1_1x32x1x8_8_2x1_intrawave_v3,2,32,19.136708333333345,0.0,passed,
1856,7168,384,ck_2_split0,ck,2,0,a8w8_blockscale_bpreshuffle_1x128x128_256x64x64x128_16x16_16x16_8x32x1_8x32x1_1x32x1x8_8_2x1_intrawave_v3,2,33,20.59008333333334,0.0,passed,
1856,7168,384,ck_3_split0,ck,3,0,a8w8_blockscale_bpreshuffle_1x128x128_256x16x256x128_8x16_16x16_16x16x1_8x32x1_1x16x1x16_8_1x2_intrawave_v1,2,34,22.240937500000012,0.0,passed,
1856,7168,384,ck_4_split0,ck,4,0,a8w8_blockscale_bpreshuffle_1x128x128_256x16x128x128_8x16_16x16_16x16x1_8x32x1_1x16x1x16_8_1x2_intrawave_v1,2,35,22.79177083333333,0.0,passed,
1856,7168,384,ck_5_split0,ck,5,0,a8w8_blockscale_bpreshuffle_1x128x128_256x16x64x128_8x16_16x16_16x16x1_8x32x1_1x16x1x16_4_1x1_intrawave_v1,2,36,27.03931250000001,0.0,passed,
1856,7168,384,ck_8_split0,ck,8,0,a8w8_blockscale_bpreshuffle_1x128x128_256x32x256x128_16x16_16x16_8x32x1_8x32x1_1x32x1x8_8_2x1_intrawave_v1,2,37,19.327541666666665,0.0,passed,
1856,7168,384,ck_9_split0,ck,9,0,a8w8_blockscale_bpreshuffle_1x128x128_256x32x128x128_16x16_16x16_8x32x1_8x32x1_1x32x1x8_8_2x1_intrawave_v1,2,38,18.78095652173913,0.0,passed,
1856,7168,384,ck_10_split0,ck,10,0,a8w8_blockscale_bpreshuffle_1x128x128_256x32x64x128_16x16_16x16_8x32x1_8x32x1_1x32x1x8_8_2x1_intrawave_v1,2,39,19.549021276595745,0.0,passed,
1024,7168,768,ck_8_split0,ck,8,0,a8w8_blockscale_bpreshuffle_1x128x128_256x32x256x128_16x16_16x16_8x32x1_8x32x1_1x32x1x8_8_2x1_intrawave_v1,0,0,19.53226086956521,0.0,passed,
1024,7168,768,ck_9_split0,ck,9,0,a8w8_blockscale_bpreshuffle_1x128x128_256x32x128x128_16x16_16x16_8x32x1_8x32x1_1x32x1x8_8_2x1_intrawave_v1,0,1,19.637612244897962,0.0,passed,
1024,7168,768,ck_10_split0,ck,10,0,a8w8_blockscale_bpreshuffle_1x128x128_256x32x64x128_16x16_16x16_8x32x1_8x32x1_1x32x1x8_8_2x1_intrawave_v1,0,2,21.674439999999993,0.0,passed,
1024,7168,768,ck_11_split0,ck,11,0,a8w8_blockscale_bpreshuffle_1x128x128_256x32x128x256_16x16_16x16_16x16x1_16x16x1_1x32x1x8_8_2x1_intrawave_v1,0,3,20.002510204081638,0.0,passed,
1024,7168,768,ck_12_split0,ck,12,0,a8w8_blockscale_bpreshuffle_1x128x128_256x32x64x256_16x16_16x16_16x16x1_16x16x1_1x32x1x8_8_2x1_intrawave_v1,0,4,23.664879999999993,0.0,passed,
1024,7168,768,ck_13_split0,ck,13,0,a8w8_blockscale_bpreshuffle_1x128x128_256x64x256x128_16x16_16x16_8x32x1_8x32x1_1x32x1x8_8_2x1_intrawave_v1,0,5,17.374531914893616,0.0,passed,
1024,7168,768,ck_14_split0,ck,14,0,a8w8_blockscale_bpreshuffle_1x128x128_256x64x128x128_16x16_16x16_8x32x1_8x32x1_1x32x1x8_8_2x1_intrawave_v1,0,6,17.948019999999996,0.0,passed,
1024,7168,768,ck_15_split0,ck,15,0,a8w8_blockscale_bpreshuffle_1x128x128_256x64x64x128_16x16_16x16_8x32x1_8x32x1_1x32x1x8_8_2x1_intrawave_v1,0,7,18.480062500000006,0.0,passed,
1024,7168,768,ck_16_split0,ck,16,0,a8w8_blockscale_bpreshuffle_1x128x128_256x64x128x256_16x16_16x16_16x16x1_16x16x1_1x32x1x8_8_2x1_intrawave_v1,0,8,20.210319148936176,0.0,passed,
1024,7168,768,ck_17_split0,ck,17,0,a8w8_blockscale_bpreshuffle_1x128x128_256x64x64x256_16x16_16x16_16x16x1_16x16x1_1x32x1x8_8_2x1_intrawave_v1,0,9,24.19688,0.0,passed,
1024,7168,768,cktile_0_split0,cktile,0,0,a8w8_blockscale_cktile_16x128x256_1x4x1_16x16x128_intrawave_0x1x0_1,0,10,31.15546341463416,0.0,passed,
1024,7168,768,cktile_1_split0,cktile,1,0,a8w8_blockscale_cktile_16x128x256_1x4x1_16x16x128_intrawave_0x1x0_2,0,11,31.12326530612246,0.0,passed,
1024,7168,768,cktile_2_split0,cktile,2,0,a8w8_blockscale_cktile_16x128x256_1x4x1_16x16x64_intrawave_0x1x0_1,0,12,31.67839130434783,0.0,passed,
1024,7168,768,cktile_3_split0,cktile,3,0,a8w8_blockscale_cktile_16x128x256_1x4x1_16x16x64_intrawave_0x1x0_2,0,13,29.85333333333335,0.0,passed,
1024,7168,768,cktile_4_split0,cktile,4,0,a8w8_blockscale_cktile_32x128x128_1x4x1_16x16x128_intrawave_0x1x0_1,0,14,24.44995833333333,0.0,passed,
1024,7168,768,cktile_5_split0,cktile,5,0,a8w8_blockscale_cktile_32x128x128_1x4x1_16x16x128_intrawave_0x1x0_2,0,15,24.41567391304348,0.0,passed,
1024,7168,768,cktile_6_split0,cktile,6,0,a8w8_blockscale_cktile_32x128x128_1x4x1_16x16x64_intrawave_0x1x0_1,0,16,23.984408163265304,0.0,passed,
1024,7168,768,cktile_7_split0,cktile,7,0,a8w8_blockscale_cktile_32x128x128_1x4x1_16x16x64_intrawave_0x1x0_2,0,17,24.92425531914894,0.0,passed,
1024,7168,768,cktile_8_split0,cktile,8,0,a8w8_blockscale_cktile_128x128x128_1x4x1_16x16x128_intrawave_0x1x0_1,0,18,22.21377551020408,0.0,passed,
1024,7168,768,cktile_9_split0,cktile,9,0,a8w8_blockscale_cktile_128x128x128_1x4x1_16x16x128_intrawave_0x1x0_1,0,19,22.19746,0.0,passed,
1024,7168,768,cktile_10_split0,cktile,10,0,a8w8_blockscale_cktile_128x128x128_2x2x1_16x16x128_intrawave_0x1x0_2,0,20,22.25746000000001,0.0,passed,
1024,7168,768,cktile_11_split0,cktile,11,0,a8w8_blockscale_cktile_192x256x128_4x2x1_16x16x128_intrawave_0x1x0_1,0,21,14.879163265306124,0.0,passed,
1024,7168,768,cktile_12_split0,cktile,12,0,a8w8_blockscale_cktile_192x256x128_4x2x1_16x16x128_intrawave_0x1x0_1_aqrm,0,22,15.06555999999999,0.0,passed,
1024,7168,768,cktile_13_split0,cktile,13,0,a8w8_blockscale_cktile_16x128x256_1x4x1_16x16x128_intrawave_0x1x0_3,0,23,31.107086956521727,0.0,passed,
1024,7168,768,cktile_14_split0,cktile,14,0,a8w8_blockscale_cktile_16x128x256_1x4x1_16x16x128_intrawave_0x1x0_4,0,24,38.16403999999998,0.0,passed,
1024,7168,768,cktile_15_split0,cktile,15,0,a8w8_blockscale_cktile_16x128x256_1x4x1_16x16x64_intrawave_0x1x0_3,0,25,29.82938775510203,0.0,passed,
1024,7168,768,cktile_16_split0,cktile,16,0,a8w8_blockscale_cktile_16x128x256_1x4x1_16x16x64_intrawave_0x1x0_4,0,26,32.35836956521737,0.0,passed,
1024,7168,768,cktile_17_split0,cktile,17,0,a8w8_blockscale_cktile_32x128x128_1x4x1_16x16x128_intrawave_0x1x0_3,0,27,24.342978723404258,0.0,passed,
1024,7168,768,cktile_18_split0,cktile,18,0,a8w8_blockscale_cktile_32x128x128_1x4x1_16x16x128_intrawave_0x1x0_4,0,28,24.455319148936166,0.0,passed,
1024,7168,768,cktile_19_split0,cktile,19,0,a8w8_blockscale_cktile_32x128x128_1x4x1_16x16x64_intrawave_0x1x0_3,0,29,24.893772727272733,0.0,passed,
1024,7168,768,cktile_20_split0,cktile,20,0,a8w8_blockscale_cktile_32x128x128_1x4x1_16x16x64_intrawave_0x1x0_4,0,30,24.902586956521723,0.0,passed,
1024,7168,768,cktile_21_split0,cktile,21,0,a8w8_blockscale_cktile_128x128x128_1x4x1_16x16x128_intrawave_0x1x0_2,0,31,22.146836734693885,0.0,passed,
1024,7168,768,cktile_22_split0,cktile,22,0,a8w8_blockscale_cktile_128x128x128_1x4x1_16x16x128_intrawave_0x1x0_3,0,32,55.62183999999999,0.0,passed,
1024,7168,768,cktile_23_split0,cktile,23,0,a8w8_blockscale_cktile_128x128x128_1x4x1_16x16x128_intrawave_0x1x0_4,0,33,95.81350000000003,0.0,passed,
1024,7168,768,cktile_24_split0,cktile,24,0,a8w8_blockscale_cktile_128x128x128_2x2x1_16x16x128_intrawave_0x1x0_1,0,34,22.479111111111116,0.0,passed,
1024,7168,768,cktile_25_split0,cktile,25,0,a8w8_blockscale_cktile_128x128x128_2x2x1_16x16x128_intrawave_0x1x0_3,0,35,58.813079999999985,0.0,passed,
1024,7168,768,cktile_26_split0,cktile,26,0,a8w8_blockscale_cktile_128x128x128_2x2x1_16x16x128_intrawave_0x1x0_4,0,36,125.76924489795921,0.0,passed,
1024,7168,768,cktile_27_split0,cktile,27,0,a8w8_blockscale_cktile_192x256x128_4x2x1_16x16x128_intrawave_0x1x0_2,0,37,14.855469387755095,0.0,passed,
1024,7168,768,cktile_28_split0,cktile,28,0,a8w8_blockscale_cktile_192x256x128_4x2x1_16x16x128_intrawave_0x1x0_3,0,38,14.910183673469376,0.0,passed,
1024,7168,768,cktile_29_split0,cktile,29,0,a8w8_blockscale_cktile_192x256x128_4x2x1_16x16x128_intrawave_0x1x0_4,0,39,15.058380000000001,0.0,passed,
1024,7168,768,cktile_30_split0,cktile,30,0,a8w8_blockscale_cktile_192x256x128_4x2x1_16x16x128_intrawave_0x1x0_2_aqrm,0,40,14.959166666666663,0.0,passed,
1024,7168,768,cktile_31_split0,cktile,31,0,a8w8_blockscale_cktile_192x256x128_4x2x1_16x16x128_intrawave_0x1x0_3_aqrm,0,41,14.995744680851056,0.0,passed,
1024,7168,768,cktile_32_split0,cktile,32,0,a8w8_blockscale_cktile_192x256x128_4x2x1_16x16x128_intrawave_0x1x0_4_aqrm,0,42,14.8865306122449,0.0,passed,
1024,7168,768,opus_9000,opus,9000,0,opus_gemm_gfx950_a8w8_mxscale_gemm_bpreshuffle_256x256x256x128_2x2_16x16x128_1x128x128_tiles1_nooob,0,43,16.9395918367347,0.0,passed,
1024,7168,768,opus_9010,opus,9010,0,opus_gemm_gfx950_a8w8_mxscale_gemm_bpreshuffle_256x128x128x128_2x2_16x16x128_1x128x128_tiles1_nooob,0,44,18.170399999999994,0.0,passed,
1024,7168,768,opus_9011,opus,9011,0,opus_gemm_gfx950_a8w8_mxscale_gemm_bpreshuffle_256x64x128x128_2x2_16x16x128_1x128x128_tiles1_nooob,0,45,17.84002083333333,0.0,passed,
1024,7168,768,opus_9012,opus,9012,0,opus_gemm_gfx950_a8w8_mxscale_gemm_bpreshuffle_256x64x64x128_2x2_16x16x128_1x128x128_tiles1_nooob,0,46,21.50922916666666,0.0,passed,
1024,7168,768,opus_9020,opus,9020,0,opus_gemm_gfx950_a8w8_mxscale_gemm_bpreshuffle_256x256x256x128_2x2_16x16x128_1x128x128_tiles1,0,47,18.509208333333333,0.0,passed,
1024,7168,768,ck_0_split0,ck,0,0,a8w8_blockscale_bpreshuffle_1x128x128_256x128x128x128_16x16_16x16_8x32x1_8x32x1_1x32x1x8_8_2x1_intrawave_v3,0,48,17.605734693877558,0.0,passed,
1024,7168,768,ck_1_split0,ck,1,0,a8w8_blockscale_bpreshuffle_1x128x128_256x64x128x128_16x16_16x16_8x32x1_8x32x1_1x32x1x8_8_2x1_intrawave_v3,0,49,18.103914893617027,0.0,passed,
1024,7168,768,ck_2_split0,ck,2,0,a8w8_blockscale_bpreshuffle_1x128x128_256x64x64x128_16x16_16x16_8x32x1_8x32x1_1x32x1x8_8_2x1_intrawave_v3,0,50,19.293918367346944,0.0,passed,
1024,7168,768,ck_3_split0,ck,3,0,a8w8_blockscale_bpreshuffle_1x128x128_256x16x256x128_8x16_16x16_16x16x1_8x32x1_1x16x1x16_8_1x2_intrawave_v1,0,51,23.720102040816343,0.0,passed,
1024,7168,768,ck_4_split0,ck,4,0,a8w8_blockscale_bpreshuffle_1x128x128_256x16x128x128_8x16_16x16_16x16x1_8x32x1_1x16x1x16_8_1x2_intrawave_v1,0,52,25.846812500000002,0.0,passed,
1024,7168,768,ck_5_split0,ck,5,0,a8w8_blockscale_bpreshuffle_1x128x128_256x16x64x128_8x16_16x16_16x16x1_8x32x1_1x16x1x16_4_1x1_intrawave_v1,0,53,29.253740000000004,0.0,passed,
1024,7168,768,ck_6_split0,ck,6,0,a8w8_blockscale_bpreshuffle_1x128x128_256x16x128x256_16x16_16x16_16x16x1_16x16x1_1x16x1x16_8_1x2_intrawave_v1,0,54,25.14510416666667,0.0,passed,
1024,7168,768,ck_7_split0,ck,7,0,a8w8_blockscale_bpreshuffle_1x128x128_256x16x64x256_16x16_16x16_16x16x1_16x16x1_1x16x1x16_4_1x1_intrawave_v1,0,55,29.953739999999996,0.0,passed,
1024,7168,768,ck_8_split0,ck,8,0,a8w8_blockscale_bpreshuffle_1x128x128_256x32x256x128_16x16_16x16_8x32x1_8x32x1_1x32x1x8_8_2x1_intrawave_v1,1,0,19.62589583333332,0.0,passed,
1024,7168,768,ck_7_split0,ck,7,0,a8w8_blockscale_bpreshuffle_1x128x128_256x16x64x256_16x16_16x16_16x16x1_16x16x1_1x16x1x16_4_1x1_intrawave_v1,1,1,29.653500000000008,0.0,passed,
1024,7168,768,ck_6_split0,ck,6,0,a8w8_blockscale_bpreshuffle_1x128x128_256x16x128x256_16x16_16x16_16x16x1_16x16x1_1x16x1x16_8_1x2_intrawave_v1,1,2,25.16927083333334,0.0,passed,
1024,7168,768,ck_5_split0,ck,5,0,a8w8_blockscale_bpreshuffle_1x128x128_256x16x64x128_8x16_16x16_16x16x1_8x32x1_1x16x1x16_4_1x1_intrawave_v1,1,3,29.032139999999995,0.0,passed,
1024,7168,768,ck_4_split0,ck,4,0,a8w8_blockscale_bpreshuffle_1x128x128_256x16x128x128_8x16_16x16_16x16x1_8x32x1_1x16x1x16_8_1x2_intrawave_v1,1,4,25.867877551020406,0.0,passed,
1024,7168,768,ck_3_split0,ck,3,0,a8w8_blockscale_bpreshuffle_1x128x128_256x16x256x128_8x16_16x16_16x16x1_8x32x1_1x16x1x16_8_1x2_intrawave_v1,1,5,23.760102040816335,0.0,passed,
1024,7168,768,ck_2_split0,ck,2,0,a8w8_blockscale_bpreshuffle_1x128x128_256x64x64x128_16x16_16x16_8x32x1_8x32x1_1x32x1x8_8_2x1_intrawave_v3,1,6,19.403220000000008,0.0,passed,
1024,7168,768,ck_1_split0,ck,1,0,a8w8_blockscale_bpreshuffle_1x128x128_256x64x128x128_16x16_16x16_8x32x1_8x32x1_1x32x1x8_8_2x1_intrawave_v3,1,7,18.08754166666666,0.0,passed,
1024,7168,768,ck_0_split0,ck,0,0,a8w8_blockscale_bpreshuffle_1x128x128_256x128x128x128_16x16_16x16_8x32x1_8x32x1_1x32x1x8_8_2x1_intrawave_v3,1,8,17.571978723404253,0.0,passed,
1024,7168,768,opus_9020,opus,9020,0,opus_gemm_gfx950_a8w8_mxscale_gemm_bpreshuffle_256x256x256x128_2x2_16x16x128_1x128x128_tiles1,1,9,18.39122,0.0,passed,
1024,7168,768,opus_9012,opus,9012,0,opus_gemm_gfx950_a8w8_mxscale_gemm_bpreshuffle_256x64x64x128_2x2_16x16x128_1x128x128_tiles1_nooob,1,10,21.42308510638298,0.0,passed,
1024,7168,768,opus_9011,opus,9011,0,opus_gemm_gfx950_a8w8_mxscale_gemm_bpreshuffle_256x64x128x128_2x2_16x16x128_1x128x128_tiles1_nooob,1,11,17.835122448979593,0.0,passed,
1024,7168,768,opus_9010,opus,9010,0,opus_gemm_gfx950_a8w8_mxscale_gemm_bpreshuffle_256x128x128x128_2x2_16x16x128_1x128x128_tiles1_nooob,1,12,18.11670833333333,0.0,passed,
1024,7168,768,opus_9000,opus,9000,0,opus_gemm_gfx950_a8w8_mxscale_gemm_bpreshuffle_256x256x256x128_2x2_16x16x128_1x128x128_tiles1_nooob,1,13,16.94439130434782,0.0,passed,
1024,7168,768,cktile_32_split0,cktile,32,0,a8w8_blockscale_cktile_192x256x128_4x2x1_16x16x128_intrawave_0x1x0_4_aqrm,1,14,14.953428571428573,0.0,passed,
1024,7168,768,cktile_31_split0,cktile,31,0,a8w8_blockscale_cktile_192x256x128_4x2x1_16x16x128_intrawave_0x1x0_3_aqrm,1,15,14.92876000000001,0.0,passed,
1024,7168,768,cktile_30_split0,cktile,30,0,a8w8_blockscale_cktile_192x256x128_4x2x1_16x16x128_intrawave_0x1x0_2_aqrm,1,16,14.92087234042553,0.0,passed,
1024,7168,768,cktile_29_split0,cktile,29,0,a8w8_blockscale_cktile_192x256x128_4x2x1_16x16x128_intrawave_0x1x0_4,1,17,14.914979166666663,0.0,passed,
1024,7168,768,cktile_28_split0,cktile,28,0,a8w8_blockscale_cktile_192x256x128_4x2x1_16x16x128_intrawave_0x1x0_3,1,18,14.945854166666669,0.0,passed,
1024,7168,768,cktile_27_split0,cktile,27,0,a8w8_blockscale_cktile_192x256x128_4x2x1_16x16x128_intrawave_0x1x0_2,1,19,14.934693877551014,0.0,passed,
1024,7168,768,cktile_26_split0,cktile,26,0,a8w8_blockscale_cktile_128x128x128_2x2x1_16x16x128_intrawave_0x1x0_4,1,20,126.46069387755094,0.0,passed,
1024,7168,768,cktile_25_split0,cktile,25,0,a8w8_blockscale_cktile_128x128x128_2x2x1_16x16x128_intrawave_0x1x0_3,1,21,58.826680000000025,0.0,passed,
1024,7168,768,cktile_24_split0,cktile,24,0,a8w8_blockscale_cktile_128x128x128_2x2x1_16x16x128_intrawave_0x1x0_1,1,22,22.55204444444445,0.0,passed,
1024,7168,768,cktile_23_split0,cktile,23,0,a8w8_blockscale_cktile_128x128x128_1x4x1_16x16x128_intrawave_0x1x0_4,1,23,96.1783200000001,0.0,passed,
1024,7168,768,cktile_22_split0,cktile,22,0,a8w8_blockscale_cktile_128x128x128_1x4x1_16x16x128_intrawave_0x1x0_3,1,24,55.763459999999995,0.0,passed,
1024,7168,768,cktile_21_split0,cktile,21,0,a8w8_blockscale_cktile_128x128x128_1x4x1_16x16x128_intrawave_0x1x0_2,1,25,22.494279999999982,0.0,passed,
1024,7168,768,cktile_20_split0,cktile,20,0,a8w8_blockscale_cktile_32x128x128_1x4x1_16x16x64_intrawave_0x1x0_4,1,26,25.023591836734692,0.0,passed,
1024,7168,768,cktile_19_split0,cktile,19,0,a8w8_blockscale_cktile_32x128x128_1x4x1_16x16x64_intrawave_0x1x0_3,1,27,25.151128205128202,0.0,passed,
1024,7168,768,cktile_18_split0,cktile,18,0,a8w8_blockscale_cktile_32x128x128_1x4x1_16x16x128_intrawave_0x1x0_4,1,28,24.636595744680854,0.0,passed,
1024,7168,768,cktile_17_split0,cktile,17,0,a8w8_blockscale_cktile_32x128x128_1x4x1_16x16x128_intrawave_0x1x0_3,1,29,24.60891836734695,0.0,passed,
1024,7168,768,cktile_16_split0,cktile,16,0,a8w8_blockscale_cktile_16x128x256_1x4x1_16x16x64_intrawave_0x1x0_4,1,30,32.279180000000004,0.0,passed,
1024,7168,768,cktile_15_split0,cktile,15,0,a8w8_blockscale_cktile_16x128x256_1x4x1_16x16x64_intrawave_0x1x0_3,1,31,29.8840612244898,0.0,passed,
1024,7168,768,cktile_14_split0,cktile,14,0,a8w8_blockscale_cktile_16x128x256_1x4x1_16x16x128_intrawave_0x1x0_4,1,32,37.98803999999999,0.0,passed,
1024,7168,768,cktile_13_split0,cktile,13,0,a8w8_blockscale_cktile_16x128x256_1x4x1_16x16x128_intrawave_0x1x0_3,1,33,31.33262222222223,0.0,passed,
1024,7168,768,cktile_12_split0,cktile,12,0,a8w8_blockscale_cktile_192x256x128_4x2x1_16x16x128_intrawave_0x1x0_1_aqrm,1,34,14.954085106382973,0.0,passed,
1024,7168,768,cktile_11_split0,cktile,11,0,a8w8_blockscale_cktile_192x256x128_4x2x1_16x16x128_intrawave_0x1x0_1,1,35,14.963160000000002,0.0,passed,
1024,7168,768,cktile_10_split0,cktile,10,0,a8w8_blockscale_cktile_128x128x128_2x2x1_16x16x128_intrawave_0x1x0_2,1,36,22.546086956521737,0.0,passed,
1024,7168,768,cktile_9_split0,cktile,9,0,a8w8_blockscale_cktile_128x128x128_1x4x1_16x16x128_intrawave_0x1x0_1,1,37,22.402531914893625,0.0,passed,
1024,7168,768,cktile_8_split0,cktile,8,0,a8w8_blockscale_cktile_128x128x128_1x4x1_16x16x128_intrawave_0x1x0_1,1,38,22.59345999999999,0.0,passed,
1024,7168,768,cktile_7_split0,cktile,7,0,a8w8_blockscale_cktile_32x128x128_1x4x1_16x16x64_intrawave_0x1x0_2,1,39,25.11012244897958,0.0,passed,
1024,7168,768,cktile_6_split0,cktile,6,0,a8w8_blockscale_cktile_32x128x128_1x4x1_16x16x64_intrawave_0x1x0_1,1,40,24.243270833333344,0.0,passed,
1024,7168,768,cktile_5_split0,cktile,5,0,a8w8_blockscale_cktile_32x128x128_1x4x1_16x16x128_intrawave_0x1x0_2,1,41,24.577877551020386,0.0,passed,
1024,7168,768,cktile_4_split0,cktile,4,0,a8w8_blockscale_cktile_32x128x128_1x4x1_16x16x128_intrawave_0x1x0_1,1,42,24.538300000000003,0.0,passed,
1024,7168,768,cktile_3_split0,cktile,3,0,a8w8_blockscale_cktile_16x128x256_1x4x1_16x16x64_intrawave_0x1x0_2,1,43,30.076659574468085,0.0,passed,
1024,7168,768,cktile_2_split0,cktile,2,0,a8w8_blockscale_cktile_16x128x256_1x4x1_16x16x64_intrawave_0x1x0_1,1,44,31.796755102040816,0.0,passed,
1024,7168,768,cktile_1_split0,cktile,1,0,a8w8_blockscale_cktile_16x128x256_1x4x1_16x16x128_intrawave_0x1x0_2,1,45,31.31596,0.0,passed,
1024,7168,768,cktile_0_split0,cktile,0,0,a8w8_blockscale_cktile_16x128x256_1x4x1_16x16x128_intrawave_0x1x0_1,1,46,31.15591836734693,0.0,passed,
1024,7168,768,ck_17_split0,ck,17,0,a8w8_blockscale_bpreshuffle_1x128x128_256x64x64x256_16x16_16x16_16x16x1_16x16x1_1x32x1x8_8_2x1_intrawave_v1,1,47,24.185408163265294,0.0,passed,
1024,7168,768,ck_16_split0,ck,16,0,a8w8_blockscale_bpreshuffle_1x128x128_256x64x128x256_16x16_16x16_16x16x1_16x16x1_1x32x1x8_8_2x1_intrawave_v1,1,48,20.229250000000004,0.0,passed,
1024,7168,768,ck_15_split0,ck,15,0,a8w8_blockscale_bpreshuffle_1x128x128_256x64x64x128_16x16_16x16_8x32x1_8x32x1_1x32x1x8_8_2x1_intrawave_v1,1,49,18.445755102040806,0.0,passed,
1024,7168,768,ck_14_split0,ck,14,0,a8w8_blockscale_bpreshuffle_1x128x128_256x64x128x128_16x16_16x16_8x32x1_8x32x1_1x32x1x8_8_2x1_intrawave_v1,1,50,17.930854166666666,0.0,passed,
1024,7168,768,ck_13_split0,ck,13,0,a8w8_blockscale_bpreshuffle_1x128x128_256x64x256x128_16x16_16x16_8x32x1_8x32x1_1x32x1x8_8_2x1_intrawave_v1,1,51,17.3591875,0.0,passed,
1024,7168,768,ck_12_split0,ck,12,0,a8w8_blockscale_bpreshuffle_1x128x128_256x32x64x256_16x16_16x16_16x16x1_16x16x1_1x32x1x8_8_2x1_intrawave_v1,1,52,23.630480000000013,0.0,passed,
1024,7168,768,ck_11_split0,ck,11,0,a8w8_blockscale_bpreshuffle_1x128x128_256x32x128x256_16x16_16x16_16x16x1_16x16x1_1x32x1x8_8_2x1_intrawave_v1,1,53,19.982897959183678,0.0,passed,
1024,7168,768,ck_10_split0,ck,10,0,a8w8_blockscale_bpreshuffle_1x128x128_256x32x64x128_16x16_16x16_8x32x1_8x32x1_1x32x1x8_8_2x1_intrawave_v1,1,54,21.548416666666657,0.0,passed,
1024,7168,768,ck_9_split0,ck,9,0,a8w8_blockscale_bpreshuffle_1x128x128_256x32x128x128_16x16_16x16_8x32x1_8x32x1_1x32x1x8_8_2x1_intrawave_v1,1,55,19.62082,0.0,passed,
1024,7168,768,ck_10_split0,ck,10,0,a8w8_blockscale_bpreshuffle_1x128x128_256x32x64x128_16x16_16x16_8x32x1_8x32x1_1x32x1x8_8_2x1_intrawave_v1,2,0,21.539673469387754,0.0,passed,
1024,7168,768,ck_11_split0,ck,11,0,a8w8_blockscale_bpreshuffle_1x128x128_256x32x128x256_16x16_16x16_16x16x1_16x16x1_1x32x1x8_8_2x1_intrawave_v1,2,1,19.872404255319147,0.0,passed,
1024,7168,768,ck_12_split0,ck,12,0,a8w8_blockscale_bpreshuffle_1x128x128_256x32x64x256_16x16_16x16_16x16x1_16x16x1_1x32x1x8_8_2x1_intrawave_v1,2,2,23.682479999999995,0.0,passed,
1024,7168,768,ck_13_split0,ck,13,0,a8w8_blockscale_bpreshuffle_1x128x128_256x64x256x128_16x16_16x16_8x32x1_8x32x1_1x32x1x8_8_2x1_intrawave_v1,2,3,17.38779591836735,0.0,passed,
1024,7168,768,ck_14_split0,ck,14,0,a8w8_blockscale_bpreshuffle_1x128x128_256x64x128x128_16x16_16x16_8x32x1_8x32x1_1x32x1x8_8_2x1_intrawave_v1,2,4,17.951687500000002,0.0,passed,
1024,7168,768,ck_15_split0,ck,15,0,a8w8_blockscale_bpreshuffle_1x128x128_256x64x64x128_16x16_16x16_8x32x1_8x32x1_1x32x1x8_8_2x1_intrawave_v1,2,5,18.36081632653061,0.0,passed,
1024,7168,768,ck_16_split0,ck,16,0,a8w8_blockscale_bpreshuffle_1x128x128_256x64x128x256_16x16_16x16_16x16x1_16x16x1_1x32x1x8_8_2x1_intrawave_v1,2,6,20.247744680851067,0.0,passed,
1024,7168,768,ck_17_split0,ck,17,0,a8w8_blockscale_bpreshuffle_1x128x128_256x64x64x256_16x16_16x16_16x16x1_16x16x1_1x32x1x8_8_2x1_intrawave_v1,2,7,24.19846938775511,0.0,passed,
1024,7168,768,cktile_0_split0,cktile,0,0,a8w8_blockscale_cktile_16x128x256_1x4x1_16x16x128_intrawave_0x1x0_1,2,8,30.9975,0.0,passed,
1024,7168,768,cktile_1_split0,cktile,1,0,a8w8_blockscale_cktile_16x128x256_1x4x1_16x16x128_intrawave_0x1x0_2,2,9,31.22642553191487,0.0,passed,
1024,7168,768,cktile_2_split0,cktile,2,0,a8w8_blockscale_cktile_16x128x256_1x4x1_16x16x64_intrawave_0x1x0_1,2,10,31.634208333333333,0.0,passed,
1024,7168,768,cktile_3_split0,cktile,3,0,a8w8_blockscale_cktile_16x128x256_1x4x1_16x16x64_intrawave_0x1x0_2,2,11,29.859638297872337,0.0,passed,
1024,7168,768,cktile_4_split0,cktile,4,0,a8w8_blockscale_cktile_32x128x128_1x4x1_16x16x128_intrawave_0x1x0_1,2,12,24.320977777777788,0.0,passed,
1024,7168,768,cktile_5_split0,cktile,5,0,a8w8_blockscale_cktile_32x128x128_1x4x1_16x16x128_intrawave_0x1x0_2,2,13,24.367265306122434,0.0,passed,
1024,7168,768,cktile_6_split0,cktile,6,0,a8w8_blockscale_cktile_32x128x128_1x4x1_16x16x64_intrawave_0x1x0_1,2,14,24.094069767441873,0.0,passed,
1024,7168,768,cktile_7_split0,cktile,7,0,a8w8_blockscale_cktile_32x128x128_1x4x1_16x16x64_intrawave_0x1x0_2,2,15,25.00221951219512,0.0,passed,
1024,7168,768,cktile_8_split0,cktile,8,0,a8w8_blockscale_cktile_128x128x128_1x4x1_16x16x128_intrawave_0x1x0_1,2,16,22.275060000000003,0.0,passed,
1024,7168,768,cktile_9_split0,cktile,9,0,a8w8_blockscale_cktile_128x128x128_1x4x1_16x16x128_intrawave_0x1x0_1,2,17,22.202531914893598,0.0,passed,
1024,7168,768,cktile_10_split0,cktile,10,0,a8w8_blockscale_cktile_128x128x128_2x2x1_16x16x128_intrawave_0x1x0_2,2,18,22.291583333333335,0.0,passed,
1024,7168,768,cktile_11_split0,cktile,11,0,a8w8_blockscale_cktile_192x256x128_4x2x1_16x16x128_intrawave_0x1x0_1,2,19,14.988780000000004,0.0,passed,
1024,7168,768,cktile_12_split0,cktile,12,0,a8w8_blockscale_cktile_192x256x128_4x2x1_16x16x128_intrawave_0x1x0_1_aqrm,2,20,15.003179999999993,0.0,passed,
1024,7168,768,cktile_13_split0,cktile,13,0,a8w8_blockscale_cktile_16x128x256_1x4x1_16x16x128_intrawave_0x1x0_3,2,21,31.096708333333336,0.0,passed,
1024,7168,768,cktile_14_split0,cktile,14,0,a8w8_blockscale_cktile_16x128x256_1x4x1_16x16x128_intrawave_0x1x0_4,2,22,38.15427083333333,0.0,passed,
1024,7168,768,cktile_15_split0,cktile,15,0,a8w8_blockscale_cktile_16x128x256_1x4x1_16x16x64_intrawave_0x1x0_3,2,23,29.817085106382976,0.0,passed,
1024,7168,768,cktile_16_split0,cktile,16,0,a8w8_blockscale_cktile_16x128x256_1x4x1_16x16x64_intrawave_0x1x0_4,2,24,32.348191489361696,0.0,passed,
1024,7168,768,cktile_17_split0,cktile,17,0,a8w8_blockscale_cktile_32x128x128_1x4x1_16x16x128_intrawave_0x1x0_3,2,25,24.35912499999999,0.0,passed,
1024,7168,768,cktile_18_split0,cktile,18,0,a8w8_blockscale_cktile_32x128x128_1x4x1_16x16x128_intrawave_0x1x0_4,2,26,24.420791666666656,0.0,passed,
1024,7168,768,cktile_19_split0,cktile,19,0,a8w8_blockscale_cktile_32x128x128_1x4x1_16x16x64_intrawave_0x1x0_3,2,27,24.932979591836734,0.0,passed,
1024,7168,768,cktile_20_split0,cktile,20,0,a8w8_blockscale_cktile_32x128x128_1x4x1_16x16x64_intrawave_0x1x0_4,2,28,24.854124999999996,0.0,passed,
1024,7168,768,cktile_21_split0,cktile,21,0,a8w8_blockscale_cktile_128x128x128_1x4x1_16x16x128_intrawave_0x1x0_2,2,29,22.303860000000004,0.0,passed,
1024,7168,768,cktile_22_split0,cktile,22,0,a8w8_blockscale_cktile_128x128x128_1x4x1_16x16x128_intrawave_0x1x0_3,2,30,55.584239999999994,0.0,passed,
1024,7168,768,cktile_23_split0,cktile,23,0,a8w8_blockscale_cktile_128x128x128_1x4x1_16x16x128_intrawave_0x1x0_4,2,31,95.98311999999994,0.0,passed,
1024,7168,768,cktile_24_split0,cktile,24,0,a8w8_blockscale_cktile_128x128x128_2x2x1_16x16x128_intrawave_0x1x0_1,2,32,22.352437499999994,0.0,passed,
1024,7168,768,cktile_25_split0,cktile,25,0,a8w8_blockscale_cktile_128x128x128_2x2x1_16x16x128_intrawave_0x1x0_3,2,33,58.63948000000001,0.0,passed,
1024,7168,768,cktile_26_split0,cktile,26,0,a8w8_blockscale_cktile_128x128x128_2x2x1_16x16x128_intrawave_0x1x0_4,2,34,126.12842857142864,0.0,passed,
1024,7168,768,cktile_27_split0,cktile,27,0,a8w8_blockscale_cktile_192x256x128_4x2x1_16x16x128_intrawave_0x1x0_2,2,35,14.968354166666657,0.0,passed,
1024,7168,768,cktile_28_split0,cktile,28,0,a8w8_blockscale_cktile_192x256x128_4x2x1_16x16x128_intrawave_0x1x0_3,2,36,15.058282608695656,0.0,passed,
1024,7168,768,cktile_29_split0,cktile,29,0,a8w8_blockscale_cktile_192x256x128_4x2x1_16x16x128_intrawave_0x1x0_4,2,37,15.004999999999997,0.0,passed,
1024,7168,768,cktile_30_split0,cktile,30,0,a8w8_blockscale_cktile_192x256x128_4x2x1_16x16x128_intrawave_0x1x0_2_aqrm,2,38,15.006360000000008,0.0,passed,
1024,7168,768,cktile_31_split0,cktile,31,0,a8w8_blockscale_cktile_192x256x128_4x2x1_16x16x128_intrawave_0x1x0_3_aqrm,2,39,14.855833333333337,0.0,passed,
1024,7168,768,cktile_32_split0,cktile,32,0,a8w8_blockscale_cktile_192x256x128_4x2x1_16x16x128_intrawave_0x1x0_4_aqrm,2,40,14.902040816326528,0.0,passed,
1024,7168,768,opus_9000,opus,9000,0,opus_gemm_gfx950_a8w8_mxscale_gemm_bpreshuffle_256x256x256x128_2x2_16x16x128_1x128x128_tiles1_nooob,2,41,16.889951219512202,0.0,passed,
1024,7168,768,opus_9010,opus,9010,0,opus_gemm_gfx950_a8w8_mxscale_gemm_bpreshuffle_256x128x128x128_2x2_16x16x128_1x128x128_tiles1_nooob,2,42,18.142520833333336,0.0,passed,
1024,7168,768,opus_9011,opus,9011,0,opus_gemm_gfx950_a8w8_mxscale_gemm_bpreshuffle_256x64x128x128_2x2_16x16x128_1x128x128_tiles1_nooob,2,43,17.827297872340427,0.0,passed,
1024,7168,768,opus_9012,opus,9012,0,opus_gemm_gfx950_a8w8_mxscale_gemm_bpreshuffle_256x64x64x128_2x2_16x16x128_1x128x128_tiles1_nooob,2,44,21.412583333333316,0.0,passed,
1024,7168,768,opus_9020,opus,9020,0,opus_gemm_gfx950_a8w8_mxscale_gemm_bpreshuffle_256x256x256x128_2x2_16x16x128_1x128x128_tiles1,2,45,18.425874999999994,0.0,passed,
1024,7168,768,ck_0_split0,ck,0,0,a8w8_blockscale_bpreshuffle_1x128x128_256x128x128x128_16x16_16x16_8x32x1_8x32x1_1x32x1x8_8_2x1_intrawave_v3,2,46,17.597599999999996,0.0,passed,
1024,7168,768,ck_1_split0,ck,1,0,a8w8_blockscale_bpreshuffle_1x128x128_256x64x128x128_16x16_16x16_8x32x1_8x32x1_1x32x1x8_8_2x1_intrawave_v3,2,47,18.12172916666666,0.0,passed,
1024,7168,768,ck_2_split0,ck,2,0,a8w8_blockscale_bpreshuffle_1x128x128_256x64x64x128_16x16_16x16_8x32x1_8x32x1_1x32x1x8_8_2x1_intrawave_v3,2,48,19.371489795918368,0.0,passed,
1024,7168,768,ck_3_split0,ck,3,0,a8w8_blockscale_bpreshuffle_1x128x128_256x16x256x128_8x16_16x16_16x16x1_8x32x1_1x16x1x16_8_1x2_intrawave_v1,2,49,23.86968,0.0,passed,
1024,7168,768,ck_4_split0,ck,4,0,a8w8_blockscale_bpreshuffle_1x128x128_256x16x128x128_8x16_16x16_16x16x1_8x32x1_1x16x1x16_8_1x2_intrawave_v1,2,50,25.738877551020416,0.0,passed,
1024,7168,768,ck_5_split0,ck,5,0,a8w8_blockscale_bpreshuffle_1x128x128_256x16x64x128_8x16_16x16_16x16x1_8x32x1_1x16x1x16_4_1x1_intrawave_v1,2,51,29.231340000000003,0.0,passed,
1024,7168,768,ck_6_split0,ck,6,0,a8w8_blockscale_bpreshuffle_1x128x128_256x16x128x256_16x16_16x16_16x16x1_16x16x1_1x16x1x16_8_1x2_intrawave_v1,2,52,25.15930612244899,0.0,passed,
1024,7168,768,ck_7_split0,ck,7,0,a8w8_blockscale_bpreshuffle_1x128x128_256x16x64x256_16x16_16x16_16x16x1_16x16x1_1x16x1x16_4_1x1_intrawave_v1,2,53,29.796140000000005,0.0,passed,
1024,7168,768,ck_8_split0,ck,8,0,a8w8_blockscale_bpreshuffle_1x128x128_256x32x256x128_16x16_16x16_8x32x1_8x32x1_1x32x1x8_8_2x1_intrawave_v1,2,54,19.582918367346934,0.0,passed,
1024,7168,768,ck_9_split0,ck,9,0,a8w8_blockscale_bpreshuffle_1x128x128_256x32x128x128_16x16_16x16_8x32x1_8x32x1_1x32x1x8_8_2x1_intrawave_v1,2,55,19.60562,0.0,passed,
1792,7168,768,ck_9_split0,ck,9,0,a8w8_blockscale_bpreshuffle_1x128x128_256x32x128x128_16x16_16x16_8x32x1_8x32x1_1x32x1x8_8_2x1_intrawave_v1,0,0,26.155230769230773,0.0,passed,
1792,7168,768,ck_10_split0,ck,10,0,a8w8_blockscale_bpreshuffle_1x128x128_256x32x64x128_16x16_16x16_8x32x1_8x32x1_1x32x1x8_8_2x1_intrawave_v1,0,1,29.392000000000007,0.0,passed,
1792,7168,768,ck_11_split0,ck,11,0,a8w8_blockscale_bpreshuffle_1x128x128_256x32x128x256_16x16_16x16_16x16x1_16x16x1_1x32x1x8_8_2x1_intrawave_v1,0,2,28.83292000000001,0.0,passed,
1792,7168,768,ck_12_split0,ck,12,0,a8w8_blockscale_bpreshuffle_1x128x128_256x32x64x256_16x16_16x16_16x16x1_16x16x1_1x32x1x8_8_2x1_intrawave_v1,0,3,33.77540000000001,0.0,passed,
1792,7168,768,ck_13_split0,ck,13,0,a8w8_blockscale_bpreshuffle_1x128x128_256x64x256x128_16x16_16x16_8x32x1_8x32x1_1x32x1x8_8_2x1_intrawave_v1,0,4,27.418456521739135,0.0,passed,
1792,7168,768,ck_14_split0,ck,14,0,a8w8_blockscale_bpreshuffle_1x128x128_256x64x128x128_16x16_16x16_8x32x1_8x32x1_1x32x1x8_8_2x1_intrawave_v1,0,5,25.394108695652182,0.0,passed,
1792,7168,768,ck_15_split0,ck,15,0,a8w8_blockscale_bpreshuffle_1x128x128_256x64x64x128_16x16_16x16_8x32x1_8x32x1_1x32x1x8_8_2x1_intrawave_v1,0,6,27.217666666666663,0.0,passed,
1792,7168,768,ck_16_split0,ck,16,0,a8w8_blockscale_bpreshuffle_1x128x128_256x64x128x256_16x16_16x16_16x16x1_16x16x1_1x32x1x8_8_2x1_intrawave_v1,0,7,29.97382978723403,0.0,passed,
1792,7168,768,ck_17_split0,ck,17,0,a8w8_blockscale_bpreshuffle_1x128x128_256x64x64x256_16x16_16x16_16x16x1_16x16x1_1x32x1x8_8_2x1_intrawave_v1,0,8,37.07384000000001,0.0,passed,
1792,7168,768,cktile_0_split0,cktile,0,0,a8w8_blockscale_cktile_16x128x256_1x4x1_16x16x128_intrawave_0x1x0_1,0,9,47.66937500000003,0.0,passed,
1792,7168,768,cktile_1_split0,cktile,1,0,a8w8_blockscale_cktile_16x128x256_1x4x1_16x16x128_intrawave_0x1x0_2,0,10,47.78548979591835,0.0,passed,
1792,7168,768,cktile_2_split0,cktile,2,0,a8w8_blockscale_cktile_16x128x256_1x4x1_16x16x64_intrawave_0x1x0_1,0,11,49.09,0.0,passed,
1792,7168,768,cktile_3_split0,cktile,3,0,a8w8_blockscale_cktile_16x128x256_1x4x1_16x16x64_intrawave_0x1x0_2,0,12,45.52493999999998,0.0,passed,
1792,7168,768,cktile_4_split0,cktile,4,0,a8w8_blockscale_cktile_32x128x128_1x4x1_16x16x128_intrawave_0x1x0_1,0,13,36.17497826086955,0.0,passed,
1792,7168,768,cktile_5_split0,cktile,5,0,a8w8_blockscale_cktile_32x128x128_1x4x1_16x16x128_intrawave_0x1x0_2,0,14,36.11593750000002,0.0,passed,
1792,7168,768,cktile_6_split0,cktile,6,0,a8w8_blockscale_cktile_32x128x128_1x4x1_16x16x64_intrawave_0x1x0_1,0,15,35.123395833333326,0.0,passed,
1792,7168,768,cktile_7_split0,cktile,7,0,a8w8_blockscale_cktile_32x128x128_1x4x1_16x16x64_intrawave_0x1x0_2,0,16,35.88822448979592,0.0,passed,
1792,7168,768,cktile_8_split0,cktile,8,0,a8w8_blockscale_cktile_128x128x128_1x4x1_16x16x128_intrawave_0x1x0_1,0,17,35.01758333333334,0.0,passed,
1792,7168,768,cktile_9_split0,cktile,9,0,a8w8_blockscale_cktile_128x128x128_1x4x1_16x16x128_intrawave_0x1x0_1,0,18,35.01056521739131,0.0,passed,
1792,7168,768,cktile_10_split0,cktile,10,0,a8w8_blockscale_cktile_128x128x128_2x2x1_16x16x128_intrawave_0x1x0_2,0,19,34.75258333333333,0.0,passed,
1792,7168,768,cktile_11_split0,cktile,11,0,a8w8_blockscale_cktile_192x256x128_4x2x1_16x16x128_intrawave_0x1x0_1,0,20,27.46652,0.0,passed,
1792,7168,768,cktile_12_split0,cktile,12,0,a8w8_blockscale_cktile_192x256x128_4x2x1_16x16x128_intrawave_0x1x0_1_aqrm,0,21,27.388120000000004,0.0,passed,
1792,7168,768,cktile_13_split0,cktile,13,0,a8w8_blockscale_cktile_16x128x256_1x4x1_16x16x128_intrawave_0x1x0_3,0,22,47.888326530612225,0.0,passed,
1792,7168,768,cktile_14_split0,cktile,14,0,a8w8_blockscale_cktile_16x128x256_1x4x1_16x16x128_intrawave_0x1x0_4,0,23,59.35947999999995,0.0,passed,
1792,7168,768,cktile_15_split0,cktile,15,0,a8w8_blockscale_cktile_16x128x256_1x4x1_16x16x64_intrawave_0x1x0_3,0,24,45.16413999999999,0.0,passed,
1792,7168,768,cktile_16_split0,cktile,16,0,a8w8_blockscale_cktile_16x128x256_1x4x1_16x16x64_intrawave_0x1x0_4,0,25,48.396062500000006,0.0,passed,
1792,7168,768,cktile_17_split0,cktile,17,0,a8w8_blockscale_cktile_32x128x128_1x4x1_16x16x128_intrawave_0x1x0_3,0,26,35.81924999999999,0.0,passed,
1792,7168,768,cktile_18_split0,cktile,18,0,a8w8_blockscale_cktile_32x128x128_1x4x1_16x16x128_intrawave_0x1x0_4,0,27,36.32002,0.0,passed,
1792,7168,768,cktile_19_split0,cktile,19,0,a8w8_blockscale_cktile_32x128x128_1x4x1_16x16x64_intrawave_0x1x0_3,0,28,36.11922448979592,0.0,passed,
1792,7168,768,cktile_20_split0,cktile,20,0,a8w8_blockscale_cktile_32x128x128_1x4x1_16x16x64_intrawave_0x1x0_4,0,29,35.94886956521739,0.0,passed,
1792,7168,768,cktile_21_split0,cktile,21,0,a8w8_blockscale_cktile_128x128x128_1x4x1_16x16x128_intrawave_0x1x0_2,0,30,35.07006250000003,0.0,passed,
1792,7168,768,cktile_22_split0,cktile,22,0,a8w8_blockscale_cktile_128x128x128_1x4x1_16x16x128_intrawave_0x1x0_3,0,31,98.596693877551,0.0,passed,
1792,7168,768,cktile_23_split0,cktile,23,0,a8w8_blockscale_cktile_128x128x128_1x4x1_16x16x128_intrawave_0x1x0_4,0,32,128.57093877551017,0.0,passed,
1792,7168,768,cktile_24_split0,cktile,24,0,a8w8_blockscale_cktile_128x128x128_2x2x1_16x16x128_intrawave_0x1x0_1,0,33,34.80536956521737,0.0,passed,
1792,7168,768,cktile_25_split0,cktile,25,0,a8w8_blockscale_cktile_128x128x128_2x2x1_16x16x128_intrawave_0x1x0_3,0,34,103.3248,0.0,passed,
1792,7168,768,cktile_26_split0,cktile,26,0,a8w8_blockscale_cktile_128x128x128_2x2x1_16x16x128_intrawave_0x1x0_4,0,35,178.91686000000004,0.0,passed,
1792,7168,768,cktile_27_split0,cktile,27,0,a8w8_blockscale_cktile_192x256x128_4x2x1_16x16x128_intrawave_0x1x0_2,0,36,27.41052,0.0,passed,
1792,7168,768,cktile_28_split0,cktile,28,0,a8w8_blockscale_cktile_192x256x128_4x2x1_16x16x128_intrawave_0x1x0_3,0,37,27.41483673469387,0.0,passed,
1792,7168,768,cktile_29_split0,cktile,29,0,a8w8_blockscale_cktile_192x256x128_4x2x1_16x16x128_intrawave_0x1x0_4,0,38,27.328119999999995,0.0,passed,
1792,7168,768,cktile_30_split0,cktile,30,0,a8w8_blockscale_cktile_192x256x128_4x2x1_16x16x128_intrawave_0x1x0_2_aqrm,0,39,27.3303829787234,0.0,passed,
1792,7168,768,cktile_31_split0,cktile,31,0,a8w8_blockscale_cktile_192x256x128_4x2x1_16x16x128_intrawave_0x1x0_3_aqrm,0,40,27.318500000000014,0.0,passed,
1792,7168,768,cktile_32_split0,cktile,32,0,a8w8_blockscale_cktile_192x256x128_4x2x1_16x16x128_intrawave_0x1x0_4_aqrm,0,41,27.297191489361694,0.0,passed,
1792,7168,768,opus_9000,opus,9000,0,opus_gemm_gfx950_a8w8_mxscale_gemm_bpreshuffle_256x256x256x128_2x2_16x16x128_1x128x128_tiles1_nooob,0,42,19.800840000000004,0.0,passed,
1792,7168,768,opus_9010,opus,9010,0,opus_gemm_gfx950_a8w8_mxscale_gemm_bpreshuffle_256x128x128x128_2x2_16x16x128_1x128x128_tiles1_nooob,0,43,28.793612244897968,0.0,passed,
1792,7168,768,opus_9011,opus,9011,0,opus_gemm_gfx950_a8w8_mxscale_gemm_bpreshuffle_256x64x128x128_2x2_16x16x128_1x128x128_tiles1_nooob,0,44,28.237645833333318,0.0,passed,
1792,7168,768,opus_9012,opus,9012,0,opus_gemm_gfx950_a8w8_mxscale_gemm_bpreshuffle_256x64x64x128_2x2_16x16x128_1x128x128_tiles1_nooob,0,45,34.328199999999995,0.0,passed,
1792,7168,768,opus_9020,opus,9020,0,opus_gemm_gfx950_a8w8_mxscale_gemm_bpreshuffle_256x256x256x128_2x2_16x16x128_1x128x128_tiles1,0,46,21.01638775510205,0.0,passed,
1792,7168,768,ck_0_split0,ck,0,0,a8w8_blockscale_bpreshuffle_1x128x128_256x128x128x128_16x16_16x16_8x32x1_8x32x1_1x32x1x8_8_2x1_intrawave_v3,0,47,28.30055102040816,0.0,passed,
1792,7168,768,ck_1_split0,ck,1,0,a8w8_blockscale_bpreshuffle_1x128x128_256x64x128x128_16x16_16x16_8x32x1_8x32x1_1x32x1x8_8_2x1_intrawave_v3,0,48,25.498061224489796,0.0,passed,
1792,7168,768,ck_2_split0,ck,2,0,a8w8_blockscale_bpreshuffle_1x128x128_256x64x64x128_16x16_16x16_8x32x1_8x32x1_1x32x1x8_8_2x1_intrawave_v3,0,49,28.024919999999995,0.0,passed,
1792,7168,768,ck_3_split0,ck,3,0,a8w8_blockscale_bpreshuffle_1x128x128_256x16x256x128_8x16_16x16_16x16x1_8x32x1_1x16x1x16_8_1x2_intrawave_v1,0,50,36.66291304347825,0.0,passed,
1792,7168,768,ck_4_split0,ck,4,0,a8w8_blockscale_bpreshuffle_1x128x128_256x16x128x128_8x16_16x16_16x16x1_8x32x1_1x16x1x16_8_1x2_intrawave_v1,0,51,38.98779166666665,0.0,passed,
1792,7168,768,ck_5_split0,ck,5,0,a8w8_blockscale_bpreshuffle_1x128x128_256x16x64x128_8x16_16x16_16x16x1_8x32x1_1x16x1x16_4_1x1_intrawave_v1,0,52,44.961589743589734,0.0,passed,
1792,7168,768,ck_6_split0,ck,6,0,a8w8_blockscale_bpreshuffle_1x128x128_256x16x128x256_16x16_16x16_16x16x1_16x16x1_1x16x1x16_8_1x2_intrawave_v1,0,53,39.68185999999998,0.0,passed,
1792,7168,768,ck_7_split0,ck,7,0,a8w8_blockscale_bpreshuffle_1x128x128_256x16x64x256_16x16_16x16_16x16x1_16x16x1_1x16x1x16_4_1x1_intrawave_v1,0,54,47.471042553191495,0.0,passed,
1792,7168,768,ck_8_split0,ck,8,0,a8w8_blockscale_bpreshuffle_1x128x128_256x32x256x128_16x16_16x16_8x32x1_8x32x1_1x32x1x8_8_2x1_intrawave_v1,0,55,26.793361702127658,0.0,passed,
1792,7168,768,ck_9_split0,ck,9,0,a8w8_blockscale_bpreshuffle_1x128x128_256x32x128x128_16x16_16x16_8x32x1_8x32x1_1x32x1x8_8_2x1_intrawave_v1,1,0,26.335116279069776,0.0,passed,
1792,7168,768,ck_8_split0,ck,8,0,a8w8_blockscale_bpreshuffle_1x128x128_256x32x256x128_16x16_16x16_8x32x1_8x32x1_1x32x1x8_8_2x1_intrawave_v1,1,1,26.829312499999986,0.0,passed,
1792,7168,768,ck_7_split0,ck,7,0,a8w8_blockscale_bpreshuffle_1x128x128_256x16x64x256_16x16_16x16_16x16x1_16x16x1_1x16x1x16_4_1x1_intrawave_v1,1,2,46.43531578947369,0.0,passed,
1792,7168,768,ck_6_split0,ck,6,0,a8w8_blockscale_bpreshuffle_1x128x128_256x16x128x256_16x16_16x16_16x16x1_16x16x1_1x16x1x16_8_1x2_intrawave_v1,1,3,39.17384000000001,0.0,passed,
1792,7168,768,ck_5_split0,ck,5,0,a8w8_blockscale_bpreshuffle_1x128x128_256x16x64x128_8x16_16x16_16x16x1_8x32x1_1x16x1x16_4_1x1_intrawave_v1,1,4,45.83551999999998,0.0,passed,
1792,7168,768,ck_4_split0,ck,4,0,a8w8_blockscale_bpreshuffle_1x128x128_256x16x128x128_8x16_16x16_16x16x1_8x32x1_1x16x1x16_8_1x2_intrawave_v1,1,5,39.78666000000001,0.0,passed,
1792,7168,768,ck_3_split0,ck,3,0,a8w8_blockscale_bpreshuffle_1x128x128_256x16x256x128_8x16_16x16_16x16x1_8x32x1_1x16x1x16_8_1x2_intrawave_v1,1,6,36.65004081632653,0.0,passed,
1792,7168,768,ck_2_split0,ck,2,0,a8w8_blockscale_bpreshuffle_1x128x128_256x64x64x128_16x16_16x16_8x32x1_8x32x1_1x32x1x8_8_2x1_intrawave_v3,1,7,27.98014583333334,0.0,passed,
1792,7168,768,ck_1_split0,ck,1,0,a8w8_blockscale_bpreshuffle_1x128x128_256x64x128x128_16x16_16x16_8x32x1_8x32x1_1x32x1x8_8_2x1_intrawave_v3,1,8,25.525958333333325,0.0,passed,
1792,7168,768,ck_0_split0,ck,0,0,a8w8_blockscale_bpreshuffle_1x128x128_256x128x128x128_16x16_16x16_8x32x1_8x32x1_1x32x1x8_8_2x1_intrawave_v3,1,9,28.286833333333334,0.0,passed,
1792,7168,768,opus_9020,opus,9020,0,opus_gemm_gfx950_a8w8_mxscale_gemm_bpreshuffle_256x256x256x128_2x2_16x16x128_1x128x128_tiles1,1,10,21.082459999999998,0.0,passed,
1792,7168,768,opus_9012,opus,9012,0,opus_gemm_gfx950_a8w8_mxscale_gemm_bpreshuffle_256x64x64x128_2x2_16x16x128_1x128x128_tiles1_nooob,1,11,34.04531914893618,0.0,passed,
1792,7168,768,opus_9011,opus,9011,0,opus_gemm_gfx950_a8w8_mxscale_gemm_bpreshuffle_256x64x128x128_2x2_16x16x128_1x128x128_tiles1_nooob,1,12,28.34097916666667,0.0,passed,
1792,7168,768,opus_9010,opus,9010,0,opus_gemm_gfx950_a8w8_mxscale_gemm_bpreshuffle_256x128x128x128_2x2_16x16x128_1x128x128_tiles1_nooob,1,13,28.715847826086954,0.0,passed,
1792,7168,768,opus_9000,opus,9000,0,opus_gemm_gfx950_a8w8_mxscale_gemm_bpreshuffle_256x256x256x128_2x2_16x16x128_1x128x128_tiles1_nooob,1,14,19.766571428571428,0.0,passed,
1792,7168,768,cktile_32_split0,cktile,32,0,a8w8_blockscale_cktile_192x256x128_4x2x1_16x16x128_intrawave_0x1x0_4_aqrm,1,15,27.19452,0.0,passed,
1792,7168,768,cktile_31_split0,cktile,31,0,a8w8_blockscale_cktile_192x256x128_4x2x1_16x16x128_intrawave_0x1x0_3_aqrm,1,16,27.405857142857133,0.0,passed,
1792,7168,768,cktile_30_split0,cktile,30,0,a8w8_blockscale_cktile_192x256x128_4x2x1_16x16x128_intrawave_0x1x0_2_aqrm,1,17,27.439326530612238,0.0,passed,
1792,7168,768,cktile_29_split0,cktile,29,0,a8w8_blockscale_cktile_192x256x128_4x2x1_16x16x128_intrawave_0x1x0_4,1,18,27.297699999999995,0.0,passed,
1792,7168,768,cktile_28_split0,cktile,28,0,a8w8_blockscale_cktile_192x256x128_4x2x1_16x16x128_intrawave_0x1x0_3,1,19,27.398510204081635,0.0,passed,
1792,7168,768,cktile_27_split0,cktile,27,0,a8w8_blockscale_cktile_192x256x128_4x2x1_16x16x128_intrawave_0x1x0_2,1,20,27.385720000000003,0.0,passed,
1792,7168,768,cktile_26_split0,cktile,26,0,a8w8_blockscale_cktile_128x128x128_2x2x1_16x16x128_intrawave_0x1x0_4,1,21,178.16808000000015,0.0,passed,
1792,7168,768,cktile_25_split0,cktile,25,0,a8w8_blockscale_cktile_128x128x128_2x2x1_16x16x128_intrawave_0x1x0_3,1,22,103.7352,0.0,passed,
1792,7168,768,cktile_24_split0,cktile,24,0,a8w8_blockscale_cktile_128x128x128_2x2x1_16x16x128_intrawave_0x1x0_1,1,23,35.09172916666669,0.0,passed,
1792,7168,768,cktile_23_split0,cktile,23,0,a8w8_blockscale_cktile_128x128x128_1x4x1_16x16x128_intrawave_0x1x0_4,1,24,128.9995,0.0,passed,
1792,7168,768,cktile_22_split0,cktile,22,0,a8w8_blockscale_cktile_128x128x128_1x4x1_16x16x128_intrawave_0x1x0_3,1,25,98.9266458333333,0.0,passed,
1792,7168,768,cktile_21_split0,cktile,21,0,a8w8_blockscale_cktile_128x128x128_1x4x1_16x16x128_intrawave_0x1x0_2,1,26,35.82675000000001,0.0,passed,
1792,7168,768,cktile_20_split0,cktile,20,0,a8w8_blockscale_cktile_32x128x128_1x4x1_16x16x64_intrawave_0x1x0_4,1,27,36.48985714285715,0.0,passed,
1792,7168,768,cktile_19_split0,cktile,19,0,a8w8_blockscale_cktile_32x128x128_1x4x1_16x16x64_intrawave_0x1x0_3,1,28,36.312222222222196,0.0,passed,
1792,7168,768,cktile_18_split0,cktile,18,0,a8w8_blockscale_cktile_32x128x128_1x4x1_16x16x128_intrawave_0x1x0_4,1,29,36.668212765957456,0.0,passed,
1792,7168,768,cktile_17_split0,cktile,17,0,a8w8_blockscale_cktile_32x128x128_1x4x1_16x16x128_intrawave_0x1x0_3,1,30,36.40113636363637,0.0,passed,
1792,7168,768,cktile_16_split0,cktile,16,0,a8w8_blockscale_cktile_16x128x256_1x4x1_16x16x64_intrawave_0x1x0_4,1,31,48.52455,0.0,passed,
1792,7168,768,cktile_15_split0,cktile,15,0,a8w8_blockscale_cktile_16x128x256_1x4x1_16x16x64_intrawave_0x1x0_3,1,32,46.004120000000015,0.0,passed,
1792,7168,768,cktile_14_split0,cktile,14,0,a8w8_blockscale_cktile_16x128x256_1x4x1_16x16x128_intrawave_0x1x0_4,1,33,58.72112244897963,0.0,passed,
1792,7168,768,cktile_13_split0,cktile,13,0,a8w8_blockscale_cktile_16x128x256_1x4x1_16x16x128_intrawave_0x1x0_3,1,34,48.00496000000002,0.0,passed,
1792,7168,768,cktile_12_split0,cktile,12,0,a8w8_blockscale_cktile_192x256x128_4x2x1_16x16x128_intrawave_0x1x0_1_aqrm,1,35,27.403387755102056,0.0,passed,
1792,7168,768,cktile_11_split0,cktile,11,0,a8w8_blockscale_cktile_192x256x128_4x2x1_16x16x128_intrawave_0x1x0_1,1,36,27.345720000000014,0.0,passed,
1792,7168,768,cktile_10_split0,cktile,10,0,a8w8_blockscale_cktile_128x128x128_2x2x1_16x16x128_intrawave_0x1x0_2,1,37,35.042489795918364,0.0,passed,
1792,7168,768,cktile_9_split0,cktile,9,0,a8w8_blockscale_cktile_128x128x128_1x4x1_16x16x128_intrawave_0x1x0_1,1,38,35.504249999999985,0.0,passed,
1792,7168,768,cktile_8_split0,cktile,8,0,a8w8_blockscale_cktile_128x128x128_1x4x1_16x16x128_intrawave_0x1x0_1,1,39,35.395872340425534,0.0,passed,
1792,7168,768,cktile_7_split0,cktile,7,0,a8w8_blockscale_cktile_32x128x128_1x4x1_16x16x64_intrawave_0x1x0_2,1,40,36.38886956521741,0.0,passed,
1792,7168,768,cktile_6_split0,cktile,6,0,a8w8_blockscale_cktile_32x128x128_1x4x1_16x16x64_intrawave_0x1x0_1,1,41,35.542419999999986,0.0,passed,
1792,7168,768,cktile_5_split0,cktile,5,0,a8w8_blockscale_cktile_32x128x128_1x4x1_16x16x128_intrawave_0x1x0_2,1,42,36.412583333333316,0.0,passed,
1792,7168,768,cktile_4_split0,cktile,4,0,a8w8_blockscale_cktile_32x128x128_1x4x1_16x16x128_intrawave_0x1x0_1,1,43,36.41312244897959,0.0,passed,
1792,7168,768,cktile_3_split0,cktile,3,0,a8w8_blockscale_cktile_16x128x256_1x4x1_16x16x64_intrawave_0x1x0_2,1,44,45.37725531914896,0.0,passed,
1792,7168,768,cktile_2_split0,cktile,2,0,a8w8_blockscale_cktile_16x128x256_1x4x1_16x16x64_intrawave_0x1x0_1,1,45,50.00577999999996,0.0,passed,
1792,7168,768,cktile_1_split0,cktile,1,0,a8w8_blockscale_cktile_16x128x256_1x4x1_16x16x128_intrawave_0x1x0_2,1,46,48.13979591836732,0.0,passed,
1792,7168,768,cktile_0_split0,cktile,0,0,a8w8_blockscale_cktile_16x128x256_1x4x1_16x16x128_intrawave_0x1x0_1,1,47,48.23104166666667,0.0,passed,
1792,7168,768,ck_17_split0,ck,17,0,a8w8_blockscale_bpreshuffle_1x128x128_256x64x64x256_16x16_16x16_16x16x1_16x16x1_1x32x1x8_8_2x1_intrawave_v1,1,48,37.04182000000001,0.0,passed,
1792,7168,768,ck_16_split0,ck,16,0,a8w8_blockscale_bpreshuffle_1x128x128_256x64x128x256_16x16_16x16_16x16x1_16x16x1_1x32x1x8_8_2x1_intrawave_v1,1,49,30.006714285714274,0.0,passed,
1792,7168,768,ck_15_split0,ck,15,0,a8w8_blockscale_bpreshuffle_1x128x128_256x64x64x128_16x16_16x16_8x32x1_8x32x1_1x32x1x8_8_2x1_intrawave_v1,1,50,27.280170212765956,0.0,passed,
1792,7168,768,ck_14_split0,ck,14,0,a8w8_blockscale_bpreshuffle_1x128x128_256x64x128x128_16x16_16x16_8x32x1_8x32x1_1x32x1x8_8_2x1_intrawave_v1,1,51,25.454291666666673,0.0,passed,
1792,7168,768,ck_13_split0,ck,13,0,a8w8_blockscale_bpreshuffle_1x128x128_256x64x256x128_16x16_16x16_8x32x1_8x32x1_1x32x1x8_8_2x1_intrawave_v1,1,52,27.372914893617036,0.0,passed,
1792,7168,768,ck_12_split0,ck,12,0,a8w8_blockscale_bpreshuffle_1x128x128_256x32x64x256_16x16_16x16_16x16x1_16x16x1_1x32x1x8_8_2x1_intrawave_v1,1,53,33.77161224489795,0.0,passed,
1792,7168,768,ck_11_split0,ck,11,0,a8w8_blockscale_bpreshuffle_1x128x128_256x32x128x256_16x16_16x16_16x16x1_16x16x1_1x32x1x8_8_2x1_intrawave_v1,1,54,28.569097560975628,0.0,passed,
1792,7168,768,ck_10_split0,ck,10,0,a8w8_blockscale_bpreshuffle_1x128x128_256x32x64x128_16x16_16x16_8x32x1_8x32x1_1x32x1x8_8_2x1_intrawave_v1,1,55,29.412687500000008,0.0,passed,
1792,7168,768,ck_11_split0,ck,11,0,a8w8_blockscale_bpreshuffle_1x128x128_256x32x128x256_16x16_16x16_16x16x1_16x16x1_1x32x1x8_8_2x1_intrawave_v1,2,0,28.82332000000001,0.0,passed,
1792,7168,768,ck_12_split0,ck,12,0,a8w8_blockscale_bpreshuffle_1x128x128_256x32x64x256_16x16_16x16_16x16x1_16x16x1_1x32x1x8_8_2x1_intrawave_v1,2,1,34.42797959183673,0.0,passed,
1792,7168,768,ck_13_split0,ck,13,0,a8w8_blockscale_bpreshuffle_1x128x128_256x64x256x128_16x16_16x16_8x32x1_8x32x1_1x32x1x8_8_2x1_intrawave_v1,2,2,27.418914893617014,0.0,passed,
1792,7168,768,ck_14_split0,ck,14,0,a8w8_blockscale_bpreshuffle_1x128x128_256x64x128x128_16x16_16x16_8x32x1_8x32x1_1x32x1x8_8_2x1_intrawave_v1,2,3,25.401791666666664,0.0,passed,
1792,7168,768,ck_15_split0,ck,15,0,a8w8_blockscale_bpreshuffle_1x128x128_256x64x64x128_16x16_16x16_8x32x1_8x32x1_1x32x1x8_8_2x1_intrawave_v1,2,4,27.20189361702128,0.0,passed,
1792,7168,768,ck_16_split0,ck,16,0,a8w8_blockscale_bpreshuffle_1x128x128_256x64x128x256_16x16_16x16_16x16x1_16x16x1_1x32x1x8_8_2x1_intrawave_v1,2,5,30.072574468085072,0.0,passed,
1792,7168,768,ck_17_split0,ck,17,0,a8w8_blockscale_bpreshuffle_1x128x128_256x64x64x256_16x16_16x16_16x16x1_16x16x1_1x32x1x8_8_2x1_intrawave_v1,2,6,37.29642553191489,0.0,passed,
1792,7168,768,cktile_0_split0,cktile,0,0,a8w8_blockscale_cktile_16x128x256_1x4x1_16x16x128_intrawave_0x1x0_1,2,7,47.635934782608686,0.0,passed,
1792,7168,768,cktile_1_split0,cktile,1,0,a8w8_blockscale_cktile_16x128x256_1x4x1_16x16x128_intrawave_0x1x0_2,2,8,47.81374000000002,0.0,passed,
1792,7168,768,cktile_2_split0,cktile,2,0,a8w8_blockscale_cktile_16x128x256_1x4x1_16x16x64_intrawave_0x1x0_1,2,9,48.904285714285734,0.0,passed,
1792,7168,768,cktile_3_split0,cktile,3,0,a8w8_blockscale_cktile_16x128x256_1x4x1_16x16x64_intrawave_0x1x0_2,2,10,44.96516666666666,0.0,passed,
1792,7168,768,cktile_4_split0,cktile,4,0,a8w8_blockscale_cktile_32x128x128_1x4x1_16x16x128_intrawave_0x1x0_1,2,11,36.16568181818181,0.0,passed,
1792,7168,768,cktile_5_split0,cktile,5,0,a8w8_blockscale_cktile_32x128x128_1x4x1_16x16x128_intrawave_0x1x0_2,2,12,35.902897959183676,0.0,passed,
1792,7168,768,cktile_6_split0,cktile,6,0,a8w8_blockscale_cktile_32x128x128_1x4x1_16x16x64_intrawave_0x1x0_1,2,13,35.27024489795917,0.0,passed,
1792,7168,768,cktile_7_split0,cktile,7,0,a8w8_blockscale_cktile_32x128x128_1x4x1_16x16x64_intrawave_0x1x0_2,2,14,36.29756521739129,0.0,passed,
1792,7168,768,cktile_8_split0,cktile,8,0,a8w8_blockscale_cktile_128x128x128_1x4x1_16x16x128_intrawave_0x1x0_1,2,15,35.147108695652165,0.0,passed,
1792,7168,768,cktile_9_split0,cktile,9,0,a8w8_blockscale_cktile_128x128x128_1x4x1_16x16x128_intrawave_0x1x0_1,2,16,35.28820408163266,0.0,passed,
1792,7168,768,cktile_10_split0,cktile,10,0,a8w8_blockscale_cktile_128x128x128_2x2x1_16x16x128_intrawave_0x1x0_2,2,17,34.847541666666665,0.0,passed,
1792,7168,768,cktile_11_split0,cktile,11,0,a8w8_blockscale_cktile_192x256x128_4x2x1_16x16x128_intrawave_0x1x0_1,2,18,27.455319999999997,0.0,passed,
1792,7168,768,cktile_12_split0,cktile,12,0,a8w8_blockscale_cktile_192x256x128_4x2x1_16x16x128_intrawave_0x1x0_1_aqrm,2,19,27.355042553191495,0.0,passed,
1792,7168,768,cktile_13_split0,cktile,13,0,a8w8_blockscale_cktile_16x128x256_1x4x1_16x16x128_intrawave_0x1x0_3,2,20,48.0679387755102,0.0,passed,
1792,7168,768,cktile_14_split0,cktile,14,0,a8w8_blockscale_cktile_16x128x256_1x4x1_16x16x128_intrawave_0x1x0_4,2,21,59.27468000000001,0.0,passed,
1792,7168,768,cktile_15_split0,cktile,15,0,a8w8_blockscale_cktile_16x128x256_1x4x1_16x16x64_intrawave_0x1x0_3,2,22,44.88230952380954,0.0,passed,
1792,7168,768,cktile_16_split0,cktile,16,0,a8w8_blockscale_cktile_16x128x256_1x4x1_16x16x64_intrawave_0x1x0_4,2,23,48.51342553191488,0.0,passed,
1792,7168,768,cktile_17_split0,cktile,17,0,a8w8_blockscale_cktile_32x128x128_1x4x1_16x16x128_intrawave_0x1x0_3,2,24,36.36843750000002,0.0,passed,
1792,7168,768,cktile_18_split0,cktile,18,0,a8w8_blockscale_cktile_32x128x128_1x4x1_16x16x128_intrawave_0x1x0_4,2,25,36.04375555555556,0.0,passed,
1792,7168,768,cktile_19_split0,cktile,19,0,a8w8_blockscale_cktile_32x128x128_1x4x1_16x16x64_intrawave_0x1x0_3,2,26,36.03091666666665,0.0,passed,
1792,7168,768,cktile_20_split0,cktile,20,0,a8w8_blockscale_cktile_32x128x128_1x4x1_16x16x64_intrawave_0x1x0_4,2,27,35.933744680851056,0.0,passed,
1792,7168,768,cktile_21_split0,cktile,21,0,a8w8_blockscale_cktile_128x128x128_1x4x1_16x16x128_intrawave_0x1x0_2,2,28,35.06736170212764,0.0,passed,
1792,7168,768,cktile_22_split0,cktile,22,0,a8w8_blockscale_cktile_128x128x128_1x4x1_16x16x128_intrawave_0x1x0_3,2,29,98.67674000000002,0.0,passed,
1792,7168,768,cktile_23_split0,cktile,23,0,a8w8_blockscale_cktile_128x128x128_1x4x1_16x16x128_intrawave_0x1x0_4,2,30,129.00590000000003,0.0,passed,
1792,7168,768,cktile_24_split0,cktile,24,0,a8w8_blockscale_cktile_128x128x128_2x2x1_16x16x128_intrawave_0x1x0_1,2,31,34.89841304347824,0.0,passed,
1792,7168,768,cktile_25_split0,cktile,25,0,a8w8_blockscale_cktile_128x128x128_2x2x1_16x16x128_intrawave_0x1x0_3,2,32,103.64880000000008,0.0,passed,
1792,7168,768,cktile_26_split0,cktile,26,0,a8w8_blockscale_cktile_128x128x128_2x2x1_16x16x128_intrawave_0x1x0_4,2,33,177.7928600000002,0.0,passed,
1792,7168,768,cktile_27_split0,cktile,27,0,a8w8_blockscale_cktile_192x256x128_4x2x1_16x16x128_intrawave_0x1x0_2,2,34,27.45049999999999,0.0,passed,
1792,7168,768,cktile_28_split0,cktile,28,0,a8w8_blockscale_cktile_192x256x128_4x2x1_16x16x128_intrawave_0x1x0_3,2,35,27.367319999999996,0.0,passed,
1792,7168,768,cktile_29_split0,cktile,29,0,a8w8_blockscale_cktile_192x256x128_4x2x1_16x16x128_intrawave_0x1x0_4,2,36,27.353720000000006,0.0,passed,
1792,7168,768,cktile_30_split0,cktile,30,0,a8w8_blockscale_cktile_192x256x128_4x2x1_16x16x128_intrawave_0x1x0_2_aqrm,2,37,27.460920000000005,0.0,passed,
1792,7168,768,cktile_31_split0,cktile,31,0,a8w8_blockscale_cktile_192x256x128_4x2x1_16x16x128_intrawave_0x1x0_3_aqrm,2,38,27.340120000000006,0.0,passed,
1792,7168,768,cktile_32_split0,cktile,32,0,a8w8_blockscale_cktile_192x256x128_4x2x1_16x16x128_intrawave_0x1x0_4_aqrm,2,39,27.303320000000003,0.0,passed,
1792,7168,768,opus_9000,opus,9000,0,opus_gemm_gfx950_a8w8_mxscale_gemm_bpreshuffle_256x256x256x128_2x2_16x16x128_1x128x128_tiles1_nooob,2,40,19.76722,0.0,passed,
1792,7168,768,opus_9010,opus,9010,0,opus_gemm_gfx950_a8w8_mxscale_gemm_bpreshuffle_256x128x128x128_2x2_16x16x128_1x128x128_tiles1_nooob,2,41,28.754354166666676,0.0,passed,
1792,7168,768,opus_9011,opus,9011,0,opus_gemm_gfx950_a8w8_mxscale_gemm_bpreshuffle_256x64x128x128_2x2_16x16x128_1x128x128_tiles1_nooob,2,42,28.40252,0.0,passed,
1792,7168,768,opus_9012,opus,9012,0,opus_gemm_gfx950_a8w8_mxscale_gemm_bpreshuffle_256x64x64x128_2x2_16x16x128_1x128x128_tiles1_nooob,2,43,34.273,0.0,passed,
1792,7168,768,opus_9020,opus,9020,0,opus_gemm_gfx950_a8w8_mxscale_gemm_bpreshuffle_256x256x256x128_2x2_16x16x128_1x128x128_tiles1,2,44,21.06403999999999,0.0,passed,
1792,7168,768,ck_0_split0,ck,0,0,a8w8_blockscale_bpreshuffle_1x128x128_256x128x128x128_16x16_16x16_8x32x1_8x32x1_1x32x1x8_8_2x1_intrawave_v3,2,45,28.251000000000005,0.0,passed,
1792,7168,768,ck_1_split0,ck,1,0,a8w8_blockscale_bpreshuffle_1x128x128_256x64x128x128_16x16_16x16_8x32x1_8x32x1_1x32x1x8_8_2x1_intrawave_v3,2,46,25.432347826086954,0.0,passed,
1792,7168,768,ck_2_split0,ck,2,0,a8w8_blockscale_bpreshuffle_1x128x128_256x64x64x128_16x16_16x16_8x32x1_8x32x1_1x32x1x8_8_2x1_intrawave_v3,2,47,27.99195918367346,0.0,passed,
1792,7168,768,ck_3_split0,ck,3,0,a8w8_blockscale_bpreshuffle_1x128x128_256x16x256x128_8x16_16x16_16x16x1_8x32x1_1x16x1x16_8_1x2_intrawave_v1,2,48,36.51602127659576,0.0,passed,
1792,7168,768,ck_4_split0,ck,4,0,a8w8_blockscale_bpreshuffle_1x128x128_256x16x128x128_8x16_16x16_16x16x1_8x32x1_1x16x1x16_8_1x2_intrawave_v1,2,49,39.620259999999995,0.0,passed,
1792,7168,768,ck_5_split0,ck,5,0,a8w8_blockscale_bpreshuffle_1x128x128_256x16x64x128_8x16_16x16_16x16x1_8x32x1_1x16x1x16_4_1x1_intrawave_v1,2,50,44.53069767441859,0.0,passed,
1792,7168,768,ck_6_split0,ck,6,0,a8w8_blockscale_bpreshuffle_1x128x128_256x16x128x256_16x16_16x16_16x16x1_16x16x1_1x16x1x16_8_1x2_intrawave_v1,2,51,38.78412765957446,0.0,passed,
1792,7168,768,ck_7_split0,ck,7,0,a8w8_blockscale_bpreshuffle_1x128x128_256x16x64x256_16x16_16x16_16x16x1_16x16x1_1x16x1x16_4_1x1_intrawave_v1,2,52,47.00155000000001,0.0,passed,
1792,7168,768,ck_8_split0,ck,8,0,a8w8_blockscale_bpreshuffle_1x128x128_256x32x256x128_16x16_16x16_8x32x1_8x32x1_1x32x1x8_8_2x1_intrawave_v1,2,53,26.758468085106376,0.0,passed,
1792,7168,768,ck_9_split0,ck,9,0,a8w8_blockscale_bpreshuffle_1x128x128_256x32x128x128_16x16_16x16_8x32x1_8x32x1_1x32x1x8_8_2x1_intrawave_v1,2,54,26.2866530612245,0.0,passed,
1792,7168,768,ck_10_split0,ck,10,0,a8w8_blockscale_bpreshuffle_1x128x128_256x32x64x128_16x16_16x16_8x32x1_8x32x1_1x32x1x8_8_2x1_intrawave_v1,2,55,29.436511627906977,0.0,passed,
20480,7168,768,ck_10_split0,ck,10,0,a8w8_blockscale_bpreshuffle_1x128x128_256x32x64x128_16x16_16x16_8x32x1_8x32x1_1x32x1x8_8_2x1_intrawave_v1,0,0,293.9615531914895,0.0,passed,
20480,7168,768,ck_11_split0,ck,11,0,a8w8_blockscale_bpreshuffle_1x128x128_256x32x128x256_16x16_16x16_16x16x1_16x16x1_1x32x1x8_8_2x1_intrawave_v1,0,1,281.52306,0.0,passed,
20480,7168,768,ck_12_split0,ck,12,0,a8w8_blockscale_bpreshuffle_1x128x128_256x32x64x256_16x16_16x16_16x16x1_16x16x1_1x32x1x8_8_2x1_intrawave_v1,0,2,344.6786304347826,0.0,passed,
20480,7168,768,ck_13_split0,ck,13,0,a8w8_blockscale_bpreshuffle_1x128x128_256x64x256x128_16x16_16x16_8x32x1_8x32x1_1x32x1x8_8_2x1_intrawave_v1,0,3,212.8934599999999,0.0,passed,
20480,7168,768,ck_14_split0,ck,14,0,a8w8_blockscale_bpreshuffle_1x128x128_256x64x128x128_16x16_16x16_8x32x1_8x32x1_1x32x1x8_8_2x1_intrawave_v1,0,4,218.07511999999994,0.0,passed,
20480,7168,768,ck_15_split0,ck,15,0,a8w8_blockscale_bpreshuffle_1x128x128_256x64x64x128_16x16_16x16_8x32x1_8x32x1_1x32x1x8_8_2x1_intrawave_v1,0,5,254.7358367346939,0.0,passed,
20480,7168,768,ck_16_split0,ck,16,0,a8w8_blockscale_bpreshuffle_1x128x128_256x64x128x256_16x16_16x16_16x16x1_16x16x1_1x32x1x8_8_2x1_intrawave_v1,0,6,257.6708,0.0,passed,
20480,7168,768,ck_17_split0,ck,17,0,a8w8_blockscale_bpreshuffle_1x128x128_256x64x64x256_16x16_16x16_16x16x1_16x16x1_1x32x1x8_8_2x1_intrawave_v1,0,7,348.9262400000001,0.0,passed,
20480,7168,768,cktile_0_split0,cktile,0,0,a8w8_blockscale_cktile_16x128x256_1x4x1_16x16x128_intrawave_0x1x0_1,0,8,426.22456000000005,0.0,passed,
20480,7168,768,cktile_1_split0,cktile,1,0,a8w8_blockscale_cktile_16x128x256_1x4x1_16x16x128_intrawave_0x1x0_2,0,9,429.6846,0.0,passed,
20480,7168,768,cktile_2_split0,cktile,2,0,a8w8_blockscale_cktile_16x128x256_1x4x1_16x16x64_intrawave_0x1x0_1,0,10,435.19424000000015,0.0,passed,
20480,7168,768,cktile_3_split0,cktile,3,0,a8w8_blockscale_cktile_16x128x256_1x4x1_16x16x64_intrawave_0x1x0_2,0,11,396.13386956521754,0.0,passed,
20480,7168,768,cktile_4_split0,cktile,4,0,a8w8_blockscale_cktile_32x128x128_1x4x1_16x16x128_intrawave_0x1x0_1,0,12,290.9965799999998,0.0,passed,
20480,7168,768,cktile_5_split0,cktile,5,0,a8w8_blockscale_cktile_32x128x128_1x4x1_16x16x128_intrawave_0x1x0_2,0,13,291.55178000000006,0.0,passed,
20480,7168,768,cktile_6_split0,cktile,6,0,a8w8_blockscale_cktile_32x128x128_1x4x1_16x16x64_intrawave_0x1x0_1,0,14,294.4006199999999,0.0,passed,
20480,7168,768,cktile_7_split0,cktile,7,0,a8w8_blockscale_cktile_32x128x128_1x4x1_16x16x64_intrawave_0x1x0_2,0,15,298.74706000000003,0.0,passed,
20480,7168,768,cktile_8_split0,cktile,8,0,a8w8_blockscale_cktile_128x128x128_1x4x1_16x16x128_intrawave_0x1x0_1,0,16,256.06955102040814,0.0,passed,
20480,7168,768,cktile_9_split0,cktile,9,0,a8w8_blockscale_cktile_128x128x128_1x4x1_16x16x128_intrawave_0x1x0_1,0,17,256.57339999999994,0.0,passed,
20480,7168,768,cktile_10_split0,cktile,10,0,a8w8_blockscale_cktile_128x128x128_2x2x1_16x16x128_intrawave_0x1x0_2,0,18,253.42429166666673,0.0,passed,
20480,7168,768,cktile_11_split0,cktile,11,0,a8w8_blockscale_cktile_192x256x128_4x2x1_16x16x128_intrawave_0x1x0_1,0,19,175.34024000000002,0.0,passed,
20480,7168,768,cktile_12_split0,cktile,12,0,a8w8_blockscale_cktile_192x256x128_4x2x1_16x16x128_intrawave_0x1x0_1_aqrm,0,20,177.19786,0.0,passed,
20480,7168,768,cktile_13_split0,cktile,13,0,a8w8_blockscale_cktile_16x128x256_1x4x1_16x16x128_intrawave_0x1x0_3,0,21,425.4709400000001,0.0,passed,
20480,7168,768,cktile_14_split0,cktile,14,0,a8w8_blockscale_cktile_16x128x256_1x4x1_16x16x128_intrawave_0x1x0_4,0,22,525.46888,0.0,passed,
20480,7168,768,cktile_15_split0,cktile,15,0,a8w8_blockscale_cktile_16x128x256_1x4x1_16x16x64_intrawave_0x1x0_3,0,23,398.5779574468086,0.0,passed,
20480,7168,768,cktile_16_split0,cktile,16,0,a8w8_blockscale_cktile_16x128x256_1x4x1_16x16x64_intrawave_0x1x0_4,0,24,429.82700000000017,0.0,passed,
20480,7168,768,cktile_17_split0,cktile,17,0,a8w8_blockscale_cktile_32x128x128_1x4x1_16x16x128_intrawave_0x1x0_3,0,25,292.92538000000013,0.0,passed,
20480,7168,768,cktile_18_split0,cktile,18,0,a8w8_blockscale_cktile_32x128x128_1x4x1_16x16x128_intrawave_0x1x0_4,0,26,291.1597600000001,0.0,passed,
20480,7168,768,cktile_19_split0,cktile,19,0,a8w8_blockscale_cktile_32x128x128_1x4x1_16x16x64_intrawave_0x1x0_3,0,27,297.57024000000007,0.0,passed,
20480,7168,768,cktile_20_split0,cktile,20,0,a8w8_blockscale_cktile_32x128x128_1x4x1_16x16x64_intrawave_0x1x0_4,0,28,299.7438599999999,0.0,passed,
20480,7168,768,cktile_21_split0,cktile,21,0,a8w8_blockscale_cktile_128x128x128_1x4x1_16x16x128_intrawave_0x1x0_2,0,29,255.13762500000004,0.0,passed,
20480,7168,768,cktile_22_split0,cktile,22,0,a8w8_blockscale_cktile_128x128x128_1x4x1_16x16x128_intrawave_0x1x0_3,0,30,710.8694400000002,0.0,passed,
20480,7168,768,cktile_23_split0,cktile,23,0,a8w8_blockscale_cktile_128x128x128_1x4x1_16x16x128_intrawave_0x1x0_4,0,31,1109.8656521739142,0.0,passed,
20480,7168,768,cktile_24_split0,cktile,24,0,a8w8_blockscale_cktile_128x128x128_2x2x1_16x16x128_intrawave_0x1x0_1,0,32,253.26706122448982,0.0,passed,
20480,7168,768,cktile_25_split0,cktile,25,0,a8w8_blockscale_cktile_128x128x128_2x2x1_16x16x128_intrawave_0x1x0_3,0,33,765.8668799999999,0.0,passed,
20480,7168,768,cktile_26_split0,cktile,26,0,a8w8_blockscale_cktile_128x128x128_2x2x1_16x16x128_intrawave_0x1x0_4,0,34,1552.39814893617,0.0,passed,
20480,7168,768,cktile_27_split0,cktile,27,0,a8w8_blockscale_cktile_192x256x128_4x2x1_16x16x128_intrawave_0x1x0_2,0,35,175.34184000000002,0.0,passed,
20480,7168,768,cktile_28_split0,cktile,28,0,a8w8_blockscale_cktile_192x256x128_4x2x1_16x16x128_intrawave_0x1x0_3,0,36,175.29063999999994,0.0,passed,
20480,7168,768,cktile_29_split0,cktile,29,0,a8w8_blockscale_cktile_192x256x128_4x2x1_16x16x128_intrawave_0x1x0_4,0,37,175.24183999999994,0.0,passed,
20480,7168,768,cktile_30_split0,cktile,30,0,a8w8_blockscale_cktile_192x256x128_4x2x1_16x16x128_intrawave_0x1x0_2_aqrm,0,38,177.63208163265313,0.0,passed,
20480,7168,768,cktile_31_split0,cktile,31,0,a8w8_blockscale_cktile_192x256x128_4x2x1_16x16x128_intrawave_0x1x0_3_aqrm,0,39,177.56425999999996,0.0,passed,
20480,7168,768,cktile_32_split0,cktile,32,0,a8w8_blockscale_cktile_192x256x128_4x2x1_16x16x128_intrawave_0x1x0_4_aqrm,0,40,177.60666000000003,0.0,passed,
20480,7168,768,opus_9000,opus,9000,0,opus_gemm_gfx950_a8w8_mxscale_gemm_bpreshuffle_256x256x256x128_2x2_16x16x128_1x128x128_tiles1_nooob,0,41,149.78552000000002,0.0,passed,
20480,7168,768,opus_9010,opus,9010,0,opus_gemm_gfx950_a8w8_mxscale_gemm_bpreshuffle_256x128x128x128_2x2_16x16x128_1x128x128_tiles1_nooob,0,42,272.40056000000004,0.0,passed,
20480,7168,768,opus_9011,opus,9011,0,opus_gemm_gfx950_a8w8_mxscale_gemm_bpreshuffle_256x64x128x128_2x2_16x16x128_1x128x128_tiles1_nooob,0,43,257.2974897959183,0.0,passed,
20480,7168,768,opus_9012,opus,9012,0,opus_gemm_gfx950_a8w8_mxscale_gemm_bpreshuffle_256x64x64x128_2x2_16x16x128_1x128x128_tiles1_nooob,0,44,326.7500000000001,0.0,passed,
20480,7168,768,opus_9020,opus,9020,0,opus_gemm_gfx950_a8w8_mxscale_gemm_bpreshuffle_256x256x256x128_2x2_16x16x128_1x128x128_tiles1,0,45,161.5992083333333,0.0,passed,
20480,7168,768,ck_0_split0,ck,0,0,a8w8_blockscale_bpreshuffle_1x128x128_256x128x128x128_16x16_16x16_8x32x1_8x32x1_1x32x1x8_8_2x1_intrawave_v3,0,46,218.94202439024386,0.0,passed,
20480,7168,768,ck_1_split0,ck,1,0,a8w8_blockscale_bpreshuffle_1x128x128_256x64x128x128_16x16_16x16_8x32x1_8x32x1_1x32x1x8_8_2x1_intrawave_v3,0,47,217.39989795918362,0.0,passed,
20480,7168,768,ck_2_split0,ck,2,0,a8w8_blockscale_bpreshuffle_1x128x128_256x64x64x128_16x16_16x16_8x32x1_8x32x1_1x32x1x8_8_2x1_intrawave_v3,0,48,262.51083999999986,0.0,passed,
20480,7168,768,ck_3_split0,ck,3,0,a8w8_blockscale_bpreshuffle_1x128x128_256x16x256x128_8x16_16x16_16x16x1_8x32x1_1x16x1x16_8_1x2_intrawave_v1,0,49,357.1329387755101,0.0,passed,
20480,7168,768,ck_4_split0,ck,4,0,a8w8_blockscale_bpreshuffle_1x128x128_256x16x128x128_8x16_16x16_16x16x1_8x32x1_1x16x1x16_8_1x2_intrawave_v1,0,50,393.4067599999999,0.0,passed,
20480,7168,768,ck_5_split0,ck,5,0,a8w8_blockscale_bpreshuffle_1x128x128_256x16x64x128_8x16_16x16_16x16x1_8x32x1_1x16x1x16_4_1x1_intrawave_v1,0,51,455.158551020408,0.0,passed,
20480,7168,768,ck_6_split0,ck,6,0,a8w8_blockscale_bpreshuffle_1x128x128_256x16x128x256_16x16_16x16_16x16x1_16x16x1_1x16x1x16_8_1x2_intrawave_v1,0,52,392.40436734693884,0.0,passed,
20480,7168,768,ck_7_split0,ck,7,0,a8w8_blockscale_bpreshuffle_1x128x128_256x16x64x256_16x16_16x16_16x16x1_16x16x1_1x16x1x16_4_1x1_intrawave_v1,0,53,473.2037,0.0,passed,
20480,7168,768,ck_8_split0,ck,8,0,a8w8_blockscale_bpreshuffle_1x128x128_256x32x256x128_16x16_16x16_8x32x1_8x32x1_1x32x1x8_8_2x1_intrawave_v1,0,54,239.94097999999994,0.0,passed,
20480,7168,768,ck_9_split0,ck,9,0,a8w8_blockscale_bpreshuffle_1x128x128_256x32x128x128_16x16_16x16_8x32x1_8x32x1_1x32x1x8_8_2x1_intrawave_v1,0,55,259.44031914893634,0.0,passed,
20480,7168,768,ck_10_split0,ck,10,0,a8w8_blockscale_bpreshuffle_1x128x128_256x32x64x128_16x16_16x16_8x32x1_8x32x1_1x32x1x8_8_2x1_intrawave_v1,1,0,295.50515909090905,0.0,passed,
20480,7168,768,ck_9_split0,ck,9,0,a8w8_blockscale_bpreshuffle_1x128x128_256x32x128x128_16x16_16x16_8x32x1_8x32x1_1x32x1x8_8_2x1_intrawave_v1,1,1,259.92287234042556,0.0,passed,
20480,7168,768,ck_8_split0,ck,8,0,a8w8_blockscale_bpreshuffle_1x128x128_256x32x256x128_16x16_16x16_8x32x1_8x32x1_1x32x1x8_8_2x1_intrawave_v1,1,2,238.32346808510633,0.0,passed,
20480,7168,768,ck_7_split0,ck,7,0,a8w8_blockscale_bpreshuffle_1x128x128_256x16x64x256_16x16_16x16_16x16x1_16x16x1_1x16x1x16_4_1x1_intrawave_v1,1,3,470.0157608695652,0.0,passed,
20480,7168,768,ck_6_split0,ck,6,0,a8w8_blockscale_bpreshuffle_1x128x128_256x16x128x256_16x16_16x16_16x16x1_16x16x1_1x16x1x16_8_1x2_intrawave_v1,1,4,391.37634,0.0,passed,
20480,7168,768,ck_5_split0,ck,5,0,a8w8_blockscale_bpreshuffle_1x128x128_256x16x64x128_8x16_16x16_16x16x1_8x32x1_1x16x1x16_4_1x1_intrawave_v1,1,5,455.69081632653064,0.0,passed,
20480,7168,768,ck_4_split0,ck,4,0,a8w8_blockscale_bpreshuffle_1x128x128_256x16x128x128_8x16_16x16_16x16x1_8x32x1_1x16x1x16_8_1x2_intrawave_v1,1,6,390.9043913043478,0.0,passed,
20480,7168,768,ck_3_split0,ck,3,0,a8w8_blockscale_bpreshuffle_1x128x128_256x16x256x128_8x16_16x16_16x16x1_8x32x1_1x16x1x16_8_1x2_intrawave_v1,1,7,358.9431599999999,0.0,passed,
20480,7168,768,ck_2_split0,ck,2,0,a8w8_blockscale_bpreshuffle_1x128x128_256x64x64x128_16x16_16x16_8x32x1_8x32x1_1x32x1x8_8_2x1_intrawave_v3,1,8,259.94282000000004,0.0,passed,
20480,7168,768,ck_1_split0,ck,1,0,a8w8_blockscale_bpreshuffle_1x128x128_256x64x128x128_16x16_16x16_8x32x1_8x32x1_1x32x1x8_8_2x1_intrawave_v3,1,9,218.17591999999996,0.0,passed,
20480,7168,768,ck_0_split0,ck,0,0,a8w8_blockscale_bpreshuffle_1x128x128_256x128x128x128_16x16_16x16_8x32x1_8x32x1_1x32x1x8_8_2x1_intrawave_v3,1,10,219.34609090909098,0.0,passed,
20480,7168,768,opus_9020,opus,9020,0,opus_gemm_gfx950_a8w8_mxscale_gemm_bpreshuffle_256x256x256x128_2x2_16x16x128_1x128x128_tiles1,1,11,161.32349999999988,0.0,passed,
20480,7168,768,opus_9012,opus,9012,0,opus_gemm_gfx950_a8w8_mxscale_gemm_bpreshuffle_256x64x64x128_2x2_16x16x128_1x128x128_tiles1_nooob,1,12,327.1435999999999,0.0,passed,
20480,7168,768,opus_9011,opus,9011,0,opus_gemm_gfx950_a8w8_mxscale_gemm_bpreshuffle_256x64x128x128_2x2_16x16x128_1x128x128_tiles1_nooob,1,13,258.3930000000001,0.0,passed,
20480,7168,768,opus_9010,opus,9010,0,opus_gemm_gfx950_a8w8_mxscale_gemm_bpreshuffle_256x128x128x128_2x2_16x16x128_1x128x128_tiles1_nooob,1,14,271.9429600000001,0.0,passed,
20480,7168,768,opus_9000,opus,9000,0,opus_gemm_gfx950_a8w8_mxscale_gemm_bpreshuffle_256x256x256x128_2x2_16x16x128_1x128x128_tiles1_nooob,1,15,150.58554,0.0,passed,
20480,7168,768,cktile_32_split0,cktile,32,0,a8w8_blockscale_cktile_192x256x128_4x2x1_16x16x128_intrawave_0x1x0_4_aqrm,1,16,177.22184,0.0,passed,
20480,7168,768,cktile_31_split0,cktile,31,0,a8w8_blockscale_cktile_192x256x128_4x2x1_16x16x128_intrawave_0x1x0_3_aqrm,1,17,177.5667755102041,0.0,passed,
20480,7168,768,cktile_30_split0,cktile,30,0,a8w8_blockscale_cktile_192x256x128_4x2x1_16x16x128_intrawave_0x1x0_2_aqrm,1,18,177.14106249999998,0.0,passed,
20480,7168,768,cktile_29_split0,cktile,29,0,a8w8_blockscale_cktile_192x256x128_4x2x1_16x16x128_intrawave_0x1x0_4,1,19,175.52342000000002,0.0,passed,
20480,7168,768,cktile_28_split0,cktile,28,0,a8w8_blockscale_cktile_192x256x128_4x2x1_16x16x128_intrawave_0x1x0_3,1,20,175.58354166666672,0.0,passed,
20480,7168,768,cktile_27_split0,cktile,27,0,a8w8_blockscale_cktile_192x256x128_4x2x1_16x16x128_intrawave_0x1x0_2,1,21,175.24664,0.0,passed,
20480,7168,768,cktile_26_split0,cktile,26,0,a8w8_blockscale_cktile_128x128x128_2x2x1_16x16x128_intrawave_0x1x0_4,1,22,1553.9999999999998,0.0,passed,
20480,7168,768,cktile_25_split0,cktile,25,0,a8w8_blockscale_cktile_128x128x128_2x2x1_16x16x128_intrawave_0x1x0_3,1,23,765.8925000000004,0.0,passed,
20480,7168,768,cktile_24_split0,cktile,24,0,a8w8_blockscale_cktile_128x128x128_2x2x1_16x16x128_intrawave_0x1x0_1,1,24,254.34456818181815,0.0,passed,
20480,7168,768,cktile_23_split0,cktile,23,0,a8w8_blockscale_cktile_128x128x128_1x4x1_16x16x128_intrawave_0x1x0_4,1,25,1108.0433720930234,0.0,passed,
20480,7168,768,cktile_22_split0,cktile,22,0,a8w8_blockscale_cktile_128x128x128_1x4x1_16x16x128_intrawave_0x1x0_3,1,26,708.6720416666667,0.0,passed,
20480,7168,768,cktile_21_split0,cktile,21,0,a8w8_blockscale_cktile_128x128x128_1x4x1_16x16x128_intrawave_0x1x0_2,1,27,255.98219148936172,0.0,passed,
20480,7168,768,cktile_20_split0,cktile,20,0,a8w8_blockscale_cktile_32x128x128_1x4x1_16x16x64_intrawave_0x1x0_4,1,28,297.72961224489814,0.0,passed,
20480,7168,768,cktile_19_split0,cktile,19,0,a8w8_blockscale_cktile_32x128x128_1x4x1_16x16x64_intrawave_0x1x0_3,1,29,298.36066000000005,0.0,passed,
20480,7168,768,cktile_18_split0,cktile,18,0,a8w8_blockscale_cktile_32x128x128_1x4x1_16x16x128_intrawave_0x1x0_4,1,30,293.7062,0.0,passed,
20480,7168,768,cktile_17_split0,cktile,17,0,a8w8_blockscale_cktile_32x128x128_1x4x1_16x16x128_intrawave_0x1x0_3,1,31,292.18859999999995,0.0,passed,
20480,7168,768,cktile_16_split0,cktile,16,0,a8w8_blockscale_cktile_16x128x256_1x4x1_16x16x64_intrawave_0x1x0_4,1,32,426.97896000000003,0.0,passed,
20480,7168,768,cktile_15_split0,cktile,15,0,a8w8_blockscale_cktile_16x128x256_1x4x1_16x16x64_intrawave_0x1x0_3,1,33,395.58746666666644,0.0,passed,
20480,7168,768,cktile_14_split0,cktile,14,0,a8w8_blockscale_cktile_16x128x256_1x4x1_16x16x128_intrawave_0x1x0_4,1,34,528.6369200000001,0.0,passed,
20480,7168,768,cktile_13_split0,cktile,13,0,a8w8_blockscale_cktile_16x128x256_1x4x1_16x16x128_intrawave_0x1x0_3,1,35,429.6365800000001,0.0,passed,
20480,7168,768,cktile_12_split0,cktile,12,0,a8w8_blockscale_cktile_192x256x128_4x2x1_16x16x128_intrawave_0x1x0_1_aqrm,1,36,177.84351020408167,0.0,passed,
20480,7168,768,cktile_11_split0,cktile,11,0,a8w8_blockscale_cktile_192x256x128_4x2x1_16x16x128_intrawave_0x1x0_1,1,37,175.21734693877548,0.0,passed,
20480,7168,768,cktile_10_split0,cktile,10,0,a8w8_blockscale_cktile_128x128x128_2x2x1_16x16x128_intrawave_0x1x0_2,1,38,255.34140000000002,0.0,passed,
20480,7168,768,cktile_9_split0,cktile,9,0,a8w8_blockscale_cktile_128x128x128_1x4x1_16x16x128_intrawave_0x1x0_1,1,39,255.86184782608697,0.0,passed,
20480,7168,768,cktile_8_split0,cktile,8,0,a8w8_blockscale_cktile_128x128x128_1x4x1_16x16x128_intrawave_0x1x0_1,1,40,255.28748979591833,0.0,passed,
20480,7168,768,cktile_7_split0,cktile,7,0,a8w8_blockscale_cktile_32x128x128_1x4x1_16x16x64_intrawave_0x1x0_2,1,41,296.14143999999993,0.0,passed,
20480,7168,768,cktile_6_split0,cktile,6,0,a8w8_blockscale_cktile_32x128x128_1x4x1_16x16x64_intrawave_0x1x0_1,1,42,297.16464,0.0,passed,
20480,7168,768,cktile_5_split0,cktile,5,0,a8w8_blockscale_cktile_32x128x128_1x4x1_16x16x128_intrawave_0x1x0_2,1,43,292.3045999999998,0.0,passed,
20480,7168,768,cktile_4_split0,cktile,4,0,a8w8_blockscale_cktile_32x128x128_1x4x1_16x16x128_intrawave_0x1x0_1,1,44,291.42618000000004,0.0,passed,
20480,7168,768,cktile_3_split0,cktile,3,0,a8w8_blockscale_cktile_16x128x256_1x4x1_16x16x64_intrawave_0x1x0_2,1,45,398.0242,0.0,passed,
20480,7168,768,cktile_2_split0,cktile,2,0,a8w8_blockscale_cktile_16x128x256_1x4x1_16x16x64_intrawave_0x1x0_1,1,46,438.2510800000002,0.0,passed,
20480,7168,768,cktile_1_split0,cktile,1,0,a8w8_blockscale_cktile_16x128x256_1x4x1_16x16x128_intrawave_0x1x0_2,1,47,429.73498000000006,0.0,passed,
20480,7168,768,cktile_0_split0,cktile,0,0,a8w8_blockscale_cktile_16x128x256_1x4x1_16x16x128_intrawave_0x1x0_1,1,48,426.50214000000005,0.0,passed,
20480,7168,768,ck_17_split0,ck,17,0,a8w8_blockscale_bpreshuffle_1x128x128_256x64x64x256_16x16_16x16_16x16x1_16x16x1_1x32x1x8_8_2x1_intrawave_v1,1,49,351.41108,0.0,passed,
20480,7168,768,ck_16_split0,ck,16,0,a8w8_blockscale_bpreshuffle_1x128x128_256x64x128x256_16x16_16x16_16x16x1_16x16x1_1x32x1x8_8_2x1_intrawave_v1,1,50,261.1372200000001,0.0,passed,
20480,7168,768,ck_15_split0,ck,15,0,a8w8_blockscale_bpreshuffle_1x128x128_256x64x64x128_16x16_16x16_8x32x1_8x32x1_1x32x1x8_8_2x1_intrawave_v1,1,51,254.43172340425534,0.0,passed,
20480,7168,768,ck_14_split0,ck,14,0,a8w8_blockscale_bpreshuffle_1x128x128_256x64x128x128_16x16_16x16_8x32x1_8x32x1_1x32x1x8_8_2x1_intrawave_v1,1,52,220.78475999999998,0.0,passed,
20480,7168,768,ck_13_split0,ck,13,0,a8w8_blockscale_bpreshuffle_1x128x128_256x64x256x128_16x16_16x16_8x32x1_8x32x1_1x32x1x8_8_2x1_intrawave_v1,1,53,212.41253191489355,0.0,passed,
20480,7168,768,ck_12_split0,ck,12,0,a8w8_blockscale_bpreshuffle_1x128x128_256x32x64x256_16x16_16x16_16x16x1_16x16x1_1x32x1x8_8_2x1_intrawave_v1,1,54,343.5487916666668,0.0,passed,
20480,7168,768,ck_11_split0,ck,11,0,a8w8_blockscale_bpreshuffle_1x128x128_256x32x128x256_16x16_16x16_16x16x1_16x16x1_1x32x1x8_8_2x1_intrawave_v1,1,55,280.90386000000007,0.0,passed,
20480,7168,768,ck_12_split0,ck,12,0,a8w8_blockscale_bpreshuffle_1x128x128_256x32x64x256_16x16_16x16_16x16x1_16x16x1_1x32x1x8_8_2x1_intrawave_v1,2,0,345.99082608695653,0.0,passed,
20480,7168,768,ck_13_split0,ck,13,0,a8w8_blockscale_bpreshuffle_1x128x128_256x64x256x128_16x16_16x16_8x32x1_8x32x1_1x32x1x8_8_2x1_intrawave_v1,2,1,212.82626,0.0,passed,
20480,7168,768,ck_14_split0,ck,14,0,a8w8_blockscale_bpreshuffle_1x128x128_256x64x128x128_16x16_16x16_8x32x1_8x32x1_1x32x1x8_8_2x1_intrawave_v1,2,2,217.51351999999994,0.0,passed,
20480,7168,768,ck_15_split0,ck,15,0,a8w8_blockscale_bpreshuffle_1x128x128_256x64x64x128_16x16_16x16_8x32x1_8x32x1_1x32x1x8_8_2x1_intrawave_v1,2,3,253.74425581395343,0.0,passed,
20480,7168,768,ck_16_split0,ck,16,0,a8w8_blockscale_bpreshuffle_1x128x128_256x64x128x256_16x16_16x16_16x16x1_16x16x1_1x32x1x8_8_2x1_intrawave_v1,2,4,260.20842,0.0,passed,
20480,7168,768,ck_17_split0,ck,17,0,a8w8_blockscale_bpreshuffle_1x128x128_256x64x64x256_16x16_16x16_16x16x1_16x16x1_1x32x1x8_8_2x1_intrawave_v1,2,5,352.10305999999997,0.0,passed,
20480,7168,768,cktile_0_split0,cktile,0,0,a8w8_blockscale_cktile_16x128x256_1x4x1_16x16x128_intrawave_0x1x0_1,2,6,425.8709199999999,0.0,passed,
20480,7168,768,cktile_1_split0,cktile,1,0,a8w8_blockscale_cktile_16x128x256_1x4x1_16x16x128_intrawave_0x1x0_2,2,7,427.28854000000007,0.0,passed,
20480,7168,768,cktile_2_split0,cktile,2,0,a8w8_blockscale_cktile_16x128x256_1x4x1_16x16x64_intrawave_0x1x0_1,2,8,434.81024,0.0,passed,
20480,7168,768,cktile_3_split0,cktile,3,0,a8w8_blockscale_cktile_16x128x256_1x4x1_16x16x64_intrawave_0x1x0_2,2,9,396.71700000000004,0.0,passed,
20480,7168,768,cktile_4_split0,cktile,4,0,a8w8_blockscale_cktile_32x128x128_1x4x1_16x16x128_intrawave_0x1x0_1,2,10,291.3965800000001,0.0,passed,
20480,7168,768,cktile_5_split0,cktile,5,0,a8w8_blockscale_cktile_32x128x128_1x4x1_16x16x128_intrawave_0x1x0_2,2,11,292.71260000000007,0.0,passed,
20480,7168,768,cktile_6_split0,cktile,6,0,a8w8_blockscale_cktile_32x128x128_1x4x1_16x16x64_intrawave_0x1x0_1,2,12,296.9086199999999,0.0,passed,
20480,7168,768,cktile_7_split0,cktile,7,0,a8w8_blockscale_cktile_32x128x128_1x4x1_16x16x64_intrawave_0x1x0_2,2,13,296.34062,0.0,passed,
20480,7168,768,cktile_8_split0,cktile,8,0,a8w8_blockscale_cktile_128x128x128_1x4x1_16x16x128_intrawave_0x1x0_1,2,14,256.54981395348847,0.0,passed,
20480,7168,768,cktile_9_split0,cktile,9,0,a8w8_blockscale_cktile_128x128x128_1x4x1_16x16x128_intrawave_0x1x0_1,2,15,256.5555454545453,0.0,passed,
20480,7168,768,cktile_10_split0,cktile,10,0,a8w8_blockscale_cktile_128x128x128_2x2x1_16x16x128_intrawave_0x1x0_2,2,16,254.1676041666666,0.0,passed,
20480,7168,768,cktile_11_split0,cktile,11,0,a8w8_blockscale_cktile_192x256x128_4x2x1_16x16x128_intrawave_0x1x0_1,2,17,175.25623999999996,0.0,passed,
20480,7168,768,cktile_12_split0,cktile,12,0,a8w8_blockscale_cktile_192x256x128_4x2x1_16x16x128_intrawave_0x1x0_1_aqrm,2,18,177.48856250000009,0.0,passed,
20480,7168,768,cktile_13_split0,cktile,13,0,a8w8_blockscale_cktile_16x128x256_1x4x1_16x16x128_intrawave_0x1x0_3,2,19,428.54776000000004,0.0,passed,
20480,7168,768,cktile_14_split0,cktile,14,0,a8w8_blockscale_cktile_16x128x256_1x4x1_16x16x128_intrawave_0x1x0_4,2,20,525.15208,0.0,passed,
20480,7168,768,cktile_15_split0,cktile,15,0,a8w8_blockscale_cktile_16x128x256_1x4x1_16x16x64_intrawave_0x1x0_3,2,21,397.8042978723403,0.0,passed,
20480,7168,768,cktile_16_split0,cktile,16,0,a8w8_blockscale_cktile_16x128x256_1x4x1_16x16x64_intrawave_0x1x0_4,2,22,427.86255102040815,0.0,passed,
20480,7168,768,cktile_17_split0,cktile,17,0,a8w8_blockscale_cktile_32x128x128_1x4x1_16x16x128_intrawave_0x1x0_3,2,23,293.3606000000001,0.0,passed,
20480,7168,768,cktile_18_split0,cktile,18,0,a8w8_blockscale_cktile_32x128x128_1x4x1_16x16x128_intrawave_0x1x0_4,2,24,291.3285800000001,0.0,passed,
20480,7168,768,cktile_19_split0,cktile,19,0,a8w8_blockscale_cktile_32x128x128_1x4x1_16x16x64_intrawave_0x1x0_3,2,25,298.29266000000007,0.0,passed,
20480,7168,768,cktile_20_split0,cktile,20,0,a8w8_blockscale_cktile_32x128x128_1x4x1_16x16x64_intrawave_0x1x0_4,2,26,298.4942599999999,0.0,passed,
20480,7168,768,cktile_21_split0,cktile,21,0,a8w8_blockscale_cktile_128x128x128_1x4x1_16x16x128_intrawave_0x1x0_2,2,27,255.8605319148937,0.0,passed,
20480,7168,768,cktile_22_split0,cktile,22,0,a8w8_blockscale_cktile_128x128x128_1x4x1_16x16x128_intrawave_0x1x0_3,2,28,708.4562291666665,0.0,passed,
20480,7168,768,cktile_23_split0,cktile,23,0,a8w8_blockscale_cktile_128x128x128_1x4x1_16x16x128_intrawave_0x1x0_4,2,29,1109.4677333333325,0.0,passed,
20480,7168,768,cktile_24_split0,cktile,24,0,a8w8_blockscale_cktile_128x128x128_2x2x1_16x16x128_intrawave_0x1x0_1,2,30,254.10393617021282,0.0,passed,
20480,7168,768,cktile_25_split0,cktile,25,0,a8w8_blockscale_cktile_128x128x128_2x2x1_16x16x128_intrawave_0x1x0_3,2,31,765.8860599999998,0.0,passed,
20480,7168,768,cktile_26_split0,cktile,26,0,a8w8_blockscale_cktile_128x128x128_2x2x1_16x16x128_intrawave_0x1x0_4,2,32,1554.4791799999982,0.0,passed,
20480,7168,768,cktile_27_split0,cktile,27,0,a8w8_blockscale_cktile_192x256x128_4x2x1_16x16x128_intrawave_0x1x0_2,2,33,175.13520833333337,0.0,passed,
20480,7168,768,cktile_28_split0,cktile,28,0,a8w8_blockscale_cktile_192x256x128_4x2x1_16x16x128_intrawave_0x1x0_3,2,34,175.15319565217396,0.0,passed,
20480,7168,768,cktile_29_split0,cktile,29,0,a8w8_blockscale_cktile_192x256x128_4x2x1_16x16x128_intrawave_0x1x0_4,2,35,175.64838775510205,0.0,passed,
20480,7168,768,cktile_30_split0,cktile,30,0,a8w8_blockscale_cktile_192x256x128_4x2x1_16x16x128_intrawave_0x1x0_2_aqrm,2,36,177.38903999999994,0.0,passed,
20480,7168,768,cktile_31_split0,cktile,31,0,a8w8_blockscale_cktile_192x256x128_4x2x1_16x16x128_intrawave_0x1x0_3_aqrm,2,37,177.37983673469378,0.0,passed,
20480,7168,768,cktile_32_split0,cktile,32,0,a8w8_blockscale_cktile_192x256x128_4x2x1_16x16x128_intrawave_0x1x0_4_aqrm,2,38,177.27786,0.0,passed,
20480,7168,768,opus_9000,opus,9000,0,opus_gemm_gfx950_a8w8_mxscale_gemm_bpreshuffle_256x256x256x128_2x2_16x16x128_1x128x128_tiles1_nooob,2,39,149.85673999999995,0.0,passed,
20480,7168,768,opus_9010,opus,9010,0,opus_gemm_gfx950_a8w8_mxscale_gemm_bpreshuffle_256x128x128x128_2x2_16x16x128_1x128x128_tiles1_nooob,2,40,272.4837400000001,0.0,passed,
20480,7168,768,opus_9011,opus,9011,0,opus_gemm_gfx950_a8w8_mxscale_gemm_bpreshuffle_256x64x128x128_2x2_16x16x128_1x128x128_tiles1_nooob,2,41,257.6750434782609,0.0,passed,
20480,7168,768,opus_9012,opus,9012,0,opus_gemm_gfx950_a8w8_mxscale_gemm_bpreshuffle_256x64x64x128_2x2_16x16x128_1x128x128_tiles1_nooob,2,42,326.83798,0.0,passed,
20480,7168,768,opus_9020,opus,9020,0,opus_gemm_gfx950_a8w8_mxscale_gemm_bpreshuffle_256x256x256x128_2x2_16x16x128_1x128x128_tiles1,2,43,162.01687999999993,0.0,passed,
20480,7168,768,ck_0_split0,ck,0,0,a8w8_blockscale_bpreshuffle_1x128x128_256x128x128x128_16x16_16x16_8x32x1_8x32x1_1x32x1x8_8_2x1_intrawave_v3,2,44,220.3223599999999,0.0,passed,
20480,7168,768,ck_1_split0,ck,1,0,a8w8_blockscale_bpreshuffle_1x128x128_256x64x128x128_16x16_16x16_8x32x1_8x32x1_1x32x1x8_8_2x1_intrawave_v3,2,45,221.6687800000001,0.0,passed,
20480,7168,768,ck_2_split0,ck,2,0,a8w8_blockscale_bpreshuffle_1x128x128_256x64x64x128_16x16_16x16_8x32x1_8x32x1_1x32x1x8_8_2x1_intrawave_v3,2,46,263.11803999999995,0.0,passed,
20480,7168,768,ck_3_split0,ck,3,0,a8w8_blockscale_bpreshuffle_1x128x128_256x16x256x128_8x16_16x16_16x16x1_8x32x1_1x16x1x16_8_1x2_intrawave_v1,2,47,354.6123589743588,0.0,passed,
20480,7168,768,ck_4_split0,ck,4,0,a8w8_blockscale_bpreshuffle_1x128x128_256x16x128x128_8x16_16x16_16x16x1_8x32x1_1x16x1x16_8_1x2_intrawave_v1,2,48,392.0693958333333,0.0,passed,
20480,7168,768,ck_5_split0,ck,5,0,a8w8_blockscale_bpreshuffle_1x128x128_256x16x64x128_8x16_16x16_16x16x1_8x32x1_1x16x1x16_4_1x1_intrawave_v1,2,49,457.6701249999998,0.0,passed,
20480,7168,768,ck_6_split0,ck,6,0,a8w8_blockscale_bpreshuffle_1x128x128_256x16x128x256_16x16_16x16_16x16x1_16x16x1_1x16x1x16_8_1x2_intrawave_v1,2,50,390.81372340425537,0.0,passed,
20480,7168,768,ck_7_split0,ck,7,0,a8w8_blockscale_bpreshuffle_1x128x128_256x16x64x256_16x16_16x16_16x16x1_16x16x1_1x16x1x16_4_1x1_intrawave_v1,2,51,471.92846000000014,0.0,passed,
20480,7168,768,ck_8_split0,ck,8,0,a8w8_blockscale_bpreshuffle_1x128x128_256x32x256x128_16x16_16x16_8x32x1_8x32x1_1x32x1x8_8_2x1_intrawave_v1,2,52,239.45295999999996,0.0,passed,
20480,7168,768,ck_9_split0,ck,9,0,a8w8_blockscale_bpreshuffle_1x128x128_256x32x128x128_16x16_16x16_8x32x1_8x32x1_1x32x1x8_8_2x1_intrawave_v1,2,53,258.41054761904763,0.0,passed,
20480,7168,768,ck_10_split0,ck,10,0,a8w8_blockscale_bpreshuffle_1x128x128_256x32x64x128_16x16_16x16_8x32x1_8x32x1_1x32x1x8_8_2x1_intrawave_v1,2,54,292.19517999999994,0.0,passed,
20480,7168,768,ck_11_split0,ck,11,0,a8w8_blockscale_bpreshuffle_1x128x128_256x32x128x256_16x16_16x16_16x16x1_16x16x1_1x32x1x8_8_2x1_intrawave_v1,2,55,281.0318399999999,0.0,passed,
16384,7168,1024,ck_11_split0,ck,11,0,a8w8_blockscale_bpreshuffle_1x128x128_256x32x128x256_16x16_16x16_16x16x1_16x16x1_1x32x1x8_8_2x1_intrawave_v1,0,0,279.57093478260873,0.0,passed,
16384,7168,1024,ck_12_split0,ck,12,0,a8w8_blockscale_bpreshuffle_1x128x128_256x32x64x256_16x16_16x16_16x16x1_16x16x1_1x32x1x8_8_2x1_intrawave_v1,0,1,322.9572954545454,0.0,passed,
16384,7168,1024,ck_13_split0,ck,13,0,a8w8_blockscale_bpreshuffle_1x128x128_256x64x256x128_16x16_16x16_8x32x1_8x32x1_1x32x1x8_8_2x1_intrawave_v1,0,2,212.19662000000005,0.0,passed,
16384,7168,1024,ck_14_split0,ck,14,0,a8w8_blockscale_bpreshuffle_1x128x128_256x64x128x128_16x16_16x16_8x32x1_8x32x1_1x32x1x8_8_2x1_intrawave_v1,0,3,219.72234,0.0,passed,
16384,7168,1024,ck_15_split0,ck,15,0,a8w8_blockscale_bpreshuffle_1x128x128_256x64x64x128_16x16_16x16_8x32x1_8x32x1_1x32x1x8_8_2x1_intrawave_v1,0,4,252.93808510638303,0.0,passed,
16384,7168,1024,ck_16_split0,ck,16,0,a8w8_blockscale_bpreshuffle_1x128x128_256x64x128x256_16x16_16x16_16x16x1_16x16x1_1x32x1x8_8_2x1_intrawave_v1,0,5,249.52030000000005,0.0,passed,
16384,7168,1024,ck_17_split0,ck,17,0,a8w8_blockscale_bpreshuffle_1x128x128_256x64x64x256_16x16_16x16_16x16x1_16x16x1_1x32x1x8_8_2x1_intrawave_v1,0,6,319.9483,0.0,passed,
16384,7168,1024,cktile_0_split0,cktile,0,0,a8w8_blockscale_cktile_16x128x256_1x4x1_16x16x128_intrawave_0x1x0_1,0,7,416.0556199999999,0.0,passed,
16384,7168,1024,cktile_1_split0,cktile,1,0,a8w8_blockscale_cktile_16x128x256_1x4x1_16x16x128_intrawave_0x1x0_2,0,8,418.1563061224488,0.0,passed,
16384,7168,1024,cktile_2_split0,cktile,2,0,a8w8_blockscale_cktile_16x128x256_1x4x1_16x16x64_intrawave_0x1x0_1,0,9,416.66122,0.0,passed,
16384,7168,1024,cktile_3_split0,cktile,3,0,a8w8_blockscale_cktile_16x128x256_1x4x1_16x16x64_intrawave_0x1x0_2,0,10,388.93554347826097,0.0,passed,
16384,7168,1024,cktile_4_split0,cktile,4,0,a8w8_blockscale_cktile_32x128x128_1x4x1_16x16x128_intrawave_0x1x0_1,0,11,300.04065999999983,0.0,passed,
16384,7168,1024,cktile_5_split0,cktile,5,0,a8w8_blockscale_cktile_32x128x128_1x4x1_16x16x128_intrawave_0x1x0_2,0,12,300.1534800000001,0.0,passed,
16384,7168,1024,cktile_6_split0,cktile,6,0,a8w8_blockscale_cktile_32x128x128_1x4x1_16x16x64_intrawave_0x1x0_1,0,13,302.59912,0.0,passed,
16384,7168,1024,cktile_7_split0,cktile,7,0,a8w8_blockscale_cktile_32x128x128_1x4x1_16x16x64_intrawave_0x1x0_2,0,14,306.90315999999996,0.0,passed,
16384,7168,1024,cktile_8_split0,cktile,8,0,a8w8_blockscale_cktile_128x128x128_1x4x1_16x16x128_intrawave_0x1x0_1,0,15,261.65224000000006,0.0,passed,
16384,7168,1024,cktile_9_split0,cktile,9,0,a8w8_blockscale_cktile_128x128x128_1x4x1_16x16x128_intrawave_0x1x0_1,0,16,262.0878510638298,0.0,passed,
16384,7168,1024,cktile_10_split0,cktile,10,0,a8w8_blockscale_cktile_128x128x128_2x2x1_16x16x128_intrawave_0x1x0_2,0,17,253.95453999999995,0.0,passed,
16384,7168,1024,cktile_11_split0,cktile,11,0,a8w8_blockscale_cktile_192x256x128_4x2x1_16x16x128_intrawave_0x1x0_1,0,18,173.05161224489805,0.0,passed,
16384,7168,1024,cktile_12_split0,cktile,12,0,a8w8_blockscale_cktile_192x256x128_4x2x1_16x16x128_intrawave_0x1x0_1_aqrm,0,19,181.57550000000006,0.0,passed,
16384,7168,1024,cktile_13_split0,cktile,13,0,a8w8_blockscale_cktile_16x128x256_1x4x1_16x16x128_intrawave_0x1x0_3,0,20,416.84362,0.0,passed,
16384,7168,1024,cktile_14_split0,cktile,14,0,a8w8_blockscale_cktile_16x128x256_1x4x1_16x16x128_intrawave_0x1x0_4,0,21,721.8063399999995,0.0,passed,
16384,7168,1024,cktile_15_split0,cktile,15,0,a8w8_blockscale_cktile_16x128x256_1x4x1_16x16x64_intrawave_0x1x0_3,0,22,388.56166666666667,0.0,passed,
16384,7168,1024,cktile_16_split0,cktile,16,0,a8w8_blockscale_cktile_16x128x256_1x4x1_16x16x64_intrawave_0x1x0_4,0,23,439.71139583333337,0.0,passed,
16384,7168,1024,cktile_17_split0,cktile,17,0,a8w8_blockscale_cktile_32x128x128_1x4x1_16x16x128_intrawave_0x1x0_3,0,24,300.57347999999996,0.0,passed,
16384,7168,1024,cktile_18_split0,cktile,18,0,a8w8_blockscale_cktile_32x128x128_1x4x1_16x16x128_intrawave_0x1x0_4,0,25,302.6134999999998,0.0,passed,
16384,7168,1024,cktile_19_split0,cktile,19,0,a8w8_blockscale_cktile_32x128x128_1x4x1_16x16x64_intrawave_0x1x0_3,0,26,303.8103200000001,0.0,passed,
16384,7168,1024,cktile_20_split0,cktile,20,0,a8w8_blockscale_cktile_32x128x128_1x4x1_16x16x64_intrawave_0x1x0_4,0,27,302.5655918367347,0.0,passed,
16384,7168,1024,cktile_21_split0,cktile,21,0,a8w8_blockscale_cktile_128x128x128_1x4x1_16x16x128_intrawave_0x1x0_2,0,28,261.57782,0.0,passed,
16384,7168,1024,cktile_22_split0,cktile,22,0,a8w8_blockscale_cktile_128x128x128_1x4x1_16x16x128_intrawave_0x1x0_3,0,29,757.7201041666663,0.0,passed,
16384,7168,1024,cktile_23_split0,cktile,23,0,a8w8_blockscale_cktile_128x128x128_1x4x1_16x16x128_intrawave_0x1x0_4,0,30,1159.4840000000006,0.0,passed,
16384,7168,1024,cktile_24_split0,cktile,24,0,a8w8_blockscale_cktile_128x128x128_2x2x1_16x16x128_intrawave_0x1x0_1,0,31,253.84677083333335,0.0,passed,
16384,7168,1024,cktile_25_split0,cktile,25,0,a8w8_blockscale_cktile_128x128x128_2x2x1_16x16x128_intrawave_0x1x0_3,0,32,805.0161199999997,0.0,passed,
16384,7168,1024,cktile_26_split0,cktile,26,0,a8w8_blockscale_cktile_128x128x128_2x2x1_16x16x128_intrawave_0x1x0_4,0,33,1645.1018095238092,0.0,passed,
16384,7168,1024,cktile_27_split0,cktile,27,0,a8w8_blockscale_cktile_192x256x128_4x2x1_16x16x128_intrawave_0x1x0_2,0,34,172.96579999999994,0.0,passed,
16384,7168,1024,cktile_28_split0,cktile,28,0,a8w8_blockscale_cktile_192x256x128_4x2x1_16x16x128_intrawave_0x1x0_3,0,35,173.0801111111112,0.0,passed,
16384,7168,1024,cktile_29_split0,cktile,29,0,a8w8_blockscale_cktile_192x256x128_4x2x1_16x16x128_intrawave_0x1x0_4,0,36,173.06712244897952,0.0,passed,
16384,7168,1024,cktile_30_split0,cktile,30,0,a8w8_blockscale_cktile_192x256x128_4x2x1_16x16x128_intrawave_0x1x0_2_aqrm,0,37,182.2936041666666,0.0,passed,
16384,7168,1024,cktile_31_split0,cktile,31,0,a8w8_blockscale_cktile_192x256x128_4x2x1_16x16x128_intrawave_0x1x0_3_aqrm,0,38,182.2125306122449,0.0,passed,
16384,7168,1024,cktile_32_split0,cktile,32,0,a8w8_blockscale_cktile_192x256x128_4x2x1_16x16x128_intrawave_0x1x0_4_aqrm,0,39,181.57442222222215,0.0,passed,
16384,7168,1024,opus_9000,opus,9000,0,opus_gemm_gfx950_a8w8_mxscale_gemm_bpreshuffle_256x256x256x128_2x2_16x16x128_1x128x128_tiles1_nooob,0,40,140.02020408163264,0.0,passed,
16384,7168,1024,opus_9010,opus,9010,0,opus_gemm_gfx950_a8w8_mxscale_gemm_bpreshuffle_256x128x128x128_2x2_16x16x128_1x128x128_tiles1_nooob,0,41,245.07863999999995,0.0,passed,
16384,7168,1024,opus_9011,opus,9011,0,opus_gemm_gfx950_a8w8_mxscale_gemm_bpreshuffle_256x64x128x128_2x2_16x16x128_1x128x128_tiles1_nooob,0,42,238.65455999999995,0.0,passed,
16384,7168,1024,opus_9012,opus,9012,0,opus_gemm_gfx950_a8w8_mxscale_gemm_bpreshuffle_256x64x64x128_2x2_16x16x128_1x128x128_tiles1_nooob,0,43,292.2719800000001,0.0,passed,
16384,7168,1024,opus_9020,opus,9020,0,opus_gemm_gfx950_a8w8_mxscale_gemm_bpreshuffle_256x256x256x128_2x2_16x16x128_1x128x128_tiles1,0,44,148.38197872340425,0.0,passed,
16384,7168,1024,ck_0_split0,ck,0,0,a8w8_blockscale_bpreshuffle_1x128x128_256x128x128x128_16x16_16x16_8x32x1_8x32x1_1x32x1x8_8_2x1_intrawave_v3,0,45,215.83872093023254,0.0,passed,
16384,7168,1024,ck_1_split0,ck,1,0,a8w8_blockscale_bpreshuffle_1x128x128_256x64x128x128_16x16_16x16_8x32x1_8x32x1_1x32x1x8_8_2x1_intrawave_v3,0,46,221.61595999999997,0.0,passed,
16384,7168,1024,ck_2_split0,ck,2,0,a8w8_blockscale_bpreshuffle_1x128x128_256x64x64x128_16x16_16x16_8x32x1_8x32x1_1x32x1x8_8_2x1_intrawave_v3,0,47,262.2120227272727,0.0,passed,
16384,7168,1024,ck_3_split0,ck,3,0,a8w8_blockscale_bpreshuffle_1x128x128_256x16x256x128_8x16_16x16_16x16x1_8x32x1_1x16x1x16_8_1x2_intrawave_v1,0,48,387.79068,0.0,passed,
16384,7168,1024,ck_4_split0,ck,4,0,a8w8_blockscale_bpreshuffle_1x128x128_256x16x128x128_8x16_16x16_16x16x1_8x32x1_1x16x1x16_8_1x2_intrawave_v1,0,49,421.64970833333336,0.0,passed,
16384,7168,1024,ck_5_split0,ck,5,0,a8w8_blockscale_bpreshuffle_1x128x128_256x16x64x128_8x16_16x16_16x16x1_8x32x1_1x16x1x16_4_1x1_intrawave_v1,0,50,472.2640425531917,0.0,passed,
16384,7168,1024,ck_6_split0,ck,6,0,a8w8_blockscale_bpreshuffle_1x128x128_256x16x128x256_16x16_16x16_16x16x1_16x16x1_1x16x1x16_8_1x2_intrawave_v1,0,51,410.4512500000001,0.0,passed,
16384,7168,1024,ck_7_split0,ck,7,0,a8w8_blockscale_bpreshuffle_1x128x128_256x16x64x256_16x16_16x16_16x16x1_16x16x1_1x16x1x16_4_1x1_intrawave_v1,0,52,461.64171739130427,0.0,passed,
16384,7168,1024,ck_8_split0,ck,8,0,a8w8_blockscale_bpreshuffle_1x128x128_256x32x256x128_16x16_16x16_8x32x1_8x32x1_1x32x1x8_8_2x1_intrawave_v1,0,53,249.59147999999996,0.0,passed,
16384,7168,1024,ck_9_split0,ck,9,0,a8w8_blockscale_bpreshuffle_1x128x128_256x32x128x128_16x16_16x16_8x32x1_8x32x1_1x32x1x8_8_2x1_intrawave_v1,0,54,269.5098775510205,0.0,passed,
16384,7168,1024,ck_10_split0,ck,10,0,a8w8_blockscale_bpreshuffle_1x128x128_256x32x64x128_16x16_16x16_8x32x1_8x32x1_1x32x1x8_8_2x1_intrawave_v1,0,55,303.4817,0.0,passed,
16384,7168,1024,ck_11_split0,ck,11,0,a8w8_blockscale_bpreshuffle_1x128x128_256x32x128x256_16x16_16x16_16x16x1_16x16x1_1x32x1x8_8_2x1_intrawave_v1,1,0,279.54141999999996,0.0,passed,
16384,7168,1024,ck_10_split0,ck,10,0,a8w8_blockscale_bpreshuffle_1x128x128_256x32x64x128_16x16_16x16_8x32x1_8x32x1_1x32x1x8_8_2x1_intrawave_v1,1,1,324.35794000000004,0.0,passed,
16384,7168,1024,ck_9_split0,ck,9,0,a8w8_blockscale_bpreshuffle_1x128x128_256x32x128x128_16x16_16x16_8x32x1_8x32x1_1x32x1x8_8_2x1_intrawave_v1,1,2,269.23329999999993,0.0,passed,
16384,7168,1024,ck_8_split0,ck,8,0,a8w8_blockscale_bpreshuffle_1x128x128_256x32x256x128_16x16_16x16_8x32x1_8x32x1_1x32x1x8_8_2x1_intrawave_v1,1,3,248.7738799999999,0.0,passed,
16384,7168,1024,ck_7_split0,ck,7,0,a8w8_blockscale_bpreshuffle_1x128x128_256x16x64x256_16x16_16x16_16x16x1_16x16x1_1x16x1x16_4_1x1_intrawave_v1,1,4,459.9476666666665,0.0,passed,
16384,7168,1024,ck_6_split0,ck,6,0,a8w8_blockscale_bpreshuffle_1x128x128_256x16x128x256_16x16_16x16_16x16x1_16x16x1_1x16x1x16_8_1x2_intrawave_v1,1,5,411.02134,0.0,passed,
16384,7168,1024,ck_5_split0,ck,5,0,a8w8_blockscale_bpreshuffle_1x128x128_256x16x64x128_8x16_16x16_16x16x1_8x32x1_1x16x1x16_4_1x1_intrawave_v1,1,6,472.04980000000006,0.0,passed,
16384,7168,1024,ck_4_split0,ck,4,0,a8w8_blockscale_bpreshuffle_1x128x128_256x16x128x128_8x16_16x16_16x16x1_8x32x1_1x16x1x16_8_1x2_intrawave_v1,1,7,419.2166170212765,0.0,passed,
16384,7168,1024,ck_3_split0,ck,3,0,a8w8_blockscale_bpreshuffle_1x128x128_256x16x256x128_8x16_16x16_16x16x1_8x32x1_1x16x1x16_8_1x2_intrawave_v1,1,8,386.0671632653063,0.0,passed,
16384,7168,1024,ck_2_split0,ck,2,0,a8w8_blockscale_bpreshuffle_1x128x128_256x64x64x128_16x16_16x16_8x32x1_8x32x1_1x32x1x8_8_2x1_intrawave_v3,1,9,265.51246,0.0,passed,
16384,7168,1024,ck_1_split0,ck,1,0,a8w8_blockscale_bpreshuffle_1x128x128_256x64x128x128_16x16_16x16_8x32x1_8x32x1_1x32x1x8_8_2x1_intrawave_v3,1,10,221.87675999999993,0.0,passed,
16384,7168,1024,ck_0_split0,ck,0,0,a8w8_blockscale_bpreshuffle_1x128x128_256x128x128x128_16x16_16x16_8x32x1_8x32x1_1x32x1x8_8_2x1_intrawave_v3,1,11,216.50546666666656,0.0,passed,
16384,7168,1024,opus_9020,opus,9020,0,opus_gemm_gfx950_a8w8_mxscale_gemm_bpreshuffle_256x256x256x128_2x2_16x16x128_1x128x128_tiles1,1,12,148.77406250000004,0.0,passed,
16384,7168,1024,opus_9012,opus,9012,0,opus_gemm_gfx950_a8w8_mxscale_gemm_bpreshuffle_256x64x64x128_2x2_16x16x128_1x128x128_tiles1_nooob,1,13,293.46398000000005,0.0,passed,
16384,7168,1024,opus_9011,opus,9011,0,opus_gemm_gfx950_a8w8_mxscale_gemm_bpreshuffle_256x64x128x128_2x2_16x16x128_1x128x128_tiles1_nooob,1,14,238.72255999999993,0.0,passed,
16384,7168,1024,opus_9010,opus,9010,0,opus_gemm_gfx950_a8w8_mxscale_gemm_bpreshuffle_256x128x128x128_2x2_16x16x128_1x128x128_tiles1_nooob,1,15,245.18504000000013,0.0,passed,
16384,7168,1024,opus_9000,opus,9000,0,opus_gemm_gfx950_a8w8_mxscale_gemm_bpreshuffle_256x256x256x128_2x2_16x16x128_1x128x128_tiles1_nooob,1,16,140.0499574468085,0.0,passed,
16384,7168,1024,cktile_32_split0,cktile,32,0,a8w8_blockscale_cktile_192x256x128_4x2x1_16x16x128_intrawave_0x1x0_4_aqrm,1,17,181.7875,0.0,passed,
16384,7168,1024,cktile_31_split0,cktile,31,0,a8w8_blockscale_cktile_192x256x128_4x2x1_16x16x128_intrawave_0x1x0_3_aqrm,1,18,183.27872000000002,0.0,passed,
16384,7168,1024,cktile_30_split0,cktile,30,0,a8w8_blockscale_cktile_192x256x128_4x2x1_16x16x128_intrawave_0x1x0_2_aqrm,1,19,181.93072000000004,0.0,passed,
16384,7168,1024,cktile_29_split0,cktile,29,0,a8w8_blockscale_cktile_192x256x128_4x2x1_16x16x128_intrawave_0x1x0_4,1,20,173.05433333333326,0.0,passed,
16384,7168,1024,cktile_28_split0,cktile,28,0,a8w8_blockscale_cktile_192x256x128_4x2x1_16x16x128_intrawave_0x1x0_3,1,21,172.69814285714287,0.0,passed,
16384,7168,1024,cktile_27_split0,cktile,27,0,a8w8_blockscale_cktile_192x256x128_4x2x1_16x16x128_intrawave_0x1x0_2,1,22,172.8352857142857,0.0,passed,
16384,7168,1024,cktile_26_split0,cktile,26,0,a8w8_blockscale_cktile_128x128x128_2x2x1_16x16x128_intrawave_0x1x0_4,1,23,1645.198904761905,0.0,passed,
16384,7168,1024,cktile_25_split0,cktile,25,0,a8w8_blockscale_cktile_128x128x128_2x2x1_16x16x128_intrawave_0x1x0_3,1,24,805.8956666666669,0.0,passed,
16384,7168,1024,cktile_24_split0,cktile,24,0,a8w8_blockscale_cktile_128x128x128_2x2x1_16x16x128_intrawave_0x1x0_1,1,25,254.3601399999999,0.0,passed,
16384,7168,1024,cktile_23_split0,cktile,23,0,a8w8_blockscale_cktile_128x128x128_1x4x1_16x16x128_intrawave_0x1x0_4,1,26,1157.7886363636367,0.0,passed,
16384,7168,1024,cktile_22_split0,cktile,22,0,a8w8_blockscale_cktile_128x128x128_1x4x1_16x16x128_intrawave_0x1x0_3,1,27,758.7898444444447,0.0,passed,
16384,7168,1024,cktile_21_split0,cktile,21,0,a8w8_blockscale_cktile_128x128x128_1x4x1_16x16x128_intrawave_0x1x0_2,1,28,262.3962199999999,0.0,passed,
16384,7168,1024,cktile_20_split0,cktile,20,0,a8w8_blockscale_cktile_32x128x128_1x4x1_16x16x64_intrawave_0x1x0_4,1,29,302.9647000000001,0.0,passed,
16384,7168,1024,cktile_19_split0,cktile,19,0,a8w8_blockscale_cktile_32x128x128_1x4x1_16x16x64_intrawave_0x1x0_3,1,30,304.04066666666677,0.0,passed,
16384,7168,1024,cktile_18_split0,cktile,18,0,a8w8_blockscale_cktile_32x128x128_1x4x1_16x16x128_intrawave_0x1x0_4,1,31,300.8838799999999,0.0,passed,
16384,7168,1024,cktile_17_split0,cktile,17,0,a8w8_blockscale_cktile_32x128x128_1x4x1_16x16x128_intrawave_0x1x0_3,1,32,301.87510000000003,0.0,passed,
16384,7168,1024,cktile_16_split0,cktile,16,0,a8w8_blockscale_cktile_16x128x256_1x4x1_16x16x64_intrawave_0x1x0_4,1,33,443.50951063829774,0.0,passed,
16384,7168,1024,cktile_15_split0,cktile,15,0,a8w8_blockscale_cktile_16x128x256_1x4x1_16x16x64_intrawave_0x1x0_3,1,34,390.3545,0.0,passed,
16384,7168,1024,cktile_14_split0,cktile,14,0,a8w8_blockscale_cktile_16x128x256_1x4x1_16x16x128_intrawave_0x1x0_4,1,35,721.6199199999999,0.0,passed,
16384,7168,1024,cktile_13_split0,cktile,13,0,a8w8_blockscale_cktile_16x128x256_1x4x1_16x16x128_intrawave_0x1x0_3,1,36,415.55444186046503,0.0,passed,
16384,7168,1024,cktile_12_split0,cktile,12,0,a8w8_blockscale_cktile_192x256x128_4x2x1_16x16x128_intrawave_0x1x0_1_aqrm,1,37,182.26722448979595,0.0,passed,
16384,7168,1024,cktile_11_split0,cktile,11,0,a8w8_blockscale_cktile_192x256x128_4x2x1_16x16x128_intrawave_0x1x0_1,1,38,173.2344693877551,0.0,passed,
16384,7168,1024,cktile_10_split0,cktile,10,0,a8w8_blockscale_cktile_128x128x128_2x2x1_16x16x128_intrawave_0x1x0_2,1,39,256.28976,0.0,passed,
16384,7168,1024,cktile_9_split0,cktile,9,0,a8w8_blockscale_cktile_128x128x128_1x4x1_16x16x128_intrawave_0x1x0_1,1,40,262.88984,0.0,passed,
16384,7168,1024,cktile_8_split0,cktile,8,0,a8w8_blockscale_cktile_128x128x128_1x4x1_16x16x128_intrawave_0x1x0_1,1,41,260.6810204081634,0.0,passed,
16384,7168,1024,cktile_7_split0,cktile,7,0,a8w8_blockscale_cktile_32x128x128_1x4x1_16x16x64_intrawave_0x1x0_2,1,42,307.1343399999999,0.0,passed,
16384,7168,1024,cktile_6_split0,cktile,6,0,a8w8_blockscale_cktile_32x128x128_1x4x1_16x16x64_intrawave_0x1x0_1,1,43,301.98311999999993,0.0,passed,
16384,7168,1024,cktile_5_split0,cktile,5,0,a8w8_blockscale_cktile_32x128x128_1x4x1_16x16x128_intrawave_0x1x0_2,1,44,300.21428,0.0,passed,
16384,7168,1024,cktile_4_split0,cktile,4,0,a8w8_blockscale_cktile_32x128x128_1x4x1_16x16x128_intrawave_0x1x0_1,1,45,300.80067999999983,0.0,passed,
16384,7168,1024,cktile_3_split0,cktile,3,0,a8w8_blockscale_cktile_16x128x256_1x4x1_16x16x64_intrawave_0x1x0_2,1,46,391.2257200000002,0.0,passed,
16384,7168,1024,cktile_2_split0,cktile,2,0,a8w8_blockscale_cktile_16x128x256_1x4x1_16x16x64_intrawave_0x1x0_1,1,47,416.3448367346941,0.0,passed,
16384,7168,1024,cktile_1_split0,cktile,1,0,a8w8_blockscale_cktile_16x128x256_1x4x1_16x16x128_intrawave_0x1x0_2,1,48,417.3732200000002,0.0,passed,
16384,7168,1024,cktile_0_split0,cktile,0,0,a8w8_blockscale_cktile_16x128x256_1x4x1_16x16x128_intrawave_0x1x0_1,1,49,416.93338775510233,0.0,passed,
16384,7168,1024,ck_17_split0,ck,17,0,a8w8_blockscale_bpreshuffle_1x128x128_256x64x64x256_16x16_16x16_16x16x1_16x16x1_1x32x1x8_8_2x1_intrawave_v1,1,50,319.94110000000006,0.0,passed,
16384,7168,1024,ck_16_split0,ck,16,0,a8w8_blockscale_bpreshuffle_1x128x128_256x64x128x256_16x16_16x16_16x16x1_16x16x1_1x32x1x8_8_2x1_intrawave_v1,1,51,249.04508000000004,0.0,passed,
16384,7168,1024,ck_15_split0,ck,15,0,a8w8_blockscale_bpreshuffle_1x128x128_256x64x64x128_16x16_16x16_8x32x1_8x32x1_1x32x1x8_8_2x1_intrawave_v1,1,52,254.76113999999995,0.0,passed,
16384,7168,1024,ck_14_split0,ck,14,0,a8w8_blockscale_bpreshuffle_1x128x128_256x64x128x128_16x16_16x16_8x32x1_8x32x1_1x32x1x8_8_2x1_intrawave_v1,1,53,221.47515999999996,0.0,passed,
16384,7168,1024,ck_13_split0,ck,13,0,a8w8_blockscale_bpreshuffle_1x128x128_256x64x256x128_16x16_16x16_8x32x1_8x32x1_1x32x1x8_8_2x1_intrawave_v1,1,54,211.31823999999995,0.0,passed,
16384,7168,1024,ck_12_split0,ck,12,0,a8w8_blockscale_bpreshuffle_1x128x128_256x32x64x256_16x16_16x16_16x16x1_16x16x1_1x32x1x8_8_2x1_intrawave_v1,1,55,322.4084523809525,0.0,passed,
16384,7168,1024,ck_13_split0,ck,13,0,a8w8_blockscale_bpreshuffle_1x128x128_256x64x256x128_16x16_16x16_8x32x1_8x32x1_1x32x1x8_8_2x1_intrawave_v1,2,0,217.17432,0.0,passed,
16384,7168,1024,ck_14_split0,ck,14,0,a8w8_blockscale_bpreshuffle_1x128x128_256x64x128x128_16x16_16x16_8x32x1_8x32x1_1x32x1x8_8_2x1_intrawave_v1,2,1,221.94157999999996,0.0,passed,
16384,7168,1024,ck_15_split0,ck,15,0,a8w8_blockscale_bpreshuffle_1x128x128_256x64x64x128_16x16_16x16_8x32x1_8x32x1_1x32x1x8_8_2x1_intrawave_v1,2,2,255.70435999999998,0.0,passed,
16384,7168,1024,ck_16_split0,ck,16,0,a8w8_blockscale_bpreshuffle_1x128x128_256x64x128x256_16x16_16x16_16x16x1_16x16x1_1x32x1x8_8_2x1_intrawave_v1,2,3,248.76697872340424,0.0,passed,
16384,7168,1024,ck_17_split0,ck,17,0,a8w8_blockscale_bpreshuffle_1x128x128_256x64x64x256_16x16_16x16_16x16x1_16x16x1_1x32x1x8_8_2x1_intrawave_v1,2,4,321.49272916666683,0.0,passed,
16384,7168,1024,cktile_0_split0,cktile,0,0,a8w8_blockscale_cktile_16x128x256_1x4x1_16x16x128_intrawave_0x1x0_1,2,5,418.4938936170212,0.0,passed,
16384,7168,1024,cktile_1_split0,cktile,1,0,a8w8_blockscale_cktile_16x128x256_1x4x1_16x16x128_intrawave_0x1x0_2,2,6,420.2967142857145,0.0,passed,
16384,7168,1024,cktile_2_split0,cktile,2,0,a8w8_blockscale_cktile_16x128x256_1x4x1_16x16x64_intrawave_0x1x0_1,2,7,413.06236170212765,0.0,passed,
16384,7168,1024,cktile_3_split0,cktile,3,0,a8w8_blockscale_cktile_16x128x256_1x4x1_16x16x64_intrawave_0x1x0_2,2,8,391.1313199999999,0.0,passed,
16384,7168,1024,cktile_4_split0,cktile,4,0,a8w8_blockscale_cktile_32x128x128_1x4x1_16x16x128_intrawave_0x1x0_1,2,9,302.58629999999994,0.0,passed,
16384,7168,1024,cktile_5_split0,cktile,5,0,a8w8_blockscale_cktile_32x128x128_1x4x1_16x16x128_intrawave_0x1x0_2,2,10,300.6582599999998,0.0,passed,
16384,7168,1024,cktile_6_split0,cktile,6,0,a8w8_blockscale_cktile_32x128x128_1x4x1_16x16x64_intrawave_0x1x0_1,2,11,301.9966800000001,0.0,passed,
16384,7168,1024,cktile_7_split0,cktile,7,0,a8w8_blockscale_cktile_32x128x128_1x4x1_16x16x64_intrawave_0x1x0_2,2,12,301.65191304347843,0.0,passed,
16384,7168,1024,cktile_8_split0,cktile,8,0,a8w8_blockscale_cktile_128x128x128_1x4x1_16x16x128_intrawave_0x1x0_1,2,13,262.48185416666666,0.0,passed,
16384,7168,1024,cktile_9_split0,cktile,9,0,a8w8_blockscale_cktile_128x128x128_1x4x1_16x16x128_intrawave_0x1x0_1,2,14,263.1890399999999,0.0,passed,
16384,7168,1024,cktile_10_split0,cktile,10,0,a8w8_blockscale_cktile_128x128x128_2x2x1_16x16x128_intrawave_0x1x0_2,2,15,256.9385600000001,0.0,passed,
16384,7168,1024,cktile_11_split0,cktile,11,0,a8w8_blockscale_cktile_192x256x128_4x2x1_16x16x128_intrawave_0x1x0_1,2,16,173.57779999999994,0.0,passed,
16384,7168,1024,cktile_12_split0,cktile,12,0,a8w8_blockscale_cktile_192x256x128_4x2x1_16x16x128_intrawave_0x1x0_1_aqrm,2,17,182.06510000000006,0.0,passed,
16384,7168,1024,cktile_13_split0,cktile,13,0,a8w8_blockscale_cktile_16x128x256_1x4x1_16x16x128_intrawave_0x1x0_3,2,18,421.6956382978724,0.0,passed,
16384,7168,1024,cktile_14_split0,cktile,14,0,a8w8_blockscale_cktile_16x128x256_1x4x1_16x16x128_intrawave_0x1x0_4,2,19,720.3919199999999,0.0,passed,
16384,7168,1024,cktile_15_split0,cktile,15,0,a8w8_blockscale_cktile_16x128x256_1x4x1_16x16x64_intrawave_0x1x0_3,2,20,391.3381739130436,0.0,passed,
16384,7168,1024,cktile_16_split0,cktile,16,0,a8w8_blockscale_cktile_16x128x256_1x4x1_16x16x64_intrawave_0x1x0_4,2,21,440.48879591836743,0.0,passed,
16384,7168,1024,cktile_17_split0,cktile,17,0,a8w8_blockscale_cktile_32x128x128_1x4x1_16x16x128_intrawave_0x1x0_3,2,22,302.83830000000006,0.0,passed,
16384,7168,1024,cktile_18_split0,cktile,18,0,a8w8_blockscale_cktile_32x128x128_1x4x1_16x16x128_intrawave_0x1x0_4,2,23,301.81428000000017,0.0,passed,
16384,7168,1024,cktile_19_split0,cktile,19,0,a8w8_blockscale_cktile_32x128x128_1x4x1_16x16x64_intrawave_0x1x0_3,2,24,303.50629999999995,0.0,passed,
16384,7168,1024,cktile_20_split0,cktile,20,0,a8w8_blockscale_cktile_32x128x128_1x4x1_16x16x64_intrawave_0x1x0_4,2,25,305.06550000000016,0.0,passed,
16384,7168,1024,cktile_21_split0,cktile,21,0,a8w8_blockscale_cktile_128x128x128_1x4x1_16x16x128_intrawave_0x1x0_2,2,26,264.65772916666646,0.0,passed,
16384,7168,1024,cktile_22_split0,cktile,22,0,a8w8_blockscale_cktile_128x128x128_1x4x1_16x16x128_intrawave_0x1x0_3,2,27,760.26356,0.0,passed,
16384,7168,1024,cktile_23_split0,cktile,23,0,a8w8_blockscale_cktile_128x128x128_1x4x1_16x16x128_intrawave_0x1x0_4,2,28,1157.6959545454547,0.0,passed,
16384,7168,1024,cktile_24_split0,cktile,24,0,a8w8_blockscale_cktile_128x128x128_2x2x1_16x16x128_intrawave_0x1x0_1,2,29,256.7481599999999,0.0,passed,
16384,7168,1024,cktile_25_split0,cktile,25,0,a8w8_blockscale_cktile_128x128x128_2x2x1_16x16x128_intrawave_0x1x0_3,2,30,805.7801000000004,0.0,passed,
16384,7168,1024,cktile_26_split0,cktile,26,0,a8w8_blockscale_cktile_128x128x128_2x2x1_16x16x128_intrawave_0x1x0_4,2,31,1644.9881627906973,0.0,passed,
16384,7168,1024,cktile_27_split0,cktile,27,0,a8w8_blockscale_cktile_192x256x128_4x2x1_16x16x128_intrawave_0x1x0_2,2,32,172.752,0.0,passed,
16384,7168,1024,cktile_28_split0,cktile,28,0,a8w8_blockscale_cktile_192x256x128_4x2x1_16x16x128_intrawave_0x1x0_3,2,33,173.04753061224488,0.0,passed,
16384,7168,1024,cktile_29_split0,cktile,29,0,a8w8_blockscale_cktile_192x256x128_4x2x1_16x16x128_intrawave_0x1x0_4,2,34,173.20969565217388,0.0,passed,
16384,7168,1024,cktile_30_split0,cktile,30,0,a8w8_blockscale_cktile_192x256x128_4x2x1_16x16x128_intrawave_0x1x0_2_aqrm,2,35,181.80990000000006,0.0,passed,
16384,7168,1024,cktile_31_split0,cktile,31,0,a8w8_blockscale_cktile_192x256x128_4x2x1_16x16x128_intrawave_0x1x0_3_aqrm,2,36,182.6102708333333,0.0,passed,
16384,7168,1024,cktile_32_split0,cktile,32,0,a8w8_blockscale_cktile_192x256x128_4x2x1_16x16x128_intrawave_0x1x0_4_aqrm,2,37,181.9819000000001,0.0,passed,
16384,7168,1024,opus_9000,opus,9000,0,opus_gemm_gfx950_a8w8_mxscale_gemm_bpreshuffle_256x256x256x128_2x2_16x16x128_1x128x128_tiles1_nooob,2,38,140.39326530612243,0.0,passed,
16384,7168,1024,opus_9010,opus,9010,0,opus_gemm_gfx950_a8w8_mxscale_gemm_bpreshuffle_256x128x128x128_2x2_16x16x128_1x128x128_tiles1_nooob,2,39,247.76506000000006,0.0,passed,
16384,7168,1024,opus_9011,opus,9011,0,opus_gemm_gfx950_a8w8_mxscale_gemm_bpreshuffle_256x64x128x128_2x2_16x16x128_1x128x128_tiles1_nooob,2,40,238.33936000000003,0.0,passed,
16384,7168,1024,opus_9012,opus,9012,0,opus_gemm_gfx950_a8w8_mxscale_gemm_bpreshuffle_256x64x64x128_2x2_16x16x128_1x128x128_tiles1_nooob,2,41,291.75436,0.0,passed,
16384,7168,1024,opus_9020,opus,9020,0,opus_gemm_gfx950_a8w8_mxscale_gemm_bpreshuffle_256x256x256x128_2x2_16x16x128_1x128x128_tiles1,2,42,147.77091489361703,0.0,passed,
16384,7168,1024,ck_0_split0,ck,0,0,a8w8_blockscale_bpreshuffle_1x128x128_256x128x128x128_16x16_16x16_8x32x1_8x32x1_1x32x1x8_8_2x1_intrawave_v3,2,43,216.0024285714286,0.0,passed,
16384,7168,1024,ck_1_split0,ck,1,0,a8w8_blockscale_bpreshuffle_1x128x128_256x64x128x128_16x16_16x16_8x32x1_8x32x1_1x32x1x8_8_2x1_intrawave_v3,2,44,221.6647399999999,0.0,passed,
16384,7168,1024,ck_2_split0,ck,2,0,a8w8_blockscale_bpreshuffle_1x128x128_256x64x64x128_16x16_16x16_8x32x1_8x32x1_1x32x1x8_8_2x1_intrawave_v3,2,45,264.35566,0.0,passed,
16384,7168,1024,ck_3_split0,ck,3,0,a8w8_blockscale_bpreshuffle_1x128x128_256x16x256x128_8x16_16x16_16x16x1_8x32x1_1x16x1x16_8_1x2_intrawave_v1,2,46,387.0346800000001,0.0,passed,
16384,7168,1024,ck_4_split0,ck,4,0,a8w8_blockscale_bpreshuffle_1x128x128_256x16x128x128_8x16_16x16_16x16x1_8x32x1_1x16x1x16_8_1x2_intrawave_v1,2,47,420.9958599999999,0.0,passed,
16384,7168,1024,ck_5_split0,ck,5,0,a8w8_blockscale_bpreshuffle_1x128x128_256x16x64x128_8x16_16x16_16x16x1_8x32x1_1x16x1x16_4_1x1_intrawave_v1,2,48,472.5619791666668,0.0,passed,
16384,7168,1024,ck_6_split0,ck,6,0,a8w8_blockscale_bpreshuffle_1x128x128_256x16x128x256_16x16_16x16_16x16x1_16x16x1_1x16x1x16_8_1x2_intrawave_v1,2,49,408.99814000000003,0.0,passed,
16384,7168,1024,ck_7_split0,ck,7,0,a8w8_blockscale_bpreshuffle_1x128x128_256x16x64x256_16x16_16x16_16x16x1_16x16x1_1x16x1x16_4_1x1_intrawave_v1,2,50,463.2949591836736,0.0,passed,
16384,7168,1024,ck_8_split0,ck,8,0,a8w8_blockscale_bpreshuffle_1x128x128_256x32x256x128_16x16_16x16_8x32x1_8x32x1_1x32x1x8_8_2x1_intrawave_v1,2,51,250.44668000000013,0.0,passed,
16384,7168,1024,ck_9_split0,ck,9,0,a8w8_blockscale_bpreshuffle_1x128x128_256x32x128x128_16x16_16x16_8x32x1_8x32x1_1x32x1x8_8_2x1_intrawave_v1,2,52,270.21652000000006,0.0,passed,
16384,7168,1024,ck_10_split0,ck,10,0,a8w8_blockscale_bpreshuffle_1x128x128_256x32x64x128_16x16_16x16_8x32x1_8x32x1_1x32x1x8_8_2x1_intrawave_v1,2,53,304.3543181818181,0.0,passed,
16384,7168,1024,ck_11_split0,ck,11,0,a8w8_blockscale_bpreshuffle_1x128x128_256x32x128x256_16x16_16x16_16x16x1_16x16x1_1x32x1x8_8_2x1_intrawave_v1,2,54,276.2412978723404,0.0,passed,
16384,7168,1024,ck_12_split0,ck,12,0,a8w8_blockscale_bpreshuffle_1x128x128_256x32x64x256_16x16_16x16_16x16x1_16x16x1_1x32x1x8_8_2x1_intrawave_v1,2,55,322.63794000000007,0.0,passed,
1664,7168,3072,ck_12_split0,ck,12,0,a8w8_blockscale_bpreshuffle_1x128x128_256x32x64x256_16x16_16x16_16x16x1_16x16x1_1x32x1x8_8_2x1_intrawave_v1,0,0,102.43297999999999,0.0,passed,
1664,7168,3072,ck_13_split0,ck,13,0,a8w8_blockscale_bpreshuffle_1x128x128_256x64x256x128_16x16_16x16_8x32x1_8x32x1_1x32x1x8_8_2x1_intrawave_v1,0,1,64.52454000000002,0.0,passed,
1664,7168,3072,ck_14_split0,ck,14,0,a8w8_blockscale_bpreshuffle_1x128x128_256x64x128x128_16x16_16x16_8x32x1_8x32x1_1x32x1x8_8_2x1_intrawave_v1,0,2,64.83413999999999,0.0,passed,
1664,7168,3072,ck_15_split0,ck,15,0,a8w8_blockscale_bpreshuffle_1x128x128_256x64x64x128_16x16_16x16_8x32x1_8x32x1_1x32x1x8_8_2x1_intrawave_v1,0,3,81.97353999999996,0.0,passed,
1664,7168,3072,ck_16_split0,ck,16,0,a8w8_blockscale_bpreshuffle_1x128x128_256x64x128x256_16x16_16x16_16x16x1_16x16x1_1x32x1x8_8_2x1_intrawave_v1,0,4,76.19108,0.0,passed,
1664,7168,3072,ck_17_split0,ck,17,0,a8w8_blockscale_bpreshuffle_1x128x128_256x64x64x256_16x16_16x16_16x16x1_16x16x1_1x32x1x8_8_2x1_intrawave_v1,0,5,92.88488000000005,0.0,passed,
1664,7168,3072,cktile_0_split0,cktile,0,0,a8w8_blockscale_cktile_16x128x256_1x4x1_16x16x128_intrawave_0x1x0_1,0,6,124.89944000000007,0.0,passed,
1664,7168,3072,cktile_1_split0,cktile,1,0,a8w8_blockscale_cktile_16x128x256_1x4x1_16x16x128_intrawave_0x1x0_2,0,7,122.11540000000001,0.0,passed,
1664,7168,3072,cktile_2_split0,cktile,2,0,a8w8_blockscale_cktile_16x128x256_1x4x1_16x16x64_intrawave_0x1x0_1,0,8,131.05712000000003,0.0,passed,
1664,7168,3072,cktile_3_split0,cktile,3,0,a8w8_blockscale_cktile_16x128x256_1x4x1_16x16x64_intrawave_0x1x0_2,0,9,128.2290799999999,0.0,passed,
1664,7168,3072,cktile_4_split0,cktile,4,0,a8w8_blockscale_cktile_32x128x128_1x4x1_16x16x128_intrawave_0x1x0_1,0,10,98.99594,0.0,passed,
1664,7168,3072,cktile_5_split0,cktile,5,0,a8w8_blockscale_cktile_32x128x128_1x4x1_16x16x128_intrawave_0x1x0_2,0,11,97.02471999999996,0.0,passed,
1664,7168,3072,cktile_6_split0,cktile,6,0,a8w8_blockscale_cktile_32x128x128_1x4x1_16x16x64_intrawave_0x1x0_1,0,12,100.50635999999997,0.0,passed,
1664,7168,3072,cktile_7_split0,cktile,7,0,a8w8_blockscale_cktile_32x128x128_1x4x1_16x16x64_intrawave_0x1x0_2,0,13,100.9439799999999,0.0,passed,
1664,7168,3072,cktile_8_split0,cktile,8,0,a8w8_blockscale_cktile_128x128x128_1x4x1_16x16x128_intrawave_0x1x0_1,0,14,93.80589361702127,0.0,passed,
1664,7168,3072,cktile_9_split0,cktile,9,0,a8w8_blockscale_cktile_128x128x128_1x4x1_16x16x128_intrawave_0x1x0_1,0,15,94.74293617021274,0.0,passed,
1664,7168,3072,cktile_10_split0,cktile,10,0,a8w8_blockscale_cktile_128x128x128_2x2x1_16x16x128_intrawave_0x1x0_2,0,16,94.28627999999998,0.0,passed,
1664,7168,3072,cktile_11_split0,cktile,11,0,a8w8_blockscale_cktile_192x256x128_4x2x1_16x16x128_intrawave_0x1x0_1,0,17,44.36395555555555,0.0,passed,
1664,7168,3072,cktile_12_split0,cktile,12,0,a8w8_blockscale_cktile_192x256x128_4x2x1_16x16x128_intrawave_0x1x0_1_aqrm,0,18,52.41082,0.0,passed,
1664,7168,3072,cktile_13_split0,cktile,13,0,a8w8_blockscale_cktile_16x128x256_1x4x1_16x16x128_intrawave_0x1x0_3,0,19,124.1634200000001,0.0,passed,
1664,7168,3072,cktile_14_split0,cktile,14,0,a8w8_blockscale_cktile_16x128x256_1x4x1_16x16x128_intrawave_0x1x0_4,0,20,245.92962000000003,0.0,passed,
1664,7168,3072,cktile_15_split0,cktile,15,0,a8w8_blockscale_cktile_16x128x256_1x4x1_16x16x64_intrawave_0x1x0_3,0,21,126.86106000000005,0.0,passed,
1664,7168,3072,cktile_16_split0,cktile,16,0,a8w8_blockscale_cktile_16x128x256_1x4x1_16x16x64_intrawave_0x1x0_4,0,22,144.39727999999988,0.0,passed,
1664,7168,3072,cktile_17_split0,cktile,17,0,a8w8_blockscale_cktile_32x128x128_1x4x1_16x16x128_intrawave_0x1x0_3,0,23,98.58153999999996,0.0,passed,
1664,7168,3072,cktile_18_split0,cktile,18,0,a8w8_blockscale_cktile_32x128x128_1x4x1_16x16x128_intrawave_0x1x0_4,0,24,98.81274000000002,0.0,passed,
1664,7168,3072,cktile_19_split0,cktile,19,0,a8w8_blockscale_cktile_32x128x128_1x4x1_16x16x64_intrawave_0x1x0_3,0,25,100.08315999999999,0.0,passed,
1664,7168,3072,cktile_20_split0,cktile,20,0,a8w8_blockscale_cktile_32x128x128_1x4x1_16x16x64_intrawave_0x1x0_4,0,26,101.65358,0.0,passed,
1664,7168,3072,cktile_21_split0,cktile,21,0,a8w8_blockscale_cktile_128x128x128_1x4x1_16x16x128_intrawave_0x1x0_2,0,27,94.0165384615384,0.0,passed,
1664,7168,3072,cktile_22_split0,cktile,22,0,a8w8_blockscale_cktile_128x128x128_1x4x1_16x16x128_intrawave_0x1x0_3,0,28,246.45386046511626,0.0,passed,
1664,7168,3072,cktile_23_split0,cktile,23,0,a8w8_blockscale_cktile_128x128x128_1x4x1_16x16x128_intrawave_0x1x0_4,0,29,417.3878333333334,0.0,passed,
1664,7168,3072,cktile_24_split0,cktile,24,0,a8w8_blockscale_cktile_128x128x128_2x2x1_16x16x128_intrawave_0x1x0_1,0,30,94.55268,0.0,passed,
1664,7168,3072,cktile_25_split0,cktile,25,0,a8w8_blockscale_cktile_128x128x128_2x2x1_16x16x128_intrawave_0x1x0_3,0,31,259.7673636363634,0.0,passed,
1664,7168,3072,cktile_26_split0,cktile,26,0,a8w8_blockscale_cktile_128x128x128_2x2x1_16x16x128_intrawave_0x1x0_4,0,32,597.2190624999998,0.0,passed,
1664,7168,3072,cktile_27_split0,cktile,27,0,a8w8_blockscale_cktile_192x256x128_4x2x1_16x16x128_intrawave_0x1x0_2,0,33,44.184520833333316,0.0,passed,
1664,7168,3072,cktile_28_split0,cktile,28,0,a8w8_blockscale_cktile_192x256x128_4x2x1_16x16x128_intrawave_0x1x0_3,0,34,44.1091,0.0,passed,
1664,7168,3072,cktile_29_split0,cktile,29,0,a8w8_blockscale_cktile_192x256x128_4x2x1_16x16x128_intrawave_0x1x0_4,0,35,44.188173913043485,0.0,passed,
1664,7168,3072,cktile_30_split0,cktile,30,0,a8w8_blockscale_cktile_192x256x128_4x2x1_16x16x128_intrawave_0x1x0_2_aqrm,0,36,51.36599999999998,0.0,passed,
1664,7168,3072,cktile_31_split0,cktile,31,0,a8w8_blockscale_cktile_192x256x128_4x2x1_16x16x128_intrawave_0x1x0_3_aqrm,0,37,52.88119999999997,0.0,passed,
1664,7168,3072,cktile_32_split0,cktile,32,0,a8w8_blockscale_cktile_192x256x128_4x2x1_16x16x128_intrawave_0x1x0_4_aqrm,0,38,52.47240000000002,0.0,passed,
1664,7168,3072,opus_9010,opus,9010,0,opus_gemm_gfx950_a8w8_mxscale_gemm_bpreshuffle_256x128x128x128_2x2_16x16x128_1x128x128_tiles1_nooob,0,39,60.536020408163246,0.0,passed,
1664,7168,3072,opus_9011,opus,9011,0,opus_gemm_gfx950_a8w8_mxscale_gemm_bpreshuffle_256x64x128x128_2x2_16x16x128_1x128x128_tiles1_nooob,0,40,62.90852000000002,0.0,passed,
1664,7168,3072,opus_9012,opus,9012,0,opus_gemm_gfx950_a8w8_mxscale_gemm_bpreshuffle_256x64x64x128_2x2_16x16x128_1x128x128_tiles1_nooob,0,41,74.77402083333332,0.0,passed,
1664,7168,3072,opus_9020,opus,9020,0,opus_gemm_gfx950_a8w8_mxscale_gemm_bpreshuffle_256x256x256x128_2x2_16x16x128_1x128x128_tiles1,0,42,47.26956818181822,0.0,passed,
1664,7168,3072,ck_0_split0,ck,0,0,a8w8_blockscale_bpreshuffle_1x128x128_256x128x128x128_16x16_16x16_8x32x1_8x32x1_1x32x1x8_8_2x1_intrawave_v3,0,43,63.87652000000003,0.0,passed,
1664,7168,3072,ck_1_split0,ck,1,0,a8w8_blockscale_bpreshuffle_1x128x128_256x64x128x128_16x16_16x16_8x32x1_8x32x1_1x32x1x8_8_2x1_intrawave_v3,0,44,65.11736,0.0,passed,
1664,7168,3072,ck_2_split0,ck,2,0,a8w8_blockscale_bpreshuffle_1x128x128_256x64x64x128_16x16_16x16_8x32x1_8x32x1_1x32x1x8_8_2x1_intrawave_v3,0,45,84.27836,0.0,passed,
1664,7168,3072,ck_3_split0,ck,3,0,a8w8_blockscale_bpreshuffle_1x128x128_256x16x256x128_8x16_16x16_16x16x1_8x32x1_1x16x1x16_8_1x2_intrawave_v1,0,46,124.62604000000005,0.0,passed,
1664,7168,3072,ck_4_split0,ck,4,0,a8w8_blockscale_bpreshuffle_1x128x128_256x16x128x128_8x16_16x16_16x16x1_8x32x1_1x16x1x16_8_1x2_intrawave_v1,0,47,132.24533999999997,0.0,passed,
1664,7168,3072,ck_5_split0,ck,5,0,a8w8_blockscale_bpreshuffle_1x128x128_256x16x64x128_8x16_16x16_16x16x1_8x32x1_1x16x1x16_4_1x1_intrawave_v1,0,48,154.33277999999996,0.0,passed,
1664,7168,3072,ck_6_split0,ck,6,0,a8w8_blockscale_bpreshuffle_1x128x128_256x16x128x256_16x16_16x16_16x16x1_16x16x1_1x16x1x16_8_1x2_intrawave_v1,0,49,128.78849999999994,0.0,passed,
1664,7168,3072,ck_7_split0,ck,7,0,a8w8_blockscale_bpreshuffle_1x128x128_256x16x64x256_16x16_16x16_16x16x1_16x16x1_1x16x1x16_4_1x1_intrawave_v1,0,50,146.26070000000004,0.0,passed,
1664,7168,3072,ck_8_split0,ck,8,0,a8w8_blockscale_bpreshuffle_1x128x128_256x32x256x128_16x16_16x16_8x32x1_8x32x1_1x32x1x8_8_2x1_intrawave_v1,0,51,78.72632000000004,0.0,passed,
1664,7168,3072,ck_9_split0,ck,9,0,a8w8_blockscale_bpreshuffle_1x128x128_256x32x128x128_16x16_16x16_8x32x1_8x32x1_1x32x1x8_8_2x1_intrawave_v1,0,52,83.88555999999996,0.0,passed,
1664,7168,3072,ck_10_split0,ck,10,0,a8w8_blockscale_bpreshuffle_1x128x128_256x32x64x128_16x16_16x16_8x32x1_8x32x1_1x32x1x8_8_2x1_intrawave_v1,0,53,100.72495999999997,0.0,passed,
1664,7168,3072,ck_11_split0,ck,11,0,a8w8_blockscale_bpreshuffle_1x128x128_256x32x128x256_16x16_16x16_16x16x1_16x16x1_1x32x1x8_8_2x1_intrawave_v1,0,54,86.71760000000002,0.0,passed,
1664,7168,3072,ck_12_split0,ck,12,0,a8w8_blockscale_bpreshuffle_1x128x128_256x32x64x256_16x16_16x16_16x16x1_16x16x1_1x32x1x8_8_2x1_intrawave_v1,1,0,100.92495999999997,0.0,passed,
1664,7168,3072,ck_11_split0,ck,11,0,a8w8_blockscale_bpreshuffle_1x128x128_256x32x128x256_16x16_16x16_16x16x1_16x16x1_1x32x1x8_8_2x1_intrawave_v1,1,1,88.74884,0.0,passed,
1664,7168,3072,ck_10_split0,ck,10,0,a8w8_blockscale_bpreshuffle_1x128x128_256x32x64x128_16x16_16x16_8x32x1_8x32x1_1x32x1x8_8_2x1_intrawave_v1,1,2,100.30653999999998,0.0,passed,
1664,7168,3072,ck_9_split0,ck,9,0,a8w8_blockscale_bpreshuffle_1x128x128_256x32x128x128_16x16_16x16_8x32x1_8x32x1_1x32x1x8_8_2x1_intrawave_v1,1,3,83.93675999999998,0.0,passed,
1664,7168,3072,ck_8_split0,ck,8,0,a8w8_blockscale_bpreshuffle_1x128x128_256x32x256x128_16x16_16x16_8x32x1_8x32x1_1x32x1x8_8_2x1_intrawave_v1,1,4,80.56153999999998,0.0,passed,
1664,7168,3072,ck_7_split0,ck,7,0,a8w8_blockscale_bpreshuffle_1x128x128_256x16x64x256_16x16_16x16_16x16x1_16x16x1_1x16x1x16_4_1x1_intrawave_v1,1,5,149.38392000000002,0.0,passed,
1664,7168,3072,ck_6_split0,ck,6,0,a8w8_blockscale_bpreshuffle_1x128x128_256x16x128x256_16x16_16x16_16x16x1_16x16x1_1x16x1x16_8_1x2_intrawave_v1,1,6,127.42368,0.0,passed,
1664,7168,3072,ck_5_split0,ck,5,0,a8w8_blockscale_bpreshuffle_1x128x128_256x16x64x128_8x16_16x16_16x16x1_8x32x1_1x16x1x16_4_1x1_intrawave_v1,1,7,155.87600000000006,0.0,passed,
1664,7168,3072,ck_4_split0,ck,4,0,a8w8_blockscale_bpreshuffle_1x128x128_256x16x128x128_8x16_16x16_16x16x1_8x32x1_1x16x1x16_8_1x2_intrawave_v1,1,8,132.00532000000007,0.0,passed,
1664,7168,3072,ck_3_split0,ck,3,0,a8w8_blockscale_bpreshuffle_1x128x128_256x16x256x128_8x16_16x16_16x16x1_8x32x1_1x16x1x16_8_1x2_intrawave_v1,1,9,126.27725999999997,0.0,passed,
1664,7168,3072,ck_2_split0,ck,2,0,a8w8_blockscale_bpreshuffle_1x128x128_256x64x64x128_16x16_16x16_8x32x1_8x32x1_1x32x1x8_8_2x1_intrawave_v3,1,10,86.75119999999997,0.0,passed,
1664,7168,3072,ck_1_split0,ck,1,0,a8w8_blockscale_bpreshuffle_1x128x128_256x64x128x128_16x16_16x16_8x32x1_8x32x1_1x32x1x8_8_2x1_intrawave_v3,1,11,65.87495999999999,0.0,passed,
1664,7168,3072,ck_0_split0,ck,0,0,a8w8_blockscale_bpreshuffle_1x128x128_256x128x128x128_16x16_16x16_8x32x1_8x32x1_1x32x1x8_8_2x1_intrawave_v3,1,12,63.44291999999996,0.0,passed,
1664,7168,3072,opus_9020,opus,9020,0,opus_gemm_gfx950_a8w8_mxscale_gemm_bpreshuffle_256x256x256x128_2x2_16x16x128_1x128x128_tiles1,1,13,46.92863636363638,0.0,passed,
1664,7168,3072,opus_9012,opus,9012,0,opus_gemm_gfx950_a8w8_mxscale_gemm_bpreshuffle_256x64x64x128_2x2_16x16x128_1x128x128_tiles1_nooob,1,14,75.19268000000002,0.0,passed,
1664,7168,3072,opus_9011,opus,9011,0,opus_gemm_gfx950_a8w8_mxscale_gemm_bpreshuffle_256x64x128x128_2x2_16x16x128_1x128x128_tiles1_nooob,1,15,62.582940000000015,0.0,passed,
1664,7168,3072,opus_9010,opus,9010,0,opus_gemm_gfx950_a8w8_mxscale_gemm_bpreshuffle_256x128x128x128_2x2_16x16x128_1x128x128_tiles1_nooob,1,16,61.14130000000001,0.0,passed,
1664,7168,3072,cktile_32_split0,cktile,32,0,a8w8_blockscale_cktile_192x256x128_4x2x1_16x16x128_intrawave_0x1x0_4_aqrm,1,17,52.33510204081634,0.0,passed,
1664,7168,3072,cktile_31_split0,cktile,31,0,a8w8_blockscale_cktile_192x256x128_4x2x1_16x16x128_intrawave_0x1x0_3_aqrm,1,18,51.60838,0.0,passed,
1664,7168,3072,cktile_30_split0,cktile,30,0,a8w8_blockscale_cktile_192x256x128_4x2x1_16x16x128_intrawave_0x1x0_2_aqrm,1,19,53.34842000000003,0.0,passed,
1664,7168,3072,cktile_29_split0,cktile,29,0,a8w8_blockscale_cktile_192x256x128_4x2x1_16x16x128_intrawave_0x1x0_4,1,20,44.26440000000002,0.0,passed,
1664,7168,3072,cktile_28_split0,cktile,28,0,a8w8_blockscale_cktile_192x256x128_4x2x1_16x16x128_intrawave_0x1x0_3,1,21,44.31776086956522,0.0,passed,
1664,7168,3072,cktile_27_split0,cktile,27,0,a8w8_blockscale_cktile_192x256x128_4x2x1_16x16x128_intrawave_0x1x0_2,1,22,44.4114255319149,0.0,passed,
1664,7168,3072,cktile_26_split0,cktile,26,0,a8w8_blockscale_cktile_128x128x128_2x2x1_16x16x128_intrawave_0x1x0_4,1,23,597.1466304347822,0.0,passed,
1664,7168,3072,cktile_25_split0,cktile,25,0,a8w8_blockscale_cktile_128x128x128_2x2x1_16x16x128_intrawave_0x1x0_3,1,24,260.27240476190474,0.0,passed,
1664,7168,3072,cktile_24_split0,cktile,24,0,a8w8_blockscale_cktile_128x128x128_2x2x1_16x16x128_intrawave_0x1x0_1,1,25,94.42438775510202,0.0,passed,
1664,7168,3072,cktile_23_split0,cktile,23,0,a8w8_blockscale_cktile_128x128x128_1x4x1_16x16x128_intrawave_0x1x0_4,1,26,416.8943555555555,0.0,passed,
1664,7168,3072,cktile_22_split0,cktile,22,0,a8w8_blockscale_cktile_128x128x128_1x4x1_16x16x128_intrawave_0x1x0_3,1,27,246.0882790697673,0.0,passed,
1664,7168,3072,cktile_21_split0,cktile,21,0,a8w8_blockscale_cktile_128x128x128_1x4x1_16x16x128_intrawave_0x1x0_2,1,28,93.55348837209304,0.0,passed,
1664,7168,3072,cktile_20_split0,cktile,20,0,a8w8_blockscale_cktile_32x128x128_1x4x1_16x16x64_intrawave_0x1x0_4,1,29,101.57755999999996,0.0,passed,
1664,7168,3072,cktile_19_split0,cktile,19,0,a8w8_blockscale_cktile_32x128x128_1x4x1_16x16x64_intrawave_0x1x0_3,1,30,102.95358,0.0,passed,
1664,7168,3072,cktile_18_split0,cktile,18,0,a8w8_blockscale_cktile_32x128x128_1x4x1_16x16x128_intrawave_0x1x0_4,1,31,97.57708163265306,0.0,passed,
1664,7168,3072,cktile_17_split0,cktile,17,0,a8w8_blockscale_cktile_32x128x128_1x4x1_16x16x128_intrawave_0x1x0_3,1,32,97.56151999999994,0.0,passed,
1664,7168,3072,cktile_16_split0,cktile,16,0,a8w8_blockscale_cktile_16x128x256_1x4x1_16x16x64_intrawave_0x1x0_4,1,33,142.84606000000005,0.0,passed,
1664,7168,3072,cktile_15_split0,cktile,15,0,a8w8_blockscale_cktile_16x128x256_1x4x1_16x16x64_intrawave_0x1x0_3,1,34,128.62427999999997,0.0,passed,
1664,7168,3072,cktile_14_split0,cktile,14,0,a8w8_blockscale_cktile_16x128x256_1x4x1_16x16x128_intrawave_0x1x0_4,1,35,243.02960000000002,0.0,passed,
1664,7168,3072,cktile_13_split0,cktile,13,0,a8w8_blockscale_cktile_16x128x256_1x4x1_16x16x128_intrawave_0x1x0_3,1,36,124.92106122448988,0.0,passed,
1664,7168,3072,cktile_12_split0,cktile,12,0,a8w8_blockscale_cktile_192x256x128_4x2x1_16x16x128_intrawave_0x1x0_1_aqrm,1,37,52.11479999999999,0.0,passed,
1664,7168,3072,cktile_11_split0,cktile,11,0,a8w8_blockscale_cktile_192x256x128_4x2x1_16x16x128_intrawave_0x1x0_1,1,38,44.4603,0.0,passed,
1664,7168,3072,cktile_10_split0,cktile,10,0,a8w8_blockscale_cktile_128x128x128_2x2x1_16x16x128_intrawave_0x1x0_2,1,39,94.71029999999995,0.0,passed,
1664,7168,3072,cktile_9_split0,cktile,9,0,a8w8_blockscale_cktile_128x128x128_1x4x1_16x16x128_intrawave_0x1x0_1,1,40,94.0518297872341,0.0,passed,
1664,7168,3072,cktile_8_split0,cktile,8,0,a8w8_blockscale_cktile_128x128x128_1x4x1_16x16x128_intrawave_0x1x0_1,1,41,93.4680212765957,0.0,passed,
1664,7168,3072,cktile_7_split0,cktile,7,0,a8w8_blockscale_cktile_32x128x128_1x4x1_16x16x64_intrawave_0x1x0_2,1,42,100.29916000000003,0.0,passed,
1664,7168,3072,cktile_6_split0,cktile,6,0,a8w8_blockscale_cktile_32x128x128_1x4x1_16x16x64_intrawave_0x1x0_1,1,43,99.20476,0.0,passed,
1664,7168,3072,cktile_5_split0,cktile,5,0,a8w8_blockscale_cktile_32x128x128_1x4x1_16x16x128_intrawave_0x1x0_2,1,44,99.2874791666667,0.0,passed,
1664,7168,3072,cktile_4_split0,cktile,4,0,a8w8_blockscale_cktile_32x128x128_1x4x1_16x16x128_intrawave_0x1x0_1,1,45,98.49193999999993,0.0,passed,
1664,7168,3072,cktile_3_split0,cktile,3,0,a8w8_blockscale_cktile_16x128x256_1x4x1_16x16x64_intrawave_0x1x0_2,1,46,128.04748,0.0,passed,
1664,7168,3072,cktile_2_split0,cktile,2,0,a8w8_blockscale_cktile_16x128x256_1x4x1_16x16x64_intrawave_0x1x0_1,1,47,128.1962800000001,0.0,passed,
1664,7168,3072,cktile_1_split0,cktile,1,0,a8w8_blockscale_cktile_16x128x256_1x4x1_16x16x128_intrawave_0x1x0_2,1,48,123.00104081632658,0.0,passed,
1664,7168,3072,cktile_0_split0,cktile,0,0,a8w8_blockscale_cktile_16x128x256_1x4x1_16x16x128_intrawave_0x1x0_1,1,49,123.43461999999995,0.0,passed,
1664,7168,3072,ck_17_split0,ck,17,0,a8w8_blockscale_bpreshuffle_1x128x128_256x64x64x256_16x16_16x16_16x16x1_16x16x1_1x32x1x8_8_2x1_intrawave_v1,1,50,92.97047999999997,0.0,passed,
1664,7168,3072,ck_16_split0,ck,16,0,a8w8_blockscale_bpreshuffle_1x128x128_256x64x128x256_16x16_16x16_16x16x1_16x16x1_1x32x1x8_8_2x1_intrawave_v1,1,51,71.71821999999999,0.0,passed,
1664,7168,3072,ck_15_split0,ck,15,0,a8w8_blockscale_bpreshuffle_1x128x128_256x64x64x128_16x16_16x16_8x32x1_8x32x1_1x32x1x8_8_2x1_intrawave_v1,1,52,84.73598,0.0,passed,
1664,7168,3072,ck_14_split0,ck,14,0,a8w8_blockscale_bpreshuffle_1x128x128_256x64x128x128_16x16_16x16_8x32x1_8x32x1_1x32x1x8_8_2x1_intrawave_v1,1,53,63.93222916666664,0.0,passed,
1664,7168,3072,ck_13_split0,ck,13,0,a8w8_blockscale_bpreshuffle_1x128x128_256x64x256x128_16x16_16x16_8x32x1_8x32x1_1x32x1x8_8_2x1_intrawave_v1,1,54,63.06292000000002,0.0,passed,
1664,7168,3072,ck_14_split0,ck,14,0,a8w8_blockscale_bpreshuffle_1x128x128_256x64x128x128_16x16_16x16_8x32x1_8x32x1_1x32x1x8_8_2x1_intrawave_v1,2,0,64.80533999999996,0.0,passed,
1664,7168,3072,ck_15_split0,ck,15,0,a8w8_blockscale_bpreshuffle_1x128x128_256x64x64x128_16x16_16x16_8x32x1_8x32x1_1x32x1x8_8_2x1_intrawave_v1,2,1,81.29592000000004,0.0,passed,
1664,7168,3072,ck_16_split0,ck,16,0,a8w8_blockscale_bpreshuffle_1x128x128_256x64x128x256_16x16_16x16_16x16x1_16x16x1_1x32x1x8_8_2x1_intrawave_v1,2,2,74.74065999999999,0.0,passed,
1664,7168,3072,ck_17_split0,ck,17,0,a8w8_blockscale_bpreshuffle_1x128x128_256x64x64x256_16x16_16x16_16x16x1_16x16x1_1x32x1x8_8_2x1_intrawave_v1,2,3,93.46728000000003,0.0,passed,
1664,7168,3072,cktile_0_split0,cktile,0,0,a8w8_blockscale_cktile_16x128x256_1x4x1_16x16x128_intrawave_0x1x0_1,2,4,127.05225999999995,0.0,passed,
1664,7168,3072,cktile_1_split0,cktile,1,0,a8w8_blockscale_cktile_16x128x256_1x4x1_16x16x128_intrawave_0x1x0_2,2,5,124.14777083333333,0.0,passed,
1664,7168,3072,cktile_2_split0,cktile,2,0,a8w8_blockscale_cktile_16x128x256_1x4x1_16x16x64_intrawave_0x1x0_1,2,6,128.71548000000007,0.0,passed,
1664,7168,3072,cktile_3_split0,cktile,3,0,a8w8_blockscale_cktile_16x128x256_1x4x1_16x16x64_intrawave_0x1x0_2,2,7,128.03228,0.0,passed,
1664,7168,3072,cktile_4_split0,cktile,4,0,a8w8_blockscale_cktile_32x128x128_1x4x1_16x16x128_intrawave_0x1x0_1,2,8,99.86314000000006,0.0,passed,
1664,7168,3072,cktile_5_split0,cktile,5,0,a8w8_blockscale_cktile_32x128x128_1x4x1_16x16x128_intrawave_0x1x0_2,2,9,97.31592000000008,0.0,passed,
1664,7168,3072,cktile_6_split0,cktile,6,0,a8w8_blockscale_cktile_32x128x128_1x4x1_16x16x64_intrawave_0x1x0_1,2,10,100.02156000000005,0.0,passed,
1664,7168,3072,cktile_7_split0,cktile,7,0,a8w8_blockscale_cktile_32x128x128_1x4x1_16x16x64_intrawave_0x1x0_2,2,11,102.42877999999999,0.0,passed,
1664,7168,3072,cktile_8_split0,cktile,8,0,a8w8_blockscale_cktile_128x128x128_1x4x1_16x16x128_intrawave_0x1x0_1,2,12,93.46793023255817,0.0,passed,
1664,7168,3072,cktile_9_split0,cktile,9,0,a8w8_blockscale_cktile_128x128x128_1x4x1_16x16x128_intrawave_0x1x0_1,2,13,94.43418367346943,0.0,passed,
1664,7168,3072,cktile_10_split0,cktile,10,0,a8w8_blockscale_cktile_128x128x128_2x2x1_16x16x128_intrawave_0x1x0_2,2,14,95.51349999999998,0.0,passed,
1664,7168,3072,cktile_11_split0,cktile,11,0,a8w8_blockscale_cktile_192x256x128_4x2x1_16x16x128_intrawave_0x1x0_1,2,15,44.423319148936145,0.0,passed,
1664,7168,3072,cktile_12_split0,cktile,12,0,a8w8_blockscale_cktile_192x256x128_4x2x1_16x16x128_intrawave_0x1x0_1_aqrm,2,16,52.19714285714287,0.0,passed,
1664,7168,3072,cktile_13_split0,cktile,13,0,a8w8_blockscale_cktile_16x128x256_1x4x1_16x16x128_intrawave_0x1x0_3,2,17,124.56024000000005,0.0,passed,
1664,7168,3072,cktile_14_split0,cktile,14,0,a8w8_blockscale_cktile_16x128x256_1x4x1_16x16x128_intrawave_0x1x0_4,2,18,247.44726,0.0,passed,
1664,7168,3072,cktile_15_split0,cktile,15,0,a8w8_blockscale_cktile_16x128x256_1x4x1_16x16x64_intrawave_0x1x0_3,2,19,125.27623999999994,0.0,passed,
1664,7168,3072,cktile_16_split0,cktile,16,0,a8w8_blockscale_cktile_16x128x256_1x4x1_16x16x64_intrawave_0x1x0_4,2,20,143.10763999999998,0.0,passed,
1664,7168,3072,cktile_17_split0,cktile,17,0,a8w8_blockscale_cktile_32x128x128_1x4x1_16x16x128_intrawave_0x1x0_3,2,21,99.19114000000008,0.0,passed,
1664,7168,3072,cktile_18_split0,cktile,18,0,a8w8_blockscale_cktile_32x128x128_1x4x1_16x16x128_intrawave_0x1x0_4,2,22,99.32315999999997,0.0,passed,
1664,7168,3072,cktile_19_split0,cktile,19,0,a8w8_blockscale_cktile_32x128x128_1x4x1_16x16x64_intrawave_0x1x0_3,2,23,100.1207599999999,0.0,passed,
1664,7168,3072,cktile_20_split0,cktile,20,0,a8w8_blockscale_cktile_32x128x128_1x4x1_16x16x64_intrawave_0x1x0_4,2,24,99.19273999999997,0.0,passed,
1664,7168,3072,cktile_21_split0,cktile,21,0,a8w8_blockscale_cktile_128x128x128_1x4x1_16x16x128_intrawave_0x1x0_2,2,25,92.65050000000006,0.0,passed,
1664,7168,3072,cktile_22_split0,cktile,22,0,a8w8_blockscale_cktile_128x128x128_1x4x1_16x16x128_intrawave_0x1x0_3,2,26,246.2836904761904,0.0,passed,
1664,7168,3072,cktile_23_split0,cktile,23,0,a8w8_blockscale_cktile_128x128x128_1x4x1_16x16x128_intrawave_0x1x0_4,2,27,417.49968888888907,0.0,passed,
1664,7168,3072,cktile_24_split0,cktile,24,0,a8w8_blockscale_cktile_128x128x128_2x2x1_16x16x128_intrawave_0x1x0_1,2,28,94.93510000000002,0.0,passed,
1664,7168,3072,cktile_25_split0,cktile,25,0,a8w8_blockscale_cktile_128x128x128_2x2x1_16x16x128_intrawave_0x1x0_3,2,29,259.6670232558139,0.0,passed,
1664,7168,3072,cktile_26_split0,cktile,26,0,a8w8_blockscale_cktile_128x128x128_2x2x1_16x16x128_intrawave_0x1x0_4,2,30,597.4673541666666,0.0,passed,
1664,7168,3072,cktile_27_split0,cktile,27,0,a8w8_blockscale_cktile_192x256x128_4x2x1_16x16x128_intrawave_0x1x0_2,2,31,44.266456521739144,0.0,passed,
1664,7168,3072,cktile_28_split0,cktile,28,0,a8w8_blockscale_cktile_192x256x128_4x2x1_16x16x128_intrawave_0x1x0_3,2,32,44.05993617021279,0.0,passed,
1664,7168,3072,cktile_29_split0,cktile,29,0,a8w8_blockscale_cktile_192x256x128_4x2x1_16x16x128_intrawave_0x1x0_4,2,33,44.100787234042535,0.0,passed,
1664,7168,3072,cktile_30_split0,cktile,30,0,a8w8_blockscale_cktile_192x256x128_4x2x1_16x16x128_intrawave_0x1x0_2_aqrm,2,34,52.34039999999998,0.0,passed,
1664,7168,3072,cktile_31_split0,cktile,31,0,a8w8_blockscale_cktile_192x256x128_4x2x1_16x16x128_intrawave_0x1x0_3_aqrm,2,35,51.91240000000003,0.0,passed,
1664,7168,3072,cktile_32_split0,cktile,32,0,a8w8_blockscale_cktile_192x256x128_4x2x1_16x16x128_intrawave_0x1x0_4_aqrm,2,36,51.85240000000002,0.0,passed,
1664,7168,3072,opus_9010,opus,9010,0,opus_gemm_gfx950_a8w8_mxscale_gemm_bpreshuffle_256x128x128x128_2x2_16x16x128_1x128x128_tiles1_nooob,2,37,61.56050000000001,0.0,passed,
1664,7168,3072,opus_9011,opus,9011,0,opus_gemm_gfx950_a8w8_mxscale_gemm_bpreshuffle_256x64x128x128_2x2_16x16x128_1x128x128_tiles1_nooob,2,38,62.85734,0.0,passed,
1664,7168,3072,opus_9012,opus,9012,0,opus_gemm_gfx950_a8w8_mxscale_gemm_bpreshuffle_256x64x64x128_2x2_16x16x128_1x128x128_tiles1_nooob,2,39,76.46867999999999,0.0,passed,
1664,7168,3072,opus_9020,opus,9020,0,opus_gemm_gfx950_a8w8_mxscale_gemm_bpreshuffle_256x256x256x128_2x2_16x16x128_1x128x128_tiles1,2,40,46.85863636363637,0.0,passed,
1664,7168,3072,ck_0_split0,ck,0,0,a8w8_blockscale_bpreshuffle_1x128x128_256x128x128x128_16x16_16x16_8x32x1_8x32x1_1x32x1x8_8_2x1_intrawave_v3,2,41,63.77493999999997,0.0,passed,
1664,7168,3072,ck_1_split0,ck,1,0,a8w8_blockscale_bpreshuffle_1x128x128_256x64x128x128_16x16_16x16_8x32x1_8x32x1_1x32x1x8_8_2x1_intrawave_v3,2,42,64.56133999999999,0.0,passed,
1664,7168,3072,ck_2_split0,ck,2,0,a8w8_blockscale_bpreshuffle_1x128x128_256x64x64x128_16x16_16x16_8x32x1_8x32x1_1x32x1x8_8_2x1_intrawave_v3,2,43,85.15917999999999,0.0,passed,
1664,7168,3072,ck_3_split0,ck,3,0,a8w8_blockscale_bpreshuffle_1x128x128_256x16x256x128_8x16_16x16_16x16x1_8x32x1_1x16x1x16_8_1x2_intrawave_v1,2,44,125.64603999999997,0.0,passed,
1664,7168,3072,ck_4_split0,ck,4,0,a8w8_blockscale_bpreshuffle_1x128x128_256x16x128x128_8x16_16x16_16x16x1_8x32x1_1x16x1x16_8_1x2_intrawave_v1,2,45,131.28450000000004,0.0,passed,
1664,7168,3072,ck_5_split0,ck,5,0,a8w8_blockscale_bpreshuffle_1x128x128_256x16x64x128_8x16_16x16_16x16x1_8x32x1_1x16x1x16_4_1x1_intrawave_v1,2,46,154.29277999999994,0.0,passed,
1664,7168,3072,ck_6_split0,ck,6,0,a8w8_blockscale_bpreshuffle_1x128x128_256x16x128x256_16x16_16x16_16x16x1_16x16x1_1x16x1x16_8_1x2_intrawave_v1,2,47,129.52288000000001,0.0,passed,
1664,7168,3072,ck_7_split0,ck,7,0,a8w8_blockscale_bpreshuffle_1x128x128_256x16x64x256_16x16_16x16_16x16x1_16x16x1_1x16x1x16_4_1x1_intrawave_v1,2,48,148.85591999999994,0.0,passed,
1664,7168,3072,ck_8_split0,ck,8,0,a8w8_blockscale_bpreshuffle_1x128x128_256x32x256x128_16x16_16x16_8x32x1_8x32x1_1x32x1x8_8_2x1_intrawave_v1,2,49,79.4591,0.0,passed,
1664,7168,3072,ck_9_split0,ck,9,0,a8w8_blockscale_bpreshuffle_1x128x128_256x32x128x128_16x16_16x16_8x32x1_8x32x1_1x32x1x8_8_2x1_intrawave_v1,2,50,84.00316000000004,0.0,passed,
1664,7168,3072,ck_10_split0,ck,10,0,a8w8_blockscale_bpreshuffle_1x128x128_256x32x64x128_16x16_16x16_8x32x1_8x32x1_1x32x1x8_8_2x1_intrawave_v1,2,51,98.49051999999998,0.0,passed,
1664,7168,3072,ck_11_split0,ck,11,0,a8w8_blockscale_bpreshuffle_1x128x128_256x32x128x256_16x16_16x16_16x16x1_16x16x1_1x32x1x8_8_2x1_intrawave_v1,2,52,87.90720000000005,0.0,passed,
1664,7168,3072,ck_12_split0,ck,12,0,a8w8_blockscale_bpreshuffle_1x128x128_256x32x64x256_16x16_16x16_16x16x1_16x16x1_1x32x1x8_8_2x1_intrawave_v1,2,53,103.16417999999997,0.0,passed,
1664,7168,3072,ck_13_split0,ck,13,0,a8w8_blockscale_bpreshuffle_1x128x128_256x64x256x128_16x16_16x16_8x32x1_8x32x1_1x32x1x8_8_2x1_intrawave_v1,2,54,63.438120000000026,0.0,passed,
14336,7168,3072,ck_13_split0,ck,13,0,a8w8_blockscale_bpreshuffle_1x128x128_256x64x256x128_16x16_16x16_8x32x1_8x32x1_1x32x1x8_8_2x1_intrawave_v1,0,0,439.198688888889,0.0,passed,
14336,7168,3072,ck_14_split0,ck,14,0,a8w8_blockscale_bpreshuffle_1x128x128_256x64x128x128_16x16_16x16_8x32x1_8x32x1_1x32x1x8_8_2x1_intrawave_v1,0,1,461.7588409090908,0.0,passed,
14336,7168,3072,ck_15_split0,ck,15,0,a8w8_blockscale_bpreshuffle_1x128x128_256x64x64x128_16x16_16x16_8x32x1_8x32x1_1x32x1x8_8_2x1_intrawave_v1,0,2,594.6386200000001,0.0,passed,
14336,7168,3072,ck_16_split0,ck,16,0,a8w8_blockscale_bpreshuffle_1x128x128_256x64x128x256_16x16_16x16_16x16x1_16x16x1_1x32x1x8_8_2x1_intrawave_v1,0,3,518.2431363636364,0.0,passed,
14336,7168,3072,ck_17_split0,ck,17,0,a8w8_blockscale_bpreshuffle_1x128x128_256x64x64x256_16x16_16x16_16x16x1_16x16x1_1x32x1x8_8_2x1_intrawave_v1,0,4,667.8814565217389,0.0,passed,
14336,7168,3072,cktile_0_split0,cktile,0,0,a8w8_blockscale_cktile_16x128x256_1x4x1_16x16x128_intrawave_0x1x0_1,0,5,911.9700799999998,0.0,passed,
14336,7168,3072,cktile_1_split0,cktile,1,0,a8w8_blockscale_cktile_16x128x256_1x4x1_16x16x128_intrawave_0x1x0_2,0,6,921.9277755102031,0.0,passed,
14336,7168,3072,cktile_2_split0,cktile,2,0,a8w8_blockscale_cktile_16x128x256_1x4x1_16x16x64_intrawave_0x1x0_1,0,7,936.4287708333333,0.0,passed,
14336,7168,3072,cktile_3_split0,cktile,3,0,a8w8_blockscale_cktile_16x128x256_1x4x1_16x16x64_intrawave_0x1x0_2,0,8,918.4161914893621,0.0,passed,
14336,7168,3072,cktile_4_split0,cktile,4,0,a8w8_blockscale_cktile_32x128x128_1x4x1_16x16x128_intrawave_0x1x0_1,0,9,683.6450600000001,0.0,passed,
14336,7168,3072,cktile_5_split0,cktile,5,0,a8w8_blockscale_cktile_32x128x128_1x4x1_16x16x128_intrawave_0x1x0_2,0,10,680.6698200000001,0.0,passed,
14336,7168,3072,cktile_6_split0,cktile,6,0,a8w8_blockscale_cktile_32x128x128_1x4x1_16x16x64_intrawave_0x1x0_1,0,11,699.0526874999997,0.0,passed,
14336,7168,3072,cktile_7_split0,cktile,7,0,a8w8_blockscale_cktile_32x128x128_1x4x1_16x16x64_intrawave_0x1x0_2,0,12,701.2341276595745,0.0,passed,
14336,7168,3072,cktile_8_split0,cktile,8,0,a8w8_blockscale_cktile_128x128x128_1x4x1_16x16x128_intrawave_0x1x0_1,0,13,578.3077333333331,0.0,passed,
14336,7168,3072,cktile_9_split0,cktile,9,0,a8w8_blockscale_cktile_128x128x128_1x4x1_16x16x128_intrawave_0x1x0_1,0,14,580.3538333333335,0.0,passed,
14336,7168,3072,cktile_10_split0,cktile,10,0,a8w8_blockscale_cktile_128x128x128_2x2x1_16x16x128_intrawave_0x1x0_2,0,15,557.2997021276597,0.0,passed,
14336,7168,3072,cktile_11_split0,cktile,11,0,a8w8_blockscale_cktile_192x256x128_4x2x1_16x16x128_intrawave_0x1x0_1,0,16,351.5610731707318,0.0,passed,
14336,7168,3072,cktile_12_split0,cktile,12,0,a8w8_blockscale_cktile_192x256x128_4x2x1_16x16x128_intrawave_0x1x0_1_aqrm,0,17,395.61156000000005,0.0,passed,
14336,7168,3072,cktile_13_split0,cktile,13,0,a8w8_blockscale_cktile_16x128x256_1x4x1_16x16x128_intrawave_0x1x0_3,0,18,922.7645102040826,0.0,passed,
14336,7168,3072,cktile_14_split0,cktile,14,0,a8w8_blockscale_cktile_16x128x256_1x4x1_16x16x128_intrawave_0x1x0_4,0,19,1852.006545454546,0.0,passed,
14336,7168,3072,cktile_15_split0,cktile,15,0,a8w8_blockscale_cktile_16x128x256_1x4x1_16x16x64_intrawave_0x1x0_3,0,20,921.1839148936166,0.0,passed,
14336,7168,3072,cktile_16_split0,cktile,16,0,a8w8_blockscale_cktile_16x128x256_1x4x1_16x16x64_intrawave_0x1x0_4,0,21,1026.814063829787,0.0,passed,
14336,7168,3072,cktile_17_split0,cktile,17,0,a8w8_blockscale_cktile_32x128x128_1x4x1_16x16x128_intrawave_0x1x0_3,0,22,683.4882599999997,0.0,passed,
14336,7168,3072,cktile_18_split0,cktile,18,0,a8w8_blockscale_cktile_32x128x128_1x4x1_16x16x128_intrawave_0x1x0_4,0,23,681.2124791666664,0.0,passed,
14336,7168,3072,cktile_19_split0,cktile,19,0,a8w8_blockscale_cktile_32x128x128_1x4x1_16x16x64_intrawave_0x1x0_3,0,24,700.9460600000003,0.0,passed,
14336,7168,3072,cktile_20_split0,cktile,20,0,a8w8_blockscale_cktile_32x128x128_1x4x1_16x16x64_intrawave_0x1x0_4,0,25,701.7644081632652,0.0,passed,
14336,7168,3072,cktile_21_split0,cktile,21,0,a8w8_blockscale_cktile_128x128x128_1x4x1_16x16x128_intrawave_0x1x0_2,0,26,579.1638125,0.0,passed,
14336,7168,3072,cktile_22_split0,cktile,22,0,a8w8_blockscale_cktile_128x128x128_1x4x1_16x16x128_intrawave_0x1x0_3,0,27,1926.2344999999993,0.0,passed,
14336,7168,3072,cktile_23_split0,cktile,23,0,a8w8_blockscale_cktile_128x128x128_1x4x1_16x16x128_intrawave_0x1x0_4,0,28,2937.9153636363653,0.0,passed,
14336,7168,3072,cktile_24_split0,cktile,24,0,a8w8_blockscale_cktile_128x128x128_2x2x1_16x16x128_intrawave_0x1x0_1,0,29,558.7692199999998,0.0,passed,
14336,7168,3072,cktile_25_split0,cktile,25,0,a8w8_blockscale_cktile_128x128x128_2x2x1_16x16x128_intrawave_0x1x0_3,0,30,2006.9531956521741,0.0,passed,
14336,7168,3072,cktile_26_split0,cktile,26,0,a8w8_blockscale_cktile_128x128x128_2x2x1_16x16x128_intrawave_0x1x0_4,0,31,4303.23187755102,0.0,passed,
14336,7168,3072,cktile_27_split0,cktile,27,0,a8w8_blockscale_cktile_192x256x128_4x2x1_16x16x128_intrawave_0x1x0_2,0,32,352.00224000000003,0.0,passed,
14336,7168,3072,cktile_28_split0,cktile,28,0,a8w8_blockscale_cktile_192x256x128_4x2x1_16x16x128_intrawave_0x1x0_3,0,33,351.3086400000001,0.0,passed,
14336,7168,3072,cktile_29_split0,cktile,29,0,a8w8_blockscale_cktile_192x256x128_4x2x1_16x16x128_intrawave_0x1x0_4,0,34,352.413255319149,0.0,passed,
14336,7168,3072,cktile_30_split0,cktile,30,0,a8w8_blockscale_cktile_192x256x128_4x2x1_16x16x128_intrawave_0x1x0_2_aqrm,0,35,394.85577551020396,0.0,passed,
14336,7168,3072,cktile_31_split0,cktile,31,0,a8w8_blockscale_cktile_192x256x128_4x2x1_16x16x128_intrawave_0x1x0_3_aqrm,0,36,395.9123400000001,0.0,passed,
14336,7168,3072,cktile_32_split0,cktile,32,0,a8w8_blockscale_cktile_192x256x128_4x2x1_16x16x128_intrawave_0x1x0_4_aqrm,0,37,395.89716,0.0,passed,
14336,7168,3072,opus_9000,opus,9000,0,opus_gemm_gfx950_a8w8_mxscale_gemm_bpreshuffle_256x256x256x128_2x2_16x16x128_1x128x128_tiles1_nooob,0,38,303.6515681818182,0.0,passed,
14336,7168,3072,opus_9010,opus,9010,0,opus_gemm_gfx950_a8w8_mxscale_gemm_bpreshuffle_256x128x128x128_2x2_16x16x128_1x128x128_tiles1_nooob,0,39,448.85614000000004,0.0,passed,
14336,7168,3072,opus_9011,opus,9011,0,opus_gemm_gfx950_a8w8_mxscale_gemm_bpreshuffle_256x64x128x128_2x2_16x16x128_1x128x128_tiles1_nooob,0,40,447.50050000000016,0.0,passed,
14336,7168,3072,opus_9012,opus,9012,0,opus_gemm_gfx950_a8w8_mxscale_gemm_bpreshuffle_256x64x64x128_2x2_16x16x128_1x128x128_tiles1_nooob,0,41,547.7922608695652,0.0,passed,
14336,7168,3072,opus_9020,opus,9020,0,opus_gemm_gfx950_a8w8_mxscale_gemm_bpreshuffle_256x256x256x128_2x2_16x16x128_1x128x128_tiles1,0,42,314.96261999999996,0.0,passed,
14336,7168,3072,ck_0_split0,ck,0,0,a8w8_blockscale_bpreshuffle_1x128x128_256x128x128x128_16x16_16x16_8x32x1_8x32x1_1x32x1x8_8_2x1_intrawave_v3,0,43,438.98006666666663,0.0,passed,
14336,7168,3072,ck_1_split0,ck,1,0,a8w8_blockscale_bpreshuffle_1x128x128_256x64x128x128_16x16_16x16_8x32x1_8x32x1_1x32x1x8_8_2x1_intrawave_v3,0,44,471.4828000000001,0.0,passed,
14336,7168,3072,ck_2_split0,ck,2,0,a8w8_blockscale_bpreshuffle_1x128x128_256x64x64x128_16x16_16x16_8x32x1_8x32x1_1x32x1x8_8_2x1_intrawave_v3,0,45,611.4724199999999,0.0,passed,
14336,7168,3072,ck_3_split0,ck,3,0,a8w8_blockscale_bpreshuffle_1x128x128_256x16x256x128_8x16_16x16_16x16x1_8x32x1_1x16x1x16_8_1x2_intrawave_v1,0,46,935.7590666666669,0.0,passed,
14336,7168,3072,ck_4_split0,ck,4,0,a8w8_blockscale_bpreshuffle_1x128x128_256x16x128x128_8x16_16x16_16x16x1_8x32x1_1x16x1x16_8_1x2_intrawave_v1,0,47,994.0278043478264,0.0,passed,
14336,7168,3072,ck_5_split0,ck,5,0,a8w8_blockscale_bpreshuffle_1x128x128_256x16x64x128_8x16_16x16_16x16x1_8x32x1_1x16x1x16_4_1x1_intrawave_v1,0,48,1150.3663541666665,0.0,passed,
14336,7168,3072,ck_6_split0,ck,6,0,a8w8_blockscale_bpreshuffle_1x128x128_256x16x128x256_16x16_16x16_16x16x1_16x16x1_1x16x1x16_8_1x2_intrawave_v1,0,49,955.0584680851064,0.0,passed,
14336,7168,3072,ck_7_split0,ck,7,0,a8w8_blockscale_bpreshuffle_1x128x128_256x16x64x256_16x16_16x16_16x16x1_16x16x1_1x16x1x16_4_1x1_intrawave_v1,0,50,1129.6711799999998,0.0,passed,
14336,7168,3072,ck_8_split0,ck,8,0,a8w8_blockscale_bpreshuffle_1x128x128_256x32x256x128_16x16_16x16_8x32x1_8x32x1_1x32x1x8_8_2x1_intrawave_v1,0,51,547.7119523809523,0.0,passed,
14336,7168,3072,ck_9_split0,ck,9,0,a8w8_blockscale_bpreshuffle_1x128x128_256x32x128x128_16x16_16x16_8x32x1_8x32x1_1x32x1x8_8_2x1_intrawave_v1,0,52,607.1832499999999,0.0,passed,
14336,7168,3072,ck_10_split0,ck,10,0,a8w8_blockscale_bpreshuffle_1x128x128_256x32x64x128_16x16_16x16_8x32x1_8x32x1_1x32x1x8_8_2x1_intrawave_v1,0,53,736.1483260869563,0.0,passed,
14336,7168,3072,ck_11_split0,ck,11,0,a8w8_blockscale_bpreshuffle_1x128x128_256x32x128x256_16x16_16x16_16x16x1_16x16x1_1x32x1x8_8_2x1_intrawave_v1,0,54,618.4060697674417,0.0,passed,
14336,7168,3072,ck_12_split0,ck,12,0,a8w8_blockscale_bpreshuffle_1x128x128_256x32x64x256_16x16_16x16_16x16x1_16x16x1_1x32x1x8_8_2x1_intrawave_v1,0,55,745.6217555555558,0.0,passed,
14336,7168,3072,ck_13_split0,ck,13,0,a8w8_blockscale_bpreshuffle_1x128x128_256x64x256x128_16x16_16x16_8x32x1_8x32x1_1x32x1x8_8_2x1_intrawave_v1,1,0,437.45202222222224,0.0,passed,
14336,7168,3072,ck_12_split0,ck,12,0,a8w8_blockscale_bpreshuffle_1x128x128_256x32x64x256_16x16_16x16_16x16x1_16x16x1_1x32x1x8_8_2x1_intrawave_v1,1,1,744.3301521739131,0.0,passed,
14336,7168,3072,ck_11_split0,ck,11,0,a8w8_blockscale_bpreshuffle_1x128x128_256x32x128x256_16x16_16x16_16x16x1_16x16x1_1x32x1x8_8_2x1_intrawave_v1,1,2,617.8750212765959,0.0,passed,
14336,7168,3072,ck_10_split0,ck,10,0,a8w8_blockscale_bpreshuffle_1x128x128_256x32x64x128_16x16_16x16_8x32x1_8x32x1_1x32x1x8_8_2x1_intrawave_v1,1,3,733.3648723404259,0.0,passed,
14336,7168,3072,ck_9_split0,ck,9,0,a8w8_blockscale_bpreshuffle_1x128x128_256x32x128x128_16x16_16x16_8x32x1_8x32x1_1x32x1x8_8_2x1_intrawave_v1,1,4,606.4233478260869,0.0,passed,
14336,7168,3072,ck_8_split0,ck,8,0,a8w8_blockscale_bpreshuffle_1x128x128_256x32x256x128_16x16_16x16_8x32x1_8x32x1_1x32x1x8_8_2x1_intrawave_v1,1,5,549.8381,0.0,passed,
14336,7168,3072,ck_7_split0,ck,7,0,a8w8_blockscale_bpreshuffle_1x128x128_256x16x64x256_16x16_16x16_16x16x1_16x16x1_1x16x1x16_4_1x1_intrawave_v1,1,6,1124.1678163265303,0.0,passed,
14336,7168,3072,ck_6_split0,ck,6,0,a8w8_blockscale_bpreshuffle_1x128x128_256x16x128x256_16x16_16x16_16x16x1_16x16x1_1x16x1x16_8_1x2_intrawave_v1,1,7,956.4458775510207,0.0,passed,
14336,7168,3072,ck_5_split0,ck,5,0,a8w8_blockscale_bpreshuffle_1x128x128_256x16x64x128_8x16_16x16_16x16x1_8x32x1_1x16x1x16_4_1x1_intrawave_v1,1,8,1148.8537959183677,0.0,passed,
14336,7168,3072,ck_4_split0,ck,4,0,a8w8_blockscale_bpreshuffle_1x128x128_256x16x128x128_8x16_16x16_16x16x1_8x32x1_1x16x1x16_8_1x2_intrawave_v1,1,9,996.43,0.0,passed,
14336,7168,3072,ck_3_split0,ck,3,0,a8w8_blockscale_bpreshuffle_1x128x128_256x16x256x128_8x16_16x16_16x16x1_8x32x1_1x16x1x16_8_1x2_intrawave_v1,1,10,932.4696818181819,0.0,passed,
14336,7168,3072,ck_2_split0,ck,2,0,a8w8_blockscale_bpreshuffle_1x128x128_256x64x64x128_16x16_16x16_8x32x1_8x32x1_1x32x1x8_8_2x1_intrawave_v3,1,11,606.4627599999999,0.0,passed,
14336,7168,3072,ck_1_split0,ck,1,0,a8w8_blockscale_bpreshuffle_1x128x128_256x64x128x128_16x16_16x16_8x32x1_8x32x1_1x32x1x8_8_2x1_intrawave_v3,1,12,470.1986734693877,0.0,passed,
14336,7168,3072,ck_0_split0,ck,0,0,a8w8_blockscale_bpreshuffle_1x128x128_256x128x128x128_16x16_16x16_8x32x1_8x32x1_1x32x1x8_8_2x1_intrawave_v3,1,13,439.4573749999999,0.0,passed,
14336,7168,3072,opus_9020,opus,9020,0,opus_gemm_gfx950_a8w8_mxscale_gemm_bpreshuffle_256x256x256x128_2x2_16x16x128_1x128x128_tiles1,1,14,314.4932444444445,0.0,passed,
14336,7168,3072,opus_9012,opus,9012,0,opus_gemm_gfx950_a8w8_mxscale_gemm_bpreshuffle_256x64x64x128_2x2_16x16x128_1x128x128_tiles1_nooob,1,15,549.0044791666667,0.0,passed,
14336,7168,3072,opus_9011,opus,9011,0,opus_gemm_gfx950_a8w8_mxscale_gemm_bpreshuffle_256x64x128x128_2x2_16x16x128_1x128x128_tiles1_nooob,1,16,449.15308510638306,0.0,passed,
14336,7168,3072,opus_9010,opus,9010,0,opus_gemm_gfx950_a8w8_mxscale_gemm_bpreshuffle_256x128x128x128_2x2_16x16x128_1x128x128_tiles1_nooob,1,17,447.46414583333325,0.0,passed,
14336,7168,3072,opus_9000,opus,9000,0,opus_gemm_gfx950_a8w8_mxscale_gemm_bpreshuffle_256x256x256x128_2x2_16x16x128_1x128x128_tiles1_nooob,1,18,304.2116458333333,0.0,passed,
14336,7168,3072,cktile_32_split0,cktile,32,0,a8w8_blockscale_cktile_192x256x128_4x2x1_16x16x128_intrawave_0x1x0_4_aqrm,1,19,397.73956,0.0,passed,
14336,7168,3072,cktile_31_split0,cktile,31,0,a8w8_blockscale_cktile_192x256x128_4x2x1_16x16x128_intrawave_0x1x0_3_aqrm,1,20,394.6925102040816,0.0,passed,
14336,7168,3072,cktile_30_split0,cktile,30,0,a8w8_blockscale_cktile_192x256x128_4x2x1_16x16x128_intrawave_0x1x0_2_aqrm,1,21,394.42435416666666,0.0,passed,
14336,7168,3072,cktile_29_split0,cktile,29,0,a8w8_blockscale_cktile_192x256x128_4x2x1_16x16x128_intrawave_0x1x0_4,1,22,352.73637499999995,0.0,passed,
14336,7168,3072,cktile_28_split0,cktile,28,0,a8w8_blockscale_cktile_192x256x128_4x2x1_16x16x128_intrawave_0x1x0_3,1,23,352.33903999999995,0.0,passed,
14336,7168,3072,cktile_27_split0,cktile,27,0,a8w8_blockscale_cktile_192x256x128_4x2x1_16x16x128_intrawave_0x1x0_2,1,24,352.2355416666666,0.0,passed,
14336,7168,3072,cktile_26_split0,cktile,26,0,a8w8_blockscale_cktile_128x128x128_2x2x1_16x16x128_intrawave_0x1x0_4,1,25,4297.239122448977,0.0,passed,
14336,7168,3072,cktile_25_split0,cktile,25,0,a8w8_blockscale_cktile_128x128x128_2x2x1_16x16x128_intrawave_0x1x0_3,1,26,2006.9610000000011,0.0,passed,
14336,7168,3072,cktile_24_split0,cktile,24,0,a8w8_blockscale_cktile_128x128x128_2x2x1_16x16x128_intrawave_0x1x0_1,1,27,560.3596200000003,0.0,passed,
14336,7168,3072,cktile_23_split0,cktile,23,0,a8w8_blockscale_cktile_128x128x128_1x4x1_16x16x128_intrawave_0x1x0_4,1,28,2933.68848888889,0.0,passed,
14336,7168,3072,cktile_22_split0,cktile,22,0,a8w8_blockscale_cktile_128x128x128_1x4x1_16x16x128_intrawave_0x1x0_3,1,29,1916.0057916666658,0.0,passed,
14336,7168,3072,cktile_21_split0,cktile,21,0,a8w8_blockscale_cktile_128x128x128_1x4x1_16x16x128_intrawave_0x1x0_2,1,30,580.3670599999999,0.0,passed,
14336,7168,3072,cktile_20_split0,cktile,20,0,a8w8_blockscale_cktile_32x128x128_1x4x1_16x16x64_intrawave_0x1x0_4,1,31,701.3124468085105,0.0,passed,
14336,7168,3072,cktile_19_split0,cktile,19,0,a8w8_blockscale_cktile_32x128x128_1x4x1_16x16x64_intrawave_0x1x0_3,1,32,701.1448163265305,0.0,passed,
14336,7168,3072,cktile_18_split0,cktile,18,0,a8w8_blockscale_cktile_32x128x128_1x4x1_16x16x128_intrawave_0x1x0_4,1,33,682.1488085106383,0.0,passed,
14336,7168,3072,cktile_17_split0,cktile,17,0,a8w8_blockscale_cktile_32x128x128_1x4x1_16x16x128_intrawave_0x1x0_3,1,34,684.7993265306125,0.0,passed,
14336,7168,3072,cktile_16_split0,cktile,16,0,a8w8_blockscale_cktile_16x128x256_1x4x1_16x16x64_intrawave_0x1x0_4,1,35,1030.7477755102032,0.0,passed,
14336,7168,3072,cktile_15_split0,cktile,15,0,a8w8_blockscale_cktile_16x128x256_1x4x1_16x16x64_intrawave_0x1x0_3,1,36,923.5651702127665,0.0,passed,
14336,7168,3072,cktile_14_split0,cktile,14,0,a8w8_blockscale_cktile_16x128x256_1x4x1_16x16x128_intrawave_0x1x0_4,1,37,1853.3392272727253,0.0,passed,
14336,7168,3072,cktile_13_split0,cktile,13,0,a8w8_blockscale_cktile_16x128x256_1x4x1_16x16x128_intrawave_0x1x0_3,1,38,927.6520212765955,0.0,passed,
14336,7168,3072,cktile_12_split0,cktile,12,0,a8w8_blockscale_cktile_192x256x128_4x2x1_16x16x128_intrawave_0x1x0_1_aqrm,1,39,395.20922448979593,0.0,passed,
14336,7168,3072,cktile_11_split0,cktile,11,0,a8w8_blockscale_cktile_192x256x128_4x2x1_16x16x128_intrawave_0x1x0_1,1,40,351.96302272727274,0.0,passed,
14336,7168,3072,cktile_10_split0,cktile,10,0,a8w8_blockscale_cktile_128x128x128_2x2x1_16x16x128_intrawave_0x1x0_2,1,41,561.6305714285713,0.0,passed,
14336,7168,3072,cktile_9_split0,cktile,9,0,a8w8_blockscale_cktile_128x128x128_1x4x1_16x16x128_intrawave_0x1x0_1,1,42,580.5614400000002,0.0,passed,
14336,7168,3072,cktile_8_split0,cktile,8,0,a8w8_blockscale_cktile_128x128x128_1x4x1_16x16x128_intrawave_0x1x0_1,1,43,579.0698695652173,0.0,passed,
14336,7168,3072,cktile_7_split0,cktile,7,0,a8w8_blockscale_cktile_32x128x128_1x4x1_16x16x64_intrawave_0x1x0_2,1,44,701.1380400000002,0.0,passed,
14336,7168,3072,cktile_6_split0,cktile,6,0,a8w8_blockscale_cktile_32x128x128_1x4x1_16x16x64_intrawave_0x1x0_1,1,45,698.6876326530609,0.0,passed,
14336,7168,3072,cktile_5_split0,cktile,5,0,a8w8_blockscale_cktile_32x128x128_1x4x1_16x16x128_intrawave_0x1x0_2,1,46,685.6632608695651,0.0,passed,
14336,7168,3072,cktile_4_split0,cktile,4,0,a8w8_blockscale_cktile_32x128x128_1x4x1_16x16x128_intrawave_0x1x0_1,1,47,685.356489361702,0.0,passed,
14336,7168,3072,cktile_3_split0,cktile,3,0,a8w8_blockscale_cktile_16x128x256_1x4x1_16x16x64_intrawave_0x1x0_2,1,48,922.4094255319155,0.0,passed,
14336,7168,3072,cktile_2_split0,cktile,2,0,a8w8_blockscale_cktile_16x128x256_1x4x1_16x16x64_intrawave_0x1x0_1,1,49,939.5983600000003,0.0,passed,
14336,7168,3072,cktile_1_split0,cktile,1,0,a8w8_blockscale_cktile_16x128x256_1x4x1_16x16x128_intrawave_0x1x0_2,1,50,926.3669583333335,0.0,passed,
14336,7168,3072,cktile_0_split0,cktile,0,0,a8w8_blockscale_cktile_16x128x256_1x4x1_16x16x128_intrawave_0x1x0_1,1,51,925.2290204081637,0.0,passed,
14336,7168,3072,ck_17_split0,ck,17,0,a8w8_blockscale_bpreshuffle_1x128x128_256x64x64x256_16x16_16x16_16x16x1_16x16x1_1x32x1x8_8_2x1_intrawave_v1,1,52,670.3467045454547,0.0,passed,
14336,7168,3072,ck_16_split0,ck,16,0,a8w8_blockscale_bpreshuffle_1x128x128_256x64x128x256_16x16_16x16_16x16x1_16x16x1_1x32x1x8_8_2x1_intrawave_v1,1,53,518.8558636363636,0.0,passed,
14336,7168,3072,ck_15_split0,ck,15,0,a8w8_blockscale_bpreshuffle_1x128x128_256x64x64x128_16x16_16x16_8x32x1_8x32x1_1x32x1x8_8_2x1_intrawave_v1,1,54,593.62502,0.0,passed,
14336,7168,3072,ck_14_split0,ck,14,0,a8w8_blockscale_bpreshuffle_1x128x128_256x64x128x128_16x16_16x16_8x32x1_8x32x1_1x32x1x8_8_2x1_intrawave_v1,1,55,461.9472765957446,0.0,passed,
14336,7168,3072,ck_15_split0,ck,15,0,a8w8_blockscale_bpreshuffle_1x128x128_256x64x64x128_16x16_16x16_8x32x1_8x32x1_1x32x1x8_8_2x1_intrawave_v1,2,0,591.94738,0.0,passed,
14336,7168,3072,ck_16_split0,ck,16,0,a8w8_blockscale_bpreshuffle_1x128x128_256x64x128x256_16x16_16x16_16x16x1_16x16x1_1x32x1x8_8_2x1_intrawave_v1,2,1,518.6014782608695,0.0,passed,
14336,7168,3072,ck_17_split0,ck,17,0,a8w8_blockscale_bpreshuffle_1x128x128_256x64x64x256_16x16_16x16_16x16x1_16x16x1_1x32x1x8_8_2x1_intrawave_v1,2,2,667.1612666666666,0.0,passed,
14336,7168,3072,cktile_0_split0,cktile,0,0,a8w8_blockscale_cktile_16x128x256_1x4x1_16x16x128_intrawave_0x1x0_1,2,3,921.6405599999997,0.0,passed,
14336,7168,3072,cktile_1_split0,cktile,1,0,a8w8_blockscale_cktile_16x128x256_1x4x1_16x16x128_intrawave_0x1x0_2,2,4,921.146510204081,0.0,passed,
14336,7168,3072,cktile_2_split0,cktile,2,0,a8w8_blockscale_cktile_16x128x256_1x4x1_16x16x64_intrawave_0x1x0_1,2,5,936.5853958333331,0.0,passed,
14336,7168,3072,cktile_3_split0,cktile,3,0,a8w8_blockscale_cktile_16x128x256_1x4x1_16x16x64_intrawave_0x1x0_2,2,6,921.7677346938776,0.0,passed,
14336,7168,3072,cktile_4_split0,cktile,4,0,a8w8_blockscale_cktile_32x128x128_1x4x1_16x16x128_intrawave_0x1x0_1,2,7,683.7702666666665,0.0,passed,
14336,7168,3072,cktile_5_split0,cktile,5,0,a8w8_blockscale_cktile_32x128x128_1x4x1_16x16x128_intrawave_0x1x0_2,2,8,684.5462553191485,0.0,passed,
14336,7168,3072,cktile_6_split0,cktile,6,0,a8w8_blockscale_cktile_32x128x128_1x4x1_16x16x64_intrawave_0x1x0_1,2,9,698.8060000000005,0.0,passed,
14336,7168,3072,cktile_7_split0,cktile,7,0,a8w8_blockscale_cktile_32x128x128_1x4x1_16x16x64_intrawave_0x1x0_2,2,10,698.602,0.0,passed,
14336,7168,3072,cktile_8_split0,cktile,8,0,a8w8_blockscale_cktile_128x128x128_1x4x1_16x16x128_intrawave_0x1x0_1,2,11,579.9529791666669,0.0,passed,
14336,7168,3072,cktile_9_split0,cktile,9,0,a8w8_blockscale_cktile_128x128x128_1x4x1_16x16x128_intrawave_0x1x0_1,2,12,579.4604375,0.0,passed,
14336,7168,3072,cktile_10_split0,cktile,10,0,a8w8_blockscale_cktile_128x128x128_2x2x1_16x16x128_intrawave_0x1x0_2,2,13,557.3155999999998,0.0,passed,
14336,7168,3072,cktile_11_split0,cktile,11,0,a8w8_blockscale_cktile_192x256x128_4x2x1_16x16x128_intrawave_0x1x0_1,2,14,350.8079183673469,0.0,passed,
14336,7168,3072,cktile_12_split0,cktile,12,0,a8w8_blockscale_cktile_192x256x128_4x2x1_16x16x128_intrawave_0x1x0_1_aqrm,2,15,397.4747600000001,0.0,passed,
14336,7168,3072,cktile_13_split0,cktile,13,0,a8w8_blockscale_cktile_16x128x256_1x4x1_16x16x128_intrawave_0x1x0_3,2,16,927.6398199999998,0.0,passed,
14336,7168,3072,cktile_14_split0,cktile,14,0,a8w8_blockscale_cktile_16x128x256_1x4x1_16x16x128_intrawave_0x1x0_4,2,17,1852.3273863636366,0.0,passed,
14336,7168,3072,cktile_15_split0,cktile,15,0,a8w8_blockscale_cktile_16x128x256_1x4x1_16x16x64_intrawave_0x1x0_3,2,18,925.3319375,0.0,passed,
14336,7168,3072,cktile_16_split0,cktile,16,0,a8w8_blockscale_cktile_16x128x256_1x4x1_16x16x64_intrawave_0x1x0_4,2,19,1030.0840816326536,0.0,passed,
14336,7168,3072,cktile_17_split0,cktile,17,0,a8w8_blockscale_cktile_32x128x128_1x4x1_16x16x128_intrawave_0x1x0_3,2,20,684.1241874999997,0.0,passed,
14336,7168,3072,cktile_18_split0,cktile,18,0,a8w8_blockscale_cktile_32x128x128_1x4x1_16x16x128_intrawave_0x1x0_4,2,21,685.8024680851064,0.0,passed,
14336,7168,3072,cktile_19_split0,cktile,19,0,a8w8_blockscale_cktile_32x128x128_1x4x1_16x16x64_intrawave_0x1x0_3,2,22,702.802325581395,0.0,passed,
14336,7168,3072,cktile_20_split0,cktile,20,0,a8w8_blockscale_cktile_32x128x128_1x4x1_16x16x64_intrawave_0x1x0_4,2,23,702.9358666666662,0.0,passed,
14336,7168,3072,cktile_21_split0,cktile,21,0,a8w8_blockscale_cktile_128x128x128_1x4x1_16x16x128_intrawave_0x1x0_2,2,24,579.0072127659575,0.0,passed,
14336,7168,3072,cktile_22_split0,cktile,22,0,a8w8_blockscale_cktile_128x128x128_1x4x1_16x16x128_intrawave_0x1x0_3,2,25,1916.9566249999996,0.0,passed,
14336,7168,3072,cktile_23_split0,cktile,23,0,a8w8_blockscale_cktile_128x128x128_1x4x1_16x16x128_intrawave_0x1x0_4,2,26,2933.2115909090903,0.0,passed,
14336,7168,3072,cktile_24_split0,cktile,24,0,a8w8_blockscale_cktile_128x128x128_2x2x1_16x16x128_intrawave_0x1x0_1,2,27,559.3881020408162,0.0,passed,
14336,7168,3072,cktile_25_split0,cktile,25,0,a8w8_blockscale_cktile_128x128x128_2x2x1_16x16x128_intrawave_0x1x0_3,2,28,2008.4830204081632,0.0,passed,
14336,7168,3072,cktile_26_split0,cktile,26,0,a8w8_blockscale_cktile_128x128x128_2x2x1_16x16x128_intrawave_0x1x0_4,2,29,4293.798812499998,0.0,passed,
14336,7168,3072,cktile_27_split0,cktile,27,0,a8w8_blockscale_cktile_192x256x128_4x2x1_16x16x128_intrawave_0x1x0_2,2,30,351.99472916666656,0.0,passed,
14336,7168,3072,cktile_28_split0,cktile,28,0,a8w8_blockscale_cktile_192x256x128_4x2x1_16x16x128_intrawave_0x1x0_3,2,31,351.6847999999998,0.0,passed,
14336,7168,3072,cktile_29_split0,cktile,29,0,a8w8_blockscale_cktile_192x256x128_4x2x1_16x16x128_intrawave_0x1x0_4,2,32,351.6088541666666,0.0,passed,
14336,7168,3072,cktile_30_split0,cktile,30,0,a8w8_blockscale_cktile_192x256x128_4x2x1_16x16x128_intrawave_0x1x0_2_aqrm,2,33,396.12036,0.0,passed,
14336,7168,3072,cktile_31_split0,cktile,31,0,a8w8_blockscale_cktile_192x256x128_4x2x1_16x16x128_intrawave_0x1x0_3_aqrm,2,34,394.04191999999995,0.0,passed,
14336,7168,3072,cktile_32_split0,cktile,32,0,a8w8_blockscale_cktile_192x256x128_4x2x1_16x16x128_intrawave_0x1x0_4_aqrm,2,35,395.4715200000001,0.0,passed,
14336,7168,3072,opus_9000,opus,9000,0,opus_gemm_gfx950_a8w8_mxscale_gemm_bpreshuffle_256x256x256x128_2x2_16x16x128_1x128x128_tiles1_nooob,2,36,303.7488723404256,0.0,passed,
14336,7168,3072,opus_9010,opus,9010,0,opus_gemm_gfx950_a8w8_mxscale_gemm_bpreshuffle_256x128x128x128_2x2_16x16x128_1x128x128_tiles1_nooob,2,37,446.63050000000004,0.0,passed,
14336,7168,3072,opus_9011,opus,9011,0,opus_gemm_gfx950_a8w8_mxscale_gemm_bpreshuffle_256x64x128x128_2x2_16x16x128_1x128x128_tiles1_nooob,2,38,448.70245833333325,0.0,passed,
14336,7168,3072,opus_9012,opus,9012,0,opus_gemm_gfx950_a8w8_mxscale_gemm_bpreshuffle_256x64x64x128_2x2_16x16x128_1x128x128_tiles1_nooob,2,39,549.0060799999999,0.0,passed,
14336,7168,3072,opus_9020,opus,9020,0,opus_gemm_gfx950_a8w8_mxscale_gemm_bpreshuffle_256x256x256x128_2x2_16x16x128_1x128x128_tiles1,2,40,314.5480681818181,0.0,passed,
14336,7168,3072,ck_0_split0,ck,0,0,a8w8_blockscale_bpreshuffle_1x128x128_256x128x128x128_16x16_16x16_8x32x1_8x32x1_1x32x1x8_8_2x1_intrawave_v3,2,41,440.0173555555555,0.0,passed,
14336,7168,3072,ck_1_split0,ck,1,0,a8w8_blockscale_bpreshuffle_1x128x128_256x64x128x128_16x16_16x16_8x32x1_8x32x1_1x32x1x8_8_2x1_intrawave_v3,2,42,471.0091799999999,0.0,passed,
14336,7168,3072,ck_2_split0,ck,2,0,a8w8_blockscale_bpreshuffle_1x128x128_256x64x64x128_16x16_16x16_8x32x1_8x32x1_1x32x1x8_8_2x1_intrawave_v3,2,43,609.59318,0.0,passed,
14336,7168,3072,ck_3_split0,ck,3,0,a8w8_blockscale_bpreshuffle_1x128x128_256x16x256x128_8x16_16x16_16x16x1_8x32x1_1x16x1x16_8_1x2_intrawave_v1,2,44,942.4211086956517,0.0,passed,
14336,7168,3072,ck_4_split0,ck,4,0,a8w8_blockscale_bpreshuffle_1x128x128_256x16x128x128_8x16_16x16_16x16x1_8x32x1_1x16x1x16_8_1x2_intrawave_v1,2,45,992.2467045454549,0.0,passed,
14336,7168,3072,ck_5_split0,ck,5,0,a8w8_blockscale_bpreshuffle_1x128x128_256x16x64x128_8x16_16x16_16x16x1_8x32x1_1x16x1x16_4_1x1_intrawave_v1,2,46,1149.3126,0.0,passed,
14336,7168,3072,ck_6_split0,ck,6,0,a8w8_blockscale_bpreshuffle_1x128x128_256x16x128x256_16x16_16x16_16x16x1_16x16x1_1x16x1x16_8_1x2_intrawave_v1,2,47,953.829489361702,0.0,passed,
14336,7168,3072,ck_7_split0,ck,7,0,a8w8_blockscale_bpreshuffle_1x128x128_256x16x64x256_16x16_16x16_16x16x1_16x16x1_1x16x1x16_4_1x1_intrawave_v1,2,48,1124.0390599999998,0.0,passed,
14336,7168,3072,ck_8_split0,ck,8,0,a8w8_blockscale_bpreshuffle_1x128x128_256x32x256x128_16x16_16x16_8x32x1_8x32x1_1x32x1x8_8_2x1_intrawave_v1,2,49,548.1181555555556,0.0,passed,
14336,7168,3072,ck_9_split0,ck,9,0,a8w8_blockscale_bpreshuffle_1x128x128_256x32x128x128_16x16_16x16_8x32x1_8x32x1_1x32x1x8_8_2x1_intrawave_v1,2,50,607.6423181818182,0.0,passed,
14336,7168,3072,ck_10_split0,ck,10,0,a8w8_blockscale_bpreshuffle_1x128x128_256x32x64x128_16x16_16x16_8x32x1_8x32x1_1x32x1x8_8_2x1_intrawave_v1,2,51,733.4917391304347,0.0,passed,
14336,7168,3072,ck_11_split0,ck,11,0,a8w8_blockscale_bpreshuffle_1x128x128_256x32x128x256_16x16_16x16_16x16x1_16x16x1_1x32x1x8_8_2x1_intrawave_v1,2,52,617.7635833333334,0.0,passed,
14336,7168,3072,ck_12_split0,ck,12,0,a8w8_blockscale_bpreshuffle_1x128x128_256x32x64x256_16x16_16x16_16x16x1_16x16x1_1x32x1x8_8_2x1_intrawave_v1,2,53,746.5346444444447,0.0,passed,
14336,7168,3072,ck_13_split0,ck,13,0,a8w8_blockscale_bpreshuffle_1x128x128_256x64x256x128_16x16_16x16_8x32x1_8x32x1_1x32x1x8_8_2x1_intrawave_v1,2,54,435.56202439024383,0.0,passed,
14336,7168,3072,ck_14_split0,ck,14,0,a8w8_blockscale_bpreshuffle_1x128x128_256x64x128x128_16x16_16x16_8x32x1_8x32x1_1x32x1x8_8_2x1_intrawave_v1,2,55,465.17983673469394,0.0,passed,
1152,7168,7168,ck_14_split0,ck,14,0,a8w8_blockscale_bpreshuffle_1x128x128_256x64x128x128_16x16_16x16_8x32x1_8x32x1_1x32x1x8_8_2x1_intrawave_v1,0,0,106.92022000000003,0.0,passed,
1152,7168,7168,ck_15_split0,ck,15,0,a8w8_blockscale_bpreshuffle_1x128x128_256x64x64x128_16x16_16x16_8x32x1_8x32x1_1x32x1x8_8_2x1_intrawave_v1,0,1,127.58925999999998,0.0,passed,
1152,7168,7168,ck_16_split0,ck,16,0,a8w8_blockscale_bpreshuffle_1x128x128_256x64x128x256_16x16_16x16_16x16x1_16x16x1_1x32x1x8_8_2x1_intrawave_v1,0,2,108.70506000000002,0.0,passed,
1152,7168,7168,ck_17_split0,ck,17,0,a8w8_blockscale_bpreshuffle_1x128x128_256x64x64x256_16x16_16x16_16x16x1_16x16x1_1x32x1x8_8_2x1_intrawave_v1,0,3,134.14133999999996,0.0,passed,
1152,7168,7168,cktile_0_split0,cktile,0,0,a8w8_blockscale_cktile_16x128x256_1x4x1_16x16x128_intrawave_0x1x0_1,0,4,213.63163999999998,0.0,passed,
1152,7168,7168,cktile_1_split0,cktile,1,0,a8w8_blockscale_cktile_16x128x256_1x4x1_16x16x128_intrawave_0x1x0_2,0,5,213.0420200000001,0.0,passed,
1152,7168,7168,cktile_2_split0,cktile,2,0,a8w8_blockscale_cktile_16x128x256_1x4x1_16x16x64_intrawave_0x1x0_1,0,6,216.26127999999997,0.0,passed,
1152,7168,7168,cktile_3_split0,cktile,3,0,a8w8_blockscale_cktile_16x128x256_1x4x1_16x16x64_intrawave_0x1x0_2,0,7,217.86208000000028,0.0,passed,
1152,7168,7168,cktile_4_split0,cktile,4,0,a8w8_blockscale_cktile_32x128x128_1x4x1_16x16x128_intrawave_0x1x0_1,0,8,155.89978000000002,0.0,passed,
1152,7168,7168,cktile_5_split0,cktile,5,0,a8w8_blockscale_cktile_32x128x128_1x4x1_16x16x128_intrawave_0x1x0_2,0,9,155.61657999999994,0.0,passed,
1152,7168,7168,cktile_6_split0,cktile,6,0,a8w8_blockscale_cktile_32x128x128_1x4x1_16x16x64_intrawave_0x1x0_1,0,10,161.43184000000008,0.0,passed,
1152,7168,7168,cktile_7_split0,cktile,7,0,a8w8_blockscale_cktile_32x128x128_1x4x1_16x16x64_intrawave_0x1x0_2,0,11,159.45982,0.0,passed,
1152,7168,7168,cktile_8_split0,cktile,8,0,a8w8_blockscale_cktile_128x128x128_1x4x1_16x16x128_intrawave_0x1x0_1,0,12,125.47943999999998,0.0,passed,
1152,7168,7168,cktile_9_split0,cktile,9,0,a8w8_blockscale_cktile_128x128x128_1x4x1_16x16x128_intrawave_0x1x0_1,0,13,124.03541999999999,0.0,passed,
1152,7168,7168,cktile_10_split0,cktile,10,0,a8w8_blockscale_cktile_128x128x128_2x2x1_16x16x128_intrawave_0x1x0_2,0,14,128.76668,0.0,passed,
1152,7168,7168,cktile_11_split0,cktile,11,0,a8w8_blockscale_cktile_192x256x128_4x2x1_16x16x128_intrawave_0x1x0_1,0,15,81.57493749999999,0.0,passed,
1152,7168,7168,cktile_12_split0,cktile,12,0,a8w8_blockscale_cktile_192x256x128_4x2x1_16x16x128_intrawave_0x1x0_1_aqrm,0,16,102.50350000000002,0.0,passed,
1152,7168,7168,cktile_13_split0,cktile,13,0,a8w8_blockscale_cktile_16x128x256_1x4x1_16x16x128_intrawave_0x1x0_3,0,17,214.15005999999997,0.0,passed,
1152,7168,7168,cktile_14_split0,cktile,14,0,a8w8_blockscale_cktile_16x128x256_1x4x1_16x16x128_intrawave_0x1x0_4,0,18,393.56530232558134,0.0,passed,
1152,7168,7168,cktile_15_split0,cktile,15,0,a8w8_blockscale_cktile_16x128x256_1x4x1_16x16x64_intrawave_0x1x0_3,0,19,214.22763999999995,0.0,passed,
1152,7168,7168,cktile_16_split0,cktile,16,0,a8w8_blockscale_cktile_16x128x256_1x4x1_16x16x64_intrawave_0x1x0_4,0,20,230.62624000000008,0.0,passed,
1152,7168,7168,cktile_17_split0,cktile,17,0,a8w8_blockscale_cktile_32x128x128_1x4x1_16x16x128_intrawave_0x1x0_3,0,21,157.3613999999999,0.0,passed,
1152,7168,7168,cktile_18_split0,cktile,18,0,a8w8_blockscale_cktile_32x128x128_1x4x1_16x16x128_intrawave_0x1x0_4,0,22,157.93180000000004,0.0,passed,
1152,7168,7168,cktile_19_split0,cktile,19,0,a8w8_blockscale_cktile_32x128x128_1x4x1_16x16x64_intrawave_0x1x0_3,0,23,160.55495918367353,0.0,passed,
1152,7168,7168,cktile_20_split0,cktile,20,0,a8w8_blockscale_cktile_32x128x128_1x4x1_16x16x64_intrawave_0x1x0_4,0,24,161.35504000000003,0.0,passed,
1152,7168,7168,cktile_21_split0,cktile,21,0,a8w8_blockscale_cktile_128x128x128_1x4x1_16x16x128_intrawave_0x1x0_2,0,25,125.19543999999998,0.0,passed,
1152,7168,7168,cktile_22_split0,cktile,22,0,a8w8_blockscale_cktile_128x128x128_1x4x1_16x16x128_intrawave_0x1x0_3,0,26,466.8158333333333,0.0,passed,
1152,7168,7168,cktile_23_split0,cktile,23,0,a8w8_blockscale_cktile_128x128x128_1x4x1_16x16x128_intrawave_0x1x0_4,0,27,800.6729791666666,0.0,passed,
1152,7168,7168,cktile_24_split0,cktile,24,0,a8w8_blockscale_cktile_128x128x128_2x2x1_16x16x128_intrawave_0x1x0_1,0,28,126.9869583333334,0.0,passed,
1152,7168,7168,cktile_25_split0,cktile,25,0,a8w8_blockscale_cktile_128x128x128_2x2x1_16x16x128_intrawave_0x1x0_3,0,29,475.52843750000005,0.0,passed,
1152,7168,7168,cktile_26_split0,cktile,26,0,a8w8_blockscale_cktile_128x128x128_2x2x1_16x16x128_intrawave_0x1x0_4,0,30,1137.9448775510198,0.0,passed,
1152,7168,7168,cktile_27_split0,cktile,27,0,a8w8_blockscale_cktile_192x256x128_4x2x1_16x16x128_intrawave_0x1x0_2,0,31,81.28491666666666,0.0,passed,
1152,7168,7168,cktile_28_split0,cktile,28,0,a8w8_blockscale_cktile_192x256x128_4x2x1_16x16x128_intrawave_0x1x0_3,0,32,81.93789795918364,0.0,passed,
1152,7168,7168,cktile_29_split0,cktile,29,0,a8w8_blockscale_cktile_192x256x128_4x2x1_16x16x128_intrawave_0x1x0_4,0,33,80.94767346938777,0.0,passed,
1152,7168,7168,cktile_30_split0,cktile,30,0,a8w8_blockscale_cktile_192x256x128_4x2x1_16x16x128_intrawave_0x1x0_2_aqrm,0,34,103.19768749999996,0.0,passed,
1152,7168,7168,cktile_31_split0,cktile,31,0,a8w8_blockscale_cktile_192x256x128_4x2x1_16x16x128_intrawave_0x1x0_3_aqrm,0,35,103.3491063829788,0.0,passed,
1152,7168,7168,cktile_32_split0,cktile,32,0,a8w8_blockscale_cktile_192x256x128_4x2x1_16x16x128_intrawave_0x1x0_4_aqrm,0,36,104.87285714285719,0.0,passed,
1152,7168,7168,opus_9010,opus,9010,0,opus_gemm_gfx950_a8w8_mxscale_gemm_bpreshuffle_256x128x128x128_2x2_16x16x128_1x128x128_tiles1_nooob,0,37,84.60636000000002,0.0,passed,
1152,7168,7168,opus_9011,opus,9011,0,opus_gemm_gfx950_a8w8_mxscale_gemm_bpreshuffle_256x64x128x128_2x2_16x16x128_1x128x128_tiles1_nooob,0,38,92.75846000000001,0.0,passed,
1152,7168,7168,opus_9012,opus,9012,0,opus_gemm_gfx950_a8w8_mxscale_gemm_bpreshuffle_256x64x64x128_2x2_16x16x128_1x128x128_tiles1_nooob,0,39,116.81233999999995,0.0,passed,
1152,7168,7168,opus_9020,opus,9020,0,opus_gemm_gfx950_a8w8_mxscale_gemm_bpreshuffle_256x256x256x128_2x2_16x16x128_1x128x128_tiles1,0,40,90.84174468085106,0.0,passed,
1152,7168,7168,ck_0_split0,ck,0,0,a8w8_blockscale_bpreshuffle_1x128x128_256x128x128x128_16x16_16x16_8x32x1_8x32x1_1x32x1x8_8_2x1_intrawave_v3,0,41,89.75522,0.0,passed,
1152,7168,7168,ck_1_split0,ck,1,0,a8w8_blockscale_bpreshuffle_1x128x128_256x64x128x128_16x16_16x16_8x32x1_8x32x1_1x32x1x8_8_2x1_intrawave_v3,0,42,104.9266,0.0,passed,
1152,7168,7168,ck_2_split0,ck,2,0,a8w8_blockscale_bpreshuffle_1x128x128_256x64x64x128_16x16_16x16_8x32x1_8x32x1_1x32x1x8_8_2x1_intrawave_v3,0,43,128.60368000000003,0.0,passed,
1152,7168,7168,ck_3_split0,ck,3,0,a8w8_blockscale_bpreshuffle_1x128x128_256x16x256x128_8x16_16x16_16x16x1_8x32x1_1x16x1x16_8_1x2_intrawave_v1,0,44,205.40542857142847,0.0,passed,
1152,7168,7168,ck_4_split0,ck,4,0,a8w8_blockscale_bpreshuffle_1x128x128_256x16x128x128_8x16_16x16_16x16x1_8x32x1_1x16x1x16_8_1x2_intrawave_v1,0,45,212.62544000000003,0.0,passed,
1152,7168,7168,ck_5_split0,ck,5,0,a8w8_blockscale_bpreshuffle_1x128x128_256x16x64x128_8x16_16x16_16x16x1_8x32x1_1x16x1x16_4_1x1_intrawave_v1,0,46,243.17057999999997,0.0,passed,
1152,7168,7168,ck_6_split0,ck,6,0,a8w8_blockscale_bpreshuffle_1x128x128_256x16x128x256_16x16_16x16_16x16x1_16x16x1_1x16x1x16_8_1x2_intrawave_v1,0,47,202.70372000000003,0.0,passed,
1152,7168,7168,ck_7_split0,ck,7,0,a8w8_blockscale_bpreshuffle_1x128x128_256x16x64x256_16x16_16x16_16x16x1_16x16x1_1x16x1x16_4_1x1_intrawave_v1,0,48,231.94884000000016,0.0,passed,
1152,7168,7168,ck_8_split0,ck,8,0,a8w8_blockscale_bpreshuffle_1x128x128_256x32x256x128_16x16_16x16_8x32x1_8x32x1_1x32x1x8_8_2x1_intrawave_v1,0,49,134.44220833333335,0.0,passed,
1152,7168,7168,ck_9_split0,ck,9,0,a8w8_blockscale_bpreshuffle_1x128x128_256x32x128x128_16x16_16x16_8x32x1_8x32x1_1x32x1x8_8_2x1_intrawave_v1,0,50,132.46452000000005,0.0,passed,
1152,7168,7168,ck_10_split0,ck,10,0,a8w8_blockscale_bpreshuffle_1x128x128_256x32x64x128_16x16_16x16_8x32x1_8x32x1_1x32x1x8_8_2x1_intrawave_v1,0,51,155.98958000000002,0.0,passed,
1152,7168,7168,ck_11_split0,ck,11,0,a8w8_blockscale_bpreshuffle_1x128x128_256x32x128x256_16x16_16x16_16x16x1_16x16x1_1x32x1x8_8_2x1_intrawave_v1,0,52,135.63973469387759,0.0,passed,
1152,7168,7168,ck_12_split0,ck,12,0,a8w8_blockscale_bpreshuffle_1x128x128_256x32x64x256_16x16_16x16_16x16x1_16x16x1_1x32x1x8_8_2x1_intrawave_v1,0,53,161.26563999999996,0.0,passed,
1152,7168,7168,ck_13_split0,ck,13,0,a8w8_blockscale_bpreshuffle_1x128x128_256x64x256x128_16x16_16x16_8x32x1_8x32x1_1x32x1x8_8_2x1_intrawave_v1,0,54,97.48089999999993,0.0,passed,
1152,7168,7168,ck_14_split0,ck,14,0,a8w8_blockscale_bpreshuffle_1x128x128_256x64x128x128_16x16_16x16_8x32x1_8x32x1_1x32x1x8_8_2x1_intrawave_v1,1,0,101.77695999999993,0.0,passed,
1152,7168,7168,ck_13_split0,ck,13,0,a8w8_blockscale_bpreshuffle_1x128x128_256x64x256x128_16x16_16x16_8x32x1_8x32x1_1x32x1x8_8_2x1_intrawave_v1,1,1,92.54325999999998,0.0,passed,
1152,7168,7168,ck_12_split0,ck,12,0,a8w8_blockscale_bpreshuffle_1x128x128_256x32x64x256_16x16_16x16_16x16x1_16x16x1_1x32x1x8_8_2x1_intrawave_v1,1,2,158.32719999999995,0.0,passed,
1152,7168,7168,ck_11_split0,ck,11,0,a8w8_blockscale_bpreshuffle_1x128x128_256x32x128x256_16x16_16x16_16x16x1_16x16x1_1x32x1x8_8_2x1_intrawave_v1,1,3,133.47652,0.0,passed,
1152,7168,7168,ck_10_split0,ck,10,0,a8w8_blockscale_bpreshuffle_1x128x128_256x32x64x128_16x16_16x16_8x32x1_8x32x1_1x32x1x8_8_2x1_intrawave_v1,1,4,157.7664,0.0,passed,
1152,7168,7168,ck_9_split0,ck,9,0,a8w8_blockscale_bpreshuffle_1x128x128_256x32x128x128_16x16_16x16_8x32x1_8x32x1_1x32x1x8_8_2x1_intrawave_v1,1,5,130.45009999999996,0.0,passed,
1152,7168,7168,ck_8_split0,ck,8,0,a8w8_blockscale_bpreshuffle_1x128x128_256x32x256x128_16x16_16x16_8x32x1_8x32x1_1x32x1x8_8_2x1_intrawave_v1,1,6,132.71092000000002,0.0,passed,
1152,7168,7168,ck_7_split0,ck,7,0,a8w8_blockscale_bpreshuffle_1x128x128_256x16x64x256_16x16_16x16_16x16x1_16x16x1_1x16x1x16_4_1x1_intrawave_v1,1,7,230.99043999999998,0.0,passed,
1152,7168,7168,ck_6_split0,ck,6,0,a8w8_blockscale_bpreshuffle_1x128x128_256x16x128x256_16x16_16x16_16x16x1_16x16x1_1x16x1x16_8_1x2_intrawave_v1,1,8,202.81252,0.0,passed,
1152,7168,7168,ck_5_split0,ck,5,0,a8w8_blockscale_bpreshuffle_1x128x128_256x16x64x128_8x16_16x16_16x16x1_8x32x1_1x16x1x16_4_1x1_intrawave_v1,1,9,240.89936000000006,0.0,passed,
1152,7168,7168,ck_4_split0,ck,4,0,a8w8_blockscale_bpreshuffle_1x128x128_256x16x128x128_8x16_16x16_16x16x1_8x32x1_1x16x1x16_8_1x2_intrawave_v1,1,10,212.48622000000003,0.0,passed,
1152,7168,7168,ck_3_split0,ck,3,0,a8w8_blockscale_bpreshuffle_1x128x128_256x16x256x128_8x16_16x16_16x16x1_8x32x1_1x16x1x16_8_1x2_intrawave_v1,1,11,206.36855999999992,0.0,passed,
1152,7168,7168,ck_2_split0,ck,2,0,a8w8_blockscale_bpreshuffle_1x128x128_256x64x64x128_16x16_16x16_8x32x1_8x32x1_1x32x1x8_8_2x1_intrawave_v3,1,12,128.72207999999995,0.0,passed,
1152,7168,7168,ck_1_split0,ck,1,0,a8w8_blockscale_bpreshuffle_1x128x128_256x64x128x128_16x16_16x16_8x32x1_8x32x1_1x32x1x8_8_2x1_intrawave_v3,1,13,103.73298000000004,0.0,passed,
1152,7168,7168,ck_0_split0,ck,0,0,a8w8_blockscale_bpreshuffle_1x128x128_256x128x128x128_16x16_16x16_8x32x1_8x32x1_1x32x1x8_8_2x1_intrawave_v3,1,14,91.82485999999999,0.0,passed,
1152,7168,7168,opus_9020,opus,9020,0,opus_gemm_gfx950_a8w8_mxscale_gemm_bpreshuffle_256x256x256x128_2x2_16x16x128_1x128x128_tiles1,1,15,90.84429787234036,0.0,passed,
1152,7168,7168,opus_9012,opus,9012,0,opus_gemm_gfx950_a8w8_mxscale_gemm_bpreshuffle_256x64x64x128_2x2_16x16x128_1x128x128_tiles1_nooob,1,16,115.50912,0.0,passed,
1152,7168,7168,opus_9011,opus,9011,0,opus_gemm_gfx950_a8w8_mxscale_gemm_bpreshuffle_256x64x128x128_2x2_16x16x128_1x128x128_tiles1_nooob,1,17,92.67526000000004,0.0,passed,
1152,7168,7168,opus_9010,opus,9010,0,opus_gemm_gfx950_a8w8_mxscale_gemm_bpreshuffle_256x128x128x128_2x2_16x16x128_1x128x128_tiles1_nooob,1,18,85.38318,0.0,passed,
1152,7168,7168,cktile_32_split0,cktile,32,0,a8w8_blockscale_cktile_192x256x128_4x2x1_16x16x128_intrawave_0x1x0_4_aqrm,1,19,102.46183333333333,0.0,passed,
1152,7168,7168,cktile_31_split0,cktile,31,0,a8w8_blockscale_cktile_192x256x128_4x2x1_16x16x128_intrawave_0x1x0_3_aqrm,1,20,103.1843541666667,0.0,passed,
1152,7168,7168,cktile_30_split0,cktile,30,0,a8w8_blockscale_cktile_192x256x128_4x2x1_16x16x128_intrawave_0x1x0_2_aqrm,1,21,102.80100000000006,0.0,passed,
1152,7168,7168,cktile_29_split0,cktile,29,0,a8w8_blockscale_cktile_192x256x128_4x2x1_16x16x128_intrawave_0x1x0_4,1,22,81.69708163265307,0.0,passed,
1152,7168,7168,cktile_28_split0,cktile,28,0,a8w8_blockscale_cktile_192x256x128_4x2x1_16x16x128_intrawave_0x1x0_3,1,23,81.13658333333336,0.0,passed,
1152,7168,7168,cktile_27_split0,cktile,27,0,a8w8_blockscale_cktile_192x256x128_4x2x1_16x16x128_intrawave_0x1x0_2,1,24,81.76408333333332,0.0,passed,
1152,7168,7168,cktile_26_split0,cktile,26,0,a8w8_blockscale_cktile_128x128x128_2x2x1_16x16x128_intrawave_0x1x0_4,1,25,1138.5835000000009,0.0,passed,
1152,7168,7168,cktile_25_split0,cktile,25,0,a8w8_blockscale_cktile_128x128x128_2x2x1_16x16x128_intrawave_0x1x0_3,1,26,474.4609166666667,0.0,passed,
1152,7168,7168,cktile_24_split0,cktile,24,0,a8w8_blockscale_cktile_128x128x128_2x2x1_16x16x128_intrawave_0x1x0_1,1,27,128.8962600000001,0.0,passed,
1152,7168,7168,cktile_23_split0,cktile,23,0,a8w8_blockscale_cktile_128x128x128_1x4x1_16x16x128_intrawave_0x1x0_4,1,28,800.6879583333333,0.0,passed,
1152,7168,7168,cktile_22_split0,cktile,22,0,a8w8_blockscale_cktile_128x128x128_1x4x1_16x16x128_intrawave_0x1x0_3,1,29,465.5824791666667,0.0,passed,
1152,7168,7168,cktile_21_split0,cktile,21,0,a8w8_blockscale_cktile_128x128x128_1x4x1_16x16x128_intrawave_0x1x0_2,1,30,124.18101999999999,0.0,passed,
1152,7168,7168,cktile_20_split0,cktile,20,0,a8w8_blockscale_cktile_32x128x128_1x4x1_16x16x64_intrawave_0x1x0_4,1,31,161.68463999999997,0.0,passed,
1152,7168,7168,cktile_19_split0,cktile,19,0,a8w8_blockscale_cktile_32x128x128_1x4x1_16x16x64_intrawave_0x1x0_3,1,32,161.20064000000005,0.0,passed,
1152,7168,7168,cktile_18_split0,cktile,18,0,a8w8_blockscale_cktile_32x128x128_1x4x1_16x16x128_intrawave_0x1x0_4,1,33,156.42378000000005,0.0,passed,
1152,7168,7168,cktile_17_split0,cktile,17,0,a8w8_blockscale_cktile_32x128x128_1x4x1_16x16x128_intrawave_0x1x0_3,1,34,157.25660000000005,0.0,passed,
1152,7168,7168,cktile_16_split0,cktile,16,0,a8w8_blockscale_cktile_16x128x256_1x4x1_16x16x64_intrawave_0x1x0_4,1,35,231.50784000000004,0.0,passed,
1152,7168,7168,cktile_15_split0,cktile,15,0,a8w8_blockscale_cktile_16x128x256_1x4x1_16x16x64_intrawave_0x1x0_3,1,36,216.47007999999994,0.0,passed,
1152,7168,7168,cktile_14_split0,cktile,14,0,a8w8_blockscale_cktile_16x128x256_1x4x1_16x16x128_intrawave_0x1x0_4,1,37,395.9682448979593,0.0,passed,
1152,7168,7168,cktile_13_split0,cktile,13,0,a8w8_blockscale_cktile_16x128x256_1x4x1_16x16x128_intrawave_0x1x0_3,1,38,215.35005999999998,0.0,passed,
1152,7168,7168,cktile_12_split0,cktile,12,0,a8w8_blockscale_cktile_192x256x128_4x2x1_16x16x128_intrawave_0x1x0_1_aqrm,1,39,102.61016666666667,0.0,passed,
1152,7168,7168,cktile_11_split0,cktile,11,0,a8w8_blockscale_cktile_192x256x128_4x2x1_16x16x128_intrawave_0x1x0_1,1,40,82.8734081632653,0.0,passed,
1152,7168,7168,cktile_10_split0,cktile,10,0,a8w8_blockscale_cktile_128x128x128_2x2x1_16x16x128_intrawave_0x1x0_2,1,41,127.69226,0.0,passed,
1152,7168,7168,cktile_9_split0,cktile,9,0,a8w8_blockscale_cktile_128x128x128_1x4x1_16x16x128_intrawave_0x1x0_1,1,42,124.57781999999999,0.0,passed,
1152,7168,7168,cktile_8_split0,cktile,8,0,a8w8_blockscale_cktile_128x128x128_1x4x1_16x16x128_intrawave_0x1x0_1,1,43,125.32581999999998,0.0,passed,
1152,7168,7168,cktile_7_split0,cktile,7,0,a8w8_blockscale_cktile_32x128x128_1x4x1_16x16x64_intrawave_0x1x0_2,1,44,161.8126400000001,0.0,passed,
1152,7168,7168,cktile_6_split0,cktile,6,0,a8w8_blockscale_cktile_32x128x128_1x4x1_16x16x64_intrawave_0x1x0_1,1,45,161.9358399999999,0.0,passed,
1152,7168,7168,cktile_5_split0,cktile,5,0,a8w8_blockscale_cktile_32x128x128_1x4x1_16x16x128_intrawave_0x1x0_2,1,46,157.34540000000007,0.0,passed,
1152,7168,7168,cktile_4_split0,cktile,4,0,a8w8_blockscale_cktile_32x128x128_1x4x1_16x16x128_intrawave_0x1x0_1,1,47,155.55498,0.0,passed,
1152,7168,7168,cktile_3_split0,cktile,3,0,a8w8_blockscale_cktile_16x128x256_1x4x1_16x16x64_intrawave_0x1x0_2,1,48,216.29406,0.0,passed,
1152,7168,7168,cktile_2_split0,cktile,2,0,a8w8_blockscale_cktile_16x128x256_1x4x1_16x16x64_intrawave_0x1x0_1,1,49,215.1140599999999,0.0,passed,
1152,7168,7168,cktile_1_split0,cktile,1,0,a8w8_blockscale_cktile_16x128x256_1x4x1_16x16x128_intrawave_0x1x0_2,1,50,215.95408000000006,0.0,passed,
1152,7168,7168,cktile_0_split0,cktile,0,0,a8w8_blockscale_cktile_16x128x256_1x4x1_16x16x128_intrawave_0x1x0_1,1,51,214.43723999999992,0.0,passed,
1152,7168,7168,ck_17_split0,ck,17,0,a8w8_blockscale_bpreshuffle_1x128x128_256x64x64x256_16x16_16x16_16x16x1_16x16x1_1x32x1x8_8_2x1_intrawave_v1,1,52,136.67416,0.0,passed,
1152,7168,7168,ck_16_split0,ck,16,0,a8w8_blockscale_bpreshuffle_1x128x128_256x64x128x256_16x16_16x16_16x16x1_16x16x1_1x32x1x8_8_2x1_intrawave_v1,1,53,111.70108000000003,0.0,passed,
1152,7168,7168,ck_15_split0,ck,15,0,a8w8_blockscale_bpreshuffle_1x128x128_256x64x64x128_16x16_16x16_8x32x1_8x32x1_1x32x1x8_8_2x1_intrawave_v1,1,54,125.18122,0.0,passed,
1152,7168,7168,ck_16_split0,ck,16,0,a8w8_blockscale_bpreshuffle_1x128x128_256x64x128x256_16x16_16x16_16x16x1_16x16x1_1x32x1x8_8_2x1_intrawave_v1,2,0,110.34826000000004,0.0,passed,
1152,7168,7168,ck_17_split0,ck,17,0,a8w8_blockscale_bpreshuffle_1x128x128_256x64x64x256_16x16_16x16_16x16x1_16x16x1_1x32x1x8_8_2x1_intrawave_v1,2,1,140.74222,0.0,passed,
1152,7168,7168,cktile_0_split0,cktile,0,0,a8w8_blockscale_cktile_16x128x256_1x4x1_16x16x128_intrawave_0x1x0_1,2,2,213.0244399999998,0.0,passed,
1152,7168,7168,cktile_1_split0,cktile,1,0,a8w8_blockscale_cktile_16x128x256_1x4x1_16x16x128_intrawave_0x1x0_2,2,3,214.38764000000006,0.0,passed,
1152,7168,7168,cktile_2_split0,cktile,2,0,a8w8_blockscale_cktile_16x128x256_1x4x1_16x16x64_intrawave_0x1x0_1,2,4,218.7108999999999,0.0,passed,
1152,7168,7168,cktile_3_split0,cktile,3,0,a8w8_blockscale_cktile_16x128x256_1x4x1_16x16x64_intrawave_0x1x0_2,2,5,215.09565999999995,0.0,passed,
1152,7168,7168,cktile_4_split0,cktile,4,0,a8w8_blockscale_cktile_32x128x128_1x4x1_16x16x128_intrawave_0x1x0_1,2,6,154.79096000000004,0.0,passed,
1152,7168,7168,cktile_5_split0,cktile,5,0,a8w8_blockscale_cktile_32x128x128_1x4x1_16x16x128_intrawave_0x1x0_2,2,7,158.04059999999996,0.0,passed,
1152,7168,7168,cktile_6_split0,cktile,6,0,a8w8_blockscale_cktile_32x128x128_1x4x1_16x16x64_intrawave_0x1x0_1,2,8,162.51152083333335,0.0,passed,
1152,7168,7168,cktile_7_split0,cktile,7,0,a8w8_blockscale_cktile_32x128x128_1x4x1_16x16x64_intrawave_0x1x0_2,2,9,159.32862000000006,0.0,passed,
1152,7168,7168,cktile_8_split0,cktile,8,0,a8w8_blockscale_cktile_128x128x128_1x4x1_16x16x128_intrawave_0x1x0_1,2,10,124.75224,0.0,passed,
1152,7168,7168,cktile_9_split0,cktile,9,0,a8w8_blockscale_cktile_128x128x128_1x4x1_16x16x128_intrawave_0x1x0_1,2,11,124.67381999999998,0.0,passed,
1152,7168,7168,cktile_10_split0,cktile,10,0,a8w8_blockscale_cktile_128x128x128_2x2x1_16x16x128_intrawave_0x1x0_2,2,12,125.97360416666662,0.0,passed,
1152,7168,7168,cktile_11_split0,cktile,11,0,a8w8_blockscale_cktile_192x256x128_4x2x1_16x16x128_intrawave_0x1x0_1,2,13,80.67408333333329,0.0,passed,
1152,7168,7168,cktile_12_split0,cktile,12,0,a8w8_blockscale_cktile_192x256x128_4x2x1_16x16x128_intrawave_0x1x0_1_aqrm,2,14,102.3676666666667,0.0,passed,
1152,7168,7168,cktile_13_split0,cktile,13,0,a8w8_blockscale_cktile_16x128x256_1x4x1_16x16x128_intrawave_0x1x0_3,2,15,214.84208163265308,0.0,passed,
1152,7168,7168,cktile_14_split0,cktile,14,0,a8w8_blockscale_cktile_16x128x256_1x4x1_16x16x128_intrawave_0x1x0_4,2,16,395.283441860465,0.0,passed,
1152,7168,7168,cktile_15_split0,cktile,15,0,a8w8_blockscale_cktile_16x128x256_1x4x1_16x16x64_intrawave_0x1x0_3,2,17,216.36607999999993,0.0,passed,
1152,7168,7168,cktile_16_split0,cktile,16,0,a8w8_blockscale_cktile_16x128x256_1x4x1_16x16x64_intrawave_0x1x0_4,2,18,230.76463999999999,0.0,passed,
1152,7168,7168,cktile_17_split0,cktile,17,0,a8w8_blockscale_cktile_32x128x128_1x4x1_16x16x128_intrawave_0x1x0_3,2,19,156.08778000000004,0.0,passed,
1152,7168,7168,cktile_18_split0,cktile,18,0,a8w8_blockscale_cktile_32x128x128_1x4x1_16x16x128_intrawave_0x1x0_4,2,20,158.4606,0.0,passed,
1152,7168,7168,cktile_19_split0,cktile,19,0,a8w8_blockscale_cktile_32x128x128_1x4x1_16x16x64_intrawave_0x1x0_3,2,21,162.11423999999997,0.0,passed,
1152,7168,7168,cktile_20_split0,cktile,20,0,a8w8_blockscale_cktile_32x128x128_1x4x1_16x16x64_intrawave_0x1x0_4,2,22,158.90140000000002,0.0,passed,
1152,7168,7168,cktile_21_split0,cktile,21,0,a8w8_blockscale_cktile_128x128x128_1x4x1_16x16x128_intrawave_0x1x0_2,2,23,124.55346808510647,0.0,passed,
1152,7168,7168,cktile_22_split0,cktile,22,0,a8w8_blockscale_cktile_128x128x128_1x4x1_16x16x128_intrawave_0x1x0_3,2,24,465.1343829787235,0.0,passed,
1152,7168,7168,cktile_23_split0,cktile,23,0,a8w8_blockscale_cktile_128x128x128_1x4x1_16x16x128_intrawave_0x1x0_4,2,25,800.6579791666668,0.0,passed,
1152,7168,7168,cktile_24_split0,cktile,24,0,a8w8_blockscale_cktile_128x128x128_2x2x1_16x16x128_intrawave_0x1x0_1,2,26,128.07707999999994,0.0,passed,
1152,7168,7168,cktile_25_split0,cktile,25,0,a8w8_blockscale_cktile_128x128x128_2x2x1_16x16x128_intrawave_0x1x0_3,2,27,475.95687755102045,0.0,passed,
1152,7168,7168,cktile_26_split0,cktile,26,0,a8w8_blockscale_cktile_128x128x128_2x2x1_16x16x128_intrawave_0x1x0_4,2,28,1138.8036530612248,0.0,passed,
1152,7168,7168,cktile_27_split0,cktile,27,0,a8w8_blockscale_cktile_192x256x128_4x2x1_16x16x128_intrawave_0x1x0_2,2,29,82.47434,0.0,passed,
1152,7168,7168,cktile_28_split0,cktile,28,0,a8w8_blockscale_cktile_192x256x128_4x2x1_16x16x128_intrawave_0x1x0_3,2,30,81.26077083333335,0.0,passed,
1152,7168,7168,cktile_29_split0,cktile,29,0,a8w8_blockscale_cktile_192x256x128_4x2x1_16x16x128_intrawave_0x1x0_4,2,31,81.61577083333339,0.0,passed,
1152,7168,7168,cktile_30_split0,cktile,30,0,a8w8_blockscale_cktile_192x256x128_4x2x1_16x16x128_intrawave_0x1x0_2_aqrm,2,32,102.05293617021272,0.0,passed,
1152,7168,7168,cktile_31_split0,cktile,31,0,a8w8_blockscale_cktile_192x256x128_4x2x1_16x16x128_intrawave_0x1x0_3_aqrm,2,33,103.17352083333328,0.0,passed,
1152,7168,7168,cktile_32_split0,cktile,32,0,a8w8_blockscale_cktile_192x256x128_4x2x1_16x16x128_intrawave_0x1x0_4_aqrm,2,34,102.85266666666666,0.0,passed,
1152,7168,7168,opus_9010,opus,9010,0,opus_gemm_gfx950_a8w8_mxscale_gemm_bpreshuffle_256x128x128x128_2x2_16x16x128_1x128x128_tiles1_nooob,2,35,85.41118000000002,0.0,passed,
1152,7168,7168,opus_9011,opus,9011,0,opus_gemm_gfx950_a8w8_mxscale_gemm_bpreshuffle_256x64x128x128_2x2_16x16x128_1x128x128_tiles1_nooob,2,36,91.73603999999999,0.0,passed,
1152,7168,7168,opus_9012,opus,9012,0,opus_gemm_gfx950_a8w8_mxscale_gemm_bpreshuffle_256x64x64x128_2x2_16x16x128_1x128x128_tiles1_nooob,2,37,114.38429999999998,0.0,passed,
1152,7168,7168,opus_9020,opus,9020,0,opus_gemm_gfx950_a8w8_mxscale_gemm_bpreshuffle_256x256x256x128_2x2_16x16x128_1x128x128_tiles1,2,38,90.58642553191493,0.0,passed,
1152,7168,7168,ck_0_split0,ck,0,0,a8w8_blockscale_bpreshuffle_1x128x128_256x128x128x128_16x16_16x16_8x32x1_8x32x1_1x32x1x8_8_2x1_intrawave_v3,2,39,93.01845999999999,0.0,passed,
1152,7168,7168,ck_1_split0,ck,1,0,a8w8_blockscale_bpreshuffle_1x128x128_256x64x128x128_16x16_16x16_8x32x1_8x32x1_1x32x1x8_8_2x1_intrawave_v3,2,40,105.32900000000001,0.0,passed,
1152,7168,7168,ck_2_split0,ck,2,0,a8w8_blockscale_bpreshuffle_1x128x128_256x64x64x128_16x16_16x16_8x32x1_8x32x1_1x32x1x8_8_2x1_intrawave_v3,2,41,131.78449999999998,0.0,passed,
1152,7168,7168,ck_3_split0,ck,3,0,a8w8_blockscale_bpreshuffle_1x128x128_256x16x256x128_8x16_16x16_16x16x1_8x32x1_1x16x1x16_8_1x2_intrawave_v1,2,42,207.15565306122454,0.0,passed,
1152,7168,7168,ck_4_split0,ck,4,0,a8w8_blockscale_bpreshuffle_1x128x128_256x16x128x128_8x16_16x16_16x16x1_8x32x1_1x16x1x16_8_1x2_intrawave_v1,2,43,212.15581999999995,0.0,passed,
1152,7168,7168,ck_5_split0,ck,5,0,a8w8_blockscale_bpreshuffle_1x128x128_256x16x64x128_8x16_16x16_16x16x1_8x32x1_1x16x1x16_4_1x1_intrawave_v1,2,44,243.59539999999993,0.0,passed,
1152,7168,7168,ck_6_split0,ck,6,0,a8w8_blockscale_bpreshuffle_1x128x128_256x16x128x256_16x16_16x16_16x16x1_16x16x1_1x16x1x16_8_1x2_intrawave_v1,2,45,203.33492000000024,0.0,passed,
1152,7168,7168,ck_7_split0,ck,7,0,a8w8_blockscale_bpreshuffle_1x128x128_256x16x64x256_16x16_16x16_16x16x1_16x16x1_1x16x1x16_4_1x1_intrawave_v1,2,46,232.55365999999987,0.0,passed,
1152,7168,7168,ck_8_split0,ck,8,0,a8w8_blockscale_bpreshuffle_1x128x128_256x32x256x128_16x16_16x16_8x32x1_8x32x1_1x32x1x8_8_2x1_intrawave_v1,2,47,131.75395918367352,0.0,passed,
1152,7168,7168,ck_9_split0,ck,9,0,a8w8_blockscale_bpreshuffle_1x128x128_256x32x128x128_16x16_16x16_8x32x1_8x32x1_1x32x1x8_8_2x1_intrawave_v1,2,48,132.80929999999998,0.0,passed,
1152,7168,7168,ck_10_split0,ck,10,0,a8w8_blockscale_bpreshuffle_1x128x128_256x32x64x128_16x16_16x16_8x32x1_8x32x1_1x32x1x8_8_2x1_intrawave_v1,2,49,155.58957999999996,0.0,passed,
1152,7168,7168,ck_11_split0,ck,11,0,a8w8_blockscale_bpreshuffle_1x128x128_256x32x128x256_16x16_16x16_16x16x1_16x16x1_1x32x1x8_8_2x1_intrawave_v1,2,50,132.68852000000004,0.0,passed,
1152,7168,7168,ck_12_split0,ck,12,0,a8w8_blockscale_bpreshuffle_1x128x128_256x32x64x256_16x16_16x16_16x16x1_16x16x1_1x32x1x8_8_2x1_intrawave_v1,2,51,163.66728,0.0,passed,
1152,7168,7168,ck_13_split0,ck,13,0,a8w8_blockscale_bpreshuffle_1x128x128_256x64x256x128_16x16_16x16_8x32x1_8x32x1_1x32x1x8_8_2x1_intrawave_v1,2,52,93.29046000000002,0.0,passed,
1152,7168,7168,ck_14_split0,ck,14,0,a8w8_blockscale_bpreshuffle_1x128x128_256x64x128x128_16x16_16x16_8x32x1_8x32x1_1x32x1x8_8_2x1_intrawave_v1,2,53,103.25458,0.0,passed,
1152,7168,7168,ck_15_split0,ck,15,0,a8w8_blockscale_bpreshuffle_1x128x128_256x64x64x128_16x16_16x16_8x32x1_8x32x1_1x32x1x8_8_2x1_intrawave_v1,2,54,125.86044000000004,0.0,passed,
1920,7168,7168,ck_15_split0,ck,15,0,a8w8_blockscale_bpreshuffle_1x128x128_256x64x64x128_16x16_16x16_8x32x1_8x32x1_1x32x1x8_8_2x1_intrawave_v1,0,0,208.14218,0.0,passed,
1920,7168,7168,ck_16_split0,ck,16,0,a8w8_blockscale_bpreshuffle_1x128x128_256x64x128x256_16x16_16x16_16x16x1_16x16x1_1x32x1x8_8_2x1_intrawave_v1,0,1,178.87784,0.0,passed,
1920,7168,7168,ck_17_split0,ck,17,0,a8w8_blockscale_bpreshuffle_1x128x128_256x64x64x256_16x16_16x16_16x16x1_16x16x1_1x32x1x8_8_2x1_intrawave_v1,0,2,222.87897872340426,0.0,passed,
1920,7168,7168,cktile_0_split0,cktile,0,0,a8w8_blockscale_cktile_16x128x256_1x4x1_16x16x128_intrawave_0x1x0_1,0,3,343.35375510204074,0.0,passed,
1920,7168,7168,cktile_1_split0,cktile,1,0,a8w8_blockscale_cktile_16x128x256_1x4x1_16x16x128_intrawave_0x1x0_2,0,4,345.42831999999987,0.0,passed,
1920,7168,7168,cktile_2_split0,cktile,2,0,a8w8_blockscale_cktile_16x128x256_1x4x1_16x16x64_intrawave_0x1x0_1,0,5,345.55794000000014,0.0,passed,
1920,7168,7168,cktile_3_split0,cktile,3,0,a8w8_blockscale_cktile_16x128x256_1x4x1_16x16x64_intrawave_0x1x0_2,0,6,343.71312000000006,0.0,passed,
1920,7168,7168,cktile_4_split0,cktile,4,0,a8w8_blockscale_cktile_32x128x128_1x4x1_16x16x128_intrawave_0x1x0_1,0,7,254.5361,0.0,passed,
1920,7168,7168,cktile_5_split0,cktile,5,0,a8w8_blockscale_cktile_32x128x128_1x4x1_16x16x128_intrawave_0x1x0_2,0,8,255.18331999999998,0.0,passed,
1920,7168,7168,cktile_6_split0,cktile,6,0,a8w8_blockscale_cktile_32x128x128_1x4x1_16x16x64_intrawave_0x1x0_1,0,9,260.99298,0.0,passed,
1920,7168,7168,cktile_7_split0,cktile,7,0,a8w8_blockscale_cktile_32x128x128_1x4x1_16x16x64_intrawave_0x1x0_2,0,10,258.13774000000006,0.0,passed,
1920,7168,7168,cktile_8_split0,cktile,8,0,a8w8_blockscale_cktile_128x128x128_1x4x1_16x16x128_intrawave_0x1x0_1,0,11,220.02484782608693,0.0,passed,
1920,7168,7168,cktile_9_split0,cktile,9,0,a8w8_blockscale_cktile_128x128x128_1x4x1_16x16x128_intrawave_0x1x0_1,0,12,221.1571875000001,0.0,passed,
1920,7168,7168,cktile_10_split0,cktile,10,0,a8w8_blockscale_cktile_128x128x128_2x2x1_16x16x128_intrawave_0x1x0_2,0,13,211.73541666666674,0.0,passed,
1920,7168,7168,cktile_11_split0,cktile,11,0,a8w8_blockscale_cktile_192x256x128_4x2x1_16x16x128_intrawave_0x1x0_1,0,14,139.91308333333328,0.0,passed,
1920,7168,7168,cktile_12_split0,cktile,12,0,a8w8_blockscale_cktile_192x256x128_4x2x1_16x16x128_intrawave_0x1x0_1_aqrm,0,15,178.27285714285708,0.0,passed,
1920,7168,7168,cktile_13_split0,cktile,13,0,a8w8_blockscale_cktile_16x128x256_1x4x1_16x16x128_intrawave_0x1x0_3,0,16,346.06033999999994,0.0,passed,
1920,7168,7168,cktile_14_split0,cktile,14,0,a8w8_blockscale_cktile_16x128x256_1x4x1_16x16x128_intrawave_0x1x0_4,0,17,642.2149199999999,0.0,passed,
1920,7168,7168,cktile_15_split0,cktile,15,0,a8w8_blockscale_cktile_16x128x256_1x4x1_16x16x64_intrawave_0x1x0_3,0,18,344.65074,0.0,passed,
1920,7168,7168,cktile_16_split0,cktile,16,0,a8w8_blockscale_cktile_16x128x256_1x4x1_16x16x64_intrawave_0x1x0_4,0,19,364.84549999999996,0.0,passed,
1920,7168,7168,cktile_17_split0,cktile,17,0,a8w8_blockscale_cktile_32x128x128_1x4x1_16x16x128_intrawave_0x1x0_3,0,20,253.0936800000001,0.0,passed,
1920,7168,7168,cktile_18_split0,cktile,18,0,a8w8_blockscale_cktile_32x128x128_1x4x1_16x16x128_intrawave_0x1x0_4,0,21,255.0993000000001,0.0,passed,
1920,7168,7168,cktile_19_split0,cktile,19,0,a8w8_blockscale_cktile_32x128x128_1x4x1_16x16x64_intrawave_0x1x0_3,0,22,258.0580816326531,0.0,passed,
1920,7168,7168,cktile_20_split0,cktile,20,0,a8w8_blockscale_cktile_32x128x128_1x4x1_16x16x64_intrawave_0x1x0_4,0,23,256.5780612244898,0.0,passed,
1920,7168,7168,cktile_21_split0,cktile,21,0,a8w8_blockscale_cktile_128x128x128_1x4x1_16x16x128_intrawave_0x1x0_2,0,24,221.0650204081633,0.0,passed,
1920,7168,7168,cktile_22_split0,cktile,22,0,a8w8_blockscale_cktile_128x128x128_1x4x1_16x16x128_intrawave_0x1x0_3,0,25,797.6617755102043,0.0,passed,
1920,7168,7168,cktile_23_split0,cktile,23,0,a8w8_blockscale_cktile_128x128x128_1x4x1_16x16x128_intrawave_0x1x0_4,0,26,1027.3550204081628,0.0,passed,
1920,7168,7168,cktile_24_split0,cktile,24,0,a8w8_blockscale_cktile_128x128x128_2x2x1_16x16x128_intrawave_0x1x0_1,0,27,214.86123999999992,0.0,passed,
1920,7168,7168,cktile_25_split0,cktile,25,0,a8w8_blockscale_cktile_128x128x128_2x2x1_16x16x128_intrawave_0x1x0_3,0,28,833.245833333333,0.0,passed,
1920,7168,7168,cktile_26_split0,cktile,26,0,a8w8_blockscale_cktile_128x128x128_2x2x1_16x16x128_intrawave_0x1x0_4,0,29,1520.112222222223,0.0,passed,
1920,7168,7168,cktile_27_split0,cktile,27,0,a8w8_blockscale_cktile_192x256x128_4x2x1_16x16x128_intrawave_0x1x0_2,0,30,140.41038775510205,0.0,passed,
1920,7168,7168,cktile_28_split0,cktile,28,0,a8w8_blockscale_cktile_192x256x128_4x2x1_16x16x128_intrawave_0x1x0_3,0,31,141.02755102040817,0.0,passed,
1920,7168,7168,cktile_29_split0,cktile,29,0,a8w8_blockscale_cktile_192x256x128_4x2x1_16x16x128_intrawave_0x1x0_4,0,32,140.6858043478261,0.0,passed,
1920,7168,7168,cktile_30_split0,cktile,30,0,a8w8_blockscale_cktile_192x256x128_4x2x1_16x16x128_intrawave_0x1x0_2_aqrm,0,33,176.9457021276596,0.0,passed,
1920,7168,7168,cktile_31_split0,cktile,31,0,a8w8_blockscale_cktile_192x256x128_4x2x1_16x16x128_intrawave_0x1x0_3_aqrm,0,34,177.3110208333333,0.0,passed,
1920,7168,7168,cktile_32_split0,cktile,32,0,a8w8_blockscale_cktile_192x256x128_4x2x1_16x16x128_intrawave_0x1x0_4_aqrm,0,35,176.93685416666662,0.0,passed,
1920,7168,7168,opus_9010,opus,9010,0,opus_gemm_gfx950_a8w8_mxscale_gemm_bpreshuffle_256x128x128x128_2x2_16x16x128_1x128x128_tiles1_nooob,0,36,149.28072000000003,0.0,passed,
1920,7168,7168,opus_9011,opus,9011,0,opus_gemm_gfx950_a8w8_mxscale_gemm_bpreshuffle_256x64x128x128_2x2_16x16x128_1x128x128_tiles1_nooob,0,37,151.94794,0.0,passed,
1920,7168,7168,opus_9012,opus,9012,0,opus_gemm_gfx950_a8w8_mxscale_gemm_bpreshuffle_256x64x64x128_2x2_16x16x128_1x128x128_tiles1_nooob,0,38,187.61874,0.0,passed,
1920,7168,7168,opus_9020,opus,9020,0,opus_gemm_gfx950_a8w8_mxscale_gemm_bpreshuffle_256x256x256x128_2x2_16x16x128_1x128x128_tiles1,0,39,101.78336000000004,0.0,passed,
1920,7168,7168,ck_0_split0,ck,0,0,a8w8_blockscale_bpreshuffle_1x128x128_256x128x128x128_16x16_16x16_8x32x1_8x32x1_1x32x1x8_8_2x1_intrawave_v3,0,40,155.20955999999995,0.0,passed,
1920,7168,7168,ck_1_split0,ck,1,0,a8w8_blockscale_bpreshuffle_1x128x128_256x64x128x128_16x16_16x16_8x32x1_8x32x1_1x32x1x8_8_2x1_intrawave_v3,0,41,166.19049999999993,0.0,passed,
1920,7168,7168,ck_2_split0,ck,2,0,a8w8_blockscale_bpreshuffle_1x128x128_256x64x64x128_16x16_16x16_8x32x1_8x32x1_1x32x1x8_8_2x1_intrawave_v3,0,42,210.859,0.0,passed,
1920,7168,7168,ck_3_split0,ck,3,0,a8w8_blockscale_bpreshuffle_1x128x128_256x16x256x128_8x16_16x16_16x16x1_8x32x1_1x16x1x16_8_1x2_intrawave_v1,0,43,333.6428200000001,0.0,passed,
1920,7168,7168,ck_4_split0,ck,4,0,a8w8_blockscale_bpreshuffle_1x128x128_256x16x128x128_8x16_16x16_16x16x1_8x32x1_1x16x1x16_8_1x2_intrawave_v1,0,44,340.30368000000004,0.0,passed,
1920,7168,7168,ck_5_split0,ck,5,0,a8w8_blockscale_bpreshuffle_1x128x128_256x16x64x128_8x16_16x16_16x16x1_8x32x1_1x16x1x16_4_1x1_intrawave_v1,0,45,386.49619999999993,0.0,passed,
1920,7168,7168,ck_6_split0,ck,6,0,a8w8_blockscale_bpreshuffle_1x128x128_256x16x128x256_16x16_16x16_16x16x1_16x16x1_1x16x1x16_8_1x2_intrawave_v1,0,46,326.23391999999996,0.0,passed,
1920,7168,7168,ck_7_split0,ck,7,0,a8w8_blockscale_bpreshuffle_1x128x128_256x16x64x256_16x16_16x16_16x16x1_16x16x1_1x16x1x16_4_1x1_intrawave_v1,0,47,370.71441999999996,0.0,passed,
1920,7168,7168,ck_8_split0,ck,8,0,a8w8_blockscale_bpreshuffle_1x128x128_256x32x256x128_16x16_16x16_8x32x1_8x32x1_1x32x1x8_8_2x1_intrawave_v1,0,48,205.7156326530612,0.0,passed,
1920,7168,7168,ck_9_split0,ck,9,0,a8w8_blockscale_bpreshuffle_1x128x128_256x32x128x128_16x16_16x16_8x32x1_8x32x1_1x32x1x8_8_2x1_intrawave_v1,0,49,211.46219999999997,0.0,passed,
1920,7168,7168,ck_10_split0,ck,10,0,a8w8_blockscale_bpreshuffle_1x128x128_256x32x64x128_16x16_16x16_8x32x1_8x32x1_1x32x1x8_8_2x1_intrawave_v1,0,50,248.82664,0.0,passed,
1920,7168,7168,ck_11_split0,ck,11,0,a8w8_blockscale_bpreshuffle_1x128x128_256x32x128x256_16x16_16x16_16x16x1_16x16x1_1x32x1x8_8_2x1_intrawave_v1,0,51,216.60626,0.0,passed,
1920,7168,7168,ck_12_split0,ck,12,0,a8w8_blockscale_bpreshuffle_1x128x128_256x32x64x256_16x16_16x16_16x16x1_16x16x1_1x32x1x8_8_2x1_intrawave_v1,0,52,249.32834883720935,0.0,passed,
1920,7168,7168,ck_13_split0,ck,13,0,a8w8_blockscale_bpreshuffle_1x128x128_256x64x256x128_16x16_16x16_8x32x1_8x32x1_1x32x1x8_8_2x1_intrawave_v1,0,53,161.92425531914895,0.0,passed,
1920,7168,7168,ck_14_split0,ck,14,0,a8w8_blockscale_bpreshuffle_1x128x128_256x64x128x128_16x16_16x16_8x32x1_8x32x1_1x32x1x8_8_2x1_intrawave_v1,0,54,161.29364000000004,0.0,passed,
1920,7168,7168,ck_15_split0,ck,15,0,a8w8_blockscale_bpreshuffle_1x128x128_256x64x64x128_16x16_16x16_8x32x1_8x32x1_1x32x1x8_8_2x1_intrawave_v1,1,0,205.87574000000004,0.0,passed,
1920,7168,7168,ck_14_split0,ck,14,0,a8w8_blockscale_bpreshuffle_1x128x128_256x64x128x128_16x16_16x16_8x32x1_8x32x1_1x32x1x8_8_2x1_intrawave_v1,1,1,164.13555102040814,0.0,passed,
1920,7168,7168,ck_13_split0,ck,13,0,a8w8_blockscale_bpreshuffle_1x128x128_256x64x256x128_16x16_16x16_8x32x1_8x32x1_1x32x1x8_8_2x1_intrawave_v1,1,2,160.75522,0.0,passed,
1920,7168,7168,ck_12_split0,ck,12,0,a8w8_blockscale_bpreshuffle_1x128x128_256x32x64x256_16x16_16x16_16x16x1_16x16x1_1x32x1x8_8_2x1_intrawave_v1,1,3,252.8180638297872,0.0,passed,
1920,7168,7168,ck_11_split0,ck,11,0,a8w8_blockscale_bpreshuffle_1x128x128_256x32x128x256_16x16_16x16_16x16x1_16x16x1_1x32x1x8_8_2x1_intrawave_v1,1,4,214.34625999999997,0.0,passed,
1920,7168,7168,ck_10_split0,ck,10,0,a8w8_blockscale_bpreshuffle_1x128x128_256x32x64x128_16x16_16x16_8x32x1_8x32x1_1x32x1x8_8_2x1_intrawave_v1,1,5,249.69734693877547,0.0,passed,
1920,7168,7168,ck_9_split0,ck,9,0,a8w8_blockscale_bpreshuffle_1x128x128_256x32x128x128_16x16_16x16_8x32x1_8x32x1_1x32x1x8_8_2x1_intrawave_v1,1,6,211.50462000000005,0.0,passed,
1920,7168,7168,ck_8_split0,ck,8,0,a8w8_blockscale_bpreshuffle_1x128x128_256x32x256x128_16x16_16x16_8x32x1_8x32x1_1x32x1x8_8_2x1_intrawave_v1,1,7,204.2062244897959,0.0,passed,
1920,7168,7168,ck_7_split0,ck,7,0,a8w8_blockscale_bpreshuffle_1x128x128_256x16x64x256_16x16_16x16_16x16x1_16x16x1_1x16x1x16_4_1x1_intrawave_v1,1,8,368.7932083333332,0.0,passed,
1920,7168,7168,ck_6_split0,ck,6,0,a8w8_blockscale_bpreshuffle_1x128x128_256x16x128x256_16x16_16x16_16x16x1_16x16x1_1x16x1x16_8_1x2_intrawave_v1,1,9,328.39154,0.0,passed,
1920,7168,7168,ck_5_split0,ck,5,0,a8w8_blockscale_bpreshuffle_1x128x128_256x16x64x128_8x16_16x16_16x16x1_8x32x1_1x16x1x16_4_1x1_intrawave_v1,1,10,383.3347959183674,0.0,passed,
1920,7168,7168,ck_4_split0,ck,4,0,a8w8_blockscale_bpreshuffle_1x128x128_256x16x128x128_8x16_16x16_16x16x1_8x32x1_1x16x1x16_8_1x2_intrawave_v1,1,11,341.86209999999994,0.0,passed,
1920,7168,7168,ck_3_split0,ck,3,0,a8w8_blockscale_bpreshuffle_1x128x128_256x16x256x128_8x16_16x16_16x16x1_8x32x1_1x16x1x16_8_1x2_intrawave_v1,1,12,333.9948199999999,0.0,passed,
1920,7168,7168,ck_2_split0,ck,2,0,a8w8_blockscale_bpreshuffle_1x128x128_256x64x64x128_16x16_16x16_8x32x1_8x32x1_1x32x1x8_8_2x1_intrawave_v3,1,13,207.5768775510204,0.0,passed,
1920,7168,7168,ck_1_split0,ck,1,0,a8w8_blockscale_bpreshuffle_1x128x128_256x64x128x128_16x16_16x16_8x32x1_8x32x1_1x32x1x8_8_2x1_intrawave_v3,1,14,162.91523999999998,0.0,passed,
1920,7168,7168,ck_0_split0,ck,0,0,a8w8_blockscale_bpreshuffle_1x128x128_256x128x128x128_16x16_16x16_8x32x1_8x32x1_1x32x1x8_8_2x1_intrawave_v3,1,15,154.85275999999993,0.0,passed,
1920,7168,7168,opus_9020,opus,9020,0,opus_gemm_gfx950_a8w8_mxscale_gemm_bpreshuffle_256x256x256x128_2x2_16x16x128_1x128x128_tiles1,1,16,100.46299999999997,0.0,passed,
1920,7168,7168,opus_9012,opus,9012,0,opus_gemm_gfx950_a8w8_mxscale_gemm_bpreshuffle_256x64x64x128_2x2_16x16x128_1x128x128_tiles1_nooob,1,17,187.43952,0.0,passed,
1920,7168,7168,opus_9011,opus,9011,0,opus_gemm_gfx950_a8w8_mxscale_gemm_bpreshuffle_256x64x128x128_2x2_16x16x128_1x128x128_tiles1_nooob,1,18,151.35992000000007,0.0,passed,
1920,7168,7168,opus_9010,opus,9010,0,opus_gemm_gfx950_a8w8_mxscale_gemm_bpreshuffle_256x128x128x128_2x2_16x16x128_1x128x128_tiles1_nooob,1,19,147.34308000000013,0.0,passed,
1920,7168,7168,cktile_32_split0,cktile,32,0,a8w8_blockscale_cktile_192x256x128_4x2x1_16x16x128_intrawave_0x1x0_4_aqrm,1,20,176.93016666666668,0.0,passed,
1920,7168,7168,cktile_31_split0,cktile,31,0,a8w8_blockscale_cktile_192x256x128_4x2x1_16x16x128_intrawave_0x1x0_3_aqrm,1,21,177.1643541666667,0.0,passed,
1920,7168,7168,cktile_30_split0,cktile,30,0,a8w8_blockscale_cktile_192x256x128_4x2x1_16x16x128_intrawave_0x1x0_2_aqrm,1,22,177.35846808510635,0.0,passed,
1920,7168,7168,cktile_29_split0,cktile,29,0,a8w8_blockscale_cktile_192x256x128_4x2x1_16x16x128_intrawave_0x1x0_4,1,23,140.67210638297868,0.0,passed,
1920,7168,7168,cktile_28_split0,cktile,28,0,a8w8_blockscale_cktile_192x256x128_4x2x1_16x16x128_intrawave_0x1x0_3,1,24,140.68393749999998,0.0,passed,
1920,7168,7168,cktile_27_split0,cktile,27,0,a8w8_blockscale_cktile_192x256x128_4x2x1_16x16x128_intrawave_0x1x0_2,1,25,140.57446938775507,0.0,passed,
1920,7168,7168,cktile_26_split0,cktile,26,0,a8w8_blockscale_cktile_128x128x128_2x2x1_16x16x128_intrawave_0x1x0_4,1,26,1519.5017272727275,0.0,passed,
1920,7168,7168,cktile_25_split0,cktile,25,0,a8w8_blockscale_cktile_128x128x128_2x2x1_16x16x128_intrawave_0x1x0_3,1,27,833.0815319148941,0.0,passed,
1920,7168,7168,cktile_24_split0,cktile,24,0,a8w8_blockscale_cktile_128x128x128_2x2x1_16x16x128_intrawave_0x1x0_1,1,28,214.25593877551023,0.0,passed,
1920,7168,7168,cktile_23_split0,cktile,23,0,a8w8_blockscale_cktile_128x128x128_1x4x1_16x16x128_intrawave_0x1x0_4,1,29,1027.1452244897966,0.0,passed,
1920,7168,7168,cktile_22_split0,cktile,22,0,a8w8_blockscale_cktile_128x128x128_1x4x1_16x16x128_intrawave_0x1x0_3,1,30,798.057693877551,0.0,passed,
1920,7168,7168,cktile_21_split0,cktile,21,0,a8w8_blockscale_cktile_128x128x128_1x4x1_16x16x128_intrawave_0x1x0_2,1,31,220.19791304347825,0.0,passed,
1920,7168,7168,cktile_20_split0,cktile,20,0,a8w8_blockscale_cktile_32x128x128_1x4x1_16x16x64_intrawave_0x1x0_4,1,32,257.55372,0.0,passed,
1920,7168,7168,cktile_19_split0,cktile,19,0,a8w8_blockscale_cktile_32x128x128_1x4x1_16x16x64_intrawave_0x1x0_3,1,33,257.2818043478261,0.0,passed,
1920,7168,7168,cktile_18_split0,cktile,18,0,a8w8_blockscale_cktile_32x128x128_1x4x1_16x16x128_intrawave_0x1x0_4,1,34,254.30410000000012,0.0,passed,
1920,7168,7168,cktile_17_split0,cktile,17,0,a8w8_blockscale_cktile_32x128x128_1x4x1_16x16x128_intrawave_0x1x0_3,1,35,256.278469387755,0.0,passed,
1920,7168,7168,cktile_16_split0,cktile,16,0,a8w8_blockscale_cktile_16x128x256_1x4x1_16x16x64_intrawave_0x1x0_4,1,36,368.14778000000007,0.0,passed,
1920,7168,7168,cktile_15_split0,cktile,15,0,a8w8_blockscale_cktile_16x128x256_1x4x1_16x16x64_intrawave_0x1x0_3,1,37,342.29470000000003,0.0,passed,
1920,7168,7168,cktile_14_split0,cktile,14,0,a8w8_blockscale_cktile_16x128x256_1x4x1_16x16x128_intrawave_0x1x0_4,1,38,638.5188600000001,0.0,passed,
1920,7168,7168,cktile_13_split0,cktile,13,0,a8w8_blockscale_cktile_16x128x256_1x4x1_16x16x128_intrawave_0x1x0_3,1,39,346.554612244898,0.0,passed,
1920,7168,7168,cktile_12_split0,cktile,12,0,a8w8_blockscale_cktile_192x256x128_4x2x1_16x16x128_intrawave_0x1x0_1_aqrm,1,40,177.26825531914886,0.0,passed,
1920,7168,7168,cktile_11_split0,cktile,11,0,a8w8_blockscale_cktile_192x256x128_4x2x1_16x16x128_intrawave_0x1x0_1,1,41,140.39524444444436,0.0,passed,
1920,7168,7168,cktile_10_split0,cktile,10,0,a8w8_blockscale_cktile_128x128x128_2x2x1_16x16x128_intrawave_0x1x0_2,1,42,214.66204000000002,0.0,passed,
1920,7168,7168,cktile_9_split0,cktile,9,0,a8w8_blockscale_cktile_128x128x128_1x4x1_16x16x128_intrawave_0x1x0_1,1,43,219.83883333333327,0.0,passed,
1920,7168,7168,cktile_8_split0,cktile,8,0,a8w8_blockscale_cktile_128x128x128_1x4x1_16x16x128_intrawave_0x1x0_1,1,44,220.4158297872341,0.0,passed,
1920,7168,7168,cktile_7_split0,cktile,7,0,a8w8_blockscale_cktile_32x128x128_1x4x1_16x16x64_intrawave_0x1x0_2,1,45,256.29636363636376,0.0,passed,
1920,7168,7168,cktile_6_split0,cktile,6,0,a8w8_blockscale_cktile_32x128x128_1x4x1_16x16x64_intrawave_0x1x0_1,1,46,258.98416000000003,0.0,passed,
1920,7168,7168,cktile_5_split0,cktile,5,0,a8w8_blockscale_cktile_32x128x128_1x4x1_16x16x128_intrawave_0x1x0_2,1,47,255.01209999999995,0.0,passed,
1920,7168,7168,cktile_4_split0,cktile,4,0,a8w8_blockscale_cktile_32x128x128_1x4x1_16x16x128_intrawave_0x1x0_1,1,48,252.47848000000002,0.0,passed,
1920,7168,7168,cktile_3_split0,cktile,3,0,a8w8_blockscale_cktile_16x128x256_1x4x1_16x16x64_intrawave_0x1x0_2,1,49,343.1467200000001,0.0,passed,
1920,7168,7168,cktile_2_split0,cktile,2,0,a8w8_blockscale_cktile_16x128x256_1x4x1_16x16x64_intrawave_0x1x0_1,1,50,346.97076,0.0,passed,
1920,7168,7168,cktile_1_split0,cktile,1,0,a8w8_blockscale_cktile_16x128x256_1x4x1_16x16x128_intrawave_0x1x0_2,1,51,345.20432,0.0,passed,
1920,7168,7168,cktile_0_split0,cktile,0,0,a8w8_blockscale_cktile_16x128x256_1x4x1_16x16x128_intrawave_0x1x0_1,1,52,344.3683199999999,0.0,passed,
1920,7168,7168,ck_17_split0,ck,17,0,a8w8_blockscale_bpreshuffle_1x128x128_256x64x64x256_16x16_16x16_16x16x1_16x16x1_1x32x1x8_8_2x1_intrawave_v1,1,53,225.81116000000006,0.0,passed,
1920,7168,7168,ck_16_split0,ck,16,0,a8w8_blockscale_bpreshuffle_1x128x128_256x64x128x256_16x16_16x16_16x16x1_16x16x1_1x32x1x8_8_2x1_intrawave_v1,1,54,177.42662,0.0,passed,
1920,7168,7168,ck_17_split0,ck,17,0,a8w8_blockscale_bpreshuffle_1x128x128_256x64x64x256_16x16_16x16_16x16x1_16x16x1_1x32x1x8_8_2x1_intrawave_v1,2,0,225.2790625,0.0,passed,
1920,7168,7168,cktile_0_split0,cktile,0,0,a8w8_blockscale_cktile_16x128x256_1x4x1_16x16x128_intrawave_0x1x0_1,2,1,345.20751999999993,0.0,passed,
1920,7168,7168,cktile_1_split0,cktile,1,0,a8w8_blockscale_cktile_16x128x256_1x4x1_16x16x128_intrawave_0x1x0_2,2,2,343.3455714285715,0.0,passed,
1920,7168,7168,cktile_2_split0,cktile,2,0,a8w8_blockscale_cktile_16x128x256_1x4x1_16x16x64_intrawave_0x1x0_1,2,3,343.4549795918367,0.0,passed,
1920,7168,7168,cktile_3_split0,cktile,3,0,a8w8_blockscale_cktile_16x128x256_1x4x1_16x16x64_intrawave_0x1x0_2,2,4,345.12271999999984,0.0,passed,
1920,7168,7168,cktile_4_split0,cktile,4,0,a8w8_blockscale_cktile_32x128x128_1x4x1_16x16x128_intrawave_0x1x0_1,2,5,252.80587500000016,0.0,passed,
1920,7168,7168,cktile_5_split0,cktile,5,0,a8w8_blockscale_cktile_32x128x128_1x4x1_16x16x128_intrawave_0x1x0_2,2,6,256.94295918367334,0.0,passed,
1920,7168,7168,cktile_6_split0,cktile,6,0,a8w8_blockscale_cktile_32x128x128_1x4x1_16x16x64_intrawave_0x1x0_1,2,7,261.1465599999999,0.0,passed,
1920,7168,7168,cktile_7_split0,cktile,7,0,a8w8_blockscale_cktile_32x128x128_1x4x1_16x16x64_intrawave_0x1x0_2,2,8,257.8937399999999,0.0,passed,
1920,7168,7168,cktile_8_split0,cktile,8,0,a8w8_blockscale_cktile_128x128x128_1x4x1_16x16x128_intrawave_0x1x0_1,2,9,221.67008695652174,0.0,passed,
1920,7168,7168,cktile_9_split0,cktile,9,0,a8w8_blockscale_cktile_128x128x128_1x4x1_16x16x128_intrawave_0x1x0_1,2,10,221.5413913043478,0.0,passed,
1920,7168,7168,cktile_10_split0,cktile,10,0,a8w8_blockscale_cktile_128x128x128_2x2x1_16x16x128_intrawave_0x1x0_2,2,11,212.66800000000003,0.0,passed,
1920,7168,7168,cktile_11_split0,cktile,11,0,a8w8_blockscale_cktile_192x256x128_4x2x1_16x16x128_intrawave_0x1x0_1,2,12,140.5483469387755,0.0,passed,
1920,7168,7168,cktile_12_split0,cktile,12,0,a8w8_blockscale_cktile_192x256x128_4x2x1_16x16x128_intrawave_0x1x0_1_aqrm,2,13,177.31435416666667,0.0,passed,
1920,7168,7168,cktile_13_split0,cktile,13,0,a8w8_blockscale_cktile_16x128x256_1x4x1_16x16x128_intrawave_0x1x0_3,2,14,343.3660833333335,0.0,passed,
1920,7168,7168,cktile_14_split0,cktile,14,0,a8w8_blockscale_cktile_16x128x256_1x4x1_16x16x128_intrawave_0x1x0_4,2,15,635.6142040816328,0.0,passed,
1920,7168,7168,cktile_15_split0,cktile,15,0,a8w8_blockscale_cktile_16x128x256_1x4x1_16x16x64_intrawave_0x1x0_3,2,16,345.64593999999977,0.0,passed,
1920,7168,7168,cktile_16_split0,cktile,16,0,a8w8_blockscale_cktile_16x128x256_1x4x1_16x16x64_intrawave_0x1x0_4,2,17,366.9053800000001,0.0,passed,
1920,7168,7168,cktile_17_split0,cktile,17,0,a8w8_blockscale_cktile_32x128x128_1x4x1_16x16x128_intrawave_0x1x0_3,2,18,254.25688,0.0,passed,
1920,7168,7168,cktile_18_split0,cktile,18,0,a8w8_blockscale_cktile_32x128x128_1x4x1_16x16x128_intrawave_0x1x0_4,2,19,253.37448,0.0,passed,
1920,7168,7168,cktile_19_split0,cktile,19,0,a8w8_blockscale_cktile_32x128x128_1x4x1_16x16x64_intrawave_0x1x0_3,2,20,255.43204444444433,0.0,passed,
1920,7168,7168,cktile_20_split0,cktile,20,0,a8w8_blockscale_cktile_32x128x128_1x4x1_16x16x64_intrawave_0x1x0_4,2,21,257.2593400000002,0.0,passed,
1920,7168,7168,cktile_21_split0,cktile,21,0,a8w8_blockscale_cktile_128x128x128_1x4x1_16x16x128_intrawave_0x1x0_2,2,22,221.21218749999994,0.0,passed,
1920,7168,7168,cktile_22_split0,cktile,22,0,a8w8_blockscale_cktile_128x128x128_1x4x1_16x16x128_intrawave_0x1x0_3,2,23,797.7848666666663,0.0,passed,
1920,7168,7168,cktile_23_split0,cktile,23,0,a8w8_blockscale_cktile_128x128x128_1x4x1_16x16x128_intrawave_0x1x0_4,2,24,1026.110139534883,0.0,passed,
1920,7168,7168,cktile_24_split0,cktile,24,0,a8w8_blockscale_cktile_128x128x128_2x2x1_16x16x128_intrawave_0x1x0_1,2,25,214.03448936170207,0.0,passed,
1920,7168,7168,cktile_25_split0,cktile,25,0,a8w8_blockscale_cktile_128x128x128_2x2x1_16x16x128_intrawave_0x1x0_3,2,26,833.5240851063825,0.0,passed,
1920,7168,7168,cktile_26_split0,cktile,26,0,a8w8_blockscale_cktile_128x128x128_2x2x1_16x16x128_intrawave_0x1x0_4,2,27,1520.3874782608698,0.0,passed,
1920,7168,7168,cktile_27_split0,cktile,27,0,a8w8_blockscale_cktile_192x256x128_4x2x1_16x16x128_intrawave_0x1x0_2,2,28,141.60300000000004,0.0,passed,
1920,7168,7168,cktile_28_split0,cktile,28,0,a8w8_blockscale_cktile_192x256x128_4x2x1_16x16x128_intrawave_0x1x0_3,2,29,141.2398199999999,0.0,passed,
1920,7168,7168,cktile_29_split0,cktile,29,0,a8w8_blockscale_cktile_192x256x128_4x2x1_16x16x128_intrawave_0x1x0_4,2,30,140.89938775510203,0.0,passed,
1920,7168,7168,cktile_30_split0,cktile,30,0,a8w8_blockscale_cktile_192x256x128_4x2x1_16x16x128_intrawave_0x1x0_2_aqrm,2,31,177.50852083333322,0.0,passed,
1920,7168,7168,cktile_31_split0,cktile,31,0,a8w8_blockscale_cktile_192x256x128_4x2x1_16x16x128_intrawave_0x1x0_3_aqrm,2,32,177.16768749999994,0.0,passed,
1920,7168,7168,cktile_32_split0,cktile,32,0,a8w8_blockscale_cktile_192x256x128_4x2x1_16x16x128_intrawave_0x1x0_4_aqrm,2,33,176.3396888888888,0.0,passed,
1920,7168,7168,opus_9010,opus,9010,0,opus_gemm_gfx950_a8w8_mxscale_gemm_bpreshuffle_256x128x128x128_2x2_16x16x128_1x128x128_tiles1_nooob,2,34,146.15667999999997,0.0,passed,
1920,7168,7168,opus_9011,opus,9011,0,opus_gemm_gfx950_a8w8_mxscale_gemm_bpreshuffle_256x64x128x128_2x2_16x16x128_1x128x128_tiles1_nooob,2,35,154.3927600000001,0.0,passed,
1920,7168,7168,opus_9012,opus,9012,0,opus_gemm_gfx950_a8w8_mxscale_gemm_bpreshuffle_256x64x64x128_2x2_16x16x128_1x128x128_tiles1_nooob,2,36,187.94274000000001,0.0,passed,
1920,7168,7168,opus_9020,opus,9020,0,opus_gemm_gfx950_a8w8_mxscale_gemm_bpreshuffle_256x256x256x128_2x2_16x16x128_1x128x128_tiles1,2,37,101.04751020408172,0.0,passed,
1920,7168,7168,ck_0_split0,ck,0,0,a8w8_blockscale_bpreshuffle_1x128x128_256x128x128x128_16x16_16x16_8x32x1_8x32x1_1x32x1x8_8_2x1_intrawave_v3,2,38,155.87678000000002,0.0,passed,
1920,7168,7168,ck_1_split0,ck,1,0,a8w8_blockscale_bpreshuffle_1x128x128_256x64x128x128_16x16_16x16_8x32x1_8x32x1_1x32x1x8_8_2x1_intrawave_v3,2,39,165.98649999999998,0.0,passed,
1920,7168,7168,ck_2_split0,ck,2,0,a8w8_blockscale_bpreshuffle_1x128x128_256x64x64x128_16x16_16x16_8x32x1_8x32x1_1x32x1x8_8_2x1_intrawave_v3,2,40,207.61442857142856,0.0,passed,
1920,7168,7168,ck_3_split0,ck,3,0,a8w8_blockscale_bpreshuffle_1x128x128_256x16x256x128_8x16_16x16_16x16x1_8x32x1_1x16x1x16_8_1x2_intrawave_v1,2,41,335.07482000000005,0.0,passed,
1920,7168,7168,ck_4_split0,ck,4,0,a8w8_blockscale_bpreshuffle_1x128x128_256x16x128x128_8x16_16x16_16x16x1_8x32x1_1x16x1x16_8_1x2_intrawave_v1,2,42,337.4275319148935,0.0,passed,
1920,7168,7168,ck_5_split0,ck,5,0,a8w8_blockscale_bpreshuffle_1x128x128_256x16x64x128_8x16_16x16_16x16x1_8x32x1_1x16x1x16_4_1x1_intrawave_v1,2,43,385.86461224489807,0.0,passed,
1920,7168,7168,ck_6_split0,ck,6,0,a8w8_blockscale_bpreshuffle_1x128x128_256x16x128x256_16x16_16x16_16x16x1_16x16x1_1x16x1x16_8_1x2_intrawave_v1,2,44,328.78115999999994,0.0,passed,
1920,7168,7168,ck_7_split0,ck,7,0,a8w8_blockscale_bpreshuffle_1x128x128_256x16x64x256_16x16_16x16_16x16x1_16x16x1_1x16x1x16_4_1x1_intrawave_v1,2,45,371.45444000000003,0.0,passed,
1920,7168,7168,ck_8_split0,ck,8,0,a8w8_blockscale_bpreshuffle_1x128x128_256x32x256x128_16x16_16x16_8x32x1_8x32x1_1x32x1x8_8_2x1_intrawave_v1,2,46,205.85716666666667,0.0,passed,
1920,7168,7168,ck_9_split0,ck,9,0,a8w8_blockscale_bpreshuffle_1x128x128_256x32x128x128_16x16_16x16_8x32x1_8x32x1_1x32x1x8_8_2x1_intrawave_v1,2,47,211.46059999999994,0.0,passed,
1920,7168,7168,ck_10_split0,ck,10,0,a8w8_blockscale_bpreshuffle_1x128x128_256x32x64x128_16x16_16x16_8x32x1_8x32x1_1x32x1x8_8_2x1_intrawave_v1,2,48,248.55302000000006,0.0,passed,
1920,7168,7168,ck_11_split0,ck,11,0,a8w8_blockscale_bpreshuffle_1x128x128_256x32x128x256_16x16_16x16_16x16x1_16x16x1_1x32x1x8_8_2x1_intrawave_v1,2,49,215.11184000000006,0.0,passed,
1920,7168,7168,ck_12_split0,ck,12,0,a8w8_blockscale_bpreshuffle_1x128x128_256x32x64x256_16x16_16x16_16x16x1_16x16x1_1x32x1x8_8_2x1_intrawave_v1,2,50,250.73786000000007,0.0,passed,
1920,7168,7168,ck_13_split0,ck,13,0,a8w8_blockscale_bpreshuffle_1x128x128_256x64x256x128_16x16_16x16_8x32x1_8x32x1_1x32x1x8_8_2x1_intrawave_v1,2,51,163.06566,0.0,passed,
1920,7168,7168,ck_14_split0,ck,14,0,a8w8_blockscale_bpreshuffle_1x128x128_256x64x128x128_16x16_16x16_8x32x1_8x32x1_1x32x1x8_8_2x1_intrawave_v1,2,52,161.57204,0.0,passed,
1920,7168,7168,ck_15_split0,ck,15,0,a8w8_blockscale_bpreshuffle_1x128x128_256x64x64x128_16x16_16x16_8x32x1_8x32x1_1x32x1x8_8_2x1_intrawave_v1,2,53,205.15174000000002,0.0,passed,
1920,7168,7168,ck_16_split0,ck,16,0,a8w8_blockscale_bpreshuffle_1x128x128_256x64x128x256_16x16_16x16_16x16x1_16x16x1_1x32x1x8_8_2x1_intrawave_v1,2,54,175.2187777777778,0.0,passed,
28672,7168,7168,ck_16_split0,ck,16,0,a8w8_blockscale_bpreshuffle_1x128x128_256x64x128x256_16x16_16x16_16x16x1_16x16x1_1x32x1x8_8_2x1_intrawave_v1,0,0,2232.0554285714284,0.0,passed,
28672,7168,7168,ck_17_split0,ck,17,0,a8w8_blockscale_bpreshuffle_1x128x128_256x64x64x256_16x16_16x16_16x16x1_16x16x1_1x32x1x8_8_2x1_intrawave_v1,0,1,2927.1139000000003,0.0,passed,
28672,7168,7168,cktile_0_split0,cktile,0,0,a8w8_blockscale_cktile_16x128x256_1x4x1_16x16x128_intrawave_0x1x0_1,0,2,4707.129180000003,0.0,passed,
28672,7168,7168,cktile_1_split0,cktile,1,0,a8w8_blockscale_cktile_16x128x256_1x4x1_16x16x128_intrawave_0x1x0_2,0,3,4722.220644444445,0.0,passed,
28672,7168,7168,cktile_2_split0,cktile,2,0,a8w8_blockscale_cktile_16x128x256_1x4x1_16x16x64_intrawave_0x1x0_1,0,4,4715.29506382979,0.0,passed,
28672,7168,7168,cktile_3_split0,cktile,3,0,a8w8_blockscale_cktile_16x128x256_1x4x1_16x16x64_intrawave_0x1x0_2,0,5,4652.993279069768,0.0,passed,
28672,7168,7168,cktile_4_split0,cktile,4,0,a8w8_blockscale_cktile_32x128x128_1x4x1_16x16x128_intrawave_0x1x0_1,0,6,3313.2418043478233,0.0,passed,
28672,7168,7168,cktile_5_split0,cktile,5,0,a8w8_blockscale_cktile_32x128x128_1x4x1_16x16x128_intrawave_0x1x0_2,0,7,3316.183651162788,0.0,passed,
28672,7168,7168,cktile_6_split0,cktile,6,0,a8w8_blockscale_cktile_32x128x128_1x4x1_16x16x64_intrawave_0x1x0_1,0,8,3363.4865581395334,0.0,passed,
28672,7168,7168,cktile_7_split0,cktile,7,0,a8w8_blockscale_cktile_32x128x128_1x4x1_16x16x64_intrawave_0x1x0_2,0,9,3314.86372,0.0,passed,
28672,7168,7168,cktile_8_split0,cktile,8,0,a8w8_blockscale_cktile_128x128x128_1x4x1_16x16x128_intrawave_0x1x0_1,0,10,2643.7334634146323,0.0,passed,
28672,7168,7168,cktile_9_split0,cktile,9,0,a8w8_blockscale_cktile_128x128x128_1x4x1_16x16x128_intrawave_0x1x0_1,0,11,2637.2838372093056,0.0,passed,
28672,7168,7168,cktile_10_split0,cktile,10,0,a8w8_blockscale_cktile_128x128x128_2x2x1_16x16x128_intrawave_0x1x0_2,0,12,2552.053439999999,0.0,passed,
28672,7168,7168,cktile_11_split0,cktile,11,0,a8w8_blockscale_cktile_192x256x128_4x2x1_16x16x128_intrawave_0x1x0_1,0,13,1462.7572400000001,0.0,passed,
28672,7168,7168,cktile_12_split0,cktile,12,0,a8w8_blockscale_cktile_192x256x128_4x2x1_16x16x128_intrawave_0x1x0_1_aqrm,0,14,1716.2335416666665,0.0,passed,
28672,7168,7168,cktile_13_split0,cktile,13,0,a8w8_blockscale_cktile_16x128x256_1x4x1_16x16x128_intrawave_0x1x0_3,0,15,4745.840799999997,0.0,passed,
28672,7168,7168,cktile_14_split0,cktile,14,0,a8w8_blockscale_cktile_16x128x256_1x4x1_16x16x128_intrawave_0x1x0_4,0,16,8804.654102040813,0.0,passed,
28672,7168,7168,cktile_15_split0,cktile,15,0,a8w8_blockscale_cktile_16x128x256_1x4x1_16x16x64_intrawave_0x1x0_3,0,17,4636.640183673469,0.0,passed,
28672,7168,7168,cktile_16_split0,cktile,16,0,a8w8_blockscale_cktile_16x128x256_1x4x1_16x16x64_intrawave_0x1x0_4,0,18,5046.941163265303,0.0,passed,
28672,7168,7168,cktile_17_split0,cktile,17,0,a8w8_blockscale_cktile_32x128x128_1x4x1_16x16x128_intrawave_0x1x0_3,0,19,3314.670377777778,0.0,passed,
28672,7168,7168,cktile_18_split0,cktile,18,0,a8w8_blockscale_cktile_32x128x128_1x4x1_16x16x128_intrawave_0x1x0_4,0,20,3295.327652173911,0.0,passed,
28672,7168,7168,cktile_19_split0,cktile,19,0,a8w8_blockscale_cktile_32x128x128_1x4x1_16x16x64_intrawave_0x1x0_3,0,21,3321.1598,0.0,passed,
28672,7168,7168,cktile_20_split0,cktile,20,0,a8w8_blockscale_cktile_32x128x128_1x4x1_16x16x64_intrawave_0x1x0_4,0,22,3320.6880408163274,0.0,passed,
28672,7168,7168,cktile_21_split0,cktile,21,0,a8w8_blockscale_cktile_128x128x128_1x4x1_16x16x128_intrawave_0x1x0_2,0,23,2638.2940697674417,0.0,passed,
28672,7168,7168,cktile_22_split0,cktile,22,0,a8w8_blockscale_cktile_128x128x128_1x4x1_16x16x128_intrawave_0x1x0_3,0,24,8779.41472,0.0,passed,
28672,7168,7168,cktile_23_split0,cktile,23,0,a8w8_blockscale_cktile_128x128x128_1x4x1_16x16x128_intrawave_0x1x0_4,0,25,13372.525782608698,0.0,passed,
28672,7168,7168,cktile_24_split0,cktile,24,0,a8w8_blockscale_cktile_128x128x128_2x2x1_16x16x128_intrawave_0x1x0_1,0,26,2561.9039600000006,0.0,passed,
28672,7168,7168,cktile_25_split0,cktile,25,0,a8w8_blockscale_cktile_128x128x128_2x2x1_16x16x128_intrawave_0x1x0_3,0,27,9097.616499999998,0.0,passed,
28672,7168,7168,cktile_26_split0,cktile,26,0,a8w8_blockscale_cktile_128x128x128_2x2x1_16x16x128_intrawave_0x1x0_4,0,28,19539.60921276596,0.0,passed,
28672,7168,7168,cktile_27_split0,cktile,27,0,a8w8_blockscale_cktile_192x256x128_4x2x1_16x16x128_intrawave_0x1x0_2,0,29,1465.056533333334,0.0,passed,
28672,7168,7168,cktile_28_split0,cktile,28,0,a8w8_blockscale_cktile_192x256x128_4x2x1_16x16x128_intrawave_0x1x0_3,0,30,1464.40844,0.0,passed,
28672,7168,7168,cktile_29_split0,cktile,29,0,a8w8_blockscale_cktile_192x256x128_4x2x1_16x16x128_intrawave_0x1x0_4,0,31,1465.4003617021276,0.0,passed,
28672,7168,7168,cktile_30_split0,cktile,30,0,a8w8_blockscale_cktile_192x256x128_4x2x1_16x16x128_intrawave_0x1x0_2_aqrm,0,32,1717.6689400000002,0.0,passed,
28672,7168,7168,cktile_31_split0,cktile,31,0,a8w8_blockscale_cktile_192x256x128_4x2x1_16x16x128_intrawave_0x1x0_3_aqrm,0,33,1719.2381428571425,0.0,passed,
28672,7168,7168,cktile_32_split0,cktile,32,0,a8w8_blockscale_cktile_192x256x128_4x2x1_16x16x128_intrawave_0x1x0_4_aqrm,0,34,1717.8505399999997,0.0,passed,
28672,7168,7168,opus_9000,opus,9000,0,opus_gemm_gfx950_a8w8_mxscale_gemm_bpreshuffle_256x256x256x128_2x2_16x16x128_1x128x128_tiles1_nooob,0,35,1227.3556086956523,0.0,passed,
28672,7168,7168,opus_9010,opus,9010,0,opus_gemm_gfx950_a8w8_mxscale_gemm_bpreshuffle_256x128x128x128_2x2_16x16x128_1x128x128_tiles1_nooob,0,36,1838.0606938775522,0.0,passed,
28672,7168,7168,opus_9011,opus,9011,0,opus_gemm_gfx950_a8w8_mxscale_gemm_bpreshuffle_256x64x128x128_2x2_16x16x128_1x128x128_tiles1_nooob,0,37,1978.3145714285718,0.0,passed,
28672,7168,7168,opus_9012,opus,9012,0,opus_gemm_gfx950_a8w8_mxscale_gemm_bpreshuffle_256x64x64x128_2x2_16x16x128_1x128x128_tiles1_nooob,0,38,2727.3356200000007,0.0,passed,
28672,7168,7168,opus_9020,opus,9020,0,opus_gemm_gfx950_a8w8_mxscale_gemm_bpreshuffle_256x256x256x128_2x2_16x16x128_1x128x128_tiles1,0,39,1250.521319148936,0.0,passed,
28672,7168,7168,ck_0_split0,ck,0,0,a8w8_blockscale_bpreshuffle_1x128x128_256x128x128x128_16x16_16x16_8x32x1_8x32x1_1x32x1x8_8_2x1_intrawave_v3,0,40,1918.7930217391292,0.0,passed,
28672,7168,7168,ck_1_split0,ck,1,0,a8w8_blockscale_bpreshuffle_1x128x128_256x64x128x128_16x16_16x16_8x32x1_8x32x1_1x32x1x8_8_2x1_intrawave_v3,0,41,2141.521630434783,0.0,passed,
28672,7168,7168,ck_2_split0,ck,2,0,a8w8_blockscale_bpreshuffle_1x128x128_256x64x64x128_16x16_16x16_8x32x1_8x32x1_1x32x1x8_8_2x1_intrawave_v3,0,42,2777.6592826086976,0.0,passed,
28672,7168,7168,ck_3_split0,ck,3,0,a8w8_blockscale_bpreshuffle_1x128x128_256x16x256x128_8x16_16x16_16x16x1_8x32x1_1x16x1x16_8_1x2_intrawave_v1,0,43,8761.410639999998,0.0,passed,
28672,7168,7168,ck_4_split0,ck,4,0,a8w8_blockscale_bpreshuffle_1x128x128_256x16x128x128_8x16_16x16_16x16x1_8x32x1_1x16x1x16_8_1x2_intrawave_v1,0,44,4838.182227272727,0.0,passed,
28672,7168,7168,ck_5_split0,ck,5,0,a8w8_blockscale_bpreshuffle_1x128x128_256x16x64x128_8x16_16x16_16x16x1_8x32x1_1x16x1x16_4_1x1_intrawave_v1,0,45,5397.966799999999,0.0,passed,
28672,7168,7168,ck_6_split0,ck,6,0,a8w8_blockscale_bpreshuffle_1x128x128_256x16x128x256_16x16_16x16_16x16x1_16x16x1_1x16x1x16_8_1x2_intrawave_v1,0,46,4574.88814634146,0.0,passed,
28672,7168,7168,ck_7_split0,ck,7,0,a8w8_blockscale_bpreshuffle_1x128x128_256x16x64x256_16x16_16x16_16x16x1_16x16x1_1x16x1x16_4_1x1_intrawave_v1,0,47,5228.04166,0.0,passed,
28672,7168,7168,ck_8_split0,ck,8,0,a8w8_blockscale_bpreshuffle_1x128x128_256x32x256x128_16x16_16x16_8x32x1_8x32x1_1x32x1x8_8_2x1_intrawave_v1,0,48,4453.68166,0.0,passed,
28672,7168,7168,ck_9_split0,ck,9,0,a8w8_blockscale_bpreshuffle_1x128x128_256x32x128x128_16x16_16x16_8x32x1_8x32x1_1x32x1x8_8_2x1_intrawave_v1,0,49,2775.153476190477,0.0,passed,
28672,7168,7168,ck_10_split0,ck,10,0,a8w8_blockscale_bpreshuffle_1x128x128_256x32x64x128_16x16_16x16_8x32x1_8x32x1_1x32x1x8_8_2x1_intrawave_v1,0,50,3410.6047608695667,0.0,passed,
28672,7168,7168,ck_11_split0,ck,11,0,a8w8_blockscale_bpreshuffle_1x128x128_256x32x128x256_16x16_16x16_16x16x1_16x16x1_1x32x1x8_8_2x1_intrawave_v1,0,51,2807.517320000001,0.0,passed,
28672,7168,7168,ck_12_split0,ck,12,0,a8w8_blockscale_bpreshuffle_1x128x128_256x32x64x256_16x16_16x16_16x16x1_16x16x1_1x32x1x8_8_2x1_intrawave_v1,0,52,3440.1547916666655,0.0,passed,
28672,7168,7168,ck_13_split0,ck,13,0,a8w8_blockscale_bpreshuffle_1x128x128_256x64x256x128_16x16_16x16_8x32x1_8x32x1_1x32x1x8_8_2x1_intrawave_v1,0,53,1895.1605399999994,0.0,passed,
28672,7168,7168,ck_14_split0,ck,14,0,a8w8_blockscale_bpreshuffle_1x128x128_256x64x128x128_16x16_16x16_8x32x1_8x32x1_1x32x1x8_8_2x1_intrawave_v1,0,54,2112.9218163265305,0.0,passed,
28672,7168,7168,ck_15_split0,ck,15,0,a8w8_blockscale_bpreshuffle_1x128x128_256x64x64x128_16x16_16x16_8x32x1_8x32x1_1x32x1x8_8_2x1_intrawave_v1,0,55,2728.8789333333334,0.0,passed,
28672,7168,7168,ck_16_split0,ck,16,0,a8w8_blockscale_bpreshuffle_1x128x128_256x64x128x256_16x16_16x16_16x16x1_16x16x1_1x32x1x8_8_2x1_intrawave_v1,1,0,2229.9555800000003,0.0,passed,
28672,7168,7168,ck_15_split0,ck,15,0,a8w8_blockscale_bpreshuffle_1x128x128_256x64x64x128_16x16_16x16_8x32x1_8x32x1_1x32x1x8_8_2x1_intrawave_v1,1,1,2712.9456170212775,0.0,passed,
28672,7168,7168,ck_14_split0,ck,14,0,a8w8_blockscale_bpreshuffle_1x128x128_256x64x128x128_16x16_16x16_8x32x1_8x32x1_1x32x1x8_8_2x1_intrawave_v1,1,2,2111.4246000000003,0.0,passed,
28672,7168,7168,ck_13_split0,ck,13,0,a8w8_blockscale_bpreshuffle_1x128x128_256x64x256x128_16x16_16x16_8x32x1_8x32x1_1x32x1x8_8_2x1_intrawave_v1,1,3,1891.7747083333345,0.0,passed,
28672,7168,7168,ck_12_split0,ck,12,0,a8w8_blockscale_bpreshuffle_1x128x128_256x32x64x256_16x16_16x16_16x16x1_16x16x1_1x32x1x8_8_2x1_intrawave_v1,1,4,3444.30698,0.0,passed,
28672,7168,7168,ck_11_split0,ck,11,0,a8w8_blockscale_bpreshuffle_1x128x128_256x32x128x256_16x16_16x16_16x16x1_16x16x1_1x32x1x8_8_2x1_intrawave_v1,1,5,2801.5764600000007,0.0,passed,
28672,7168,7168,ck_10_split0,ck,10,0,a8w8_blockscale_bpreshuffle_1x128x128_256x32x64x128_16x16_16x16_8x32x1_8x32x1_1x32x1x8_8_2x1_intrawave_v1,1,6,3402.0491428571427,0.0,passed,
28672,7168,7168,ck_9_split0,ck,9,0,a8w8_blockscale_bpreshuffle_1x128x128_256x32x128x128_16x16_16x16_8x32x1_8x32x1_1x32x1x8_8_2x1_intrawave_v1,1,7,2774.817575,0.0,passed,
28672,7168,7168,ck_8_split0,ck,8,0,a8w8_blockscale_bpreshuffle_1x128x128_256x32x256x128_16x16_16x16_8x32x1_8x32x1_1x32x1x8_8_2x1_intrawave_v1,1,8,4518.383180000001,0.0,passed,
28672,7168,7168,ck_7_split0,ck,7,0,a8w8_blockscale_bpreshuffle_1x128x128_256x16x64x256_16x16_16x16_16x16x1_16x16x1_1x16x1x16_4_1x1_intrawave_v1,1,9,5206.466702127659,0.0,passed,
28672,7168,7168,ck_6_split0,ck,6,0,a8w8_blockscale_bpreshuffle_1x128x128_256x16x128x256_16x16_16x16_16x16x1_16x16x1_1x16x1x16_8_1x2_intrawave_v1,1,10,4569.737853658536,0.0,passed,
28672,7168,7168,ck_5_split0,ck,5,0,a8w8_blockscale_bpreshuffle_1x128x128_256x16x64x128_8x16_16x16_16x16x1_8x32x1_1x16x1x16_4_1x1_intrawave_v1,1,11,5401.434820000003,0.0,passed,
28672,7168,7168,ck_4_split0,ck,4,0,a8w8_blockscale_bpreshuffle_1x128x128_256x16x128x128_8x16_16x16_16x16x1_8x32x1_1x16x1x16_8_1x2_intrawave_v1,1,12,4811.052895833333,0.0,passed,
28672,7168,7168,ck_3_split0,ck,3,0,a8w8_blockscale_bpreshuffle_1x128x128_256x16x256x128_8x16_16x16_16x16x1_8x32x1_1x16x1x16_8_1x2_intrawave_v1,1,13,8819.953679999999,0.0,passed,
28672,7168,7168,ck_2_split0,ck,2,0,a8w8_blockscale_bpreshuffle_1x128x128_256x64x64x128_16x16_16x16_8x32x1_8x32x1_1x32x1x8_8_2x1_intrawave_v3,1,14,2777.3880833333337,0.0,passed,
28672,7168,7168,ck_1_split0,ck,1,0,a8w8_blockscale_bpreshuffle_1x128x128_256x64x128x128_16x16_16x16_8x32x1_8x32x1_1x32x1x8_8_2x1_intrawave_v3,1,15,2129.0415999999987,0.0,passed,
28672,7168,7168,ck_0_split0,ck,0,0,a8w8_blockscale_bpreshuffle_1x128x128_256x128x128x128_16x16_16x16_8x32x1_8x32x1_1x32x1x8_8_2x1_intrawave_v3,1,16,1924.9383958333347,0.0,passed,
28672,7168,7168,opus_9020,opus,9020,0,opus_gemm_gfx950_a8w8_mxscale_gemm_bpreshuffle_256x256x256x128_2x2_16x16x128_1x128x128_tiles1,1,17,1247.704595238096,0.0,passed,
28672,7168,7168,opus_9012,opus,9012,0,opus_gemm_gfx950_a8w8_mxscale_gemm_bpreshuffle_256x64x64x128_2x2_16x16x128_1x128x128_tiles1_nooob,1,18,2748.5966400000007,0.0,passed,
28672,7168,7168,opus_9011,opus,9011,0,opus_gemm_gfx950_a8w8_mxscale_gemm_bpreshuffle_256x64x128x128_2x2_16x16x128_1x128x128_tiles1_nooob,1,19,1982.3700816326534,0.0,passed,
28672,7168,7168,opus_9010,opus,9010,0,opus_gemm_gfx950_a8w8_mxscale_gemm_bpreshuffle_256x128x128x128_2x2_16x16x128_1x128x128_tiles1_nooob,1,20,1833.99744,0.0,passed,
28672,7168,7168,opus_9000,opus,9000,0,opus_gemm_gfx950_a8w8_mxscale_gemm_bpreshuffle_256x256x256x128_2x2_16x16x128_1x128x128_tiles1_nooob,1,21,1223.267111111111,0.0,passed,
28672,7168,7168,cktile_32_split0,cktile,32,0,a8w8_blockscale_cktile_192x256x128_4x2x1_16x16x128_intrawave_0x1x0_4_aqrm,1,22,1715.5080999999998,0.0,passed,
28672,7168,7168,cktile_31_split0,cktile,31,0,a8w8_blockscale_cktile_192x256x128_4x2x1_16x16x128_intrawave_0x1x0_3_aqrm,1,23,1716.1480999999999,0.0,passed,
28672,7168,7168,cktile_30_split0,cktile,30,0,a8w8_blockscale_cktile_192x256x128_4x2x1_16x16x128_intrawave_0x1x0_2_aqrm,1,24,1719.8113600000004,0.0,passed,
28672,7168,7168,cktile_29_split0,cktile,29,0,a8w8_blockscale_cktile_192x256x128_4x2x1_16x16x128_intrawave_0x1x0_4,1,25,1462.9511428571434,0.0,passed,
28672,7168,7168,cktile_28_split0,cktile,28,0,a8w8_blockscale_cktile_192x256x128_4x2x1_16x16x128_intrawave_0x1x0_3,1,26,1465.0686956521731,0.0,passed,
28672,7168,7168,cktile_27_split0,cktile,27,0,a8w8_blockscale_cktile_192x256x128_4x2x1_16x16x128_intrawave_0x1x0_2,1,27,1466.6307777777774,0.0,passed,
28672,7168,7168,cktile_26_split0,cktile,26,0,a8w8_blockscale_cktile_128x128x128_2x2x1_16x16x128_intrawave_0x1x0_4,1,28,19574.550959999997,0.0,passed,
28672,7168,7168,cktile_25_split0,cktile,25,0,a8w8_blockscale_cktile_128x128x128_2x2x1_16x16x128_intrawave_0x1x0_3,1,29,9091.90776,0.0,passed,
28672,7168,7168,cktile_24_split0,cktile,24,0,a8w8_blockscale_cktile_128x128x128_2x2x1_16x16x128_intrawave_0x1x0_1,1,30,2557.037799999999,0.0,passed,
28672,7168,7168,cktile_23_split0,cktile,23,0,a8w8_blockscale_cktile_128x128x128_1x4x1_16x16x128_intrawave_0x1x0_4,1,31,13400.701539999985,0.0,passed,
28672,7168,7168,cktile_22_split0,cktile,22,0,a8w8_blockscale_cktile_128x128x128_1x4x1_16x16x128_intrawave_0x1x0_3,1,32,8781.389840000002,0.0,passed,
28672,7168,7168,cktile_21_split0,cktile,21,0,a8w8_blockscale_cktile_128x128x128_1x4x1_16x16x128_intrawave_0x1x0_2,1,33,2642.274853658538,0.0,passed,
28672,7168,7168,cktile_20_split0,cktile,20,0,a8w8_blockscale_cktile_32x128x128_1x4x1_16x16x64_intrawave_0x1x0_4,1,34,3322.3453799999984,0.0,passed,
28672,7168,7168,cktile_19_split0,cktile,19,0,a8w8_blockscale_cktile_32x128x128_1x4x1_16x16x64_intrawave_0x1x0_3,1,35,3325.921419999999,0.0,passed,
28672,7168,7168,cktile_18_split0,cktile,18,0,a8w8_blockscale_cktile_32x128x128_1x4x1_16x16x128_intrawave_0x1x0_4,1,36,3294.258659999999,0.0,passed,
28672,7168,7168,cktile_17_split0,cktile,17,0,a8w8_blockscale_cktile_32x128x128_1x4x1_16x16x128_intrawave_0x1x0_3,1,37,3311.0245744680874,0.0,passed,
28672,7168,7168,cktile_16_split0,cktile,16,0,a8w8_blockscale_cktile_16x128x256_1x4x1_16x16x64_intrawave_0x1x0_4,1,38,5062.105139999997,0.0,passed,
28672,7168,7168,cktile_15_split0,cktile,15,0,a8w8_blockscale_cktile_16x128x256_1x4x1_16x16x64_intrawave_0x1x0_3,1,39,4649.324439999999,0.0,passed,
28672,7168,7168,cktile_14_split0,cktile,14,0,a8w8_blockscale_cktile_16x128x256_1x4x1_16x16x128_intrawave_0x1x0_4,1,40,8791.518739999998,0.0,passed,
28672,7168,7168,cktile_13_split0,cktile,13,0,a8w8_blockscale_cktile_16x128x256_1x4x1_16x16x128_intrawave_0x1x0_3,1,41,4746.418339999999,0.0,passed,
28672,7168,7168,cktile_12_split0,cktile,12,0,a8w8_blockscale_cktile_192x256x128_4x2x1_16x16x128_intrawave_0x1x0_1_aqrm,1,42,1715.0693124999998,0.0,passed,
28672,7168,7168,cktile_11_split0,cktile,11,0,a8w8_blockscale_cktile_192x256x128_4x2x1_16x16x128_intrawave_0x1x0_1,1,43,1465.0009387755103,0.0,passed,
28672,7168,7168,cktile_10_split0,cktile,10,0,a8w8_blockscale_cktile_128x128x128_2x2x1_16x16x128_intrawave_0x1x0_2,1,44,2565.026359999999,0.0,passed,
28672,7168,7168,cktile_9_split0,cktile,9,0,a8w8_blockscale_cktile_128x128x128_1x4x1_16x16x128_intrawave_0x1x0_1,1,45,2640.2862826086966,0.0,passed,
28672,7168,7168,cktile_8_split0,cktile,8,0,a8w8_blockscale_cktile_128x128x128_1x4x1_16x16x128_intrawave_0x1x0_1,1,46,2633.4841190476186,0.0,passed,
28672,7168,7168,cktile_7_split0,cktile,7,0,a8w8_blockscale_cktile_32x128x128_1x4x1_16x16x64_intrawave_0x1x0_2,1,47,3320.310960000003,0.0,passed,
28672,7168,7168,cktile_6_split0,cktile,6,0,a8w8_blockscale_cktile_32x128x128_1x4x1_16x16x64_intrawave_0x1x0_1,1,48,3364.5864634146324,0.0,passed,
28672,7168,7168,cktile_5_split0,cktile,5,0,a8w8_blockscale_cktile_32x128x128_1x4x1_16x16x128_intrawave_0x1x0_2,1,49,3304.767229166666,0.0,passed,
28672,7168,7168,cktile_4_split0,cktile,4,0,a8w8_blockscale_cktile_32x128x128_1x4x1_16x16x128_intrawave_0x1x0_1,1,50,3306.0600612244916,0.0,passed,
28672,7168,7168,cktile_3_split0,cktile,3,0,a8w8_blockscale_cktile_16x128x256_1x4x1_16x16x64_intrawave_0x1x0_2,1,51,4641.709959999999,0.0,passed,
28672,7168,7168,cktile_2_split0,cktile,2,0,a8w8_blockscale_cktile_16x128x256_1x4x1_16x16x64_intrawave_0x1x0_1,1,52,4713.104380000001,0.0,passed,
28672,7168,7168,cktile_1_split0,cktile,1,0,a8w8_blockscale_cktile_16x128x256_1x4x1_16x16x128_intrawave_0x1x0_2,1,53,4739.807859999998,0.0,passed,
28672,7168,7168,cktile_0_split0,cktile,0,0,a8w8_blockscale_cktile_16x128x256_1x4x1_16x16x128_intrawave_0x1x0_1,1,54,4734.810200000001,0.0,passed,
28672,7168,7168,ck_17_split0,ck,17,0,a8w8_blockscale_bpreshuffle_1x128x128_256x64x64x256_16x16_16x16_16x16x1_16x16x1_1x32x1x8_8_2x1_intrawave_v1,1,55,2938.4548000000004,0.0,passed,
28672,7168,7168,cktile_0_split0,cktile,0,0,a8w8_blockscale_cktile_16x128x256_1x4x1_16x16x128_intrawave_0x1x0_1,2,0,4704.511877551019,0.0,passed,
28672,7168,7168,cktile_1_split0,cktile,1,0,a8w8_blockscale_cktile_16x128x256_1x4x1_16x16x128_intrawave_0x1x0_2,2,1,4721.879639999998,0.0,passed,
28672,7168,7168,cktile_2_split0,cktile,2,0,a8w8_blockscale_cktile_16x128x256_1x4x1_16x16x64_intrawave_0x1x0_1,2,2,4712.9098043478225,0.0,passed,
28672,7168,7168,cktile_3_split0,cktile,3,0,a8w8_blockscale_cktile_16x128x256_1x4x1_16x16x64_intrawave_0x1x0_2,2,3,4639.7537021276585,0.0,passed,
28672,7168,7168,cktile_4_split0,cktile,4,0,a8w8_blockscale_cktile_32x128x128_1x4x1_16x16x128_intrawave_0x1x0_1,2,4,3313.0043695652134,0.0,passed,
28672,7168,7168,cktile_5_split0,cktile,5,0,a8w8_blockscale_cktile_32x128x128_1x4x1_16x16x128_intrawave_0x1x0_2,2,5,3308.3712391304366,0.0,passed,
28672,7168,7168,cktile_6_split0,cktile,6,0,a8w8_blockscale_cktile_32x128x128_1x4x1_16x16x64_intrawave_0x1x0_1,2,6,3361.3857999999973,0.0,passed,
28672,7168,7168,cktile_7_split0,cktile,7,0,a8w8_blockscale_cktile_32x128x128_1x4x1_16x16x64_intrawave_0x1x0_2,2,7,3327.5686200000014,0.0,passed,
28672,7168,7168,cktile_8_split0,cktile,8,0,a8w8_blockscale_cktile_128x128x128_1x4x1_16x16x128_intrawave_0x1x0_1,2,8,2634.7822142857144,0.0,passed,
28672,7168,7168,cktile_9_split0,cktile,9,0,a8w8_blockscale_cktile_128x128x128_1x4x1_16x16x128_intrawave_0x1x0_1,2,9,2631.7958888888897,0.0,passed,
28672,7168,7168,cktile_10_split0,cktile,10,0,a8w8_blockscale_cktile_128x128x128_2x2x1_16x16x128_intrawave_0x1x0_2,2,10,2562.386320000001,0.0,passed,
28672,7168,7168,cktile_11_split0,cktile,11,0,a8w8_blockscale_cktile_192x256x128_4x2x1_16x16x128_intrawave_0x1x0_1,2,11,1458.1227799999997,0.0,passed,
28672,7168,7168,cktile_12_split0,cktile,12,0,a8w8_blockscale_cktile_192x256x128_4x2x1_16x16x128_intrawave_0x1x0_1_aqrm,2,12,1710.0966666666675,0.0,passed,
28672,7168,7168,cktile_13_split0,cktile,13,0,a8w8_blockscale_cktile_16x128x256_1x4x1_16x16x128_intrawave_0x1x0_3,2,13,4747.519940000001,0.0,passed,
28672,7168,7168,cktile_14_split0,cktile,14,0,a8w8_blockscale_cktile_16x128x256_1x4x1_16x16x128_intrawave_0x1x0_4,2,14,8791.262680000002,0.0,passed,
28672,7168,7168,cktile_15_split0,cktile,15,0,a8w8_blockscale_cktile_16x128x256_1x4x1_16x16x64_intrawave_0x1x0_3,2,15,4657.105319999998,0.0,passed,
28672,7168,7168,cktile_16_split0,cktile,16,0,a8w8_blockscale_cktile_16x128x256_1x4x1_16x16x64_intrawave_0x1x0_4,2,16,5061.47795833333,0.0,passed,
28672,7168,7168,cktile_17_split0,cktile,17,0,a8w8_blockscale_cktile_32x128x128_1x4x1_16x16x128_intrawave_0x1x0_3,2,17,3314.369530612246,0.0,passed,
28672,7168,7168,cktile_18_split0,cktile,18,0,a8w8_blockscale_cktile_32x128x128_1x4x1_16x16x128_intrawave_0x1x0_4,2,18,3298.7594800000015,0.0,passed,
28672,7168,7168,cktile_19_split0,cktile,19,0,a8w8_blockscale_cktile_32x128x128_1x4x1_16x16x64_intrawave_0x1x0_3,2,19,3331.3246400000007,0.0,passed,
28672,7168,7168,cktile_20_split0,cktile,20,0,a8w8_blockscale_cktile_32x128x128_1x4x1_16x16x64_intrawave_0x1x0_4,2,20,3335.274300000001,0.0,passed,
28672,7168,7168,cktile_21_split0,cktile,21,0,a8w8_blockscale_cktile_128x128x128_1x4x1_16x16x128_intrawave_0x1x0_2,2,21,2639.8916530612255,0.0,passed,
28672,7168,7168,cktile_22_split0,cktile,22,0,a8w8_blockscale_cktile_128x128x128_1x4x1_16x16x128_intrawave_0x1x0_3,2,22,8772.219244897962,0.0,passed,
28672,7168,7168,cktile_23_split0,cktile,23,0,a8w8_blockscale_cktile_128x128x128_1x4x1_16x16x128_intrawave_0x1x0_4,2,23,13399.273379999993,0.0,passed,
28672,7168,7168,cktile_24_split0,cktile,24,0,a8w8_blockscale_cktile_128x128x128_2x2x1_16x16x128_intrawave_0x1x0_1,2,24,2554.8366200000005,0.0,passed,
28672,7168,7168,cktile_25_split0,cktile,25,0,a8w8_blockscale_cktile_128x128x128_2x2x1_16x16x128_intrawave_0x1x0_3,2,25,9090.952459999999,0.0,passed,
28672,7168,7168,cktile_26_split0,cktile,26,0,a8w8_blockscale_cktile_128x128x128_2x2x1_16x16x128_intrawave_0x1x0_4,2,26,19571.047440000002,0.0,passed,
28672,7168,7168,cktile_27_split0,cktile,27,0,a8w8_blockscale_cktile_192x256x128_4x2x1_16x16x128_intrawave_0x1x0_2,2,27,1462.2565348837215,0.0,passed,
28672,7168,7168,cktile_28_split0,cktile,28,0,a8w8_blockscale_cktile_192x256x128_4x2x1_16x16x128_intrawave_0x1x0_3,2,28,1462.6019999999996,0.0,passed,
28672,7168,7168,cktile_29_split0,cktile,29,0,a8w8_blockscale_cktile_192x256x128_4x2x1_16x16x128_intrawave_0x1x0_4,2,29,1462.321954545455,0.0,passed,
28672,7168,7168,cktile_30_split0,cktile,30,0,a8w8_blockscale_cktile_192x256x128_4x2x1_16x16x128_intrawave_0x1x0_2_aqrm,2,30,1717.32787755102,0.0,passed,
28672,7168,7168,cktile_31_split0,cktile,31,0,a8w8_blockscale_cktile_192x256x128_4x2x1_16x16x128_intrawave_0x1x0_3_aqrm,2,31,1715.2336599999994,0.0,passed,
28672,7168,7168,cktile_32_split0,cktile,32,0,a8w8_blockscale_cktile_192x256x128_4x2x1_16x16x128_intrawave_0x1x0_4_aqrm,2,32,1717.9737000000014,0.0,passed,
28672,7168,7168,opus_9000,opus,9000,0,opus_gemm_gfx950_a8w8_mxscale_gemm_bpreshuffle_256x256x256x128_2x2_16x16x128_1x128x128_tiles1_nooob,2,33,1223.6395476190482,0.0,passed,
28672,7168,7168,opus_9010,opus,9010,0,opus_gemm_gfx950_a8w8_mxscale_gemm_bpreshuffle_256x128x128x128_2x2_16x16x128_1x128x128_tiles1_nooob,2,34,1840.4354081632655,0.0,passed,
28672,7168,7168,opus_9011,opus,9011,0,opus_gemm_gfx950_a8w8_mxscale_gemm_bpreshuffle_256x64x128x128_2x2_16x16x128_1x128x128_tiles1_nooob,2,35,1977.8280204081648,0.0,passed,
28672,7168,7168,opus_9012,opus,9012,0,opus_gemm_gfx950_a8w8_mxscale_gemm_bpreshuffle_256x64x64x128_2x2_16x16x128_1x128x128_tiles1_nooob,2,36,2739.955816326531,0.0,passed,
28672,7168,7168,opus_9020,opus,9020,0,opus_gemm_gfx950_a8w8_mxscale_gemm_bpreshuffle_256x256x256x128_2x2_16x16x128_1x128x128_tiles1,2,37,1244.9926888888892,0.0,passed,
28672,7168,7168,ck_0_split0,ck,0,0,a8w8_blockscale_bpreshuffle_1x128x128_256x128x128x128_16x16_16x16_8x32x1_8x32x1_1x32x1x8_8_2x1_intrawave_v3,2,38,1931.1435434782609,0.0,passed,
28672,7168,7168,ck_1_split0,ck,1,0,a8w8_blockscale_bpreshuffle_1x128x128_256x64x128x128_16x16_16x16_8x32x1_8x32x1_1x32x1x8_8_2x1_intrawave_v3,2,39,2135.507608695652,0.0,passed,
28672,7168,7168,ck_2_split0,ck,2,0,a8w8_blockscale_bpreshuffle_1x128x128_256x64x64x128_16x16_16x16_8x32x1_8x32x1_1x32x1x8_8_2x1_intrawave_v3,2,40,2779.6444782608687,0.0,passed,
28672,7168,7168,ck_3_split0,ck,3,0,a8w8_blockscale_bpreshuffle_1x128x128_256x16x256x128_8x16_16x16_16x16x1_8x32x1_1x16x1x16_8_1x2_intrawave_v1,2,41,8841.858571428571,0.0,passed,
28672,7168,7168,ck_4_split0,ck,4,0,a8w8_blockscale_bpreshuffle_1x128x128_256x16x128x128_8x16_16x16_16x16x1_8x32x1_1x16x1x16_8_1x2_intrawave_v1,2,42,4855.211444444447,0.0,passed,
28672,7168,7168,ck_5_split0,ck,5,0,a8w8_blockscale_bpreshuffle_1x128x128_256x16x64x128_8x16_16x16_16x16x1_8x32x1_1x16x1x16_4_1x1_intrawave_v1,2,43,5406.350163265305,0.0,passed,
28672,7168,7168,ck_6_split0,ck,6,0,a8w8_blockscale_bpreshuffle_1x128x128_256x16x128x256_16x16_16x16_16x16x1_16x16x1_1x16x1x16_8_1x2_intrawave_v1,2,44,4572.082121951223,0.0,passed,
28672,7168,7168,ck_7_split0,ck,7,0,a8w8_blockscale_bpreshuffle_1x128x128_256x16x64x256_16x16_16x16_16x16x1_16x16x1_1x16x1x16_4_1x1_intrawave_v1,2,45,5215.886065217392,0.0,passed,
28672,7168,7168,ck_8_split0,ck,8,0,a8w8_blockscale_bpreshuffle_1x128x128_256x32x256x128_16x16_16x16_8x32x1_8x32x1_1x32x1x8_8_2x1_intrawave_v1,2,46,4520.635199999999,0.0,passed,
28672,7168,7168,ck_9_split0,ck,9,0,a8w8_blockscale_bpreshuffle_1x128x128_256x32x128x128_16x16_16x16_8x32x1_8x32x1_1x32x1x8_8_2x1_intrawave_v1,2,47,2775.8842439024406,0.0,passed,
28672,7168,7168,ck_10_split0,ck,10,0,a8w8_blockscale_bpreshuffle_1x128x128_256x32x64x128_16x16_16x16_8x32x1_8x32x1_1x32x1x8_8_2x1_intrawave_v1,2,48,3412.3063061224493,0.0,passed,
28672,7168,7168,ck_11_split0,ck,11,0,a8w8_blockscale_bpreshuffle_1x128x128_256x32x128x256_16x16_16x16_16x16x1_16x16x1_1x32x1x8_8_2x1_intrawave_v1,2,49,2805.249632653061,0.0,passed,
28672,7168,7168,ck_12_split0,ck,12,0,a8w8_blockscale_bpreshuffle_1x128x128_256x32x64x256_16x16_16x16_16x16x1_16x16x1_1x32x1x8_8_2x1_intrawave_v1,2,50,3455.6773877551027,0.0,passed,
28672,7168,7168,ck_13_split0,ck,13,0,a8w8_blockscale_bpreshuffle_1x128x128_256x64x256x128_16x16_16x16_8x32x1_8x32x1_1x32x1x8_8_2x1_intrawave_v1,2,51,1901.893244897959,0.0,passed,
28672,7168,7168,ck_14_split0,ck,14,0,a8w8_blockscale_bpreshuffle_1x128x128_256x64x128x128_16x16_16x16_8x32x1_8x32x1_1x32x1x8_8_2x1_intrawave_v1,2,52,2118.533478260869,0.0,passed,
28672,7168,7168,ck_15_split0,ck,15,0,a8w8_blockscale_bpreshuffle_1x128x128_256x64x64x128_16x16_16x16_8x32x1_8x32x1_1x32x1x8_8_2x1_intrawave_v1,2,53,2730.70489361702,0.0,passed,
28672,7168,7168,ck_16_split0,ck,16,0,a8w8_blockscale_bpreshuffle_1x128x128_256x64x128x256_16x16_16x16_16x16x1_16x16x1_1x32x1x8_8_2x1_intrawave_v1,2,54,2250.5053829787244,0.0,passed,
28672,7168,7168,ck_17_split0,ck,17,0,a8w8_blockscale_bpreshuffle_1x128x128_256x64x64x256_16x16_16x16_16x16x1_16x16x1_1x32x1x8_8_2x1_intrawave_v1,2,55,2936.0939399999993,0.0,passed,
1408,7168,16384,ck_17_split0,ck,17,0,a8w8_blockscale_bpreshuffle_1x128x128_256x64x64x256_16x16_16x16_16x16x1_16x16x1_1x32x1x8_8_2x1_intrawave_v1,0,0,350.02858,0.0,passed,
1408,7168,16384,cktile_0_split0,cktile,0,0,a8w8_blockscale_cktile_16x128x256_1x4x1_16x16x128_intrawave_0x1x0_1,0,1,559.3480204081632,0.0,passed,
1408,7168,16384,cktile_1_split0,cktile,1,0,a8w8_blockscale_cktile_16x128x256_1x4x1_16x16x128_intrawave_0x1x0_2,0,2,550.2320652173914,0.0,passed,
1408,7168,16384,cktile_2_split0,cktile,2,0,a8w8_blockscale_cktile_16x128x256_1x4x1_16x16x64_intrawave_0x1x0_1,0,3,578.3358695652175,0.0,passed,
1408,7168,16384,cktile_3_split0,cktile,3,0,a8w8_blockscale_cktile_16x128x256_1x4x1_16x16x64_intrawave_0x1x0_2,0,4,566.0768095238095,0.0,passed,
1408,7168,16384,cktile_4_split0,cktile,4,0,a8w8_blockscale_cktile_32x128x128_1x4x1_16x16x128_intrawave_0x1x0_1,0,5,439.70698000000004,0.0,passed,
1408,7168,16384,cktile_5_split0,cktile,5,0,a8w8_blockscale_cktile_32x128x128_1x4x1_16x16x128_intrawave_0x1x0_2,0,6,440.3854000000002,0.0,passed,
1408,7168,16384,cktile_6_split0,cktile,6,0,a8w8_blockscale_cktile_32x128x128_1x4x1_16x16x64_intrawave_0x1x0_1,0,7,442.8063541666665,0.0,passed,
1408,7168,16384,cktile_7_split0,cktile,7,0,a8w8_blockscale_cktile_32x128x128_1x4x1_16x16x64_intrawave_0x1x0_2,0,8,449.87333333333333,0.0,passed,
1408,7168,16384,cktile_8_split0,cktile,8,0,a8w8_blockscale_cktile_128x128x128_1x4x1_16x16x128_intrawave_0x1x0_1,0,9,517.5502800000002,0.0,passed,
1408,7168,16384,cktile_9_split0,cktile,9,0,a8w8_blockscale_cktile_128x128x128_1x4x1_16x16x128_intrawave_0x1x0_1,0,10,514.9166399999999,0.0,passed,
1408,7168,16384,cktile_10_split0,cktile,10,0,a8w8_blockscale_cktile_128x128x128_2x2x1_16x16x128_intrawave_0x1x0_2,0,11,483.9443,0.0,passed,
1408,7168,16384,cktile_11_split0,cktile,11,0,a8w8_blockscale_cktile_192x256x128_4x2x1_16x16x128_intrawave_0x1x0_1,0,12,186.01950000000005,0.0,passed,
1408,7168,16384,cktile_12_split0,cktile,12,0,a8w8_blockscale_cktile_192x256x128_4x2x1_16x16x128_intrawave_0x1x0_1_aqrm,0,13,230.65282000000008,0.0,passed,
1408,7168,16384,cktile_13_split0,cktile,13,0,a8w8_blockscale_cktile_16x128x256_1x4x1_16x16x128_intrawave_0x1x0_3,0,14,552.8842500000002,0.0,passed,
1408,7168,16384,cktile_14_split0,cktile,14,0,a8w8_blockscale_cktile_16x128x256_1x4x1_16x16x128_intrawave_0x1x0_4,0,15,1114.3520232558137,0.0,passed,
1408,7168,16384,cktile_15_split0,cktile,15,0,a8w8_blockscale_cktile_16x128x256_1x4x1_16x16x64_intrawave_0x1x0_3,0,16,567.9523255813953,0.0,passed,
1408,7168,16384,cktile_16_split0,cktile,16,0,a8w8_blockscale_cktile_16x128x256_1x4x1_16x16x64_intrawave_0x1x0_4,0,17,874.9439199999998,0.0,passed,
1408,7168,16384,cktile_17_split0,cktile,17,0,a8w8_blockscale_cktile_32x128x128_1x4x1_16x16x128_intrawave_0x1x0_3,0,18,438.6621458333334,0.0,passed,
1408,7168,16384,cktile_18_split0,cktile,18,0,a8w8_blockscale_cktile_32x128x128_1x4x1_16x16x128_intrawave_0x1x0_4,0,19,436.8421400000001,0.0,passed,
1408,7168,16384,cktile_19_split0,cktile,19,0,a8w8_blockscale_cktile_32x128x128_1x4x1_16x16x64_intrawave_0x1x0_3,0,20,450.99376595744684,0.0,passed,
1408,7168,16384,cktile_20_split0,cktile,20,0,a8w8_blockscale_cktile_32x128x128_1x4x1_16x16x64_intrawave_0x1x0_4,0,21,450.04310416666664,0.0,passed,
1408,7168,16384,cktile_21_split0,cktile,21,0,a8w8_blockscale_cktile_128x128x128_1x4x1_16x16x128_intrawave_0x1x0_2,0,22,514.5638199999999,0.0,passed,
1408,7168,16384,cktile_22_split0,cktile,22,0,a8w8_blockscale_cktile_128x128x128_1x4x1_16x16x128_intrawave_0x1x0_3,0,23,1180.8081999999997,0.0,passed,
1408,7168,16384,cktile_23_split0,cktile,23,0,a8w8_blockscale_cktile_128x128x128_1x4x1_16x16x128_intrawave_0x1x0_4,0,24,1991.3374000000008,0.0,passed,
1408,7168,16384,cktile_24_split0,cktile,24,0,a8w8_blockscale_cktile_128x128x128_2x2x1_16x16x128_intrawave_0x1x0_1,0,25,486.7411199999999,0.0,passed,
1408,7168,16384,cktile_25_split0,cktile,25,0,a8w8_blockscale_cktile_128x128x128_2x2x1_16x16x128_intrawave_0x1x0_3,0,26,1222.887795918367,0.0,passed,
1408,7168,16384,cktile_26_split0,cktile,26,0,a8w8_blockscale_cktile_128x128x128_2x2x1_16x16x128_intrawave_0x1x0_4,0,27,2876.7825999999986,0.0,passed,
1408,7168,16384,cktile_27_split0,cktile,27,0,a8w8_blockscale_cktile_192x256x128_4x2x1_16x16x128_intrawave_0x1x0_2,0,28,187.22594,0.0,passed,
1408,7168,16384,cktile_28_split0,cktile,28,0,a8w8_blockscale_cktile_192x256x128_4x2x1_16x16x128_intrawave_0x1x0_3,0,29,186.94672,0.0,passed,
1408,7168,16384,cktile_29_split0,cktile,29,0,a8w8_blockscale_cktile_192x256x128_4x2x1_16x16x128_intrawave_0x1x0_4,0,30,186.86672,0.0,passed,
1408,7168,16384,cktile_30_split0,cktile,30,0,a8w8_blockscale_cktile_192x256x128_4x2x1_16x16x128_intrawave_0x1x0_2_aqrm,0,31,230.92082,0.0,passed,
1408,7168,16384,cktile_31_split0,cktile,31,0,a8w8_blockscale_cktile_192x256x128_4x2x1_16x16x128_intrawave_0x1x0_3_aqrm,0,32,231.3105744680851,0.0,passed,
1408,7168,16384,cktile_32_split0,cktile,32,0,a8w8_blockscale_cktile_192x256x128_4x2x1_16x16x128_intrawave_0x1x0_4_aqrm,0,33,231.31763999999987,0.0,passed,
1408,7168,16384,opus_9010,opus,9010,0,opus_gemm_gfx950_a8w8_mxscale_gemm_bpreshuffle_256x128x128x128_2x2_16x16x128_1x128x128_tiles1_nooob,0,34,231.27997959183668,0.0,passed,
1408,7168,16384,opus_9011,opus,9011,0,opus_gemm_gfx950_a8w8_mxscale_gemm_bpreshuffle_256x64x128x128_2x2_16x16x128_1x128x128_tiles1_nooob,0,35,235.43765999999994,0.0,passed,
1408,7168,16384,opus_9012,opus,9012,0,opus_gemm_gfx950_a8w8_mxscale_gemm_bpreshuffle_256x64x64x128_2x2_16x16x128_1x128x128_tiles1_nooob,0,36,293.82314,0.0,passed,
1408,7168,16384,opus_9020,opus,9020,0,opus_gemm_gfx950_a8w8_mxscale_gemm_bpreshuffle_256x256x256x128_2x2_16x16x128_1x128x128_tiles1,0,37,195.07481999999993,0.0,passed,
1408,7168,16384,ck_0_split0,ck,0,0,a8w8_blockscale_bpreshuffle_1x128x128_256x128x128x128_16x16_16x16_8x32x1_8x32x1_1x32x1x8_8_2x1_intrawave_v3,0,38,266.2876199999999,0.0,passed,
1408,7168,16384,ck_1_split0,ck,1,0,a8w8_blockscale_bpreshuffle_1x128x128_256x64x128x128_16x16_16x16_8x32x1_8x32x1_1x32x1x8_8_2x1_intrawave_v3,0,39,257.49312000000003,0.0,passed,
1408,7168,16384,ck_2_split0,ck,2,0,a8w8_blockscale_bpreshuffle_1x128x128_256x64x64x128_16x16_16x16_8x32x1_8x32x1_1x32x1x8_8_2x1_intrawave_v3,0,40,329.79233999999997,0.0,passed,
1408,7168,16384,ck_3_split0,ck,3,0,a8w8_blockscale_bpreshuffle_1x128x128_256x16x256x128_8x16_16x16_16x16x1_8x32x1_1x16x1x16_8_1x2_intrawave_v1,0,41,747.7818799999998,0.0,passed,
1408,7168,16384,ck_4_split0,ck,4,0,a8w8_blockscale_bpreshuffle_1x128x128_256x16x128x128_8x16_16x16_16x16x1_8x32x1_1x16x1x16_8_1x2_intrawave_v1,0,42,542.450166666667,0.0,passed,
1408,7168,16384,ck_5_split0,ck,5,0,a8w8_blockscale_bpreshuffle_1x128x128_256x16x64x128_8x16_16x16_16x16x1_8x32x1_1x16x1x16_4_1x1_intrawave_v1,0,43,624.747306122449,0.0,passed,
1408,7168,16384,ck_6_split0,ck,6,0,a8w8_blockscale_bpreshuffle_1x128x128_256x16x128x256_16x16_16x16_16x16x1_16x16x1_1x16x1x16_8_1x2_intrawave_v1,0,44,541.0217708333333,0.0,passed,
1408,7168,16384,ck_7_split0,ck,7,0,a8w8_blockscale_bpreshuffle_1x128x128_256x16x64x256_16x16_16x16_16x16x1_16x16x1_1x16x1x16_4_1x1_intrawave_v1,0,45,599.4985999999999,0.0,passed,
1408,7168,16384,ck_8_split0,ck,8,0,a8w8_blockscale_bpreshuffle_1x128x128_256x32x256x128_16x16_16x16_8x32x1_8x32x1_1x32x1x8_8_2x1_intrawave_v1,0,46,426.2487346938775,0.0,passed,
1408,7168,16384,ck_9_split0,ck,9,0,a8w8_blockscale_bpreshuffle_1x128x128_256x32x128x128_16x16_16x16_8x32x1_8x32x1_1x32x1x8_8_2x1_intrawave_v1,0,47,342.5076799999999,0.0,passed,
1408,7168,16384,ck_10_split0,ck,10,0,a8w8_blockscale_bpreshuffle_1x128x128_256x32x64x128_16x16_16x16_8x32x1_8x32x1_1x32x1x8_8_2x1_intrawave_v1,0,48,408.82364583333333,0.0,passed,
1408,7168,16384,ck_11_split0,ck,11,0,a8w8_blockscale_bpreshuffle_1x128x128_256x32x128x256_16x16_16x16_16x16x1_16x16x1_1x32x1x8_8_2x1_intrawave_v1,0,49,342.5800408163265,0.0,passed,
1408,7168,16384,ck_12_split0,ck,12,0,a8w8_blockscale_bpreshuffle_1x128x128_256x32x64x256_16x16_16x16_16x16x1_16x16x1_1x32x1x8_8_2x1_intrawave_v1,0,50,414.2124999999999,0.0,passed,
1408,7168,16384,ck_13_split0,ck,13,0,a8w8_blockscale_bpreshuffle_1x128x128_256x64x256x128_16x16_16x16_8x32x1_8x32x1_1x32x1x8_8_2x1_intrawave_v1,0,51,269.8480212765958,0.0,passed,
1408,7168,16384,ck_14_split0,ck,14,0,a8w8_blockscale_bpreshuffle_1x128x128_256x64x128x128_16x16_16x16_8x32x1_8x32x1_1x32x1x8_8_2x1_intrawave_v1,0,52,253.51627999999997,0.0,passed,
1408,7168,16384,ck_15_split0,ck,15,0,a8w8_blockscale_bpreshuffle_1x128x128_256x64x64x128_16x16_16x16_8x32x1_8x32x1_1x32x1x8_8_2x1_intrawave_v1,0,53,325.20024489795924,0.0,passed,
1408,7168,16384,ck_16_split0,ck,16,0,a8w8_blockscale_bpreshuffle_1x128x128_256x64x128x256_16x16_16x16_16x16x1_16x16x1_1x32x1x8_8_2x1_intrawave_v1,0,54,282.09180000000003,0.0,passed,
1408,7168,16384,ck_17_split0,ck,17,0,a8w8_blockscale_bpreshuffle_1x128x128_256x64x64x256_16x16_16x16_16x16x1_16x16x1_1x32x1x8_8_2x1_intrawave_v1,1,0,345.9762291666666,0.0,passed,
1408,7168,16384,ck_16_split0,ck,16,0,a8w8_blockscale_bpreshuffle_1x128x128_256x64x128x256_16x16_16x16_16x16x1_16x16x1_1x32x1x8_8_2x1_intrawave_v1,1,1,281.07737999999995,0.0,passed,
1408,7168,16384,ck_15_split0,ck,15,0,a8w8_blockscale_bpreshuffle_1x128x128_256x64x64x128_16x16_16x16_8x32x1_8x32x1_1x32x1x8_8_2x1_intrawave_v1,1,2,324.05484782608704,0.0,passed,
1408,7168,16384,ck_14_split0,ck,14,0,a8w8_blockscale_bpreshuffle_1x128x128_256x64x128x128_16x16_16x16_8x32x1_8x32x1_1x32x1x8_8_2x1_intrawave_v1,1,3,254.3571,0.0,passed,
1408,7168,16384,ck_13_split0,ck,13,0,a8w8_blockscale_bpreshuffle_1x128x128_256x64x256x128_16x16_16x16_8x32x1_8x32x1_1x32x1x8_8_2x1_intrawave_v1,1,4,268.07749999999993,0.0,passed,
1408,7168,16384,ck_12_split0,ck,12,0,a8w8_blockscale_bpreshuffle_1x128x128_256x32x64x256_16x16_16x16_16x16x1_16x16x1_1x32x1x8_8_2x1_intrawave_v1,1,5,414.17567999999994,0.0,passed,
1408,7168,16384,ck_11_split0,ck,11,0,a8w8_blockscale_bpreshuffle_1x128x128_256x32x128x256_16x16_16x16_16x16x1_16x16x1_1x32x1x8_8_2x1_intrawave_v1,1,6,344.8941,0.0,passed,
1408,7168,16384,ck_10_split0,ck,10,0,a8w8_blockscale_bpreshuffle_1x128x128_256x32x64x128_16x16_16x16_8x32x1_8x32x1_1x32x1x8_8_2x1_intrawave_v1,1,7,409.24689795918357,0.0,passed,
1408,7168,16384,ck_9_split0,ck,9,0,a8w8_blockscale_bpreshuffle_1x128x128_256x32x128x128_16x16_16x16_8x32x1_8x32x1_1x32x1x8_8_2x1_intrawave_v1,1,8,341.04880851063825,0.0,passed,
1408,7168,16384,ck_8_split0,ck,8,0,a8w8_blockscale_bpreshuffle_1x128x128_256x32x256x128_16x16_16x16_8x32x1_8x32x1_1x32x1x8_8_2x1_intrawave_v1,1,9,423.9204042553191,0.0,passed,
1408,7168,16384,ck_7_split0,ck,7,0,a8w8_blockscale_bpreshuffle_1x128x128_256x16x64x256_16x16_16x16_16x16x1_16x16x1_1x16x1x16_4_1x1_intrawave_v1,1,10,598.9674081632654,0.0,passed,
1408,7168,16384,ck_6_split0,ck,6,0,a8w8_blockscale_bpreshuffle_1x128x128_256x16x128x256_16x16_16x16_16x16x1_16x16x1_1x16x1x16_8_1x2_intrawave_v1,1,11,541.8328979591837,0.0,passed,
1408,7168,16384,ck_5_split0,ck,5,0,a8w8_blockscale_bpreshuffle_1x128x128_256x16x64x128_8x16_16x16_16x16x1_8x32x1_1x16x1x16_4_1x1_intrawave_v1,1,12,621.41646,0.0,passed,
1408,7168,16384,ck_4_split0,ck,4,0,a8w8_blockscale_bpreshuffle_1x128x128_256x16x128x128_8x16_16x16_16x16x1_8x32x1_1x16x1x16_8_1x2_intrawave_v1,1,13,543.2002653061224,0.0,passed,
1408,7168,16384,ck_3_split0,ck,3,0,a8w8_blockscale_bpreshuffle_1x128x128_256x16x256x128_8x16_16x16_16x16x1_8x32x1_1x16x1x16_8_1x2_intrawave_v1,1,14,747.9274897959184,0.0,passed,
1408,7168,16384,ck_2_split0,ck,2,0,a8w8_blockscale_bpreshuffle_1x128x128_256x64x64x128_16x16_16x16_8x32x1_8x32x1_1x32x1x8_8_2x1_intrawave_v3,1,15,325.8063409090909,0.0,passed,
1408,7168,16384,ck_1_split0,ck,1,0,a8w8_blockscale_bpreshuffle_1x128x128_256x64x128x128_16x16_16x16_8x32x1_8x32x1_1x32x1x8_8_2x1_intrawave_v3,1,16,256.828847826087,0.0,passed,
1408,7168,16384,ck_0_split0,ck,0,0,a8w8_blockscale_bpreshuffle_1x128x128_256x128x128x128_16x16_16x16_8x32x1_8x32x1_1x32x1x8_8_2x1_intrawave_v3,1,17,266.76202040816327,0.0,passed,
1408,7168,16384,opus_9020,opus,9020,0,opus_gemm_gfx950_a8w8_mxscale_gemm_bpreshuffle_256x256x256x128_2x2_16x16x128_1x128x128_tiles1,1,18,195.42922,0.0,passed,
1408,7168,16384,opus_9012,opus,9012,0,opus_gemm_gfx950_a8w8_mxscale_gemm_bpreshuffle_256x64x64x128_2x2_16x16x128_1x128x128_tiles1_nooob,1,19,291.0581249999999,0.0,passed,
1408,7168,16384,opus_9011,opus,9011,0,opus_gemm_gfx950_a8w8_mxscale_gemm_bpreshuffle_256x64x128x128_2x2_16x16x128_1x128x128_tiles1_nooob,1,20,235.67687999999995,0.0,passed,
1408,7168,16384,opus_9010,opus,9010,0,opus_gemm_gfx950_a8w8_mxscale_gemm_bpreshuffle_256x128x128x128_2x2_16x16x128_1x128x128_tiles1_nooob,1,21,229.94240000000002,0.0,passed,
1408,7168,16384,cktile_32_split0,cktile,32,0,a8w8_blockscale_cktile_192x256x128_4x2x1_16x16x128_intrawave_0x1x0_4_aqrm,1,22,231.30082,0.0,passed,
1408,7168,16384,cktile_31_split0,cktile,31,0,a8w8_blockscale_cktile_192x256x128_4x2x1_16x16x128_intrawave_0x1x0_3_aqrm,1,23,229.48567346938773,0.0,passed,
1408,7168,16384,cktile_30_split0,cktile,30,0,a8w8_blockscale_cktile_192x256x128_4x2x1_16x16x128_intrawave_0x1x0_2_aqrm,1,24,230.57519999999997,0.0,passed,
1408,7168,16384,cktile_29_split0,cktile,29,0,a8w8_blockscale_cktile_192x256x128_4x2x1_16x16x128_intrawave_0x1x0_4,1,25,184.73389999999995,0.0,passed,
1408,7168,16384,cktile_28_split0,cktile,28,0,a8w8_blockscale_cktile_192x256x128_4x2x1_16x16x128_intrawave_0x1x0_3,1,26,186.3349795918367,0.0,passed,
1408,7168,16384,cktile_27_split0,cktile,27,0,a8w8_blockscale_cktile_192x256x128_4x2x1_16x16x128_intrawave_0x1x0_2,1,27,186.73862499999993,0.0,passed,
1408,7168,16384,cktile_26_split0,cktile,26,0,a8w8_blockscale_cktile_128x128x128_2x2x1_16x16x128_intrawave_0x1x0_4,1,28,2877.5813720930237,0.0,passed,
1408,7168,16384,cktile_25_split0,cktile,25,0,a8w8_blockscale_cktile_128x128x128_2x2x1_16x16x128_intrawave_0x1x0_3,1,29,1225.845249999999,0.0,passed,
1408,7168,16384,cktile_24_split0,cktile,24,0,a8w8_blockscale_cktile_128x128x128_2x2x1_16x16x128_intrawave_0x1x0_1,1,30,487.79714000000024,0.0,passed,
1408,7168,16384,cktile_23_split0,cktile,23,0,a8w8_blockscale_cktile_128x128x128_1x4x1_16x16x128_intrawave_0x1x0_4,1,31,1994.6101999999996,0.0,passed,
1408,7168,16384,cktile_22_split0,cktile,22,0,a8w8_blockscale_cktile_128x128x128_1x4x1_16x16x128_intrawave_0x1x0_3,1,32,1181.1385799999996,0.0,passed,
1408,7168,16384,cktile_21_split0,cktile,21,0,a8w8_blockscale_cktile_128x128x128_1x4x1_16x16x128_intrawave_0x1x0_2,1,33,508.24296000000004,0.0,passed,
1408,7168,16384,cktile_20_split0,cktile,20,0,a8w8_blockscale_cktile_32x128x128_1x4x1_16x16x64_intrawave_0x1x0_4,1,34,447.4785227272724,0.0,passed,
1408,7168,16384,cktile_19_split0,cktile,19,0,a8w8_blockscale_cktile_32x128x128_1x4x1_16x16x64_intrawave_0x1x0_3,1,35,449.63655102040815,0.0,passed,
1408,7168,16384,cktile_18_split0,cktile,18,0,a8w8_blockscale_cktile_32x128x128_1x4x1_16x16x128_intrawave_0x1x0_4,1,36,436.2165399999999,0.0,passed,
1408,7168,16384,cktile_17_split0,cktile,17,0,a8w8_blockscale_cktile_32x128x128_1x4x1_16x16x128_intrawave_0x1x0_3,1,37,438.63255999999996,0.0,passed,
1408,7168,16384,cktile_16_split0,cktile,16,0,a8w8_blockscale_cktile_16x128x256_1x4x1_16x16x64_intrawave_0x1x0_4,1,38,866.2951632653054,0.0,passed,
1408,7168,16384,cktile_15_split0,cktile,15,0,a8w8_blockscale_cktile_16x128x256_1x4x1_16x16x64_intrawave_0x1x0_3,1,39,571.8910204081633,0.0,passed,
1408,7168,16384,cktile_14_split0,cktile,14,0,a8w8_blockscale_cktile_16x128x256_1x4x1_16x16x128_intrawave_0x1x0_4,1,40,1104.7957173913042,0.0,passed,
1408,7168,16384,cktile_13_split0,cktile,13,0,a8w8_blockscale_cktile_16x128x256_1x4x1_16x16x128_intrawave_0x1x0_3,1,41,552.126,0.0,passed,
1408,7168,16384,cktile_12_split0,cktile,12,0,a8w8_blockscale_cktile_192x256x128_4x2x1_16x16x128_intrawave_0x1x0_1_aqrm,1,42,231.68162,0.0,passed,
1408,7168,16384,cktile_11_split0,cktile,11,0,a8w8_blockscale_cktile_192x256x128_4x2x1_16x16x128_intrawave_0x1x0_1,1,43,187.2155199999999,0.0,passed,
1408,7168,16384,cktile_10_split0,cktile,10,0,a8w8_blockscale_cktile_128x128x128_2x2x1_16x16x128_intrawave_0x1x0_2,1,44,482.294081632653,0.0,passed,
1408,7168,16384,cktile_9_split0,cktile,9,0,a8w8_blockscale_cktile_128x128x128_1x4x1_16x16x128_intrawave_0x1x0_1,1,45,512.1133999999998,0.0,passed,
1408,7168,16384,cktile_8_split0,cktile,8,0,a8w8_blockscale_cktile_128x128x128_1x4x1_16x16x128_intrawave_0x1x0_1,1,46,519.3814799999999,0.0,passed,
1408,7168,16384,cktile_7_split0,cktile,7,0,a8w8_blockscale_cktile_32x128x128_1x4x1_16x16x64_intrawave_0x1x0_2,1,47,448.88745652173907,0.0,passed,
1408,7168,16384,cktile_6_split0,cktile,6,0,a8w8_blockscale_cktile_32x128x128_1x4x1_16x16x64_intrawave_0x1x0_1,1,48,444.32482222222234,0.0,passed,
1408,7168,16384,cktile_5_split0,cktile,5,0,a8w8_blockscale_cktile_32x128x128_1x4x1_16x16x128_intrawave_0x1x0_2,1,49,436.88614000000007,0.0,passed,
1408,7168,16384,cktile_4_split0,cktile,4,0,a8w8_blockscale_cktile_32x128x128_1x4x1_16x16x128_intrawave_0x1x0_1,1,50,439.1197800000001,0.0,passed,
1408,7168,16384,cktile_3_split0,cktile,3,0,a8w8_blockscale_cktile_16x128x256_1x4x1_16x16x64_intrawave_0x1x0_2,1,51,574.0493199999999,0.0,passed,
1408,7168,16384,cktile_2_split0,cktile,2,0,a8w8_blockscale_cktile_16x128x256_1x4x1_16x16x64_intrawave_0x1x0_1,1,52,590.3475510204082,0.0,passed,
1408,7168,16384,cktile_1_split0,cktile,1,0,a8w8_blockscale_cktile_16x128x256_1x4x1_16x16x128_intrawave_0x1x0_2,1,53,548.983375,0.0,passed,
1408,7168,16384,cktile_0_split0,cktile,0,0,a8w8_blockscale_cktile_16x128x256_1x4x1_16x16x128_intrawave_0x1x0_1,1,54,549.4956734693877,0.0,passed,
1408,7168,16384,cktile_1_split0,cktile,1,0,a8w8_blockscale_cktile_16x128x256_1x4x1_16x16x128_intrawave_0x1x0_2,2,0,549.8098139534883,0.0,passed,
1408,7168,16384,cktile_2_split0,cktile,2,0,a8w8_blockscale_cktile_16x128x256_1x4x1_16x16x64_intrawave_0x1x0_1,2,1,577.1153750000003,0.0,passed,
1408,7168,16384,cktile_3_split0,cktile,3,0,a8w8_blockscale_cktile_16x128x256_1x4x1_16x16x64_intrawave_0x1x0_2,2,2,572.0632127659576,0.0,passed,
1408,7168,16384,cktile_4_split0,cktile,4,0,a8w8_blockscale_cktile_32x128x128_1x4x1_16x16x128_intrawave_0x1x0_1,2,3,437.5357600000001,0.0,passed,
1408,7168,16384,cktile_5_split0,cktile,5,0,a8w8_blockscale_cktile_32x128x128_1x4x1_16x16x128_intrawave_0x1x0_2,2,4,440.88136734693865,0.0,passed,
1408,7168,16384,cktile_6_split0,cktile,6,0,a8w8_blockscale_cktile_32x128x128_1x4x1_16x16x64_intrawave_0x1x0_1,2,5,441.3039090909088,0.0,passed,
1408,7168,16384,cktile_7_split0,cktile,7,0,a8w8_blockscale_cktile_32x128x128_1x4x1_16x16x64_intrawave_0x1x0_2,2,6,449.7326521739129,0.0,passed,
1408,7168,16384,cktile_8_split0,cktile,8,0,a8w8_blockscale_cktile_128x128x128_1x4x1_16x16x128_intrawave_0x1x0_1,2,7,514.97424,0.0,passed,
1408,7168,16384,cktile_9_split0,cktile,9,0,a8w8_blockscale_cktile_128x128x128_1x4x1_16x16x128_intrawave_0x1x0_1,2,8,516.7398599999999,0.0,passed,
1408,7168,16384,cktile_10_split0,cktile,10,0,a8w8_blockscale_cktile_128x128x128_2x2x1_16x16x128_intrawave_0x1x0_2,2,9,484.0394799999999,0.0,passed,
1408,7168,16384,cktile_11_split0,cktile,11,0,a8w8_blockscale_cktile_192x256x128_4x2x1_16x16x128_intrawave_0x1x0_1,2,10,187.23392000000004,0.0,passed,
1408,7168,16384,cktile_12_split0,cktile,12,0,a8w8_blockscale_cktile_192x256x128_4x2x1_16x16x128_intrawave_0x1x0_1_aqrm,2,11,230.004,0.0,passed,
1408,7168,16384,cktile_13_split0,cktile,13,0,a8w8_blockscale_cktile_16x128x256_1x4x1_16x16x128_intrawave_0x1x0_3,2,12,551.635916666667,0.0,passed,
1408,7168,16384,cktile_14_split0,cktile,14,0,a8w8_blockscale_cktile_16x128x256_1x4x1_16x16x128_intrawave_0x1x0_4,2,13,1113.609739130435,0.0,passed,
1408,7168,16384,cktile_15_split0,cktile,15,0,a8w8_blockscale_cktile_16x128x256_1x4x1_16x16x64_intrawave_0x1x0_3,2,14,573.3436999999999,0.0,passed,
1408,7168,16384,cktile_16_split0,cktile,16,0,a8w8_blockscale_cktile_16x128x256_1x4x1_16x16x64_intrawave_0x1x0_4,2,15,868.0225306122444,0.0,passed,
1408,7168,16384,cktile_17_split0,cktile,17,0,a8w8_blockscale_cktile_32x128x128_1x4x1_16x16x128_intrawave_0x1x0_3,2,16,435.5725399999999,0.0,passed,
1408,7168,16384,cktile_18_split0,cktile,18,0,a8w8_blockscale_cktile_32x128x128_1x4x1_16x16x128_intrawave_0x1x0_4,2,17,441.551,0.0,passed,
1408,7168,16384,cktile_19_split0,cktile,19,0,a8w8_blockscale_cktile_32x128x128_1x4x1_16x16x64_intrawave_0x1x0_3,2,18,447.98125,0.0,passed,
1408,7168,16384,cktile_20_split0,cktile,20,0,a8w8_blockscale_cktile_32x128x128_1x4x1_16x16x64_intrawave_0x1x0_4,2,19,448.63507500000014,0.0,passed,
1408,7168,16384,cktile_21_split0,cktile,21,0,a8w8_blockscale_cktile_128x128x128_1x4x1_16x16x128_intrawave_0x1x0_2,2,20,513.5718200000001,0.0,passed,
1408,7168,16384,cktile_22_split0,cktile,22,0,a8w8_blockscale_cktile_128x128x128_1x4x1_16x16x128_intrawave_0x1x0_3,2,21,1180.9305799999997,0.0,passed,
1408,7168,16384,cktile_23_split0,cktile,23,0,a8w8_blockscale_cktile_128x128x128_1x4x1_16x16x128_intrawave_0x1x0_4,2,22,1992.4509799999994,0.0,passed,
1408,7168,16384,cktile_24_split0,cktile,24,0,a8w8_blockscale_cktile_128x128x128_2x2x1_16x16x128_intrawave_0x1x0_1,2,23,488.47396000000003,0.0,passed,
1408,7168,16384,cktile_25_split0,cktile,25,0,a8w8_blockscale_cktile_128x128x128_2x2x1_16x16x128_intrawave_0x1x0_3,2,24,1223.6618958333331,0.0,passed,
1408,7168,16384,cktile_26_split0,cktile,26,0,a8w8_blockscale_cktile_128x128x128_2x2x1_16x16x128_intrawave_0x1x0_4,2,25,2875.6008372093006,0.0,passed,
1408,7168,16384,cktile_27_split0,cktile,27,0,a8w8_blockscale_cktile_192x256x128_4x2x1_16x16x128_intrawave_0x1x0_2,2,26,186.92271999999997,0.0,passed,
1408,7168,16384,cktile_28_split0,cktile,28,0,a8w8_blockscale_cktile_192x256x128_4x2x1_16x16x128_intrawave_0x1x0_3,2,27,185.5675,0.0,passed,
1408,7168,16384,cktile_29_split0,cktile,29,0,a8w8_blockscale_cktile_192x256x128_4x2x1_16x16x128_intrawave_0x1x0_4,2,28,187.11872,0.0,passed,
1408,7168,16384,cktile_30_split0,cktile,30,0,a8w8_blockscale_cktile_192x256x128_4x2x1_16x16x128_intrawave_0x1x0_2_aqrm,2,29,231.93842,0.0,passed,
1408,7168,16384,cktile_31_split0,cktile,31,0,a8w8_blockscale_cktile_192x256x128_4x2x1_16x16x128_intrawave_0x1x0_3_aqrm,2,30,231.65842,0.0,passed,
1408,7168,16384,cktile_32_split0,cktile,32,0,a8w8_blockscale_cktile_192x256x128_4x2x1_16x16x128_intrawave_0x1x0_4_aqrm,2,31,231.48962000000003,0.0,passed,
1408,7168,16384,opus_9010,opus,9010,0,opus_gemm_gfx950_a8w8_mxscale_gemm_bpreshuffle_256x128x128x128_2x2_16x16x128_1x128x128_tiles1_nooob,2,32,229.41039999999998,0.0,passed,
1408,7168,16384,opus_9011,opus,9011,0,opus_gemm_gfx950_a8w8_mxscale_gemm_bpreshuffle_256x64x128x128_2x2_16x16x128_1x128x128_tiles1_nooob,2,33,233.01844000000006,0.0,passed,
1408,7168,16384,opus_9012,opus,9012,0,opus_gemm_gfx950_a8w8_mxscale_gemm_bpreshuffle_256x64x64x128_2x2_16x16x128_1x128x128_tiles1_nooob,2,34,293.70355102040816,0.0,passed,
1408,7168,16384,opus_9020,opus,9020,0,opus_gemm_gfx950_a8w8_mxscale_gemm_bpreshuffle_256x256x256x128_2x2_16x16x128_1x128x128_tiles1,2,35,199.46286000000006,0.0,passed,
1408,7168,16384,ck_0_split0,ck,0,0,a8w8_blockscale_bpreshuffle_1x128x128_256x128x128x128_16x16_16x16_8x32x1_8x32x1_1x32x1x8_8_2x1_intrawave_v3,2,36,266.6953541666666,0.0,passed,
1408,7168,16384,ck_1_split0,ck,1,0,a8w8_blockscale_bpreshuffle_1x128x128_256x64x128x128_16x16_16x16_8x32x1_8x32x1_1x32x1x8_8_2x1_intrawave_v3,2,37,252.78376190476197,0.0,passed,
1408,7168,16384,ck_2_split0,ck,2,0,a8w8_blockscale_bpreshuffle_1x128x128_256x64x64x128_16x16_16x16_8x32x1_8x32x1_1x32x1x8_8_2x1_intrawave_v3,2,38,329.59473999999994,0.0,passed,
1408,7168,16384,ck_3_split0,ck,3,0,a8w8_blockscale_bpreshuffle_1x128x128_256x16x256x128_8x16_16x16_16x16x1_8x32x1_1x16x1x16_8_1x2_intrawave_v1,2,39,737.245638297872,0.0,passed,
1408,7168,16384,ck_4_split0,ck,4,0,a8w8_blockscale_bpreshuffle_1x128x128_256x16x128x128_8x16_16x16_16x16x1_8x32x1_1x16x1x16_8_1x2_intrawave_v1,2,40,544.1004680851063,0.0,passed,
1408,7168,16384,ck_5_split0,ck,5,0,a8w8_blockscale_bpreshuffle_1x128x128_256x16x64x128_8x16_16x16_16x16x1_8x32x1_1x16x1x16_4_1x1_intrawave_v1,2,41,624.9308800000001,0.0,passed,
1408,7168,16384,ck_6_split0,ck,6,0,a8w8_blockscale_bpreshuffle_1x128x128_256x16x128x256_16x16_16x16_16x16x1_16x16x1_1x16x1x16_8_1x2_intrawave_v1,2,42,541.6751458333332,0.0,passed,
1408,7168,16384,ck_7_split0,ck,7,0,a8w8_blockscale_bpreshuffle_1x128x128_256x16x64x256_16x16_16x16_16x16x1_16x16x1_1x16x1x16_4_1x1_intrawave_v1,2,43,600.3470851063831,0.0,passed,
1408,7168,16384,ck_8_split0,ck,8,0,a8w8_blockscale_bpreshuffle_1x128x128_256x32x256x128_16x16_16x16_8x32x1_8x32x1_1x32x1x8_8_2x1_intrawave_v1,2,44,424.5813999999999,0.0,passed,
1408,7168,16384,ck_9_split0,ck,9,0,a8w8_blockscale_bpreshuffle_1x128x128_256x32x128x128_16x16_16x16_8x32x1_8x32x1_1x32x1x8_8_2x1_intrawave_v1,2,45,340.0036666666667,0.0,passed,
1408,7168,16384,ck_10_split0,ck,10,0,a8w8_blockscale_bpreshuffle_1x128x128_256x32x64x128_16x16_16x16_8x32x1_8x32x1_1x32x1x8_8_2x1_intrawave_v1,2,46,411.17428571428576,0.0,passed,
1408,7168,16384,ck_11_split0,ck,11,0,a8w8_blockscale_bpreshuffle_1x128x128_256x32x128x256_16x16_16x16_16x16x1_16x16x1_1x32x1x8_8_2x1_intrawave_v1,2,47,345.2216170212767,0.0,passed,
1408,7168,16384,ck_12_split0,ck,12,0,a8w8_blockscale_bpreshuffle_1x128x128_256x32x64x256_16x16_16x16_16x16x1_16x16x1_1x32x1x8_8_2x1_intrawave_v1,2,48,412.88687999999985,0.0,passed,
1408,7168,16384,ck_13_split0,ck,13,0,a8w8_blockscale_bpreshuffle_1x128x128_256x64x256x128_16x16_16x16_8x32x1_8x32x1_1x32x1x8_8_2x1_intrawave_v1,2,49,271.01168000000007,0.0,passed,
1408,7168,16384,ck_14_split0,ck,14,0,a8w8_blockscale_bpreshuffle_1x128x128_256x64x128x128_16x16_16x16_8x32x1_8x32x1_1x32x1x8_8_2x1_intrawave_v1,2,50,255.77470000000005,0.0,passed,
1408,7168,16384,ck_15_split0,ck,15,0,a8w8_blockscale_bpreshuffle_1x128x128_256x64x64x128_16x16_16x16_8x32x1_8x32x1_1x32x1x8_8_2x1_intrawave_v1,2,51,325.27208163265306,0.0,passed,
1408,7168,16384,ck_16_split0,ck,16,0,a8w8_blockscale_bpreshuffle_1x128x128_256x64x128x256_16x16_16x16_16x16x1_16x16x1_1x32x1x8_8_2x1_intrawave_v1,2,52,278.4997599999999,0.0,passed,
1408,7168,16384,ck_17_split0,ck,17,0,a8w8_blockscale_bpreshuffle_1x128x128_256x64x64x256_16x16_16x16_16x16x1_16x16x1_1x32x1x8_8_2x1_intrawave_v1,2,53,346.5285199999999,0.0,passed,
1408,7168,16384,cktile_0_split0,cktile,0,0,a8w8_blockscale_cktile_16x128x256_1x4x1_16x16x128_intrawave_0x1x0_1,2,54,552.6522599999998,0.0,passed,
6144,7168,16384,cktile_0_split0,cktile,0,0,a8w8_blockscale_cktile_16x128x256_1x4x1_16x16x128_intrawave_0x1x0_1,0,0,2239.0737600000007,0.0,passed,
6144,7168,16384,cktile_1_split0,cktile,1,0,a8w8_blockscale_cktile_16x128x256_1x4x1_16x16x128_intrawave_0x1x0_2,0,1,2236.4057399999983,0.0,passed,
6144,7168,16384,cktile_2_split0,cktile,2,0,a8w8_blockscale_cktile_16x128x256_1x4x1_16x16x64_intrawave_0x1x0_1,0,2,2353.2470975609754,0.0,passed,
6144,7168,16384,cktile_3_split0,cktile,3,0,a8w8_blockscale_cktile_16x128x256_1x4x1_16x16x64_intrawave_0x1x0_2,0,3,2462.2209795918357,0.0,passed,
6144,7168,16384,cktile_4_split0,cktile,4,0,a8w8_blockscale_cktile_32x128x128_1x4x1_16x16x128_intrawave_0x1x0_1,0,4,1966.2888571428582,0.0,passed,
6144,7168,16384,cktile_5_split0,cktile,5,0,a8w8_blockscale_cktile_32x128x128_1x4x1_16x16x128_intrawave_0x1x0_2,0,5,1967.7890800000002,0.0,passed,
6144,7168,16384,cktile_6_split0,cktile,6,0,a8w8_blockscale_cktile_32x128x128_1x4x1_16x16x64_intrawave_0x1x0_1,0,6,1782.9470888888884,0.0,passed,
6144,7168,16384,cktile_7_split0,cktile,7,0,a8w8_blockscale_cktile_32x128x128_1x4x1_16x16x64_intrawave_0x1x0_2,0,7,1838.3420199999994,0.0,passed,
6144,7168,16384,cktile_8_split0,cktile,8,0,a8w8_blockscale_cktile_128x128x128_1x4x1_16x16x128_intrawave_0x1x0_1,0,8,1490.4372800000003,0.0,passed,
6144,7168,16384,cktile_9_split0,cktile,9,0,a8w8_blockscale_cktile_128x128x128_1x4x1_16x16x128_intrawave_0x1x0_1,0,9,1498.5733800000005,0.0,passed,
6144,7168,16384,cktile_10_split0,cktile,10,0,a8w8_blockscale_cktile_128x128x128_2x2x1_16x16x128_intrawave_0x1x0_2,0,10,1385.2225000000003,0.0,passed,
6144,7168,16384,cktile_11_split0,cktile,11,0,a8w8_blockscale_cktile_192x256x128_4x2x1_16x16x128_intrawave_0x1x0_1,0,11,737.9929599999999,0.0,passed,
6144,7168,16384,cktile_12_split0,cktile,12,0,a8w8_blockscale_cktile_192x256x128_4x2x1_16x16x128_intrawave_0x1x0_1_aqrm,0,12,892.4841250000003,0.0,passed,
6144,7168,16384,cktile_13_split0,cktile,13,0,a8w8_blockscale_cktile_16x128x256_1x4x1_16x16x128_intrawave_0x1x0_3,0,13,2258.877448979592,0.0,passed,
6144,7168,16384,cktile_14_split0,cktile,14,0,a8w8_blockscale_cktile_16x128x256_1x4x1_16x16x128_intrawave_0x1x0_4,0,14,5137.292160000001,0.0,passed,
6144,7168,16384,cktile_15_split0,cktile,15,0,a8w8_blockscale_cktile_16x128x256_1x4x1_16x16x64_intrawave_0x1x0_3,0,15,2353.438,0.0,passed,
6144,7168,16384,cktile_16_split0,cktile,16,0,a8w8_blockscale_cktile_16x128x256_1x4x1_16x16x64_intrawave_0x1x0_4,0,16,4701.248059999999,0.0,passed,
6144,7168,16384,cktile_17_split0,cktile,17,0,a8w8_blockscale_cktile_32x128x128_1x4x1_16x16x128_intrawave_0x1x0_3,0,17,1990.6733399999998,0.0,passed,
6144,7168,16384,cktile_18_split0,cktile,18,0,a8w8_blockscale_cktile_32x128x128_1x4x1_16x16x128_intrawave_0x1x0_4,0,18,2049.5028000000007,0.0,passed,
6144,7168,16384,cktile_19_split0,cktile,19,0,a8w8_blockscale_cktile_32x128x128_1x4x1_16x16x64_intrawave_0x1x0_3,0,19,1834.352632653061,0.0,passed,
6144,7168,16384,cktile_20_split0,cktile,20,0,a8w8_blockscale_cktile_32x128x128_1x4x1_16x16x64_intrawave_0x1x0_4,0,20,1841.171489795918,0.0,passed,
6144,7168,16384,cktile_21_split0,cktile,21,0,a8w8_blockscale_cktile_128x128x128_1x4x1_16x16x128_intrawave_0x1x0_2,0,21,1502.2029999999993,0.0,passed,
6144,7168,16384,cktile_22_split0,cktile,22,0,a8w8_blockscale_cktile_128x128x128_1x4x1_16x16x128_intrawave_0x1x0_3,0,22,4607.898960000003,0.0,passed,
6144,7168,16384,cktile_23_split0,cktile,23,0,a8w8_blockscale_cktile_128x128x128_1x4x1_16x16x128_intrawave_0x1x0_4,0,23,6973.843295454539,0.0,passed,
6144,7168,16384,cktile_24_split0,cktile,24,0,a8w8_blockscale_cktile_128x128x128_2x2x1_16x16x128_intrawave_0x1x0_1,0,24,1383.5494999999994,0.0,passed,
6144,7168,16384,cktile_25_split0,cktile,25,0,a8w8_blockscale_cktile_128x128x128_2x2x1_16x16x128_intrawave_0x1x0_3,0,25,4751.637081632654,0.0,passed,
6144,7168,16384,cktile_26_split0,cktile,26,0,a8w8_blockscale_cktile_128x128x128_2x2x1_16x16x128_intrawave_0x1x0_4,0,26,10585.558750000006,0.0,passed,
6144,7168,16384,cktile_27_split0,cktile,27,0,a8w8_blockscale_cktile_192x256x128_4x2x1_16x16x128_intrawave_0x1x0_2,0,27,739.20576,0.0,passed,
6144,7168,16384,cktile_28_split0,cktile,28,0,a8w8_blockscale_cktile_192x256x128_4x2x1_16x16x128_intrawave_0x1x0_3,0,28,739.7737599999999,0.0,passed,
6144,7168,16384,cktile_29_split0,cktile,29,0,a8w8_blockscale_cktile_192x256x128_4x2x1_16x16x128_intrawave_0x1x0_4,0,29,738.2913599999999,0.0,passed,
6144,7168,16384,cktile_30_split0,cktile,30,0,a8w8_blockscale_cktile_192x256x128_4x2x1_16x16x128_intrawave_0x1x0_2_aqrm,0,30,891.3441041666666,0.0,passed,
6144,7168,16384,cktile_31_split0,cktile,31,0,a8w8_blockscale_cktile_192x256x128_4x2x1_16x16x128_intrawave_0x1x0_3_aqrm,0,31,892.2563636363636,0.0,passed,
6144,7168,16384,cktile_32_split0,cktile,32,0,a8w8_blockscale_cktile_192x256x128_4x2x1_16x16x128_intrawave_0x1x0_4_aqrm,0,32,890.9698979591834,0.0,passed,
6144,7168,16384,opus_9000,opus,9000,0,opus_gemm_gfx950_a8w8_mxscale_gemm_bpreshuffle_256x256x256x128_2x2_16x16x128_1x128x128_tiles1_nooob,0,33,605.3626599999999,0.0,passed,
6144,7168,16384,opus_9010,opus,9010,0,opus_gemm_gfx950_a8w8_mxscale_gemm_bpreshuffle_256x128x128x128_2x2_16x16x128_1x128x128_tiles1_nooob,0,34,834.9592708333336,0.0,passed,
6144,7168,16384,opus_9011,opus,9011,0,opus_gemm_gfx950_a8w8_mxscale_gemm_bpreshuffle_256x64x128x128_2x2_16x16x128_1x128x128_tiles1_nooob,0,35,917.5549799999997,0.0,passed,
6144,7168,16384,opus_9012,opus,9012,0,opus_gemm_gfx950_a8w8_mxscale_gemm_bpreshuffle_256x64x64x128_2x2_16x16x128_1x128x128_tiles1_nooob,0,36,1557.35584,0.0,passed,
6144,7168,16384,opus_9020,opus,9020,0,opus_gemm_gfx950_a8w8_mxscale_gemm_bpreshuffle_256x256x256x128_2x2_16x16x128_1x128x128_tiles1,0,37,615.1355599999999,0.0,passed,
6144,7168,16384,ck_0_split0,ck,0,0,a8w8_blockscale_bpreshuffle_1x128x128_256x128x128x128_16x16_16x16_8x32x1_8x32x1_1x32x1x8_8_2x1_intrawave_v3,0,38,960.6274390243904,0.0,passed,
6144,7168,16384,ck_1_split0,ck,1,0,a8w8_blockscale_bpreshuffle_1x128x128_256x64x128x128_16x16_16x16_8x32x1_8x32x1_1x32x1x8_8_2x1_intrawave_v3,0,39,1015.8720999999995,0.0,passed,
6144,7168,16384,ck_2_split0,ck,2,0,a8w8_blockscale_bpreshuffle_1x128x128_256x64x64x128_16x16_16x16_8x32x1_8x32x1_1x32x1x8_8_2x1_intrawave_v3,0,40,1345.3222400000002,0.0,passed,
6144,7168,16384,ck_3_split0,ck,3,0,a8w8_blockscale_bpreshuffle_1x128x128_256x16x256x128_8x16_16x16_16x16x1_8x32x1_1x16x1x16_8_1x2_intrawave_v1,0,41,4944.2574081632665,0.0,passed,
6144,7168,16384,ck_4_split0,ck,4,0,a8w8_blockscale_bpreshuffle_1x128x128_256x16x128x128_8x16_16x16_16x16x1_8x32x1_1x16x1x16_8_1x2_intrawave_v1,0,42,2228.845428571428,0.0,passed,
6144,7168,16384,ck_5_split0,ck,5,0,a8w8_blockscale_bpreshuffle_1x128x128_256x16x64x128_8x16_16x16_16x16x1_8x32x1_1x16x1x16_4_1x1_intrawave_v1,0,43,2616.002200000001,0.0,passed,
6144,7168,16384,ck_6_split0,ck,6,0,a8w8_blockscale_bpreshuffle_1x128x128_256x16x128x256_16x16_16x16_16x16x1_16x16x1_1x16x1x16_8_1x2_intrawave_v1,0,44,2228.1925348837203,0.0,passed,
6144,7168,16384,ck_7_split0,ck,7,0,a8w8_blockscale_bpreshuffle_1x128x128_256x16x64x256_16x16_16x16_16x16x1_16x16x1_1x16x1x16_4_1x1_intrawave_v1,0,45,2553.908734693878,0.0,passed,
6144,7168,16384,ck_8_split0,ck,8,0,a8w8_blockscale_bpreshuffle_1x128x128_256x32x256x128_16x16_16x16_8x32x1_8x32x1_1x32x1x8_8_2x1_intrawave_v1,0,46,2575.2477234042562,0.0,passed,
6144,7168,16384,ck_9_split0,ck,9,0,a8w8_blockscale_bpreshuffle_1x128x128_256x32x128x128_16x16_16x16_8x32x1_8x32x1_1x32x1x8_8_2x1_intrawave_v1,0,47,1347.2080000000003,0.0,passed,
6144,7168,16384,ck_10_split0,ck,10,0,a8w8_blockscale_bpreshuffle_1x128x128_256x32x64x128_16x16_16x16_8x32x1_8x32x1_1x32x1x8_8_2x1_intrawave_v1,0,48,1666.8486874999992,0.0,passed,
6144,7168,16384,ck_11_split0,ck,11,0,a8w8_blockscale_bpreshuffle_1x128x128_256x32x128x256_16x16_16x16_16x16x1_16x16x1_1x32x1x8_8_2x1_intrawave_v1,0,49,1362.196083333334,0.0,passed,
6144,7168,16384,ck_12_split0,ck,12,0,a8w8_blockscale_bpreshuffle_1x128x128_256x32x64x256_16x16_16x16_16x16x1_16x16x1_1x32x1x8_8_2x1_intrawave_v1,0,50,1687.6156999999994,0.0,passed,
6144,7168,16384,ck_13_split0,ck,13,0,a8w8_blockscale_bpreshuffle_1x128x128_256x64x256x128_16x16_16x16_8x32x1_8x32x1_1x32x1x8_8_2x1_intrawave_v1,0,51,951.95616,0.0,passed,
6144,7168,16384,ck_14_split0,ck,14,0,a8w8_blockscale_bpreshuffle_1x128x128_256x64x128x128_16x16_16x16_8x32x1_8x32x1_1x32x1x8_8_2x1_intrawave_v1,0,52,1013.2984599999996,0.0,passed,
6144,7168,16384,ck_15_split0,ck,15,0,a8w8_blockscale_bpreshuffle_1x128x128_256x64x64x128_16x16_16x16_8x32x1_8x32x1_1x32x1x8_8_2x1_intrawave_v1,0,53,1325.0083061224489,0.0,passed,
6144,7168,16384,ck_16_split0,ck,16,0,a8w8_blockscale_bpreshuffle_1x128x128_256x64x128x256_16x16_16x16_16x16x1_16x16x1_1x32x1x8_8_2x1_intrawave_v1,0,54,1081.0648399999993,0.0,passed,
6144,7168,16384,ck_17_split0,ck,17,0,a8w8_blockscale_bpreshuffle_1x128x128_256x64x64x256_16x16_16x16_16x16x1_16x16x1_1x32x1x8_8_2x1_intrawave_v1,0,55,1402.7997333333335,0.0,passed,
6144,7168,16384,cktile_0_split0,cktile,0,0,a8w8_blockscale_cktile_16x128x256_1x4x1_16x16x128_intrawave_0x1x0_1,1,0,2242.7139795918374,0.0,passed,
6144,7168,16384,ck_17_split0,ck,17,0,a8w8_blockscale_bpreshuffle_1x128x128_256x64x64x256_16x16_16x16_16x16x1_16x16x1_1x32x1x8_8_2x1_intrawave_v1,1,1,1397.0756458333326,0.0,passed,
6144,7168,16384,ck_16_split0,ck,16,0,a8w8_blockscale_bpreshuffle_1x128x128_256x64x128x256_16x16_16x16_16x16x1_16x16x1_1x32x1x8_8_2x1_intrawave_v1,1,2,1077.1519799999999,0.0,passed,
6144,7168,16384,ck_15_split0,ck,15,0,a8w8_blockscale_bpreshuffle_1x128x128_256x64x64x128_16x16_16x16_8x32x1_8x32x1_1x32x1x8_8_2x1_intrawave_v1,1,3,1312.3826600000002,0.0,passed,
6144,7168,16384,ck_14_split0,ck,14,0,a8w8_blockscale_bpreshuffle_1x128x128_256x64x128x128_16x16_16x16_8x32x1_8x32x1_1x32x1x8_8_2x1_intrawave_v1,1,4,1008.9823999999998,0.0,passed,
6144,7168,16384,ck_13_split0,ck,13,0,a8w8_blockscale_bpreshuffle_1x128x128_256x64x256x128_16x16_16x16_8x32x1_8x32x1_1x32x1x8_8_2x1_intrawave_v1,1,5,946.5241200000003,0.0,passed,
6144,7168,16384,ck_12_split0,ck,12,0,a8w8_blockscale_bpreshuffle_1x128x128_256x32x64x256_16x16_16x16_16x16x1_16x16x1_1x32x1x8_8_2x1_intrawave_v1,1,6,1683.9228400000002,0.0,passed,
6144,7168,16384,ck_11_split0,ck,11,0,a8w8_blockscale_bpreshuffle_1x128x128_256x32x128x256_16x16_16x16_16x16x1_16x16x1_1x32x1x8_8_2x1_intrawave_v1,1,7,1357.9032666666676,0.0,passed,
6144,7168,16384,ck_10_split0,ck,10,0,a8w8_blockscale_bpreshuffle_1x128x128_256x32x64x128_16x16_16x16_8x32x1_8x32x1_1x32x1x8_8_2x1_intrawave_v1,1,8,1666.4553541666673,0.0,passed,
6144,7168,16384,ck_9_split0,ck,9,0,a8w8_blockscale_bpreshuffle_1x128x128_256x32x128x128_16x16_16x16_8x32x1_8x32x1_1x32x1x8_8_2x1_intrawave_v1,1,9,1347.5964666666673,0.0,passed,
6144,7168,16384,ck_8_split0,ck,8,0,a8w8_blockscale_bpreshuffle_1x128x128_256x32x256x128_16x16_16x16_8x32x1_8x32x1_1x32x1x8_8_2x1_intrawave_v1,1,10,2570.62648,0.0,passed,
6144,7168,16384,ck_7_split0,ck,7,0,a8w8_blockscale_bpreshuffle_1x128x128_256x16x64x256_16x16_16x16_16x16x1_16x16x1_1x16x1x16_4_1x1_intrawave_v1,1,11,2551.82786,0.0,passed,
6144,7168,16384,ck_6_split0,ck,6,0,a8w8_blockscale_bpreshuffle_1x128x128_256x16x128x256_16x16_16x16_16x16x1_16x16x1_1x16x1x16_8_1x2_intrawave_v1,1,12,2211.0739999999996,0.0,passed,
6144,7168,16384,ck_5_split0,ck,5,0,a8w8_blockscale_bpreshuffle_1x128x128_256x16x64x128_8x16_16x16_16x16x1_8x32x1_1x16x1x16_4_1x1_intrawave_v1,1,13,2619.1394583333345,0.0,passed,
6144,7168,16384,ck_4_split0,ck,4,0,a8w8_blockscale_bpreshuffle_1x128x128_256x16x128x128_8x16_16x16_16x16x1_8x32x1_1x16x1x16_8_1x2_intrawave_v1,1,14,2235.608775510203,0.0,passed,
6144,7168,16384,ck_3_split0,ck,3,0,a8w8_blockscale_bpreshuffle_1x128x128_256x16x256x128_8x16_16x16_16x16x1_8x32x1_1x16x1x16_8_1x2_intrawave_v1,1,15,4946.84056,0.0,passed,
6144,7168,16384,ck_2_split0,ck,2,0,a8w8_blockscale_bpreshuffle_1x128x128_256x64x64x128_16x16_16x16_8x32x1_8x32x1_1x32x1x8_8_2x1_intrawave_v3,1,16,1340.1549400000001,0.0,passed,
6144,7168,16384,ck_1_split0,ck,1,0,a8w8_blockscale_bpreshuffle_1x128x128_256x64x128x128_16x16_16x16_8x32x1_8x32x1_1x32x1x8_8_2x1_intrawave_v3,1,17,1015.5256799999999,0.0,passed,
6144,7168,16384,ck_0_split0,ck,0,0,a8w8_blockscale_bpreshuffle_1x128x128_256x128x128x128_16x16_16x16_8x32x1_8x32x1_1x32x1x8_8_2x1_intrawave_v3,1,18,955.957333333333,0.0,passed,
6144,7168,16384,opus_9020,opus,9020,0,opus_gemm_gfx950_a8w8_mxscale_gemm_bpreshuffle_256x256x256x128_2x2_16x16x128_1x128x128_tiles1,1,19,615.1811600000003,0.0,passed,
6144,7168,16384,opus_9012,opus,9012,0,opus_gemm_gfx950_a8w8_mxscale_gemm_bpreshuffle_256x64x64x128_2x2_16x16x128_1x128x128_tiles1_nooob,1,20,1563.7054799999996,0.0,passed,
6144,7168,16384,opus_9011,opus,9011,0,opus_gemm_gfx950_a8w8_mxscale_gemm_bpreshuffle_256x64x128x128_2x2_16x16x128_1x128x128_tiles1_nooob,1,21,916.3799795918362,0.0,passed,
6144,7168,16384,opus_9010,opus,9010,0,opus_gemm_gfx950_a8w8_mxscale_gemm_bpreshuffle_256x128x128x128_2x2_16x16x128_1x128x128_tiles1_nooob,1,22,834.8697234042558,0.0,passed,
6144,7168,16384,opus_9000,opus,9000,0,opus_gemm_gfx950_a8w8_mxscale_gemm_bpreshuffle_256x256x256x128_2x2_16x16x128_1x128x128_tiles1_nooob,1,23,603.50342,0.0,passed,
6144,7168,16384,cktile_32_split0,cktile,32,0,a8w8_blockscale_cktile_192x256x128_4x2x1_16x16x128_intrawave_0x1x0_4_aqrm,1,24,890.8882444444444,0.0,passed,
6144,7168,16384,cktile_31_split0,cktile,31,0,a8w8_blockscale_cktile_192x256x128_4x2x1_16x16x128_intrawave_0x1x0_3_aqrm,1,25,889.9424166666666,0.0,passed,
6144,7168,16384,cktile_30_split0,cktile,30,0,a8w8_blockscale_cktile_192x256x128_4x2x1_16x16x128_intrawave_0x1x0_2_aqrm,1,26,893.0499361702124,0.0,passed,
6144,7168,16384,cktile_29_split0,cktile,29,0,a8w8_blockscale_cktile_192x256x128_4x2x1_16x16x128_intrawave_0x1x0_4,1,27,738.1913400000002,0.0,passed,
6144,7168,16384,cktile_28_split0,cktile,28,0,a8w8_blockscale_cktile_192x256x128_4x2x1_16x16x128_intrawave_0x1x0_3,1,28,739.6697799999998,0.0,passed,
6144,7168,16384,cktile_27_split0,cktile,27,0,a8w8_blockscale_cktile_192x256x128_4x2x1_16x16x128_intrawave_0x1x0_2,1,29,739.44898,0.0,passed,
6144,7168,16384,cktile_26_split0,cktile,26,0,a8w8_blockscale_cktile_128x128x128_2x2x1_16x16x128_intrawave_0x1x0_4,1,30,10585.030279069768,0.0,passed,
6144,7168,16384,cktile_25_split0,cktile,25,0,a8w8_blockscale_cktile_128x128x128_2x2x1_16x16x128_intrawave_0x1x0_3,1,31,4743.221448979594,0.0,passed,
6144,7168,16384,cktile_24_split0,cktile,24,0,a8w8_blockscale_cktile_128x128x128_2x2x1_16x16x128_intrawave_0x1x0_1,1,32,1382.630440000001,0.0,passed,
6144,7168,16384,cktile_23_split0,cktile,23,0,a8w8_blockscale_cktile_128x128x128_1x4x1_16x16x128_intrawave_0x1x0_4,1,33,6972.399756097559,0.0,passed,
6144,7168,16384,cktile_22_split0,cktile,22,0,a8w8_blockscale_cktile_128x128x128_1x4x1_16x16x128_intrawave_0x1x0_3,1,34,4605.781300000001,0.0,passed,
6144,7168,16384,cktile_21_split0,cktile,21,0,a8w8_blockscale_cktile_128x128x128_1x4x1_16x16x128_intrawave_0x1x0_2,1,35,1499.7925400000001,0.0,passed,
6144,7168,16384,cktile_20_split0,cktile,20,0,a8w8_blockscale_cktile_32x128x128_1x4x1_16x16x64_intrawave_0x1x0_4,1,36,1834.590416666667,0.0,passed,
6144,7168,16384,cktile_19_split0,cktile,19,0,a8w8_blockscale_cktile_32x128x128_1x4x1_16x16x64_intrawave_0x1x0_3,1,37,1835.1804375000002,0.0,passed,
6144,7168,16384,cktile_18_split0,cktile,18,0,a8w8_blockscale_cktile_32x128x128_1x4x1_16x16x128_intrawave_0x1x0_4,1,38,2044.6915199999994,0.0,passed,
6144,7168,16384,cktile_17_split0,cktile,17,0,a8w8_blockscale_cktile_32x128x128_1x4x1_16x16x128_intrawave_0x1x0_3,1,39,1984.0188163265298,0.0,passed,
6144,7168,16384,cktile_16_split0,cktile,16,0,a8w8_blockscale_cktile_16x128x256_1x4x1_16x16x64_intrawave_0x1x0_4,1,40,4696.863119999999,0.0,passed,
6144,7168,16384,cktile_15_split0,cktile,15,0,a8w8_blockscale_cktile_16x128x256_1x4x1_16x16x64_intrawave_0x1x0_3,1,41,2316.970522727271,0.0,passed,
6144,7168,16384,cktile_14_split0,cktile,14,0,a8w8_blockscale_cktile_16x128x256_1x4x1_16x16x128_intrawave_0x1x0_4,1,42,5288.446619999998,0.0,passed,
6144,7168,16384,cktile_13_split0,cktile,13,0,a8w8_blockscale_cktile_16x128x256_1x4x1_16x16x128_intrawave_0x1x0_3,1,43,2262.0766086956505,0.0,passed,
6144,7168,16384,cktile_12_split0,cktile,12,0,a8w8_blockscale_cktile_192x256x128_4x2x1_16x16x128_intrawave_0x1x0_1_aqrm,1,44,893.6446666666664,0.0,passed,
6144,7168,16384,cktile_11_split0,cktile,11,0,a8w8_blockscale_cktile_192x256x128_4x2x1_16x16x128_intrawave_0x1x0_1,1,45,738.2945599999998,0.0,passed,
6144,7168,16384,cktile_10_split0,cktile,10,0,a8w8_blockscale_cktile_128x128x128_2x2x1_16x16x128_intrawave_0x1x0_2,1,46,1392.4308775510192,0.0,passed,
6144,7168,16384,cktile_9_split0,cktile,9,0,a8w8_blockscale_cktile_128x128x128_1x4x1_16x16x128_intrawave_0x1x0_1,1,47,1502.7731395348837,0.0,passed,
6144,7168,16384,cktile_8_split0,cktile,8,0,a8w8_blockscale_cktile_128x128x128_1x4x1_16x16x128_intrawave_0x1x0_1,1,48,1499.7282708333335,0.0,passed,
6144,7168,16384,cktile_7_split0,cktile,7,0,a8w8_blockscale_cktile_32x128x128_1x4x1_16x16x64_intrawave_0x1x0_2,1,49,1839.7723999999998,0.0,passed,
6144,7168,16384,cktile_6_split0,cktile,6,0,a8w8_blockscale_cktile_32x128x128_1x4x1_16x16x64_intrawave_0x1x0_1,1,50,1784.0122340425542,0.0,passed,
6144,7168,16384,cktile_5_split0,cktile,5,0,a8w8_blockscale_cktile_32x128x128_1x4x1_16x16x128_intrawave_0x1x0_2,1,51,1967.2002391304334,0.0,passed,
6144,7168,16384,cktile_4_split0,cktile,4,0,a8w8_blockscale_cktile_32x128x128_1x4x1_16x16x128_intrawave_0x1x0_1,1,52,1953.88088,0.0,passed,
6144,7168,16384,cktile_3_split0,cktile,3,0,a8w8_blockscale_cktile_16x128x256_1x4x1_16x16x64_intrawave_0x1x0_2,1,53,2411.089755102041,0.0,passed,
6144,7168,16384,cktile_2_split0,cktile,2,0,a8w8_blockscale_cktile_16x128x256_1x4x1_16x16x64_intrawave_0x1x0_1,1,54,2404.1531333333346,0.0,passed,
6144,7168,16384,cktile_1_split0,cktile,1,0,a8w8_blockscale_cktile_16x128x256_1x4x1_16x16x128_intrawave_0x1x0_2,1,55,2255.947480000001,0.0,passed,
6144,7168,16384,cktile_2_split0,cktile,2,0,a8w8_blockscale_cktile_16x128x256_1x4x1_16x16x64_intrawave_0x1x0_1,2,0,2553.8946122448956,0.0,passed,
6144,7168,16384,cktile_3_split0,cktile,3,0,a8w8_blockscale_cktile_16x128x256_1x4x1_16x16x64_intrawave_0x1x0_2,2,1,2503.9878999999983,0.0,passed,
6144,7168,16384,cktile_4_split0,cktile,4,0,a8w8_blockscale_cktile_32x128x128_1x4x1_16x16x128_intrawave_0x1x0_1,2,2,1983.362819999998,0.0,passed,
6144,7168,16384,cktile_5_split0,cktile,5,0,a8w8_blockscale_cktile_32x128x128_1x4x1_16x16x128_intrawave_0x1x0_2,2,3,1991.3892999999998,0.0,passed,
6144,7168,16384,cktile_6_split0,cktile,6,0,a8w8_blockscale_cktile_32x128x128_1x4x1_16x16x64_intrawave_0x1x0_1,2,4,1784.5381799999993,0.0,passed,
6144,7168,16384,cktile_7_split0,cktile,7,0,a8w8_blockscale_cktile_32x128x128_1x4x1_16x16x64_intrawave_0x1x0_2,2,5,1840.9673673469392,0.0,passed,
6144,7168,16384,cktile_8_split0,cktile,8,0,a8w8_blockscale_cktile_128x128x128_1x4x1_16x16x128_intrawave_0x1x0_1,2,6,1503.12112244898,0.0,passed,
6144,7168,16384,cktile_9_split0,cktile,9,0,a8w8_blockscale_cktile_128x128x128_1x4x1_16x16x128_intrawave_0x1x0_1,2,7,1494.3157000000015,0.0,passed,
6144,7168,16384,cktile_10_split0,cktile,10,0,a8w8_blockscale_cktile_128x128x128_2x2x1_16x16x128_intrawave_0x1x0_2,2,8,1385.0814081632648,0.0,passed,
6144,7168,16384,cktile_11_split0,cktile,11,0,a8w8_blockscale_cktile_192x256x128_4x2x1_16x16x128_intrawave_0x1x0_1,2,9,737.29534,0.0,passed,
6144,7168,16384,cktile_12_split0,cktile,12,0,a8w8_blockscale_cktile_192x256x128_4x2x1_16x16x128_intrawave_0x1x0_1_aqrm,2,10,887.2390227272728,0.0,passed,
6144,7168,16384,cktile_13_split0,cktile,13,0,a8w8_blockscale_cktile_16x128x256_1x4x1_16x16x128_intrawave_0x1x0_3,2,11,2260.1180212765944,0.0,passed,
6144,7168,16384,cktile_14_split0,cktile,14,0,a8w8_blockscale_cktile_16x128x256_1x4x1_16x16x128_intrawave_0x1x0_4,2,12,5209.24248,0.0,passed,
6144,7168,16384,cktile_15_split0,cktile,15,0,a8w8_blockscale_cktile_16x128x256_1x4x1_16x16x64_intrawave_0x1x0_3,2,13,2448.134244897958,0.0,passed,
6144,7168,16384,cktile_16_split0,cktile,16,0,a8w8_blockscale_cktile_16x128x256_1x4x1_16x16x64_intrawave_0x1x0_4,2,14,4699.90952,0.0,passed,
6144,7168,16384,cktile_17_split0,cktile,17,0,a8w8_blockscale_cktile_32x128x128_1x4x1_16x16x128_intrawave_0x1x0_3,2,15,1967.8300204081634,0.0,passed,
6144,7168,16384,cktile_18_split0,cktile,18,0,a8w8_blockscale_cktile_32x128x128_1x4x1_16x16x128_intrawave_0x1x0_4,2,16,2059.102059999999,0.0,passed,
6144,7168,16384,cktile_19_split0,cktile,19,0,a8w8_blockscale_cktile_32x128x128_1x4x1_16x16x64_intrawave_0x1x0_3,2,17,1837.5931800000008,0.0,passed,
6144,7168,16384,cktile_20_split0,cktile,20,0,a8w8_blockscale_cktile_32x128x128_1x4x1_16x16x64_intrawave_0x1x0_4,2,18,1840.045179999999,0.0,passed,
6144,7168,16384,cktile_21_split0,cktile,21,0,a8w8_blockscale_cktile_128x128x128_1x4x1_16x16x128_intrawave_0x1x0_2,2,19,1501.3221600000006,0.0,passed,
6144,7168,16384,cktile_22_split0,cktile,22,0,a8w8_blockscale_cktile_128x128x128_1x4x1_16x16x128_intrawave_0x1x0_3,2,20,4605.443639999997,0.0,passed,
6144,7168,16384,cktile_23_split0,cktile,23,0,a8w8_blockscale_cktile_128x128x128_1x4x1_16x16x128_intrawave_0x1x0_4,2,21,6973.580571428563,0.0,passed,
6144,7168,16384,cktile_24_split0,cktile,24,0,a8w8_blockscale_cktile_128x128x128_2x2x1_16x16x128_intrawave_0x1x0_1,2,22,1389.6689199999998,0.0,passed,
6144,7168,16384,cktile_25_split0,cktile,25,0,a8w8_blockscale_cktile_128x128x128_2x2x1_16x16x128_intrawave_0x1x0_3,2,23,4748.430079999997,0.0,passed,
6144,7168,16384,cktile_26_split0,cktile,26,0,a8w8_blockscale_cktile_128x128x128_2x2x1_16x16x128_intrawave_0x1x0_4,2,24,10583.503977272723,0.0,passed,
6144,7168,16384,cktile_27_split0,cktile,27,0,a8w8_blockscale_cktile_192x256x128_4x2x1_16x16x128_intrawave_0x1x0_2,2,25,737.12174,0.0,passed,
6144,7168,16384,cktile_28_split0,cktile,28,0,a8w8_blockscale_cktile_192x256x128_4x2x1_16x16x128_intrawave_0x1x0_3,2,26,738.8689599999997,0.0,passed,
6144,7168,16384,cktile_29_split0,cktile,29,0,a8w8_blockscale_cktile_192x256x128_4x2x1_16x16x128_intrawave_0x1x0_4,2,27,739.8969799999999,0.0,passed,
6144,7168,16384,cktile_30_split0,cktile,30,0,a8w8_blockscale_cktile_192x256x128_4x2x1_16x16x128_intrawave_0x1x0_2_aqrm,2,28,891.6781818181822,0.0,passed,
6144,7168,16384,cktile_31_split0,cktile,31,0,a8w8_blockscale_cktile_192x256x128_4x2x1_16x16x128_intrawave_0x1x0_3_aqrm,2,29,891.0849795918369,0.0,passed,
6144,7168,16384,cktile_32_split0,cktile,32,0,a8w8_blockscale_cktile_192x256x128_4x2x1_16x16x128_intrawave_0x1x0_4_aqrm,2,30,891.5557708333331,0.0,passed,
6144,7168,16384,opus_9000,opus,9000,0,opus_gemm_gfx950_a8w8_mxscale_gemm_bpreshuffle_256x256x256x128_2x2_16x16x128_1x128x128_tiles1_nooob,2,31,604.31462,0.0,passed,
6144,7168,16384,opus_9010,opus,9010,0,opus_gemm_gfx950_a8w8_mxscale_gemm_bpreshuffle_256x128x128x128_2x2_16x16x128_1x128x128_tiles1_nooob,2,32,834.7743829787225,0.0,passed,
6144,7168,16384,opus_9011,opus,9011,0,opus_gemm_gfx950_a8w8_mxscale_gemm_bpreshuffle_256x64x128x128_2x2_16x16x128_1x128x128_tiles1_nooob,2,33,912.7437000000001,0.0,passed,
6144,7168,16384,opus_9012,opus,9012,0,opus_gemm_gfx950_a8w8_mxscale_gemm_bpreshuffle_256x64x64x128_2x2_16x16x128_1x128x128_tiles1_nooob,2,34,1557.1094,0.0,passed,
6144,7168,16384,opus_9020,opus,9020,0,opus_gemm_gfx950_a8w8_mxscale_gemm_bpreshuffle_256x256x256x128_2x2_16x16x128_1x128x128_tiles1,2,35,615.00994,0.0,passed,
6144,7168,16384,ck_0_split0,ck,0,0,a8w8_blockscale_bpreshuffle_1x128x128_256x128x128x128_16x16_16x16_8x32x1_8x32x1_1x32x1x8_8_2x1_intrawave_v3,2,36,957.7185434782612,0.0,passed,
6144,7168,16384,ck_1_split0,ck,1,0,a8w8_blockscale_bpreshuffle_1x128x128_256x64x128x128_16x16_16x16_8x32x1_8x32x1_1x32x1x8_8_2x1_intrawave_v3,2,37,1016.6744800000004,0.0,passed,
6144,7168,16384,ck_2_split0,ck,2,0,a8w8_blockscale_bpreshuffle_1x128x128_256x64x64x128_16x16_16x16_8x32x1_8x32x1_1x32x1x8_8_2x1_intrawave_v3,2,38,1354.98647826087,0.0,passed,
6144,7168,16384,ck_3_split0,ck,3,0,a8w8_blockscale_bpreshuffle_1x128x128_256x16x256x128_8x16_16x16_16x16x1_8x32x1_1x16x1x16_8_1x2_intrawave_v1,2,39,4930.502061224488,0.0,passed,
6144,7168,16384,ck_4_split0,ck,4,0,a8w8_blockscale_bpreshuffle_1x128x128_256x16x128x128_8x16_16x16_16x16x1_8x32x1_1x16x1x16_8_1x2_intrawave_v1,2,40,2236.612711111111,0.0,passed,
6144,7168,16384,ck_5_split0,ck,5,0,a8w8_blockscale_bpreshuffle_1x128x128_256x16x64x128_8x16_16x16_16x16x1_8x32x1_1x16x1x16_4_1x1_intrawave_v1,2,41,2609.1805000000004,0.0,passed,
6144,7168,16384,ck_6_split0,ck,6,0,a8w8_blockscale_bpreshuffle_1x128x128_256x16x128x256_16x16_16x16_16x16x1_16x16x1_1x16x1x16_8_1x2_intrawave_v1,2,42,2217.5059523809523,0.0,passed,
6144,7168,16384,ck_7_split0,ck,7,0,a8w8_blockscale_bpreshuffle_1x128x128_256x16x64x256_16x16_16x16_16x16x1_16x16x1_1x16x1x16_4_1x1_intrawave_v1,2,43,2556.6838800000005,0.0,passed,
6144,7168,16384,ck_8_split0,ck,8,0,a8w8_blockscale_bpreshuffle_1x128x128_256x32x256x128_16x16_16x16_8x32x1_8x32x1_1x32x1x8_8_2x1_intrawave_v1,2,44,2570.5560400000004,0.0,passed,
6144,7168,16384,ck_9_split0,ck,9,0,a8w8_blockscale_bpreshuffle_1x128x128_256x32x128x128_16x16_16x16_8x32x1_8x32x1_1x32x1x8_8_2x1_intrawave_v1,2,45,1352.9929999999997,0.0,passed,
6144,7168,16384,ck_10_split0,ck,10,0,a8w8_blockscale_bpreshuffle_1x128x128_256x32x64x128_16x16_16x16_8x32x1_8x32x1_1x32x1x8_8_2x1_intrawave_v1,2,46,1670.258708333333,0.0,passed,
6144,7168,16384,ck_11_split0,ck,11,0,a8w8_blockscale_bpreshuffle_1x128x128_256x32x128x256_16x16_16x16_16x16x1_16x16x1_1x32x1x8_8_2x1_intrawave_v1,2,47,1361.7560416666665,0.0,passed,
6144,7168,16384,ck_12_split0,ck,12,0,a8w8_blockscale_bpreshuffle_1x128x128_256x32x64x256_16x16_16x16_16x16x1_16x16x1_1x32x1x8_8_2x1_intrawave_v1,2,48,1692.0874897959193,0.0,passed,
6144,7168,16384,ck_13_split0,ck,13,0,a8w8_blockscale_bpreshuffle_1x128x128_256x64x256x128_16x16_16x16_8x32x1_8x32x1_1x32x1x8_8_2x1_intrawave_v1,2,49,950.91374,0.0,passed,
6144,7168,16384,ck_14_split0,ck,14,0,a8w8_blockscale_bpreshuffle_1x128x128_256x64x128x128_16x16_16x16_8x32x1_8x32x1_1x32x1x8_8_2x1_intrawave_v1,2,50,1014.0416600000001,0.0,passed,
6144,7168,16384,ck_15_split0,ck,15,0,a8w8_blockscale_bpreshuffle_1x128x128_256x64x64x128_16x16_16x16_8x32x1_8x32x1_1x32x1x8_8_2x1_intrawave_v1,2,51,1322.642510204081,0.0,passed,
6144,7168,16384,ck_16_split0,ck,16,0,a8w8_blockscale_bpreshuffle_1x128x128_256x64x128x256_16x16_16x16_16x16x1_16x16x1_1x32x1x8_8_2x1_intrawave_v1,2,52,1080.9278749999996,0.0,passed,
6144,7168,16384,ck_17_split0,ck,17,0,a8w8_blockscale_bpreshuffle_1x128x128_256x64x64x256_16x16_16x16_16x16x1_16x16x1_1x32x1x8_8_2x1_intrawave_v1,2,53,1402.0281875,0.0,passed,
6144,7168,16384,cktile_0_split0,cktile,0,0,a8w8_blockscale_cktile_16x128x256_1x4x1_16x16x128_intrawave_0x1x0_1,2,54,2254.4961224489793,0.0,passed,
6144,7168,16384,cktile_1_split0,cktile,1,0,a8w8_blockscale_cktile_16x128x256_1x4x1_16x16x128_intrawave_0x1x0_2,2,55,2258.5435102040824,0.0,passed,
57344,7168,16384,cktile_1_split0,cktile,1,0,a8w8_blockscale_cktile_16x128x256_1x4x1_16x16x128_intrawave_0x1x0_2,0,0,20926.69155319151,0.0,passed,
57344,7168,16384,cktile_2_split0,cktile,2,0,a8w8_blockscale_cktile_16x128x256_1x4x1_16x16x64_intrawave_0x1x0_1,0,1,28035.739299999997,0.0,passed,
57344,7168,16384,cktile_3_split0,cktile,3,0,a8w8_blockscale_cktile_16x128x256_1x4x1_16x16x64_intrawave_0x1x0_2,0,2,29189.954680000017,0.0,passed,
57344,7168,16384,cktile_4_split0,cktile,4,0,a8w8_blockscale_cktile_32x128x128_1x4x1_16x16x128_intrawave_0x1x0_1,0,3,24575.94338,0.0,passed,
57344,7168,16384,cktile_5_split0,cktile,5,0,a8w8_blockscale_cktile_32x128x128_1x4x1_16x16x128_intrawave_0x1x0_2,0,4,24584.82025999997,0.0,passed,
57344,7168,16384,cktile_6_split0,cktile,6,0,a8w8_blockscale_cktile_32x128x128_1x4x1_16x16x64_intrawave_0x1x0_1,0,5,20349.15282608695,0.0,passed,
57344,7168,16384,cktile_7_split0,cktile,7,0,a8w8_blockscale_cktile_32x128x128_1x4x1_16x16x64_intrawave_0x1x0_2,0,6,23266.353833333327,0.0,passed,
57344,7168,16384,cktile_8_split0,cktile,8,0,a8w8_blockscale_cktile_128x128x128_1x4x1_16x16x128_intrawave_0x1x0_1,0,7,13104.585860000008,0.0,passed,
57344,7168,16384,cktile_9_split0,cktile,9,0,a8w8_blockscale_cktile_128x128x128_1x4x1_16x16x128_intrawave_0x1x0_1,0,8,13074.500282608698,0.0,passed,
57344,7168,16384,cktile_10_split0,cktile,10,0,a8w8_blockscale_cktile_128x128x128_2x2x1_16x16x128_intrawave_0x1x0_2,0,9,12443.882061224493,0.0,passed,
57344,7168,16384,cktile_11_split0,cktile,11,0,a8w8_blockscale_cktile_192x256x128_4x2x1_16x16x128_intrawave_0x1x0_1,0,10,6249.664499999999,0.0,passed,
57344,7168,16384,cktile_12_split0,cktile,12,0,a8w8_blockscale_cktile_192x256x128_4x2x1_16x16x128_intrawave_0x1x0_1_aqrm,0,11,7475.82252,0.0,passed,
57344,7168,16384,cktile_13_split0,cktile,13,0,a8w8_blockscale_cktile_16x128x256_1x4x1_16x16x128_intrawave_0x1x0_3,0,12,20992.08439999999,0.0,passed,
57344,7168,16384,cktile_14_split0,cktile,14,0,a8w8_blockscale_cktile_16x128x256_1x4x1_16x16x128_intrawave_0x1x0_4,0,13,64045.264978723375,0.0,passed,
57344,7168,16384,cktile_15_split0,cktile,15,0,a8w8_blockscale_cktile_16x128x256_1x4x1_16x16x64_intrawave_0x1x0_3,0,14,28033.959719999988,0.0,passed,
57344,7168,16384,cktile_16_split0,cktile,16,0,a8w8_blockscale_cktile_16x128x256_1x4x1_16x16x64_intrawave_0x1x0_4,0,15,46149.812458333276,0.0,passed,
57344,7168,16384,cktile_17_split0,cktile,17,0,a8w8_blockscale_cktile_32x128x128_1x4x1_16x16x128_intrawave_0x1x0_3,0,16,24554.237199999985,0.0,passed,
57344,7168,16384,cktile_18_split0,cktile,18,0,a8w8_blockscale_cktile_32x128x128_1x4x1_16x16x128_intrawave_0x1x0_4,0,17,24575.447,0.0,passed,
57344,7168,16384,cktile_19_split0,cktile,19,0,a8w8_blockscale_cktile_32x128x128_1x4x1_16x16x64_intrawave_0x1x0_3,0,18,23198.428280000007,0.0,passed,
57344,7168,16384,cktile_20_split0,cktile,20,0,a8w8_blockscale_cktile_32x128x128_1x4x1_16x16x64_intrawave_0x1x0_4,0,19,23289.808265306143,0.0,passed,
57344,7168,16384,cktile_21_split0,cktile,21,0,a8w8_blockscale_cktile_128x128x128_1x4x1_16x16x128_intrawave_0x1x0_2,0,20,13072.410120000006,0.0,passed,
57344,7168,16384,cktile_22_split0,cktile,22,0,a8w8_blockscale_cktile_128x128x128_1x4x1_16x16x128_intrawave_0x1x0_3,0,21,39988.00302,0.0,passed,
57344,7168,16384,cktile_23_split0,cktile,23,0,a8w8_blockscale_cktile_128x128x128_1x4x1_16x16x128_intrawave_0x1x0_4,0,22,61265.538619999985,0.0,passed,
57344,7168,16384,cktile_24_split0,cktile,24,0,a8w8_blockscale_cktile_128x128x128_2x2x1_16x16x128_intrawave_0x1x0_1,0,23,12440.223979166663,0.0,passed,
57344,7168,16384,cktile_25_split0,cktile,25,0,a8w8_blockscale_cktile_128x128x128_2x2x1_16x16x128_intrawave_0x1x0_3,0,24,40996.130857142845,0.0,passed,
57344,7168,16384,cktile_26_split0,cktile,26,0,a8w8_blockscale_cktile_128x128x128_2x2x1_16x16x128_intrawave_0x1x0_4,0,25,94611.26520408166,0.0,passed,
57344,7168,16384,cktile_27_split0,cktile,27,0,a8w8_blockscale_cktile_192x256x128_4x2x1_16x16x128_intrawave_0x1x0_2,0,26,6250.476041666669,0.0,passed,
57344,7168,16384,cktile_28_split0,cktile,28,0,a8w8_blockscale_cktile_192x256x128_4x2x1_16x16x128_intrawave_0x1x0_3,0,27,6269.322673469393,0.0,passed,
57344,7168,16384,cktile_29_split0,cktile,29,0,a8w8_blockscale_cktile_192x256x128_4x2x1_16x16x128_intrawave_0x1x0_4,0,28,6259.765499999998,0.0,passed,
57344,7168,16384,cktile_30_split0,cktile,30,0,a8w8_blockscale_cktile_192x256x128_4x2x1_16x16x128_intrawave_0x1x0_2_aqrm,0,29,7479.623239999999,0.0,passed,
57344,7168,16384,cktile_31_split0,cktile,31,0,a8w8_blockscale_cktile_192x256x128_4x2x1_16x16x128_intrawave_0x1x0_3_aqrm,0,30,7495.878416666664,0.0,passed,
57344,7168,16384,cktile_32_split0,cktile,32,0,a8w8_blockscale_cktile_192x256x128_4x2x1_16x16x128_intrawave_0x1x0_4_aqrm,0,31,7495.56502,0.0,passed,
57344,7168,16384,opus_9000,opus,9000,0,opus_gemm_gfx950_a8w8_mxscale_gemm_bpreshuffle_256x256x256x128_2x2_16x16x128_1x128x128_tiles1_nooob,0,32,5208.0585,0.0,passed,
57344,7168,16384,opus_9010,opus,9010,0,opus_gemm_gfx950_a8w8_mxscale_gemm_bpreshuffle_256x128x128x128_2x2_16x16x128_1x128x128_tiles1_nooob,0,33,8254.332795918368,0.0,passed,
57344,7168,16384,opus_9011,opus,9011,0,opus_gemm_gfx950_a8w8_mxscale_gemm_bpreshuffle_256x64x128x128_2x2_16x16x128_1x128x128_tiles1_nooob,0,34,13057.246020000002,0.0,passed,
57344,7168,16384,opus_9012,opus,9012,0,opus_gemm_gfx950_a8w8_mxscale_gemm_bpreshuffle_256x64x64x128_2x2_16x16x128_1x128x128_tiles1_nooob,0,35,16486.760479166678,0.0,passed,
57344,7168,16384,opus_9020,opus,9020,0,opus_gemm_gfx950_a8w8_mxscale_gemm_bpreshuffle_256x256x256x128_2x2_16x16x128_1x128x128_tiles1,0,36,5266.195899999999,0.0,passed,
57344,7168,16384,ck_0_split0,ck,0,0,a8w8_blockscale_bpreshuffle_1x128x128_256x128x128x128_16x16_16x16_8x32x1_8x32x1_1x32x1x8_8_2x1_intrawave_v3,0,37,8361.412360000004,0.0,passed,
57344,7168,16384,ck_1_split0,ck,1,0,a8w8_blockscale_bpreshuffle_1x128x128_256x64x128x128_16x16_16x16_8x32x1_8x32x1_1x32x1x8_8_2x1_intrawave_v3,0,38,9260.850274999999,0.0,passed,
57344,7168,16384,ck_2_split0,ck,2,0,a8w8_blockscale_bpreshuffle_1x128x128_256x64x64x128_16x16_16x16_8x32x1_8x32x1_1x32x1x8_8_2x1_intrawave_v3,0,39,12011.038239999998,0.0,passed,
57344,7168,16384,ck_3_split0,ck,3,0,a8w8_blockscale_bpreshuffle_1x128x128_256x16x256x128_8x16_16x16_16x16x1_8x32x1_1x16x1x16_8_1x2_intrawave_v1,0,40,51742.57506122449,0.0,passed,
57344,7168,16384,ck_4_split0,ck,4,0,a8w8_blockscale_bpreshuffle_1x128x128_256x16x128x128_8x16_16x16_16x16x1_8x32x1_1x16x1x16_8_1x2_intrawave_v1,0,41,22972.900040000015,0.0,passed,
57344,7168,16384,ck_5_split0,ck,5,0,a8w8_blockscale_bpreshuffle_1x128x128_256x16x64x128_8x16_16x16_16x16x1_8x32x1_1x16x1x16_4_1x1_intrawave_v1,0,42,24164.020639999984,0.0,passed,
57344,7168,16384,ck_6_split0,ck,6,0,a8w8_blockscale_bpreshuffle_1x128x128_256x16x128x256_16x16_16x16_16x16x1_16x16x1_1x16x1x16_8_1x2_intrawave_v1,0,43,28093.580099999992,0.0,passed,
57344,7168,16384,ck_7_split0,ck,7,0,a8w8_blockscale_bpreshuffle_1x128x128_256x16x64x256_16x16_16x16_16x16x1_16x16x1_1x16x1x16_4_1x1_intrawave_v1,0,44,23500.77591489362,0.0,passed,
57344,7168,16384,ck_8_split0,ck,8,0,a8w8_blockscale_bpreshuffle_1x128x128_256x32x256x128_16x16_16x16_8x32x1_8x32x1_1x32x1x8_8_2x1_intrawave_v1,0,45,27650.92820408163,0.0,passed,
57344,7168,16384,ck_9_split0,ck,9,0,a8w8_blockscale_bpreshuffle_1x128x128_256x32x128x128_16x16_16x16_8x32x1_8x32x1_1x32x1x8_8_2x1_intrawave_v1,0,46,14400.909653061211,0.0,passed,
57344,7168,16384,ck_10_split0,ck,10,0,a8w8_blockscale_bpreshuffle_1x128x128_256x32x64x128_16x16_16x16_8x32x1_8x32x1_1x32x1x8_8_2x1_intrawave_v1,0,47,15359.20302222222,0.0,passed,
57344,7168,16384,ck_11_split0,ck,11,0,a8w8_blockscale_bpreshuffle_1x128x128_256x32x128x256_16x16_16x16_16x16x1_16x16x1_1x32x1x8_8_2x1_intrawave_v1,0,48,17263.814120000003,0.0,passed,
57344,7168,16384,ck_12_split0,ck,12,0,a8w8_blockscale_bpreshuffle_1x128x128_256x32x64x256_16x16_16x16_16x16x1_16x16x1_1x32x1x8_8_2x1_intrawave_v1,0,49,15559.223719999995,0.0,passed,
57344,7168,16384,ck_13_split0,ck,13,0,a8w8_blockscale_bpreshuffle_1x128x128_256x64x256x128_16x16_16x16_8x32x1_8x32x1_1x32x1x8_8_2x1_intrawave_v1,0,50,8369.924874999997,0.0,passed,
57344,7168,16384,ck_14_split0,ck,14,0,a8w8_blockscale_bpreshuffle_1x128x128_256x64x128x128_16x16_16x16_8x32x1_8x32x1_1x32x1x8_8_2x1_intrawave_v1,0,51,9115.791408163263,0.0,passed,
57344,7168,16384,ck_15_split0,ck,15,0,a8w8_blockscale_bpreshuffle_1x128x128_256x64x64x128_16x16_16x16_8x32x1_8x32x1_1x32x1x8_8_2x1_intrawave_v1,0,52,11800.560387755106,0.0,passed,
57344,7168,16384,ck_16_split0,ck,16,0,a8w8_blockscale_bpreshuffle_1x128x128_256x64x128x256_16x16_16x16_16x16x1_16x16x1_1x32x1x8_8_2x1_intrawave_v1,0,53,9920.885978723407,0.0,passed,
57344,7168,16384,ck_17_split0,ck,17,0,a8w8_blockscale_bpreshuffle_1x128x128_256x64x64x256_16x16_16x16_16x16x1_16x16x1_1x32x1x8_8_2x1_intrawave_v1,0,54,13061.973755102039,0.0,passed,
57344,7168,16384,cktile_0_split0,cktile,0,0,a8w8_blockscale_cktile_16x128x256_1x4x1_16x16x128_intrawave_0x1x0_1,0,55,20932.44010204082,0.0,passed,
57344,7168,16384,cktile_1_split0,cktile,1,0,a8w8_blockscale_cktile_16x128x256_1x4x1_16x16x128_intrawave_0x1x0_2,1,0,20948.727875000015,0.0,passed,
57344,7168,16384,cktile_0_split0,cktile,0,0,a8w8_blockscale_cktile_16x128x256_1x4x1_16x16x128_intrawave_0x1x0_1,1,1,20946.007591836755,0.0,passed,
57344,7168,16384,ck_17_split0,ck,17,0,a8w8_blockscale_bpreshuffle_1x128x128_256x64x64x256_16x16_16x16_16x16x1_16x16x1_1x32x1x8_8_2x1_intrawave_v1,1,2,13060.863266666673,0.0,passed,
57344,7168,16384,ck_16_split0,ck,16,0,a8w8_blockscale_bpreshuffle_1x128x128_256x64x128x256_16x16_16x16_16x16x1_16x16x1_1x32x1x8_8_2x1_intrawave_v1,1,3,9928.813940000002,0.0,passed,
57344,7168,16384,ck_15_split0,ck,15,0,a8w8_blockscale_bpreshuffle_1x128x128_256x64x64x128_16x16_16x16_8x32x1_8x32x1_1x32x1x8_8_2x1_intrawave_v1,1,4,11805.95826,0.0,passed,
57344,7168,16384,ck_14_split0,ck,14,0,a8w8_blockscale_bpreshuffle_1x128x128_256x64x128x128_16x16_16x16_8x32x1_8x32x1_1x32x1x8_8_2x1_intrawave_v1,1,5,9108.337480000004,0.0,passed,
57344,7168,16384,ck_13_split0,ck,13,0,a8w8_blockscale_bpreshuffle_1x128x128_256x64x256x128_16x16_16x16_8x32x1_8x32x1_1x32x1x8_8_2x1_intrawave_v1,1,6,8355.177819999995,0.0,passed,
57344,7168,16384,ck_12_split0,ck,12,0,a8w8_blockscale_bpreshuffle_1x128x128_256x32x64x256_16x16_16x16_16x16x1_16x16x1_1x32x1x8_8_2x1_intrawave_v1,1,7,15539.017059999998,0.0,passed,
57344,7168,16384,ck_11_split0,ck,11,0,a8w8_blockscale_bpreshuffle_1x128x128_256x32x128x256_16x16_16x16_16x16x1_16x16x1_1x32x1x8_8_2x1_intrawave_v1,1,8,17344.94778000001,0.0,passed,
57344,7168,16384,ck_10_split0,ck,10,0,a8w8_blockscale_bpreshuffle_1x128x128_256x32x64x128_16x16_16x16_8x32x1_8x32x1_1x32x1x8_8_2x1_intrawave_v1,1,9,15331.362170212768,0.0,passed,
57344,7168,16384,ck_9_split0,ck,9,0,a8w8_blockscale_bpreshuffle_1x128x128_256x32x128x128_16x16_16x16_8x32x1_8x32x1_1x32x1x8_8_2x1_intrawave_v1,1,10,14786.5166,0.0,passed,
57344,7168,16384,ck_8_split0,ck,8,0,a8w8_blockscale_bpreshuffle_1x128x128_256x32x256x128_16x16_16x16_8x32x1_8x32x1_1x32x1x8_8_2x1_intrawave_v1,1,11,27332.1082,0.0,passed,
57344,7168,16384,ck_7_split0,ck,7,0,a8w8_blockscale_bpreshuffle_1x128x128_256x16x64x256_16x16_16x16_16x16x1_16x16x1_1x16x1x16_4_1x1_intrawave_v1,1,12,23480.379937500005,0.0,passed,
57344,7168,16384,ck_6_split0,ck,6,0,a8w8_blockscale_bpreshuffle_1x128x128_256x16x128x256_16x16_16x16_16x16x1_16x16x1_1x16x1x16_8_1x2_intrawave_v1,1,13,27587.46147999999,0.0,passed,
57344,7168,16384,ck_5_split0,ck,5,0,a8w8_blockscale_bpreshuffle_1x128x128_256x16x64x128_8x16_16x16_16x16x1_8x32x1_1x16x1x16_4_1x1_intrawave_v1,1,14,24109.723140000002,0.0,passed,
57344,7168,16384,ck_4_split0,ck,4,0,a8w8_blockscale_bpreshuffle_1x128x128_256x16x128x128_8x16_16x16_16x16x1_8x32x1_1x16x1x16_8_1x2_intrawave_v1,1,15,21859.098613636375,0.0,passed,
57344,7168,16384,ck_3_split0,ck,3,0,a8w8_blockscale_bpreshuffle_1x128x128_256x16x256x128_8x16_16x16_16x16x1_8x32x1_1x16x1x16_8_1x2_intrawave_v1,1,16,51887.44671428571,0.0,passed,
57344,7168,16384,ck_2_split0,ck,2,0,a8w8_blockscale_bpreshuffle_1x128x128_256x64x64x128_16x16_16x16_8x32x1_8x32x1_1x32x1x8_8_2x1_intrawave_v3,1,17,11998.880979591835,0.0,passed,
57344,7168,16384,ck_1_split0,ck,1,0,a8w8_blockscale_bpreshuffle_1x128x128_256x64x128x128_16x16_16x16_8x32x1_8x32x1_1x32x1x8_8_2x1_intrawave_v3,1,18,9568.597541666664,0.0,passed,
57344,7168,16384,ck_0_split0,ck,0,0,a8w8_blockscale_bpreshuffle_1x128x128_256x128x128x128_16x16_16x16_8x32x1_8x32x1_1x32x1x8_8_2x1_intrawave_v3,1,19,8333.847999999996,0.0,passed,
57344,7168,16384,opus_9020,opus,9020,0,opus_gemm_gfx950_a8w8_mxscale_gemm_bpreshuffle_256x256x256x128_2x2_16x16x128_1x128x128_tiles1,1,20,5248.431142857145,0.0,passed,
57344,7168,16384,opus_9012,opus,9012,0,opus_gemm_gfx950_a8w8_mxscale_gemm_bpreshuffle_256x64x64x128_2x2_16x16x128_1x128x128_tiles1_nooob,1,21,16479.606100000005,0.0,passed,
57344,7168,16384,opus_9011,opus,9011,0,opus_gemm_gfx950_a8w8_mxscale_gemm_bpreshuffle_256x64x128x128_2x2_16x16x128_1x128x128_tiles1_nooob,1,22,13112.038836734697,0.0,passed,
57344,7168,16384,opus_9010,opus,9010,0,opus_gemm_gfx950_a8w8_mxscale_gemm_bpreshuffle_256x128x128x128_2x2_16x16x128_1x128x128_tiles1_nooob,1,23,8271.187300000001,0.0,passed,
57344,7168,16384,opus_9000,opus,9000,0,opus_gemm_gfx950_a8w8_mxscale_gemm_bpreshuffle_256x256x256x128_2x2_16x16x128_1x128x128_tiles1_nooob,1,24,5198.72632,0.0,passed,
57344,7168,16384,cktile_32_split0,cktile,32,0,a8w8_blockscale_cktile_192x256x128_4x2x1_16x16x128_intrawave_0x1x0_4_aqrm,1,25,7482.926419999999,0.0,passed,
57344,7168,16384,cktile_31_split0,cktile,31,0,a8w8_blockscale_cktile_192x256x128_4x2x1_16x16x128_intrawave_0x1x0_3_aqrm,1,26,7501.127680851065,0.0,passed,
57344,7168,16384,cktile_30_split0,cktile,30,0,a8w8_blockscale_cktile_192x256x128_4x2x1_16x16x128_intrawave_0x1x0_2_aqrm,1,27,7490.362510204083,0.0,passed,
57344,7168,16384,cktile_29_split0,cktile,29,0,a8w8_blockscale_cktile_192x256x128_4x2x1_16x16x128_intrawave_0x1x0_4,1,28,6224.138448979589,0.0,passed,
57344,7168,16384,cktile_28_split0,cktile,28,0,a8w8_blockscale_cktile_192x256x128_4x2x1_16x16x128_intrawave_0x1x0_3,1,29,6234.588380000001,0.0,passed,
57344,7168,16384,cktile_27_split0,cktile,27,0,a8w8_blockscale_cktile_192x256x128_4x2x1_16x16x128_intrawave_0x1x0_2,1,30,6241.007659999998,0.0,passed,
57344,7168,16384,cktile_26_split0,cktile,26,0,a8w8_blockscale_cktile_128x128x128_2x2x1_16x16x128_intrawave_0x1x0_4,1,31,95020.19269999997,0.0,passed,
57344,7168,16384,cktile_25_split0,cktile,25,0,a8w8_blockscale_cktile_128x128x128_2x2x1_16x16x128_intrawave_0x1x0_3,1,32,40987.143560000004,0.0,passed,
57344,7168,16384,cktile_24_split0,cktile,24,0,a8w8_blockscale_cktile_128x128x128_2x2x1_16x16x128_intrawave_0x1x0_1,1,33,12438.330880000005,0.0,passed,
57344,7168,16384,cktile_23_split0,cktile,23,0,a8w8_blockscale_cktile_128x128x128_1x4x1_16x16x128_intrawave_0x1x0_4,1,34,61390.574220000046,0.0,passed,
57344,7168,16384,cktile_22_split0,cktile,22,0,a8w8_blockscale_cktile_128x128x128_1x4x1_16x16x128_intrawave_0x1x0_3,1,35,40020.51282000001,0.0,passed,
57344,7168,16384,cktile_21_split0,cktile,21,0,a8w8_blockscale_cktile_128x128x128_1x4x1_16x16x128_intrawave_0x1x0_2,1,36,13044.031448979604,0.0,passed,
57344,7168,16384,cktile_20_split0,cktile,20,0,a8w8_blockscale_cktile_32x128x128_1x4x1_16x16x64_intrawave_0x1x0_4,1,37,23166.36593877551,0.0,passed,
57344,7168,16384,cktile_19_split0,cktile,19,0,a8w8_blockscale_cktile_32x128x128_1x4x1_16x16x64_intrawave_0x1x0_3,1,38,23214.24508510639,0.0,passed,
57344,7168,16384,cktile_18_split0,cktile,18,0,a8w8_blockscale_cktile_32x128x128_1x4x1_16x16x128_intrawave_0x1x0_4,1,39,24648.308408163273,0.0,passed,
57344,7168,16384,cktile_17_split0,cktile,17,0,a8w8_blockscale_cktile_32x128x128_1x4x1_16x16x128_intrawave_0x1x0_3,1,40,24484.647816326513,0.0,passed,
57344,7168,16384,cktile_16_split0,cktile,16,0,a8w8_blockscale_cktile_16x128x256_1x4x1_16x16x64_intrawave_0x1x0_4,1,41,46045.087419999974,0.0,passed,
57344,7168,16384,cktile_15_split0,cktile,15,0,a8w8_blockscale_cktile_16x128x256_1x4x1_16x16x64_intrawave_0x1x0_3,1,42,28727.06903999999,0.0,passed,
57344,7168,16384,cktile_14_split0,cktile,14,0,a8w8_blockscale_cktile_16x128x256_1x4x1_16x16x128_intrawave_0x1x0_4,1,43,60810.76939999998,0.0,passed,
57344,7168,16384,cktile_13_split0,cktile,13,0,a8w8_blockscale_cktile_16x128x256_1x4x1_16x16x128_intrawave_0x1x0_3,1,44,21022.63509999999,0.0,passed,
57344,7168,16384,cktile_12_split0,cktile,12,0,a8w8_blockscale_cktile_192x256x128_4x2x1_16x16x128_intrawave_0x1x0_1_aqrm,1,45,7491.2979361702155,0.0,passed,
57344,7168,16384,cktile_11_split0,cktile,11,0,a8w8_blockscale_cktile_192x256x128_4x2x1_16x16x128_intrawave_0x1x0_1,1,46,6235.863720000005,0.0,passed,
57344,7168,16384,cktile_10_split0,cktile,10,0,a8w8_blockscale_cktile_128x128x128_2x2x1_16x16x128_intrawave_0x1x0_2,1,47,12446.43039999999,0.0,passed,
57344,7168,16384,cktile_9_split0,cktile,9,0,a8w8_blockscale_cktile_128x128x128_1x4x1_16x16x128_intrawave_0x1x0_1,1,48,13032.168693877555,0.0,passed,
57344,7168,16384,cktile_8_split0,cktile,8,0,a8w8_blockscale_cktile_128x128x128_1x4x1_16x16x128_intrawave_0x1x0_1,1,49,13040.345120000004,0.0,passed,
57344,7168,16384,cktile_7_split0,cktile,7,0,a8w8_blockscale_cktile_32x128x128_1x4x1_16x16x64_intrawave_0x1x0_2,1,50,23280.407333333333,0.0,passed,
57344,7168,16384,cktile_6_split0,cktile,6,0,a8w8_blockscale_cktile_32x128x128_1x4x1_16x16x64_intrawave_0x1x0_1,1,51,19931.80773999999,0.0,passed,
57344,7168,16384,cktile_5_split0,cktile,5,0,a8w8_blockscale_cktile_32x128x128_1x4x1_16x16x128_intrawave_0x1x0_2,1,52,24529.712460000002,0.0,passed,
57344,7168,16384,cktile_4_split0,cktile,4,0,a8w8_blockscale_cktile_32x128x128_1x4x1_16x16x128_intrawave_0x1x0_1,1,53,24545.9767,0.0,passed,
57344,7168,16384,cktile_3_split0,cktile,3,0,a8w8_blockscale_cktile_16x128x256_1x4x1_16x16x64_intrawave_0x1x0_2,1,54,28933.535079999976,0.0,passed,
57344,7168,16384,cktile_2_split0,cktile,2,0,a8w8_blockscale_cktile_16x128x256_1x4x1_16x16x64_intrawave_0x1x0_1,1,55,27554.17956000001,0.0,passed,
57344,7168,16384,cktile_3_split0,cktile,3,0,a8w8_blockscale_cktile_16x128x256_1x4x1_16x16x64_intrawave_0x1x0_2,2,0,28790.91933999999,0.0,passed,
57344,7168,16384,cktile_4_split0,cktile,4,0,a8w8_blockscale_cktile_32x128x128_1x4x1_16x16x128_intrawave_0x1x0_1,2,1,24570.870079999993,0.0,passed,
57344,7168,16384,cktile_5_split0,cktile,5,0,a8w8_blockscale_cktile_32x128x128_1x4x1_16x16x128_intrawave_0x1x0_2,2,2,24510.293439999987,0.0,passed,
57344,7168,16384,cktile_6_split0,cktile,6,0,a8w8_blockscale_cktile_32x128x128_1x4x1_16x16x64_intrawave_0x1x0_1,2,3,20179.82610416666,0.0,passed,
57344,7168,16384,cktile_7_split0,cktile,7,0,a8w8_blockscale_cktile_32x128x128_1x4x1_16x16x64_intrawave_0x1x0_2,2,4,23196.7475,0.0,passed,
57344,7168,16384,cktile_8_split0,cktile,8,0,a8w8_blockscale_cktile_128x128x128_1x4x1_16x16x128_intrawave_0x1x0_1,2,5,13043.94714285714,0.0,passed,
57344,7168,16384,cktile_9_split0,cktile,9,0,a8w8_blockscale_cktile_128x128x128_1x4x1_16x16x128_intrawave_0x1x0_1,2,6,13058.226520833332,0.0,passed,
57344,7168,16384,cktile_10_split0,cktile,10,0,a8w8_blockscale_cktile_128x128x128_2x2x1_16x16x128_intrawave_0x1x0_2,2,7,12449.32440000001,0.0,passed,
57344,7168,16384,cktile_11_split0,cktile,11,0,a8w8_blockscale_cktile_192x256x128_4x2x1_16x16x128_intrawave_0x1x0_1,2,8,6224.311820000003,0.0,passed,
57344,7168,16384,cktile_12_split0,cktile,12,0,a8w8_blockscale_cktile_192x256x128_4x2x1_16x16x128_intrawave_0x1x0_1_aqrm,2,9,7500.295765957449,0.0,passed,
57344,7168,16384,cktile_13_split0,cktile,13,0,a8w8_blockscale_cktile_16x128x256_1x4x1_16x16x128_intrawave_0x1x0_3,2,10,21007.341795918364,0.0,passed,
57344,7168,16384,cktile_14_split0,cktile,14,0,a8w8_blockscale_cktile_16x128x256_1x4x1_16x16x128_intrawave_0x1x0_4,2,11,61484.01717999997,0.0,passed,
57344,7168,16384,cktile_15_split0,cktile,15,0,a8w8_blockscale_cktile_16x128x256_1x4x1_16x16x64_intrawave_0x1x0_3,2,12,28849.83186,0.0,passed,
57344,7168,16384,cktile_16_split0,cktile,16,0,a8w8_blockscale_cktile_16x128x256_1x4x1_16x16x64_intrawave_0x1x0_4,2,13,46071.60385999999,0.0,passed,
57344,7168,16384,cktile_17_split0,cktile,17,0,a8w8_blockscale_cktile_32x128x128_1x4x1_16x16x128_intrawave_0x1x0_3,2,14,24496.471520000006,0.0,passed,
57344,7168,16384,cktile_18_split0,cktile,18,0,a8w8_blockscale_cktile_32x128x128_1x4x1_16x16x128_intrawave_0x1x0_4,2,15,24610.587260000015,0.0,passed,
57344,7168,16384,cktile_19_split0,cktile,19,0,a8w8_blockscale_cktile_32x128x128_1x4x1_16x16x64_intrawave_0x1x0_3,2,16,23245.527859999984,0.0,passed,
57344,7168,16384,cktile_20_split0,cktile,20,0,a8w8_blockscale_cktile_32x128x128_1x4x1_16x16x64_intrawave_0x1x0_4,2,17,23109.191979999985,0.0,passed,
57344,7168,16384,cktile_21_split0,cktile,21,0,a8w8_blockscale_cktile_128x128x128_1x4x1_16x16x128_intrawave_0x1x0_2,2,18,13039.972755102046,0.0,passed,
57344,7168,16384,cktile_22_split0,cktile,22,0,a8w8_blockscale_cktile_128x128x128_1x4x1_16x16x128_intrawave_0x1x0_3,2,19,39969.38333999997,0.0,passed,
57344,7168,16384,cktile_23_split0,cktile,23,0,a8w8_blockscale_cktile_128x128x128_1x4x1_16x16x128_intrawave_0x1x0_4,2,20,61385.62820000005,0.0,passed,
57344,7168,16384,cktile_24_split0,cktile,24,0,a8w8_blockscale_cktile_128x128x128_2x2x1_16x16x128_intrawave_0x1x0_1,2,21,12443.357183673472,0.0,passed,
57344,7168,16384,cktile_25_split0,cktile,25,0,a8w8_blockscale_cktile_128x128x128_2x2x1_16x16x128_intrawave_0x1x0_3,2,22,40967.297540000014,0.0,passed,
57344,7168,16384,cktile_26_split0,cktile,26,0,a8w8_blockscale_cktile_128x128x128_2x2x1_16x16x128_intrawave_0x1x0_4,2,23,95004.82725999998,0.0,passed,
57344,7168,16384,cktile_27_split0,cktile,27,0,a8w8_blockscale_cktile_192x256x128_4x2x1_16x16x128_intrawave_0x1x0_2,2,24,6252.525239999999,0.0,passed,
57344,7168,16384,cktile_28_split0,cktile,28,0,a8w8_blockscale_cktile_192x256x128_4x2x1_16x16x128_intrawave_0x1x0_3,2,25,6251.71564,0.0,passed,
57344,7168,16384,cktile_29_split0,cktile,29,0,a8w8_blockscale_cktile_192x256x128_4x2x1_16x16x128_intrawave_0x1x0_4,2,26,6223.776140000001,0.0,passed,
57344,7168,16384,cktile_30_split0,cktile,30,0,a8w8_blockscale_cktile_192x256x128_4x2x1_16x16x128_intrawave_0x1x0_2_aqrm,2,27,7496.04022,0.0,passed,
57344,7168,16384,cktile_31_split0,cktile,31,0,a8w8_blockscale_cktile_192x256x128_4x2x1_16x16x128_intrawave_0x1x0_3_aqrm,2,28,7499.0282400000015,0.0,passed,
57344,7168,16384,cktile_32_split0,cktile,32,0,a8w8_blockscale_cktile_192x256x128_4x2x1_16x16x128_intrawave_0x1x0_4_aqrm,2,29,7485.610520000001,0.0,passed,
57344,7168,16384,opus_9000,opus,9000,0,opus_gemm_gfx950_a8w8_mxscale_gemm_bpreshuffle_256x256x256x128_2x2_16x16x128_1x128x128_tiles1_nooob,2,30,5187.327580000001,0.0,passed,
57344,7168,16384,opus_9010,opus,9010,0,opus_gemm_gfx950_a8w8_mxscale_gemm_bpreshuffle_256x128x128x128_2x2_16x16x128_1x128x128_tiles1_nooob,2,31,8267.501799999998,0.0,passed,
57344,7168,16384,opus_9011,opus,9011,0,opus_gemm_gfx950_a8w8_mxscale_gemm_bpreshuffle_256x64x128x128_2x2_16x16x128_1x128x128_tiles1_nooob,2,32,13322.957599999998,0.0,passed,
57344,7168,16384,opus_9012,opus,9012,0,opus_gemm_gfx950_a8w8_mxscale_gemm_bpreshuffle_256x64x64x128_2x2_16x16x128_1x128x128_tiles1_nooob,2,33,16480.457639999993,0.0,passed,
57344,7168,16384,opus_9020,opus,9020,0,opus_gemm_gfx950_a8w8_mxscale_gemm_bpreshuffle_256x256x256x128_2x2_16x16x128_1x128x128_tiles1,2,34,5254.081960000002,0.0,passed,
57344,7168,16384,ck_0_split0,ck,0,0,a8w8_blockscale_bpreshuffle_1x128x128_256x128x128x128_16x16_16x16_8x32x1_8x32x1_1x32x1x8_8_2x1_intrawave_v3,2,35,8332.12658,0.0,passed,
57344,7168,16384,ck_1_split0,ck,1,0,a8w8_blockscale_bpreshuffle_1x128x128_256x64x128x128_16x16_16x16_8x32x1_8x32x1_1x32x1x8_8_2x1_intrawave_v3,2,36,9662.619102040817,0.0,passed,
57344,7168,16384,ck_2_split0,ck,2,0,a8w8_blockscale_bpreshuffle_1x128x128_256x64x64x128_16x16_16x16_8x32x1_8x32x1_1x32x1x8_8_2x1_intrawave_v3,2,37,11996.262679999994,0.0,passed,
57344,7168,16384,ck_3_split0,ck,3,0,a8w8_blockscale_bpreshuffle_1x128x128_256x16x256x128_8x16_16x16_16x16x1_8x32x1_1x16x1x16_8_1x2_intrawave_v1,2,38,51611.724099999985,0.0,passed,
57344,7168,16384,ck_4_split0,ck,4,0,a8w8_blockscale_bpreshuffle_1x128x128_256x16x128x128_8x16_16x16_16x16x1_8x32x1_1x16x1x16_8_1x2_intrawave_v1,2,39,22657.825312499994,0.0,passed,
57344,7168,16384,ck_5_split0,ck,5,0,a8w8_blockscale_bpreshuffle_1x128x128_256x16x64x128_8x16_16x16_16x16x1_8x32x1_1x16x1x16_4_1x1_intrawave_v1,2,40,24098.41833333334,0.0,passed,
57344,7168,16384,ck_6_split0,ck,6,0,a8w8_blockscale_bpreshuffle_1x128x128_256x16x128x256_16x16_16x16_16x16x1_16x16x1_1x16x1x16_8_1x2_intrawave_v1,2,41,28685.73376000001,0.0,passed,
57344,7168,16384,ck_7_split0,ck,7,0,a8w8_blockscale_bpreshuffle_1x128x128_256x16x64x256_16x16_16x16_16x16x1_16x16x1_1x16x1x16_4_1x1_intrawave_v1,2,42,23486.298580000006,0.0,passed,
57344,7168,16384,ck_8_split0,ck,8,0,a8w8_blockscale_bpreshuffle_1x128x128_256x32x256x128_16x16_16x16_8x32x1_8x32x1_1x32x1x8_8_2x1_intrawave_v1,2,43,27098.437420000006,0.0,passed,
57344,7168,16384,ck_9_split0,ck,9,0,a8w8_blockscale_bpreshuffle_1x128x128_256x32x128x128_16x16_16x16_8x32x1_8x32x1_1x32x1x8_8_2x1_intrawave_v1,2,44,14605.647081632662,0.0,passed,
57344,7168,16384,ck_10_split0,ck,10,0,a8w8_blockscale_bpreshuffle_1x128x128_256x32x64x128_16x16_16x16_8x32x1_8x32x1_1x32x1x8_8_2x1_intrawave_v1,2,45,15348.842630434787,0.0,passed,
57344,7168,16384,ck_11_split0,ck,11,0,a8w8_blockscale_bpreshuffle_1x128x128_256x32x128x256_16x16_16x16_16x16x1_16x16x1_1x32x1x8_8_2x1_intrawave_v1,2,46,18635.36666,0.0,passed,
57344,7168,16384,ck_12_split0,ck,12,0,a8w8_blockscale_bpreshuffle_1x128x128_256x32x64x256_16x16_16x16_16x16x1_16x16x1_1x32x1x8_8_2x1_intrawave_v1,2,47,15533.149744680855,0.0,passed,
57344,7168,16384,ck_13_split0,ck,13,0,a8w8_blockscale_bpreshuffle_1x128x128_256x64x256x128_16x16_16x16_8x32x1_8x32x1_1x32x1x8_8_2x1_intrawave_v1,2,48,8346.355779999998,0.0,passed,
57344,7168,16384,ck_14_split0,ck,14,0,a8w8_blockscale_bpreshuffle_1x128x128_256x64x128x128_16x16_16x16_8x32x1_8x32x1_1x32x1x8_8_2x1_intrawave_v1,2,49,9090.05466,0.0,passed,
57344,7168,16384,ck_15_split0,ck,15,0,a8w8_blockscale_bpreshuffle_1x128x128_256x64x64x128_16x16_16x16_8x32x1_8x32x1_1x32x1x8_8_2x1_intrawave_v1,2,50,11770.342059999995,0.0,passed,
57344,7168,16384,ck_16_split0,ck,16,0,a8w8_blockscale_bpreshuffle_1x128x128_256x64x128x256_16x16_16x16_16x16x1_16x16x1_1x32x1x8_8_2x1_intrawave_v1,2,51,9897.839100000003,0.0,passed,
57344,7168,16384,ck_17_split0,ck,17,0,a8w8_blockscale_bpreshuffle_1x128x128_256x64x64x256_16x16_16x16_16x16x1_16x16x1_1x32x1x8_8_2x1_intrawave_v1,2,52,13037.874139999996,0.0,passed,
57344,7168,16384,cktile_0_split0,cktile,0,0,a8w8_blockscale_cktile_16x128x256_1x4x1_16x16x128_intrawave_0x1x0_1,2,53,20923.605734693865,0.0,passed,
57344,7168,16384,cktile_1_split0,cktile,1,0,a8w8_blockscale_cktile_16x128x256_1x4x1_16x16x128_intrawave_0x1x0_2,2,54,20884.855434782607,0.0,passed,
57344,7168,16384,cktile_2_split0,cktile,2,0,a8w8_blockscale_cktile_16x128x256_1x4x1_16x16x64_intrawave_0x1x0_1,2,55,28858.48502000002,0.0,passed,
1664,16384,1536,cktile_2_split0,cktile,2,0,a8w8_blockscale_cktile_16x128x256_1x4x1_16x16x64_intrawave_0x1x0_1,0,0,158.84461999999994,0.0,passed,
1664,16384,1536,cktile_3_split0,cktile,3,0,a8w8_blockscale_cktile_16x128x256_1x4x1_16x16x64_intrawave_0x1x0_2,0,1,160.41743999999994,0.0,passed,
1664,16384,1536,cktile_4_split0,cktile,4,0,a8w8_blockscale_cktile_32x128x128_1x4x1_16x16x128_intrawave_0x1x0_1,0,2,106.99683999999996,0.0,passed,
1664,16384,1536,cktile_5_split0,cktile,5,0,a8w8_blockscale_cktile_32x128x128_1x4x1_16x16x128_intrawave_0x1x0_2,0,3,110.89526000000006,0.0,passed,
1664,16384,1536,cktile_6_split0,cktile,6,0,a8w8_blockscale_cktile_32x128x128_1x4x1_16x16x64_intrawave_0x1x0_1,0,4,115.50572000000004,0.0,passed,
1664,16384,1536,cktile_7_split0,cktile,7,0,a8w8_blockscale_cktile_32x128x128_1x4x1_16x16x64_intrawave_0x1x0_2,0,5,113.37689999999996,0.0,passed,
1664,16384,1536,cktile_8_split0,cktile,8,0,a8w8_blockscale_cktile_128x128x128_1x4x1_16x16x128_intrawave_0x1x0_1,0,6,102.73276000000007,0.0,passed,
1664,16384,1536,cktile_9_split0,cktile,9,0,a8w8_blockscale_cktile_128x128x128_1x4x1_16x16x128_intrawave_0x1x0_1,0,7,102.72316,0.0,passed,
1664,16384,1536,cktile_10_split0,cktile,10,0,a8w8_blockscale_cktile_128x128x128_2x2x1_16x16x128_intrawave_0x1x0_2,0,8,102.91917999999995,0.0,passed,
1664,16384,1536,cktile_11_split0,cktile,11,0,a8w8_blockscale_cktile_192x256x128_4x2x1_16x16x128_intrawave_0x1x0_1,0,9,66.39896000000002,0.0,passed,
1664,16384,1536,cktile_12_split0,cktile,12,0,a8w8_blockscale_cktile_192x256x128_4x2x1_16x16x128_intrawave_0x1x0_1_aqrm,0,10,68.35541304347826,0.0,passed,
1664,16384,1536,cktile_13_split0,cktile,13,0,a8w8_blockscale_cktile_16x128x256_1x4x1_16x16x128_intrawave_0x1x0_3,0,11,154.77258,0.0,passed,
1664,16384,1536,cktile_14_split0,cktile,14,0,a8w8_blockscale_cktile_16x128x256_1x4x1_16x16x128_intrawave_0x1x0_4,0,12,286.5980799999999,0.0,passed,
1664,16384,1536,cktile_15_split0,cktile,15,0,a8w8_blockscale_cktile_16x128x256_1x4x1_16x16x64_intrawave_0x1x0_3,0,13,161.87503999999993,0.0,passed,
1664,16384,1536,cktile_16_split0,cktile,16,0,a8w8_blockscale_cktile_16x128x256_1x4x1_16x16x64_intrawave_0x1x0_4,0,14,185.29852,0.0,passed,
1664,16384,1536,cktile_17_split0,cktile,17,0,a8w8_blockscale_cktile_32x128x128_1x4x1_16x16x128_intrawave_0x1x0_3,0,15,113.00328000000003,0.0,passed,
1664,16384,1536,cktile_18_split0,cktile,18,0,a8w8_blockscale_cktile_32x128x128_1x4x1_16x16x128_intrawave_0x1x0_4,0,16,112.6001,0.0,passed,
1664,16384,1536,cktile_19_split0,cktile,19,0,a8w8_blockscale_cktile_32x128x128_1x4x1_16x16x64_intrawave_0x1x0_3,0,17,116.01852000000002,0.0,passed,
1664,16384,1536,cktile_20_split0,cktile,20,0,a8w8_blockscale_cktile_32x128x128_1x4x1_16x16x64_intrawave_0x1x0_4,0,18,113.67689999999995,0.0,passed,
1664,16384,1536,cktile_21_split0,cktile,21,0,a8w8_blockscale_cktile_128x128x128_1x4x1_16x16x128_intrawave_0x1x0_2,0,19,103.74718000000003,0.0,passed,
1664,16384,1536,cktile_22_split0,cktile,22,0,a8w8_blockscale_cktile_128x128x128_1x4x1_16x16x128_intrawave_0x1x0_3,0,20,300.48865909090904,0.0,passed,
1664,16384,1536,cktile_23_split0,cktile,23,0,a8w8_blockscale_cktile_128x128x128_1x4x1_16x16x128_intrawave_0x1x0_4,0,21,447.2320212765958,0.0,passed,
1664,16384,1536,cktile_24_split0,cktile,24,0,a8w8_blockscale_cktile_128x128x128_2x2x1_16x16x128_intrawave_0x1x0_1,0,22,103.11998000000003,0.0,passed,
1664,16384,1536,cktile_25_split0,cktile,25,0,a8w8_blockscale_cktile_128x128x128_2x2x1_16x16x128_intrawave_0x1x0_3,0,23,318.43208695652163,0.0,passed,
1664,16384,1536,cktile_26_split0,cktile,26,0,a8w8_blockscale_cktile_128x128x128_2x2x1_16x16x128_intrawave_0x1x0_4,0,24,641.4878125,0.0,passed,
1664,16384,1536,cktile_27_split0,cktile,27,0,a8w8_blockscale_cktile_192x256x128_4x2x1_16x16x128_intrawave_0x1x0_2,0,25,66.28696,0.0,passed,
1664,16384,1536,cktile_28_split0,cktile,28,0,a8w8_blockscale_cktile_192x256x128_4x2x1_16x16x128_intrawave_0x1x0_3,0,26,66.61095999999999,0.0,passed,
1664,16384,1536,cktile_29_split0,cktile,29,0,a8w8_blockscale_cktile_192x256x128_4x2x1_16x16x128_intrawave_0x1x0_4,0,27,66.49336000000001,0.0,passed,
1664,16384,1536,cktile_30_split0,cktile,30,0,a8w8_blockscale_cktile_192x256x128_4x2x1_16x16x128_intrawave_0x1x0_2_aqrm,0,28,68.35081632653066,0.0,passed,
1664,16384,1536,cktile_31_split0,cktile,31,0,a8w8_blockscale_cktile_192x256x128_4x2x1_16x16x128_intrawave_0x1x0_3_aqrm,0,29,68.60379999999998,0.0,passed,
1664,16384,1536,cktile_32_split0,cktile,32,0,a8w8_blockscale_cktile_192x256x128_4x2x1_16x16x128_intrawave_0x1x0_4_aqrm,0,30,68.73097999999999,0.0,passed,
1664,16384,1536,opus_9010,opus,9010,0,opus_gemm_gfx950_a8w8_mxscale_gemm_bpreshuffle_256x128x128x128_2x2_16x16x128_1x128x128_tiles1_nooob,0,31,87.412,0.0,passed,
1664,16384,1536,opus_9011,opus,9011,0,opus_gemm_gfx950_a8w8_mxscale_gemm_bpreshuffle_256x64x128x128_2x2_16x16x128_1x128x128_tiles1_nooob,0,32,81.43112000000002,0.0,passed,
1664,16384,1536,opus_9012,opus,9012,0,opus_gemm_gfx950_a8w8_mxscale_gemm_bpreshuffle_256x64x64x128_2x2_16x16x128_1x128x128_tiles1_nooob,0,33,101.63776000000006,0.0,passed,
1664,16384,1536,opus_9020,opus,9020,0,opus_gemm_gfx950_a8w8_mxscale_gemm_bpreshuffle_256x256x256x128_2x2_16x16x128_1x128x128_tiles1,0,34,57.538860000000014,0.0,passed,
1664,16384,1536,ck_0_split0,ck,0,0,a8w8_blockscale_bpreshuffle_1x128x128_256x128x128x128_16x16_16x16_8x32x1_8x32x1_1x32x1x8_8_2x1_intrawave_v3,0,35,79.18390000000001,0.0,passed,
1664,16384,1536,ck_1_split0,ck,1,0,a8w8_blockscale_bpreshuffle_1x128x128_256x64x128x128_16x16_16x16_8x32x1_8x32x1_1x32x1x8_8_2x1_intrawave_v3,0,36,78.01990000000002,0.0,passed,
1664,16384,1536,ck_2_split0,ck,2,0,a8w8_blockscale_bpreshuffle_1x128x128_256x64x64x128_16x16_16x16_8x32x1_8x32x1_1x32x1x8_8_2x1_intrawave_v3,0,37,97.65691999999996,0.0,passed,
1664,16384,1536,ck_3_split0,ck,3,0,a8w8_blockscale_bpreshuffle_1x128x128_256x16x256x128_8x16_16x16_16x16x1_8x32x1_1x16x1x16_8_1x2_intrawave_v1,0,38,139.99260000000004,0.0,passed,
1664,16384,1536,ck_4_split0,ck,4,0,a8w8_blockscale_bpreshuffle_1x128x128_256x16x128x128_8x16_16x16_16x16x1_8x32x1_1x16x1x16_8_1x2_intrawave_v1,0,39,152.40393999999998,0.0,passed,
1664,16384,1536,ck_5_split0,ck,5,0,a8w8_blockscale_bpreshuffle_1x128x128_256x16x64x128_8x16_16x16_16x16x1_8x32x1_1x16x1x16_4_1x1_intrawave_v1,0,40,177.58342000000007,0.0,passed,
1664,16384,1536,ck_6_split0,ck,6,0,a8w8_blockscale_bpreshuffle_1x128x128_256x16x128x256_16x16_16x16_16x16x1_16x16x1_1x16x1x16_8_1x2_intrawave_v1,0,41,146.65667999999997,0.0,passed,
1664,16384,1536,ck_7_split0,ck,7,0,a8w8_blockscale_bpreshuffle_1x128x128_256x16x64x256_16x16_16x16_16x16x1_16x16x1_1x16x1x16_4_1x1_intrawave_v1,0,42,171.74364864864867,0.0,passed,
1664,16384,1536,ck_8_split0,ck,8,0,a8w8_blockscale_bpreshuffle_1x128x128_256x32x256x128_16x16_16x16_8x32x1_8x32x1_1x32x1x8_8_2x1_intrawave_v1,0,43,87.38800000000005,0.0,passed,
1664,16384,1536,ck_9_split0,ck,9,0,a8w8_blockscale_bpreshuffle_1x128x128_256x32x128x128_16x16_16x16_8x32x1_8x32x1_1x32x1x8_8_2x1_intrawave_v1,0,44,95.22487999999996,0.0,passed,
1664,16384,1536,ck_10_split0,ck,10,0,a8w8_blockscale_bpreshuffle_1x128x128_256x32x64x128_16x16_16x16_8x32x1_8x32x1_1x32x1x8_8_2x1_intrawave_v1,0,45,113.85069999999997,0.0,passed,
1664,16384,1536,ck_11_split0,ck,11,0,a8w8_blockscale_bpreshuffle_1x128x128_256x32x128x256_16x16_16x16_16x16x1_16x16x1_1x32x1x8_8_2x1_intrawave_v1,0,46,100.37373999999998,0.0,passed,
1664,16384,1536,ck_12_split0,ck,12,0,a8w8_blockscale_bpreshuffle_1x128x128_256x32x64x256_16x16_16x16_16x16x1_16x16x1_1x32x1x8_8_2x1_intrawave_v1,0,47,119.10758000000004,0.0,passed,
1664,16384,1536,ck_13_split0,ck,13,0,a8w8_blockscale_bpreshuffle_1x128x128_256x64x256x128_16x16_16x16_8x32x1_8x32x1_1x32x1x8_8_2x1_intrawave_v1,0,48,78.4031,0.0,passed,
1664,16384,1536,ck_14_split0,ck,14,0,a8w8_blockscale_bpreshuffle_1x128x128_256x64x128x128_16x16_16x16_8x32x1_8x32x1_1x32x1x8_8_2x1_intrawave_v1,0,49,81.32792000000003,0.0,passed,
1664,16384,1536,ck_15_split0,ck,15,0,a8w8_blockscale_bpreshuffle_1x128x128_256x64x64x128_16x16_16x16_8x32x1_8x32x1_1x32x1x8_8_2x1_intrawave_v1,0,50,96.91849999999997,0.0,passed,
1664,16384,1536,ck_16_split0,ck,16,0,a8w8_blockscale_bpreshuffle_1x128x128_256x64x128x256_16x16_16x16_16x16x1_16x16x1_1x32x1x8_8_2x1_intrawave_v1,0,51,88.06799999999997,0.0,passed,
1664,16384,1536,ck_17_split0,ck,17,0,a8w8_blockscale_bpreshuffle_1x128x128_256x64x64x256_16x16_16x16_16x16x1_16x16x1_1x32x1x8_8_2x1_intrawave_v1,0,52,112.74669999999998,0.0,passed,
1664,16384,1536,cktile_0_split0,cktile,0,0,a8w8_blockscale_cktile_16x128x256_1x4x1_16x16x128_intrawave_0x1x0_1,0,53,154.60376000000002,0.0,passed,
1664,16384,1536,cktile_1_split0,cktile,1,0,a8w8_blockscale_cktile_16x128x256_1x4x1_16x16x128_intrawave_0x1x0_2,0,54,152.76302040816327,0.0,passed,
1664,16384,1536,cktile_2_split0,cktile,2,0,a8w8_blockscale_cktile_16x128x256_1x4x1_16x16x64_intrawave_0x1x0_1,1,0,160.44544,0.0,passed,
1664,16384,1536,cktile_1_split0,cktile,1,0,a8w8_blockscale_cktile_16x128x256_1x4x1_16x16x128_intrawave_0x1x0_2,1,1,154.90778000000006,0.0,passed,
1664,16384,1536,cktile_0_split0,cktile,0,0,a8w8_blockscale_cktile_16x128x256_1x4x1_16x16x128_intrawave_0x1x0_1,1,2,153.64855999999997,0.0,passed,
1664,16384,1536,ck_17_split0,ck,17,0,a8w8_blockscale_bpreshuffle_1x128x128_256x64x64x256_16x16_16x16_16x16x1_16x16x1_1x32x1x8_8_2x1_intrawave_v1,1,3,111.36668,0.0,passed,
1664,16384,1536,ck_16_split0,ck,16,0,a8w8_blockscale_bpreshuffle_1x128x128_256x64x128x256_16x16_16x16_16x16x1_16x16x1_1x32x1x8_8_2x1_intrawave_v1,1,4,86.61438000000005,0.0,passed,
1664,16384,1536,ck_15_split0,ck,15,0,a8w8_blockscale_bpreshuffle_1x128x128_256x64x64x128_16x16_16x16_8x32x1_8x32x1_1x32x1x8_8_2x1_intrawave_v1,1,5,96.51529999999998,0.0,passed,
1664,16384,1536,ck_14_split0,ck,14,0,a8w8_blockscale_bpreshuffle_1x128x128_256x64x128x128_16x16_16x16_8x32x1_8x32x1_1x32x1x8_8_2x1_intrawave_v1,1,6,77.59188000000002,0.0,passed,
1664,16384,1536,ck_13_split0,ck,13,0,a8w8_blockscale_bpreshuffle_1x128x128_256x64x256x128_16x16_16x16_8x32x1_8x32x1_1x32x1x8_8_2x1_intrawave_v1,1,7,77.52628000000003,0.0,passed,
1664,16384,1536,ck_12_split0,ck,12,0,a8w8_blockscale_bpreshuffle_1x128x128_256x32x64x256_16x16_16x16_16x16x1_16x16x1_1x32x1x8_8_2x1_intrawave_v1,1,8,119.63236,0.0,passed,
1664,16384,1536,ck_11_split0,ck,11,0,a8w8_blockscale_bpreshuffle_1x128x128_256x32x128x256_16x16_16x16_16x16x1_16x16x1_1x32x1x8_8_2x1_intrawave_v1,1,9,98.40654,0.0,passed,
1664,16384,1536,ck_10_split0,ck,10,0,a8w8_blockscale_bpreshuffle_1x128x128_256x32x64x128_16x16_16x16_8x32x1_8x32x1_1x32x1x8_8_2x1_intrawave_v1,1,10,112.72987999999995,0.0,passed,
1664,16384,1536,ck_9_split0,ck,9,0,a8w8_blockscale_bpreshuffle_1x128x128_256x32x128x128_16x16_16x16_8x32x1_8x32x1_1x32x1x8_8_2x1_intrawave_v1,1,11,94.49208,0.0,passed,
1664,16384,1536,ck_8_split0,ck,8,0,a8w8_blockscale_bpreshuffle_1x128x128_256x32x256x128_16x16_16x16_8x32x1_8x32x1_1x32x1x8_8_2x1_intrawave_v1,1,12,92.15603999999998,0.0,passed,
1664,16384,1536,ck_7_split0,ck,7,0,a8w8_blockscale_bpreshuffle_1x128x128_256x16x64x256_16x16_16x16_16x16x1_16x16x1_1x16x1x16_4_1x1_intrawave_v1,1,13,171.01694,0.0,passed,
1664,16384,1536,ck_6_split0,ck,6,0,a8w8_blockscale_bpreshuffle_1x128x128_256x16x128x256_16x16_16x16_16x16x1_16x16x1_1x16x1x16_8_1x2_intrawave_v1,1,14,147.97830000000008,0.0,passed,
1664,16384,1536,ck_5_split0,ck,5,0,a8w8_blockscale_bpreshuffle_1x128x128_256x16x64x128_8x16_16x16_16x16x1_8x32x1_1x16x1x16_4_1x1_intrawave_v1,1,15,177.71143999999995,0.0,passed,
1664,16384,1536,ck_4_split0,ck,4,0,a8w8_blockscale_bpreshuffle_1x128x128_256x16x128x128_8x16_16x16_16x16x1_8x32x1_1x16x1x16_8_1x2_intrawave_v1,1,16,150.95114,0.0,passed,
1664,16384,1536,ck_3_split0,ck,3,0,a8w8_blockscale_bpreshuffle_1x128x128_256x16x256x128_8x16_16x16_16x16x1_8x32x1_1x16x1x16_8_1x2_intrawave_v1,1,17,138.75017999999997,0.0,passed,
1664,16384,1536,ck_2_split0,ck,2,0,a8w8_blockscale_bpreshuffle_1x128x128_256x64x64x128_16x16_16x16_8x32x1_8x32x1_1x32x1x8_8_2x1_intrawave_v3,1,18,99.91453999999997,0.0,passed,
1664,16384,1536,ck_1_split0,ck,1,0,a8w8_blockscale_bpreshuffle_1x128x128_256x64x128x128_16x16_16x16_8x32x1_8x32x1_1x32x1x8_8_2x1_intrawave_v3,1,19,77.61268,0.0,passed,
1664,16384,1536,ck_0_split0,ck,0,0,a8w8_blockscale_bpreshuffle_1x128x128_256x128x128x128_16x16_16x16_8x32x1_8x32x1_1x32x1x8_8_2x1_intrawave_v3,1,20,80.87512000000004,0.0,passed,
1664,16384,1536,opus_9020,opus,9020,0,opus_gemm_gfx950_a8w8_mxscale_gemm_bpreshuffle_256x256x256x128_2x2_16x16x128_1x128x128_tiles1,1,21,57.018039999999985,0.0,passed,
1664,16384,1536,opus_9012,opus,9012,0,opus_gemm_gfx950_a8w8_mxscale_gemm_bpreshuffle_256x64x64x128_2x2_16x16x128_1x128x128_tiles1_nooob,1,22,102.56258000000004,0.0,passed,
1664,16384,1536,opus_9011,opus,9011,0,opus_gemm_gfx950_a8w8_mxscale_gemm_bpreshuffle_256x64x128x128_2x2_16x16x128_1x128x128_tiles1_nooob,1,23,80.39512000000002,0.0,passed,
1664,16384,1536,opus_9010,opus,9010,0,opus_gemm_gfx950_a8w8_mxscale_gemm_bpreshuffle_256x128x128x128_2x2_16x16x128_1x128x128_tiles1_nooob,1,24,86.60680851063829,0.0,passed,
1664,16384,1536,cktile_32_split0,cktile,32,0,a8w8_blockscale_cktile_192x256x128_4x2x1_16x16x128_intrawave_0x1x0_4_aqrm,1,25,68.62379999999999,0.0,passed,
1664,16384,1536,cktile_31_split0,cktile,31,0,a8w8_blockscale_cktile_192x256x128_4x2x1_16x16x128_intrawave_0x1x0_3_aqrm,1,26,68.80224489795916,0.0,passed,
1664,16384,1536,cktile_30_split0,cktile,30,0,a8w8_blockscale_cktile_192x256x128_4x2x1_16x16x128_intrawave_0x1x0_2_aqrm,1,27,68.42058000000006,0.0,passed,
1664,16384,1536,cktile_29_split0,cktile,29,0,a8w8_blockscale_cktile_192x256x128_4x2x1_16x16x128_intrawave_0x1x0_4,1,28,66.41165957446806,0.0,passed,
1664,16384,1536,cktile_28_split0,cktile,28,0,a8w8_blockscale_cktile_192x256x128_4x2x1_16x16x128_intrawave_0x1x0_3,1,29,66.55060416666669,0.0,passed,
1664,16384,1536,cktile_27_split0,cktile,27,0,a8w8_blockscale_cktile_192x256x128_4x2x1_16x16x128_intrawave_0x1x0_2,1,30,66.52856000000001,0.0,passed,
1664,16384,1536,cktile_26_split0,cktile,26,0,a8w8_blockscale_cktile_128x128x128_2x2x1_16x16x128_intrawave_0x1x0_4,1,31,640.849695652174,0.0,passed,
1664,16384,1536,cktile_25_split0,cktile,25,0,a8w8_blockscale_cktile_128x128x128_2x2x1_16x16x128_intrawave_0x1x0_3,1,32,319.06250000000006,0.0,passed,
1664,16384,1536,cktile_24_split0,cktile,24,0,a8w8_blockscale_cktile_128x128x128_2x2x1_16x16x128_intrawave_0x1x0_1,1,33,102.23998000000002,0.0,passed,
1664,16384,1536,cktile_23_split0,cktile,23,0,a8w8_blockscale_cktile_128x128x128_1x4x1_16x16x128_intrawave_0x1x0_4,1,34,447.49729166666657,0.0,passed,
1664,16384,1536,cktile_22_split0,cktile,22,0,a8w8_blockscale_cktile_128x128x128_1x4x1_16x16x128_intrawave_0x1x0_3,1,35,299.92521428571445,0.0,passed,
1664,16384,1536,cktile_21_split0,cktile,21,0,a8w8_blockscale_cktile_128x128x128_1x4x1_16x16x128_intrawave_0x1x0_2,1,36,101.53915999999995,0.0,passed,
1664,16384,1536,cktile_20_split0,cktile,20,0,a8w8_blockscale_cktile_32x128x128_1x4x1_16x16x64_intrawave_0x1x0_4,1,37,118.58815999999999,0.0,passed,
1664,16384,1536,cktile_19_split0,cktile,19,0,a8w8_blockscale_cktile_32x128x128_1x4x1_16x16x64_intrawave_0x1x0_3,1,38,112.3008800000001,0.0,passed,
1664,16384,1536,cktile_18_split0,cktile,18,0,a8w8_blockscale_cktile_32x128x128_1x4x1_16x16x128_intrawave_0x1x0_4,1,39,112.62009999999998,0.0,passed,
1664,16384,1536,cktile_17_split0,cktile,17,0,a8w8_blockscale_cktile_32x128x128_1x4x1_16x16x128_intrawave_0x1x0_3,1,40,113.25130000000001,0.0,passed,
1664,16384,1536,cktile_16_split0,cktile,16,0,a8w8_blockscale_cktile_16x128x256_1x4x1_16x16x64_intrawave_0x1x0_4,1,41,182.7921,0.0,passed,
1664,16384,1536,cktile_15_split0,cktile,15,0,a8w8_blockscale_cktile_16x128x256_1x4x1_16x16x64_intrawave_0x1x0_3,1,42,158.41819999999998,0.0,passed,
1664,16384,1536,cktile_14_split0,cktile,14,0,a8w8_blockscale_cktile_16x128x256_1x4x1_16x16x128_intrawave_0x1x0_4,1,43,284.58846000000017,0.0,passed,
1664,16384,1536,cktile_13_split0,cktile,13,0,a8w8_blockscale_cktile_16x128x256_1x4x1_16x16x128_intrawave_0x1x0_3,1,44,152.76934,0.0,passed,
1664,16384,1536,cktile_12_split0,cktile,12,0,a8w8_blockscale_cktile_192x256x128_4x2x1_16x16x128_intrawave_0x1x0_1_aqrm,1,45,68.80779999999999,0.0,passed,
1664,16384,1536,cktile_11_split0,cktile,11,0,a8w8_blockscale_cktile_192x256x128_4x2x1_16x16x128_intrawave_0x1x0_1,1,46,66.38296,0.0,passed,
1664,16384,1536,cktile_10_split0,cktile,10,0,a8w8_blockscale_cktile_128x128x128_2x2x1_16x16x128_intrawave_0x1x0_2,1,47,102.14937777777781,0.0,passed,
1664,16384,1536,cktile_9_split0,cktile,9,0,a8w8_blockscale_cktile_128x128x128_1x4x1_16x16x128_intrawave_0x1x0_1,1,48,102.31116,0.0,passed,
1664,16384,1536,cktile_8_split0,cktile,8,0,a8w8_blockscale_cktile_128x128x128_1x4x1_16x16x128_intrawave_0x1x0_1,1,49,102.65595999999998,0.0,passed,
1664,16384,1536,cktile_7_split0,cktile,7,0,a8w8_blockscale_cktile_32x128x128_1x4x1_16x16x64_intrawave_0x1x0_2,1,50,113.04648000000003,0.0,passed,
1664,16384,1536,cktile_6_split0,cktile,6,0,a8w8_blockscale_cktile_32x128x128_1x4x1_16x16x64_intrawave_0x1x0_1,1,51,113.37049999999999,0.0,passed,
1664,16384,1536,cktile_5_split0,cktile,5,0,a8w8_blockscale_cktile_32x128x128_1x4x1_16x16x128_intrawave_0x1x0_2,1,52,112.75127999999997,0.0,passed,
1664,16384,1536,cktile_4_split0,cktile,4,0,a8w8_blockscale_cktile_32x128x128_1x4x1_16x16x128_intrawave_0x1x0_1,1,53,110.48885999999993,0.0,passed,
1664,16384,1536,cktile_3_split0,cktile,3,0,a8w8_blockscale_cktile_16x128x256_1x4x1_16x16x64_intrawave_0x1x0_2,1,54,160.33664000000005,0.0,passed,
1664,16384,1536,cktile_4_split0,cktile,4,0,a8w8_blockscale_cktile_32x128x128_1x4x1_16x16x128_intrawave_0x1x0_1,2,0,111.02166000000003,0.0,passed,
1664,16384,1536,cktile_5_split0,cktile,5,0,a8w8_blockscale_cktile_32x128x128_1x4x1_16x16x128_intrawave_0x1x0_2,2,1,110.98567999999999,0.0,passed,
1664,16384,1536,cktile_6_split0,cktile,6,0,a8w8_blockscale_cktile_32x128x128_1x4x1_16x16x64_intrawave_0x1x0_1,2,2,115.92093999999997,0.0,passed,
1664,16384,1536,cktile_7_split0,cktile,7,0,a8w8_blockscale_cktile_32x128x128_1x4x1_16x16x64_intrawave_0x1x0_2,2,3,114.39849999999997,0.0,passed,
1664,16384,1536,cktile_8_split0,cktile,8,0,a8w8_blockscale_cktile_128x128x128_1x4x1_16x16x128_intrawave_0x1x0_1,2,4,103.38958000000008,0.0,passed,
1664,16384,1536,cktile_9_split0,cktile,9,0,a8w8_blockscale_cktile_128x128x128_1x4x1_16x16x128_intrawave_0x1x0_1,2,5,103.36957999999998,0.0,passed,
1664,16384,1536,cktile_10_split0,cktile,10,0,a8w8_blockscale_cktile_128x128x128_2x2x1_16x16x128_intrawave_0x1x0_2,2,6,102.3658125,0.0,passed,
1664,16384,1536,cktile_11_split0,cktile,11,0,a8w8_blockscale_cktile_192x256x128_4x2x1_16x16x128_intrawave_0x1x0_1,2,7,66.41496000000004,0.0,passed,
1664,16384,1536,cktile_12_split0,cktile,12,0,a8w8_blockscale_cktile_192x256x128_4x2x1_16x16x128_intrawave_0x1x0_1_aqrm,2,8,68.89658000000003,0.0,passed,
1664,16384,1536,cktile_13_split0,cktile,13,0,a8w8_blockscale_cktile_16x128x256_1x4x1_16x16x128_intrawave_0x1x0_3,2,9,153.54454000000007,0.0,passed,
1664,16384,1536,cktile_14_split0,cktile,14,0,a8w8_blockscale_cktile_16x128x256_1x4x1_16x16x128_intrawave_0x1x0_4,2,10,284.58845999999994,0.0,passed,
1664,16384,1536,cktile_15_split0,cktile,15,0,a8w8_blockscale_cktile_16x128x256_1x4x1_16x16x64_intrawave_0x1x0_3,2,11,160.13022,0.0,passed,
1664,16384,1536,cktile_16_split0,cktile,16,0,a8w8_blockscale_cktile_16x128x256_1x4x1_16x16x64_intrawave_0x1x0_4,2,12,183.01689999999996,0.0,passed,
1664,16384,1536,cktile_17_split0,cktile,17,0,a8w8_blockscale_cktile_32x128x128_1x4x1_16x16x128_intrawave_0x1x0_3,2,13,110.72006122448971,0.0,passed,
1664,16384,1536,cktile_18_split0,cktile,18,0,a8w8_blockscale_cktile_32x128x128_1x4x1_16x16x128_intrawave_0x1x0_4,2,14,111.73527999999996,0.0,passed,
1664,16384,1536,cktile_19_split0,cktile,19,0,a8w8_blockscale_cktile_32x128x128_1x4x1_16x16x64_intrawave_0x1x0_3,2,15,116.04011999999993,0.0,passed,
1664,16384,1536,cktile_20_split0,cktile,20,0,a8w8_blockscale_cktile_32x128x128_1x4x1_16x16x64_intrawave_0x1x0_4,2,16,115.67532000000001,0.0,passed,
1664,16384,1536,cktile_21_split0,cktile,21,0,a8w8_blockscale_cktile_128x128x128_1x4x1_16x16x128_intrawave_0x1x0_2,2,17,102.33677999999996,0.0,passed,
1664,16384,1536,cktile_22_split0,cktile,22,0,a8w8_blockscale_cktile_128x128x128_1x4x1_16x16x128_intrawave_0x1x0_3,2,18,300.10404347826096,0.0,passed,
1664,16384,1536,cktile_23_split0,cktile,23,0,a8w8_blockscale_cktile_128x128x128_1x4x1_16x16x128_intrawave_0x1x0_4,2,19,447.54979166666675,0.0,passed,
1664,16384,1536,cktile_24_split0,cktile,24,0,a8w8_blockscale_cktile_128x128x128_2x2x1_16x16x128_intrawave_0x1x0_1,2,20,102.67500000000003,0.0,passed,
1664,16384,1536,cktile_25_split0,cktile,25,0,a8w8_blockscale_cktile_128x128x128_2x2x1_16x16x128_intrawave_0x1x0_3,2,21,319.1582553191488,0.0,passed,
1664,16384,1536,cktile_26_split0,cktile,26,0,a8w8_blockscale_cktile_128x128x128_2x2x1_16x16x128_intrawave_0x1x0_4,2,22,641.2488260869565,0.0,passed,
1664,16384,1536,cktile_27_split0,cktile,27,0,a8w8_blockscale_cktile_192x256x128_4x2x1_16x16x128_intrawave_0x1x0_2,2,23,66.19472916666666,0.0,passed,
1664,16384,1536,cktile_28_split0,cktile,28,0,a8w8_blockscale_cktile_192x256x128_4x2x1_16x16x128_intrawave_0x1x0_3,2,24,66.03611363636368,0.0,passed,
1664,16384,1536,cktile_29_split0,cktile,29,0,a8w8_blockscale_cktile_192x256x128_4x2x1_16x16x128_intrawave_0x1x0_4,2,25,66.05797826086956,0.0,passed,
1664,16384,1536,cktile_30_split0,cktile,30,0,a8w8_blockscale_cktile_192x256x128_4x2x1_16x16x128_intrawave_0x1x0_2_aqrm,2,26,69.07898,0.0,passed,
1664,16384,1536,cktile_31_split0,cktile,31,0,a8w8_blockscale_cktile_192x256x128_4x2x1_16x16x128_intrawave_0x1x0_3_aqrm,2,27,68.49691836734694,0.0,passed,
1664,16384,1536,cktile_32_split0,cktile,32,0,a8w8_blockscale_cktile_192x256x128_4x2x1_16x16x128_intrawave_0x1x0_4_aqrm,2,28,68.96699999999998,0.0,passed,
1664,16384,1536,opus_9010,opus,9010,0,opus_gemm_gfx950_a8w8_mxscale_gemm_bpreshuffle_256x128x128x128_2x2_16x16x128_1x128x128_tiles1_nooob,2,29,86.58857142857141,0.0,passed,
1664,16384,1536,opus_9011,opus,9011,0,opus_gemm_gfx950_a8w8_mxscale_gemm_bpreshuffle_256x64x128x128_2x2_16x16x128_1x128x128_tiles1_nooob,2,30,80.06871999999998,0.0,passed,
1664,16384,1536,opus_9012,opus,9012,0,opus_gemm_gfx950_a8w8_mxscale_gemm_bpreshuffle_256x64x64x128_2x2_16x16x128_1x128x128_tiles1_nooob,2,31,102.03936,0.0,passed,
1664,16384,1536,opus_9020,opus,9020,0,opus_gemm_gfx950_a8w8_mxscale_gemm_bpreshuffle_256x256x256x128_2x2_16x16x128_1x128x128_tiles1,2,32,57.790880000000016,0.0,passed,
1664,16384,1536,ck_0_split0,ck,0,0,a8w8_blockscale_bpreshuffle_1x128x128_256x128x128x128_16x16_16x16_8x32x1_8x32x1_1x32x1x8_8_2x1_intrawave_v3,2,33,79.04789999999998,0.0,passed,
1664,16384,1536,ck_1_split0,ck,1,0,a8w8_blockscale_bpreshuffle_1x128x128_256x64x128x128_16x16_16x16_8x32x1_8x32x1_1x32x1x8_8_2x1_intrawave_v3,2,34,77.87428000000001,0.0,passed,
1664,16384,1536,ck_2_split0,ck,2,0,a8w8_blockscale_bpreshuffle_1x128x128_256x64x64x128_16x16_16x16_8x32x1_8x32x1_1x32x1x8_8_2x1_intrawave_v3,2,35,101.30016000000002,0.0,passed,
1664,16384,1536,ck_3_split0,ck,3,0,a8w8_blockscale_bpreshuffle_1x128x128_256x16x256x128_8x16_16x16_16x16x1_8x32x1_1x16x1x16_8_1x2_intrawave_v1,2,36,139.13418,0.0,passed,
1664,16384,1536,ck_4_split0,ck,4,0,a8w8_blockscale_bpreshuffle_1x128x128_256x16x128x128_8x16_16x16_16x16x1_8x32x1_1x16x1x16_8_1x2_intrawave_v1,2,37,149.05190000000002,0.0,passed,
1664,16384,1536,ck_5_split0,ck,5,0,a8w8_blockscale_bpreshuffle_1x128x128_256x16x64x128_8x16_16x16_16x16x1_8x32x1_1x16x1x16_4_1x1_intrawave_v1,2,38,176.57702000000006,0.0,passed,
1664,16384,1536,ck_6_split0,ck,6,0,a8w8_blockscale_bpreshuffle_1x128x128_256x16x128x256_16x16_16x16_16x16x1_16x16x1_1x16x1x16_8_1x2_intrawave_v1,2,39,145.59346000000002,0.0,passed,
1664,16384,1536,ck_7_split0,ck,7,0,a8w8_blockscale_bpreshuffle_1x128x128_256x16x64x256_16x16_16x16_16x16x1_16x16x1_1x16x1x16_4_1x1_intrawave_v1,2,40,169.50983333333332,0.0,passed,
1664,16384,1536,ck_8_split0,ck,8,0,a8w8_blockscale_bpreshuffle_1x128x128_256x32x256x128_16x16_16x16_8x32x1_8x32x1_1x32x1x8_8_2x1_intrawave_v1,2,41,90.85523999999995,0.0,passed,
1664,16384,1536,ck_9_split0,ck,9,0,a8w8_blockscale_bpreshuffle_1x128x128_256x32x128x128_16x16_16x16_8x32x1_8x32x1_1x32x1x8_8_2x1_intrawave_v1,2,42,97.43771999999998,0.0,passed,
1664,16384,1536,ck_10_split0,ck,10,0,a8w8_blockscale_bpreshuffle_1x128x128_256x32x64x128_16x16_16x16_8x32x1_8x32x1_1x32x1x8_8_2x1_intrawave_v1,2,43,112.53868000000003,0.0,passed,
1664,16384,1536,ck_11_split0,ck,11,0,a8w8_blockscale_bpreshuffle_1x128x128_256x32x128x256_16x16_16x16_16x16x1_16x16x1_1x32x1x8_8_2x1_intrawave_v1,2,44,101.02895999999993,0.0,passed,
1664,16384,1536,ck_12_split0,ck,12,0,a8w8_blockscale_bpreshuffle_1x128x128_256x32x64x256_16x16_16x16_16x16x1_16x16x1_1x32x1x8_8_2x1_intrawave_v1,2,45,118.76436000000001,0.0,passed,
1664,16384,1536,ck_13_split0,ck,13,0,a8w8_blockscale_bpreshuffle_1x128x128_256x64x256x128_16x16_16x16_8x32x1_8x32x1_1x32x1x8_8_2x1_intrawave_v1,2,46,79.24792000000004,0.0,passed,
1664,16384,1536,ck_14_split0,ck,14,0,a8w8_blockscale_bpreshuffle_1x128x128_256x64x128x128_16x16_16x16_8x32x1_8x32x1_1x32x1x8_8_2x1_intrawave_v1,2,47,78.63190000000003,0.0,passed,
1664,16384,1536,ck_15_split0,ck,15,0,a8w8_blockscale_bpreshuffle_1x128x128_256x64x64x128_16x16_16x16_8x32x1_8x32x1_1x32x1x8_8_2x1_intrawave_v1,2,48,96.77371999999994,0.0,passed,
1664,16384,1536,ck_16_split0,ck,16,0,a8w8_blockscale_bpreshuffle_1x128x128_256x64x128x256_16x16_16x16_16x16x1_16x16x1_1x32x1x8_8_2x1_intrawave_v1,2,49,89.19361999999995,0.0,passed,
1664,16384,1536,ck_17_split0,ck,17,0,a8w8_blockscale_bpreshuffle_1x128x128_256x64x64x256_16x16_16x16_16x16x1_16x16x1_1x32x1x8_8_2x1_intrawave_v1,2,50,111.62187999999993,0.0,passed,
1664,16384,1536,cktile_0_split0,cktile,0,0,a8w8_blockscale_cktile_16x128x256_1x4x1_16x16x128_intrawave_0x1x0_1,2,51,154.28536000000008,0.0,passed,
1664,16384,1536,cktile_1_split0,cktile,1,0,a8w8_blockscale_cktile_16x128x256_1x4x1_16x16x128_intrawave_0x1x0_2,2,52,153.53735999999998,0.0,passed,
1664,16384,1536,cktile_2_split0,cktile,2,0,a8w8_blockscale_cktile_16x128x256_1x4x1_16x16x64_intrawave_0x1x0_1,2,53,158.72301999999996,0.0,passed,
1664,16384,1536,cktile_3_split0,cktile,3,0,a8w8_blockscale_cktile_16x128x256_1x4x1_16x16x64_intrawave_0x1x0_2,2,54,159.22302000000008,0.0,passed,
14336,16384,1536,cktile_3_split0,cktile,3,0,a8w8_blockscale_cktile_16x128x256_1x4x1_16x16x64_intrawave_0x1x0_2,0,0,1186.3147799999997,0.0,passed,
14336,16384,1536,cktile_4_split0,cktile,4,0,a8w8_blockscale_cktile_32x128x128_1x4x1_16x16x128_intrawave_0x1x0_1,0,1,806.1536399999998,0.0,passed,
14336,16384,1536,cktile_5_split0,cktile,5,0,a8w8_blockscale_cktile_32x128x128_1x4x1_16x16x128_intrawave_0x1x0_2,0,2,804.1528199999995,0.0,passed,
14336,16384,1536,cktile_6_split0,cktile,6,0,a8w8_blockscale_cktile_32x128x128_1x4x1_16x16x64_intrawave_0x1x0_1,0,3,823.5730400000009,0.0,passed,
14336,16384,1536,cktile_7_split0,cktile,7,0,a8w8_blockscale_cktile_32x128x128_1x4x1_16x16x64_intrawave_0x1x0_2,0,4,832.26034,0.0,passed,
14336,16384,1536,cktile_8_split0,cktile,8,0,a8w8_blockscale_cktile_128x128x128_1x4x1_16x16x128_intrawave_0x1x0_1,0,5,690.54352,0.0,passed,
14336,16384,1536,cktile_9_split0,cktile,9,0,a8w8_blockscale_cktile_128x128x128_1x4x1_16x16x128_intrawave_0x1x0_1,0,6,692.1571399999995,0.0,passed,
14336,16384,1536,cktile_10_split0,cktile,10,0,a8w8_blockscale_cktile_128x128x128_2x2x1_16x16x128_intrawave_0x1x0_2,0,7,673.0520999999999,0.0,passed,
14336,16384,1536,cktile_11_split0,cktile,11,0,a8w8_blockscale_cktile_192x256x128_4x2x1_16x16x128_intrawave_0x1x0_1,0,8,444.9641020408163,0.0,passed,
14336,16384,1536,cktile_12_split0,cktile,12,0,a8w8_blockscale_cktile_192x256x128_4x2x1_16x16x128_intrawave_0x1x0_1_aqrm,0,9,458.67544000000015,0.0,passed,
14336,16384,1536,cktile_13_split0,cktile,13,0,a8w8_blockscale_cktile_16x128x256_1x4x1_16x16x128_intrawave_0x1x0_3,0,10,1156.9344599999993,0.0,passed,
14336,16384,1536,cktile_14_split0,cktile,14,0,a8w8_blockscale_cktile_16x128x256_1x4x1_16x16x128_intrawave_0x1x0_4,0,11,2250.3485600000013,0.0,passed,
14336,16384,1536,cktile_15_split0,cktile,15,0,a8w8_blockscale_cktile_16x128x256_1x4x1_16x16x64_intrawave_0x1x0_3,0,12,1181.8363199999988,0.0,passed,
14336,16384,1536,cktile_16_split0,cktile,16,0,a8w8_blockscale_cktile_16x128x256_1x4x1_16x16x64_intrawave_0x1x0_4,0,13,1357.2999599999994,0.0,passed,
14336,16384,1536,cktile_17_split0,cktile,17,0,a8w8_blockscale_cktile_32x128x128_1x4x1_16x16x128_intrawave_0x1x0_3,0,14,808.2672400000001,0.0,passed,
14336,16384,1536,cktile_18_split0,cktile,18,0,a8w8_blockscale_cktile_32x128x128_1x4x1_16x16x128_intrawave_0x1x0_4,0,15,809.6672799999999,0.0,passed,
14336,16384,1536,cktile_19_split0,cktile,19,0,a8w8_blockscale_cktile_32x128x128_1x4x1_16x16x64_intrawave_0x1x0_3,0,16,830.8211199999996,0.0,passed,
14336,16384,1536,cktile_20_split0,cktile,20,0,a8w8_blockscale_cktile_32x128x128_1x4x1_16x16x64_intrawave_0x1x0_4,0,17,831.1907200000002,0.0,passed,
14336,16384,1536,cktile_21_split0,cktile,21,0,a8w8_blockscale_cktile_128x128x128_1x4x1_16x16x128_intrawave_0x1x0_2,0,18,686.6586599999998,0.0,passed,
14336,16384,1536,cktile_22_split0,cktile,22,0,a8w8_blockscale_cktile_128x128x128_1x4x1_16x16x128_intrawave_0x1x0_3,0,19,2145.4026,0.0,passed,
14336,16384,1536,cktile_23_split0,cktile,23,0,a8w8_blockscale_cktile_128x128x128_1x4x1_16x16x128_intrawave_0x1x0_4,0,20,3335.897041666665,0.0,passed,
14336,16384,1536,cktile_24_split0,cktile,24,0,a8w8_blockscale_cktile_128x128x128_2x2x1_16x16x128_intrawave_0x1x0_1,0,21,675.9425399999999,0.0,passed,
14336,16384,1536,cktile_25_split0,cktile,25,0,a8w8_blockscale_cktile_128x128x128_2x2x1_16x16x128_intrawave_0x1x0_3,0,22,2263.2943199999977,0.0,passed,
14336,16384,1536,cktile_26_split0,cktile,26,0,a8w8_blockscale_cktile_128x128x128_2x2x1_16x16x128_intrawave_0x1x0_4,0,23,4845.044999999996,0.0,passed,
14336,16384,1536,cktile_27_split0,cktile,27,0,a8w8_blockscale_cktile_192x256x128_4x2x1_16x16x128_intrawave_0x1x0_2,0,24,444.6721,0.0,passed,
14336,16384,1536,cktile_28_split0,cktile,28,0,a8w8_blockscale_cktile_192x256x128_4x2x1_16x16x128_intrawave_0x1x0_3,0,25,444.8604285714285,0.0,passed,
14336,16384,1536,cktile_29_split0,cktile,29,0,a8w8_blockscale_cktile_192x256x128_4x2x1_16x16x128_intrawave_0x1x0_4,0,26,444.76655102040814,0.0,passed,
14336,16384,1536,cktile_30_split0,cktile,30,0,a8w8_blockscale_cktile_192x256x128_4x2x1_16x16x128_intrawave_0x1x0_2_aqrm,0,27,458.0287346938778,0.0,passed,
14336,16384,1536,cktile_31_split0,cktile,31,0,a8w8_blockscale_cktile_192x256x128_4x2x1_16x16x128_intrawave_0x1x0_3_aqrm,0,28,457.68186000000003,0.0,passed,
14336,16384,1536,cktile_32_split0,cktile,32,0,a8w8_blockscale_cktile_192x256x128_4x2x1_16x16x128_intrawave_0x1x0_4_aqrm,0,29,458.22873469387775,0.0,passed,
14336,16384,1536,opus_9000,opus,9000,0,opus_gemm_gfx950_a8w8_mxscale_gemm_bpreshuffle_256x256x256x128_2x2_16x16x128_1x128x128_tiles1_nooob,0,30,380.9675208333335,0.0,passed,
14336,16384,1536,opus_9010,opus,9010,0,opus_gemm_gfx950_a8w8_mxscale_gemm_bpreshuffle_256x128x128x128_2x2_16x16x128_1x128x128_tiles1_nooob,0,31,679.2323600000001,0.0,passed,
14336,16384,1536,opus_9011,opus,9011,0,opus_gemm_gfx950_a8w8_mxscale_gemm_bpreshuffle_256x64x128x128_2x2_16x16x128_1x128x128_tiles1_nooob,0,32,627.7053799999999,0.0,passed,
14336,16384,1536,opus_9012,opus,9012,0,opus_gemm_gfx950_a8w8_mxscale_gemm_bpreshuffle_256x64x64x128_2x2_16x16x128_1x128x128_tiles1_nooob,0,33,821.4228000000003,0.0,passed,
14336,16384,1536,opus_9020,opus,9020,0,opus_gemm_gfx950_a8w8_mxscale_gemm_bpreshuffle_256x256x256x128_2x2_16x16x128_1x128x128_tiles1,0,34,402.0917551020408,0.0,passed,
14336,16384,1536,ck_0_split0,ck,0,0,a8w8_blockscale_bpreshuffle_1x128x128_256x128x128x128_16x16_16x16_8x32x1_8x32x1_1x32x1x8_8_2x1_intrawave_v3,0,35,553.052170212766,0.0,passed,
14336,16384,1536,ck_1_split0,ck,1,0,a8w8_blockscale_bpreshuffle_1x128x128_256x64x128x128_16x16_16x16_8x32x1_8x32x1_1x32x1x8_8_2x1_intrawave_v3,0,36,579.3722916666667,0.0,passed,
14336,16384,1536,ck_2_split0,ck,2,0,a8w8_blockscale_bpreshuffle_1x128x128_256x64x64x128_16x16_16x16_8x32x1_8x32x1_1x32x1x8_8_2x1_intrawave_v3,0,37,733.9498200000002,0.0,passed,
14336,16384,1536,ck_3_split0,ck,3,0,a8w8_blockscale_bpreshuffle_1x128x128_256x16x256x128_8x16_16x16_16x16x1_8x32x1_1x16x1x16_8_1x2_intrawave_v1,0,38,1058.0893829787233,0.0,passed,
14336,16384,1536,ck_4_split0,ck,4,0,a8w8_blockscale_bpreshuffle_1x128x128_256x16x128x128_8x16_16x16_16x16x1_8x32x1_1x16x1x16_8_1x2_intrawave_v1,0,39,1150.7069782608696,0.0,passed,
14336,16384,1536,ck_5_split0,ck,5,0,a8w8_blockscale_bpreshuffle_1x128x128_256x16x64x128_8x16_16x16_16x16x1_8x32x1_1x16x1x16_4_1x1_intrawave_v1,0,40,1351.4961020408166,0.0,passed,
14336,16384,1536,ck_6_split0,ck,6,0,a8w8_blockscale_bpreshuffle_1x128x128_256x16x128x256_16x16_16x16_16x16x1_16x16x1_1x16x1x16_8_1x2_intrawave_v1,0,41,1124.896775510204,0.0,passed,
14336,16384,1536,ck_7_split0,ck,7,0,a8w8_blockscale_bpreshuffle_1x128x128_256x16x64x256_16x16_16x16_16x16x1_16x16x1_1x16x1x16_4_1x1_intrawave_v1,0,42,1325.7241874999997,0.0,passed,
14336,16384,1536,ck_8_split0,ck,8,0,a8w8_blockscale_bpreshuffle_1x128x128_256x32x256x128_16x16_16x16_8x32x1_8x32x1_1x32x1x8_8_2x1_intrawave_v1,0,43,653.844836734694,0.0,passed,
14336,16384,1536,ck_9_split0,ck,9,0,a8w8_blockscale_bpreshuffle_1x128x128_256x32x128x128_16x16_16x16_8x32x1_8x32x1_1x32x1x8_8_2x1_intrawave_v1,0,44,716.04882,0.0,passed,
14336,16384,1536,ck_10_split0,ck,10,0,a8w8_blockscale_bpreshuffle_1x128x128_256x32x64x128_16x16_16x16_8x32x1_8x32x1_1x32x1x8_8_2x1_intrawave_v1,0,45,856.4239111111112,0.0,passed,
14336,16384,1536,ck_11_split0,ck,11,0,a8w8_blockscale_bpreshuffle_1x128x128_256x32x128x256_16x16_16x16_16x16x1_16x16x1_1x32x1x8_8_2x1_intrawave_v1,0,46,743.4991875000001,0.0,passed,
14336,16384,1536,ck_12_split0,ck,12,0,a8w8_blockscale_bpreshuffle_1x128x128_256x32x64x256_16x16_16x16_16x16x1_16x16x1_1x32x1x8_8_2x1_intrawave_v1,0,47,883.7273333333336,0.0,passed,
14336,16384,1536,ck_13_split0,ck,13,0,a8w8_blockscale_bpreshuffle_1x128x128_256x64x256x128_16x16_16x16_8x32x1_8x32x1_1x32x1x8_8_2x1_intrawave_v1,0,48,543.0870222222221,0.0,passed,
14336,16384,1536,ck_14_split0,ck,14,0,a8w8_blockscale_bpreshuffle_1x128x128_256x64x128x128_16x16_16x16_8x32x1_8x32x1_1x32x1x8_8_2x1_intrawave_v1,0,49,569.2906170212766,0.0,passed,
14336,16384,1536,ck_15_split0,ck,15,0,a8w8_blockscale_bpreshuffle_1x128x128_256x64x64x128_16x16_16x16_8x32x1_8x32x1_1x32x1x8_8_2x1_intrawave_v1,0,50,713.4055600000002,0.0,passed,
14336,16384,1536,ck_16_split0,ck,16,0,a8w8_blockscale_bpreshuffle_1x128x128_256x64x128x256_16x16_16x16_16x16x1_16x16x1_1x32x1x8_8_2x1_intrawave_v1,0,51,647.4348444444443,0.0,passed,
14336,16384,1536,ck_17_split0,ck,17,0,a8w8_blockscale_bpreshuffle_1x128x128_256x64x64x256_16x16_16x16_16x16x1_16x16x1_1x32x1x8_8_2x1_intrawave_v1,0,52,852.6127799999995,0.0,passed,
14336,16384,1536,cktile_0_split0,cktile,0,0,a8w8_blockscale_cktile_16x128x256_1x4x1_16x16x128_intrawave_0x1x0_1,0,53,1158.54888,0.0,passed,
14336,16384,1536,cktile_1_split0,cktile,1,0,a8w8_blockscale_cktile_16x128x256_1x4x1_16x16x128_intrawave_0x1x0_2,0,54,1157.7280600000008,0.0,passed,
14336,16384,1536,cktile_2_split0,cktile,2,0,a8w8_blockscale_cktile_16x128x256_1x4x1_16x16x64_intrawave_0x1x0_1,0,55,1185.4204000000004,0.0,passed,
14336,16384,1536,cktile_3_split0,cktile,3,0,a8w8_blockscale_cktile_16x128x256_1x4x1_16x16x64_intrawave_0x1x0_2,1,0,1181.2891400000003,0.0,passed,
14336,16384,1536,cktile_2_split0,cktile,2,0,a8w8_blockscale_cktile_16x128x256_1x4x1_16x16x64_intrawave_0x1x0_1,1,1,1183.7155600000006,0.0,passed,
14336,16384,1536,cktile_1_split0,cktile,1,0,a8w8_blockscale_cktile_16x128x256_1x4x1_16x16x128_intrawave_0x1x0_2,1,2,1159.8320999999992,0.0,passed,
14336,16384,1536,cktile_0_split0,cktile,0,0,a8w8_blockscale_cktile_16x128x256_1x4x1_16x16x128_intrawave_0x1x0_1,1,3,1160.2377199999985,0.0,passed,
14336,16384,1536,ck_17_split0,ck,17,0,a8w8_blockscale_bpreshuffle_1x128x128_256x64x64x256_16x16_16x16_16x16x1_16x16x1_1x32x1x8_8_2x1_intrawave_v1,1,4,851.1423599999995,0.0,passed,
14336,16384,1536,ck_16_split0,ck,16,0,a8w8_blockscale_bpreshuffle_1x128x128_256x64x128x256_16x16_16x16_16x16x1_16x16x1_1x32x1x8_8_2x1_intrawave_v1,1,5,650.3247659574467,0.0,passed,
14336,16384,1536,ck_15_split0,ck,15,0,a8w8_blockscale_bpreshuffle_1x128x128_256x64x64x128_16x16_16x16_8x32x1_8x32x1_1x32x1x8_8_2x1_intrawave_v1,1,6,712.9103600000003,0.0,passed,
14336,16384,1536,ck_14_split0,ck,14,0,a8w8_blockscale_bpreshuffle_1x128x128_256x64x128x128_16x16_16x16_8x32x1_8x32x1_1x32x1x8_8_2x1_intrawave_v1,1,7,567.631288888889,0.0,passed,
14336,16384,1536,ck_13_split0,ck,13,0,a8w8_blockscale_bpreshuffle_1x128x128_256x64x256x128_16x16_16x16_8x32x1_8x32x1_1x32x1x8_8_2x1_intrawave_v1,1,8,545.4894166666667,0.0,passed,
14336,16384,1536,ck_12_split0,ck,12,0,a8w8_blockscale_bpreshuffle_1x128x128_256x32x64x256_16x16_16x16_16x16x1_16x16x1_1x32x1x8_8_2x1_intrawave_v1,1,9,886.1201836734696,0.0,passed,
14336,16384,1536,ck_11_split0,ck,11,0,a8w8_blockscale_bpreshuffle_1x128x128_256x32x128x256_16x16_16x16_16x16x1_16x16x1_1x32x1x8_8_2x1_intrawave_v1,1,10,741.4336304347821,0.0,passed,
14336,16384,1536,ck_10_split0,ck,10,0,a8w8_blockscale_bpreshuffle_1x128x128_256x32x64x128_16x16_16x16_8x32x1_8x32x1_1x32x1x8_8_2x1_intrawave_v1,1,11,856.1983913043479,0.0,passed,
14336,16384,1536,ck_9_split0,ck,9,0,a8w8_blockscale_bpreshuffle_1x128x128_256x32x128x128_16x16_16x16_8x32x1_8x32x1_1x32x1x8_8_2x1_intrawave_v1,1,12,713.9271702127659,0.0,passed,
14336,16384,1536,ck_8_split0,ck,8,0,a8w8_blockscale_bpreshuffle_1x128x128_256x32x256x128_16x16_16x16_8x32x1_8x32x1_1x32x1x8_8_2x1_intrawave_v1,1,13,652.100413043478,0.0,passed,
14336,16384,1536,ck_7_split0,ck,7,0,a8w8_blockscale_bpreshuffle_1x128x128_256x16x64x256_16x16_16x16_16x16x1_16x16x1_1x16x1x16_4_1x1_intrawave_v1,1,14,1317.798111111112,0.0,passed,
14336,16384,1536,ck_6_split0,ck,6,0,a8w8_blockscale_bpreshuffle_1x128x128_256x16x128x256_16x16_16x16_16x16x1_16x16x1_1x16x1x16_8_1x2_intrawave_v1,1,15,1123.10752173913,0.0,passed,
14336,16384,1536,ck_5_split0,ck,5,0,a8w8_blockscale_bpreshuffle_1x128x128_256x16x64x128_8x16_16x16_16x16x1_8x32x1_1x16x1x16_4_1x1_intrawave_v1,1,16,1354.5561200000002,0.0,passed,
14336,16384,1536,ck_4_split0,ck,4,0,a8w8_blockscale_bpreshuffle_1x128x128_256x16x128x128_8x16_16x16_16x16x1_8x32x1_1x16x1x16_8_1x2_intrawave_v1,1,17,1154.9387551020413,0.0,passed,
14336,16384,1536,ck_3_split0,ck,3,0,a8w8_blockscale_bpreshuffle_1x128x128_256x16x256x128_8x16_16x16_16x16x1_8x32x1_1x16x1x16_8_1x2_intrawave_v1,1,18,1056.0282448979592,0.0,passed,
14336,16384,1536,ck_2_split0,ck,2,0,a8w8_blockscale_bpreshuffle_1x128x128_256x64x64x128_16x16_16x16_8x32x1_8x32x1_1x32x1x8_8_2x1_intrawave_v3,1,19,732.7994,0.0,passed,
14336,16384,1536,ck_1_split0,ck,1,0,a8w8_blockscale_bpreshuffle_1x128x128_256x64x128x128_16x16_16x16_8x32x1_8x32x1_1x32x1x8_8_2x1_intrawave_v3,1,20,580.2136399999998,0.0,passed,
14336,16384,1536,ck_0_split0,ck,0,0,a8w8_blockscale_bpreshuffle_1x128x128_256x128x128x128_16x16_16x16_8x32x1_8x32x1_1x32x1x8_8_2x1_intrawave_v3,1,21,552.8662173913044,0.0,passed,
14336,16384,1536,opus_9020,opus,9020,0,opus_gemm_gfx950_a8w8_mxscale_gemm_bpreshuffle_256x256x256x128_2x2_16x16x128_1x128x128_tiles1,1,22,401.4854186046512,0.0,passed,
14336,16384,1536,opus_9012,opus,9012,0,opus_gemm_gfx950_a8w8_mxscale_gemm_bpreshuffle_256x64x64x128_2x2_16x16x128_1x128x128_tiles1_nooob,1,23,825.7452799999998,0.0,passed,
14336,16384,1536,opus_9011,opus,9011,0,opus_gemm_gfx950_a8w8_mxscale_gemm_bpreshuffle_256x64x128x128_2x2_16x16x128_1x128x128_tiles1_nooob,1,24,629.4214200000001,0.0,passed,
14336,16384,1536,opus_9010,opus,9010,0,opus_gemm_gfx950_a8w8_mxscale_gemm_bpreshuffle_256x128x128x128_2x2_16x16x128_1x128x128_tiles1_nooob,1,25,680.3132199999999,0.0,passed,
14336,16384,1536,opus_9000,opus,9000,0,opus_gemm_gfx950_a8w8_mxscale_gemm_bpreshuffle_256x256x256x128_2x2_16x16x128_1x128x128_tiles1_nooob,1,26,380.7982765957447,0.0,passed,
14336,16384,1536,cktile_32_split0,cktile,32,0,a8w8_blockscale_cktile_192x256x128_4x2x1_16x16x128_intrawave_0x1x0_4_aqrm,1,27,458.2066599999999,0.0,passed,
14336,16384,1536,cktile_31_split0,cktile,31,0,a8w8_blockscale_cktile_192x256x128_4x2x1_16x16x128_intrawave_0x1x0_3_aqrm,1,28,457.69624000000005,0.0,passed,
14336,16384,1536,cktile_30_split0,cktile,30,0,a8w8_blockscale_cktile_192x256x128_4x2x1_16x16x128_intrawave_0x1x0_2_aqrm,1,29,458.0965102040816,0.0,passed,
14336,16384,1536,cktile_29_split0,cktile,29,0,a8w8_blockscale_cktile_192x256x128_4x2x1_16x16x128_intrawave_0x1x0_4,1,30,444.60090000000014,0.0,passed,
14336,16384,1536,cktile_28_split0,cktile,28,0,a8w8_blockscale_cktile_192x256x128_4x2x1_16x16x128_intrawave_0x1x0_3,1,31,444.16488000000004,0.0,passed,
14336,16384,1536,cktile_27_split0,cktile,27,0,a8w8_blockscale_cktile_192x256x128_4x2x1_16x16x128_intrawave_0x1x0_2,1,32,444.84409999999997,0.0,passed,
14336,16384,1536,cktile_26_split0,cktile,26,0,a8w8_blockscale_cktile_128x128x128_2x2x1_16x16x128_intrawave_0x1x0_4,1,33,4842.28770833333,0.0,passed,
14336,16384,1536,cktile_25_split0,cktile,25,0,a8w8_blockscale_cktile_128x128x128_2x2x1_16x16x128_intrawave_0x1x0_3,1,34,2263.00796,0.0,passed,
14336,16384,1536,cktile_24_split0,cktile,24,0,a8w8_blockscale_cktile_128x128x128_2x2x1_16x16x128_intrawave_0x1x0_1,1,35,676.5137600000002,0.0,passed,
14336,16384,1536,cktile_23_split0,cktile,23,0,a8w8_blockscale_cktile_128x128x128_1x4x1_16x16x128_intrawave_0x1x0_4,1,36,3336.7611632653043,0.0,passed,
14336,16384,1536,cktile_22_split0,cktile,22,0,a8w8_blockscale_cktile_128x128x128_1x4x1_16x16x128_intrawave_0x1x0_3,1,37,2145.6186199999997,0.0,passed,
14336,16384,1536,cktile_21_split0,cktile,21,0,a8w8_blockscale_cktile_128x128x128_1x4x1_16x16x128_intrawave_0x1x0_2,1,38,694.5003600000002,0.0,passed,
14336,16384,1536,cktile_20_split0,cktile,20,0,a8w8_blockscale_cktile_32x128x128_1x4x1_16x16x64_intrawave_0x1x0_4,1,39,829.7764693877551,0.0,passed,
14336,16384,1536,cktile_19_split0,cktile,19,0,a8w8_blockscale_cktile_32x128x128_1x4x1_16x16x64_intrawave_0x1x0_3,1,40,829.7258775510205,0.0,passed,
14336,16384,1536,cktile_18_split0,cktile,18,0,a8w8_blockscale_cktile_32x128x128_1x4x1_16x16x128_intrawave_0x1x0_4,1,41,810.6136999999992,0.0,passed,
14336,16384,1536,cktile_17_split0,cktile,17,0,a8w8_blockscale_cktile_32x128x128_1x4x1_16x16x128_intrawave_0x1x0_3,1,42,810.7328999999997,0.0,passed,
14336,16384,1536,cktile_16_split0,cktile,16,0,a8w8_blockscale_cktile_16x128x256_1x4x1_16x16x64_intrawave_0x1x0_4,1,43,1358.6671799999995,0.0,passed,
14336,16384,1536,cktile_15_split0,cktile,15,0,a8w8_blockscale_cktile_16x128x256_1x4x1_16x16x64_intrawave_0x1x0_3,1,44,1181.0419599999996,0.0,passed,
14336,16384,1536,cktile_14_split0,cktile,14,0,a8w8_blockscale_cktile_16x128x256_1x4x1_16x16x128_intrawave_0x1x0_4,1,45,2251.1846200000005,0.0,passed,
14336,16384,1536,cktile_13_split0,cktile,13,0,a8w8_blockscale_cktile_16x128x256_1x4x1_16x16x128_intrawave_0x1x0_3,1,46,1163.1865399999997,0.0,passed,
14336,16384,1536,cktile_12_split0,cktile,12,0,a8w8_blockscale_cktile_192x256x128_4x2x1_16x16x128_intrawave_0x1x0_1_aqrm,1,47,457.8717708333332,0.0,passed,
14336,16384,1536,cktile_11_split0,cktile,11,0,a8w8_blockscale_cktile_192x256x128_4x2x1_16x16x128_intrawave_0x1x0_1,1,48,445.07289999999995,0.0,passed,
14336,16384,1536,cktile_10_split0,cktile,10,0,a8w8_blockscale_cktile_128x128x128_2x2x1_16x16x128_intrawave_0x1x0_2,1,49,676.8473799999999,0.0,passed,
14336,16384,1536,cktile_9_split0,cktile,9,0,a8w8_blockscale_cktile_128x128x128_1x4x1_16x16x128_intrawave_0x1x0_1,1,50,696.31238,0.0,passed,
14336,16384,1536,cktile_8_split0,cktile,8,0,a8w8_blockscale_cktile_128x128x128_1x4x1_16x16x128_intrawave_0x1x0_1,1,51,691.8753265306121,0.0,passed,
14336,16384,1536,cktile_7_split0,cktile,7,0,a8w8_blockscale_cktile_32x128x128_1x4x1_16x16x64_intrawave_0x1x0_2,1,52,831.0834489795918,0.0,passed,
14336,16384,1536,cktile_6_split0,cktile,6,0,a8w8_blockscale_cktile_32x128x128_1x4x1_16x16x64_intrawave_0x1x0_1,1,53,825.5866799999992,0.0,passed,
14336,16384,1536,cktile_5_split0,cktile,5,0,a8w8_blockscale_cktile_32x128x128_1x4x1_16x16x128_intrawave_0x1x0_2,1,54,810.8288999999993,0.0,passed,
14336,16384,1536,cktile_4_split0,cktile,4,0,a8w8_blockscale_cktile_32x128x128_1x4x1_16x16x128_intrawave_0x1x0_1,1,55,809.4873000000002,0.0,passed,
14336,16384,1536,cktile_5_split0,cktile,5,0,a8w8_blockscale_cktile_32x128x128_1x4x1_16x16x128_intrawave_0x1x0_2,2,0,808.7208800000002,0.0,passed,
14336,16384,1536,cktile_6_split0,cktile,6,0,a8w8_blockscale_cktile_32x128x128_1x4x1_16x16x64_intrawave_0x1x0_1,2,1,822.0146400000001,0.0,passed,
14336,16384,1536,cktile_7_split0,cktile,7,0,a8w8_blockscale_cktile_32x128x128_1x4x1_16x16x64_intrawave_0x1x0_2,2,2,829.8923400000002,0.0,passed,
14336,16384,1536,cktile_8_split0,cktile,8,0,a8w8_blockscale_cktile_128x128x128_1x4x1_16x16x128_intrawave_0x1x0_1,2,3,692.9691400000002,0.0,passed,
14336,16384,1536,cktile_9_split0,cktile,9,0,a8w8_blockscale_cktile_128x128x128_1x4x1_16x16x128_intrawave_0x1x0_1,2,4,692.8787599999999,0.0,passed,
14336,16384,1536,cktile_10_split0,cktile,10,0,a8w8_blockscale_cktile_128x128x128_2x2x1_16x16x128_intrawave_0x1x0_2,2,5,676.4065599999998,0.0,passed,
14336,16384,1536,cktile_11_split0,cktile,11,0,a8w8_blockscale_cktile_192x256x128_4x2x1_16x16x128_intrawave_0x1x0_1,2,6,444.49852000000016,0.0,passed,
14336,16384,1536,cktile_12_split0,cktile,12,0,a8w8_blockscale_cktile_192x256x128_4x2x1_16x16x128_intrawave_0x1x0_1_aqrm,2,7,457.29006250000003,0.0,passed,
14336,16384,1536,cktile_13_split0,cktile,13,0,a8w8_blockscale_cktile_16x128x256_1x4x1_16x16x128_intrawave_0x1x0_3,2,8,1159.3257199999996,0.0,passed,
14336,16384,1536,cktile_14_split0,cktile,14,0,a8w8_blockscale_cktile_16x128x256_1x4x1_16x16x128_intrawave_0x1x0_4,2,9,2248.2382199999984,0.0,passed,
14336,16384,1536,cktile_15_split0,cktile,15,0,a8w8_blockscale_cktile_16x128x256_1x4x1_16x16x64_intrawave_0x1x0_3,2,10,1183.4236000000003,0.0,passed,
14336,16384,1536,cktile_16_split0,cktile,16,0,a8w8_blockscale_cktile_16x128x256_1x4x1_16x16x64_intrawave_0x1x0_4,2,11,1357.5247800000006,0.0,passed,
14336,16384,1536,cktile_17_split0,cktile,17,0,a8w8_blockscale_cktile_32x128x128_1x4x1_16x16x128_intrawave_0x1x0_3,2,12,809.3809000000008,0.0,passed,
14336,16384,1536,cktile_18_split0,cktile,18,0,a8w8_blockscale_cktile_32x128x128_1x4x1_16x16x128_intrawave_0x1x0_4,2,13,806.5768599999994,0.0,passed,
14336,16384,1536,cktile_19_split0,cktile,19,0,a8w8_blockscale_cktile_32x128x128_1x4x1_16x16x64_intrawave_0x1x0_3,2,14,830.0683400000001,0.0,passed,
14336,16384,1536,cktile_20_split0,cktile,20,0,a8w8_blockscale_cktile_32x128x128_1x4x1_16x16x64_intrawave_0x1x0_4,2,15,829.8123400000003,0.0,passed,
14336,16384,1536,cktile_21_split0,cktile,21,0,a8w8_blockscale_cktile_128x128x128_1x4x1_16x16x128_intrawave_0x1x0_2,2,16,691.38914,0.0,passed,
14336,16384,1536,cktile_22_split0,cktile,22,0,a8w8_blockscale_cktile_128x128x128_1x4x1_16x16x128_intrawave_0x1x0_3,2,17,2137.6313600000008,0.0,passed,
14336,16384,1536,cktile_23_split0,cktile,23,0,a8w8_blockscale_cktile_128x128x128_1x4x1_16x16x128_intrawave_0x1x0_4,2,18,3334.8939,0.0,passed,
14336,16384,1536,cktile_24_split0,cktile,24,0,a8w8_blockscale_cktile_128x128x128_2x2x1_16x16x128_intrawave_0x1x0_1,2,19,676.8273800000002,0.0,passed,
14336,16384,1536,cktile_25_split0,cktile,25,0,a8w8_blockscale_cktile_128x128x128_2x2x1_16x16x128_intrawave_0x1x0_3,2,20,2258.9135399999996,0.0,passed,
14336,16384,1536,cktile_26_split0,cktile,26,0,a8w8_blockscale_cktile_128x128x128_2x2x1_16x16x128_intrawave_0x1x0_4,2,21,4846.308999999998,0.0,passed,
14336,16384,1536,cktile_27_split0,cktile,27,0,a8w8_blockscale_cktile_192x256x128_4x2x1_16x16x128_intrawave_0x1x0_2,2,22,444.8280999999999,0.0,passed,
14336,16384,1536,cktile_28_split0,cktile,28,0,a8w8_blockscale_cktile_192x256x128_4x2x1_16x16x128_intrawave_0x1x0_3,2,23,444.88169999999997,0.0,passed,
14336,16384,1536,cktile_29_split0,cktile,29,0,a8w8_blockscale_cktile_192x256x128_4x2x1_16x16x128_intrawave_0x1x0_4,2,24,444.24969999999996,0.0,passed,
14336,16384,1536,cktile_30_split0,cktile,30,0,a8w8_blockscale_cktile_192x256x128_4x2x1_16x16x128_intrawave_0x1x0_2_aqrm,2,25,457.5306599999999,0.0,passed,
14336,16384,1536,cktile_31_split0,cktile,31,0,a8w8_blockscale_cktile_192x256x128_4x2x1_16x16x128_intrawave_0x1x0_3_aqrm,2,26,457.9154599999999,0.0,passed,
14336,16384,1536,cktile_32_split0,cktile,32,0,a8w8_blockscale_cktile_192x256x128_4x2x1_16x16x128_intrawave_0x1x0_4_aqrm,2,27,458.00506000000007,0.0,passed,
14336,16384,1536,opus_9000,opus,9000,0,opus_gemm_gfx950_a8w8_mxscale_gemm_bpreshuffle_256x256x256x128_2x2_16x16x128_1x128x128_tiles1_nooob,2,28,380.6253877551019,0.0,passed,
14336,16384,1536,opus_9010,opus,9010,0,opus_gemm_gfx950_a8w8_mxscale_gemm_bpreshuffle_256x128x128x128_2x2_16x16x128_1x128x128_tiles1_nooob,2,29,679.61322,0.0,passed,
14336,16384,1536,opus_9011,opus,9011,0,opus_gemm_gfx950_a8w8_mxscale_gemm_bpreshuffle_256x64x128x128_2x2_16x16x128_1x128x128_tiles1_nooob,2,30,628.51182,0.0,passed,
14336,16384,1536,opus_9012,opus,9012,0,opus_gemm_gfx950_a8w8_mxscale_gemm_bpreshuffle_256x64x64x128_2x2_16x16x128_1x128x128_tiles1_nooob,2,31,823.8444799999997,0.0,passed,
14336,16384,1536,opus_9020,opus,9020,0,opus_gemm_gfx950_a8w8_mxscale_gemm_bpreshuffle_256x256x256x128_2x2_16x16x128_1x128x128_tiles1,2,32,401.92281632653055,0.0,passed,
14336,16384,1536,ck_0_split0,ck,0,0,a8w8_blockscale_bpreshuffle_1x128x128_256x128x128x128_16x16_16x16_8x32x1_8x32x1_1x32x1x8_8_2x1_intrawave_v3,2,33,553.5226888888889,0.0,passed,
14336,16384,1536,ck_1_split0,ck,1,0,a8w8_blockscale_bpreshuffle_1x128x128_256x64x128x128_16x16_16x16_8x32x1_8x32x1_1x32x1x8_8_2x1_intrawave_v3,2,34,577.3404347826088,0.0,passed,
14336,16384,1536,ck_2_split0,ck,2,0,a8w8_blockscale_bpreshuffle_1x128x128_256x64x64x128_16x16_16x16_8x32x1_8x32x1_1x32x1x8_8_2x1_intrawave_v3,2,35,731.357,0.0,passed,
14336,16384,1536,ck_3_split0,ck,3,0,a8w8_blockscale_bpreshuffle_1x128x128_256x16x256x128_8x16_16x16_16x16x1_8x32x1_1x16x1x16_8_1x2_intrawave_v1,2,36,1055.4697777777778,0.0,passed,
14336,16384,1536,ck_4_split0,ck,4,0,a8w8_blockscale_bpreshuffle_1x128x128_256x16x128x128_8x16_16x16_16x16x1_8x32x1_1x16x1x16_8_1x2_intrawave_v1,2,37,1153.3989374999999,0.0,passed,
14336,16384,1536,ck_5_split0,ck,5,0,a8w8_blockscale_bpreshuffle_1x128x128_256x16x64x128_8x16_16x16_16x16x1_8x32x1_1x16x1x16_4_1x1_intrawave_v1,2,38,1353.5583617021268,0.0,passed,
14336,16384,1536,ck_6_split0,ck,6,0,a8w8_blockscale_bpreshuffle_1x128x128_256x16x128x256_16x16_16x16_16x16x1_16x16x1_1x16x1x16_8_1x2_intrawave_v1,2,39,1124.7231199999999,0.0,passed,
14336,16384,1536,ck_7_split0,ck,7,0,a8w8_blockscale_bpreshuffle_1x128x128_256x16x64x256_16x16_16x16_16x16x1_16x16x1_1x16x1x16_4_1x1_intrawave_v1,2,40,1319.0235106382975,0.0,passed,
14336,16384,1536,ck_8_split0,ck,8,0,a8w8_blockscale_bpreshuffle_1x128x128_256x32x256x128_16x16_16x16_8x32x1_8x32x1_1x32x1x8_8_2x1_intrawave_v1,2,41,654.6023333333334,0.0,passed,
14336,16384,1536,ck_9_split0,ck,9,0,a8w8_blockscale_bpreshuffle_1x128x128_256x32x128x128_16x16_16x16_8x32x1_8x32x1_1x32x1x8_8_2x1_intrawave_v1,2,42,713.451375,0.0,passed,
14336,16384,1536,ck_10_split0,ck,10,0,a8w8_blockscale_bpreshuffle_1x128x128_256x32x64x128_16x16_16x16_8x32x1_8x32x1_1x32x1x8_8_2x1_intrawave_v1,2,43,857.2966521739128,0.0,passed,
14336,16384,1536,ck_11_split0,ck,11,0,a8w8_blockscale_bpreshuffle_1x128x128_256x32x128x256_16x16_16x16_16x16x1_16x16x1_1x32x1x8_8_2x1_intrawave_v1,2,44,738.9321395348837,0.0,passed,
14336,16384,1536,ck_12_split0,ck,12,0,a8w8_blockscale_bpreshuffle_1x128x128_256x32x64x256_16x16_16x16_16x16x1_16x16x1_1x32x1x8_8_2x1_intrawave_v1,2,45,882.366409090909,0.0,passed,
14336,16384,1536,ck_13_split0,ck,13,0,a8w8_blockscale_bpreshuffle_1x128x128_256x64x256x128_16x16_16x16_8x32x1_8x32x1_1x32x1x8_8_2x1_intrawave_v1,2,46,546.8336249999999,0.0,passed,
14336,16384,1536,ck_14_split0,ck,14,0,a8w8_blockscale_bpreshuffle_1x128x128_256x64x128x128_16x16_16x16_8x32x1_8x32x1_1x32x1x8_8_2x1_intrawave_v1,2,47,571.5287600000001,0.0,passed,
14336,16384,1536,ck_15_split0,ck,15,0,a8w8_blockscale_bpreshuffle_1x128x128_256x64x64x128_16x16_16x16_8x32x1_8x32x1_1x32x1x8_8_2x1_intrawave_v1,2,48,711.5343600000001,0.0,passed,
14336,16384,1536,ck_16_split0,ck,16,0,a8w8_blockscale_bpreshuffle_1x128x128_256x64x128x256_16x16_16x16_16x16x1_16x16x1_1x32x1x8_8_2x1_intrawave_v1,2,49,649.4673478260869,0.0,passed,
14336,16384,1536,ck_17_split0,ck,17,0,a8w8_blockscale_bpreshuffle_1x128x128_256x64x64x256_16x16_16x16_16x16x1_16x16x1_1x32x1x8_8_2x1_intrawave_v1,2,50,853.8912000000003,0.0,passed,
14336,16384,1536,cktile_0_split0,cktile,0,0,a8w8_blockscale_cktile_16x128x256_1x4x1_16x16x128_intrawave_0x1x0_1,2,51,1160.7009400000006,0.0,passed,
14336,16384,1536,cktile_1_split0,cktile,1,0,a8w8_blockscale_cktile_16x128x256_1x4x1_16x16x128_intrawave_0x1x0_2,2,52,1160.3601199999998,0.0,passed,
14336,16384,1536,cktile_2_split0,cktile,2,0,a8w8_blockscale_cktile_16x128x256_1x4x1_16x16x64_intrawave_0x1x0_1,2,53,1188.46526,0.0,passed,
14336,16384,1536,cktile_3_split0,cktile,3,0,a8w8_blockscale_cktile_16x128x256_1x4x1_16x16x64_intrawave_0x1x0_2,2,54,1182.5556000000006,0.0,passed,
14336,16384,1536,cktile_4_split0,cktile,4,0,a8w8_blockscale_cktile_32x128x128_1x4x1_16x16x128_intrawave_0x1x0_1,2,55,807.1560799999995,0.0,passed,
1216,65536,1536,cktile_4_split0,cktile,4,0,a8w8_blockscale_cktile_32x128x128_1x4x1_16x16x128_intrawave_0x1x0_1,0,0,513.7534999999999,0.0,passed,
1216,65536,1536,cktile_5_split0,cktile,5,0,a8w8_blockscale_cktile_32x128x128_1x4x1_16x16x128_intrawave_0x1x0_2,0,1,512.6374999999998,0.0,passed,
1216,65536,1536,cktile_6_split0,cktile,6,0,a8w8_blockscale_cktile_32x128x128_1x4x1_16x16x64_intrawave_0x1x0_1,0,2,531.8241250000001,0.0,passed,
1216,65536,1536,cktile_7_split0,cktile,7,0,a8w8_blockscale_cktile_32x128x128_1x4x1_16x16x64_intrawave_0x1x0_2,0,3,525.1232083333331,0.0,passed,
1216,65536,1536,cktile_8_split0,cktile,8,0,a8w8_blockscale_cktile_128x128x128_1x4x1_16x16x128_intrawave_0x1x0_1,0,4,275.13182222222224,0.0,passed,
1216,65536,1536,cktile_9_split0,cktile,9,0,a8w8_blockscale_cktile_128x128x128_1x4x1_16x16x128_intrawave_0x1x0_1,0,5,275.7464897959184,0.0,passed,
1216,65536,1536,cktile_10_split0,cktile,10,0,a8w8_blockscale_cktile_128x128x128_2x2x1_16x16x128_intrawave_0x1x0_2,0,6,277.93508163265307,0.0,passed,
1216,65536,1536,cktile_11_split0,cktile,11,0,a8w8_blockscale_cktile_192x256x128_4x2x1_16x16x128_intrawave_0x1x0_1,0,7,180.61788,0.0,passed,
1216,65536,1536,cktile_12_split0,cktile,12,0,a8w8_blockscale_cktile_192x256x128_4x2x1_16x16x128_intrawave_0x1x0_1_aqrm,0,8,181.95229999999992,0.0,passed,
1216,65536,1536,cktile_13_split0,cktile,13,0,a8w8_blockscale_cktile_16x128x256_1x4x1_16x16x128_intrawave_0x1x0_3,0,9,1074.3071600000007,0.0,passed,
1216,65536,1536,cktile_14_split0,cktile,14,0,a8w8_blockscale_cktile_16x128x256_1x4x1_16x16x128_intrawave_0x1x0_4,0,10,1440.3993599999992,0.0,passed,
1216,65536,1536,cktile_15_split0,cktile,15,0,a8w8_blockscale_cktile_16x128x256_1x4x1_16x16x64_intrawave_0x1x0_3,0,11,1068.844612244897,0.0,passed,
1216,65536,1536,cktile_16_split0,cktile,16,0,a8w8_blockscale_cktile_16x128x256_1x4x1_16x16x64_intrawave_0x1x0_4,0,12,1176.0784489795917,0.0,passed,
1216,65536,1536,cktile_17_split0,cktile,17,0,a8w8_blockscale_cktile_32x128x128_1x4x1_16x16x128_intrawave_0x1x0_3,0,13,512.4251914893617,0.0,passed,
1216,65536,1536,cktile_18_split0,cktile,18,0,a8w8_blockscale_cktile_32x128x128_1x4x1_16x16x128_intrawave_0x1x0_4,0,14,517.3151599999999,0.0,passed,
1216,65536,1536,cktile_19_split0,cktile,19,0,a8w8_blockscale_cktile_32x128x128_1x4x1_16x16x64_intrawave_0x1x0_3,0,15,525.2602127659574,0.0,passed,
1216,65536,1536,cktile_20_split0,cktile,20,0,a8w8_blockscale_cktile_32x128x128_1x4x1_16x16x64_intrawave_0x1x0_4,0,16,525.4325918367347,0.0,passed,
1216,65536,1536,cktile_21_split0,cktile,21,0,a8w8_blockscale_cktile_128x128x128_1x4x1_16x16x128_intrawave_0x1x0_2,0,17,273.00824444444424,0.0,passed,
1216,65536,1536,cktile_22_split0,cktile,22,0,a8w8_blockscale_cktile_128x128x128_1x4x1_16x16x128_intrawave_0x1x0_3,0,18,801.2586530612247,0.0,passed,
1216,65536,1536,cktile_23_split0,cktile,23,0,a8w8_blockscale_cktile_128x128x128_1x4x1_16x16x128_intrawave_0x1x0_4,0,19,1235.2343191489358,0.0,passed,
1216,65536,1536,cktile_24_split0,cktile,24,0,a8w8_blockscale_cktile_128x128x128_2x2x1_16x16x128_intrawave_0x1x0_1,0,20,276.19368750000007,0.0,passed,
1216,65536,1536,cktile_25_split0,cktile,25,0,a8w8_blockscale_cktile_128x128x128_2x2x1_16x16x128_intrawave_0x1x0_3,0,21,825.5449999999995,0.0,passed,
1216,65536,1536,cktile_26_split0,cktile,26,0,a8w8_blockscale_cktile_128x128x128_2x2x1_16x16x128_intrawave_0x1x0_4,0,22,2048.5342244897956,0.0,passed,
1216,65536,1536,cktile_27_split0,cktile,27,0,a8w8_blockscale_cktile_192x256x128_4x2x1_16x16x128_intrawave_0x1x0_2,0,23,180.90188,0.0,passed,
1216,65536,1536,cktile_28_split0,cktile,28,0,a8w8_blockscale_cktile_192x256x128_4x2x1_16x16x128_intrawave_0x1x0_3,0,24,181.26802040816324,0.0,passed,
1216,65536,1536,cktile_29_split0,cktile,29,0,a8w8_blockscale_cktile_192x256x128_4x2x1_16x16x128_intrawave_0x1x0_4,0,25,181.1463877551021,0.0,passed,
1216,65536,1536,cktile_30_split0,cktile,30,0,a8w8_blockscale_cktile_192x256x128_4x2x1_16x16x128_intrawave_0x1x0_2_aqrm,0,26,181.46608333333327,0.0,passed,
1216,65536,1536,cktile_31_split0,cktile,31,0,a8w8_blockscale_cktile_192x256x128_4x2x1_16x16x128_intrawave_0x1x0_3_aqrm,0,27,182.23607499999997,0.0,passed,
1216,65536,1536,cktile_32_split0,cktile,32,0,a8w8_blockscale_cktile_192x256x128_4x2x1_16x16x128_intrawave_0x1x0_4_aqrm,0,28,182.2811041666666,0.0,passed,
1216,65536,1536,opus_9011,opus,9011,0,opus_gemm_gfx950_a8w8_mxscale_gemm_bpreshuffle_256x64x128x128_2x2_16x16x128_1x128x128_tiles1_nooob,0,29,282.9214600000001,0.0,passed,
1216,65536,1536,opus_9012,opus,9012,0,opus_gemm_gfx950_a8w8_mxscale_gemm_bpreshuffle_256x64x64x128_2x2_16x16x128_1x128x128_tiles1_nooob,0,30,289.5191200000001,0.0,passed,
1216,65536,1536,opus_9020,opus,9020,0,opus_gemm_gfx950_a8w8_mxscale_gemm_bpreshuffle_256x256x256x128_2x2_16x16x128_1x128x128_tiles1,0,31,152.81463265306124,0.0,passed,
1216,65536,1536,ck_0_split0,ck,0,0,a8w8_blockscale_bpreshuffle_1x128x128_256x128x128x128_16x16_16x16_8x32x1_8x32x1_1x32x1x8_8_2x1_intrawave_v3,0,32,222.6235918367346,0.0,passed,
1216,65536,1536,ck_1_split0,ck,1,0,a8w8_blockscale_bpreshuffle_1x128x128_256x64x128x128_16x16_16x16_8x32x1_8x32x1_1x32x1x8_8_2x1_intrawave_v3,0,33,209.4046000000001,0.0,passed,
1216,65536,1536,ck_2_split0,ck,2,0,a8w8_blockscale_bpreshuffle_1x128x128_256x64x64x128_16x16_16x16_8x32x1_8x32x1_1x32x1x8_8_2x1_intrawave_v3,0,34,260.5980199999999,0.0,passed,
1216,65536,1536,ck_3_split0,ck,3,0,a8w8_blockscale_bpreshuffle_1x128x128_256x16x256x128_8x16_16x16_16x16x1_8x32x1_1x16x1x16_8_1x2_intrawave_v1,0,35,367.58162000000004,0.0,passed,
1216,65536,1536,ck_4_split0,ck,4,0,a8w8_blockscale_bpreshuffle_1x128x128_256x16x128x128_8x16_16x16_16x16x1_8x32x1_1x16x1x16_8_1x2_intrawave_v1,0,36,398.66534782608693,0.0,passed,
1216,65536,1536,ck_5_split0,ck,5,0,a8w8_blockscale_bpreshuffle_1x128x128_256x16x64x128_8x16_16x16_16x16x1_8x32x1_1x16x1x16_4_1x1_intrawave_v1,0,37,465.9057333333333,0.0,passed,
1216,65536,1536,ck_6_split0,ck,6,0,a8w8_blockscale_bpreshuffle_1x128x128_256x16x128x256_16x16_16x16_16x16x1_16x16x1_1x16x1x16_8_1x2_intrawave_v1,0,38,393.69074,0.0,passed,
1216,65536,1536,ck_7_split0,ck,7,0,a8w8_blockscale_bpreshuffle_1x128x128_256x16x64x256_16x16_16x16_16x16x1_16x16x1_1x16x1x16_4_1x1_intrawave_v1,0,39,457.4893617021276,0.0,passed,
1216,65536,1536,ck_8_split0,ck,8,0,a8w8_blockscale_bpreshuffle_1x128x128_256x32x256x128_16x16_16x16_8x32x1_8x32x1_1x32x1x8_8_2x1_intrawave_v1,0,40,238.20254000000008,0.0,passed,
1216,65536,1536,ck_9_split0,ck,9,0,a8w8_blockscale_bpreshuffle_1x128x128_256x32x128x128_16x16_16x16_8x32x1_8x32x1_1x32x1x8_8_2x1_intrawave_v1,0,41,254.72443749999994,0.0,passed,
1216,65536,1536,ck_10_split0,ck,10,0,a8w8_blockscale_bpreshuffle_1x128x128_256x32x64x128_16x16_16x16_8x32x1_8x32x1_1x32x1x8_8_2x1_intrawave_v1,0,42,305.06089999999995,0.0,passed,
1216,65536,1536,ck_11_split0,ck,11,0,a8w8_blockscale_bpreshuffle_1x128x128_256x32x128x256_16x16_16x16_16x16x1_16x16x1_1x32x1x8_8_2x1_intrawave_v1,0,43,265.03484,0.0,passed,
1216,65536,1536,ck_12_split0,ck,12,0,a8w8_blockscale_bpreshuffle_1x128x128_256x32x64x256_16x16_16x16_16x16x1_16x16x1_1x32x1x8_8_2x1_intrawave_v1,0,44,315.06985106382984,0.0,passed,
1216,65536,1536,ck_13_split0,ck,13,0,a8w8_blockscale_bpreshuffle_1x128x128_256x64x256x128_16x16_16x16_8x32x1_8x32x1_1x32x1x8_8_2x1_intrawave_v1,0,45,197.7969130434784,0.0,passed,
1216,65536,1536,ck_14_split0,ck,14,0,a8w8_blockscale_bpreshuffle_1x128x128_256x64x128x128_16x16_16x16_8x32x1_8x32x1_1x32x1x8_8_2x1_intrawave_v1,0,46,206.79658000000015,0.0,passed,
1216,65536,1536,ck_15_split0,ck,15,0,a8w8_blockscale_bpreshuffle_1x128x128_256x64x64x128_16x16_16x16_8x32x1_8x32x1_1x32x1x8_8_2x1_intrawave_v1,0,47,251.90092857142858,0.0,passed,
1216,65536,1536,ck_16_split0,ck,16,0,a8w8_blockscale_bpreshuffle_1x128x128_256x64x128x256_16x16_16x16_16x16x1_16x16x1_1x32x1x8_8_2x1_intrawave_v1,0,48,234.16889999999995,0.0,passed,
1216,65536,1536,ck_17_split0,ck,17,0,a8w8_blockscale_bpreshuffle_1x128x128_256x64x64x256_16x16_16x16_16x16x1_16x16x1_1x32x1x8_8_2x1_intrawave_v1,0,49,300.95126000000005,0.0,passed,
1216,65536,1536,cktile_0_split0,cktile,0,0,a8w8_blockscale_cktile_16x128x256_1x4x1_16x16x128_intrawave_0x1x0_1,0,50,1077.0955106382976,0.0,passed,
1216,65536,1536,cktile_1_split0,cktile,1,0,a8w8_blockscale_cktile_16x128x256_1x4x1_16x16x128_intrawave_0x1x0_2,0,51,1077.9863999999993,0.0,passed,
1216,65536,1536,cktile_2_split0,cktile,2,0,a8w8_blockscale_cktile_16x128x256_1x4x1_16x16x64_intrawave_0x1x0_1,0,52,1072.2161666666673,0.0,passed,
1216,65536,1536,cktile_3_split0,cktile,3,0,a8w8_blockscale_cktile_16x128x256_1x4x1_16x16x64_intrawave_0x1x0_2,0,53,1072.3078541666669,0.0,passed,
1216,65536,1536,cktile_4_split0,cktile,4,0,a8w8_blockscale_cktile_32x128x128_1x4x1_16x16x128_intrawave_0x1x0_1,1,0,512.7843265306121,0.0,passed,
1216,65536,1536,cktile_3_split0,cktile,3,0,a8w8_blockscale_cktile_16x128x256_1x4x1_16x16x64_intrawave_0x1x0_2,1,1,1068.3053125,0.0,passed,
1216,65536,1536,cktile_2_split0,cktile,2,0,a8w8_blockscale_cktile_16x128x256_1x4x1_16x16x64_intrawave_0x1x0_1,1,2,1072.3783400000002,0.0,passed,
1216,65536,1536,cktile_1_split0,cktile,1,0,a8w8_blockscale_cktile_16x128x256_1x4x1_16x16x128_intrawave_0x1x0_2,1,3,1076.7679999999998,0.0,passed,
1216,65536,1536,cktile_0_split0,cktile,0,0,a8w8_blockscale_cktile_16x128x256_1x4x1_16x16x128_intrawave_0x1x0_1,1,4,1076.1279799999993,0.0,passed,
1216,65536,1536,ck_17_split0,ck,17,0,a8w8_blockscale_bpreshuffle_1x128x128_256x64x64x256_16x16_16x16_16x16x1_16x16x1_1x32x1x8_8_2x1_intrawave_v1,1,5,299.5608400000001,0.0,passed,
1216,65536,1536,ck_16_split0,ck,16,0,a8w8_blockscale_bpreshuffle_1x128x128_256x64x128x256_16x16_16x16_16x16x1_16x16x1_1x32x1x8_8_2x1_intrawave_v1,1,6,235.9038510638298,0.0,passed,
1216,65536,1536,ck_15_split0,ck,15,0,a8w8_blockscale_bpreshuffle_1x128x128_256x64x64x128_16x16_16x16_8x32x1_8x32x1_1x32x1x8_8_2x1_intrawave_v1,1,7,253.12671999999995,0.0,passed,
1216,65536,1536,ck_14_split0,ck,14,0,a8w8_blockscale_bpreshuffle_1x128x128_256x64x128x128_16x16_16x16_8x32x1_8x32x1_1x32x1x8_8_2x1_intrawave_v1,1,8,208.763,0.0,passed,
1216,65536,1536,ck_13_split0,ck,13,0,a8w8_blockscale_bpreshuffle_1x128x128_256x64x256x128_16x16_16x16_8x32x1_8x32x1_1x32x1x8_8_2x1_intrawave_v1,1,9,198.27648000000005,0.0,passed,
1216,65536,1536,ck_12_split0,ck,12,0,a8w8_blockscale_bpreshuffle_1x128x128_256x32x64x256_16x16_16x16_16x16x1_16x16x1_1x32x1x8_8_2x1_intrawave_v1,1,10,316.8234791666666,0.0,passed,
1216,65536,1536,ck_11_split0,ck,11,0,a8w8_blockscale_bpreshuffle_1x128x128_256x32x128x256_16x16_16x16_16x16x1_16x16x1_1x32x1x8_8_2x1_intrawave_v1,1,11,264.4428600000001,0.0,passed,
1216,65536,1536,ck_10_split0,ck,10,0,a8w8_blockscale_bpreshuffle_1x128x128_256x32x64x128_16x16_16x16_8x32x1_8x32x1_1x32x1x8_8_2x1_intrawave_v1,1,12,306.2300416666667,0.0,passed,
1216,65536,1536,ck_9_split0,ck,9,0,a8w8_blockscale_bpreshuffle_1x128x128_256x32x128x128_16x16_16x16_8x32x1_8x32x1_1x32x1x8_8_2x1_intrawave_v1,1,13,256.80593999999996,0.0,passed,
1216,65536,1536,ck_8_split0,ck,8,0,a8w8_blockscale_bpreshuffle_1x128x128_256x32x256x128_16x16_16x16_8x32x1_8x32x1_1x32x1x8_8_2x1_intrawave_v1,1,14,233.20083333333324,0.0,passed,
1216,65536,1536,ck_7_split0,ck,7,0,a8w8_blockscale_bpreshuffle_1x128x128_256x16x64x256_16x16_16x16_16x16x1_16x16x1_1x16x1x16_4_1x1_intrawave_v1,1,15,457.9319361702127,0.0,passed,
1216,65536,1536,ck_6_split0,ck,6,0,a8w8_blockscale_bpreshuffle_1x128x128_256x16x128x256_16x16_16x16_16x16x1_16x16x1_1x16x1x16_8_1x2_intrawave_v1,1,16,391.6043000000001,0.0,passed,
1216,65536,1536,ck_5_split0,ck,5,0,a8w8_blockscale_bpreshuffle_1x128x128_256x16x64x128_8x16_16x16_16x16x1_8x32x1_1x16x1x16_4_1x1_intrawave_v1,1,17,470.3228,0.0,passed,
1216,65536,1536,ck_4_split0,ck,4,0,a8w8_blockscale_bpreshuffle_1x128x128_256x16x128x128_8x16_16x16_16x16x1_8x32x1_1x16x1x16_8_1x2_intrawave_v1,1,18,401.64874468085094,0.0,passed,
1216,65536,1536,ck_3_split0,ck,3,0,a8w8_blockscale_bpreshuffle_1x128x128_256x16x256x128_8x16_16x16_16x16x1_8x32x1_1x16x1x16_8_1x2_intrawave_v1,1,19,365.8840200000003,0.0,passed,
1216,65536,1536,ck_2_split0,ck,2,0,a8w8_blockscale_bpreshuffle_1x128x128_256x64x64x128_16x16_16x16_8x32x1_8x32x1_1x32x1x8_8_2x1_intrawave_v3,1,20,257.6204102564105,0.0,passed,
1216,65536,1536,ck_1_split0,ck,1,0,a8w8_blockscale_bpreshuffle_1x128x128_256x64x128x128_16x16_16x16_8x32x1_8x32x1_1x32x1x8_8_2x1_intrawave_v3,1,21,208.8798,0.0,passed,
1216,65536,1536,ck_0_split0,ck,0,0,a8w8_blockscale_bpreshuffle_1x128x128_256x128x128x128_16x16_16x16_8x32x1_8x32x1_1x32x1x8_8_2x1_intrawave_v3,1,22,222.97996000000003,0.0,passed,
1216,65536,1536,opus_9020,opus,9020,0,opus_gemm_gfx950_a8w8_mxscale_gemm_bpreshuffle_256x256x256x128_2x2_16x16x128_1x128x128_tiles1,1,23,153.13220408163266,0.0,passed,
1216,65536,1536,opus_9012,opus,9012,0,opus_gemm_gfx950_a8w8_mxscale_gemm_bpreshuffle_256x64x64x128_2x2_16x16x128_1x128x128_tiles1_nooob,1,24,288.5476326530613,0.0,passed,
1216,65536,1536,opus_9011,opus,9011,0,opus_gemm_gfx950_a8w8_mxscale_gemm_bpreshuffle_256x64x128x128_2x2_16x16x128_1x128x128_tiles1_nooob,1,25,283.19410204081635,0.0,passed,
1216,65536,1536,cktile_32_split0,cktile,32,0,a8w8_blockscale_cktile_192x256x128_4x2x1_16x16x128_intrawave_0x1x0_4_aqrm,1,26,181.7211020408163,0.0,passed,
1216,65536,1536,cktile_31_split0,cktile,31,0,a8w8_blockscale_cktile_192x256x128_4x2x1_16x16x128_intrawave_0x1x0_3_aqrm,1,27,181.91549999999995,0.0,passed,
1216,65536,1536,cktile_30_split0,cktile,30,0,a8w8_blockscale_cktile_192x256x128_4x2x1_16x16x128_intrawave_0x1x0_2_aqrm,1,28,181.62230612244895,0.0,passed,
1216,65536,1536,cktile_29_split0,cktile,29,0,a8w8_blockscale_cktile_192x256x128_4x2x1_16x16x128_intrawave_0x1x0_4,1,29,180.05024999999992,0.0,passed,
1216,65536,1536,cktile_28_split0,cktile,28,0,a8w8_blockscale_cktile_192x256x128_4x2x1_16x16x128_intrawave_0x1x0_3,1,30,179.93983673469378,0.0,passed,
1216,65536,1536,cktile_27_split0,cktile,27,0,a8w8_blockscale_cktile_192x256x128_4x2x1_16x16x128_intrawave_0x1x0_2,1,31,180.75046938775506,0.0,passed,
1216,65536,1536,cktile_26_split0,cktile,26,0,a8w8_blockscale_cktile_128x128x128_2x2x1_16x16x128_intrawave_0x1x0_4,1,32,2046.824083333334,0.0,passed,
1216,65536,1536,cktile_25_split0,cktile,25,0,a8w8_blockscale_cktile_128x128x128_2x2x1_16x16x128_intrawave_0x1x0_3,1,33,824.7914999999999,0.0,passed,
1216,65536,1536,cktile_24_split0,cktile,24,0,a8w8_blockscale_cktile_128x128x128_2x2x1_16x16x128_intrawave_0x1x0_1,1,34,277.05783333333324,0.0,passed,
1216,65536,1536,cktile_23_split0,cktile,23,0,a8w8_blockscale_cktile_128x128x128_1x4x1_16x16x128_intrawave_0x1x0_4,1,35,1234.498916666666,0.0,passed,
1216,65536,1536,cktile_22_split0,cktile,22,0,a8w8_blockscale_cktile_128x128x128_1x4x1_16x16x128_intrawave_0x1x0_3,1,36,801.5424200000006,0.0,passed,
1216,65536,1536,cktile_21_split0,cktile,21,0,a8w8_blockscale_cktile_128x128x128_1x4x1_16x16x128_intrawave_0x1x0_2,1,37,274.8852448979592,0.0,passed,
1216,65536,1536,cktile_20_split0,cktile,20,0,a8w8_blockscale_cktile_32x128x128_1x4x1_16x16x64_intrawave_0x1x0_4,1,38,525.7792400000001,0.0,passed,
1216,65536,1536,cktile_19_split0,cktile,19,0,a8w8_blockscale_cktile_32x128x128_1x4x1_16x16x64_intrawave_0x1x0_3,1,39,526.5415833333334,0.0,passed,
1216,65536,1536,cktile_18_split0,cktile,18,0,a8w8_blockscale_cktile_32x128x128_1x4x1_16x16x128_intrawave_0x1x0_4,1,40,516.3945744680851,0.0,passed,
1216,65536,1536,cktile_17_split0,cktile,17,0,a8w8_blockscale_cktile_32x128x128_1x4x1_16x16x128_intrawave_0x1x0_3,1,41,512.4439166666668,0.0,passed,
1216,65536,1536,cktile_16_split0,cktile,16,0,a8w8_blockscale_cktile_16x128x256_1x4x1_16x16x64_intrawave_0x1x0_4,1,42,1177.47956,0.0,passed,
1216,65536,1536,cktile_15_split0,cktile,15,0,a8w8_blockscale_cktile_16x128x256_1x4x1_16x16x64_intrawave_0x1x0_3,1,43,1070.2095102040807,0.0,passed,
1216,65536,1536,cktile_14_split0,cktile,14,0,a8w8_blockscale_cktile_16x128x256_1x4x1_16x16x128_intrawave_0x1x0_4,1,44,1441.0162000000003,0.0,passed,
1216,65536,1536,cktile_13_split0,cktile,13,0,a8w8_blockscale_cktile_16x128x256_1x4x1_16x16x128_intrawave_0x1x0_3,1,45,1075.1608000000006,0.0,passed,
1216,65536,1536,cktile_12_split0,cktile,12,0,a8w8_blockscale_cktile_192x256x128_4x2x1_16x16x128_intrawave_0x1x0_1_aqrm,1,46,180.8206808510638,0.0,passed,
1216,65536,1536,cktile_11_split0,cktile,11,0,a8w8_blockscale_cktile_192x256x128_4x2x1_16x16x128_intrawave_0x1x0_1,1,47,180.44026530612248,0.0,passed,
1216,65536,1536,cktile_10_split0,cktile,10,0,a8w8_blockscale_cktile_128x128x128_2x2x1_16x16x128_intrawave_0x1x0_2,1,48,276.4145333333333,0.0,passed,
1216,65536,1536,cktile_9_split0,cktile,9,0,a8w8_blockscale_cktile_128x128x128_1x4x1_16x16x128_intrawave_0x1x0_1,1,49,274.9824468085106,0.0,passed,
1216,65536,1536,cktile_8_split0,cktile,8,0,a8w8_blockscale_cktile_128x128x128_1x4x1_16x16x128_intrawave_0x1x0_1,1,50,275.93769565217394,0.0,passed,
1216,65536,1536,cktile_7_split0,cktile,7,0,a8w8_blockscale_cktile_32x128x128_1x4x1_16x16x64_intrawave_0x1x0_2,1,51,524.5056399999997,0.0,passed,
1216,65536,1536,cktile_6_split0,cktile,6,0,a8w8_blockscale_cktile_32x128x128_1x4x1_16x16x64_intrawave_0x1x0_1,1,52,531.6188367346938,0.0,passed,
1216,65536,1536,cktile_5_split0,cktile,5,0,a8w8_blockscale_cktile_32x128x128_1x4x1_16x16x128_intrawave_0x1x0_2,1,53,512.4994285714286,0.0,passed,
1216,65536,1536,cktile_6_split0,cktile,6,0,a8w8_blockscale_cktile_32x128x128_1x4x1_16x16x64_intrawave_0x1x0_1,2,0,531.6007021276596,0.0,passed,
1216,65536,1536,cktile_7_split0,cktile,7,0,a8w8_blockscale_cktile_32x128x128_1x4x1_16x16x64_intrawave_0x1x0_2,2,1,526.1909999999999,0.0,passed,
1216,65536,1536,cktile_8_split0,cktile,8,0,a8w8_blockscale_cktile_128x128x128_1x4x1_16x16x128_intrawave_0x1x0_1,2,2,274.03348936170215,0.0,passed,
1216,65536,1536,cktile_9_split0,cktile,9,0,a8w8_blockscale_cktile_128x128x128_1x4x1_16x16x128_intrawave_0x1x0_1,2,3,276.3856734693877,0.0,passed,
1216,65536,1536,cktile_10_split0,cktile,10,0,a8w8_blockscale_cktile_128x128x128_2x2x1_16x16x128_intrawave_0x1x0_2,2,4,276.7546530612245,0.0,passed,
1216,65536,1536,cktile_11_split0,cktile,11,0,a8w8_blockscale_cktile_192x256x128_4x2x1_16x16x128_intrawave_0x1x0_1,2,5,180.25657142857136,0.0,passed,
1216,65536,1536,cktile_12_split0,cktile,12,0,a8w8_blockscale_cktile_192x256x128_4x2x1_16x16x128_intrawave_0x1x0_1_aqrm,2,6,181.4768510638297,0.0,passed,
1216,65536,1536,cktile_13_split0,cktile,13,0,a8w8_blockscale_cktile_16x128x256_1x4x1_16x16x128_intrawave_0x1x0_3,2,7,1075.252040816327,0.0,passed,
1216,65536,1536,cktile_14_split0,cktile,14,0,a8w8_blockscale_cktile_16x128x256_1x4x1_16x16x128_intrawave_0x1x0_4,2,8,1440.7097799999995,0.0,passed,
1216,65536,1536,cktile_15_split0,cktile,15,0,a8w8_blockscale_cktile_16x128x256_1x4x1_16x16x64_intrawave_0x1x0_3,2,9,1067.8194583333332,0.0,passed,
1216,65536,1536,cktile_16_split0,cktile,16,0,a8w8_blockscale_cktile_16x128x256_1x4x1_16x16x64_intrawave_0x1x0_4,2,10,1175.77714,0.0,passed,
1216,65536,1536,cktile_17_split0,cktile,17,0,a8w8_blockscale_cktile_32x128x128_1x4x1_16x16x128_intrawave_0x1x0_3,2,11,513.0398367346938,0.0,passed,
1216,65536,1536,cktile_18_split0,cktile,18,0,a8w8_blockscale_cktile_32x128x128_1x4x1_16x16x128_intrawave_0x1x0_4,2,12,516.7419183673469,0.0,passed,
1216,65536,1536,cktile_19_split0,cktile,19,0,a8w8_blockscale_cktile_32x128x128_1x4x1_16x16x64_intrawave_0x1x0_3,2,13,525.2598958333334,0.0,passed,
1216,65536,1536,cktile_20_split0,cktile,20,0,a8w8_blockscale_cktile_32x128x128_1x4x1_16x16x64_intrawave_0x1x0_4,2,14,524.97364,0.0,passed,
1216,65536,1536,cktile_21_split0,cktile,21,0,a8w8_blockscale_cktile_128x128x128_1x4x1_16x16x128_intrawave_0x1x0_2,2,15,275.74918,0.0,passed,
1216,65536,1536,cktile_22_split0,cktile,22,0,a8w8_blockscale_cktile_128x128x128_1x4x1_16x16x128_intrawave_0x1x0_3,2,16,803.0576599999997,0.0,passed,
1216,65536,1536,cktile_23_split0,cktile,23,0,a8w8_blockscale_cktile_128x128x128_1x4x1_16x16x128_intrawave_0x1x0_4,2,17,1237.7138400000001,0.0,passed,
1216,65536,1536,cktile_24_split0,cktile,24,0,a8w8_blockscale_cktile_128x128x128_2x2x1_16x16x128_intrawave_0x1x0_1,2,18,277.5523999999999,0.0,passed,
1216,65536,1536,cktile_25_split0,cktile,25,0,a8w8_blockscale_cktile_128x128x128_2x2x1_16x16x128_intrawave_0x1x0_3,2,19,827.1915400000003,0.0,passed,
1216,65536,1536,cktile_26_split0,cktile,26,0,a8w8_blockscale_cktile_128x128x128_2x2x1_16x16x128_intrawave_0x1x0_4,2,20,2046.9717959183663,0.0,passed,
1216,65536,1536,cktile_27_split0,cktile,27,0,a8w8_blockscale_cktile_192x256x128_4x2x1_16x16x128_intrawave_0x1x0_2,2,21,180.10230612244897,0.0,passed,
1216,65536,1536,cktile_28_split0,cktile,28,0,a8w8_blockscale_cktile_192x256x128_4x2x1_16x16x128_intrawave_0x1x0_3,2,22,179.87146,0.0,passed,
1216,65536,1536,cktile_29_split0,cktile,29,0,a8w8_blockscale_cktile_192x256x128_4x2x1_16x16x128_intrawave_0x1x0_4,2,23,180.84108,0.0,passed,
1216,65536,1536,cktile_30_split0,cktile,30,0,a8w8_blockscale_cktile_192x256x128_4x2x1_16x16x128_intrawave_0x1x0_2_aqrm,2,24,181.91514893617025,0.0,passed,
1216,65536,1536,cktile_31_split0,cktile,31,0,a8w8_blockscale_cktile_192x256x128_4x2x1_16x16x128_intrawave_0x1x0_3_aqrm,2,25,181.4360833333334,0.0,passed,
1216,65536,1536,cktile_32_split0,cktile,32,0,a8w8_blockscale_cktile_192x256x128_4x2x1_16x16x128_intrawave_0x1x0_4_aqrm,2,26,181.915387755102,0.0,passed,
1216,65536,1536,opus_9011,opus,9011,0,opus_gemm_gfx950_a8w8_mxscale_gemm_bpreshuffle_256x64x128x128_2x2_16x16x128_1x128x128_tiles1_nooob,2,27,282.90312499999993,0.0,passed,
1216,65536,1536,opus_9012,opus,9012,0,opus_gemm_gfx950_a8w8_mxscale_gemm_bpreshuffle_256x64x64x128_2x2_16x16x128_1x128x128_tiles1_nooob,2,28,288.63754000000006,0.0,passed,
1216,65536,1536,opus_9020,opus,9020,0,opus_gemm_gfx950_a8w8_mxscale_gemm_bpreshuffle_256x256x256x128_2x2_16x16x128_1x128x128_tiles1,2,29,153.05789795918363,0.0,passed,
1216,65536,1536,ck_0_split0,ck,0,0,a8w8_blockscale_bpreshuffle_1x128x128_256x128x128x128_16x16_16x16_8x32x1_8x32x1_1x32x1x8_8_2x1_intrawave_v3,2,30,221.93193999999997,0.0,passed,
1216,65536,1536,ck_1_split0,ck,1,0,a8w8_blockscale_bpreshuffle_1x128x128_256x64x128x128_16x16_16x16_8x32x1_8x32x1_1x32x1x8_8_2x1_intrawave_v3,2,31,208.71180000000004,0.0,passed,
1216,65536,1536,ck_2_split0,ck,2,0,a8w8_blockscale_bpreshuffle_1x128x128_256x64x64x128_16x16_16x16_8x32x1_8x32x1_1x32x1x8_8_2x1_intrawave_v3,2,32,260.43240000000003,0.0,passed,
1216,65536,1536,ck_3_split0,ck,3,0,a8w8_blockscale_bpreshuffle_1x128x128_256x16x256x128_8x16_16x16_16x16x1_8x32x1_1x16x1x16_8_1x2_intrawave_v1,2,33,367.7346530612243,0.0,passed,
1216,65536,1536,ck_4_split0,ck,4,0,a8w8_blockscale_bpreshuffle_1x128x128_256x16x128x128_8x16_16x16_16x16x1_8x32x1_1x16x1x16_8_1x2_intrawave_v1,2,34,398.6933555555555,0.0,passed,
1216,65536,1536,ck_5_split0,ck,5,0,a8w8_blockscale_bpreshuffle_1x128x128_256x16x64x128_8x16_16x16_16x16x1_8x32x1_1x16x1x16_4_1x1_intrawave_v1,2,35,469.94808163265304,0.0,passed,
1216,65536,1536,ck_6_split0,ck,6,0,a8w8_blockscale_bpreshuffle_1x128x128_256x16x128x256_16x16_16x16_16x16x1_16x16x1_1x16x1x16_8_1x2_intrawave_v1,2,36,393.06034,0.0,passed,
1216,65536,1536,ck_7_split0,ck,7,0,a8w8_blockscale_bpreshuffle_1x128x128_256x16x64x256_16x16_16x16_16x16x1_16x16x1_1x16x1x16_4_1x1_intrawave_v1,2,37,455.87336363636354,0.0,passed,
1216,65536,1536,ck_8_split0,ck,8,0,a8w8_blockscale_bpreshuffle_1x128x128_256x32x256x128_16x16_16x16_8x32x1_8x32x1_1x32x1x8_8_2x1_intrawave_v1,2,38,236.42974000000007,0.0,passed,
1216,65536,1536,ck_9_split0,ck,9,0,a8w8_blockscale_bpreshuffle_1x128x128_256x32x128x128_16x16_16x16_8x32x1_8x32x1_1x32x1x8_8_2x1_intrawave_v1,2,39,255.9192272727273,0.0,passed,
1216,65536,1536,ck_10_split0,ck,10,0,a8w8_blockscale_bpreshuffle_1x128x128_256x32x64x128_16x16_16x16_8x32x1_8x32x1_1x32x1x8_8_2x1_intrawave_v1,2,40,305.9486530612248,0.0,passed,
1216,65536,1536,ck_11_split0,ck,11,0,a8w8_blockscale_bpreshuffle_1x128x128_256x32x128x256_16x16_16x16_16x16x1_16x16x1_1x32x1x8_8_2x1_intrawave_v1,2,41,264.3810500000001,0.0,passed,
1216,65536,1536,ck_12_split0,ck,12,0,a8w8_blockscale_bpreshuffle_1x128x128_256x32x64x256_16x16_16x16_16x16x1_16x16x1_1x32x1x8_8_2x1_intrawave_v1,2,42,315.26102,0.0,passed,
1216,65536,1536,ck_13_split0,ck,13,0,a8w8_blockscale_bpreshuffle_1x128x128_256x64x256x128_16x16_16x16_8x32x1_8x32x1_1x32x1x8_8_2x1_intrawave_v1,2,43,197.14128000000005,0.0,passed,
1216,65536,1536,ck_14_split0,ck,14,0,a8w8_blockscale_bpreshuffle_1x128x128_256x64x128x128_16x16_16x16_8x32x1_8x32x1_1x32x1x8_8_2x1_intrawave_v1,2,44,208.49341999999996,0.0,passed,
1216,65536,1536,ck_15_split0,ck,15,0,a8w8_blockscale_bpreshuffle_1x128x128_256x64x64x128_16x16_16x16_8x32x1_8x32x1_1x32x1x8_8_2x1_intrawave_v1,2,45,252.71374999999992,0.0,passed,
1216,65536,1536,ck_16_split0,ck,16,0,a8w8_blockscale_bpreshuffle_1x128x128_256x64x128x256_16x16_16x16_16x16x1_16x16x1_1x32x1x8_8_2x1_intrawave_v1,2,46,232.77666666666664,0.0,passed,
1216,65536,1536,ck_17_split0,ck,17,0,a8w8_blockscale_bpreshuffle_1x128x128_256x64x64x256_16x16_16x16_16x16x1_16x16x1_1x32x1x8_8_2x1_intrawave_v1,2,47,298.98493750000006,0.0,passed,
1216,65536,1536,cktile_0_split0,cktile,0,0,a8w8_blockscale_cktile_16x128x256_1x4x1_16x16x128_intrawave_0x1x0_1,2,48,1076.1612291666665,0.0,passed,
1216,65536,1536,cktile_1_split0,cktile,1,0,a8w8_blockscale_cktile_16x128x256_1x4x1_16x16x128_intrawave_0x1x0_2,2,49,1074.9887999999996,0.0,passed,
1216,65536,1536,cktile_2_split0,cktile,2,0,a8w8_blockscale_cktile_16x128x256_1x4x1_16x16x64_intrawave_0x1x0_1,2,50,1075.0087346938767,0.0,passed,
1216,65536,1536,cktile_3_split0,cktile,3,0,a8w8_blockscale_cktile_16x128x256_1x4x1_16x16x64_intrawave_0x1x0_2,2,51,1067.0927000000006,0.0,passed,
1216,65536,1536,cktile_4_split0,cktile,4,0,a8w8_blockscale_cktile_32x128x128_1x4x1_16x16x128_intrawave_0x1x0_1,2,52,512.6172291666666,0.0,passed,
1216,65536,1536,cktile_5_split0,cktile,5,0,a8w8_blockscale_cktile_32x128x128_1x4x1_16x16x128_intrawave_0x1x0_2,2,53,512.5447200000001,0.0,passed,
1984,65536,1536,cktile_5_split0,cktile,5,0,a8w8_blockscale_cktile_32x128x128_1x4x1_16x16x128_intrawave_0x1x0_2,0,0,843.1864897959183,0.0,passed,
1984,65536,1536,cktile_6_split0,cktile,6,0,a8w8_blockscale_cktile_32x128x128_1x4x1_16x16x64_intrawave_0x1x0_1,0,1,863.2631599999997,0.0,passed,
1984,65536,1536,cktile_7_split0,cktile,7,0,a8w8_blockscale_cktile_32x128x128_1x4x1_16x16x64_intrawave_0x1x0_2,0,2,856.96628,0.0,passed,
1984,65536,1536,cktile_8_split0,cktile,8,0,a8w8_blockscale_cktile_128x128x128_1x4x1_16x16x128_intrawave_0x1x0_1,0,3,427.88556521739116,0.0,passed,
1984,65536,1536,cktile_9_split0,cktile,9,0,a8w8_blockscale_cktile_128x128x128_1x4x1_16x16x128_intrawave_0x1x0_1,0,4,427.9093191489361,0.0,passed,
1984,65536,1536,cktile_10_split0,cktile,10,0,a8w8_blockscale_cktile_128x128x128_2x2x1_16x16x128_intrawave_0x1x0_2,0,5,426.5979166666666,0.0,passed,
1984,65536,1536,cktile_11_split0,cktile,11,0,a8w8_blockscale_cktile_192x256x128_4x2x1_16x16x128_intrawave_0x1x0_1,0,6,279.09182,0.0,passed,
1984,65536,1536,cktile_12_split0,cktile,12,0,a8w8_blockscale_cktile_192x256x128_4x2x1_16x16x128_intrawave_0x1x0_1_aqrm,0,7,282.2924680851064,0.0,passed,
1984,65536,1536,cktile_13_split0,cktile,13,0,a8w8_blockscale_cktile_16x128x256_1x4x1_16x16x128_intrawave_0x1x0_3,0,8,1752.796163265307,0.0,passed,
1984,65536,1536,cktile_14_split0,cktile,14,0,a8w8_blockscale_cktile_16x128x256_1x4x1_16x16x128_intrawave_0x1x0_4,0,9,2346.529551020407,0.0,passed,
1984,65536,1536,cktile_15_split0,cktile,15,0,a8w8_blockscale_cktile_16x128x256_1x4x1_16x16x64_intrawave_0x1x0_3,0,10,1740.2692599999991,0.0,passed,
1984,65536,1536,cktile_16_split0,cktile,16,0,a8w8_blockscale_cktile_16x128x256_1x4x1_16x16x64_intrawave_0x1x0_4,0,11,1923.457666666667,0.0,passed,
1984,65536,1536,cktile_17_split0,cktile,17,0,a8w8_blockscale_cktile_32x128x128_1x4x1_16x16x128_intrawave_0x1x0_3,0,12,842.8290000000005,0.0,passed,
1984,65536,1536,cktile_18_split0,cktile,18,0,a8w8_blockscale_cktile_32x128x128_1x4x1_16x16x128_intrawave_0x1x0_4,0,13,847.0851914893614,0.0,passed,
1984,65536,1536,cktile_19_split0,cktile,19,0,a8w8_blockscale_cktile_32x128x128_1x4x1_16x16x64_intrawave_0x1x0_3,0,14,855.8612083333338,0.0,passed,
1984,65536,1536,cktile_20_split0,cktile,20,0,a8w8_blockscale_cktile_32x128x128_1x4x1_16x16x64_intrawave_0x1x0_4,0,15,856.196469387755,0.0,passed,
1984,65536,1536,cktile_21_split0,cktile,21,0,a8w8_blockscale_cktile_128x128x128_1x4x1_16x16x128_intrawave_0x1x0_2,0,16,426.7714255319147,0.0,passed,
1984,65536,1536,cktile_22_split0,cktile,22,0,a8w8_blockscale_cktile_128x128x128_1x4x1_16x16x128_intrawave_0x1x0_3,0,17,1248.8368775510203,0.0,passed,
1984,65536,1536,cktile_23_split0,cktile,23,0,a8w8_blockscale_cktile_128x128x128_1x4x1_16x16x128_intrawave_0x1x0_4,0,18,1936.7776666666684,0.0,passed,
1984,65536,1536,cktile_24_split0,cktile,24,0,a8w8_blockscale_cktile_128x128x128_2x2x1_16x16x128_intrawave_0x1x0_1,0,19,429.5229361702128,0.0,passed,
1984,65536,1536,cktile_25_split0,cktile,25,0,a8w8_blockscale_cktile_128x128x128_2x2x1_16x16x128_intrawave_0x1x0_3,0,20,1284.9488000000006,0.0,passed,
1984,65536,1536,cktile_26_split0,cktile,26,0,a8w8_blockscale_cktile_128x128x128_2x2x1_16x16x128_intrawave_0x1x0_4,0,21,3271.3181836734707,0.0,passed,
1984,65536,1536,cktile_27_split0,cktile,27,0,a8w8_blockscale_cktile_192x256x128_4x2x1_16x16x128_intrawave_0x1x0_2,0,22,279.29504,0.0,passed,
1984,65536,1536,cktile_28_split0,cktile,28,0,a8w8_blockscale_cktile_192x256x128_4x2x1_16x16x128_intrawave_0x1x0_3,0,23,277.3526,0.0,passed,
1984,65536,1536,cktile_29_split0,cktile,29,0,a8w8_blockscale_cktile_192x256x128_4x2x1_16x16x128_intrawave_0x1x0_4,0,24,278.2301999999999,0.0,passed,
1984,65536,1536,cktile_30_split0,cktile,30,0,a8w8_blockscale_cktile_192x256x128_4x2x1_16x16x128_intrawave_0x1x0_2_aqrm,0,25,283.55746,0.0,passed,
1984,65536,1536,cktile_31_split0,cktile,31,0,a8w8_blockscale_cktile_192x256x128_4x2x1_16x16x128_intrawave_0x1x0_3_aqrm,0,26,282.9678799999999,0.0,passed,
1984,65536,1536,cktile_32_split0,cktile,32,0,a8w8_blockscale_cktile_192x256x128_4x2x1_16x16x128_intrawave_0x1x0_4_aqrm,0,27,283.00226000000015,0.0,passed,
1984,65536,1536,opus_9011,opus,9011,0,opus_gemm_gfx950_a8w8_mxscale_gemm_bpreshuffle_256x64x128x128_2x2_16x16x128_1x128x128_tiles1_nooob,0,28,452.37402040816335,0.0,passed,
1984,65536,1536,opus_9012,opus,9012,0,opus_gemm_gfx950_a8w8_mxscale_gemm_bpreshuffle_256x64x64x128_2x2_16x16x128_1x128x128_tiles1_nooob,0,29,461.0771199999999,0.0,passed,
1984,65536,1536,opus_9020,opus,9020,0,opus_gemm_gfx950_a8w8_mxscale_gemm_bpreshuffle_256x256x256x128_2x2_16x16x128_1x128x128_tiles1,0,30,244.10712244897962,0.0,passed,
1984,65536,1536,ck_0_split0,ck,0,0,a8w8_blockscale_bpreshuffle_1x128x128_256x128x128x128_16x16_16x16_8x32x1_8x32x1_1x32x1x8_8_2x1_intrawave_v3,0,31,348.6332040816327,0.0,passed,
1984,65536,1536,ck_1_split0,ck,1,0,a8w8_blockscale_bpreshuffle_1x128x128_256x64x128x128_16x16_16x16_8x32x1_8x32x1_1x32x1x8_8_2x1_intrawave_v3,0,32,338.28034042553196,0.0,passed,
1984,65536,1536,ck_2_split0,ck,2,0,a8w8_blockscale_bpreshuffle_1x128x128_256x64x64x128_16x16_16x16_8x32x1_8x32x1_1x32x1x8_8_2x1_intrawave_v3,0,33,421.4202040816327,0.0,passed,
1984,65536,1536,ck_3_split0,ck,3,0,a8w8_blockscale_bpreshuffle_1x128x128_256x16x256x128_8x16_16x16_16x16x1_8x32x1_1x16x1x16_8_1x2_intrawave_v1,0,34,586.13936,0.0,passed,
1984,65536,1536,ck_4_split0,ck,4,0,a8w8_blockscale_bpreshuffle_1x128x128_256x16x128x128_8x16_16x16_16x16x1_8x32x1_1x16x1x16_8_1x2_intrawave_v1,0,35,638.69036,0.0,passed,
1984,65536,1536,ck_5_split0,ck,5,0,a8w8_blockscale_bpreshuffle_1x128x128_256x16x64x128_8x16_16x16_16x16x1_8x32x1_1x16x1x16_4_1x1_intrawave_v1,0,36,747.0476249999997,0.0,passed,
1984,65536,1536,ck_6_split0,ck,6,0,a8w8_blockscale_bpreshuffle_1x128x128_256x16x128x256_16x16_16x16_16x16x1_16x16x1_1x16x1x16_8_1x2_intrawave_v1,0,37,623.3886000000001,0.0,passed,
1984,65536,1536,ck_7_split0,ck,7,0,a8w8_blockscale_bpreshuffle_1x128x128_256x16x64x256_16x16_16x16_16x16x1_16x16x1_1x16x1x16_4_1x1_intrawave_v1,0,38,731.9290400000002,0.0,passed,
1984,65536,1536,ck_8_split0,ck,8,0,a8w8_blockscale_bpreshuffle_1x128x128_256x32x256x128_16x16_16x16_8x32x1_8x32x1_1x32x1x8_8_2x1_intrawave_v1,0,39,379.64010204081626,0.0,passed,
1984,65536,1536,ck_9_split0,ck,9,0,a8w8_blockscale_bpreshuffle_1x128x128_256x32x128x128_16x16_16x16_8x32x1_8x32x1_1x32x1x8_8_2x1_intrawave_v1,0,40,419.3471875000001,0.0,passed,
1984,65536,1536,ck_10_split0,ck,10,0,a8w8_blockscale_bpreshuffle_1x128x128_256x32x64x128_16x16_16x16_8x32x1_8x32x1_1x32x1x8_8_2x1_intrawave_v1,0,41,501.3189375,0.0,passed,
1984,65536,1536,ck_11_split0,ck,11,0,a8w8_blockscale_bpreshuffle_1x128x128_256x32x128x256_16x16_16x16_16x16x1_16x16x1_1x32x1x8_8_2x1_intrawave_v1,0,42,424.68295348837205,0.0,passed,
1984,65536,1536,ck_12_split0,ck,12,0,a8w8_blockscale_bpreshuffle_1x128x128_256x32x64x256_16x16_16x16_16x16x1_16x16x1_1x32x1x8_8_2x1_intrawave_v1,0,43,511.4775510204082,0.0,passed,
1984,65536,1536,ck_13_split0,ck,13,0,a8w8_blockscale_bpreshuffle_1x128x128_256x64x256x128_16x16_16x16_8x32x1_8x32x1_1x32x1x8_8_2x1_intrawave_v1,0,44,318.72188,0.0,passed,
1984,65536,1536,ck_14_split0,ck,14,0,a8w8_blockscale_bpreshuffle_1x128x128_256x64x128x128_16x16_16x16_8x32x1_8x32x1_1x32x1x8_8_2x1_intrawave_v1,0,45,334.29265306122466,0.0,passed,
1984,65536,1536,ck_15_split0,ck,15,0,a8w8_blockscale_bpreshuffle_1x128x128_256x64x64x128_16x16_16x16_8x32x1_8x32x1_1x32x1x8_8_2x1_intrawave_v1,0,46,413.5453800000001,0.0,passed,
1984,65536,1536,ck_16_split0,ck,16,0,a8w8_blockscale_bpreshuffle_1x128x128_256x64x128x256_16x16_16x16_16x16x1_16x16x1_1x32x1x8_8_2x1_intrawave_v1,0,47,377.99254166666674,0.0,passed,
1984,65536,1536,ck_17_split0,ck,17,0,a8w8_blockscale_bpreshuffle_1x128x128_256x64x64x256_16x16_16x16_16x16x1_16x16x1_1x32x1x8_8_2x1_intrawave_v1,0,48,485.3407659574468,0.0,passed,
1984,65536,1536,cktile_0_split0,cktile,0,0,a8w8_blockscale_cktile_16x128x256_1x4x1_16x16x128_intrawave_0x1x0_1,0,49,1751.7530000000004,0.0,passed,
1984,65536,1536,cktile_1_split0,cktile,1,0,a8w8_blockscale_cktile_16x128x256_1x4x1_16x16x128_intrawave_0x1x0_2,0,50,1747.5669599999999,0.0,passed,
1984,65536,1536,cktile_2_split0,cktile,2,0,a8w8_blockscale_cktile_16x128x256_1x4x1_16x16x64_intrawave_0x1x0_1,0,51,1746.5109400000008,0.0,passed,
1984,65536,1536,cktile_3_split0,cktile,3,0,a8w8_blockscale_cktile_16x128x256_1x4x1_16x16x64_intrawave_0x1x0_2,0,52,1741.2772499999994,0.0,passed,
1984,65536,1536,cktile_4_split0,cktile,4,0,a8w8_blockscale_cktile_32x128x128_1x4x1_16x16x128_intrawave_0x1x0_1,0,53,842.7173199999996,0.0,passed,
1984,65536,1536,cktile_5_split0,cktile,5,0,a8w8_blockscale_cktile_32x128x128_1x4x1_16x16x128_intrawave_0x1x0_2,1,0,844.3725400000002,0.0,passed,
1984,65536,1536,cktile_4_split0,cktile,4,0,a8w8_blockscale_cktile_32x128x128_1x4x1_16x16x128_intrawave_0x1x0_1,1,1,841.6732553191487,0.0,passed,
1984,65536,1536,cktile_3_split0,cktile,3,0,a8w8_blockscale_cktile_16x128x256_1x4x1_16x16x64_intrawave_0x1x0_2,1,2,1742.6565200000007,0.0,passed,
1984,65536,1536,cktile_2_split0,cktile,2,0,a8w8_blockscale_cktile_16x128x256_1x4x1_16x16x64_intrawave_0x1x0_1,1,3,1743.246693877552,0.0,passed,
1984,65536,1536,cktile_1_split0,cktile,1,0,a8w8_blockscale_cktile_16x128x256_1x4x1_16x16x128_intrawave_0x1x0_2,1,4,1753.3890833333337,0.0,passed,
1984,65536,1536,cktile_0_split0,cktile,0,0,a8w8_blockscale_cktile_16x128x256_1x4x1_16x16x128_intrawave_0x1x0_1,1,5,1753.4230400000004,0.0,passed,
1984,65536,1536,ck_17_split0,ck,17,0,a8w8_blockscale_bpreshuffle_1x128x128_256x64x64x256_16x16_16x16_16x16x1_16x16x1_1x32x1x8_8_2x1_intrawave_v1,1,6,484.45330434782596,0.0,passed,
1984,65536,1536,ck_16_split0,ck,16,0,a8w8_blockscale_bpreshuffle_1x128x128_256x64x128x256_16x16_16x16_16x16x1_16x16x1_1x32x1x8_8_2x1_intrawave_v1,1,7,376.1224047619047,0.0,passed,
1984,65536,1536,ck_15_split0,ck,15,0,a8w8_blockscale_bpreshuffle_1x128x128_256x64x64x128_16x16_16x16_8x32x1_8x32x1_1x32x1x8_8_2x1_intrawave_v1,1,8,410.98253061224506,0.0,passed,
1984,65536,1536,ck_14_split0,ck,14,0,a8w8_blockscale_bpreshuffle_1x128x128_256x64x128x128_16x16_16x16_8x32x1_8x32x1_1x32x1x8_8_2x1_intrawave_v1,1,9,332.98524,0.0,passed,
1984,65536,1536,ck_13_split0,ck,13,0,a8w8_blockscale_bpreshuffle_1x128x128_256x64x256x128_16x16_16x16_8x32x1_8x32x1_1x32x1x8_8_2x1_intrawave_v1,1,10,316.10053191489357,0.0,passed,
1984,65536,1536,ck_12_split0,ck,12,0,a8w8_blockscale_bpreshuffle_1x128x128_256x32x64x256_16x16_16x16_16x16x1_16x16x1_1x32x1x8_8_2x1_intrawave_v1,1,11,513.1315833333334,0.0,passed,
1984,65536,1536,ck_11_split0,ck,11,0,a8w8_blockscale_bpreshuffle_1x128x128_256x32x128x256_16x16_16x16_16x16x1_16x16x1_1x32x1x8_8_2x1_intrawave_v1,1,12,424.3238837209303,0.0,passed,
1984,65536,1536,ck_10_split0,ck,10,0,a8w8_blockscale_bpreshuffle_1x128x128_256x32x64x128_16x16_16x16_8x32x1_8x32x1_1x32x1x8_8_2x1_intrawave_v1,1,13,502.6472000000001,0.0,passed,
1984,65536,1536,ck_9_split0,ck,9,0,a8w8_blockscale_bpreshuffle_1x128x128_256x32x128x128_16x16_16x16_8x32x1_8x32x1_1x32x1x8_8_2x1_intrawave_v1,1,14,416.59980000000013,0.0,passed,
1984,65536,1536,ck_8_split0,ck,8,0,a8w8_blockscale_bpreshuffle_1x128x128_256x32x256x128_16x16_16x16_8x32x1_8x32x1_1x32x1x8_8_2x1_intrawave_v1,1,15,378.47058,0.0,passed,
1984,65536,1536,ck_7_split0,ck,7,0,a8w8_blockscale_bpreshuffle_1x128x128_256x16x64x256_16x16_16x16_16x16x1_16x16x1_1x16x1x16_4_1x1_intrawave_v1,1,16,729.9152040816325,0.0,passed,
1984,65536,1536,ck_6_split0,ck,6,0,a8w8_blockscale_bpreshuffle_1x128x128_256x16x128x256_16x16_16x16_16x16x1_16x16x1_1x16x1x16_8_1x2_intrawave_v1,1,17,624.0004897959186,0.0,passed,
1984,65536,1536,ck_5_split0,ck,5,0,a8w8_blockscale_bpreshuffle_1x128x128_256x16x64x128_8x16_16x16_16x16x1_8x32x1_1x16x1x16_4_1x1_intrawave_v1,1,18,749.7368125000003,0.0,passed,
1984,65536,1536,ck_4_split0,ck,4,0,a8w8_blockscale_bpreshuffle_1x128x128_256x16x128x128_8x16_16x16_16x16x1_8x32x1_1x16x1x16_8_1x2_intrawave_v1,1,19,637.3305957446809,0.0,passed,
1984,65536,1536,ck_3_split0,ck,3,0,a8w8_blockscale_bpreshuffle_1x128x128_256x16x256x128_8x16_16x16_16x16x1_8x32x1_1x16x1x16_8_1x2_intrawave_v1,1,20,584.27325,0.0,passed,
1984,65536,1536,ck_2_split0,ck,2,0,a8w8_blockscale_bpreshuffle_1x128x128_256x64x64x128_16x16_16x16_8x32x1_8x32x1_1x32x1x8_8_2x1_intrawave_v3,1,21,420.03893877551013,0.0,passed,
1984,65536,1536,ck_1_split0,ck,1,0,a8w8_blockscale_bpreshuffle_1x128x128_256x64x128x128_16x16_16x16_8x32x1_8x32x1_1x32x1x8_8_2x1_intrawave_v3,1,22,337.44689999999997,0.0,passed,
1984,65536,1536,ck_0_split0,ck,0,0,a8w8_blockscale_bpreshuffle_1x128x128_256x128x128x128_16x16_16x16_8x32x1_8x32x1_1x32x1x8_8_2x1_intrawave_v3,1,23,348.1421666666667,0.0,passed,
1984,65536,1536,opus_9020,opus,9020,0,opus_gemm_gfx950_a8w8_mxscale_gemm_bpreshuffle_256x256x256x128_2x2_16x16x128_1x128x128_tiles1,1,24,244.01242857142861,0.0,passed,
1984,65536,1536,opus_9012,opus,9012,0,opus_gemm_gfx950_a8w8_mxscale_gemm_bpreshuffle_256x64x64x128_2x2_16x16x128_1x128x128_tiles1_nooob,1,25,461.4315399999999,0.0,passed,
1984,65536,1536,opus_9011,opus,9011,0,opus_gemm_gfx950_a8w8_mxscale_gemm_bpreshuffle_256x64x128x128_2x2_16x16x128_1x128x128_tiles1_nooob,1,26,452.68902,0.0,passed,
1984,65536,1536,cktile_32_split0,cktile,32,0,a8w8_blockscale_cktile_192x256x128_4x2x1_16x16x128_intrawave_0x1x0_4_aqrm,1,27,283.5410612244897,0.0,passed,
1984,65536,1536,cktile_31_split0,cktile,31,0,a8w8_blockscale_cktile_192x256x128_4x2x1_16x16x128_intrawave_0x1x0_3_aqrm,1,28,283.97828000000004,0.0,passed,
1984,65536,1536,cktile_30_split0,cktile,30,0,a8w8_blockscale_cktile_192x256x128_4x2x1_16x16x128_intrawave_0x1x0_2_aqrm,1,29,282.40395744680853,0.0,passed,
1984,65536,1536,cktile_29_split0,cktile,29,0,a8w8_blockscale_cktile_192x256x128_4x2x1_16x16x128_intrawave_0x1x0_4,1,30,278.80142,0.0,passed,
1984,65536,1536,cktile_28_split0,cktile,28,0,a8w8_blockscale_cktile_192x256x128_4x2x1_16x16x128_intrawave_0x1x0_3,1,31,279.14061999999996,0.0,passed,
1984,65536,1536,cktile_27_split0,cktile,27,0,a8w8_blockscale_cktile_192x256x128_4x2x1_16x16x128_intrawave_0x1x0_2,1,32,279.57982,0.0,passed,
1984,65536,1536,cktile_26_split0,cktile,26,0,a8w8_blockscale_cktile_128x128x128_2x2x1_16x16x128_intrawave_0x1x0_4,1,33,3276.645439999997,0.0,passed,
1984,65536,1536,cktile_25_split0,cktile,25,0,a8w8_blockscale_cktile_128x128x128_2x2x1_16x16x128_intrawave_0x1x0_3,1,34,1285.0560199999986,0.0,passed,
1984,65536,1536,cktile_24_split0,cktile,24,0,a8w8_blockscale_cktile_128x128x128_2x2x1_16x16x128_intrawave_0x1x0_1,1,35,428.69415999999984,0.0,passed,
1984,65536,1536,cktile_23_split0,cktile,23,0,a8w8_blockscale_cktile_128x128x128_1x4x1_16x16x128_intrawave_0x1x0_4,1,36,1938.8151304347818,0.0,passed,
1984,65536,1536,cktile_22_split0,cktile,22,0,a8w8_blockscale_cktile_128x128x128_1x4x1_16x16x128_intrawave_0x1x0_3,1,37,1248.781220000001,0.0,passed,
1984,65536,1536,cktile_21_split0,cktile,21,0,a8w8_blockscale_cktile_128x128x128_1x4x1_16x16x128_intrawave_0x1x0_2,1,38,428.1939591836733,0.0,passed,
1984,65536,1536,cktile_20_split0,cktile,20,0,a8w8_blockscale_cktile_32x128x128_1x4x1_16x16x64_intrawave_0x1x0_4,1,39,855.7406999999995,0.0,passed,
1984,65536,1536,cktile_19_split0,cktile,19,0,a8w8_blockscale_cktile_32x128x128_1x4x1_16x16x64_intrawave_0x1x0_3,1,40,857.0343000000004,0.0,passed,
1984,65536,1536,cktile_18_split0,cktile,18,0,a8w8_blockscale_cktile_32x128x128_1x4x1_16x16x128_intrawave_0x1x0_4,1,41,847.2149799999996,0.0,passed,
1984,65536,1536,cktile_17_split0,cktile,17,0,a8w8_blockscale_cktile_32x128x128_1x4x1_16x16x128_intrawave_0x1x0_3,1,42,843.4109399999995,0.0,passed,
1984,65536,1536,cktile_16_split0,cktile,16,0,a8w8_blockscale_cktile_16x128x256_1x4x1_16x16x64_intrawave_0x1x0_4,1,43,1919.1625599999993,0.0,passed,
1984,65536,1536,cktile_15_split0,cktile,15,0,a8w8_blockscale_cktile_16x128x256_1x4x1_16x16x64_intrawave_0x1x0_3,1,44,1740.7837000000002,0.0,passed,
1984,65536,1536,cktile_14_split0,cktile,14,0,a8w8_blockscale_cktile_16x128x256_1x4x1_16x16x128_intrawave_0x1x0_4,1,45,2345.66268,0.0,passed,
1984,65536,1536,cktile_13_split0,cktile,13,0,a8w8_blockscale_cktile_16x128x256_1x4x1_16x16x128_intrawave_0x1x0_3,1,46,1754.2966600000007,0.0,passed,
1984,65536,1536,cktile_12_split0,cktile,12,0,a8w8_blockscale_cktile_192x256x128_4x2x1_16x16x128_intrawave_0x1x0_1_aqrm,1,47,283.06625999999994,0.0,passed,
1984,65536,1536,cktile_11_split0,cktile,11,0,a8w8_blockscale_cktile_192x256x128_4x2x1_16x16x128_intrawave_0x1x0_1,1,48,279.09936734693883,0.0,passed,
1984,65536,1536,cktile_10_split0,cktile,10,0,a8w8_blockscale_cktile_128x128x128_2x2x1_16x16x128_intrawave_0x1x0_2,1,49,428.5237755102043,0.0,passed,
1984,65536,1536,cktile_9_split0,cktile,9,0,a8w8_blockscale_cktile_128x128x128_1x4x1_16x16x128_intrawave_0x1x0_1,1,50,429.00295744680847,0.0,passed,
1984,65536,1536,cktile_8_split0,cktile,8,0,a8w8_blockscale_cktile_128x128x128_1x4x1_16x16x128_intrawave_0x1x0_1,1,51,430.06856000000016,0.0,passed,
1984,65536,1536,cktile_7_split0,cktile,7,0,a8w8_blockscale_cktile_32x128x128_1x4x1_16x16x64_intrawave_0x1x0_2,1,52,856.0407999999994,0.0,passed,
1984,65536,1536,cktile_6_split0,cktile,6,0,a8w8_blockscale_cktile_32x128x128_1x4x1_16x16x64_intrawave_0x1x0_1,1,53,863.5687800000004,0.0,passed,
1984,65536,1536,cktile_7_split0,cktile,7,0,a8w8_blockscale_cktile_32x128x128_1x4x1_16x16x64_intrawave_0x1x0_2,2,0,856.7507551020412,0.0,passed,
1984,65536,1536,cktile_8_split0,cktile,8,0,a8w8_blockscale_cktile_128x128x128_1x4x1_16x16x128_intrawave_0x1x0_1,2,1,428.0878367346941,0.0,passed,
1984,65536,1536,cktile_9_split0,cktile,9,0,a8w8_blockscale_cktile_128x128x128_1x4x1_16x16x128_intrawave_0x1x0_1,2,2,425.62169387755097,0.0,passed,
1984,65536,1536,cktile_10_split0,cktile,10,0,a8w8_blockscale_cktile_128x128x128_2x2x1_16x16x128_intrawave_0x1x0_2,2,3,428.5277399999999,0.0,passed,
1984,65536,1536,cktile_11_split0,cktile,11,0,a8w8_blockscale_cktile_192x256x128_4x2x1_16x16x128_intrawave_0x1x0_1,2,4,277.146375,0.0,passed,
1984,65536,1536,cktile_12_split0,cktile,12,0,a8w8_blockscale_cktile_192x256x128_4x2x1_16x16x128_intrawave_0x1x0_1_aqrm,2,5,282.52834782608704,0.0,passed,
1984,65536,1536,cktile_13_split0,cktile,13,0,a8w8_blockscale_cktile_16x128x256_1x4x1_16x16x128_intrawave_0x1x0_3,2,6,1755.484408163266,0.0,passed,
1984,65536,1536,cktile_14_split0,cktile,14,0,a8w8_blockscale_cktile_16x128x256_1x4x1_16x16x128_intrawave_0x1x0_4,2,7,2345.1282799999994,0.0,passed,
1984,65536,1536,cktile_15_split0,cktile,15,0,a8w8_blockscale_cktile_16x128x256_1x4x1_16x16x64_intrawave_0x1x0_3,2,8,1740.8789,0.0,passed,
1984,65536,1536,cktile_16_split0,cktile,16,0,a8w8_blockscale_cktile_16x128x256_1x4x1_16x16x64_intrawave_0x1x0_4,2,9,1920.805413043479,0.0,passed,
1984,65536,1536,cktile_17_split0,cktile,17,0,a8w8_blockscale_cktile_32x128x128_1x4x1_16x16x128_intrawave_0x1x0_3,2,10,843.3943958333335,0.0,passed,
1984,65536,1536,cktile_18_split0,cktile,18,0,a8w8_blockscale_cktile_32x128x128_1x4x1_16x16x128_intrawave_0x1x0_4,2,11,847.2854000000001,0.0,passed,
1984,65536,1536,cktile_19_split0,cktile,19,0,a8w8_blockscale_cktile_32x128x128_1x4x1_16x16x64_intrawave_0x1x0_3,2,12,856.2455000000002,0.0,passed,
1984,65536,1536,cktile_20_split0,cktile,20,0,a8w8_blockscale_cktile_32x128x128_1x4x1_16x16x64_intrawave_0x1x0_4,2,13,855.2495416666669,0.0,passed,
1984,65536,1536,cktile_21_split0,cktile,21,0,a8w8_blockscale_cktile_128x128x128_1x4x1_16x16x128_intrawave_0x1x0_2,2,14,428.327125,0.0,passed,
1984,65536,1536,cktile_22_split0,cktile,22,0,a8w8_blockscale_cktile_128x128x128_1x4x1_16x16x128_intrawave_0x1x0_3,2,15,1249.458959183673,0.0,passed,
1984,65536,1536,cktile_23_split0,cktile,23,0,a8w8_blockscale_cktile_128x128x128_1x4x1_16x16x128_intrawave_0x1x0_4,2,16,1938.0473260869562,0.0,passed,
1984,65536,1536,cktile_24_split0,cktile,24,0,a8w8_blockscale_cktile_128x128x128_2x2x1_16x16x128_intrawave_0x1x0_1,2,17,430.1346250000001,0.0,passed,
1984,65536,1536,cktile_25_split0,cktile,25,0,a8w8_blockscale_cktile_128x128x128_2x2x1_16x16x128_intrawave_0x1x0_3,2,18,1284.5344399999992,0.0,passed,
1984,65536,1536,cktile_26_split0,cktile,26,0,a8w8_blockscale_cktile_128x128x128_2x2x1_16x16x128_intrawave_0x1x0_4,2,19,3278.7438999999995,0.0,passed,
1984,65536,1536,cktile_27_split0,cktile,27,0,a8w8_blockscale_cktile_192x256x128_4x2x1_16x16x128_intrawave_0x1x0_2,2,20,279.1014199999999,0.0,passed,
1984,65536,1536,cktile_28_split0,cktile,28,0,a8w8_blockscale_cktile_192x256x128_4x2x1_16x16x128_intrawave_0x1x0_3,2,21,279.07581999999996,0.0,passed,
1984,65536,1536,cktile_29_split0,cktile,29,0,a8w8_blockscale_cktile_192x256x128_4x2x1_16x16x128_intrawave_0x1x0_4,2,22,278.1948571428571,0.0,passed,
1984,65536,1536,cktile_30_split0,cktile,30,0,a8w8_blockscale_cktile_192x256x128_4x2x1_16x16x128_intrawave_0x1x0_2_aqrm,2,23,282.70757142857144,0.0,passed,
1984,65536,1536,cktile_31_split0,cktile,31,0,a8w8_blockscale_cktile_192x256x128_4x2x1_16x16x128_intrawave_0x1x0_3_aqrm,2,24,282.8430816326531,0.0,passed,
1984,65536,1536,cktile_32_split0,cktile,32,0,a8w8_blockscale_cktile_192x256x128_4x2x1_16x16x128_intrawave_0x1x0_4_aqrm,2,25,282.4762978723403,0.0,passed,
1984,65536,1536,opus_9011,opus,9011,0,opus_gemm_gfx950_a8w8_mxscale_gemm_bpreshuffle_256x64x128x128_2x2_16x16x128_1x128x128_tiles1_nooob,2,26,452.65784,0.0,passed,
1984,65536,1536,opus_9012,opus,9012,0,opus_gemm_gfx950_a8w8_mxscale_gemm_bpreshuffle_256x64x64x128_2x2_16x16x128_1x128x128_tiles1_nooob,2,27,459.93471999999986,0.0,passed,
1984,65536,1536,opus_9020,opus,9020,0,opus_gemm_gfx950_a8w8_mxscale_gemm_bpreshuffle_256x256x256x128_2x2_16x16x128_1x128x128_tiles1,2,28,243.85382,0.0,passed,
1984,65536,1536,ck_0_split0,ck,0,0,a8w8_blockscale_bpreshuffle_1x128x128_256x128x128x128_16x16_16x16_8x32x1_8x32x1_1x32x1x8_8_2x1_intrawave_v3,2,29,348.5321875,0.0,passed,
1984,65536,1536,ck_1_split0,ck,1,0,a8w8_blockscale_bpreshuffle_1x128x128_256x64x128x128_16x16_16x16_8x32x1_8x32x1_1x32x1x8_8_2x1_intrawave_v3,2,30,336.97810000000004,0.0,passed,
1984,65536,1536,ck_2_split0,ck,2,0,a8w8_blockscale_bpreshuffle_1x128x128_256x64x64x128_16x16_16x16_8x32x1_8x32x1_1x32x1x8_8_2x1_intrawave_v3,2,31,421.0756938775511,0.0,passed,
1984,65536,1536,ck_3_split0,ck,3,0,a8w8_blockscale_bpreshuffle_1x128x128_256x16x256x128_8x16_16x16_16x16x1_8x32x1_1x16x1x16_8_1x2_intrawave_v1,2,32,584.1061702127657,0.0,passed,
1984,65536,1536,ck_4_split0,ck,4,0,a8w8_blockscale_bpreshuffle_1x128x128_256x16x128x128_8x16_16x16_16x16x1_8x32x1_1x16x1x16_8_1x2_intrawave_v1,2,33,636.3532653061224,0.0,passed,
1984,65536,1536,ck_5_split0,ck,5,0,a8w8_blockscale_bpreshuffle_1x128x128_256x16x64x128_8x16_16x16_16x16x1_8x32x1_1x16x1x16_4_1x1_intrawave_v1,2,34,749.5496938775512,0.0,passed,
1984,65536,1536,ck_6_split0,ck,6,0,a8w8_blockscale_bpreshuffle_1x128x128_256x16x128x256_16x16_16x16_16x16x1_16x16x1_1x16x1x16_8_1x2_intrawave_v1,2,35,624.6470000000002,0.0,passed,
1984,65536,1536,ck_7_split0,ck,7,0,a8w8_blockscale_bpreshuffle_1x128x128_256x16x64x256_16x16_16x16_16x16x1_16x16x1_1x16x1x16_4_1x1_intrawave_v1,2,36,729.7658163265305,0.0,passed,
1984,65536,1536,ck_8_split0,ck,8,0,a8w8_blockscale_bpreshuffle_1x128x128_256x32x256x128_16x16_16x16_8x32x1_8x32x1_1x32x1x8_8_2x1_intrawave_v1,2,37,376.7155217391302,0.0,passed,
1984,65536,1536,ck_9_split0,ck,9,0,a8w8_blockscale_bpreshuffle_1x128x128_256x32x128x128_16x16_16x16_8x32x1_8x32x1_1x32x1x8_8_2x1_intrawave_v1,2,38,417.9110200000001,0.0,passed,
1984,65536,1536,ck_10_split0,ck,10,0,a8w8_blockscale_bpreshuffle_1x128x128_256x32x64x128_16x16_16x16_8x32x1_8x32x1_1x32x1x8_8_2x1_intrawave_v1,2,39,503.77762000000007,0.0,passed,
1984,65536,1536,ck_11_split0,ck,11,0,a8w8_blockscale_bpreshuffle_1x128x128_256x32x128x256_16x16_16x16_16x16x1_16x16x1_1x32x1x8_8_2x1_intrawave_v1,2,40,427.6276122448979,0.0,passed,
1984,65536,1536,ck_12_split0,ck,12,0,a8w8_blockscale_bpreshuffle_1x128x128_256x32x64x256_16x16_16x16_16x16x1_16x16x1_1x32x1x8_8_2x1_intrawave_v1,2,41,510.27212765957444,0.0,passed,
1984,65536,1536,ck_13_split0,ck,13,0,a8w8_blockscale_bpreshuffle_1x128x128_256x64x256x128_16x16_16x16_8x32x1_8x32x1_1x32x1x8_8_2x1_intrawave_v1,2,42,317.66188,0.0,passed,
1984,65536,1536,ck_14_split0,ck,14,0,a8w8_blockscale_bpreshuffle_1x128x128_256x64x128x128_16x16_16x16_8x32x1_8x32x1_1x32x1x8_8_2x1_intrawave_v1,2,43,332.98606,0.0,passed,
1984,65536,1536,ck_15_split0,ck,15,0,a8w8_blockscale_bpreshuffle_1x128x128_256x64x64x128_16x16_16x16_8x32x1_8x32x1_1x32x1x8_8_2x1_intrawave_v1,2,44,412.06777999999997,0.0,passed,
1984,65536,1536,ck_16_split0,ck,16,0,a8w8_blockscale_bpreshuffle_1x128x128_256x64x128x256_16x16_16x16_16x16x1_16x16x1_1x32x1x8_8_2x1_intrawave_v1,2,45,375.5824999999999,0.0,passed,
1984,65536,1536,ck_17_split0,ck,17,0,a8w8_blockscale_bpreshuffle_1x128x128_256x64x64x256_16x16_16x16_16x16x1_16x16x1_1x32x1x8_8_2x1_intrawave_v1,2,46,489.6123191489362,0.0,passed,
1984,65536,1536,cktile_0_split0,cktile,0,0,a8w8_blockscale_cktile_16x128x256_1x4x1_16x16x128_intrawave_0x1x0_1,2,47,1751.6002857142864,0.0,passed,
1984,65536,1536,cktile_1_split0,cktile,1,0,a8w8_blockscale_cktile_16x128x256_1x4x1_16x16x128_intrawave_0x1x0_2,2,48,1751.5134400000004,0.0,passed,
1984,65536,1536,cktile_2_split0,cktile,2,0,a8w8_blockscale_cktile_16x128x256_1x4x1_16x16x64_intrawave_0x1x0_1,2,49,1748.3494199999998,0.0,passed,
1984,65536,1536,cktile_3_split0,cktile,3,0,a8w8_blockscale_cktile_16x128x256_1x4x1_16x16x64_intrawave_0x1x0_2,2,50,1741.65332,0.0,passed,
1984,65536,1536,cktile_4_split0,cktile,4,0,a8w8_blockscale_cktile_32x128x128_1x4x1_16x16x128_intrawave_0x1x0_1,2,51,843.5073469387754,0.0,passed,
1984,65536,1536,cktile_5_split0,cktile,5,0,a8w8_blockscale_cktile_32x128x128_1x4x1_16x16x128_intrawave_0x1x0_2,2,52,842.7007826086955,0.0,passed,
1984,65536,1536,cktile_6_split0,cktile,6,0,a8w8_blockscale_cktile_32x128x128_1x4x1_16x16x64_intrawave_0x1x0_1,2,53,863.4757346938782,0.0,passed,
