M,N,K,name,lib,kid,splitK,kernelName,median_us,min_us,max_us,samples
1728,768,7168,ck_0_split0,ck,0,0,a8w8_blockscale_bpreshuffle_1x128x128_256x128x128x128_16x16_16x16_8x32x1_8x32x1_1x32x1x8_8_2x1_intrawave_v3,60.896857142857186,60.809530612244885,60.973591836734705,3
1728,768,7168,ck_1_split0,ck,1,0,a8w8_blockscale_bpreshuffle_1x128x128_256x64x128x128_16x16_16x16_8x32x1_8x32x1_1x32x1x8_8_2x1_intrawave_v3,36.00538297872341,35.85474468085107,36.03091489361704,3
1728,768,7168,ck_2_split0,ck,2,0,a8w8_blockscale_bpreshuffle_1x128x128_256x64x64x128_16x16_16x16_8x32x1_8x32x1_1x32x1x8_8_2x1_intrawave_v3,33.68115217391304,33.502869565217395,33.8359347826087,3
1728,768,7168,ck_3_split0,ck,3,0,a8w8_blockscale_bpreshuffle_1x128x128_256x16x256x128_8x16_16x16_16x16x1_8x32x1_1x16x1x16_8_1x2_intrawave_v1,53.47282978723403,53.470276595744664,53.63195744680853,3
1728,768,7168,ck_4_split0,ck,4,0,a8w8_blockscale_bpreshuffle_1x128x128_256x16x128x128_8x16_16x16_16x16x1_8x32x1_1x16x1x16_8_1x2_intrawave_v1,45.20039130434785,45.1808888888889,45.31953191489361,3
1728,768,7168,ck_5_split0,ck,5,0,a8w8_blockscale_bpreshuffle_1x128x128_256x16x64x128_8x16_16x16_16x16x1_8x32x1_1x16x1x16_4_1x1_intrawave_v1,50.32541666666668,49.3560869565217,50.697199999999995,3
1728,768,7168,ck_6_split0,ck,6,0,a8w8_blockscale_bpreshuffle_1x128x128_256x16x128x256_16x16_16x16_16x16x1_16x16x1_1x16x1x16_8_1x2_intrawave_v1,42.18246808510637,42.09533333333334,42.413106382978725,3
1728,768,7168,ck_7_split0,ck,7,0,a8w8_blockscale_bpreshuffle_1x128x128_256x16x64x256_16x16_16x16_16x16x1_16x16x1_1x16x1x16_4_1x1_intrawave_v1,47.176302325581396,47.090575,47.632765957446814,3
1728,768,7168,ck_8_split0,ck,8,0,a8w8_blockscale_bpreshuffle_1x128x128_256x32x256x128_16x16_16x16_8x32x1_8x32x1_1x32x1x8_8_2x1_intrawave_v1,40.70161702127659,40.56457446808512,40.77648936170212,3
1728,768,7168,ck_9_split0,ck,9,0,a8w8_blockscale_bpreshuffle_1x128x128_256x32x128x128_16x16_16x16_8x32x1_8x32x1_1x32x1x8_8_2x1_intrawave_v1,31.534152173913036,31.52110869565217,31.620659574468085,3
1728,768,7168,ck_10_split0,ck,10,0,a8w8_blockscale_bpreshuffle_1x128x128_256x32x64x128_16x16_16x16_8x32x1_8x32x1_1x32x1x8_8_2x1_intrawave_v1,32.72280851063829,32.66491489361701,32.777630434782616,3
1728,768,7168,ck_11_split0,ck,11,0,a8w8_blockscale_bpreshuffle_1x128x128_256x32x128x256_16x16_16x16_16x16x1_16x16x1_1x32x1x8_8_2x1_intrawave_v1,31.39024999999999,31.25437500000001,31.607530612244897,3
1728,768,7168,ck_12_split0,ck,12,0,a8w8_blockscale_bpreshuffle_1x128x128_256x32x64x256_16x16_16x16_16x16x1_16x16x1_1x32x1x8_8_2x1_intrawave_v1,32.81725531914895,32.68139999999998,33.17939583333334,3
1728,768,7168,ck_13_split0,ck,13,0,a8w8_blockscale_bpreshuffle_1x128x128_256x64x256x128_16x16_16x16_8x32x1_8x32x1_1x32x1x8_8_2x1_intrawave_v1,52.26770212765958,52.08221739130437,52.31961702127659,3
1728,768,7168,ck_14_split0,ck,14,0,a8w8_blockscale_bpreshuffle_1x128x128_256x64x128x128_16x16_16x16_8x32x1_8x32x1_1x32x1x8_8_2x1_intrawave_v1,36.591104166666675,36.560276595744675,36.696468085106375,3
1728,768,7168,ck_15_split0,ck,15,0,a8w8_blockscale_bpreshuffle_1x128x128_256x64x64x128_16x16_16x16_8x32x1_8x32x1_1x32x1x8_8_2x1_intrawave_v1,31.696854166666668,31.39172340425532,31.71855102040816,3
1728,768,7168,ck_16_split0,ck,16,0,a8w8_blockscale_bpreshuffle_1x128x128_256x64x128x256_16x16_16x16_16x16x1_16x16x1_1x32x1x8_8_2x1_intrawave_v1,36.658183673469395,36.575775510204075,36.85902040816325,3
1728,768,7168,ck_17_split0,ck,17,0,a8w8_blockscale_bpreshuffle_1x128x128_256x64x64x256_16x16_16x16_16x16x1_16x16x1_1x32x1x8_8_2x1_intrawave_v1,31.451500000000014,31.31020833333334,31.468775510204065,3
1728,768,7168,cktile_0_split0,cktile,0,0,a8w8_blockscale_cktile_16x128x256_1x4x1_16x16x128_intrawave_0x1x0_1,52.08712765957443,51.94558695652176,52.36797872340428,3
1728,768,7168,cktile_1_split0,cktile,1,0,a8w8_blockscale_cktile_16x128x256_1x4x1_16x16x128_intrawave_0x1x0_2,52.17020000000003,52.00991304347826,52.23612500000002,3
1728,768,7168,cktile_2_split0,cktile,2,0,a8w8_blockscale_cktile_16x128x256_1x4x1_16x16x64_intrawave_0x1x0_1,51.12968085106385,50.812822222222216,51.63534693877554,3
1728,768,7168,cktile_3_split0,cktile,3,0,a8w8_blockscale_cktile_16x128x256_1x4x1_16x16x64_intrawave_0x1x0_2,49.846083333333326,49.59777551020407,49.982580000000034,3
1728,768,7168,cktile_4_split0,cktile,4,0,a8w8_blockscale_cktile_32x128x128_1x4x1_16x16x128_intrawave_0x1x0_1,57.50357777777778,57.43244444444444,57.739957446808475,3
1728,768,7168,cktile_5_split0,cktile,5,0,a8w8_blockscale_cktile_32x128x128_1x4x1_16x16x128_intrawave_0x1x0_2,57.420911111111124,57.39519565217392,57.47347826086956,3
1728,768,7168,cktile_6_split0,cktile,6,0,a8w8_blockscale_cktile_32x128x128_1x4x1_16x16x64_intrawave_0x1x0_1,50.83339130434786,50.53860416666666,50.838586956521745,3
1728,768,7168,cktile_7_split0,cktile,7,0,a8w8_blockscale_cktile_32x128x128_1x4x1_16x16x64_intrawave_0x1x0_2,53.26993478260874,53.2395,53.78314285714288,3
1728,768,7168,cktile_8_split0,cktile,8,0,a8w8_blockscale_cktile_128x128x128_1x4x1_16x16x128_intrawave_0x1x0_1,103.19052173913052,103.17573913043479,103.38443478260864,3
1728,768,7168,cktile_9_split0,cktile,9,0,a8w8_blockscale_cktile_128x128x128_1x4x1_16x16x128_intrawave_0x1x0_1,103.23211111111112,103.14474468085106,103.5217872340426,3
1728,768,7168,cktile_10_split0,cktile,10,0,a8w8_blockscale_cktile_128x128x128_2x2x1_16x16x128_intrawave_0x1x0_2,108.73406521739132,108.46884782608701,108.74395744680848,3
1728,768,7168,cktile_11_split0,cktile,11,0,a8w8_blockscale_cktile_192x256x128_4x2x1_16x16x128_intrawave_0x1x0_1,76.53119565217389,76.4590434782609,76.55556521739129,3
1728,768,7168,cktile_12_split0,cktile,12,0,a8w8_blockscale_cktile_192x256x128_4x2x1_16x16x128_intrawave_0x1x0_1_aqrm,98.55589361702128,98.53058695652169,99.17038297872338,3
1728,768,7168,cktile_13_split0,cktile,13,0,a8w8_blockscale_cktile_16x128x256_1x4x1_16x16x128_intrawave_0x1x0_3,52.260930232558124,52.259042553191485,52.62860416666663,3
1728,768,7168,cktile_14_split0,cktile,14,0,a8w8_blockscale_cktile_16x128x256_1x4x1_16x16x128_intrawave_0x1x0_4,85.90285106382976,85.67136170212777,86.20391836734696,3
1728,768,7168,cktile_15_split0,cktile,15,0,a8w8_blockscale_cktile_16x128x256_1x4x1_16x16x64_intrawave_0x1x0_3,49.828382978723425,49.57736734693876,49.839466666666716,3
1728,768,7168,cktile_16_split0,cktile,16,0,a8w8_blockscale_cktile_16x128x256_1x4x1_16x16x64_intrawave_0x1x0_4,55.62844680851065,55.42389130434787,55.795111111111126,3
1728,768,7168,cktile_17_split0,cktile,17,0,a8w8_blockscale_cktile_32x128x128_1x4x1_16x16x128_intrawave_0x1x0_3,57.64311111111109,57.37413636363638,57.68130434782608,3
1728,768,7168,cktile_18_split0,cktile,18,0,a8w8_blockscale_cktile_32x128x128_1x4x1_16x16x128_intrawave_0x1x0_4,57.740911111111096,57.51959090909091,57.80215217391305,3
1728,768,7168,cktile_19_split0,cktile,19,0,a8w8_blockscale_cktile_32x128x128_1x4x1_16x16x64_intrawave_0x1x0_3,53.3121224489796,53.25776086956521,53.499063829787275,3
1728,768,7168,cktile_20_split0,cktile,20,0,a8w8_blockscale_cktile_32x128x128_1x4x1_16x16x64_intrawave_0x1x0_4,53.19254347826085,53.07597777777779,53.40042222222217,3
1728,768,7168,cktile_21_split0,cktile,21,0,a8w8_blockscale_cktile_128x128x128_1x4x1_16x16x128_intrawave_0x1x0_2,103.16704347826091,103.10182608695655,103.36339583333331,3
1728,768,7168,cktile_22_split0,cktile,22,0,a8w8_blockscale_cktile_128x128x128_1x4x1_16x16x128_intrawave_0x1x0_3,266.0636666666667,265.4794255319148,266.16524489795916,3
1728,768,7168,cktile_23_split0,cktile,23,0,a8w8_blockscale_cktile_128x128x128_1x4x1_16x16x128_intrawave_0x1x0_4,385.48922916666675,385.4767291666667,385.71404255319146,3
1728,768,7168,cktile_24_split0,cktile,24,0,a8w8_blockscale_cktile_128x128x128_2x2x1_16x16x128_intrawave_0x1x0_1,108.59058695652176,108.45754347826094,108.8158043478261,3
1728,768,7168,cktile_25_split0,cktile,25,0,a8w8_blockscale_cktile_128x128x128_2x2x1_16x16x128_intrawave_0x1x0_3,279.05746808510634,279.03885714285707,279.83885714285714,3
1728,768,7168,cktile_26_split0,cktile,26,0,a8w8_blockscale_cktile_128x128x128_2x2x1_16x16x128_intrawave_0x1x0_4,509.89911111111127,509.1537872340424,510.17218367346925,3
1728,768,7168,cktile_27_split0,cktile,27,0,a8w8_blockscale_cktile_192x256x128_4x2x1_16x16x128_intrawave_0x1x0_2,76.77182978723403,76.61855555555552,76.77641304347829,3
1728,768,7168,cktile_28_split0,cktile,28,0,a8w8_blockscale_cktile_192x256x128_4x2x1_16x16x128_intrawave_0x1x0_3,76.63469565217387,76.3703260869565,76.6877391304348,3
1728,768,7168,cktile_29_split0,cktile,29,0,a8w8_blockscale_cktile_192x256x128_4x2x1_16x16x128_intrawave_0x1x0_4,76.6346739130435,76.33591111111109,76.84860869565215,3
1728,768,7168,cktile_30_split0,cktile,30,0,a8w8_blockscale_cktile_192x256x128_4x2x1_16x16x128_intrawave_0x1x0_2_aqrm,98.78102173913052,98.58017391304347,98.81147826086959,3
1728,768,7168,cktile_31_split0,cktile,31,0,a8w8_blockscale_cktile_192x256x128_4x2x1_16x16x128_intrawave_0x1x0_3_aqrm,98.7653695652174,98.61634042553189,98.80276086956519,3
1728,768,7168,cktile_32_split0,cktile,32,0,a8w8_blockscale_cktile_192x256x128_4x2x1_16x16x128_intrawave_0x1x0_4_aqrm,98.60357446808511,98.43147826086957,98.81147826086955,3
1728,768,7168,opus_9011,opus,9011,0,opus_gemm_gfx950_a8w8_mxscale_gemm_bpreshuffle_256x64x128x128_2x2_16x16x128_1x128x128_tiles1_nooob,30.11851063829787,29.857111111111116,30.11936170212766,3
1728,768,7168,opus_9012,opus,9012,0,opus_gemm_gfx950_a8w8_mxscale_gemm_bpreshuffle_256x64x64x128_2x2_16x16x128_1x128x128_tiles1_nooob,32.2461914893617,32.2121489361702,32.41020833333334,3
1728,768,7168,opus_9020,opus,9020,0,opus_gemm_gfx950_a8w8_mxscale_gemm_bpreshuffle_256x256x256x128_2x2_16x16x128_1x128x128_tiles1,90.72006382978729,90.37050000000008,90.80267391304349,3
16384,768,7168,ck_0_split0,ck,0,0,a8w8_blockscale_bpreshuffle_1x128x128_256x128x128x128_16x16_16x16_8x32x1_8x32x1_1x32x1x8_8_2x1_intrawave_v3,136.5646734693878,135.13658,137.76941999999994,3
16384,768,7168,ck_1_split0,ck,1,0,a8w8_blockscale_bpreshuffle_1x128x128_256x64x128x128_16x16_16x16_8x32x1_8x32x1_1x32x1x8_8_2x1_intrawave_v3,150.21997999999994,149.22955999999994,150.44158,3
16384,768,7168,ck_2_split0,ck,2,0,a8w8_blockscale_bpreshuffle_1x128x128_256x64x64x128_16x16_16x16_8x32x1_8x32x1_1x32x1x8_8_2x1_intrawave_v3,190.29724,189.85481999999996,191.33645999999993,3
16384,768,7168,ck_3_split0,ck,3,0,a8w8_blockscale_bpreshuffle_1x128x128_256x16x256x128_8x16_16x16_16x16x1_8x32x1_1x16x1x16_8_1x2_intrawave_v1,298.72171428571437,296.3012127659574,299.72574,3
16384,768,7168,ck_4_split0,ck,4,0,a8w8_blockscale_bpreshuffle_1x128x128_256x16x128x128_8x16_16x16_16x16x1_8x32x1_1x16x1x16_8_1x2_intrawave_v1,335.01336,334.20614000000006,335.29654000000005,3
16384,768,7168,ck_5_split0,ck,5,0,a8w8_blockscale_bpreshuffle_1x128x128_256x16x64x128_8x16_16x16_16x16x1_8x32x1_1x16x1x16_4_1x1_intrawave_v1,382.17575510204074,380.9003000000001,383.1531,3
16384,768,7168,ck_6_split0,ck,6,0,a8w8_blockscale_bpreshuffle_1x128x128_256x16x128x256_16x16_16x16_16x16x1_16x16x1_1x16x1x16_8_1x2_intrawave_v1,305.6546,304.50978,305.93299999999994,3
16384,768,7168,ck_7_split0,ck,7,0,a8w8_blockscale_bpreshuffle_1x128x128_256x16x64x256_16x16_16x16_16x16x1_16x16x1_1x16x1x16_4_1x1_intrawave_v1,356.4671999999999,356.3468775510204,356.7,3
16384,768,7168,ck_8_split0,ck,8,0,a8w8_blockscale_bpreshuffle_1x128x128_256x32x256x128_16x16_16x16_8x32x1_8x32x1_1x32x1x8_8_2x1_intrawave_v1,182.72435999999993,182.62676000000002,183.34036,3
16384,768,7168,ck_9_split0,ck,9,0,a8w8_blockscale_bpreshuffle_1x128x128_256x32x128x128_16x16_16x16_8x32x1_8x32x1_1x32x1x8_8_2x1_intrawave_v1,203.0198,202.74458000000007,204.25661999999983,3
16384,768,7168,ck_10_split0,ck,10,0,a8w8_blockscale_bpreshuffle_1x128x128_256x32x64x128_16x16_16x16_8x32x1_8x32x1_1x32x1x8_8_2x1_intrawave_v1,251.28836000000004,250.67554,251.74918000000002,3
16384,768,7168,ck_11_split0,ck,11,0,a8w8_blockscale_bpreshuffle_1x128x128_256x32x128x256_16x16_16x16_16x16x1_16x16x1_1x32x1x8_8_2x1_intrawave_v1,200.13255999999998,197.36532000000005,200.61838297872336,3
16384,768,7168,ck_12_split0,ck,12,0,a8w8_blockscale_bpreshuffle_1x128x128_256x32x64x256_16x16_16x16_16x16x1_16x16x1_1x32x1x8_8_2x1_intrawave_v1,240.17064,239.44102000000012,244.39947999999995,3
16384,768,7168,ck_13_split0,ck,13,0,a8w8_blockscale_bpreshuffle_1x128x128_256x64x256x128_16x16_16x16_8x32x1_8x32x1_1x32x1x8_8_2x1_intrawave_v1,136.31259999999997,135.59897999999998,136.41339999999994,3
16384,768,7168,ck_14_split0,ck,14,0,a8w8_blockscale_bpreshuffle_1x128x128_256x64x128x128_16x16_16x16_8x32x1_8x32x1_1x32x1x8_8_2x1_intrawave_v1,149.67198000000005,148.19594000000004,149.69995999999998,3
16384,768,7168,ck_15_split0,ck,15,0,a8w8_blockscale_bpreshuffle_1x128x128_256x64x64x128_16x16_16x16_8x32x1_8x32x1_1x32x1x8_8_2x1_intrawave_v1,187.3859999999999,186.99319999999992,188.38122000000004,3
16384,768,7168,ck_16_split0,ck,16,0,a8w8_blockscale_bpreshuffle_1x128x128_256x64x128x256_16x16_16x16_16x16x1_16x16x1_1x32x1x8_8_2x1_intrawave_v1,159.24408000000005,158.78325999999998,159.49287999999999,3
16384,768,7168,ck_17_split0,ck,17,0,a8w8_blockscale_bpreshuffle_1x128x128_256x64x64x256_16x16_16x16_16x16x1_16x16x1_1x32x1x8_8_2x1_intrawave_v1,201.13737999999998,199.6757399999999,201.65177999999997,3
16384,768,7168,cktile_0_split0,cktile,0,0,a8w8_blockscale_cktile_16x128x256_1x4x1_16x16x128_intrawave_0x1x0_1,334.3939599999999,333.64754,334.4547399999999,3
16384,768,7168,cktile_1_split0,cktile,1,0,a8w8_blockscale_cktile_16x128x256_1x4x1_16x16x128_intrawave_0x1x0_2,334.05074,333.77091836734695,334.7114782608698,3
16384,768,7168,cktile_2_split0,cktile,2,0,a8w8_blockscale_cktile_16x128x256_1x4x1_16x16x64_intrawave_0x1x0_1,330.90722448979596,330.5635,332.55392,3
16384,768,7168,cktile_3_split0,cktile,3,0,a8w8_blockscale_cktile_16x128x256_1x4x1_16x16x64_intrawave_0x1x0_2,328.17947999999996,326.94343999999995,329.20668000000006,3
16384,768,7168,cktile_4_split0,cktile,4,0,a8w8_blockscale_cktile_32x128x128_1x4x1_16x16x128_intrawave_0x1x0_1,253.2161800000001,252.65216000000004,253.46658000000008,3
16384,768,7168,cktile_5_split0,cktile,5,0,a8w8_blockscale_cktile_32x128x128_1x4x1_16x16x128_intrawave_0x1x0_2,252.91778,252.28658000000004,253.57698000000016,3
16384,768,7168,cktile_6_split0,cktile,6,0,a8w8_blockscale_cktile_32x128x128_1x4x1_16x16x64_intrawave_0x1x0_1,254.75142000000008,253.00175999999993,254.77620000000016,3
16384,768,7168,cktile_7_split0,cktile,7,0,a8w8_blockscale_cktile_32x128x128_1x4x1_16x16x64_intrawave_0x1x0_2,249.60414000000003,248.94493999999992,249.84494000000004,3
16384,768,7168,cktile_8_split0,cktile,8,0,a8w8_blockscale_cktile_128x128x128_1x4x1_16x16x128_intrawave_0x1x0_1,236.3769361702128,236.32812244897957,237.85678000000004,3
16384,768,7168,cktile_9_split0,cktile,9,0,a8w8_blockscale_cktile_128x128x128_1x4x1_16x16x128_intrawave_0x1x0_1,237.26291489361705,236.85210869565213,237.48426086956505,3
16384,768,7168,cktile_10_split0,cktile,10,0,a8w8_blockscale_cktile_128x128x128_2x2x1_16x16x128_intrawave_0x1x0_2,220.29848936170205,216.3107804878048,220.52380000000002,3
16384,768,7168,cktile_11_split0,cktile,11,0,a8w8_blockscale_cktile_192x256x128_4x2x1_16x16x128_intrawave_0x1x0_1,143.24228,142.27108,145.34709999999995,3
16384,768,7168,cktile_12_split0,cktile,12,0,a8w8_blockscale_cktile_192x256x128_4x2x1_16x16x128_intrawave_0x1x0_1_aqrm,163.27611999999996,163.16663265306127,163.86411999999996,3
16384,768,7168,cktile_13_split0,cktile,13,0,a8w8_blockscale_cktile_16x128x256_1x4x1_16x16x128_intrawave_0x1x0_3,334.3939399999999,333.6982448979592,335.50035999999994,3
16384,768,7168,cktile_14_split0,cktile,14,0,a8w8_blockscale_cktile_16x128x256_1x4x1_16x16x128_intrawave_0x1x0_4,615.4028600000001,613.94204,616.9052600000001,3
16384,768,7168,cktile_15_split0,cktile,15,0,a8w8_blockscale_cktile_16x128x256_1x4x1_16x16x64_intrawave_0x1x0_3,326.82826,325.92024000000004,328.99308000000013,3
16384,768,7168,cktile_16_split0,cktile,16,0,a8w8_blockscale_cktile_16x128x256_1x4x1_16x16x64_intrawave_0x1x0_4,339.53671428571437,339.3300000000001,342.31401999999986,3
16384,768,7168,cktile_17_split0,cktile,17,0,a8w8_blockscale_cktile_32x128x128_1x4x1_16x16x128_intrawave_0x1x0_3,254.11860000000001,252.8497800000001,254.54420000000016,3
16384,768,7168,cktile_18_split0,cktile,18,0,a8w8_blockscale_cktile_32x128x128_1x4x1_16x16x128_intrawave_0x1x0_4,252.79697999999985,252.39698000000016,254.0594000000001,3
16384,768,7168,cktile_19_split0,cktile,19,0,a8w8_blockscale_cktile_32x128x128_1x4x1_16x16x64_intrawave_0x1x0_3,250.83851020408173,250.01613999999998,251.40736000000015,3
16384,768,7168,cktile_20_split0,cktile,20,0,a8w8_blockscale_cktile_32x128x128_1x4x1_16x16x64_intrawave_0x1x0_4,250.72896000000003,249.4977399999999,250.95695999999992,3
16384,768,7168,cktile_21_split0,cktile,21,0,a8w8_blockscale_cktile_128x128x128_1x4x1_16x16x128_intrawave_0x1x0_2,236.6100930232559,236.49220408163282,237.2656666666667,3
16384,768,7168,cktile_22_split0,cktile,22,0,a8w8_blockscale_cktile_128x128x128_1x4x1_16x16x128_intrawave_0x1x0_3,613.5643404255317,612.9643617021276,613.579081632653,3
16384,768,7168,cktile_23_split0,cktile,23,0,a8w8_blockscale_cktile_128x128x128_1x4x1_16x16x128_intrawave_0x1x0_4,1021.0019999999998,1020.9961428571426,1021.0348599999998,3
16384,768,7168,cktile_24_split0,cktile,24,0,a8w8_blockscale_cktile_128x128x128_2x2x1_16x16x128_intrawave_0x1x0_1,220.79260000000002,216.9339285714288,224.18957446808523,3
16384,768,7168,cktile_25_split0,cktile,25,0,a8w8_blockscale_cktile_128x128x128_2x2x1_16x16x128_intrawave_0x1x0_3,642.8863799999999,642.7335799999998,642.96236,3
16384,768,7168,cktile_26_split0,cktile,26,0,a8w8_blockscale_cktile_128x128x128_2x2x1_16x16x128_intrawave_0x1x0_4,1482.3380425531923,1481.2350212765964,1482.6480465116283,3
16384,768,7168,cktile_27_split0,cktile,27,0,a8w8_blockscale_cktile_192x256x128_4x2x1_16x16x128_intrawave_0x1x0_2,141.11505999999997,140.96545999999995,141.62786000000003,3
16384,768,7168,cktile_28_split0,cktile,28,0,a8w8_blockscale_cktile_192x256x128_4x2x1_16x16x128_intrawave_0x1x0_3,141.98225999999994,140.42865999999998,144.34709999999998,3
16384,768,7168,cktile_29_split0,cktile,29,0,a8w8_blockscale_cktile_192x256x128_4x2x1_16x16x128_intrawave_0x1x0_4,141.65348,140.85266,141.69266000000002,3
16384,768,7168,cktile_30_split0,cktile,30,0,a8w8_blockscale_cktile_192x256x128_4x2x1_16x16x128_intrawave_0x1x0_2_aqrm,163.60172000000003,163.24014000000005,164.79438775510198,3
16384,768,7168,cktile_31_split0,cktile,31,0,a8w8_blockscale_cktile_192x256x128_4x2x1_16x16x128_intrawave_0x1x0_3_aqrm,164.41374000000005,164.32573999999997,165.24893999999992,3
16384,768,7168,cktile_32_split0,cktile,32,0,a8w8_blockscale_cktile_192x256x128_4x2x1_16x16x128_intrawave_0x1x0_4_aqrm,164.00174000000007,163.16891999999999,165.23453999999998,3
16384,768,7168,opus_9000,opus,9000,0,opus_gemm_gfx950_a8w8_mxscale_gemm_bpreshuffle_256x256x256x128_2x2_16x16x128_1x128x128_tiles1_nooob,103.59143999999995,103.46268750000002,104.63542000000002,3
16384,768,7168,opus_9010,opus,9010,0,opus_gemm_gfx950_a8w8_mxscale_gemm_bpreshuffle_256x128x128x128_2x2_16x16x128_1x128x128_tiles1_nooob,134.49257999999992,133.46216,135.8414,3
16384,768,7168,opus_9011,opus,9011,0,opus_gemm_gfx950_a8w8_mxscale_gemm_bpreshuffle_256x64x128x128_2x2_16x16x128_1x128x128_tiles1_nooob,140.93665999999996,140.84066,141.44145999999992,3
16384,768,7168,opus_9012,opus,9012,0,opus_gemm_gfx950_a8w8_mxscale_gemm_bpreshuffle_256x64x64x128_2x2_16x16x128_1x128x128_tiles1_nooob,184.93637999999999,184.18678000000003,186.65239999999997,3
16384,768,7168,opus_9020,opus,9020,0,opus_gemm_gfx950_a8w8_mxscale_gemm_bpreshuffle_256x256x256x128_2x2_16x16x128_1x128x128_tiles1,106.02905999999997,105.31863999999996,106.03784000000002,3
1664,2048,7168,ck_0_split0,ck,0,0,a8w8_blockscale_bpreshuffle_1x128x128_256x128x128x128_16x16_16x16_8x32x1_8x32x1_1x32x1x8_8_2x1_intrawave_v3,54.28844000000004,54.103306122448984,54.322039999999994,3
1664,2048,7168,ck_1_split0,ck,1,0,a8w8_blockscale_bpreshuffle_1x128x128_256x64x128x128_16x16_16x16_8x32x1_8x32x1_1x32x1x8_8_2x1_intrawave_v3,48.446760000000005,48.055560000000035,49.140359999999994,3
1664,2048,7168,ck_2_split0,ck,2,0,a8w8_blockscale_bpreshuffle_1x128x128_256x64x64x128_16x16_16x16_8x32x1_8x32x1_1x32x1x8_8_2x1_intrawave_v3,62.579719999999995,61.90212,62.66451999999998,3
1664,2048,7168,ck_3_split0,ck,3,0,a8w8_blockscale_bpreshuffle_1x128x128_256x16x256x128_8x16_16x16_16x16x1_8x32x1_1x16x1x16_8_1x2_intrawave_v1,101.35459999999999,100.49020454545457,102.46979999999998,3
1664,2048,7168,ck_4_split0,ck,4,0,a8w8_blockscale_bpreshuffle_1x128x128_256x16x128x128_8x16_16x16_16x16x1_8x32x1_1x16x1x16_8_1x2_intrawave_v1,101.56259999999995,99.98338000000004,101.64673469387752,3
1664,2048,7168,ck_5_split0,ck,5,0,a8w8_blockscale_bpreshuffle_1x128x128_256x16x64x128_8x16_16x16_16x16x1_8x32x1_1x16x1x16_4_1x1_intrawave_v1,111.88910000000001,110.57069999999996,112.18751999999999,3
1664,2048,7168,ck_6_split0,ck,6,0,a8w8_blockscale_bpreshuffle_1x128x128_256x16x128x256_16x16_16x16_16x16x1_16x16x1_1x16x1x16_8_1x2_intrawave_v1,94.92571999999998,94.64969999999998,95.83212000000002,3
1664,2048,7168,ck_7_split0,ck,7,0,a8w8_blockscale_bpreshuffle_1x128x128_256x16x64x256_16x16_16x16_16x16x1_16x16x1_1x16x1x16_4_1x1_intrawave_v1,103.55781999999995,102.84982000000002,103.88021999999997,3
1664,2048,7168,ck_8_split0,ck,8,0,a8w8_blockscale_bpreshuffle_1x128x128_256x32x256x128_16x16_16x16_8x32x1_8x32x1_1x32x1x8_8_2x1_intrawave_v1,63.09653999999998,62.68773999999999,64.87336,3
1664,2048,7168,ck_9_split0,ck,9,0,a8w8_blockscale_bpreshuffle_1x128x128_256x32x128x128_16x16_16x16_8x32x1_8x32x1_1x32x1x8_8_2x1_intrawave_v1,66.36618000000001,65.53689795918369,66.46778000000005,3
1664,2048,7168,ck_10_split0,ck,10,0,a8w8_blockscale_bpreshuffle_1x128x128_256x32x64x128_16x16_16x16_8x32x1_8x32x1_1x32x1x8_8_2x1_intrawave_v1,72.96626,72.48143999999998,73.74626000000004,3
1664,2048,7168,ck_11_split0,ck,11,0,a8w8_blockscale_bpreshuffle_1x128x128_256x32x128x256_16x16_16x16_16x16x1_16x16x1_1x32x1x8_8_2x1_intrawave_v1,65.91577999999998,65.53416,66.85738,3
1664,2048,7168,ck_12_split0,ck,12,0,a8w8_blockscale_bpreshuffle_1x128x128_256x32x64x256_16x16_16x16_16x16x1_16x16x1_1x32x1x8_8_2x1_intrawave_v1,72.25584000000002,69.61501999999997,72.76945999999998,3
1664,2048,7168,ck_13_split0,ck,13,0,a8w8_blockscale_bpreshuffle_1x128x128_256x64x256x128_16x16_16x16_8x32x1_8x32x1_1x32x1x8_8_2x1_intrawave_v1,55.52289795918369,55.503326530612256,55.55723999999999,3
1664,2048,7168,ck_14_split0,ck,14,0,a8w8_blockscale_bpreshuffle_1x128x128_256x64x128x128_16x16_16x16_8x32x1_8x32x1_1x32x1x8_8_2x1_intrawave_v1,45.860000000000014,45.344285714285704,46.94754000000002,3
1664,2048,7168,ck_15_split0,ck,15,0,a8w8_blockscale_bpreshuffle_1x128x128_256x64x64x128_16x16_16x16_8x32x1_8x32x1_1x32x1x8_8_2x1_intrawave_v1,60.650899999999986,60.23570000000001,61.674119999999995,3
1664,2048,7168,ck_16_split0,ck,16,0,a8w8_blockscale_bpreshuffle_1x128x128_256x64x128x256_16x16_16x16_16x16x1_16x16x1_1x32x1x8_8_2x1_intrawave_v1,50.6126530612245,50.32117999999997,51.018,3
1664,2048,7168,ck_17_split0,ck,17,0,a8w8_blockscale_bpreshuffle_1x128x128_256x64x64x256_16x16_16x16_16x16x1_16x16x1_1x32x1x8_8_2x1_intrawave_v1,66.08937999999999,65.64775999999996,66.21897999999999,3
1664,2048,7168,cktile_0_split0,cktile,0,0,a8w8_blockscale_cktile_16x128x256_1x4x1_16x16x128_intrawave_0x1x0_1,100.37619148936172,99.52474418604652,100.55252083333339,3
1664,2048,7168,cktile_1_split0,cktile,1,0,a8w8_blockscale_cktile_16x128x256_1x4x1_16x16x128_intrawave_0x1x0_2,99.8091818181818,98.89630952380958,100.42285714285715,3
1664,2048,7168,cktile_2_split0,cktile,2,0,a8w8_blockscale_cktile_16x128x256_1x4x1_16x16x64_intrawave_0x1x0_1,100.72734693877555,99.84958000000002,100.79357999999995,3
1664,2048,7168,cktile_3_split0,cktile,3,0,a8w8_blockscale_cktile_16x128x256_1x4x1_16x16x64_intrawave_0x1x0_2,100.4847800000001,99.08637999999998,100.66877999999998,3
1664,2048,7168,cktile_4_split0,cktile,4,0,a8w8_blockscale_cktile_32x128x128_1x4x1_16x16x128_intrawave_0x1x0_1,83.18215999999997,82.15214893617016,83.68698000000012,3
1664,2048,7168,cktile_5_split0,cktile,5,0,a8w8_blockscale_cktile_32x128x128_1x4x1_16x16x128_intrawave_0x1x0_2,82.31738,81.57721739130434,82.49177999999998,3
1664,2048,7168,cktile_6_split0,cktile,6,0,a8w8_blockscale_cktile_32x128x128_1x4x1_16x16x64_intrawave_0x1x0_1,84.75979999999998,84.51030434782611,84.85900000000011,3
1664,2048,7168,cktile_7_split0,cktile,7,0,a8w8_blockscale_cktile_32x128x128_1x4x1_16x16x64_intrawave_0x1x0_2,82.74937999999999,82.06456000000001,83.04304081632654,3
1664,2048,7168,cktile_8_split0,cktile,8,0,a8w8_blockscale_cktile_128x128x128_1x4x1_16x16x128_intrawave_0x1x0_1,105.5242500000001,105.50155813953484,105.85132558139539,3
1664,2048,7168,cktile_9_split0,cktile,9,0,a8w8_blockscale_cktile_128x128x128_1x4x1_16x16x128_intrawave_0x1x0_1,105.8615581395348,105.84924999999998,105.88470454545458,3
1664,2048,7168,cktile_10_split0,cktile,10,0,a8w8_blockscale_cktile_128x128x128_2x2x1_16x16x128_intrawave_0x1x0_2,110.64407142857138,110.62816279069762,110.8170666666667,3
1664,2048,7168,cktile_11_split0,cktile,11,0,a8w8_blockscale_cktile_192x256x128_4x2x1_16x16x128_intrawave_0x1x0_1,76.29290697674422,76.27534090909094,76.39990697674422,3
1664,2048,7168,cktile_12_split0,cktile,12,0,a8w8_blockscale_cktile_192x256x128_4x2x1_16x16x128_intrawave_0x1x0_1_aqrm,98.32109523809521,98.23379545454546,98.74363043478266,3
1664,2048,7168,cktile_13_split0,cktile,13,0,a8w8_blockscale_cktile_16x128x256_1x4x1_16x16x128_intrawave_0x1x0_3,102.13621276595748,99.59535714285714,102.3664,3
1664,2048,7168,cktile_14_split0,cktile,14,0,a8w8_blockscale_cktile_16x128x256_1x4x1_16x16x128_intrawave_0x1x0_4,182.07740909090919,181.62093999999988,183.1689399999999,3
1664,2048,7168,cktile_15_split0,cktile,15,0,a8w8_blockscale_cktile_16x128x256_1x4x1_16x16x64_intrawave_0x1x0_3,100.07037999999997,99.09517999999997,101.19598000000002,3
1664,2048,7168,cktile_16_split0,cktile,16,0,a8w8_blockscale_cktile_16x128x256_1x4x1_16x16x64_intrawave_0x1x0_4,106.58486000000006,104.95123999999994,106.62532558139533,3
1664,2048,7168,cktile_17_split0,cktile,17,0,a8w8_blockscale_cktile_32x128x128_1x4x1_16x16x128_intrawave_0x1x0_3,82.28164444444447,81.9480681818182,82.2834,3
1664,2048,7168,cktile_18_split0,cktile,18,0,a8w8_blockscale_cktile_32x128x128_1x4x1_16x16x128_intrawave_0x1x0_4,82.39812765957441,82.00918604651157,82.72164444444446,3
1664,2048,7168,cktile_19_split0,cktile,19,0,a8w8_blockscale_cktile_32x128x128_1x4x1_16x16x64_intrawave_0x1x0_3,82.64297999999991,82.27975999999998,83.52138000000002,3
1664,2048,7168,cktile_20_split0,cktile,20,0,a8w8_blockscale_cktile_32x128x128_1x4x1_16x16x64_intrawave_0x1x0_4,82.98218000000001,82.56375999999996,84.49170454545462,3
1664,2048,7168,cktile_21_split0,cktile,21,0,a8w8_blockscale_cktile_128x128x128_1x4x1_16x16x128_intrawave_0x1x0_2,105.48607317073181,105.40214634146339,105.58070731707315,3
1664,2048,7168,cktile_22_split0,cktile,22,0,a8w8_blockscale_cktile_128x128x128_1x4x1_16x16x128_intrawave_0x1x0_3,290.61868181818176,289.086069767442,290.9793673469389,3
1664,2048,7168,cktile_23_split0,cktile,23,0,a8w8_blockscale_cktile_128x128x128_1x4x1_16x16x128_intrawave_0x1x0_4,483.0096170212765,482.3045681818184,483.08280851063824,3
1664,2048,7168,cktile_24_split0,cktile,24,0,a8w8_blockscale_cktile_128x128x128_2x2x1_16x16x128_intrawave_0x1x0_1,110.55751111111114,109.99830952380952,110.67656818181821,3
1664,2048,7168,cktile_25_split0,cktile,25,0,a8w8_blockscale_cktile_128x128x128_2x2x1_16x16x128_intrawave_0x1x0_3,308.43225531914885,308.01315555555556,309.92653061224485,3
1664,2048,7168,cktile_26_split0,cktile,26,0,a8w8_blockscale_cktile_128x128x128_2x2x1_16x16x128_intrawave_0x1x0_4,742.639760869565,742.5212727272723,744.3358958333337,3
1664,2048,7168,cktile_27_split0,cktile,27,0,a8w8_blockscale_cktile_192x256x128_4x2x1_16x16x128_intrawave_0x1x0_2,76.3380681818182,76.20920930232555,76.39261363636366,3
1664,2048,7168,cktile_28_split0,cktile,28,0,a8w8_blockscale_cktile_192x256x128_4x2x1_16x16x128_intrawave_0x1x0_3,76.18127906976746,76.098488372093,76.2166279069767,3
1664,2048,7168,cktile_29_split0,cktile,29,0,a8w8_blockscale_cktile_192x256x128_4x2x1_16x16x128_intrawave_0x1x0_4,76.2463953488372,76.18466666666663,76.45755813953488,3
1664,2048,7168,cktile_30_split0,cktile,30,0,a8w8_blockscale_cktile_192x256x128_4x2x1_16x16x128_intrawave_0x1x0_2_aqrm,98.82017391304348,98.11745454545454,98.9261063829787,3
1664,2048,7168,cktile_31_split0,cktile,31,0,a8w8_blockscale_cktile_192x256x128_4x2x1_16x16x128_intrawave_0x1x0_3_aqrm,98.61168888888895,98.39652272727271,98.64973913043474,3
1664,2048,7168,cktile_32_split0,cktile,32,0,a8w8_blockscale_cktile_192x256x128_4x2x1_16x16x128_intrawave_0x1x0_4_aqrm,98.711,98.06258536585375,99.01378723404255,3
1664,2048,7168,opus_9010,opus,9010,0,opus_gemm_gfx950_a8w8_mxscale_gemm_bpreshuffle_256x128x128x128_2x2_16x16x128_1x128x128_tiles1_nooob,40.560369565217414,39.694372093023254,40.73255102040817,3
1664,2048,7168,opus_9011,opus,9011,0,opus_gemm_gfx950_a8w8_mxscale_gemm_bpreshuffle_256x64x128x128_2x2_16x16x128_1x128x128_tiles1_nooob,45.149733333333316,44.99136363636364,46.03954000000001,3
1664,2048,7168,opus_9012,opus,9012,0,opus_gemm_gfx950_a8w8_mxscale_gemm_bpreshuffle_256x64x64x128_2x2_16x16x128_1x128x128_tiles1_nooob,57.70549999999997,57.53216666666662,58.083679999999994,3
1664,2048,7168,opus_9020,opus,9020,0,opus_gemm_gfx950_a8w8_mxscale_gemm_bpreshuffle_256x256x256x128_2x2_16x16x128_1x128x128_tiles1,89.51074418604645,89.45528571428574,89.72841860465117,3
14336,2048,7168,ck_0_split0,ck,0,0,a8w8_blockscale_bpreshuffle_1x128x128_256x128x128x128_16x16_16x16_8x32x1_8x32x1_1x32x1x8_8_2x1_intrawave_v3,286.11735416666676,286.00756521739123,286.48236,3
14336,2048,7168,ck_1_split0,ck,1,0,a8w8_blockscale_bpreshuffle_1x128x128_256x64x128x128_16x16_16x16_8x32x1_8x32x1_1x32x1x8_8_2x1_intrawave_v3,312.68184,312.0221627906978,312.985125,3
14336,2048,7168,ck_2_split0,ck,2,0,a8w8_blockscale_bpreshuffle_1x128x128_256x64x64x128_16x16_16x16_8x32x1_8x32x1_1x32x1x8_8_2x1_intrawave_v3,402.7506326530612,399.8541428571428,403.99332000000004,3
14336,2048,7168,ck_3_split0,ck,3,0,a8w8_blockscale_bpreshuffle_1x128x128_256x16x256x128_8x16_16x16_16x16x1_8x32x1_1x16x1x16_8_1x2_intrawave_v1,697.3023599999999,691.447081632653,698.8259387755103,3
14336,2048,7168,ck_4_split0,ck,4,0,a8w8_blockscale_bpreshuffle_1x128x128_256x16x128x128_8x16_16x16_16x16x1_8x32x1_1x16x1x16_8_1x2_intrawave_v1,741.4796799999999,739.5668399999998,741.9868600000002,3
14336,2048,7168,ck_5_split0,ck,5,0,a8w8_blockscale_bpreshuffle_1x128x128_256x16x64x128_8x16_16x16_16x16x1_8x32x1_1x16x1x16_4_1x1_intrawave_v1,823.3182199999995,822.63502,823.7622599999999,3
14336,2048,7168,ck_6_split0,ck,6,0,a8w8_blockscale_bpreshuffle_1x128x128_256x16x128x256_16x16_16x16_16x16x1_16x16x1_1x16x1x16_8_1x2_intrawave_v1,697.42074,697.0815399999999,698.4675714285714,3
14336,2048,7168,ck_7_split0,ck,7,0,a8w8_blockscale_bpreshuffle_1x128x128_256x16x64x256_16x16_16x16_16x16x1_16x16x1_1x16x1x16_4_1x1_intrawave_v1,778.9649000000004,774.4368600000001,779.0825199999995,3
14336,2048,7168,ck_8_split0,ck,8,0,a8w8_blockscale_bpreshuffle_1x128x128_256x32x256x128_16x16_16x16_8x32x1_8x32x1_1x32x1x8_8_2x1_intrawave_v1,404.38131999999996,401.34128000000004,413.20464,3
14336,2048,7168,ck_9_split0,ck,9,0,a8w8_blockscale_bpreshuffle_1x128x128_256x32x128x128_16x16_16x16_8x32x1_8x32x1_1x32x1x8_8_2x1_intrawave_v1,437.7984081632653,437.62318181818176,438.4825102040816,3
14336,2048,7168,ck_10_split0,ck,10,0,a8w8_blockscale_bpreshuffle_1x128x128_256x32x64x128_16x16_16x16_8x32x1_8x32x1_1x32x1x8_8_2x1_intrawave_v1,534.03244,533.97566,535.1227959183674,3
14336,2048,7168,ck_11_split0,ck,11,0,a8w8_blockscale_bpreshuffle_1x128x128_256x32x128x256_16x16_16x16_16x16x1_16x16x1_1x32x1x8_8_2x1_intrawave_v1,430.1352400000001,429.35123999999996,430.2072857142856,3
14336,2048,7168,ck_12_split0,ck,12,0,a8w8_blockscale_bpreshuffle_1x128x128_256x32x64x256_16x16_16x16_16x16x1_16x16x1_1x32x1x8_8_2x1_intrawave_v1,513.3947872340426,512.5190212765957,514.495875,3
14336,2048,7168,ck_13_split0,ck,13,0,a8w8_blockscale_bpreshuffle_1x128x128_256x64x256x128_16x16_16x16_8x32x1_8x32x1_1x32x1x8_8_2x1_intrawave_v1,290.86800000000005,289.4102173913045,292.16322,3
14336,2048,7168,ck_14_split0,ck,14,0,a8w8_blockscale_bpreshuffle_1x128x128_256x64x128x128_16x16_16x16_8x32x1_8x32x1_1x32x1x8_8_2x1_intrawave_v1,310.65878723404256,308.9107954545455,310.7354042553192,3
14336,2048,7168,ck_15_split0,ck,15,0,a8w8_blockscale_bpreshuffle_1x128x128_256x64x64x128_16x16_16x16_8x32x1_8x32x1_1x32x1x8_8_2x1_intrawave_v1,393.86584444444446,393.34399999999994,394.0977708333335,3
14336,2048,7168,ck_16_split0,ck,16,0,a8w8_blockscale_bpreshuffle_1x128x128_256x64x128x256_16x16_16x16_16x16x1_16x16x1_1x32x1x8_8_2x1_intrawave_v1,344.2950199999999,344.0310399999999,345.02097959183675,3
14336,2048,7168,ck_17_split0,ck,17,0,a8w8_blockscale_bpreshuffle_1x128x128_256x64x64x256_16x16_16x16_16x16x1_16x16x1_1x32x1x8_8_2x1_intrawave_v1,431.42531914893607,431.04665217391306,433.91128000000003,3
14336,2048,7168,cktile_0_split0,cktile,0,0,a8w8_blockscale_cktile_16x128x256_1x4x1_16x16x128_intrawave_0x1x0_1,690.1716599999999,689.61726,691.1492800000001,3
14336,2048,7168,cktile_1_split0,cktile,1,0,a8w8_blockscale_cktile_16x128x256_1x4x1_16x16x128_intrawave_0x1x0_2,688.9124400000001,687.1831836734693,690.6356599999998,3
14336,2048,7168,cktile_2_split0,cktile,2,0,a8w8_blockscale_cktile_16x128x256_1x4x1_16x16x64_intrawave_0x1x0_1,684.9828199999996,683.7721086956524,685.2157959183677,3
14336,2048,7168,cktile_3_split0,cktile,3,0,a8w8_blockscale_cktile_16x128x256_1x4x1_16x16x64_intrawave_0x1x0_2,660.23374,660.1465416666666,663.473311111111,3
14336,2048,7168,cktile_4_split0,cktile,4,0,a8w8_blockscale_cktile_32x128x128_1x4x1_16x16x128_intrawave_0x1x0_1,500.96957142857127,500.1342599999999,501.31108510638313,3
14336,2048,7168,cktile_5_split0,cktile,5,0,a8w8_blockscale_cktile_32x128x128_1x4x1_16x16x128_intrawave_0x1x0_2,501.1938541666664,500.1687551020407,501.22426530612285,3
14336,2048,7168,cktile_6_split0,cktile,6,0,a8w8_blockscale_cktile_32x128x128_1x4x1_16x16x64_intrawave_0x1x0_1,512.8815999999999,511.0387608695652,513.2440000000001,3
14336,2048,7168,cktile_7_split0,cktile,7,0,a8w8_blockscale_cktile_32x128x128_1x4x1_16x16x64_intrawave_0x1x0_2,501.08384782608687,500.8902800000001,502.74467999999985,3
14336,2048,7168,cktile_8_split0,cktile,8,0,a8w8_blockscale_cktile_128x128x128_1x4x1_16x16x128_intrawave_0x1x0_1,435.7622553191488,434.9639782608695,438.21161702127654,3
14336,2048,7168,cktile_9_split0,cktile,9,0,a8w8_blockscale_cktile_128x128x128_1x4x1_16x16x128_intrawave_0x1x0_1,436.07977083333344,432.032448979592,438.4364583333331,3
14336,2048,7168,cktile_10_split0,cktile,10,0,a8w8_blockscale_cktile_128x128x128_2x2x1_16x16x128_intrawave_0x1x0_2,414.0468199999999,413.5708200000003,416.68208000000016,3
14336,2048,7168,cktile_11_split0,cktile,11,0,a8w8_blockscale_cktile_192x256x128_4x2x1_16x16x128_intrawave_0x1x0_1,251.8619600000001,251.690918367347,252.13076000000004,3
14336,2048,7168,cktile_12_split0,cktile,12,0,a8w8_blockscale_cktile_192x256x128_4x2x1_16x16x128_intrawave_0x1x0_1_aqrm,314.34018749999996,314.33491836734686,315.5515,3
14336,2048,7168,cktile_13_split0,cktile,13,0,a8w8_blockscale_cktile_16x128x256_1x4x1_16x16x128_intrawave_0x1x0_3,697.7693399999999,696.67976,698.1989599999999,3
14336,2048,7168,cktile_14_split0,cktile,14,0,a8w8_blockscale_cktile_16x128x256_1x4x1_16x16x128_intrawave_0x1x0_4,1271.9337499999992,1270.4226097560988,1271.9901818181822,3
14336,2048,7168,cktile_15_split0,cktile,15,0,a8w8_blockscale_cktile_16x128x256_1x4x1_16x16x64_intrawave_0x1x0_3,662.9101086956522,659.9929361702126,663.4326938775507,3
14336,2048,7168,cktile_16_split0,cktile,16,0,a8w8_blockscale_cktile_16x128x256_1x4x1_16x16x64_intrawave_0x1x0_4,683.6646046511628,682.04219047619,684.5975319148938,3
14336,2048,7168,cktile_17_split0,cktile,17,0,a8w8_blockscale_cktile_32x128x128_1x4x1_16x16x128_intrawave_0x1x0_3,499.9864565217391,497.51773913043485,501.0561224489798,3
14336,2048,7168,cktile_18_split0,cktile,18,0,a8w8_blockscale_cktile_32x128x128_1x4x1_16x16x128_intrawave_0x1x0_4,498.7046200000004,497.9899387755102,500.72385714285707,3
14336,2048,7168,cktile_19_split0,cktile,19,0,a8w8_blockscale_cktile_32x128x128_1x4x1_16x16x64_intrawave_0x1x0_3,501.59186,500.8169183673468,502.81107999999995,3
14336,2048,7168,cktile_20_split0,cktile,20,0,a8w8_blockscale_cktile_32x128x128_1x4x1_16x16x64_intrawave_0x1x0_4,500.7961914893616,497.9229555555553,501.48705999999993,3
14336,2048,7168,cktile_21_split0,cktile,21,0,a8w8_blockscale_cktile_128x128x128_1x4x1_16x16x128_intrawave_0x1x0_2,436.3472708333336,436.2765714285716,439.61064583333336,3
14336,2048,7168,cktile_22_split0,cktile,22,0,a8w8_blockscale_cktile_128x128x128_1x4x1_16x16x128_intrawave_0x1x0_3,1450.025380000001,1450.0041041666673,1451.2365400000003,3
14336,2048,7168,cktile_23_split0,cktile,23,0,a8w8_blockscale_cktile_128x128x128_1x4x1_16x16x128_intrawave_0x1x0_4,2092.2088181818176,2091.676395348838,2092.427449999999,3
14336,2048,7168,cktile_24_split0,cktile,24,0,a8w8_blockscale_cktile_128x128x128_2x2x1_16x16x128_intrawave_0x1x0_1,414.93086000000005,414.0132400000002,417.8828775510204,3
14336,2048,7168,cktile_25_split0,cktile,25,0,a8w8_blockscale_cktile_128x128x128_2x2x1_16x16x128_intrawave_0x1x0_3,1467.7775918367347,1466.4615227272727,1469.774387755101,3
14336,2048,7168,cktile_26_split0,cktile,26,0,a8w8_blockscale_cktile_128x128x128_2x2x1_16x16x128_intrawave_0x1x0_4,3109.978355555556,3109.815711111111,3110.067155555554,3
14336,2048,7168,cktile_27_split0,cktile,27,0,a8w8_blockscale_cktile_192x256x128_4x2x1_16x16x128_intrawave_0x1x0_2,252.14994000000007,251.14369565217393,252.76435999999998,3
14336,2048,7168,cktile_28_split0,cktile,28,0,a8w8_blockscale_cktile_192x256x128_4x2x1_16x16x128_intrawave_0x1x0_3,251.74433999999994,250.83295918367344,252.03236,3
14336,2048,7168,cktile_29_split0,cktile,29,0,a8w8_blockscale_cktile_192x256x128_4x2x1_16x16x128_intrawave_0x1x0_4,251.8694583333333,251.41553999999996,251.94153191489363,3
14336,2048,7168,cktile_30_split0,cktile,30,0,a8w8_blockscale_cktile_192x256x128_4x2x1_16x16x128_intrawave_0x1x0_2_aqrm,313.575023809524,312.00178260869563,313.5759791666667,3
14336,2048,7168,cktile_31_split0,cktile,31,0,a8w8_blockscale_cktile_192x256x128_4x2x1_16x16x128_intrawave_0x1x0_3_aqrm,314.3104285714285,313.7102222222222,314.9316530612244,3
14336,2048,7168,cktile_32_split0,cktile,32,0,a8w8_blockscale_cktile_192x256x128_4x2x1_16x16x128_intrawave_0x1x0_4_aqrm,314.4693555555556,313.7513695652175,314.51244680851056,3
14336,2048,7168,opus_9000,opus,9000,0,opus_gemm_gfx950_a8w8_mxscale_gemm_bpreshuffle_256x256x256x128_2x2_16x16x128_1x128x128_tiles1_nooob,194.54330612244897,194.04286,194.60048000000003,3
14336,2048,7168,opus_9010,opus,9010,0,opus_gemm_gfx950_a8w8_mxscale_gemm_bpreshuffle_256x128x128x128_2x2_16x16x128_1x128x128_tiles1_nooob,280.81348,280.2598800000001,280.81588000000016,3
14336,2048,7168,opus_9011,opus,9011,0,opus_gemm_gfx950_a8w8_mxscale_gemm_bpreshuffle_256x64x128x128_2x2_16x16x128_1x128x128_tiles1_nooob,296.81687999999997,295.64162500000003,296.9568799999999,3
14336,2048,7168,opus_9012,opus,9012,0,opus_gemm_gfx950_a8w8_mxscale_gemm_bpreshuffle_256x64x64x128_2x2_16x16x128_1x128x128_tiles1_nooob,374.7921800000002,374.3042083333333,375.5378,3
14336,2048,7168,opus_9020,opus,9020,0,opus_gemm_gfx950_a8w8_mxscale_gemm_bpreshuffle_256x256x256x128_2x2_16x16x128_1x128x128_tiles1,198.00292000000007,197.9869199999999,198.06691999999995,3
1600,6144,7168,ck_0_split0,ck,0,0,a8w8_blockscale_bpreshuffle_1x128x128_256x128x128x128_16x16_16x16_8x32x1_8x32x1_1x32x1x8_8_2x1_intrawave_v3,142.0214599999999,139.01022000000003,142.02306,3
1600,6144,7168,ck_1_split0,ck,1,0,a8w8_blockscale_bpreshuffle_1x128x128_256x64x128x128_16x16_16x16_8x32x1_8x32x1_1x32x1x8_8_2x1_intrawave_v3,121.92762,121.68522000000003,122.54681999999998,3
1600,6144,7168,ck_2_split0,ck,2,0,a8w8_blockscale_bpreshuffle_1x128x128_256x64x64x128_16x16_16x16_8x32x1_8x32x1_1x32x1x8_8_2x1_intrawave_v3,151.77998000000002,150.77274,153.77917999999997,3
1600,6144,7168,ck_3_split0,ck,3,0,a8w8_blockscale_bpreshuffle_1x128x128_256x16x256x128_8x16_16x16_16x16x1_8x32x1_1x16x1x16_8_1x2_intrawave_v1,243.73304000000005,243.66548979591826,243.97328571428574,3
1600,6144,7168,ck_4_split0,ck,4,0,a8w8_blockscale_bpreshuffle_1x128x128_256x16x128x128_8x16_16x16_16x16x1_8x32x1_1x16x1x16_8_1x2_intrawave_v1,251.86674,250.70272000000008,252.49474,3
1600,6144,7168,ck_5_split0,ck,5,0,a8w8_blockscale_bpreshuffle_1x128x128_256x16x64x128_8x16_16x16_16x16x1_8x32x1_1x16x1x16_4_1x1_intrawave_v1,283.07829999999996,282.41251063829793,283.1495,3
1600,6144,7168,ck_6_split0,ck,6,0,a8w8_blockscale_bpreshuffle_1x128x128_256x16x128x256_16x16_16x16_16x16x1_16x16x1_1x16x1x16_8_1x2_intrawave_v1,239.24977999999987,237.67856,239.27116326530603,3
1600,6144,7168,ck_7_split0,ck,7,0,a8w8_blockscale_bpreshuffle_1x128x128_256x16x64x256_16x16_16x16_16x16x1_16x16x1_1x16x1x16_4_1x1_intrawave_v1,271.98538,269.5805399999999,272.39338,3
1600,6144,7168,ck_8_split0,ck,8,0,a8w8_blockscale_bpreshuffle_1x128x128_256x32x256x128_16x16_16x16_8x32x1_8x32x1_1x32x1x8_8_2x1_intrawave_v1,152.90162499999997,152.28077083333335,155.66720000000004,3
1600,6144,7168,ck_9_split0,ck,9,0,a8w8_blockscale_bpreshuffle_1x128x128_256x32x128x128_16x16_16x16_8x32x1_8x32x1_1x32x1x8_8_2x1_intrawave_v1,157.58563999999996,156.2416199999999,159.76726000000002,3
1600,6144,7168,ck_10_split0,ck,10,0,a8w8_blockscale_bpreshuffle_1x128x128_256x32x64x128_16x16_16x16_8x32x1_8x32x1_1x32x1x8_8_2x1_intrawave_v1,185.38515999999998,184.3149111111112,187.17958,3
1600,6144,7168,ck_11_split0,ck,11,0,a8w8_blockscale_bpreshuffle_1x128x128_256x32x128x256_16x16_16x16_16x16x1_16x16x1_1x32x1x8_8_2x1_intrawave_v1,159.30245999999997,158.82404,161.03686000000005,3
1600,6144,7168,ck_12_split0,ck,12,0,a8w8_blockscale_bpreshuffle_1x128x128_256x32x64x256_16x16_16x16_16x16x1_16x16x1_1x32x1x8_8_2x1_intrawave_v1,188.06359999999992,186.68038,189.29160000000005,3
1600,6144,7168,ck_13_split0,ck,13,0,a8w8_blockscale_bpreshuffle_1x128x128_256x64x256x128_16x16_16x16_8x32x1_8x32x1_1x32x1x8_8_2x1_intrawave_v1,127.08048000000001,126.70687999999997,128.48530000000005,3
1600,6144,7168,ck_14_split0,ck,14,0,a8w8_blockscale_bpreshuffle_1x128x128_256x64x128x128_16x16_16x16_8x32x1_8x32x1_1x32x1x8_8_2x1_intrawave_v1,121.08040000000003,120.83161999999999,121.73802000000006,3
1600,6144,7168,ck_15_split0,ck,15,0,a8w8_blockscale_bpreshuffle_1x128x128_256x64x64x128_16x16_16x16_8x32x1_8x32x1_1x32x1x8_8_2x1_intrawave_v1,150.5407600000001,145.87830000000005,151.37995999999995,3
1600,6144,7168,ck_16_split0,ck,16,0,a8w8_blockscale_bpreshuffle_1x128x128_256x64x128x256_16x16_16x16_16x16x1_16x16x1_1x32x1x8_8_2x1_intrawave_v1,130.82052,130.26691999999994,132.25253999999998,3
1600,6144,7168,ck_17_split0,ck,17,0,a8w8_blockscale_bpreshuffle_1x128x128_256x64x64x256_16x16_16x16_16x16x1_16x16x1_1x32x1x8_8_2x1_intrawave_v1,163.88412000000005,162.7960999999999,164.27292000000006,3
1600,6144,7168,cktile_0_split0,cktile,0,0,a8w8_blockscale_cktile_16x128x256_1x4x1_16x16x128_intrawave_0x1x0_1,248.55530000000007,248.0744800000001,248.93254166666665,3
1600,6144,7168,cktile_1_split0,cktile,1,0,a8w8_blockscale_cktile_16x128x256_1x4x1_16x16x128_intrawave_0x1x0_2,249.6913199999999,247.275163265306,249.79129999999995,3
1600,6144,7168,cktile_2_split0,cktile,2,0,a8w8_blockscale_cktile_16x128x256_1x4x1_16x16x64_intrawave_0x1x0_1,250.4009166666668,250.23132,252.74494000000007,3
1600,6144,7168,cktile_3_split0,cktile,3,0,a8w8_blockscale_cktile_16x128x256_1x4x1_16x16x64_intrawave_0x1x0_2,248.95289999999994,248.08250000000007,249.26970000000006,3
1600,6144,7168,cktile_4_split0,cktile,4,0,a8w8_blockscale_cktile_32x128x128_1x4x1_16x16x128_intrawave_0x1x0_1,187.23217999999994,185.68655999999996,187.26818000000003,3
1600,6144,7168,cktile_5_split0,cktile,5,0,a8w8_blockscale_cktile_32x128x128_1x4x1_16x16x128_intrawave_0x1x0_2,186.12178,185.92095999999998,187.22179999999997,3
1600,6144,7168,cktile_6_split0,cktile,6,0,a8w8_blockscale_cktile_32x128x128_1x4x1_16x16x64_intrawave_0x1x0_1,191.10344000000003,190.30662000000012,193.96986000000004,3
1600,6144,7168,cktile_7_split0,cktile,7,0,a8w8_blockscale_cktile_32x128x128_1x4x1_16x16x64_intrawave_0x1x0_2,190.64262,190.35541999999998,191.56664,3
1600,6144,7168,cktile_8_split0,cktile,8,0,a8w8_blockscale_cktile_128x128x128_1x4x1_16x16x128_intrawave_0x1x0_1,202.003744680851,201.72291489361712,202.05568085106376,3
1600,6144,7168,cktile_9_split0,cktile,9,0,a8w8_blockscale_cktile_128x128x128_1x4x1_16x16x128_intrawave_0x1x0_1,202.5007872340425,202.14757446808522,202.9254680851063,3
1600,6144,7168,cktile_10_split0,cktile,10,0,a8w8_blockscale_cktile_128x128x128_2x2x1_16x16x128_intrawave_0x1x0_2,197.83091489361698,197.55774468085102,198.28864583333336,3
1600,6144,7168,cktile_11_split0,cktile,11,0,a8w8_blockscale_cktile_192x256x128_4x2x1_16x16x128_intrawave_0x1x0_1,86.41679999999998,86.30480000000003,86.51119999999997,3
1600,6144,7168,cktile_12_split0,cktile,12,0,a8w8_blockscale_cktile_192x256x128_4x2x1_16x16x128_intrawave_0x1x0_1_aqrm,107.63464,107.56903999999999,107.73527083333327,3
1600,6144,7168,cktile_13_split0,cktile,13,0,a8w8_blockscale_cktile_16x128x256_1x4x1_16x16x128_intrawave_0x1x0_3,250.53929999999988,250.0801199999999,251.3784374999999,3
1600,6144,7168,cktile_14_split0,cktile,14,0,a8w8_blockscale_cktile_16x128x256_1x4x1_16x16x128_intrawave_0x1x0_4,459.0824893617021,456.12495918367347,459.2833469387756,3
1600,6144,7168,cktile_15_split0,cktile,15,0,a8w8_blockscale_cktile_16x128x256_1x4x1_16x16x64_intrawave_0x1x0_3,249.17289999999997,248.84839583333329,249.5821914893617,3
1600,6144,7168,cktile_16_split0,cktile,16,0,a8w8_blockscale_cktile_16x128x256_1x4x1_16x16x64_intrawave_0x1x0_4,262.93226000000004,262.87386,263.4018958333333,3
1600,6144,7168,cktile_17_split0,cktile,17,0,a8w8_blockscale_cktile_32x128x128_1x4x1_16x16x128_intrawave_0x1x0_3,186.54816000000002,186.05617999999998,186.88097999999994,3
1600,6144,7168,cktile_18_split0,cktile,18,0,a8w8_blockscale_cktile_32x128x128_1x4x1_16x16x128_intrawave_0x1x0_4,186.43615999999997,186.25056,187.21139999999997,3
1600,6144,7168,cktile_19_split0,cktile,19,0,a8w8_blockscale_cktile_32x128x128_1x4x1_16x16x64_intrawave_0x1x0_3,190.94102000000018,190.23542000000006,193.23944,3
1600,6144,7168,cktile_20_split0,cktile,20,0,a8w8_blockscale_cktile_32x128x128_1x4x1_16x16x64_intrawave_0x1x0_4,191.76664000000005,189.69382000000016,192.56344000000007,3
1600,6144,7168,cktile_21_split0,cktile,21,0,a8w8_blockscale_cktile_128x128x128_1x4x1_16x16x128_intrawave_0x1x0_2,202.36761363636353,201.45076086956524,202.5322553191489,3
1600,6144,7168,cktile_22_split0,cktile,22,0,a8w8_blockscale_cktile_128x128x128_1x4x1_16x16x128_intrawave_0x1x0_3,520.7515833333333,520.0492826086955,520.7605869565217,3
1600,6144,7168,cktile_23_split0,cktile,23,0,a8w8_blockscale_cktile_128x128x128_1x4x1_16x16x128_intrawave_0x1x0_4,878.522395833333,878.4065531914898,878.9157291666667,3
1600,6144,7168,cktile_24_split0,cktile,24,0,a8w8_blockscale_cktile_128x128x128_2x2x1_16x16x128_intrawave_0x1x0_1,198.37989361702134,198.33561702127665,198.9107608695651,3
1600,6144,7168,cktile_25_split0,cktile,25,0,a8w8_blockscale_cktile_128x128x128_2x2x1_16x16x128_intrawave_0x1x0_3,543.5319787234043,542.1947619047619,545.1541276595743,3
1600,6144,7168,cktile_26_split0,cktile,26,0,a8w8_blockscale_cktile_128x128x128_2x2x1_16x16x128_intrawave_0x1x0_4,1269.5977499999992,1269.2408936170218,1269.948625000001,3
1600,6144,7168,cktile_27_split0,cktile,27,0,a8w8_blockscale_cktile_192x256x128_4x2x1_16x16x128_intrawave_0x1x0_2,86.82321999999998,86.75522,87.10400000000001,3
1600,6144,7168,cktile_28_split0,cktile,28,0,a8w8_blockscale_cktile_192x256x128_4x2x1_16x16x128_intrawave_0x1x0_3,86.38800000000003,85.77199999999998,86.52402000000004,3
1600,6144,7168,cktile_29_split0,cktile,29,0,a8w8_blockscale_cktile_192x256x128_4x2x1_16x16x128_intrawave_0x1x0_4,86.80160000000002,86.05040000000002,87.39281999999996,3
1600,6144,7168,cktile_30_split0,cktile,30,0,a8w8_blockscale_cktile_192x256x128_4x2x1_16x16x128_intrawave_0x1x0_2_aqrm,107.92586000000004,107.88105999999998,110.3775454545455,3
1600,6144,7168,cktile_31_split0,cktile,31,0,a8w8_blockscale_cktile_192x256x128_4x2x1_16x16x128_intrawave_0x1x0_3_aqrm,107.69866,107.60346000000006,108.44985999999993,3
1600,6144,7168,cktile_32_split0,cktile,32,0,a8w8_blockscale_cktile_192x256x128_4x2x1_16x16x128_intrawave_0x1x0_4_aqrm,107.86104000000005,107.32666,108.30666000000008,3
1600,6144,7168,opus_9011,opus,9011,0,opus_gemm_gfx950_a8w8_mxscale_gemm_bpreshuffle_256x64x128x128_2x2_16x16x128_1x128x128_tiles1_nooob,112.17310000000006,110.65549999999998,112.51391999999996,3
1600,6144,7168,opus_9012,opus,9012,0,opus_gemm_gfx950_a8w8_mxscale_gemm_bpreshuffle_256x64x64x128_2x2_16x16x128_1x128x128_tiles1_nooob,140.29510638297873,138.77342,141.63111904761908,3
1600,6144,7168,opus_9020,opus,9020,0,opus_gemm_gfx950_a8w8_mxscale_gemm_bpreshuffle_256x256x256x128_2x2_16x16x128_1x128x128_tiles1,93.53008333333332,93.09880851063828,94.09093750000005,3
12288,6144,7168,ck_0_split0,ck,0,0,a8w8_blockscale_bpreshuffle_1x128x128_256x128x128x128_16x16_16x16_8x32x1_8x32x1_1x32x1x8_8_2x1_intrawave_v3,704.8911799999997,703.7999600000003,707.5538750000001,3
12288,6144,7168,ck_1_split0,ck,1,0,a8w8_blockscale_bpreshuffle_1x128x128_256x64x128x128_16x16_16x16_8x32x1_8x32x1_1x32x1x8_8_2x1_intrawave_v3,772.9343600000002,770.1167399999999,773.5639799999999,3
12288,6144,7168,ck_2_split0,ck,2,0,a8w8_blockscale_bpreshuffle_1x128x128_256x64x64x128_16x16_16x16_8x32x1_8x32x1_1x32x1x8_8_2x1_intrawave_v3,1014.0939799999999,1011.2579199999996,1015.2667800000003,3
12288,6144,7168,ck_3_split0,ck,3,0,a8w8_blockscale_bpreshuffle_1x128x128_256x16x256x128_8x16_16x16_16x16x1_8x32x1_1x16x1x16_8_1x2_intrawave_v1,1649.4207608695658,1630.620577777777,1690.6627142857142,3
12288,6144,7168,ck_4_split0,ck,4,0,a8w8_blockscale_bpreshuffle_1x128x128_256x16x128x128_8x16_16x16_16x16x1_8x32x1_1x16x1x16_8_1x2_intrawave_v1,1736.5391860465122,1726.0353636363625,1741.5220714285704,3
12288,6144,7168,ck_5_split0,ck,5,0,a8w8_blockscale_bpreshuffle_1x128x128_256x16x64x128_8x16_16x16_16x16x1_8x32x1_1x16x1x16_4_1x1_intrawave_v1,1967.8959999999995,1962.3568124999995,1994.324519999999,3
12288,6144,7168,ck_6_split0,ck,6,0,a8w8_blockscale_bpreshuffle_1x128x128_256x16x128x256_16x16_16x16_16x16x1_16x16x1_1x16x1x16_8_1x2_intrawave_v1,1682.9140204081634,1673.112688888889,1683.391227272727,3
12288,6144,7168,ck_7_split0,ck,7,0,a8w8_blockscale_bpreshuffle_1x128x128_256x16x64x256_16x16_16x16_16x16x1_16x16x1_1x16x1x16_4_1x1_intrawave_v1,1912.95482,1912.8492000000008,1925.4693400000003,3
12288,6144,7168,ck_8_split0,ck,8,0,a8w8_blockscale_bpreshuffle_1x128x128_256x32x256x128_16x16_16x16_8x32x1_8x32x1_1x32x1x8_8_2x1_intrawave_v1,929.7289333333331,928.9764523809523,931.0153953488363,3
12288,6144,7168,ck_9_split0,ck,9,0,a8w8_blockscale_bpreshuffle_1x128x128_256x32x128x128_16x16_16x16_8x32x1_8x32x1_1x32x1x8_8_2x1_intrawave_v1,1027.6313777777777,1027.273279069767,1031.8937857142857,3
12288,6144,7168,ck_10_split0,ck,10,0,a8w8_blockscale_bpreshuffle_1x128x128_256x32x64x128_16x16_16x16_8x32x1_8x32x1_1x32x1x8_8_2x1_intrawave_v1,1256.8596739130437,1255.7968372093028,1260.0962666666671,3
12288,6144,7168,ck_11_split0,ck,11,0,a8w8_blockscale_bpreshuffle_1x128x128_256x32x128x256_16x16_16x16_16x16x1_16x16x1_1x32x1x8_8_2x1_intrawave_v1,1032.990130434782,1032.5827954545457,1034.1184999999996,3
12288,6144,7168,ck_12_split0,ck,12,0,a8w8_blockscale_bpreshuffle_1x128x128_256x32x64x256_16x16_16x16_16x16x1_16x16x1_1x32x1x8_8_2x1_intrawave_v1,1267.8597021276591,1266.4883555555564,1269.001266666666,3
12288,6144,7168,ck_13_split0,ck,13,0,a8w8_blockscale_bpreshuffle_1x128x128_256x64x256x128_16x16_16x16_8x32x1_8x32x1_1x32x1x8_8_2x1_intrawave_v1,703.6316734693876,702.4005000000003,703.6406122448979,3
12288,6144,7168,ck_14_split0,ck,14,0,a8w8_blockscale_bpreshuffle_1x128x128_256x64x128x128_16x16_16x16_8x32x1_8x32x1_1x32x1x8_8_2x1_intrawave_v1,764.1638800000002,763.1446800000001,767.4543200000002,3
12288,6144,7168,ck_15_split0,ck,15,0,a8w8_blockscale_bpreshuffle_1x128x128_256x64x64x128_16x16_16x16_8x32x1_8x32x1_1x32x1x8_8_2x1_intrawave_v1,996.4153999999997,992.9832999999999,998.5897600000001,3
12288,6144,7168,ck_16_split0,ck,16,0,a8w8_blockscale_bpreshuffle_1x128x128_256x64x128x256_16x16_16x16_16x16x1_16x16x1_1x32x1x8_8_2x1_intrawave_v1,830.8911489361705,830.8598600000008,832.3711020408165,3
12288,6144,7168,ck_17_split0,ck,17,0,a8w8_blockscale_bpreshuffle_1x128x128_256x64x64x256_16x16_16x16_16x16x1_16x16x1_1x32x1x8_8_2x1_intrawave_v1,1079.3821777777773,1079.039574468085,1080.604979591836,3
12288,6144,7168,cktile_0_split0,cktile,0,0,a8w8_blockscale_cktile_16x128x256_1x4x1_16x16x128_intrawave_0x1x0_1,1731.2026122448985,1731.143170212766,1733.6180869565223,3
12288,6144,7168,cktile_1_split0,cktile,1,0,a8w8_blockscale_cktile_16x128x256_1x4x1_16x16x128_intrawave_0x1x0_2,1732.26692,1730.3127551020411,1734.374836734693,3
12288,6144,7168,cktile_2_split0,cktile,2,0,a8w8_blockscale_cktile_16x128x256_1x4x1_16x16x64_intrawave_0x1x0_1,1732.5980799999995,1730.0772600000005,1732.6021199999993,3
12288,6144,7168,cktile_3_split0,cktile,3,0,a8w8_blockscale_cktile_16x128x256_1x4x1_16x16x64_intrawave_0x1x0_2,1701.0833400000004,1700.4585306122444,1707.2894651162794,3
12288,6144,7168,cktile_4_split0,cktile,4,0,a8w8_blockscale_cktile_32x128x128_1x4x1_16x16x128_intrawave_0x1x0_1,1226.9946199999988,1221.515061224489,1228.2482799999996,3
12288,6144,7168,cktile_5_split0,cktile,5,0,a8w8_blockscale_cktile_32x128x128_1x4x1_16x16x128_intrawave_0x1x0_2,1226.7346200000002,1226.6742857142858,1228.7069591836726,3
12288,6144,7168,cktile_6_split0,cktile,6,0,a8w8_blockscale_cktile_32x128x128_1x4x1_16x16x64_intrawave_0x1x0_1,1244.6115454545456,1244.5857777777774,1246.8013829787224,3
12288,6144,7168,cktile_7_split0,cktile,7,0,a8w8_blockscale_cktile_32x128x128_1x4x1_16x16x64_intrawave_0x1x0_2,1221.615617021276,1220.1072444444444,1222.1773913043464,3
12288,6144,7168,cktile_8_split0,cktile,8,0,a8w8_blockscale_cktile_128x128x128_1x4x1_16x16x128_intrawave_0x1x0_1,975.4852244897959,975.3620999999996,981.3478000000005,3
12288,6144,7168,cktile_9_split0,cktile,9,0,a8w8_blockscale_cktile_128x128x128_1x4x1_16x16x128_intrawave_0x1x0_1,981.0013599999995,976.45976,982.5558000000003,3
12288,6144,7168,cktile_10_split0,cktile,10,0,a8w8_blockscale_cktile_128x128x128_2x2x1_16x16x128_intrawave_0x1x0_2,965.7225416666671,961.7451599999996,966.3871836734692,3
12288,6144,7168,cktile_11_split0,cktile,11,0,a8w8_blockscale_cktile_192x256x128_4x2x1_16x16x128_intrawave_0x1x0_1,526.70032,525.4650869565216,527.0834693877553,3
12288,6144,7168,cktile_12_split0,cktile,12,0,a8w8_blockscale_cktile_192x256x128_4x2x1_16x16x128_intrawave_0x1x0_1_aqrm,631.5503555555556,629.7737441860467,632.0999199999999,3
12288,6144,7168,cktile_13_split0,cktile,13,0,a8w8_blockscale_cktile_16x128x256_1x4x1_16x16x128_intrawave_0x1x0_3,1738.6062000000002,1737.13972,1742.0645999999992,3
12288,6144,7168,cktile_14_split0,cktile,14,0,a8w8_blockscale_cktile_16x128x256_1x4x1_16x16x128_intrawave_0x1x0_4,3226.2005000000026,3225.765431818181,3228.495836734694,3
12288,6144,7168,cktile_15_split0,cktile,15,0,a8w8_blockscale_cktile_16x128x256_1x4x1_16x16x64_intrawave_0x1x0_3,1706.1726410256408,1705.5368888888895,1706.539479166666,3
12288,6144,7168,cktile_16_split0,cktile,16,0,a8w8_blockscale_cktile_16x128x256_1x4x1_16x16x64_intrawave_0x1x0_4,1793.521220000001,1791.3323799999991,1801.71728,3
12288,6144,7168,cktile_17_split0,cktile,17,0,a8w8_blockscale_cktile_32x128x128_1x4x1_16x16x128_intrawave_0x1x0_3,1226.0170199999998,1224.9297755102039,1229.0922708333342,3
12288,6144,7168,cktile_18_split0,cktile,18,0,a8w8_blockscale_cktile_32x128x128_1x4x1_16x16x128_intrawave_0x1x0_4,1223.9663750000002,1222.53536,1225.5761999999997,3
12288,6144,7168,cktile_19_split0,cktile,19,0,a8w8_blockscale_cktile_32x128x128_1x4x1_16x16x64_intrawave_0x1x0_3,1223.2292127659573,1221.992627906977,1224.1355416666672,3
12288,6144,7168,cktile_20_split0,cktile,20,0,a8w8_blockscale_cktile_32x128x128_1x4x1_16x16x64_intrawave_0x1x0_4,1223.448545454545,1221.9994545454547,1223.561106382978,3
12288,6144,7168,cktile_21_split0,cktile,21,0,a8w8_blockscale_cktile_128x128x128_1x4x1_16x16x128_intrawave_0x1x0_2,978.6269400000006,973.9140999999995,982.7398000000007,3
12288,6144,7168,cktile_22_split0,cktile,22,0,a8w8_blockscale_cktile_128x128x128_1x4x1_16x16x128_intrawave_0x1x0_3,3202.5983800000017,3201.7484999999992,3207.258380000004,3
12288,6144,7168,cktile_23_split0,cktile,23,0,a8w8_blockscale_cktile_128x128x128_1x4x1_16x16x128_intrawave_0x1x0_4,5037.805325581397,5036.911765957451,5038.083638297874,3
12288,6144,7168,cktile_24_split0,cktile,24,0,a8w8_blockscale_cktile_128x128x128_2x2x1_16x16x128_intrawave_0x1x0_1,964.7616874999995,959.4532244897965,966.5364200000002,3
12288,6144,7168,cktile_25_split0,cktile,25,0,a8w8_blockscale_cktile_128x128x128_2x2x1_16x16x128_intrawave_0x1x0_3,3358.8011666666666,3358.218204081634,3359.241739999998,3
12288,6144,7168,cktile_26_split0,cktile,26,0,a8w8_blockscale_cktile_128x128x128_2x2x1_16x16x128_intrawave_0x1x0_4,7449.455425531915,7448.565297872335,7449.588340425535,3
12288,6144,7168,cktile_27_split0,cktile,27,0,a8w8_blockscale_cktile_192x256x128_4x2x1_16x16x128_intrawave_0x1x0_2,527.02432,526.0781521739133,527.3686666666669,3
12288,6144,7168,cktile_28_split0,cktile,28,0,a8w8_blockscale_cktile_192x256x128_4x2x1_16x16x128_intrawave_0x1x0_3,527.5920612244897,526.7841000000001,527.6407333333334,3
12288,6144,7168,cktile_29_split0,cktile,29,0,a8w8_blockscale_cktile_192x256x128_4x2x1_16x16x128_intrawave_0x1x0_4,526.5858999999998,526.0810408163267,527.9746666666666,3
12288,6144,7168,cktile_30_split0,cktile,30,0,a8w8_blockscale_cktile_192x256x128_4x2x1_16x16x128_intrawave_0x1x0_2_aqrm,632.6512244897958,631.8654347826088,633.6985918367346,3
12288,6144,7168,cktile_31_split0,cktile,31,0,a8w8_blockscale_cktile_192x256x128_4x2x1_16x16x128_intrawave_0x1x0_3_aqrm,630.9017500000001,629.77847826087,632.0045555555557,3
12288,6144,7168,cktile_32_split0,cktile,32,0,a8w8_blockscale_cktile_192x256x128_4x2x1_16x16x128_intrawave_0x1x0_4_aqrm,632.1410204081631,630.1769999999998,633.3328979591838,3
12288,6144,7168,opus_9000,opus,9000,0,opus_gemm_gfx950_a8w8_mxscale_gemm_bpreshuffle_256x256x256x128_2x2_16x16x128_1x128x128_tiles1_nooob,461.9602857142859,461.89074,464.2109183673471,3
12288,6144,7168,opus_9010,opus,9010,0,opus_gemm_gfx950_a8w8_mxscale_gemm_bpreshuffle_256x128x128x128_2x2_16x16x128_1x128x128_tiles1_nooob,685.02774,683.4322448979593,685.7589600000002,3
12288,6144,7168,opus_9011,opus,9011,0,opus_gemm_gfx950_a8w8_mxscale_gemm_bpreshuffle_256x64x128x128_2x2_16x16x128_1x128x128_tiles1_nooob,712.7706250000001,711.5448799999996,714.3624999999998,3
12288,6144,7168,opus_9012,opus,9012,0,opus_gemm_gfx950_a8w8_mxscale_gemm_bpreshuffle_256x64x64x128_2x2_16x16x128_1x128x128_tiles1_nooob,932.2001999999999,926.7884893617022,932.3802199999996,3
12288,6144,7168,opus_9020,opus,9020,0,opus_gemm_gfx950_a8w8_mxscale_gemm_bpreshuffle_256x256x256x128_2x2_16x16x128_1x128x128_tiles1,474.7524999999998,474.5548999999999,474.78132000000005,3
1088,7168,384,ck_0_split0,ck,0,0,a8w8_blockscale_bpreshuffle_1x128x128_256x128x128x128_16x16_16x16_8x32x1_8x32x1_1x32x1x8_8_2x1_intrawave_v3,14.699180000000004,14.645000000000001,14.708333333333334,3
1088,7168,384,ck_1_split0,ck,1,0,a8w8_blockscale_bpreshuffle_1x128x128_256x64x128x128_16x16_16x16_8x32x1_8x32x1_1x32x1x8_8_2x1_intrawave_v3,13.422000000000002,13.381840909090908,13.45196,3
1088,7168,384,ck_2_split0,ck,2,0,a8w8_blockscale_bpreshuffle_1x128x128_256x64x64x128_16x16_16x16_8x32x1_8x32x1_1x32x1x8_8_2x1_intrawave_v3,14.455177777777779,14.418755102040816,14.47333333333333,3
1088,7168,384,ck_3_split0,ck,3,0,a8w8_blockscale_bpreshuffle_1x128x128_256x16x256x128_8x16_16x16_16x16x1_8x32x1_1x16x1x16_8_1x2_intrawave_v1,15.1489574468085,15.128354166666668,15.171387755102053,3
1088,7168,384,ck_4_split0,ck,4,0,a8w8_blockscale_bpreshuffle_1x128x128_256x16x128x128_8x16_16x16_16x16x1_8x32x1_1x16x1x16_8_1x2_intrawave_v1,15.038319148936177,15.00747916666667,15.064489795918364,3
1088,7168,384,ck_5_split0,ck,5,0,a8w8_blockscale_bpreshuffle_1x128x128_256x16x64x128_8x16_16x16_16x16x1_8x32x1_1x16x1x16_4_1x1_intrawave_v1,17.390020833333335,17.36573469387755,17.411106382978723,3
1088,7168,384,ck_8_split0,ck,8,0,a8w8_blockscale_bpreshuffle_1x128x128_256x32x256x128_16x16_16x16_8x32x1_8x32x1_1x32x1x8_8_2x1_intrawave_v1,13.420954545454544,13.420387755102047,13.446978260869566,3
1088,7168,384,ck_9_split0,ck,9,0,a8w8_blockscale_bpreshuffle_1x128x128_256x32x128x128_16x16_16x16_8x32x1_8x32x1_1x32x1x8_8_2x1_intrawave_v1,13.052195652173912,13.025553191489362,13.0633125,3
1088,7168,384,ck_10_split0,ck,10,0,a8w8_blockscale_bpreshuffle_1x128x128_256x32x64x128_16x16_16x16_8x32x1_8x32x1_1x32x1x8_8_2x1_intrawave_v1,13.426897959183671,13.422127659574477,13.47116,3
1088,7168,384,ck_13_split0,ck,13,0,a8w8_blockscale_bpreshuffle_1x128x128_256x64x256x128_16x16_16x16_8x32x1_8x32x1_1x32x1x8_8_2x1_intrawave_v1,13.741297872340425,13.731666666666664,13.744166666666672,3
1088,7168,384,ck_14_split0,ck,14,0,a8w8_blockscale_bpreshuffle_1x128x128_256x64x128x128_16x16_16x16_8x32x1_8x32x1_1x32x1x8_8_2x1_intrawave_v1,13.131408163265307,13.131159999999987,13.13826086956522,3
1088,7168,384,ck_15_split0,ck,15,0,a8w8_blockscale_bpreshuffle_1x128x128_256x64x64x128_16x16_16x16_8x32x1_8x32x1_1x32x1x8_8_2x1_intrawave_v1,14.156617021276597,14.148312500000003,14.168959183673463,3
1088,7168,384,cktile_4_split0,cktile,4,0,a8w8_blockscale_cktile_32x128x128_1x4x1_16x16x128_intrawave_0x1x0_1,18.334404761904768,18.292476190476197,18.43922499999999,3
1088,7168,384,cktile_5_split0,cktile,5,0,a8w8_blockscale_cktile_32x128x128_1x4x1_16x16x128_intrawave_0x1x0_2,17.9882,17.89402325581395,18.10275,3
1088,7168,384,cktile_6_split0,cktile,6,0,a8w8_blockscale_cktile_32x128x128_1x4x1_16x16x64_intrawave_0x1x0_1,18.216866666666682,18.13048717948718,18.308690476190474,3
1088,7168,384,cktile_7_split0,cktile,7,0,a8w8_blockscale_cktile_32x128x128_1x4x1_16x16x64_intrawave_0x1x0_2,18.660142857142862,18.60322500000001,18.85361538461539,3
1088,7168,384,cktile_8_split0,cktile,8,0,a8w8_blockscale_cktile_128x128x128_1x4x1_16x16x128_intrawave_0x1x0_1,17.37606382978724,17.270199999999992,17.509224489795926,3
1088,7168,384,cktile_9_split0,cktile,9,0,a8w8_blockscale_cktile_128x128x128_1x4x1_16x16x128_intrawave_0x1x0_1,17.31420000000001,17.251541666666668,17.57953333333334,3
1088,7168,384,cktile_10_split0,cktile,10,0,a8w8_blockscale_cktile_128x128x128_2x2x1_16x16x128_intrawave_0x1x0_2,17.005530612244886,16.96226530612244,17.13740000000001,3
1088,7168,384,cktile_11_split0,cktile,11,0,a8w8_blockscale_cktile_192x256x128_4x2x1_16x16x128_intrawave_0x1x0_1,10.76697826086956,10.758244444444449,10.82579999999999,3
1088,7168,384,cktile_12_split0,cktile,12,0,a8w8_blockscale_cktile_192x256x128_4x2x1_16x16x128_intrawave_0x1x0_1_aqrm,10.849159090909096,10.83735555555556,10.855319148936168,3
1088,7168,384,cktile_17_split0,cktile,17,0,a8w8_blockscale_cktile_32x128x128_1x4x1_16x16x128_intrawave_0x1x0_3,17.85342857142857,17.846785714285726,18.022749999999995,3
1088,7168,384,cktile_18_split0,cktile,18,0,a8w8_blockscale_cktile_32x128x128_1x4x1_16x16x128_intrawave_0x1x0_4,17.84844186046511,17.788444444444444,17.96177777777777,3
1088,7168,384,cktile_19_split0,cktile,19,0,a8w8_blockscale_cktile_32x128x128_1x4x1_16x16x64_intrawave_0x1x0_3,18.69051282051281,18.65438095238095,18.81522500000001,3
1088,7168,384,cktile_20_split0,cktile,20,0,a8w8_blockscale_cktile_32x128x128_1x4x1_16x16x64_intrawave_0x1x0_4,18.62297619047619,18.569200000000002,18.744225000000007,3
1088,7168,384,cktile_21_split0,cktile,21,0,a8w8_blockscale_cktile_128x128x128_1x4x1_16x16x128_intrawave_0x1x0_2,17.321541666666672,17.17320833333334,17.379428571428566,3
1088,7168,384,cktile_22_split0,cktile,22,0,a8w8_blockscale_cktile_128x128x128_1x4x1_16x16x128_intrawave_0x1x0_3,35.644219512195114,35.498434782608705,35.86242222222223,3
1088,7168,384,cktile_23_split0,cktile,23,0,a8w8_blockscale_cktile_128x128x128_1x4x1_16x16x128_intrawave_0x1x0_4,61.10456250000001,60.96565217391304,61.35216326530609,3
1088,7168,384,cktile_24_split0,cktile,24,0,a8w8_blockscale_cktile_128x128x128_2x2x1_16x16x128_intrawave_0x1x0_1,16.979041666666674,16.97534693877551,17.280687500000006,3
1088,7168,384,cktile_25_split0,cktile,25,0,a8w8_blockscale_cktile_128x128x128_2x2x1_16x16x128_intrawave_0x1x0_3,36.972326086956514,36.939813953488354,37.26066666666667,3
1088,7168,384,cktile_26_split0,cktile,26,0,a8w8_blockscale_cktile_128x128x128_2x2x1_16x16x128_intrawave_0x1x0_4,68.50297916666666,68.2605217391304,68.677125,3
1088,7168,384,cktile_27_split0,cktile,27,0,a8w8_blockscale_cktile_192x256x128_4x2x1_16x16x128_intrawave_0x1x0_2,10.736022222222227,10.713043478260868,10.759113636363649,3
1088,7168,384,cktile_28_split0,cktile,28,0,a8w8_blockscale_cktile_192x256x128_4x2x1_16x16x128_intrawave_0x1x0_3,10.793913043478257,10.787191489361705,10.798239130434776,3
1088,7168,384,cktile_29_split0,cktile,29,0,a8w8_blockscale_cktile_192x256x128_4x2x1_16x16x128_intrawave_0x1x0_4,10.702928571428563,10.700560975609756,10.709355555555543,3
1088,7168,384,cktile_30_split0,cktile,30,0,a8w8_blockscale_cktile_192x256x128_4x2x1_16x16x128_intrawave_0x1x0_2_aqrm,10.831111111111111,10.791111111111112,10.847977777777778,3
1088,7168,384,cktile_31_split0,cktile,31,0,a8w8_blockscale_cktile_192x256x128_4x2x1_16x16x128_intrawave_0x1x0_3_aqrm,10.745531914893613,10.739553191489358,10.776022222222226,3
1088,7168,384,cktile_32_split0,cktile,32,0,a8w8_blockscale_cktile_192x256x128_4x2x1_16x16x128_intrawave_0x1x0_4_aqrm,10.769799999999995,10.767690476190483,10.78402222222222,3
1088,7168,384,opus_9011,opus,9011,0,opus_gemm_gfx950_a8w8_mxscale_gemm_bpreshuffle_256x64x128x128_2x2_16x16x128_1x128x128_tiles1_nooob,13.46831249999999,13.009104166666665,13.485539999999999,3
1088,7168,384,opus_9012,opus,9012,0,opus_gemm_gfx950_a8w8_mxscale_gemm_bpreshuffle_256x64x64x128_2x2_16x16x128_1x128x128_tiles1_nooob,17.09223913043479,17.086000000000002,17.148374999999998,3
1088,7168,384,opus_9020,opus,9020,0,opus_gemm_gfx950_a8w8_mxscale_gemm_bpreshuffle_256x256x256x128_2x2_16x16x128_1x128x128_tiles1,12.733836734693877,12.414958333333326,12.956719999999997,3
1856,7168,384,ck_0_split0,ck,0,0,a8w8_blockscale_bpreshuffle_1x128x128_256x128x128x128_16x16_16x16_8x32x1_8x32x1_1x32x1x8_8_2x1_intrawave_v3,22.271595744680848,22.259702127659562,22.28946808510638,3
1856,7168,384,ck_1_split0,ck,1,0,a8w8_blockscale_bpreshuffle_1x128x128_256x64x128x128_16x16_16x16_8x32x1_8x32x1_1x32x1x8_8_2x1_intrawave_v3,19.135760869565214,19.07751063829787,19.136708333333345,3
1856,7168,384,ck_2_split0,ck,2,0,a8w8_blockscale_bpreshuffle_1x128x128_256x64x64x128_16x16_16x16_8x32x1_8x32x1_1x32x1x8_8_2x1_intrawave_v3,20.550265306122444,20.520874999999993,20.59008333333334,3
1856,7168,384,ck_3_split0,ck,3,0,a8w8_blockscale_bpreshuffle_1x128x128_256x16x256x128_8x16_16x16_16x16x1_8x32x1_1x16x1x16_8_1x2_intrawave_v1,22.182886363636364,22.1723043478261,22.240937500000012,3
1856,7168,384,ck_4_split0,ck,4,0,a8w8_blockscale_bpreshuffle_1x128x128_256x16x128x128_8x16_16x16_16x16x1_8x32x1_1x16x1x16_8_1x2_intrawave_v1,22.823775510204086,22.79177083333333,22.90459183673469,3
1856,7168,384,ck_5_split0,ck,5,0,a8w8_blockscale_bpreshuffle_1x128x128_256x16x64x128_8x16_16x16_16x16x1_8x32x1_1x16x1x16_4_1x1_intrawave_v1,27.03931250000001,27.017212765957446,27.081851063829802,3
1856,7168,384,ck_8_split0,ck,8,0,a8w8_blockscale_bpreshuffle_1x128x128_256x32x256x128_16x16_16x16_8x32x1_8x32x1_1x32x1x8_8_2x1_intrawave_v1,19.327541666666665,19.319187499999998,19.338395833333333,3
1856,7168,384,ck_9_split0,ck,9,0,a8w8_blockscale_bpreshuffle_1x128x128_256x32x128x128_16x16_16x16_8x32x1_8x32x1_1x32x1x8_8_2x1_intrawave_v1,18.779229166666664,18.75070212765957,18.78095652173913,3
1856,7168,384,ck_10_split0,ck,10,0,a8w8_blockscale_bpreshuffle_1x128x128_256x32x64x128_16x16_16x16_8x32x1_8x32x1_1x32x1x8_8_2x1_intrawave_v1,19.52528260869565,19.503021276595742,19.549021276595745,3
1856,7168,384,ck_13_split0,ck,13,0,a8w8_blockscale_bpreshuffle_1x128x128_256x64x256x128_16x16_16x16_8x32x1_8x32x1_1x32x1x8_8_2x1_intrawave_v1,21.414333333333335,21.34648936170213,21.43653333333333,3
1856,7168,384,ck_14_split0,ck,14,0,a8w8_blockscale_bpreshuffle_1x128x128_256x64x128x128_16x16_16x16_8x32x1_8x32x1_1x32x1x8_8_2x1_intrawave_v1,18.922818181818187,18.911574468085107,18.94942857142857,3
1856,7168,384,ck_15_split0,ck,15,0,a8w8_blockscale_bpreshuffle_1x128x128_256x64x64x128_16x16_16x16_8x32x1_8x32x1_1x32x1x8_8_2x1_intrawave_v1,20.37625531914893,20.311877551020398,20.389448979591833,3
1856,7168,384,cktile_4_split0,cktile,4,0,a8w8_blockscale_cktile_32x128x128_1x4x1_16x16x128_intrawave_0x1x0_1,26.646880952380975,26.62144444444442,26.73073333333334,3
1856,7168,384,cktile_5_split0,cktile,5,0,a8w8_blockscale_cktile_32x128x128_1x4x1_16x16x128_intrawave_0x1x0_2,24.60399999999999,24.56537777777777,24.817851063829778,3
1856,7168,384,cktile_6_split0,cktile,6,0,a8w8_blockscale_cktile_32x128x128_1x4x1_16x16x64_intrawave_0x1x0_1,25.861324999999987,25.84186666666666,26.120113636363648,3
1856,7168,384,cktile_7_split0,cktile,7,0,a8w8_blockscale_cktile_32x128x128_1x4x1_16x16x64_intrawave_0x1x0_2,26.560111111111116,26.506755555555543,26.699697674418594,3
1856,7168,384,cktile_8_split0,cktile,8,0,a8w8_blockscale_cktile_128x128x128_1x4x1_16x16x128_intrawave_0x1x0_1,26.637468085106384,26.62640425531914,26.749608695652174,3
1856,7168,384,cktile_9_split0,cktile,9,0,a8w8_blockscale_cktile_128x128x128_1x4x1_16x16x128_intrawave_0x1x0_1,26.587255319148923,26.56976190476191,26.828936170212746,3
1856,7168,384,cktile_10_split0,cktile,10,0,a8w8_blockscale_cktile_128x128x128_2x2x1_16x16x128_intrawave_0x1x0_2,26.113312500000003,26.00347826086959,26.207222222222235,3
1856,7168,384,cktile_11_split0,cktile,11,0,a8w8_blockscale_cktile_192x256x128_4x2x1_16x16x128_intrawave_0x1x0_1,19.755959183673472,19.72704347826087,19.801804347826096,3
1856,7168,384,cktile_12_split0,cktile,12,0,a8w8_blockscale_cktile_192x256x128_4x2x1_16x16x128_intrawave_0x1x0_1_aqrm,19.890083333333333,19.888020000000008,19.9158085106383,3
1856,7168,384,cktile_17_split0,cktile,17,0,a8w8_blockscale_cktile_32x128x128_1x4x1_16x16x128_intrawave_0x1x0_3,24.633844444444442,24.551326086956514,24.721625000000007,3
1856,7168,384,cktile_18_split0,cktile,18,0,a8w8_blockscale_cktile_32x128x128_1x4x1_16x16x128_intrawave_0x1x0_4,24.56281818181819,24.533772727272716,24.826711111111127,3
1856,7168,384,cktile_19_split0,cktile,19,0,a8w8_blockscale_cktile_32x128x128_1x4x1_16x16x64_intrawave_0x1x0_3,26.504066666666656,26.458755555555545,26.698777777777778,3
1856,7168,384,cktile_20_split0,cktile,20,0,a8w8_blockscale_cktile_32x128x128_1x4x1_16x16x64_intrawave_0x1x0_4,26.52441304347826,26.465239130434778,26.672977777777763,3
1856,7168,384,cktile_21_split0,cktile,21,0,a8w8_blockscale_cktile_128x128x128_1x4x1_16x16x128_intrawave_0x1x0_2,26.607200000000006,26.59148936170213,26.750320000000002,3
1856,7168,384,cktile_22_split0,cktile,22,0,a8w8_blockscale_cktile_128x128x128_1x4x1_16x16x128_intrawave_0x1x0_3,59.267854166666645,59.186999999999955,59.468239130434746,3
1856,7168,384,cktile_23_split0,cktile,23,0,a8w8_blockscale_cktile_128x128x128_1x4x1_16x16x128_intrawave_0x1x0_4,82.17120408163268,81.98016326530615,82.38363829787234,3
1856,7168,384,cktile_24_split0,cktile,24,0,a8w8_blockscale_cktile_128x128x128_2x2x1_16x16x128_intrawave_0x1x0_1,25.96613043478261,25.913866666666653,26.153212765957452,3
1856,7168,384,cktile_25_split0,cktile,25,0,a8w8_blockscale_cktile_128x128x128_2x2x1_16x16x128_intrawave_0x1x0_3,59.34130434782608,59.31868749999999,59.463382978723374,3
1856,7168,384,cktile_26_split0,cktile,26,0,a8w8_blockscale_cktile_128x128x128_2x2x1_16x16x128_intrawave_0x1x0_4,92.51028000000001,91.93346000000007,92.79666000000005,3
1856,7168,384,cktile_27_split0,cktile,27,0,a8w8_blockscale_cktile_192x256x128_4x2x1_16x16x128_intrawave_0x1x0_2,19.79327659574469,19.724918367346934,19.830895833333336,3
1856,7168,384,cktile_28_split0,cktile,28,0,a8w8_blockscale_cktile_192x256x128_4x2x1_16x16x128_intrawave_0x1x0_3,19.743042553191493,19.707688888888885,19.789021276595747,3
1856,7168,384,cktile_29_split0,cktile,29,0,a8w8_blockscale_cktile_192x256x128_4x2x1_16x16x128_intrawave_0x1x0_4,19.68577551020407,19.66564,19.741444444444447,3
1856,7168,384,cktile_30_split0,cktile,30,0,a8w8_blockscale_cktile_192x256x128_4x2x1_16x16x128_intrawave_0x1x0_2_aqrm,19.96675,19.941729166666665,19.99091666666667,3
1856,7168,384,cktile_31_split0,cktile,31,0,a8w8_blockscale_cktile_192x256x128_4x2x1_16x16x128_intrawave_0x1x0_3_aqrm,19.881729166666663,19.872693877551022,19.914957446808508,3
1856,7168,384,cktile_32_split0,cktile,32,0,a8w8_blockscale_cktile_192x256x128_4x2x1_16x16x128_intrawave_0x1x0_4_aqrm,19.88339583333334,19.773749999999996,19.93148979591837,3
1856,7168,384,opus_9011,opus,9011,0,opus_gemm_gfx950_a8w8_mxscale_gemm_bpreshuffle_256x64x128x128_2x2_16x16x128_1x128x128_tiles1_nooob,23.20797826086956,23.183755102040823,23.252886363636367,3
1856,7168,384,opus_9012,opus,9012,0,opus_gemm_gfx950_a8w8_mxscale_gemm_bpreshuffle_256x64x64x128_2x2_16x16x128_1x128x128_tiles1_nooob,27.785469387755093,27.719320000000007,27.80572727272727,3
1856,7168,384,opus_9020,opus,9020,0,opus_gemm_gfx950_a8w8_mxscale_gemm_bpreshuffle_256x256x256x128_2x2_16x16x128_1x128x128_tiles1,16.639214285714274,15.881095238095238,16.746733333333335,3
1024,7168,768,ck_0_split0,ck,0,0,a8w8_blockscale_bpreshuffle_1x128x128_256x128x128x128_16x16_16x16_8x32x1_8x32x1_1x32x1x8_8_2x1_intrawave_v3,17.597599999999996,17.571978723404253,17.605734693877558,3
1024,7168,768,ck_1_split0,ck,1,0,a8w8_blockscale_bpreshuffle_1x128x128_256x64x128x128_16x16_16x16_8x32x1_8x32x1_1x32x1x8_8_2x1_intrawave_v3,18.103914893617027,18.08754166666666,18.12172916666666,3
1024,7168,768,ck_2_split0,ck,2,0,a8w8_blockscale_bpreshuffle_1x128x128_256x64x64x128_16x16_16x16_8x32x1_8x32x1_1x32x1x8_8_2x1_intrawave_v3,19.371489795918368,19.293918367346944,19.403220000000008,3
1024,7168,768,ck_3_split0,ck,3,0,a8w8_blockscale_bpreshuffle_1x128x128_256x16x256x128_8x16_16x16_16x16x1_8x32x1_1x16x1x16_8_1x2_intrawave_v1,23.760102040816335,23.720102040816343,23.86968,3
1024,7168,768,ck_4_split0,ck,4,0,a8w8_blockscale_bpreshuffle_1x128x128_256x16x128x128_8x16_16x16_16x16x1_8x32x1_1x16x1x16_8_1x2_intrawave_v1,25.846812500000002,25.738877551020416,25.867877551020406,3
1024,7168,768,ck_5_split0,ck,5,0,a8w8_blockscale_bpreshuffle_1x128x128_256x16x64x128_8x16_16x16_16x16x1_8x32x1_1x16x1x16_4_1x1_intrawave_v1,29.231340000000003,29.032139999999995,29.253740000000004,3
1024,7168,768,ck_6_split0,ck,6,0,a8w8_blockscale_bpreshuffle_1x128x128_256x16x128x256_16x16_16x16_16x16x1_16x16x1_1x16x1x16_8_1x2_intrawave_v1,25.15930612244899,25.14510416666667,25.16927083333334,3
1024,7168,768,ck_7_split0,ck,7,0,a8w8_blockscale_bpreshuffle_1x128x128_256x16x64x256_16x16_16x16_16x16x1_16x16x1_1x16x1x16_4_1x1_intrawave_v1,29.796140000000005,29.653500000000008,29.953739999999996,3
1024,7168,768,ck_8_split0,ck,8,0,a8w8_blockscale_bpreshuffle_1x128x128_256x32x256x128_16x16_16x16_8x32x1_8x32x1_1x32x1x8_8_2x1_intrawave_v1,19.582918367346934,19.53226086956521,19.62589583333332,3
1024,7168,768,ck_9_split0,ck,9,0,a8w8_blockscale_bpreshuffle_1x128x128_256x32x128x128_16x16_16x16_8x32x1_8x32x1_1x32x1x8_8_2x1_intrawave_v1,19.62082,19.60562,19.637612244897962,3
1024,7168,768,ck_10_split0,ck,10,0,a8w8_blockscale_bpreshuffle_1x128x128_256x32x64x128_16x16_16x16_8x32x1_8x32x1_1x32x1x8_8_2x1_intrawave_v1,21.548416666666657,21.539673469387754,21.674439999999993,3
1024,7168,768,ck_11_split0,ck,11,0,a8w8_blockscale_bpreshuffle_1x128x128_256x32x128x256_16x16_16x16_16x16x1_16x16x1_1x32x1x8_8_2x1_intrawave_v1,19.982897959183678,19.872404255319147,20.002510204081638,3
1024,7168,768,ck_12_split0,ck,12,0,a8w8_blockscale_bpreshuffle_1x128x128_256x32x64x256_16x16_16x16_16x16x1_16x16x1_1x32x1x8_8_2x1_intrawave_v1,23.664879999999993,23.630480000000013,23.682479999999995,3
1024,7168,768,ck_13_split0,ck,13,0,a8w8_blockscale_bpreshuffle_1x128x128_256x64x256x128_16x16_16x16_8x32x1_8x32x1_1x32x1x8_8_2x1_intrawave_v1,17.374531914893616,17.3591875,17.38779591836735,3
1024,7168,768,ck_14_split0,ck,14,0,a8w8_blockscale_bpreshuffle_1x128x128_256x64x128x128_16x16_16x16_8x32x1_8x32x1_1x32x1x8_8_2x1_intrawave_v1,17.948019999999996,17.930854166666666,17.951687500000002,3
1024,7168,768,ck_15_split0,ck,15,0,a8w8_blockscale_bpreshuffle_1x128x128_256x64x64x128_16x16_16x16_8x32x1_8x32x1_1x32x1x8_8_2x1_intrawave_v1,18.445755102040806,18.36081632653061,18.480062500000006,3
1024,7168,768,ck_16_split0,ck,16,0,a8w8_blockscale_bpreshuffle_1x128x128_256x64x128x256_16x16_16x16_16x16x1_16x16x1_1x32x1x8_8_2x1_intrawave_v1,20.229250000000004,20.210319148936176,20.247744680851067,3
1024,7168,768,ck_17_split0,ck,17,0,a8w8_blockscale_bpreshuffle_1x128x128_256x64x64x256_16x16_16x16_16x16x1_16x16x1_1x32x1x8_8_2x1_intrawave_v1,24.19688,24.185408163265294,24.19846938775511,3
1024,7168,768,cktile_0_split0,cktile,0,0,a8w8_blockscale_cktile_16x128x256_1x4x1_16x16x128_intrawave_0x1x0_1,31.15546341463416,30.9975,31.15591836734693,3
1024,7168,768,cktile_1_split0,cktile,1,0,a8w8_blockscale_cktile_16x128x256_1x4x1_16x16x128_intrawave_0x1x0_2,31.22642553191487,31.12326530612246,31.31596,3
1024,7168,768,cktile_2_split0,cktile,2,0,a8w8_blockscale_cktile_16x128x256_1x4x1_16x16x64_intrawave_0x1x0_1,31.67839130434783,31.634208333333333,31.796755102040816,3
1024,7168,768,cktile_3_split0,cktile,3,0,a8w8_blockscale_cktile_16x128x256_1x4x1_16x16x64_intrawave_0x1x0_2,29.859638297872337,29.85333333333335,30.076659574468085,3
1024,7168,768,cktile_4_split0,cktile,4,0,a8w8_blockscale_cktile_32x128x128_1x4x1_16x16x128_intrawave_0x1x0_1,24.44995833333333,24.320977777777788,24.538300000000003,3
1024,7168,768,cktile_5_split0,cktile,5,0,a8w8_blockscale_cktile_32x128x128_1x4x1_16x16x128_intrawave_0x1x0_2,24.41567391304348,24.367265306122434,24.577877551020386,3
1024,7168,768,cktile_6_split0,cktile,6,0,a8w8_blockscale_cktile_32x128x128_1x4x1_16x16x64_intrawave_0x1x0_1,24.094069767441873,23.984408163265304,24.243270833333344,3
1024,7168,768,cktile_7_split0,cktile,7,0,a8w8_blockscale_cktile_32x128x128_1x4x1_16x16x64_intrawave_0x1x0_2,25.00221951219512,24.92425531914894,25.11012244897958,3
1024,7168,768,cktile_8_split0,cktile,8,0,a8w8_blockscale_cktile_128x128x128_1x4x1_16x16x128_intrawave_0x1x0_1,22.275060000000003,22.21377551020408,22.59345999999999,3
1024,7168,768,cktile_9_split0,cktile,9,0,a8w8_blockscale_cktile_128x128x128_1x4x1_16x16x128_intrawave_0x1x0_1,22.202531914893598,22.19746,22.402531914893625,3
1024,7168,768,cktile_10_split0,cktile,10,0,a8w8_blockscale_cktile_128x128x128_2x2x1_16x16x128_intrawave_0x1x0_2,22.291583333333335,22.25746000000001,22.546086956521737,3
1024,7168,768,cktile_11_split0,cktile,11,0,a8w8_blockscale_cktile_192x256x128_4x2x1_16x16x128_intrawave_0x1x0_1,14.963160000000002,14.879163265306124,14.988780000000004,3
1024,7168,768,cktile_12_split0,cktile,12,0,a8w8_blockscale_cktile_192x256x128_4x2x1_16x16x128_intrawave_0x1x0_1_aqrm,15.003179999999993,14.954085106382973,15.06555999999999,3
1024,7168,768,cktile_13_split0,cktile,13,0,a8w8_blockscale_cktile_16x128x256_1x4x1_16x16x128_intrawave_0x1x0_3,31.107086956521727,31.096708333333336,31.33262222222223,3
1024,7168,768,cktile_14_split0,cktile,14,0,a8w8_blockscale_cktile_16x128x256_1x4x1_16x16x128_intrawave_0x1x0_4,38.15427083333333,37.98803999999999,38.16403999999998,3
1024,7168,768,cktile_15_split0,cktile,15,0,a8w8_blockscale_cktile_16x128x256_1x4x1_16x16x64_intrawave_0x1x0_3,29.82938775510203,29.817085106382976,29.8840612244898,3
1024,7168,768,cktile_16_split0,cktile,16,0,a8w8_blockscale_cktile_16x128x256_1x4x1_16x16x64_intrawave_0x1x0_4,32.348191489361696,32.279180000000004,32.35836956521737,3
1024,7168,768,cktile_17_split0,cktile,17,0,a8w8_blockscale_cktile_32x128x128_1x4x1_16x16x128_intrawave_0x1x0_3,24.35912499999999,24.342978723404258,24.60891836734695,3
1024,7168,768,cktile_18_split0,cktile,18,0,a8w8_blockscale_cktile_32x128x128_1x4x1_16x16x128_intrawave_0x1x0_4,24.455319148936166,24.420791666666656,24.636595744680854,3
1024,7168,768,cktile_19_split0,cktile,19,0,a8w8_blockscale_cktile_32x128x128_1x4x1_16x16x64_intrawave_0x1x0_3,24.932979591836734,24.893772727272733,25.151128205128202,3
1024,7168,768,cktile_20_split0,cktile,20,0,a8w8_blockscale_cktile_32x128x128_1x4x1_16x16x64_intrawave_0x1x0_4,24.902586956521723,24.854124999999996,25.023591836734692,3
1024,7168,768,cktile_21_split0,cktile,21,0,a8w8_blockscale_cktile_128x128x128_1x4x1_16x16x128_intrawave_0x1x0_2,22.303860000000004,22.146836734693885,22.494279999999982,3
1024,7168,768,cktile_22_split0,cktile,22,0,a8w8_blockscale_cktile_128x128x128_1x4x1_16x16x128_intrawave_0x1x0_3,55.62183999999999,55.584239999999994,55.763459999999995,3
1024,7168,768,cktile_23_split0,cktile,23,0,a8w8_blockscale_cktile_128x128x128_1x4x1_16x16x128_intrawave_0x1x0_4,95.98311999999994,95.81350000000003,96.1783200000001,3
1024,7168,768,cktile_24_split0,cktile,24,0,a8w8_blockscale_cktile_128x128x128_2x2x1_16x16x128_intrawave_0x1x0_1,22.479111111111116,22.352437499999994,22.55204444444445,3
1024,7168,768,cktile_25_split0,cktile,25,0,a8w8_blockscale_cktile_128x128x128_2x2x1_16x16x128_intrawave_0x1x0_3,58.813079999999985,58.63948000000001,58.826680000000025,3
1024,7168,768,cktile_26_split0,cktile,26,0,a8w8_blockscale_cktile_128x128x128_2x2x1_16x16x128_intrawave_0x1x0_4,126.12842857142864,125.76924489795921,126.46069387755094,3
1024,7168,768,cktile_27_split0,cktile,27,0,a8w8_blockscale_cktile_192x256x128_4x2x1_16x16x128_intrawave_0x1x0_2,14.934693877551014,14.855469387755095,14.968354166666657,3
1024,7168,768,cktile_28_split0,cktile,28,0,a8w8_blockscale_cktile_192x256x128_4x2x1_16x16x128_intrawave_0x1x0_3,14.945854166666669,14.910183673469376,15.058282608695656,3
1024,7168,768,cktile_29_split0,cktile,29,0,a8w8_blockscale_cktile_192x256x128_4x2x1_16x16x128_intrawave_0x1x0_4,15.004999999999997,14.914979166666663,15.058380000000001,3
1024,7168,768,cktile_30_split0,cktile,30,0,a8w8_blockscale_cktile_192x256x128_4x2x1_16x16x128_intrawave_0x1x0_2_aqrm,14.959166666666663,14.92087234042553,15.006360000000008,3
1024,7168,768,cktile_31_split0,cktile,31,0,a8w8_blockscale_cktile_192x256x128_4x2x1_16x16x128_intrawave_0x1x0_3_aqrm,14.92876000000001,14.855833333333337,14.995744680851056,3
1024,7168,768,cktile_32_split0,cktile,32,0,a8w8_blockscale_cktile_192x256x128_4x2x1_16x16x128_intrawave_0x1x0_4_aqrm,14.902040816326528,14.8865306122449,14.953428571428573,3
1024,7168,768,opus_9000,opus,9000,0,opus_gemm_gfx950_a8w8_mxscale_gemm_bpreshuffle_256x256x256x128_2x2_16x16x128_1x128x128_tiles1_nooob,16.9395918367347,16.889951219512202,16.94439130434782,3
1024,7168,768,opus_9010,opus,9010,0,opus_gemm_gfx950_a8w8_mxscale_gemm_bpreshuffle_256x128x128x128_2x2_16x16x128_1x128x128_tiles1_nooob,18.142520833333336,18.11670833333333,18.170399999999994,3
1024,7168,768,opus_9011,opus,9011,0,opus_gemm_gfx950_a8w8_mxscale_gemm_bpreshuffle_256x64x128x128_2x2_16x16x128_1x128x128_tiles1_nooob,17.835122448979593,17.827297872340427,17.84002083333333,3
1024,7168,768,opus_9012,opus,9012,0,opus_gemm_gfx950_a8w8_mxscale_gemm_bpreshuffle_256x64x64x128_2x2_16x16x128_1x128x128_tiles1_nooob,21.42308510638298,21.412583333333316,21.50922916666666,3
1024,7168,768,opus_9020,opus,9020,0,opus_gemm_gfx950_a8w8_mxscale_gemm_bpreshuffle_256x256x256x128_2x2_16x16x128_1x128x128_tiles1,18.425874999999994,18.39122,18.509208333333333,3
1792,7168,768,ck_0_split0,ck,0,0,a8w8_blockscale_bpreshuffle_1x128x128_256x128x128x128_16x16_16x16_8x32x1_8x32x1_1x32x1x8_8_2x1_intrawave_v3,28.286833333333334,28.251000000000005,28.30055102040816,3
1792,7168,768,ck_1_split0,ck,1,0,a8w8_blockscale_bpreshuffle_1x128x128_256x64x128x128_16x16_16x16_8x32x1_8x32x1_1x32x1x8_8_2x1_intrawave_v3,25.498061224489796,25.432347826086954,25.525958333333325,3
1792,7168,768,ck_2_split0,ck,2,0,a8w8_blockscale_bpreshuffle_1x128x128_256x64x64x128_16x16_16x16_8x32x1_8x32x1_1x32x1x8_8_2x1_intrawave_v3,27.99195918367346,27.98014583333334,28.024919999999995,3
1792,7168,768,ck_3_split0,ck,3,0,a8w8_blockscale_bpreshuffle_1x128x128_256x16x256x128_8x16_16x16_16x16x1_8x32x1_1x16x1x16_8_1x2_intrawave_v1,36.65004081632653,36.51602127659576,36.66291304347825,3
1792,7168,768,ck_4_split0,ck,4,0,a8w8_blockscale_bpreshuffle_1x128x128_256x16x128x128_8x16_16x16_16x16x1_8x32x1_1x16x1x16_8_1x2_intrawave_v1,39.620259999999995,38.98779166666665,39.78666000000001,3
1792,7168,768,ck_5_split0,ck,5,0,a8w8_blockscale_bpreshuffle_1x128x128_256x16x64x128_8x16_16x16_16x16x1_8x32x1_1x16x1x16_4_1x1_intrawave_v1,44.961589743589734,44.53069767441859,45.83551999999998,3
1792,7168,768,ck_6_split0,ck,6,0,a8w8_blockscale_bpreshuffle_1x128x128_256x16x128x256_16x16_16x16_16x16x1_16x16x1_1x16x1x16_8_1x2_intrawave_v1,39.17384000000001,38.78412765957446,39.68185999999998,3
1792,7168,768,ck_7_split0,ck,7,0,a8w8_blockscale_bpreshuffle_1x128x128_256x16x64x256_16x16_16x16_16x16x1_16x16x1_1x16x1x16_4_1x1_intrawave_v1,47.00155000000001,46.43531578947369,47.471042553191495,3
1792,7168,768,ck_8_split0,ck,8,0,a8w8_blockscale_bpreshuffle_1x128x128_256x32x256x128_16x16_16x16_8x32x1_8x32x1_1x32x1x8_8_2x1_intrawave_v1,26.793361702127658,26.758468085106376,26.829312499999986,3
1792,7168,768,ck_9_split0,ck,9,0,a8w8_blockscale_bpreshuffle_1x128x128_256x32x128x128_16x16_16x16_8x32x1_8x32x1_1x32x1x8_8_2x1_intrawave_v1,26.2866530612245,26.155230769230773,26.335116279069776,3
1792,7168,768,ck_10_split0,ck,10,0,a8w8_blockscale_bpreshuffle_1x128x128_256x32x64x128_16x16_16x16_8x32x1_8x32x1_1x32x1x8_8_2x1_intrawave_v1,29.412687500000008,29.392000000000007,29.436511627906977,3
1792,7168,768,ck_11_split0,ck,11,0,a8w8_blockscale_bpreshuffle_1x128x128_256x32x128x256_16x16_16x16_16x16x1_16x16x1_1x32x1x8_8_2x1_intrawave_v1,28.82332000000001,28.569097560975628,28.83292000000001,3
1792,7168,768,ck_12_split0,ck,12,0,a8w8_blockscale_bpreshuffle_1x128x128_256x32x64x256_16x16_16x16_16x16x1_16x16x1_1x32x1x8_8_2x1_intrawave_v1,33.77540000000001,33.77161224489795,34.42797959183673,3
1792,7168,768,ck_13_split0,ck,13,0,a8w8_blockscale_bpreshuffle_1x128x128_256x64x256x128_16x16_16x16_8x32x1_8x32x1_1x32x1x8_8_2x1_intrawave_v1,27.418456521739135,27.372914893617036,27.418914893617014,3
1792,7168,768,ck_14_split0,ck,14,0,a8w8_blockscale_bpreshuffle_1x128x128_256x64x128x128_16x16_16x16_8x32x1_8x32x1_1x32x1x8_8_2x1_intrawave_v1,25.401791666666664,25.394108695652182,25.454291666666673,3
1792,7168,768,ck_15_split0,ck,15,0,a8w8_blockscale_bpreshuffle_1x128x128_256x64x64x128_16x16_16x16_8x32x1_8x32x1_1x32x1x8_8_2x1_intrawave_v1,27.217666666666663,27.20189361702128,27.280170212765956,3
1792,7168,768,ck_16_split0,ck,16,0,a8w8_blockscale_bpreshuffle_1x128x128_256x64x128x256_16x16_16x16_16x16x1_16x16x1_1x32x1x8_8_2x1_intrawave_v1,30.006714285714274,29.97382978723403,30.072574468085072,3
1792,7168,768,ck_17_split0,ck,17,0,a8w8_blockscale_bpreshuffle_1x128x128_256x64x64x256_16x16_16x16_16x16x1_16x16x1_1x32x1x8_8_2x1_intrawave_v1,37.07384000000001,37.04182000000001,37.29642553191489,3
1792,7168,768,cktile_0_split0,cktile,0,0,a8w8_blockscale_cktile_16x128x256_1x4x1_16x16x128_intrawave_0x1x0_1,47.66937500000003,47.635934782608686,48.23104166666667,3
1792,7168,768,cktile_1_split0,cktile,1,0,a8w8_blockscale_cktile_16x128x256_1x4x1_16x16x128_intrawave_0x1x0_2,47.81374000000002,47.78548979591835,48.13979591836732,3
1792,7168,768,cktile_2_split0,cktile,2,0,a8w8_blockscale_cktile_16x128x256_1x4x1_16x16x64_intrawave_0x1x0_1,49.09,48.904285714285734,50.00577999999996,3
1792,7168,768,cktile_3_split0,cktile,3,0,a8w8_blockscale_cktile_16x128x256_1x4x1_16x16x64_intrawave_0x1x0_2,45.37725531914896,44.96516666666666,45.52493999999998,3
1792,7168,768,cktile_4_split0,cktile,4,0,a8w8_blockscale_cktile_32x128x128_1x4x1_16x16x128_intrawave_0x1x0_1,36.17497826086955,36.16568181818181,36.41312244897959,3
1792,7168,768,cktile_5_split0,cktile,5,0,a8w8_blockscale_cktile_32x128x128_1x4x1_16x16x128_intrawave_0x1x0_2,36.11593750000002,35.902897959183676,36.412583333333316,3
1792,7168,768,cktile_6_split0,cktile,6,0,a8w8_blockscale_cktile_32x128x128_1x4x1_16x16x64_intrawave_0x1x0_1,35.27024489795917,35.123395833333326,35.542419999999986,3
1792,7168,768,cktile_7_split0,cktile,7,0,a8w8_blockscale_cktile_32x128x128_1x4x1_16x16x64_intrawave_0x1x0_2,36.29756521739129,35.88822448979592,36.38886956521741,3
1792,7168,768,cktile_8_split0,cktile,8,0,a8w8_blockscale_cktile_128x128x128_1x4x1_16x16x128_intrawave_0x1x0_1,35.147108695652165,35.01758333333334,35.395872340425534,3
1792,7168,768,cktile_9_split0,cktile,9,0,a8w8_blockscale_cktile_128x128x128_1x4x1_16x16x128_intrawave_0x1x0_1,35.28820408163266,35.01056521739131,35.504249999999985,3
1792,7168,768,cktile_10_split0,cktile,10,0,a8w8_blockscale_cktile_128x128x128_2x2x1_16x16x128_intrawave_0x1x0_2,34.847541666666665,34.75258333333333,35.042489795918364,3
1792,7168,768,cktile_11_split0,cktile,11,0,a8w8_blockscale_cktile_192x256x128_4x2x1_16x16x128_intrawave_0x1x0_1,27.455319999999997,27.345720000000014,27.46652,3
1792,7168,768,cktile_12_split0,cktile,12,0,a8w8_blockscale_cktile_192x256x128_4x2x1_16x16x128_intrawave_0x1x0_1_aqrm,27.388120000000004,27.355042553191495,27.403387755102056,3
1792,7168,768,cktile_13_split0,cktile,13,0,a8w8_blockscale_cktile_16x128x256_1x4x1_16x16x128_intrawave_0x1x0_3,48.00496000000002,47.888326530612225,48.0679387755102,3
1792,7168,768,cktile_14_split0,cktile,14,0,a8w8_blockscale_cktile_16x128x256_1x4x1_16x16x128_intrawave_0x1x0_4,59.27468000000001,58.72112244897963,59.35947999999995,3
1792,7168,768,cktile_15_split0,cktile,15,0,a8w8_blockscale_cktile_16x128x256_1x4x1_16x16x64_intrawave_0x1x0_3,45.16413999999999,44.88230952380954,46.004120000000015,3
1792,7168,768,cktile_16_split0,cktile,16,0,a8w8_blockscale_cktile_16x128x256_1x4x1_16x16x64_intrawave_0x1x0_4,48.51342553191488,48.396062500000006,48.52455,3
1792,7168,768,cktile_17_split0,cktile,17,0,a8w8_blockscale_cktile_32x128x128_1x4x1_16x16x128_intrawave_0x1x0_3,36.36843750000002,35.81924999999999,36.40113636363637,3
1792,7168,768,cktile_18_split0,cktile,18,0,a8w8_blockscale_cktile_32x128x128_1x4x1_16x16x128_intrawave_0x1x0_4,36.32002,36.04375555555556,36.668212765957456,3
1792,7168,768,cktile_19_split0,cktile,19,0,a8w8_blockscale_cktile_32x128x128_1x4x1_16x16x64_intrawave_0x1x0_3,36.11922448979592,36.03091666666665,36.312222222222196,3
1792,7168,768,cktile_20_split0,cktile,20,0,a8w8_blockscale_cktile_32x128x128_1x4x1_16x16x64_intrawave_0x1x0_4,35.94886956521739,35.933744680851056,36.48985714285715,3
1792,7168,768,cktile_21_split0,cktile,21,0,a8w8_blockscale_cktile_128x128x128_1x4x1_16x16x128_intrawave_0x1x0_2,35.07006250000003,35.06736170212764,35.82675000000001,3
1792,7168,768,cktile_22_split0,cktile,22,0,a8w8_blockscale_cktile_128x128x128_1x4x1_16x16x128_intrawave_0x1x0_3,98.67674000000002,98.596693877551,98.9266458333333,3
1792,7168,768,cktile_23_split0,cktile,23,0,a8w8_blockscale_cktile_128x128x128_1x4x1_16x16x128_intrawave_0x1x0_4,128.9995,128.57093877551017,129.00590000000003,3
1792,7168,768,cktile_24_split0,cktile,24,0,a8w8_blockscale_cktile_128x128x128_2x2x1_16x16x128_intrawave_0x1x0_1,34.89841304347824,34.80536956521737,35.09172916666669,3
1792,7168,768,cktile_25_split0,cktile,25,0,a8w8_blockscale_cktile_128x128x128_2x2x1_16x16x128_intrawave_0x1x0_3,103.64880000000008,103.3248,103.7352,3
1792,7168,768,cktile_26_split0,cktile,26,0,a8w8_blockscale_cktile_128x128x128_2x2x1_16x16x128_intrawave_0x1x0_4,178.16808000000015,177.7928600000002,178.91686000000004,3
1792,7168,768,cktile_27_split0,cktile,27,0,a8w8_blockscale_cktile_192x256x128_4x2x1_16x16x128_intrawave_0x1x0_2,27.41052,27.385720000000003,27.45049999999999,3
1792,7168,768,cktile_28_split0,cktile,28,0,a8w8_blockscale_cktile_192x256x128_4x2x1_16x16x128_intrawave_0x1x0_3,27.398510204081635,27.367319999999996,27.41483673469387,3
1792,7168,768,cktile_29_split0,cktile,29,0,a8w8_blockscale_cktile_192x256x128_4x2x1_16x16x128_intrawave_0x1x0_4,27.328119999999995,27.297699999999995,27.353720000000006,3
1792,7168,768,cktile_30_split0,cktile,30,0,a8w8_blockscale_cktile_192x256x128_4x2x1_16x16x128_intrawave_0x1x0_2_aqrm,27.439326530612238,27.3303829787234,27.460920000000005,3
1792,7168,768,cktile_31_split0,cktile,31,0,a8w8_blockscale_cktile_192x256x128_4x2x1_16x16x128_intrawave_0x1x0_3_aqrm,27.340120000000006,27.318500000000014,27.405857142857133,3
1792,7168,768,cktile_32_split0,cktile,32,0,a8w8_blockscale_cktile_192x256x128_4x2x1_16x16x128_intrawave_0x1x0_4_aqrm,27.297191489361694,27.19452,27.303320000000003,3
1792,7168,768,opus_9000,opus,9000,0,opus_gemm_gfx950_a8w8_mxscale_gemm_bpreshuffle_256x256x256x128_2x2_16x16x128_1x128x128_tiles1_nooob,19.76722,19.766571428571428,19.800840000000004,3
1792,7168,768,opus_9010,opus,9010,0,opus_gemm_gfx950_a8w8_mxscale_gemm_bpreshuffle_256x128x128x128_2x2_16x16x128_1x128x128_tiles1_nooob,28.754354166666676,28.715847826086954,28.793612244897968,3
1792,7168,768,opus_9011,opus,9011,0,opus_gemm_gfx950_a8w8_mxscale_gemm_bpreshuffle_256x64x128x128_2x2_16x16x128_1x128x128_tiles1_nooob,28.34097916666667,28.237645833333318,28.40252,3
1792,7168,768,opus_9012,opus,9012,0,opus_gemm_gfx950_a8w8_mxscale_gemm_bpreshuffle_256x64x64x128_2x2_16x16x128_1x128x128_tiles1_nooob,34.273,34.04531914893618,34.328199999999995,3
1792,7168,768,opus_9020,opus,9020,0,opus_gemm_gfx950_a8w8_mxscale_gemm_bpreshuffle_256x256x256x128_2x2_16x16x128_1x128x128_tiles1,21.06403999999999,21.01638775510205,21.082459999999998,3
20480,7168,768,ck_0_split0,ck,0,0,a8w8_blockscale_bpreshuffle_1x128x128_256x128x128x128_16x16_16x16_8x32x1_8x32x1_1x32x1x8_8_2x1_intrawave_v3,219.34609090909098,218.94202439024386,220.3223599999999,3
20480,7168,768,ck_1_split0,ck,1,0,a8w8_blockscale_bpreshuffle_1x128x128_256x64x128x128_16x16_16x16_8x32x1_8x32x1_1x32x1x8_8_2x1_intrawave_v3,218.17591999999996,217.39989795918362,221.6687800000001,3
20480,7168,768,ck_2_split0,ck,2,0,a8w8_blockscale_bpreshuffle_1x128x128_256x64x64x128_16x16_16x16_8x32x1_8x32x1_1x32x1x8_8_2x1_intrawave_v3,262.51083999999986,259.94282000000004,263.11803999999995,3
20480,7168,768,ck_3_split0,ck,3,0,a8w8_blockscale_bpreshuffle_1x128x128_256x16x256x128_8x16_16x16_16x16x1_8x32x1_1x16x1x16_8_1x2_intrawave_v1,357.1329387755101,354.6123589743588,358.9431599999999,3
20480,7168,768,ck_4_split0,ck,4,0,a8w8_blockscale_bpreshuffle_1x128x128_256x16x128x128_8x16_16x16_16x16x1_8x32x1_1x16x1x16_8_1x2_intrawave_v1,392.0693958333333,390.9043913043478,393.4067599999999,3
20480,7168,768,ck_5_split0,ck,5,0,a8w8_blockscale_bpreshuffle_1x128x128_256x16x64x128_8x16_16x16_16x16x1_8x32x1_1x16x1x16_4_1x1_intrawave_v1,455.69081632653064,455.158551020408,457.6701249999998,3
20480,7168,768,ck_6_split0,ck,6,0,a8w8_blockscale_bpreshuffle_1x128x128_256x16x128x256_16x16_16x16_16x16x1_16x16x1_1x16x1x16_8_1x2_intrawave_v1,391.37634,390.81372340425537,392.40436734693884,3
20480,7168,768,ck_7_split0,ck,7,0,a8w8_blockscale_bpreshuffle_1x128x128_256x16x64x256_16x16_16x16_16x16x1_16x16x1_1x16x1x16_4_1x1_intrawave_v1,471.92846000000014,470.0157608695652,473.2037,3
20480,7168,768,ck_8_split0,ck,8,0,a8w8_blockscale_bpreshuffle_1x128x128_256x32x256x128_16x16_16x16_8x32x1_8x32x1_1x32x1x8_8_2x1_intrawave_v1,239.45295999999996,238.32346808510633,239.94097999999994,3
20480,7168,768,ck_9_split0,ck,9,0,a8w8_blockscale_bpreshuffle_1x128x128_256x32x128x128_16x16_16x16_8x32x1_8x32x1_1x32x1x8_8_2x1_intrawave_v1,259.44031914893634,258.41054761904763,259.92287234042556,3
20480,7168,768,ck_10_split0,ck,10,0,a8w8_blockscale_bpreshuffle_1x128x128_256x32x64x128_16x16_16x16_8x32x1_8x32x1_1x32x1x8_8_2x1_intrawave_v1,293.9615531914895,292.19517999999994,295.50515909090905,3
20480,7168,768,ck_11_split0,ck,11,0,a8w8_blockscale_bpreshuffle_1x128x128_256x32x128x256_16x16_16x16_16x16x1_16x16x1_1x32x1x8_8_2x1_intrawave_v1,281.0318399999999,280.90386000000007,281.52306,3
20480,7168,768,ck_12_split0,ck,12,0,a8w8_blockscale_bpreshuffle_1x128x128_256x32x64x256_16x16_16x16_16x16x1_16x16x1_1x32x1x8_8_2x1_intrawave_v1,344.6786304347826,343.5487916666668,345.99082608695653,3
20480,7168,768,ck_13_split0,ck,13,0,a8w8_blockscale_bpreshuffle_1x128x128_256x64x256x128_16x16_16x16_8x32x1_8x32x1_1x32x1x8_8_2x1_intrawave_v1,212.82626,212.41253191489355,212.8934599999999,3
20480,7168,768,ck_14_split0,ck,14,0,a8w8_blockscale_bpreshuffle_1x128x128_256x64x128x128_16x16_16x16_8x32x1_8x32x1_1x32x1x8_8_2x1_intrawave_v1,218.07511999999994,217.51351999999994,220.78475999999998,3
20480,7168,768,ck_15_split0,ck,15,0,a8w8_blockscale_bpreshuffle_1x128x128_256x64x64x128_16x16_16x16_8x32x1_8x32x1_1x32x1x8_8_2x1_intrawave_v1,254.43172340425534,253.74425581395343,254.7358367346939,3
20480,7168,768,ck_16_split0,ck,16,0,a8w8_blockscale_bpreshuffle_1x128x128_256x64x128x256_16x16_16x16_16x16x1_16x16x1_1x32x1x8_8_2x1_intrawave_v1,260.20842,257.6708,261.1372200000001,3
20480,7168,768,ck_17_split0,ck,17,0,a8w8_blockscale_bpreshuffle_1x128x128_256x64x64x256_16x16_16x16_16x16x1_16x16x1_1x32x1x8_8_2x1_intrawave_v1,351.41108,348.9262400000001,352.10305999999997,3
20480,7168,768,cktile_0_split0,cktile,0,0,a8w8_blockscale_cktile_16x128x256_1x4x1_16x16x128_intrawave_0x1x0_1,426.22456000000005,425.8709199999999,426.50214000000005,3
20480,7168,768,cktile_1_split0,cktile,1,0,a8w8_blockscale_cktile_16x128x256_1x4x1_16x16x128_intrawave_0x1x0_2,429.6846,427.28854000000007,429.73498000000006,3
20480,7168,768,cktile_2_split0,cktile,2,0,a8w8_blockscale_cktile_16x128x256_1x4x1_16x16x64_intrawave_0x1x0_1,435.19424000000015,434.81024,438.2510800000002,3
20480,7168,768,cktile_3_split0,cktile,3,0,a8w8_blockscale_cktile_16x128x256_1x4x1_16x16x64_intrawave_0x1x0_2,396.71700000000004,396.13386956521754,398.0242,3
20480,7168,768,cktile_4_split0,cktile,4,0,a8w8_blockscale_cktile_32x128x128_1x4x1_16x16x128_intrawave_0x1x0_1,291.3965800000001,290.9965799999998,291.42618000000004,3
20480,7168,768,cktile_5_split0,cktile,5,0,a8w8_blockscale_cktile_32x128x128_1x4x1_16x16x128_intrawave_0x1x0_2,292.3045999999998,291.55178000000006,292.71260000000007,3
20480,7168,768,cktile_6_split0,cktile,6,0,a8w8_blockscale_cktile_32x128x128_1x4x1_16x16x64_intrawave_0x1x0_1,296.9086199999999,294.4006199999999,297.16464,3
20480,7168,768,cktile_7_split0,cktile,7,0,a8w8_blockscale_cktile_32x128x128_1x4x1_16x16x64_intrawave_0x1x0_2,296.34062,296.14143999999993,298.74706000000003,3
20480,7168,768,cktile_8_split0,cktile,8,0,a8w8_blockscale_cktile_128x128x128_1x4x1_16x16x128_intrawave_0x1x0_1,256.06955102040814,255.28748979591833,256.54981395348847,3
20480,7168,768,cktile_9_split0,cktile,9,0,a8w8_blockscale_cktile_128x128x128_1x4x1_16x16x128_intrawave_0x1x0_1,256.5555454545453,255.86184782608697,256.57339999999994,3
20480,7168,768,cktile_10_split0,cktile,10,0,a8w8_blockscale_cktile_128x128x128_2x2x1_16x16x128_intrawave_0x1x0_2,254.1676041666666,253.42429166666673,255.34140000000002,3
20480,7168,768,cktile_11_split0,cktile,11,0,a8w8_blockscale_cktile_192x256x128_4x2x1_16x16x128_intrawave_0x1x0_1,175.25623999999996,175.21734693877548,175.34024000000002,3
20480,7168,768,cktile_12_split0,cktile,12,0,a8w8_blockscale_cktile_192x256x128_4x2x1_16x16x128_intrawave_0x1x0_1_aqrm,177.48856250000009,177.19786,177.84351020408167,3
20480,7168,768,cktile_13_split0,cktile,13,0,a8w8_blockscale_cktile_16x128x256_1x4x1_16x16x128_intrawave_0x1x0_3,428.54776000000004,425.4709400000001,429.6365800000001,3
20480,7168,768,cktile_14_split0,cktile,14,0,a8w8_blockscale_cktile_16x128x256_1x4x1_16x16x128_intrawave_0x1x0_4,525.46888,525.15208,528.6369200000001,3
20480,7168,768,cktile_15_split0,cktile,15,0,a8w8_blockscale_cktile_16x128x256_1x4x1_16x16x64_intrawave_0x1x0_3,397.8042978723403,395.58746666666644,398.5779574468086,3
20480,7168,768,cktile_16_split0,cktile,16,0,a8w8_blockscale_cktile_16x128x256_1x4x1_16x16x64_intrawave_0x1x0_4,427.86255102040815,426.97896000000003,429.82700000000017,3
20480,7168,768,cktile_17_split0,cktile,17,0,a8w8_blockscale_cktile_32x128x128_1x4x1_16x16x128_intrawave_0x1x0_3,292.92538000000013,292.18859999999995,293.3606000000001,3
20480,7168,768,cktile_18_split0,cktile,18,0,a8w8_blockscale_cktile_32x128x128_1x4x1_16x16x128_intrawave_0x1x0_4,291.3285800000001,291.1597600000001,293.7062,3
20480,7168,768,cktile_19_split0,cktile,19,0,a8w8_blockscale_cktile_32x128x128_1x4x1_16x16x64_intrawave_0x1x0_3,298.29266000000007,297.57024000000007,298.36066000000005,3
20480,7168,768,cktile_20_split0,cktile,20,0,a8w8_blockscale_cktile_32x128x128_1x4x1_16x16x64_intrawave_0x1x0_4,298.4942599999999,297.72961224489814,299.7438599999999,3
20480,7168,768,cktile_21_split0,cktile,21,0,a8w8_blockscale_cktile_128x128x128_1x4x1_16x16x128_intrawave_0x1x0_2,255.8605319148937,255.13762500000004,255.98219148936172,3
20480,7168,768,cktile_22_split0,cktile,22,0,a8w8_blockscale_cktile_128x128x128_1x4x1_16x16x128_intrawave_0x1x0_3,708.6720416666667,708.4562291666665,710.8694400000002,3
20480,7168,768,cktile_23_split0,cktile,23,0,a8w8_blockscale_cktile_128x128x128_1x4x1_16x16x128_intrawave_0x1x0_4,1109.4677333333325,1108.0433720930234,1109.8656521739142,3
20480,7168,768,cktile_24_split0,cktile,24,0,a8w8_blockscale_cktile_128x128x128_2x2x1_16x16x128_intrawave_0x1x0_1,254.10393617021282,253.26706122448982,254.34456818181815,3
20480,7168,768,cktile_25_split0,cktile,25,0,a8w8_blockscale_cktile_128x128x128_2x2x1_16x16x128_intrawave_0x1x0_3,765.8860599999998,765.8668799999999,765.8925000000004,3
20480,7168,768,cktile_26_split0,cktile,26,0,a8w8_blockscale_cktile_128x128x128_2x2x1_16x16x128_intrawave_0x1x0_4,1553.9999999999998,1552.39814893617,1554.4791799999982,3
20480,7168,768,cktile_27_split0,cktile,27,0,a8w8_blockscale_cktile_192x256x128_4x2x1_16x16x128_intrawave_0x1x0_2,175.24664,175.13520833333337,175.34184000000002,3
20480,7168,768,cktile_28_split0,cktile,28,0,a8w8_blockscale_cktile_192x256x128_4x2x1_16x16x128_intrawave_0x1x0_3,175.29063999999994,175.15319565217396,175.58354166666672,3
20480,7168,768,cktile_29_split0,cktile,29,0,a8w8_blockscale_cktile_192x256x128_4x2x1_16x16x128_intrawave_0x1x0_4,175.52342000000002,175.24183999999994,175.64838775510205,3
20480,7168,768,cktile_30_split0,cktile,30,0,a8w8_blockscale_cktile_192x256x128_4x2x1_16x16x128_intrawave_0x1x0_2_aqrm,177.38903999999994,177.14106249999998,177.63208163265313,3
20480,7168,768,cktile_31_split0,cktile,31,0,a8w8_blockscale_cktile_192x256x128_4x2x1_16x16x128_intrawave_0x1x0_3_aqrm,177.56425999999996,177.37983673469378,177.5667755102041,3
20480,7168,768,cktile_32_split0,cktile,32,0,a8w8_blockscale_cktile_192x256x128_4x2x1_16x16x128_intrawave_0x1x0_4_aqrm,177.27786,177.22184,177.60666000000003,3
20480,7168,768,opus_9000,opus,9000,0,opus_gemm_gfx950_a8w8_mxscale_gemm_bpreshuffle_256x256x256x128_2x2_16x16x128_1x128x128_tiles1_nooob,149.85673999999995,149.78552000000002,150.58554,3
20480,7168,768,opus_9010,opus,9010,0,opus_gemm_gfx950_a8w8_mxscale_gemm_bpreshuffle_256x128x128x128_2x2_16x16x128_1x128x128_tiles1_nooob,272.40056000000004,271.9429600000001,272.4837400000001,3
20480,7168,768,opus_9011,opus,9011,0,opus_gemm_gfx950_a8w8_mxscale_gemm_bpreshuffle_256x64x128x128_2x2_16x16x128_1x128x128_tiles1_nooob,257.6750434782609,257.2974897959183,258.3930000000001,3
20480,7168,768,opus_9012,opus,9012,0,opus_gemm_gfx950_a8w8_mxscale_gemm_bpreshuffle_256x64x64x128_2x2_16x16x128_1x128x128_tiles1_nooob,326.83798,326.7500000000001,327.1435999999999,3
20480,7168,768,opus_9020,opus,9020,0,opus_gemm_gfx950_a8w8_mxscale_gemm_bpreshuffle_256x256x256x128_2x2_16x16x128_1x128x128_tiles1,161.5992083333333,161.32349999999988,162.01687999999993,3
16384,7168,1024,ck_0_split0,ck,0,0,a8w8_blockscale_bpreshuffle_1x128x128_256x128x128x128_16x16_16x16_8x32x1_8x32x1_1x32x1x8_8_2x1_intrawave_v3,216.0024285714286,215.83872093023254,216.50546666666656,3
16384,7168,1024,ck_1_split0,ck,1,0,a8w8_blockscale_bpreshuffle_1x128x128_256x64x128x128_16x16_16x16_8x32x1_8x32x1_1x32x1x8_8_2x1_intrawave_v3,221.6647399999999,221.61595999999997,221.87675999999993,3
16384,7168,1024,ck_2_split0,ck,2,0,a8w8_blockscale_bpreshuffle_1x128x128_256x64x64x128_16x16_16x16_8x32x1_8x32x1_1x32x1x8_8_2x1_intrawave_v3,264.35566,262.2120227272727,265.51246,3
16384,7168,1024,ck_3_split0,ck,3,0,a8w8_blockscale_bpreshuffle_1x128x128_256x16x256x128_8x16_16x16_16x16x1_8x32x1_1x16x1x16_8_1x2_intrawave_v1,387.0346800000001,386.0671632653063,387.79068,3
16384,7168,1024,ck_4_split0,ck,4,0,a8w8_blockscale_bpreshuffle_1x128x128_256x16x128x128_8x16_16x16_16x16x1_8x32x1_1x16x1x16_8_1x2_intrawave_v1,420.9958599999999,419.2166170212765,421.64970833333336,3
16384,7168,1024,ck_5_split0,ck,5,0,a8w8_blockscale_bpreshuffle_1x128x128_256x16x64x128_8x16_16x16_16x16x1_8x32x1_1x16x1x16_4_1x1_intrawave_v1,472.2640425531917,472.04980000000006,472.5619791666668,3
16384,7168,1024,ck_6_split0,ck,6,0,a8w8_blockscale_bpreshuffle_1x128x128_256x16x128x256_16x16_16x16_16x16x1_16x16x1_1x16x1x16_8_1x2_intrawave_v1,410.4512500000001,408.99814000000003,411.02134,3
16384,7168,1024,ck_7_split0,ck,7,0,a8w8_blockscale_bpreshuffle_1x128x128_256x16x64x256_16x16_16x16_16x16x1_16x16x1_1x16x1x16_4_1x1_intrawave_v1,461.64171739130427,459.9476666666665,463.2949591836736,3
16384,7168,1024,ck_8_split0,ck,8,0,a8w8_blockscale_bpreshuffle_1x128x128_256x32x256x128_16x16_16x16_8x32x1_8x32x1_1x32x1x8_8_2x1_intrawave_v1,249.59147999999996,248.7738799999999,250.44668000000013,3
16384,7168,1024,ck_9_split0,ck,9,0,a8w8_blockscale_bpreshuffle_1x128x128_256x32x128x128_16x16_16x16_8x32x1_8x32x1_1x32x1x8_8_2x1_intrawave_v1,269.5098775510205,269.23329999999993,270.21652000000006,3
16384,7168,1024,ck_10_split0,ck,10,0,a8w8_blockscale_bpreshuffle_1x128x128_256x32x64x128_16x16_16x16_8x32x1_8x32x1_1x32x1x8_8_2x1_intrawave_v1,304.3543181818181,303.4817,324.35794000000004,3
16384,7168,1024,ck_11_split0,ck,11,0,a8w8_blockscale_bpreshuffle_1x128x128_256x32x128x256_16x16_16x16_16x16x1_16x16x1_1x32x1x8_8_2x1_intrawave_v1,279.54141999999996,276.2412978723404,279.57093478260873,3
16384,7168,1024,ck_12_split0,ck,12,0,a8w8_blockscale_bpreshuffle_1x128x128_256x32x64x256_16x16_16x16_16x16x1_16x16x1_1x32x1x8_8_2x1_intrawave_v1,322.63794000000007,322.4084523809525,322.9572954545454,3
16384,7168,1024,ck_13_split0,ck,13,0,a8w8_blockscale_bpreshuffle_1x128x128_256x64x256x128_16x16_16x16_8x32x1_8x32x1_1x32x1x8_8_2x1_intrawave_v1,212.19662000000005,211.31823999999995,217.17432,3
16384,7168,1024,ck_14_split0,ck,14,0,a8w8_blockscale_bpreshuffle_1x128x128_256x64x128x128_16x16_16x16_8x32x1_8x32x1_1x32x1x8_8_2x1_intrawave_v1,221.47515999999996,219.72234,221.94157999999996,3
16384,7168,1024,ck_15_split0,ck,15,0,a8w8_blockscale_bpreshuffle_1x128x128_256x64x64x128_16x16_16x16_8x32x1_8x32x1_1x32x1x8_8_2x1_intrawave_v1,254.76113999999995,252.93808510638303,255.70435999999998,3
16384,7168,1024,ck_16_split0,ck,16,0,a8w8_blockscale_bpreshuffle_1x128x128_256x64x128x256_16x16_16x16_16x16x1_16x16x1_1x32x1x8_8_2x1_intrawave_v1,249.04508000000004,248.76697872340424,249.52030000000005,3
16384,7168,1024,ck_17_split0,ck,17,0,a8w8_blockscale_bpreshuffle_1x128x128_256x64x64x256_16x16_16x16_16x16x1_16x16x1_1x32x1x8_8_2x1_intrawave_v1,319.9483,319.94110000000006,321.49272916666683,3
16384,7168,1024,cktile_0_split0,cktile,0,0,a8w8_blockscale_cktile_16x128x256_1x4x1_16x16x128_intrawave_0x1x0_1,416.93338775510233,416.0556199999999,418.4938936170212,3
16384,7168,1024,cktile_1_split0,cktile,1,0,a8w8_blockscale_cktile_16x128x256_1x4x1_16x16x128_intrawave_0x1x0_2,418.1563061224488,417.3732200000002,420.2967142857145,3
16384,7168,1024,cktile_2_split0,cktile,2,0,a8w8_blockscale_cktile_16x128x256_1x4x1_16x16x64_intrawave_0x1x0_1,416.3448367346941,413.06236170212765,416.66122,3
16384,7168,1024,cktile_3_split0,cktile,3,0,a8w8_blockscale_cktile_16x128x256_1x4x1_16x16x64_intrawave_0x1x0_2,391.1313199999999,388.93554347826097,391.2257200000002,3
16384,7168,1024,cktile_4_split0,cktile,4,0,a8w8_blockscale_cktile_32x128x128_1x4x1_16x16x128_intrawave_0x1x0_1,300.80067999999983,300.04065999999983,302.58629999999994,3
16384,7168,1024,cktile_5_split0,cktile,5,0,a8w8_blockscale_cktile_32x128x128_1x4x1_16x16x128_intrawave_0x1x0_2,300.21428,300.1534800000001,300.6582599999998,3
16384,7168,1024,cktile_6_split0,cktile,6,0,a8w8_blockscale_cktile_32x128x128_1x4x1_16x16x64_intrawave_0x1x0_1,301.9966800000001,301.98311999999993,302.59912,3
16384,7168,1024,cktile_7_split0,cktile,7,0,a8w8_blockscale_cktile_32x128x128_1x4x1_16x16x64_intrawave_0x1x0_2,306.90315999999996,301.65191304347843,307.1343399999999,3
16384,7168,1024,cktile_8_split0,cktile,8,0,a8w8_blockscale_cktile_128x128x128_1x4x1_16x16x128_intrawave_0x1x0_1,261.65224000000006,260.6810204081634,262.48185416666666,3
16384,7168,1024,cktile_9_split0,cktile,9,0,a8w8_blockscale_cktile_128x128x128_1x4x1_16x16x128_intrawave_0x1x0_1,262.88984,262.0878510638298,263.1890399999999,3
16384,7168,1024,cktile_10_split0,cktile,10,0,a8w8_blockscale_cktile_128x128x128_2x2x1_16x16x128_intrawave_0x1x0_2,256.28976,253.95453999999995,256.9385600000001,3
16384,7168,1024,cktile_11_split0,cktile,11,0,a8w8_blockscale_cktile_192x256x128_4x2x1_16x16x128_intrawave_0x1x0_1,173.2344693877551,173.05161224489805,173.57779999999994,3
16384,7168,1024,cktile_12_split0,cktile,12,0,a8w8_blockscale_cktile_192x256x128_4x2x1_16x16x128_intrawave_0x1x0_1_aqrm,182.06510000000006,181.57550000000006,182.26722448979595,3
16384,7168,1024,cktile_13_split0,cktile,13,0,a8w8_blockscale_cktile_16x128x256_1x4x1_16x16x128_intrawave_0x1x0_3,416.84362,415.55444186046503,421.6956382978724,3
16384,7168,1024,cktile_14_split0,cktile,14,0,a8w8_blockscale_cktile_16x128x256_1x4x1_16x16x128_intrawave_0x1x0_4,721.6199199999999,720.3919199999999,721.8063399999995,3
16384,7168,1024,cktile_15_split0,cktile,15,0,a8w8_blockscale_cktile_16x128x256_1x4x1_16x16x64_intrawave_0x1x0_3,390.3545,388.56166666666667,391.3381739130436,3
16384,7168,1024,cktile_16_split0,cktile,16,0,a8w8_blockscale_cktile_16x128x256_1x4x1_16x16x64_intrawave_0x1x0_4,440.48879591836743,439.71139583333337,443.50951063829774,3
16384,7168,1024,cktile_17_split0,cktile,17,0,a8w8_blockscale_cktile_32x128x128_1x4x1_16x16x128_intrawave_0x1x0_3,301.87510000000003,300.57347999999996,302.83830000000006,3
16384,7168,1024,cktile_18_split0,cktile,18,0,a8w8_blockscale_cktile_32x128x128_1x4x1_16x16x128_intrawave_0x1x0_4,301.81428000000017,300.8838799999999,302.6134999999998,3
16384,7168,1024,cktile_19_split0,cktile,19,0,a8w8_blockscale_cktile_32x128x128_1x4x1_16x16x64_intrawave_0x1x0_3,303.8103200000001,303.50629999999995,304.04066666666677,3
16384,7168,1024,cktile_20_split0,cktile,20,0,a8w8_blockscale_cktile_32x128x128_1x4x1_16x16x64_intrawave_0x1x0_4,302.9647000000001,302.5655918367347,305.06550000000016,3
16384,7168,1024,cktile_21_split0,cktile,21,0,a8w8_blockscale_cktile_128x128x128_1x4x1_16x16x128_intrawave_0x1x0_2,262.3962199999999,261.57782,264.65772916666646,3
16384,7168,1024,cktile_22_split0,cktile,22,0,a8w8_blockscale_cktile_128x128x128_1x4x1_16x16x128_intrawave_0x1x0_3,758.7898444444447,757.7201041666663,760.26356,3
16384,7168,1024,cktile_23_split0,cktile,23,0,a8w8_blockscale_cktile_128x128x128_1x4x1_16x16x128_intrawave_0x1x0_4,1157.7886363636367,1157.6959545454547,1159.4840000000006,3
16384,7168,1024,cktile_24_split0,cktile,24,0,a8w8_blockscale_cktile_128x128x128_2x2x1_16x16x128_intrawave_0x1x0_1,254.3601399999999,253.84677083333335,256.7481599999999,3
16384,7168,1024,cktile_25_split0,cktile,25,0,a8w8_blockscale_cktile_128x128x128_2x2x1_16x16x128_intrawave_0x1x0_3,805.7801000000004,805.0161199999997,805.8956666666669,3
16384,7168,1024,cktile_26_split0,cktile,26,0,a8w8_blockscale_cktile_128x128x128_2x2x1_16x16x128_intrawave_0x1x0_4,1645.1018095238092,1644.9881627906973,1645.198904761905,3
16384,7168,1024,cktile_27_split0,cktile,27,0,a8w8_blockscale_cktile_192x256x128_4x2x1_16x16x128_intrawave_0x1x0_2,172.8352857142857,172.752,172.96579999999994,3
16384,7168,1024,cktile_28_split0,cktile,28,0,a8w8_blockscale_cktile_192x256x128_4x2x1_16x16x128_intrawave_0x1x0_3,173.04753061224488,172.69814285714287,173.0801111111112,3
16384,7168,1024,cktile_29_split0,cktile,29,0,a8w8_blockscale_cktile_192x256x128_4x2x1_16x16x128_intrawave_0x1x0_4,173.06712244897952,173.05433333333326,173.20969565217388,3
16384,7168,1024,cktile_30_split0,cktile,30,0,a8w8_blockscale_cktile_192x256x128_4x2x1_16x16x128_intrawave_0x1x0_2_aqrm,181.93072000000004,181.80990000000006,182.2936041666666,3
16384,7168,1024,cktile_31_split0,cktile,31,0,a8w8_blockscale_cktile_192x256x128_4x2x1_16x16x128_intrawave_0x1x0_3_aqrm,182.6102708333333,182.2125306122449,183.27872000000002,3
16384,7168,1024,cktile_32_split0,cktile,32,0,a8w8_blockscale_cktile_192x256x128_4x2x1_16x16x128_intrawave_0x1x0_4_aqrm,181.7875,181.57442222222215,181.9819000000001,3
16384,7168,1024,opus_9000,opus,9000,0,opus_gemm_gfx950_a8w8_mxscale_gemm_bpreshuffle_256x256x256x128_2x2_16x16x128_1x128x128_tiles1_nooob,140.0499574468085,140.02020408163264,140.39326530612243,3
16384,7168,1024,opus_9010,opus,9010,0,opus_gemm_gfx950_a8w8_mxscale_gemm_bpreshuffle_256x128x128x128_2x2_16x16x128_1x128x128_tiles1_nooob,245.18504000000013,245.07863999999995,247.76506000000006,3
16384,7168,1024,opus_9011,opus,9011,0,opus_gemm_gfx950_a8w8_mxscale_gemm_bpreshuffle_256x64x128x128_2x2_16x16x128_1x128x128_tiles1_nooob,238.65455999999995,238.33936000000003,238.72255999999993,3
16384,7168,1024,opus_9012,opus,9012,0,opus_gemm_gfx950_a8w8_mxscale_gemm_bpreshuffle_256x64x64x128_2x2_16x16x128_1x128x128_tiles1_nooob,292.2719800000001,291.75436,293.46398000000005,3
16384,7168,1024,opus_9020,opus,9020,0,opus_gemm_gfx950_a8w8_mxscale_gemm_bpreshuffle_256x256x256x128_2x2_16x16x128_1x128x128_tiles1,148.38197872340425,147.77091489361703,148.77406250000004,3
1664,7168,3072,ck_0_split0,ck,0,0,a8w8_blockscale_bpreshuffle_1x128x128_256x128x128x128_16x16_16x16_8x32x1_8x32x1_1x32x1x8_8_2x1_intrawave_v3,63.77493999999997,63.44291999999996,63.87652000000003,3
1664,7168,3072,ck_1_split0,ck,1,0,a8w8_blockscale_bpreshuffle_1x128x128_256x64x128x128_16x16_16x16_8x32x1_8x32x1_1x32x1x8_8_2x1_intrawave_v3,65.11736,64.56133999999999,65.87495999999999,3
1664,7168,3072,ck_2_split0,ck,2,0,a8w8_blockscale_bpreshuffle_1x128x128_256x64x64x128_16x16_16x16_8x32x1_8x32x1_1x32x1x8_8_2x1_intrawave_v3,85.15917999999999,84.27836,86.75119999999997,3
1664,7168,3072,ck_3_split0,ck,3,0,a8w8_blockscale_bpreshuffle_1x128x128_256x16x256x128_8x16_16x16_16x16x1_8x32x1_1x16x1x16_8_1x2_intrawave_v1,125.64603999999997,124.62604000000005,126.27725999999997,3
1664,7168,3072,ck_4_split0,ck,4,0,a8w8_blockscale_bpreshuffle_1x128x128_256x16x128x128_8x16_16x16_16x16x1_8x32x1_1x16x1x16_8_1x2_intrawave_v1,132.00532000000007,131.28450000000004,132.24533999999997,3
1664,7168,3072,ck_5_split0,ck,5,0,a8w8_blockscale_bpreshuffle_1x128x128_256x16x64x128_8x16_16x16_16x16x1_8x32x1_1x16x1x16_4_1x1_intrawave_v1,154.33277999999996,154.29277999999994,155.87600000000006,3
1664,7168,3072,ck_6_split0,ck,6,0,a8w8_blockscale_bpreshuffle_1x128x128_256x16x128x256_16x16_16x16_16x16x1_16x16x1_1x16x1x16_8_1x2_intrawave_v1,128.78849999999994,127.42368,129.52288000000001,3
1664,7168,3072,ck_7_split0,ck,7,0,a8w8_blockscale_bpreshuffle_1x128x128_256x16x64x256_16x16_16x16_16x16x1_16x16x1_1x16x1x16_4_1x1_intrawave_v1,148.85591999999994,146.26070000000004,149.38392000000002,3
1664,7168,3072,ck_8_split0,ck,8,0,a8w8_blockscale_bpreshuffle_1x128x128_256x32x256x128_16x16_16x16_8x32x1_8x32x1_1x32x1x8_8_2x1_intrawave_v1,79.4591,78.72632000000004,80.56153999999998,3
1664,7168,3072,ck_9_split0,ck,9,0,a8w8_blockscale_bpreshuffle_1x128x128_256x32x128x128_16x16_16x16_8x32x1_8x32x1_1x32x1x8_8_2x1_intrawave_v1,83.93675999999998,83.88555999999996,84.00316000000004,3
1664,7168,3072,ck_10_split0,ck,10,0,a8w8_blockscale_bpreshuffle_1x128x128_256x32x64x128_16x16_16x16_8x32x1_8x32x1_1x32x1x8_8_2x1_intrawave_v1,100.30653999999998,98.49051999999998,100.72495999999997,3
1664,7168,3072,ck_11_split0,ck,11,0,a8w8_blockscale_bpreshuffle_1x128x128_256x32x128x256_16x16_16x16_16x16x1_16x16x1_1x32x1x8_8_2x1_intrawave_v1,87.90720000000005,86.71760000000002,88.74884,3
1664,7168,3072,ck_12_split0,ck,12,0,a8w8_blockscale_bpreshuffle_1x128x128_256x32x64x256_16x16_16x16_16x16x1_16x16x1_1x32x1x8_8_2x1_intrawave_v1,102.43297999999999,100.92495999999997,103.16417999999997,3
1664,7168,3072,ck_13_split0,ck,13,0,a8w8_blockscale_bpreshuffle_1x128x128_256x64x256x128_16x16_16x16_8x32x1_8x32x1_1x32x1x8_8_2x1_intrawave_v1,63.438120000000026,63.06292000000002,64.52454000000002,3
1664,7168,3072,ck_14_split0,ck,14,0,a8w8_blockscale_bpreshuffle_1x128x128_256x64x128x128_16x16_16x16_8x32x1_8x32x1_1x32x1x8_8_2x1_intrawave_v1,64.80533999999996,63.93222916666664,64.83413999999999,3
1664,7168,3072,ck_15_split0,ck,15,0,a8w8_blockscale_bpreshuffle_1x128x128_256x64x64x128_16x16_16x16_8x32x1_8x32x1_1x32x1x8_8_2x1_intrawave_v1,81.97353999999996,81.29592000000004,84.73598,3
1664,7168,3072,ck_16_split0,ck,16,0,a8w8_blockscale_bpreshuffle_1x128x128_256x64x128x256_16x16_16x16_16x16x1_16x16x1_1x32x1x8_8_2x1_intrawave_v1,74.74065999999999,71.71821999999999,76.19108,3
1664,7168,3072,ck_17_split0,ck,17,0,a8w8_blockscale_bpreshuffle_1x128x128_256x64x64x256_16x16_16x16_16x16x1_16x16x1_1x32x1x8_8_2x1_intrawave_v1,92.97047999999997,92.88488000000005,93.46728000000003,3
1664,7168,3072,cktile_0_split0,cktile,0,0,a8w8_blockscale_cktile_16x128x256_1x4x1_16x16x128_intrawave_0x1x0_1,124.89944000000007,123.43461999999995,127.05225999999995,3
1664,7168,3072,cktile_1_split0,cktile,1,0,a8w8_blockscale_cktile_16x128x256_1x4x1_16x16x128_intrawave_0x1x0_2,123.00104081632658,122.11540000000001,124.14777083333333,3
1664,7168,3072,cktile_2_split0,cktile,2,0,a8w8_blockscale_cktile_16x128x256_1x4x1_16x16x64_intrawave_0x1x0_1,128.71548000000007,128.1962800000001,131.05712000000003,3
1664,7168,3072,cktile_3_split0,cktile,3,0,a8w8_blockscale_cktile_16x128x256_1x4x1_16x16x64_intrawave_0x1x0_2,128.04748,128.03228,128.2290799999999,3
1664,7168,3072,cktile_4_split0,cktile,4,0,a8w8_blockscale_cktile_32x128x128_1x4x1_16x16x128_intrawave_0x1x0_1,98.99594,98.49193999999993,99.86314000000006,3
1664,7168,3072,cktile_5_split0,cktile,5,0,a8w8_blockscale_cktile_32x128x128_1x4x1_16x16x128_intrawave_0x1x0_2,97.31592000000008,97.02471999999996,99.2874791666667,3
1664,7168,3072,cktile_6_split0,cktile,6,0,a8w8_blockscale_cktile_32x128x128_1x4x1_16x16x64_intrawave_0x1x0_1,100.02156000000005,99.20476,100.50635999999997,3
1664,7168,3072,cktile_7_split0,cktile,7,0,a8w8_blockscale_cktile_32x128x128_1x4x1_16x16x64_intrawave_0x1x0_2,100.9439799999999,100.29916000000003,102.42877999999999,3
1664,7168,3072,cktile_8_split0,cktile,8,0,a8w8_blockscale_cktile_128x128x128_1x4x1_16x16x128_intrawave_0x1x0_1,93.4680212765957,93.46793023255817,93.80589361702127,3
1664,7168,3072,cktile_9_split0,cktile,9,0,a8w8_blockscale_cktile_128x128x128_1x4x1_16x16x128_intrawave_0x1x0_1,94.43418367346943,94.0518297872341,94.74293617021274,3
1664,7168,3072,cktile_10_split0,cktile,10,0,a8w8_blockscale_cktile_128x128x128_2x2x1_16x16x128_intrawave_0x1x0_2,94.71029999999995,94.28627999999998,95.51349999999998,3
1664,7168,3072,cktile_11_split0,cktile,11,0,a8w8_blockscale_cktile_192x256x128_4x2x1_16x16x128_intrawave_0x1x0_1,44.423319148936145,44.36395555555555,44.4603,3
1664,7168,3072,cktile_12_split0,cktile,12,0,a8w8_blockscale_cktile_192x256x128_4x2x1_16x16x128_intrawave_0x1x0_1_aqrm,52.19714285714287,52.11479999999999,52.41082,3
1664,7168,3072,cktile_13_split0,cktile,13,0,a8w8_blockscale_cktile_16x128x256_1x4x1_16x16x128_intrawave_0x1x0_3,124.56024000000005,124.1634200000001,124.92106122448988,3
1664,7168,3072,cktile_14_split0,cktile,14,0,a8w8_blockscale_cktile_16x128x256_1x4x1_16x16x128_intrawave_0x1x0_4,245.92962000000003,243.02960000000002,247.44726,3
1664,7168,3072,cktile_15_split0,cktile,15,0,a8w8_blockscale_cktile_16x128x256_1x4x1_16x16x64_intrawave_0x1x0_3,126.86106000000005,125.27623999999994,128.62427999999997,3
1664,7168,3072,cktile_16_split0,cktile,16,0,a8w8_blockscale_cktile_16x128x256_1x4x1_16x16x64_intrawave_0x1x0_4,143.10763999999998,142.84606000000005,144.39727999999988,3
1664,7168,3072,cktile_17_split0,cktile,17,0,a8w8_blockscale_cktile_32x128x128_1x4x1_16x16x128_intrawave_0x1x0_3,98.58153999999996,97.56151999999994,99.19114000000008,3
1664,7168,3072,cktile_18_split0,cktile,18,0,a8w8_blockscale_cktile_32x128x128_1x4x1_16x16x128_intrawave_0x1x0_4,98.81274000000002,97.57708163265306,99.32315999999997,3
1664,7168,3072,cktile_19_split0,cktile,19,0,a8w8_blockscale_cktile_32x128x128_1x4x1_16x16x64_intrawave_0x1x0_3,100.1207599999999,100.08315999999999,102.95358,3
1664,7168,3072,cktile_20_split0,cktile,20,0,a8w8_blockscale_cktile_32x128x128_1x4x1_16x16x64_intrawave_0x1x0_4,101.57755999999996,99.19273999999997,101.65358,3
1664,7168,3072,cktile_21_split0,cktile,21,0,a8w8_blockscale_cktile_128x128x128_1x4x1_16x16x128_intrawave_0x1x0_2,93.55348837209304,92.65050000000006,94.0165384615384,3
1664,7168,3072,cktile_22_split0,cktile,22,0,a8w8_blockscale_cktile_128x128x128_1x4x1_16x16x128_intrawave_0x1x0_3,246.2836904761904,246.0882790697673,246.45386046511626,3
1664,7168,3072,cktile_23_split0,cktile,23,0,a8w8_blockscale_cktile_128x128x128_1x4x1_16x16x128_intrawave_0x1x0_4,417.3878333333334,416.8943555555555,417.49968888888907,3
1664,7168,3072,cktile_24_split0,cktile,24,0,a8w8_blockscale_cktile_128x128x128_2x2x1_16x16x128_intrawave_0x1x0_1,94.55268,94.42438775510202,94.93510000000002,3
1664,7168,3072,cktile_25_split0,cktile,25,0,a8w8_blockscale_cktile_128x128x128_2x2x1_16x16x128_intrawave_0x1x0_3,259.7673636363634,259.6670232558139,260.27240476190474,3
1664,7168,3072,cktile_26_split0,cktile,26,0,a8w8_blockscale_cktile_128x128x128_2x2x1_16x16x128_intrawave_0x1x0_4,597.2190624999998,597.1466304347822,597.4673541666666,3
1664,7168,3072,cktile_27_split0,cktile,27,0,a8w8_blockscale_cktile_192x256x128_4x2x1_16x16x128_intrawave_0x1x0_2,44.266456521739144,44.184520833333316,44.4114255319149,3
1664,7168,3072,cktile_28_split0,cktile,28,0,a8w8_blockscale_cktile_192x256x128_4x2x1_16x16x128_intrawave_0x1x0_3,44.1091,44.05993617021279,44.31776086956522,3
1664,7168,3072,cktile_29_split0,cktile,29,0,a8w8_blockscale_cktile_192x256x128_4x2x1_16x16x128_intrawave_0x1x0_4,44.188173913043485,44.100787234042535,44.26440000000002,3
1664,7168,3072,cktile_30_split0,cktile,30,0,a8w8_blockscale_cktile_192x256x128_4x2x1_16x16x128_intrawave_0x1x0_2_aqrm,52.34039999999998,51.36599999999998,53.34842000000003,3
1664,7168,3072,cktile_31_split0,cktile,31,0,a8w8_blockscale_cktile_192x256x128_4x2x1_16x16x128_intrawave_0x1x0_3_aqrm,51.91240000000003,51.60838,52.88119999999997,3
1664,7168,3072,cktile_32_split0,cktile,32,0,a8w8_blockscale_cktile_192x256x128_4x2x1_16x16x128_intrawave_0x1x0_4_aqrm,52.33510204081634,51.85240000000002,52.47240000000002,3
1664,7168,3072,opus_9010,opus,9010,0,opus_gemm_gfx950_a8w8_mxscale_gemm_bpreshuffle_256x128x128x128_2x2_16x16x128_1x128x128_tiles1_nooob,61.14130000000001,60.536020408163246,61.56050000000001,3
1664,7168,3072,opus_9011,opus,9011,0,opus_gemm_gfx950_a8w8_mxscale_gemm_bpreshuffle_256x64x128x128_2x2_16x16x128_1x128x128_tiles1_nooob,62.85734,62.582940000000015,62.90852000000002,3
1664,7168,3072,opus_9012,opus,9012,0,opus_gemm_gfx950_a8w8_mxscale_gemm_bpreshuffle_256x64x64x128_2x2_16x16x128_1x128x128_tiles1_nooob,75.19268000000002,74.77402083333332,76.46867999999999,3
1664,7168,3072,opus_9020,opus,9020,0,opus_gemm_gfx950_a8w8_mxscale_gemm_bpreshuffle_256x256x256x128_2x2_16x16x128_1x128x128_tiles1,46.92863636363638,46.85863636363637,47.26956818181822,3
14336,7168,3072,ck_0_split0,ck,0,0,a8w8_blockscale_bpreshuffle_1x128x128_256x128x128x128_16x16_16x16_8x32x1_8x32x1_1x32x1x8_8_2x1_intrawave_v3,439.4573749999999,438.98006666666663,440.0173555555555,3
14336,7168,3072,ck_1_split0,ck,1,0,a8w8_blockscale_bpreshuffle_1x128x128_256x64x128x128_16x16_16x16_8x32x1_8x32x1_1x32x1x8_8_2x1_intrawave_v3,471.0091799999999,470.1986734693877,471.4828000000001,3
14336,7168,3072,ck_2_split0,ck,2,0,a8w8_blockscale_bpreshuffle_1x128x128_256x64x64x128_16x16_16x16_8x32x1_8x32x1_1x32x1x8_8_2x1_intrawave_v3,609.59318,606.4627599999999,611.4724199999999,3
14336,7168,3072,ck_3_split0,ck,3,0,a8w8_blockscale_bpreshuffle_1x128x128_256x16x256x128_8x16_16x16_16x16x1_8x32x1_1x16x1x16_8_1x2_intrawave_v1,935.7590666666669,932.4696818181819,942.4211086956517,3
14336,7168,3072,ck_4_split0,ck,4,0,a8w8_blockscale_bpreshuffle_1x128x128_256x16x128x128_8x16_16x16_16x16x1_8x32x1_1x16x1x16_8_1x2_intrawave_v1,994.0278043478264,992.2467045454549,996.43,3
14336,7168,3072,ck_5_split0,ck,5,0,a8w8_blockscale_bpreshuffle_1x128x128_256x16x64x128_8x16_16x16_16x16x1_8x32x1_1x16x1x16_4_1x1_intrawave_v1,1149.3126,1148.8537959183677,1150.3663541666665,3
14336,7168,3072,ck_6_split0,ck,6,0,a8w8_blockscale_bpreshuffle_1x128x128_256x16x128x256_16x16_16x16_16x16x1_16x16x1_1x16x1x16_8_1x2_intrawave_v1,955.0584680851064,953.829489361702,956.4458775510207,3
14336,7168,3072,ck_7_split0,ck,7,0,a8w8_blockscale_bpreshuffle_1x128x128_256x16x64x256_16x16_16x16_16x16x1_16x16x1_1x16x1x16_4_1x1_intrawave_v1,1124.1678163265303,1124.0390599999998,1129.6711799999998,3
14336,7168,3072,ck_8_split0,ck,8,0,a8w8_blockscale_bpreshuffle_1x128x128_256x32x256x128_16x16_16x16_8x32x1_8x32x1_1x32x1x8_8_2x1_intrawave_v1,548.1181555555556,547.7119523809523,549.8381,3
14336,7168,3072,ck_9_split0,ck,9,0,a8w8_blockscale_bpreshuffle_1x128x128_256x32x128x128_16x16_16x16_8x32x1_8x32x1_1x32x1x8_8_2x1_intrawave_v1,607.1832499999999,606.4233478260869,607.6423181818182,3
14336,7168,3072,ck_10_split0,ck,10,0,a8w8_blockscale_bpreshuffle_1x128x128_256x32x64x128_16x16_16x16_8x32x1_8x32x1_1x32x1x8_8_2x1_intrawave_v1,733.4917391304347,733.3648723404259,736.1483260869563,3
14336,7168,3072,ck_11_split0,ck,11,0,a8w8_blockscale_bpreshuffle_1x128x128_256x32x128x256_16x16_16x16_16x16x1_16x16x1_1x32x1x8_8_2x1_intrawave_v1,617.8750212765959,617.7635833333334,618.4060697674417,3
14336,7168,3072,ck_12_split0,ck,12,0,a8w8_blockscale_bpreshuffle_1x128x128_256x32x64x256_16x16_16x16_16x16x1_16x16x1_1x32x1x8_8_2x1_intrawave_v1,745.6217555555558,744.3301521739131,746.5346444444447,3
14336,7168,3072,ck_13_split0,ck,13,0,a8w8_blockscale_bpreshuffle_1x128x128_256x64x256x128_16x16_16x16_8x32x1_8x32x1_1x32x1x8_8_2x1_intrawave_v1,437.45202222222224,435.56202439024383,439.198688888889,3
14336,7168,3072,ck_14_split0,ck,14,0,a8w8_blockscale_bpreshuffle_1x128x128_256x64x128x128_16x16_16x16_8x32x1_8x32x1_1x32x1x8_8_2x1_intrawave_v1,461.9472765957446,461.7588409090908,465.17983673469394,3
14336,7168,3072,ck_15_split0,ck,15,0,a8w8_blockscale_bpreshuffle_1x128x128_256x64x64x128_16x16_16x16_8x32x1_8x32x1_1x32x1x8_8_2x1_intrawave_v1,593.62502,591.94738,594.6386200000001,3
14336,7168,3072,ck_16_split0,ck,16,0,a8w8_blockscale_bpreshuffle_1x128x128_256x64x128x256_16x16_16x16_16x16x1_16x16x1_1x32x1x8_8_2x1_intrawave_v1,518.6014782608695,518.2431363636364,518.8558636363636,3
14336,7168,3072,ck_17_split0,ck,17,0,a8w8_blockscale_bpreshuffle_1x128x128_256x64x64x256_16x16_16x16_16x16x1_16x16x1_1x32x1x8_8_2x1_intrawave_v1,667.8814565217389,667.1612666666666,670.3467045454547,3
14336,7168,3072,cktile_0_split0,cktile,0,0,a8w8_blockscale_cktile_16x128x256_1x4x1_16x16x128_intrawave_0x1x0_1,921.6405599999997,911.9700799999998,925.2290204081637,3
14336,7168,3072,cktile_1_split0,cktile,1,0,a8w8_blockscale_cktile_16x128x256_1x4x1_16x16x128_intrawave_0x1x0_2,921.9277755102031,921.146510204081,926.3669583333335,3
14336,7168,3072,cktile_2_split0,cktile,2,0,a8w8_blockscale_cktile_16x128x256_1x4x1_16x16x64_intrawave_0x1x0_1,936.5853958333331,936.4287708333333,939.5983600000003,3
14336,7168,3072,cktile_3_split0,cktile,3,0,a8w8_blockscale_cktile_16x128x256_1x4x1_16x16x64_intrawave_0x1x0_2,921.7677346938776,918.4161914893621,922.4094255319155,3
14336,7168,3072,cktile_4_split0,cktile,4,0,a8w8_blockscale_cktile_32x128x128_1x4x1_16x16x128_intrawave_0x1x0_1,683.7702666666665,683.6450600000001,685.356489361702,3
14336,7168,3072,cktile_5_split0,cktile,5,0,a8w8_blockscale_cktile_32x128x128_1x4x1_16x16x128_intrawave_0x1x0_2,684.5462553191485,680.6698200000001,685.6632608695651,3
14336,7168,3072,cktile_6_split0,cktile,6,0,a8w8_blockscale_cktile_32x128x128_1x4x1_16x16x64_intrawave_0x1x0_1,698.8060000000005,698.6876326530609,699.0526874999997,3
14336,7168,3072,cktile_7_split0,cktile,7,0,a8w8_blockscale_cktile_32x128x128_1x4x1_16x16x64_intrawave_0x1x0_2,701.1380400000002,698.602,701.2341276595745,3
14336,7168,3072,cktile_8_split0,cktile,8,0,a8w8_blockscale_cktile_128x128x128_1x4x1_16x16x128_intrawave_0x1x0_1,579.0698695652173,578.3077333333331,579.9529791666669,3
14336,7168,3072,cktile_9_split0,cktile,9,0,a8w8_blockscale_cktile_128x128x128_1x4x1_16x16x128_intrawave_0x1x0_1,580.3538333333335,579.4604375,580.5614400000002,3
14336,7168,3072,cktile_10_split0,cktile,10,0,a8w8_blockscale_cktile_128x128x128_2x2x1_16x16x128_intrawave_0x1x0_2,557.3155999999998,557.2997021276597,561.6305714285713,3
14336,7168,3072,cktile_11_split0,cktile,11,0,a8w8_blockscale_cktile_192x256x128_4x2x1_16x16x128_intrawave_0x1x0_1,351.5610731707318,350.8079183673469,351.96302272727274,3
14336,7168,3072,cktile_12_split0,cktile,12,0,a8w8_blockscale_cktile_192x256x128_4x2x1_16x16x128_intrawave_0x1x0_1_aqrm,395.61156000000005,395.20922448979593,397.4747600000001,3
14336,7168,3072,cktile_13_split0,cktile,13,0,a8w8_blockscale_cktile_16x128x256_1x4x1_16x16x128_intrawave_0x1x0_3,927.6398199999998,922.7645102040826,927.6520212765955,3
14336,7168,3072,cktile_14_split0,cktile,14,0,a8w8_blockscale_cktile_16x128x256_1x4x1_16x16x128_intrawave_0x1x0_4,1852.3273863636366,1852.006545454546,1853.3392272727253,3
14336,7168,3072,cktile_15_split0,cktile,15,0,a8w8_blockscale_cktile_16x128x256_1x4x1_16x16x64_intrawave_0x1x0_3,923.5651702127665,921.1839148936166,925.3319375,3
14336,7168,3072,cktile_16_split0,cktile,16,0,a8w8_blockscale_cktile_16x128x256_1x4x1_16x16x64_intrawave_0x1x0_4,1030.0840816326536,1026.814063829787,1030.7477755102032,3
14336,7168,3072,cktile_17_split0,cktile,17,0,a8w8_blockscale_cktile_32x128x128_1x4x1_16x16x128_intrawave_0x1x0_3,684.1241874999997,683.4882599999997,684.7993265306125,3
14336,7168,3072,cktile_18_split0,cktile,18,0,a8w8_blockscale_cktile_32x128x128_1x4x1_16x16x128_intrawave_0x1x0_4,682.1488085106383,681.2124791666664,685.8024680851064,3
14336,7168,3072,cktile_19_split0,cktile,19,0,a8w8_blockscale_cktile_32x128x128_1x4x1_16x16x64_intrawave_0x1x0_3,701.1448163265305,700.9460600000003,702.802325581395,3
14336,7168,3072,cktile_20_split0,cktile,20,0,a8w8_blockscale_cktile_32x128x128_1x4x1_16x16x64_intrawave_0x1x0_4,701.7644081632652,701.3124468085105,702.9358666666662,3
14336,7168,3072,cktile_21_split0,cktile,21,0,a8w8_blockscale_cktile_128x128x128_1x4x1_16x16x128_intrawave_0x1x0_2,579.1638125,579.0072127659575,580.3670599999999,3
14336,7168,3072,cktile_22_split0,cktile,22,0,a8w8_blockscale_cktile_128x128x128_1x4x1_16x16x128_intrawave_0x1x0_3,1916.9566249999996,1916.0057916666658,1926.2344999999993,3
14336,7168,3072,cktile_23_split0,cktile,23,0,a8w8_blockscale_cktile_128x128x128_1x4x1_16x16x128_intrawave_0x1x0_4,2933.68848888889,2933.2115909090903,2937.9153636363653,3
14336,7168,3072,cktile_24_split0,cktile,24,0,a8w8_blockscale_cktile_128x128x128_2x2x1_16x16x128_intrawave_0x1x0_1,559.3881020408162,558.7692199999998,560.3596200000003,3
14336,7168,3072,cktile_25_split0,cktile,25,0,a8w8_blockscale_cktile_128x128x128_2x2x1_16x16x128_intrawave_0x1x0_3,2006.9610000000011,2006.9531956521741,2008.4830204081632,3
14336,7168,3072,cktile_26_split0,cktile,26,0,a8w8_blockscale_cktile_128x128x128_2x2x1_16x16x128_intrawave_0x1x0_4,4297.239122448977,4293.798812499998,4303.23187755102,3
14336,7168,3072,cktile_27_split0,cktile,27,0,a8w8_blockscale_cktile_192x256x128_4x2x1_16x16x128_intrawave_0x1x0_2,352.00224000000003,351.99472916666656,352.2355416666666,3
14336,7168,3072,cktile_28_split0,cktile,28,0,a8w8_blockscale_cktile_192x256x128_4x2x1_16x16x128_intrawave_0x1x0_3,351.6847999999998,351.3086400000001,352.33903999999995,3
14336,7168,3072,cktile_29_split0,cktile,29,0,a8w8_blockscale_cktile_192x256x128_4x2x1_16x16x128_intrawave_0x1x0_4,352.413255319149,351.6088541666666,352.73637499999995,3
14336,7168,3072,cktile_30_split0,cktile,30,0,a8w8_blockscale_cktile_192x256x128_4x2x1_16x16x128_intrawave_0x1x0_2_aqrm,394.85577551020396,394.42435416666666,396.12036,3
14336,7168,3072,cktile_31_split0,cktile,31,0,a8w8_blockscale_cktile_192x256x128_4x2x1_16x16x128_intrawave_0x1x0_3_aqrm,394.6925102040816,394.04191999999995,395.9123400000001,3
14336,7168,3072,cktile_32_split0,cktile,32,0,a8w8_blockscale_cktile_192x256x128_4x2x1_16x16x128_intrawave_0x1x0_4_aqrm,395.89716,395.4715200000001,397.73956,3
14336,7168,3072,opus_9000,opus,9000,0,opus_gemm_gfx950_a8w8_mxscale_gemm_bpreshuffle_256x256x256x128_2x2_16x16x128_1x128x128_tiles1_nooob,303.7488723404256,303.6515681818182,304.2116458333333,3
14336,7168,3072,opus_9010,opus,9010,0,opus_gemm_gfx950_a8w8_mxscale_gemm_bpreshuffle_256x128x128x128_2x2_16x16x128_1x128x128_tiles1_nooob,447.46414583333325,446.63050000000004,448.85614000000004,3
14336,7168,3072,opus_9011,opus,9011,0,opus_gemm_gfx950_a8w8_mxscale_gemm_bpreshuffle_256x64x128x128_2x2_16x16x128_1x128x128_tiles1_nooob,448.70245833333325,447.50050000000016,449.15308510638306,3
14336,7168,3072,opus_9012,opus,9012,0,opus_gemm_gfx950_a8w8_mxscale_gemm_bpreshuffle_256x64x64x128_2x2_16x16x128_1x128x128_tiles1_nooob,549.0044791666667,547.7922608695652,549.0060799999999,3
14336,7168,3072,opus_9020,opus,9020,0,opus_gemm_gfx950_a8w8_mxscale_gemm_bpreshuffle_256x256x256x128_2x2_16x16x128_1x128x128_tiles1,314.5480681818181,314.4932444444445,314.96261999999996,3
1152,7168,7168,ck_0_split0,ck,0,0,a8w8_blockscale_bpreshuffle_1x128x128_256x128x128x128_16x16_16x16_8x32x1_8x32x1_1x32x1x8_8_2x1_intrawave_v3,91.82485999999999,89.75522,93.01845999999999,3
1152,7168,7168,ck_1_split0,ck,1,0,a8w8_blockscale_bpreshuffle_1x128x128_256x64x128x128_16x16_16x16_8x32x1_8x32x1_1x32x1x8_8_2x1_intrawave_v3,104.9266,103.73298000000004,105.32900000000001,3
1152,7168,7168,ck_2_split0,ck,2,0,a8w8_blockscale_bpreshuffle_1x128x128_256x64x64x128_16x16_16x16_8x32x1_8x32x1_1x32x1x8_8_2x1_intrawave_v3,128.72207999999995,128.60368000000003,131.78449999999998,3
1152,7168,7168,ck_3_split0,ck,3,0,a8w8_blockscale_bpreshuffle_1x128x128_256x16x256x128_8x16_16x16_16x16x1_8x32x1_1x16x1x16_8_1x2_intrawave_v1,206.36855999999992,205.40542857142847,207.15565306122454,3
1152,7168,7168,ck_4_split0,ck,4,0,a8w8_blockscale_bpreshuffle_1x128x128_256x16x128x128_8x16_16x16_16x16x1_8x32x1_1x16x1x16_8_1x2_intrawave_v1,212.48622000000003,212.15581999999995,212.62544000000003,3
1152,7168,7168,ck_5_split0,ck,5,0,a8w8_blockscale_bpreshuffle_1x128x128_256x16x64x128_8x16_16x16_16x16x1_8x32x1_1x16x1x16_4_1x1_intrawave_v1,243.17057999999997,240.89936000000006,243.59539999999993,3
1152,7168,7168,ck_6_split0,ck,6,0,a8w8_blockscale_bpreshuffle_1x128x128_256x16x128x256_16x16_16x16_16x16x1_16x16x1_1x16x1x16_8_1x2_intrawave_v1,202.81252,202.70372000000003,203.33492000000024,3
1152,7168,7168,ck_7_split0,ck,7,0,a8w8_blockscale_bpreshuffle_1x128x128_256x16x64x256_16x16_16x16_16x16x1_16x16x1_1x16x1x16_4_1x1_intrawave_v1,231.94884000000016,230.99043999999998,232.55365999999987,3
1152,7168,7168,ck_8_split0,ck,8,0,a8w8_blockscale_bpreshuffle_1x128x128_256x32x256x128_16x16_16x16_8x32x1_8x32x1_1x32x1x8_8_2x1_intrawave_v1,132.71092000000002,131.75395918367352,134.44220833333335,3
1152,7168,7168,ck_9_split0,ck,9,0,a8w8_blockscale_bpreshuffle_1x128x128_256x32x128x128_16x16_16x16_8x32x1_8x32x1_1x32x1x8_8_2x1_intrawave_v1,132.46452000000005,130.45009999999996,132.80929999999998,3
1152,7168,7168,ck_10_split0,ck,10,0,a8w8_blockscale_bpreshuffle_1x128x128_256x32x64x128_16x16_16x16_8x32x1_8x32x1_1x32x1x8_8_2x1_intrawave_v1,155.98958000000002,155.58957999999996,157.7664,3
1152,7168,7168,ck_11_split0,ck,11,0,a8w8_blockscale_bpreshuffle_1x128x128_256x32x128x256_16x16_16x16_16x16x1_16x16x1_1x32x1x8_8_2x1_intrawave_v1,133.47652,132.68852000000004,135.63973469387759,3
1152,7168,7168,ck_12_split0,ck,12,0,a8w8_blockscale_bpreshuffle_1x128x128_256x32x64x256_16x16_16x16_16x16x1_16x16x1_1x32x1x8_8_2x1_intrawave_v1,161.26563999999996,158.32719999999995,163.66728,3
1152,7168,7168,ck_13_split0,ck,13,0,a8w8_blockscale_bpreshuffle_1x128x128_256x64x256x128_16x16_16x16_8x32x1_8x32x1_1x32x1x8_8_2x1_intrawave_v1,93.29046000000002,92.54325999999998,97.48089999999993,3
1152,7168,7168,ck_14_split0,ck,14,0,a8w8_blockscale_bpreshuffle_1x128x128_256x64x128x128_16x16_16x16_8x32x1_8x32x1_1x32x1x8_8_2x1_intrawave_v1,103.25458,101.77695999999993,106.92022000000003,3
1152,7168,7168,ck_15_split0,ck,15,0,a8w8_blockscale_bpreshuffle_1x128x128_256x64x64x128_16x16_16x16_8x32x1_8x32x1_1x32x1x8_8_2x1_intrawave_v1,125.86044000000004,125.18122,127.58925999999998,3
1152,7168,7168,ck_16_split0,ck,16,0,a8w8_blockscale_bpreshuffle_1x128x128_256x64x128x256_16x16_16x16_16x16x1_16x16x1_1x32x1x8_8_2x1_intrawave_v1,110.34826000000004,108.70506000000002,111.70108000000003,3
1152,7168,7168,ck_17_split0,ck,17,0,a8w8_blockscale_bpreshuffle_1x128x128_256x64x64x256_16x16_16x16_16x16x1_16x16x1_1x32x1x8_8_2x1_intrawave_v1,136.67416,134.14133999999996,140.74222,3
1152,7168,7168,cktile_0_split0,cktile,0,0,a8w8_blockscale_cktile_16x128x256_1x4x1_16x16x128_intrawave_0x1x0_1,213.63163999999998,213.0244399999998,214.43723999999992,3
1152,7168,7168,cktile_1_split0,cktile,1,0,a8w8_blockscale_cktile_16x128x256_1x4x1_16x16x128_intrawave_0x1x0_2,214.38764000000006,213.0420200000001,215.95408000000006,3
1152,7168,7168,cktile_2_split0,cktile,2,0,a8w8_blockscale_cktile_16x128x256_1x4x1_16x16x64_intrawave_0x1x0_1,216.26127999999997,215.1140599999999,218.7108999999999,3
1152,7168,7168,cktile_3_split0,cktile,3,0,a8w8_blockscale_cktile_16x128x256_1x4x1_16x16x64_intrawave_0x1x0_2,216.29406,215.09565999999995,217.86208000000028,3
1152,7168,7168,cktile_4_split0,cktile,4,0,a8w8_blockscale_cktile_32x128x128_1x4x1_16x16x128_intrawave_0x1x0_1,155.55498,154.79096000000004,155.89978000000002,3
1152,7168,7168,cktile_5_split0,cktile,5,0,a8w8_blockscale_cktile_32x128x128_1x4x1_16x16x128_intrawave_0x1x0_2,157.34540000000007,155.61657999999994,158.04059999999996,3
1152,7168,7168,cktile_6_split0,cktile,6,0,a8w8_blockscale_cktile_32x128x128_1x4x1_16x16x64_intrawave_0x1x0_1,161.9358399999999,161.43184000000008,162.51152083333335,3
1152,7168,7168,cktile_7_split0,cktile,7,0,a8w8_blockscale_cktile_32x128x128_1x4x1_16x16x64_intrawave_0x1x0_2,159.45982,159.32862000000006,161.8126400000001,3
1152,7168,7168,cktile_8_split0,cktile,8,0,a8w8_blockscale_cktile_128x128x128_1x4x1_16x16x128_intrawave_0x1x0_1,125.32581999999998,124.75224,125.47943999999998,3
1152,7168,7168,cktile_9_split0,cktile,9,0,a8w8_blockscale_cktile_128x128x128_1x4x1_16x16x128_intrawave_0x1x0_1,124.57781999999999,124.03541999999999,124.67381999999998,3
1152,7168,7168,cktile_10_split0,cktile,10,0,a8w8_blockscale_cktile_128x128x128_2x2x1_16x16x128_intrawave_0x1x0_2,127.69226,125.97360416666662,128.76668,3
1152,7168,7168,cktile_11_split0,cktile,11,0,a8w8_blockscale_cktile_192x256x128_4x2x1_16x16x128_intrawave_0x1x0_1,81.57493749999999,80.67408333333329,82.8734081632653,3
1152,7168,7168,cktile_12_split0,cktile,12,0,a8w8_blockscale_cktile_192x256x128_4x2x1_16x16x128_intrawave_0x1x0_1_aqrm,102.50350000000002,102.3676666666667,102.61016666666667,3
1152,7168,7168,cktile_13_split0,cktile,13,0,a8w8_blockscale_cktile_16x128x256_1x4x1_16x16x128_intrawave_0x1x0_3,214.84208163265308,214.15005999999997,215.35005999999998,3
1152,7168,7168,cktile_14_split0,cktile,14,0,a8w8_blockscale_cktile_16x128x256_1x4x1_16x16x128_intrawave_0x1x0_4,395.283441860465,393.56530232558134,395.9682448979593,3
1152,7168,7168,cktile_15_split0,cktile,15,0,a8w8_blockscale_cktile_16x128x256_1x4x1_16x16x64_intrawave_0x1x0_3,216.36607999999993,214.22763999999995,216.47007999999994,3
1152,7168,7168,cktile_16_split0,cktile,16,0,a8w8_blockscale_cktile_16x128x256_1x4x1_16x16x64_intrawave_0x1x0_4,230.76463999999999,230.62624000000008,231.50784000000004,3
1152,7168,7168,cktile_17_split0,cktile,17,0,a8w8_blockscale_cktile_32x128x128_1x4x1_16x16x128_intrawave_0x1x0_3,157.25660000000005,156.08778000000004,157.3613999999999,3
1152,7168,7168,cktile_18_split0,cktile,18,0,a8w8_blockscale_cktile_32x128x128_1x4x1_16x16x128_intrawave_0x1x0_4,157.93180000000004,156.42378000000005,158.4606,3
1152,7168,7168,cktile_19_split0,cktile,19,0,a8w8_blockscale_cktile_32x128x128_1x4x1_16x16x64_intrawave_0x1x0_3,161.20064000000005,160.55495918367353,162.11423999999997,3
1152,7168,7168,cktile_20_split0,cktile,20,0,a8w8_blockscale_cktile_32x128x128_1x4x1_16x16x64_intrawave_0x1x0_4,161.35504000000003,158.90140000000002,161.68463999999997,3
1152,7168,7168,cktile_21_split0,cktile,21,0,a8w8_blockscale_cktile_128x128x128_1x4x1_16x16x128_intrawave_0x1x0_2,124.55346808510647,124.18101999999999,125.19543999999998,3
1152,7168,7168,cktile_22_split0,cktile,22,0,a8w8_blockscale_cktile_128x128x128_1x4x1_16x16x128_intrawave_0x1x0_3,465.5824791666667,465.1343829787235,466.8158333333333,3
1152,7168,7168,cktile_23_split0,cktile,23,0,a8w8_blockscale_cktile_128x128x128_1x4x1_16x16x128_intrawave_0x1x0_4,800.6729791666666,800.6579791666668,800.6879583333333,3
1152,7168,7168,cktile_24_split0,cktile,24,0,a8w8_blockscale_cktile_128x128x128_2x2x1_16x16x128_intrawave_0x1x0_1,128.07707999999994,126.9869583333334,128.8962600000001,3
1152,7168,7168,cktile_25_split0,cktile,25,0,a8w8_blockscale_cktile_128x128x128_2x2x1_16x16x128_intrawave_0x1x0_3,475.52843750000005,474.4609166666667,475.95687755102045,3
1152,7168,7168,cktile_26_split0,cktile,26,0,a8w8_blockscale_cktile_128x128x128_2x2x1_16x16x128_intrawave_0x1x0_4,1138.5835000000009,1137.9448775510198,1138.8036530612248,3
1152,7168,7168,cktile_27_split0,cktile,27,0,a8w8_blockscale_cktile_192x256x128_4x2x1_16x16x128_intrawave_0x1x0_2,81.76408333333332,81.28491666666666,82.47434,3
1152,7168,7168,cktile_28_split0,cktile,28,0,a8w8_blockscale_cktile_192x256x128_4x2x1_16x16x128_intrawave_0x1x0_3,81.26077083333335,81.13658333333336,81.93789795918364,3
1152,7168,7168,cktile_29_split0,cktile,29,0,a8w8_blockscale_cktile_192x256x128_4x2x1_16x16x128_intrawave_0x1x0_4,81.61577083333339,80.94767346938777,81.69708163265307,3
1152,7168,7168,cktile_30_split0,cktile,30,0,a8w8_blockscale_cktile_192x256x128_4x2x1_16x16x128_intrawave_0x1x0_2_aqrm,102.80100000000006,102.05293617021272,103.19768749999996,3
1152,7168,7168,cktile_31_split0,cktile,31,0,a8w8_blockscale_cktile_192x256x128_4x2x1_16x16x128_intrawave_0x1x0_3_aqrm,103.1843541666667,103.17352083333328,103.3491063829788,3
1152,7168,7168,cktile_32_split0,cktile,32,0,a8w8_blockscale_cktile_192x256x128_4x2x1_16x16x128_intrawave_0x1x0_4_aqrm,102.85266666666666,102.46183333333333,104.87285714285719,3
1152,7168,7168,opus_9010,opus,9010,0,opus_gemm_gfx950_a8w8_mxscale_gemm_bpreshuffle_256x128x128x128_2x2_16x16x128_1x128x128_tiles1_nooob,85.38318,84.60636000000002,85.41118000000002,3
1152,7168,7168,opus_9011,opus,9011,0,opus_gemm_gfx950_a8w8_mxscale_gemm_bpreshuffle_256x64x128x128_2x2_16x16x128_1x128x128_tiles1_nooob,92.67526000000004,91.73603999999999,92.75846000000001,3
1152,7168,7168,opus_9012,opus,9012,0,opus_gemm_gfx950_a8w8_mxscale_gemm_bpreshuffle_256x64x64x128_2x2_16x16x128_1x128x128_tiles1_nooob,115.50912,114.38429999999998,116.81233999999995,3
1152,7168,7168,opus_9020,opus,9020,0,opus_gemm_gfx950_a8w8_mxscale_gemm_bpreshuffle_256x256x256x128_2x2_16x16x128_1x128x128_tiles1,90.84174468085106,90.58642553191493,90.84429787234036,3
1920,7168,7168,ck_0_split0,ck,0,0,a8w8_blockscale_bpreshuffle_1x128x128_256x128x128x128_16x16_16x16_8x32x1_8x32x1_1x32x1x8_8_2x1_intrawave_v3,155.20955999999995,154.85275999999993,155.87678000000002,3
1920,7168,7168,ck_1_split0,ck,1,0,a8w8_blockscale_bpreshuffle_1x128x128_256x64x128x128_16x16_16x16_8x32x1_8x32x1_1x32x1x8_8_2x1_intrawave_v3,165.98649999999998,162.91523999999998,166.19049999999993,3
1920,7168,7168,ck_2_split0,ck,2,0,a8w8_blockscale_bpreshuffle_1x128x128_256x64x64x128_16x16_16x16_8x32x1_8x32x1_1x32x1x8_8_2x1_intrawave_v3,207.61442857142856,207.5768775510204,210.859,3
1920,7168,7168,ck_3_split0,ck,3,0,a8w8_blockscale_bpreshuffle_1x128x128_256x16x256x128_8x16_16x16_16x16x1_8x32x1_1x16x1x16_8_1x2_intrawave_v1,333.9948199999999,333.6428200000001,335.07482000000005,3
1920,7168,7168,ck_4_split0,ck,4,0,a8w8_blockscale_bpreshuffle_1x128x128_256x16x128x128_8x16_16x16_16x16x1_8x32x1_1x16x1x16_8_1x2_intrawave_v1,340.30368000000004,337.4275319148935,341.86209999999994,3
1920,7168,7168,ck_5_split0,ck,5,0,a8w8_blockscale_bpreshuffle_1x128x128_256x16x64x128_8x16_16x16_16x16x1_8x32x1_1x16x1x16_4_1x1_intrawave_v1,385.86461224489807,383.3347959183674,386.49619999999993,3
1920,7168,7168,ck_6_split0,ck,6,0,a8w8_blockscale_bpreshuffle_1x128x128_256x16x128x256_16x16_16x16_16x16x1_16x16x1_1x16x1x16_8_1x2_intrawave_v1,328.39154,326.23391999999996,328.78115999999994,3
1920,7168,7168,ck_7_split0,ck,7,0,a8w8_blockscale_bpreshuffle_1x128x128_256x16x64x256_16x16_16x16_16x16x1_16x16x1_1x16x1x16_4_1x1_intrawave_v1,370.71441999999996,368.7932083333332,371.45444000000003,3
1920,7168,7168,ck_8_split0,ck,8,0,a8w8_blockscale_bpreshuffle_1x128x128_256x32x256x128_16x16_16x16_8x32x1_8x32x1_1x32x1x8_8_2x1_intrawave_v1,205.7156326530612,204.2062244897959,205.85716666666667,3
1920,7168,7168,ck_9_split0,ck,9,0,a8w8_blockscale_bpreshuffle_1x128x128_256x32x128x128_16x16_16x16_8x32x1_8x32x1_1x32x1x8_8_2x1_intrawave_v1,211.46219999999997,211.46059999999994,211.50462000000005,3
1920,7168,7168,ck_10_split0,ck,10,0,a8w8_blockscale_bpreshuffle_1x128x128_256x32x64x128_16x16_16x16_8x32x1_8x32x1_1x32x1x8_8_2x1_intrawave_v1,248.82664,248.55302000000006,249.69734693877547,3
1920,7168,7168,ck_11_split0,ck,11,0,a8w8_blockscale_bpreshuffle_1x128x128_256x32x128x256_16x16_16x16_16x16x1_16x16x1_1x32x1x8_8_2x1_intrawave_v1,215.11184000000006,214.34625999999997,216.60626,3
1920,7168,7168,ck_12_split0,ck,12,0,a8w8_blockscale_bpreshuffle_1x128x128_256x32x64x256_16x16_16x16_16x16x1_16x16x1_1x32x1x8_8_2x1_intrawave_v1,250.73786000000007,249.32834883720935,252.8180638297872,3
1920,7168,7168,ck_13_split0,ck,13,0,a8w8_blockscale_bpreshuffle_1x128x128_256x64x256x128_16x16_16x16_8x32x1_8x32x1_1x32x1x8_8_2x1_intrawave_v1,161.92425531914895,160.75522,163.06566,3
1920,7168,7168,ck_14_split0,ck,14,0,a8w8_blockscale_bpreshuffle_1x128x128_256x64x128x128_16x16_16x16_8x32x1_8x32x1_1x32x1x8_8_2x1_intrawave_v1,161.57204,161.29364000000004,164.13555102040814,3
1920,7168,7168,ck_15_split0,ck,15,0,a8w8_blockscale_bpreshuffle_1x128x128_256x64x64x128_16x16_16x16_8x32x1_8x32x1_1x32x1x8_8_2x1_intrawave_v1,205.87574000000004,205.15174000000002,208.14218,3
1920,7168,7168,ck_16_split0,ck,16,0,a8w8_blockscale_bpreshuffle_1x128x128_256x64x128x256_16x16_16x16_16x16x1_16x16x1_1x32x1x8_8_2x1_intrawave_v1,177.42662,175.2187777777778,178.87784,3
1920,7168,7168,ck_17_split0,ck,17,0,a8w8_blockscale_bpreshuffle_1x128x128_256x64x64x256_16x16_16x16_16x16x1_16x16x1_1x32x1x8_8_2x1_intrawave_v1,225.2790625,222.87897872340426,225.81116000000006,3
1920,7168,7168,cktile_0_split0,cktile,0,0,a8w8_blockscale_cktile_16x128x256_1x4x1_16x16x128_intrawave_0x1x0_1,344.3683199999999,343.35375510204074,345.20751999999993,3
1920,7168,7168,cktile_1_split0,cktile,1,0,a8w8_blockscale_cktile_16x128x256_1x4x1_16x16x128_intrawave_0x1x0_2,345.20432,343.3455714285715,345.42831999999987,3
1920,7168,7168,cktile_2_split0,cktile,2,0,a8w8_blockscale_cktile_16x128x256_1x4x1_16x16x64_intrawave_0x1x0_1,345.55794000000014,343.4549795918367,346.97076,3
1920,7168,7168,cktile_3_split0,cktile,3,0,a8w8_blockscale_cktile_16x128x256_1x4x1_16x16x64_intrawave_0x1x0_2,343.71312000000006,343.1467200000001,345.12271999999984,3
1920,7168,7168,cktile_4_split0,cktile,4,0,a8w8_blockscale_cktile_32x128x128_1x4x1_16x16x128_intrawave_0x1x0_1,252.80587500000016,252.47848000000002,254.5361,3
1920,7168,7168,cktile_5_split0,cktile,5,0,a8w8_blockscale_cktile_32x128x128_1x4x1_16x16x128_intrawave_0x1x0_2,255.18331999999998,255.01209999999995,256.94295918367334,3
1920,7168,7168,cktile_6_split0,cktile,6,0,a8w8_blockscale_cktile_32x128x128_1x4x1_16x16x64_intrawave_0x1x0_1,260.99298,258.98416000000003,261.1465599999999,3
1920,7168,7168,cktile_7_split0,cktile,7,0,a8w8_blockscale_cktile_32x128x128_1x4x1_16x16x64_intrawave_0x1x0_2,257.8937399999999,256.29636363636376,258.13774000000006,3
1920,7168,7168,cktile_8_split0,cktile,8,0,a8w8_blockscale_cktile_128x128x128_1x4x1_16x16x128_intrawave_0x1x0_1,220.4158297872341,220.02484782608693,221.67008695652174,3
1920,7168,7168,cktile_9_split0,cktile,9,0,a8w8_blockscale_cktile_128x128x128_1x4x1_16x16x128_intrawave_0x1x0_1,221.1571875000001,219.83883333333327,221.5413913043478,3
1920,7168,7168,cktile_10_split0,cktile,10,0,a8w8_blockscale_cktile_128x128x128_2x2x1_16x16x128_intrawave_0x1x0_2,212.66800000000003,211.73541666666674,214.66204000000002,3
1920,7168,7168,cktile_11_split0,cktile,11,0,a8w8_blockscale_cktile_192x256x128_4x2x1_16x16x128_intrawave_0x1x0_1,140.39524444444436,139.91308333333328,140.5483469387755,3
1920,7168,7168,cktile_12_split0,cktile,12,0,a8w8_blockscale_cktile_192x256x128_4x2x1_16x16x128_intrawave_0x1x0_1_aqrm,177.31435416666667,177.26825531914886,178.27285714285708,3
1920,7168,7168,cktile_13_split0,cktile,13,0,a8w8_blockscale_cktile_16x128x256_1x4x1_16x16x128_intrawave_0x1x0_3,346.06033999999994,343.3660833333335,346.554612244898,3
1920,7168,7168,cktile_14_split0,cktile,14,0,a8w8_blockscale_cktile_16x128x256_1x4x1_16x16x128_intrawave_0x1x0_4,638.5188600000001,635.6142040816328,642.2149199999999,3
1920,7168,7168,cktile_15_split0,cktile,15,0,a8w8_blockscale_cktile_16x128x256_1x4x1_16x16x64_intrawave_0x1x0_3,344.65074,342.29470000000003,345.64593999999977,3
1920,7168,7168,cktile_16_split0,cktile,16,0,a8w8_blockscale_cktile_16x128x256_1x4x1_16x16x64_intrawave_0x1x0_4,366.9053800000001,364.84549999999996,368.14778000000007,3
1920,7168,7168,cktile_17_split0,cktile,17,0,a8w8_blockscale_cktile_32x128x128_1x4x1_16x16x128_intrawave_0x1x0_3,254.25688,253.0936800000001,256.278469387755,3
1920,7168,7168,cktile_18_split0,cktile,18,0,a8w8_blockscale_cktile_32x128x128_1x4x1_16x16x128_intrawave_0x1x0_4,254.30410000000012,253.37448,255.0993000000001,3
1920,7168,7168,cktile_19_split0,cktile,19,0,a8w8_blockscale_cktile_32x128x128_1x4x1_16x16x64_intrawave_0x1x0_3,257.2818043478261,255.43204444444433,258.0580816326531,3
1920,7168,7168,cktile_20_split0,cktile,20,0,a8w8_blockscale_cktile_32x128x128_1x4x1_16x16x64_intrawave_0x1x0_4,257.2593400000002,256.5780612244898,257.55372,3
1920,7168,7168,cktile_21_split0,cktile,21,0,a8w8_blockscale_cktile_128x128x128_1x4x1_16x16x128_intrawave_0x1x0_2,221.0650204081633,220.19791304347825,221.21218749999994,3
1920,7168,7168,cktile_22_split0,cktile,22,0,a8w8_blockscale_cktile_128x128x128_1x4x1_16x16x128_intrawave_0x1x0_3,797.7848666666663,797.6617755102043,798.057693877551,3
1920,7168,7168,cktile_23_split0,cktile,23,0,a8w8_blockscale_cktile_128x128x128_1x4x1_16x16x128_intrawave_0x1x0_4,1027.1452244897966,1026.110139534883,1027.3550204081628,3
1920,7168,7168,cktile_24_split0,cktile,24,0,a8w8_blockscale_cktile_128x128x128_2x2x1_16x16x128_intrawave_0x1x0_1,214.25593877551023,214.03448936170207,214.86123999999992,3
1920,7168,7168,cktile_25_split0,cktile,25,0,a8w8_blockscale_cktile_128x128x128_2x2x1_16x16x128_intrawave_0x1x0_3,833.245833333333,833.0815319148941,833.5240851063825,3
1920,7168,7168,cktile_26_split0,cktile,26,0,a8w8_blockscale_cktile_128x128x128_2x2x1_16x16x128_intrawave_0x1x0_4,1520.112222222223,1519.5017272727275,1520.3874782608698,3
1920,7168,7168,cktile_27_split0,cktile,27,0,a8w8_blockscale_cktile_192x256x128_4x2x1_16x16x128_intrawave_0x1x0_2,140.57446938775507,140.41038775510205,141.60300000000004,3
1920,7168,7168,cktile_28_split0,cktile,28,0,a8w8_blockscale_cktile_192x256x128_4x2x1_16x16x128_intrawave_0x1x0_3,141.02755102040817,140.68393749999998,141.2398199999999,3
1920,7168,7168,cktile_29_split0,cktile,29,0,a8w8_blockscale_cktile_192x256x128_4x2x1_16x16x128_intrawave_0x1x0_4,140.6858043478261,140.67210638297868,140.89938775510203,3
1920,7168,7168,cktile_30_split0,cktile,30,0,a8w8_blockscale_cktile_192x256x128_4x2x1_16x16x128_intrawave_0x1x0_2_aqrm,177.35846808510635,176.9457021276596,177.50852083333322,3
1920,7168,7168,cktile_31_split0,cktile,31,0,a8w8_blockscale_cktile_192x256x128_4x2x1_16x16x128_intrawave_0x1x0_3_aqrm,177.16768749999994,177.1643541666667,177.3110208333333,3
1920,7168,7168,cktile_32_split0,cktile,32,0,a8w8_blockscale_cktile_192x256x128_4x2x1_16x16x128_intrawave_0x1x0_4_aqrm,176.93016666666668,176.3396888888888,176.93685416666662,3
1920,7168,7168,opus_9010,opus,9010,0,opus_gemm_gfx950_a8w8_mxscale_gemm_bpreshuffle_256x128x128x128_2x2_16x16x128_1x128x128_tiles1_nooob,147.34308000000013,146.15667999999997,149.28072000000003,3
1920,7168,7168,opus_9011,opus,9011,0,opus_gemm_gfx950_a8w8_mxscale_gemm_bpreshuffle_256x64x128x128_2x2_16x16x128_1x128x128_tiles1_nooob,151.94794,151.35992000000007,154.3927600000001,3
1920,7168,7168,opus_9012,opus,9012,0,opus_gemm_gfx950_a8w8_mxscale_gemm_bpreshuffle_256x64x64x128_2x2_16x16x128_1x128x128_tiles1_nooob,187.61874,187.43952,187.94274000000001,3
1920,7168,7168,opus_9020,opus,9020,0,opus_gemm_gfx950_a8w8_mxscale_gemm_bpreshuffle_256x256x256x128_2x2_16x16x128_1x128x128_tiles1,101.04751020408172,100.46299999999997,101.78336000000004,3
28672,7168,7168,ck_0_split0,ck,0,0,a8w8_blockscale_bpreshuffle_1x128x128_256x128x128x128_16x16_16x16_8x32x1_8x32x1_1x32x1x8_8_2x1_intrawave_v3,1924.9383958333347,1918.7930217391292,1931.1435434782609,3
28672,7168,7168,ck_1_split0,ck,1,0,a8w8_blockscale_bpreshuffle_1x128x128_256x64x128x128_16x16_16x16_8x32x1_8x32x1_1x32x1x8_8_2x1_intrawave_v3,2135.507608695652,2129.0415999999987,2141.521630434783,3
28672,7168,7168,ck_2_split0,ck,2,0,a8w8_blockscale_bpreshuffle_1x128x128_256x64x64x128_16x16_16x16_8x32x1_8x32x1_1x32x1x8_8_2x1_intrawave_v3,2777.6592826086976,2777.3880833333337,2779.6444782608687,3
28672,7168,7168,ck_3_split0,ck,3,0,a8w8_blockscale_bpreshuffle_1x128x128_256x16x256x128_8x16_16x16_16x16x1_8x32x1_1x16x1x16_8_1x2_intrawave_v1,8819.953679999999,8761.410639999998,8841.858571428571,3
28672,7168,7168,ck_4_split0,ck,4,0,a8w8_blockscale_bpreshuffle_1x128x128_256x16x128x128_8x16_16x16_16x16x1_8x32x1_1x16x1x16_8_1x2_intrawave_v1,4838.182227272727,4811.052895833333,4855.211444444447,3
28672,7168,7168,ck_5_split0,ck,5,0,a8w8_blockscale_bpreshuffle_1x128x128_256x16x64x128_8x16_16x16_16x16x1_8x32x1_1x16x1x16_4_1x1_intrawave_v1,5401.434820000003,5397.966799999999,5406.350163265305,3
28672,7168,7168,ck_6_split0,ck,6,0,a8w8_blockscale_bpreshuffle_1x128x128_256x16x128x256_16x16_16x16_16x16x1_16x16x1_1x16x1x16_8_1x2_intrawave_v1,4572.082121951223,4569.737853658536,4574.88814634146,3
28672,7168,7168,ck_7_split0,ck,7,0,a8w8_blockscale_bpreshuffle_1x128x128_256x16x64x256_16x16_16x16_16x16x1_16x16x1_1x16x1x16_4_1x1_intrawave_v1,5215.886065217392,5206.466702127659,5228.04166,3
28672,7168,7168,ck_8_split0,ck,8,0,a8w8_blockscale_bpreshuffle_1x128x128_256x32x256x128_16x16_16x16_8x32x1_8x32x1_1x32x1x8_8_2x1_intrawave_v1,4518.383180000001,4453.68166,4520.635199999999,3
28672,7168,7168,ck_9_split0,ck,9,0,a8w8_blockscale_bpreshuffle_1x128x128_256x32x128x128_16x16_16x16_8x32x1_8x32x1_1x32x1x8_8_2x1_intrawave_v1,2775.153476190477,2774.817575,2775.8842439024406,3
28672,7168,7168,ck_10_split0,ck,10,0,a8w8_blockscale_bpreshuffle_1x128x128_256x32x64x128_16x16_16x16_8x32x1_8x32x1_1x32x1x8_8_2x1_intrawave_v1,3410.6047608695667,3402.0491428571427,3412.3063061224493,3
28672,7168,7168,ck_11_split0,ck,11,0,a8w8_blockscale_bpreshuffle_1x128x128_256x32x128x256_16x16_16x16_16x16x1_16x16x1_1x32x1x8_8_2x1_intrawave_v1,2805.249632653061,2801.5764600000007,2807.517320000001,3
28672,7168,7168,ck_12_split0,ck,12,0,a8w8_blockscale_bpreshuffle_1x128x128_256x32x64x256_16x16_16x16_16x16x1_16x16x1_1x32x1x8_8_2x1_intrawave_v1,3444.30698,3440.1547916666655,3455.6773877551027,3
28672,7168,7168,ck_13_split0,ck,13,0,a8w8_blockscale_bpreshuffle_1x128x128_256x64x256x128_16x16_16x16_8x32x1_8x32x1_1x32x1x8_8_2x1_intrawave_v1,1895.1605399999994,1891.7747083333345,1901.893244897959,3
28672,7168,7168,ck_14_split0,ck,14,0,a8w8_blockscale_bpreshuffle_1x128x128_256x64x128x128_16x16_16x16_8x32x1_8x32x1_1x32x1x8_8_2x1_intrawave_v1,2112.9218163265305,2111.4246000000003,2118.533478260869,3
28672,7168,7168,ck_15_split0,ck,15,0,a8w8_blockscale_bpreshuffle_1x128x128_256x64x64x128_16x16_16x16_8x32x1_8x32x1_1x32x1x8_8_2x1_intrawave_v1,2728.8789333333334,2712.9456170212775,2730.70489361702,3
28672,7168,7168,ck_16_split0,ck,16,0,a8w8_blockscale_bpreshuffle_1x128x128_256x64x128x256_16x16_16x16_16x16x1_16x16x1_1x32x1x8_8_2x1_intrawave_v1,2232.0554285714284,2229.9555800000003,2250.5053829787244,3
28672,7168,7168,ck_17_split0,ck,17,0,a8w8_blockscale_bpreshuffle_1x128x128_256x64x64x256_16x16_16x16_16x16x1_16x16x1_1x32x1x8_8_2x1_intrawave_v1,2936.0939399999993,2927.1139000000003,2938.4548000000004,3
28672,7168,7168,cktile_0_split0,cktile,0,0,a8w8_blockscale_cktile_16x128x256_1x4x1_16x16x128_intrawave_0x1x0_1,4707.129180000003,4704.511877551019,4734.810200000001,3
28672,7168,7168,cktile_1_split0,cktile,1,0,a8w8_blockscale_cktile_16x128x256_1x4x1_16x16x128_intrawave_0x1x0_2,4722.220644444445,4721.879639999998,4739.807859999998,3
28672,7168,7168,cktile_2_split0,cktile,2,0,a8w8_blockscale_cktile_16x128x256_1x4x1_16x16x64_intrawave_0x1x0_1,4713.104380000001,4712.9098043478225,4715.29506382979,3
28672,7168,7168,cktile_3_split0,cktile,3,0,a8w8_blockscale_cktile_16x128x256_1x4x1_16x16x64_intrawave_0x1x0_2,4641.709959999999,4639.7537021276585,4652.993279069768,3
28672,7168,7168,cktile_4_split0,cktile,4,0,a8w8_blockscale_cktile_32x128x128_1x4x1_16x16x128_intrawave_0x1x0_1,3313.0043695652134,3306.0600612244916,3313.2418043478233,3
28672,7168,7168,cktile_5_split0,cktile,5,0,a8w8_blockscale_cktile_32x128x128_1x4x1_16x16x128_intrawave_0x1x0_2,3308.3712391304366,3304.767229166666,3316.183651162788,3
28672,7168,7168,cktile_6_split0,cktile,6,0,a8w8_blockscale_cktile_32x128x128_1x4x1_16x16x64_intrawave_0x1x0_1,3363.4865581395334,3361.3857999999973,3364.5864634146324,3
28672,7168,7168,cktile_7_split0,cktile,7,0,a8w8_blockscale_cktile_32x128x128_1x4x1_16x16x64_intrawave_0x1x0_2,3320.310960000003,3314.86372,3327.5686200000014,3
28672,7168,7168,cktile_8_split0,cktile,8,0,a8w8_blockscale_cktile_128x128x128_1x4x1_16x16x128_intrawave_0x1x0_1,2634.7822142857144,2633.4841190476186,2643.7334634146323,3
28672,7168,7168,cktile_9_split0,cktile,9,0,a8w8_blockscale_cktile_128x128x128_1x4x1_16x16x128_intrawave_0x1x0_1,2637.2838372093056,2631.7958888888897,2640.2862826086966,3
28672,7168,7168,cktile_10_split0,cktile,10,0,a8w8_blockscale_cktile_128x128x128_2x2x1_16x16x128_intrawave_0x1x0_2,2562.386320000001,2552.053439999999,2565.026359999999,3
28672,7168,7168,cktile_11_split0,cktile,11,0,a8w8_blockscale_cktile_192x256x128_4x2x1_16x16x128_intrawave_0x1x0_1,1462.7572400000001,1458.1227799999997,1465.0009387755103,3
28672,7168,7168,cktile_12_split0,cktile,12,0,a8w8_blockscale_cktile_192x256x128_4x2x1_16x16x128_intrawave_0x1x0_1_aqrm,1715.0693124999998,1710.0966666666675,1716.2335416666665,3
28672,7168,7168,cktile_13_split0,cktile,13,0,a8w8_blockscale_cktile_16x128x256_1x4x1_16x16x128_intrawave_0x1x0_3,4746.418339999999,4745.840799999997,4747.519940000001,3
28672,7168,7168,cktile_14_split0,cktile,14,0,a8w8_blockscale_cktile_16x128x256_1x4x1_16x16x128_intrawave_0x1x0_4,8791.518739999998,8791.262680000002,8804.654102040813,3
28672,7168,7168,cktile_15_split0,cktile,15,0,a8w8_blockscale_cktile_16x128x256_1x4x1_16x16x64_intrawave_0x1x0_3,4649.324439999999,4636.640183673469,4657.105319999998,3
28672,7168,7168,cktile_16_split0,cktile,16,0,a8w8_blockscale_cktile_16x128x256_1x4x1_16x16x64_intrawave_0x1x0_4,5061.47795833333,5046.941163265303,5062.105139999997,3
28672,7168,7168,cktile_17_split0,cktile,17,0,a8w8_blockscale_cktile_32x128x128_1x4x1_16x16x128_intrawave_0x1x0_3,3314.369530612246,3311.0245744680874,3314.670377777778,3
28672,7168,7168,cktile_18_split0,cktile,18,0,a8w8_blockscale_cktile_32x128x128_1x4x1_16x16x128_intrawave_0x1x0_4,3295.327652173911,3294.258659999999,3298.7594800000015,3
28672,7168,7168,cktile_19_split0,cktile,19,0,a8w8_blockscale_cktile_32x128x128_1x4x1_16x16x64_intrawave_0x1x0_3,3325.921419999999,3321.1598,3331.3246400000007,3
28672,7168,7168,cktile_20_split0,cktile,20,0,a8w8_blockscale_cktile_32x128x128_1x4x1_16x16x64_intrawave_0x1x0_4,3322.3453799999984,3320.6880408163274,3335.274300000001,3
28672,7168,7168,cktile_21_split0,cktile,21,0,a8w8_blockscale_cktile_128x128x128_1x4x1_16x16x128_intrawave_0x1x0_2,2639.8916530612255,2638.2940697674417,2642.274853658538,3
28672,7168,7168,cktile_22_split0,cktile,22,0,a8w8_blockscale_cktile_128x128x128_1x4x1_16x16x128_intrawave_0x1x0_3,8779.41472,8772.219244897962,8781.389840000002,3
28672,7168,7168,cktile_23_split0,cktile,23,0,a8w8_blockscale_cktile_128x128x128_1x4x1_16x16x128_intrawave_0x1x0_4,13399.273379999993,13372.525782608698,13400.701539999985,3
28672,7168,7168,cktile_24_split0,cktile,24,0,a8w8_blockscale_cktile_128x128x128_2x2x1_16x16x128_intrawave_0x1x0_1,2557.037799999999,2554.8366200000005,2561.9039600000006,3
28672,7168,7168,cktile_25_split0,cktile,25,0,a8w8_blockscale_cktile_128x128x128_2x2x1_16x16x128_intrawave_0x1x0_3,9091.90776,9090.952459999999,9097.616499999998,3
28672,7168,7168,cktile_26_split0,cktile,26,0,a8w8_blockscale_cktile_128x128x128_2x2x1_16x16x128_intrawave_0x1x0_4,19571.047440000002,19539.60921276596,19574.550959999997,3
28672,7168,7168,cktile_27_split0,cktile,27,0,a8w8_blockscale_cktile_192x256x128_4x2x1_16x16x128_intrawave_0x1x0_2,1465.056533333334,1462.2565348837215,1466.6307777777774,3
28672,7168,7168,cktile_28_split0,cktile,28,0,a8w8_blockscale_cktile_192x256x128_4x2x1_16x16x128_intrawave_0x1x0_3,1464.40844,1462.6019999999996,1465.0686956521731,3
28672,7168,7168,cktile_29_split0,cktile,29,0,a8w8_blockscale_cktile_192x256x128_4x2x1_16x16x128_intrawave_0x1x0_4,1462.9511428571434,1462.321954545455,1465.4003617021276,3
28672,7168,7168,cktile_30_split0,cktile,30,0,a8w8_blockscale_cktile_192x256x128_4x2x1_16x16x128_intrawave_0x1x0_2_aqrm,1717.6689400000002,1717.32787755102,1719.8113600000004,3
28672,7168,7168,cktile_31_split0,cktile,31,0,a8w8_blockscale_cktile_192x256x128_4x2x1_16x16x128_intrawave_0x1x0_3_aqrm,1716.1480999999999,1715.2336599999994,1719.2381428571425,3
28672,7168,7168,cktile_32_split0,cktile,32,0,a8w8_blockscale_cktile_192x256x128_4x2x1_16x16x128_intrawave_0x1x0_4_aqrm,1717.8505399999997,1715.5080999999998,1717.9737000000014,3
28672,7168,7168,opus_9000,opus,9000,0,opus_gemm_gfx950_a8w8_mxscale_gemm_bpreshuffle_256x256x256x128_2x2_16x16x128_1x128x128_tiles1_nooob,1223.6395476190482,1223.267111111111,1227.3556086956523,3
28672,7168,7168,opus_9010,opus,9010,0,opus_gemm_gfx950_a8w8_mxscale_gemm_bpreshuffle_256x128x128x128_2x2_16x16x128_1x128x128_tiles1_nooob,1838.0606938775522,1833.99744,1840.4354081632655,3
28672,7168,7168,opus_9011,opus,9011,0,opus_gemm_gfx950_a8w8_mxscale_gemm_bpreshuffle_256x64x128x128_2x2_16x16x128_1x128x128_tiles1_nooob,1978.3145714285718,1977.8280204081648,1982.3700816326534,3
28672,7168,7168,opus_9012,opus,9012,0,opus_gemm_gfx950_a8w8_mxscale_gemm_bpreshuffle_256x64x64x128_2x2_16x16x128_1x128x128_tiles1_nooob,2739.955816326531,2727.3356200000007,2748.5966400000007,3
28672,7168,7168,opus_9020,opus,9020,0,opus_gemm_gfx950_a8w8_mxscale_gemm_bpreshuffle_256x256x256x128_2x2_16x16x128_1x128x128_tiles1,1247.704595238096,1244.9926888888892,1250.521319148936,3
1408,7168,16384,ck_0_split0,ck,0,0,a8w8_blockscale_bpreshuffle_1x128x128_256x128x128x128_16x16_16x16_8x32x1_8x32x1_1x32x1x8_8_2x1_intrawave_v3,266.6953541666666,266.2876199999999,266.76202040816327,3
1408,7168,16384,ck_1_split0,ck,1,0,a8w8_blockscale_bpreshuffle_1x128x128_256x64x128x128_16x16_16x16_8x32x1_8x32x1_1x32x1x8_8_2x1_intrawave_v3,256.828847826087,252.78376190476197,257.49312000000003,3
1408,7168,16384,ck_2_split0,ck,2,0,a8w8_blockscale_bpreshuffle_1x128x128_256x64x64x128_16x16_16x16_8x32x1_8x32x1_1x32x1x8_8_2x1_intrawave_v3,329.59473999999994,325.8063409090909,329.79233999999997,3
1408,7168,16384,ck_3_split0,ck,3,0,a8w8_blockscale_bpreshuffle_1x128x128_256x16x256x128_8x16_16x16_16x16x1_8x32x1_1x16x1x16_8_1x2_intrawave_v1,747.7818799999998,737.245638297872,747.9274897959184,3
1408,7168,16384,ck_4_split0,ck,4,0,a8w8_blockscale_bpreshuffle_1x128x128_256x16x128x128_8x16_16x16_16x16x1_8x32x1_1x16x1x16_8_1x2_intrawave_v1,543.2002653061224,542.450166666667,544.1004680851063,3
1408,7168,16384,ck_5_split0,ck,5,0,a8w8_blockscale_bpreshuffle_1x128x128_256x16x64x128_8x16_16x16_16x16x1_8x32x1_1x16x1x16_4_1x1_intrawave_v1,624.747306122449,621.41646,624.9308800000001,3
1408,7168,16384,ck_6_split0,ck,6,0,a8w8_blockscale_bpreshuffle_1x128x128_256x16x128x256_16x16_16x16_16x16x1_16x16x1_1x16x1x16_8_1x2_intrawave_v1,541.6751458333332,541.0217708333333,541.8328979591837,3
1408,7168,16384,ck_7_split0,ck,7,0,a8w8_blockscale_bpreshuffle_1x128x128_256x16x64x256_16x16_16x16_16x16x1_16x16x1_1x16x1x16_4_1x1_intrawave_v1,599.4985999999999,598.9674081632654,600.3470851063831,3
1408,7168,16384,ck_8_split0,ck,8,0,a8w8_blockscale_bpreshuffle_1x128x128_256x32x256x128_16x16_16x16_8x32x1_8x32x1_1x32x1x8_8_2x1_intrawave_v1,424.5813999999999,423.9204042553191,426.2487346938775,3
1408,7168,16384,ck_9_split0,ck,9,0,a8w8_blockscale_bpreshuffle_1x128x128_256x32x128x128_16x16_16x16_8x32x1_8x32x1_1x32x1x8_8_2x1_intrawave_v1,341.04880851063825,340.0036666666667,342.5076799999999,3
1408,7168,16384,ck_10_split0,ck,10,0,a8w8_blockscale_bpreshuffle_1x128x128_256x32x64x128_16x16_16x16_8x32x1_8x32x1_1x32x1x8_8_2x1_intrawave_v1,409.24689795918357,408.82364583333333,411.17428571428576,3
1408,7168,16384,ck_11_split0,ck,11,0,a8w8_blockscale_bpreshuffle_1x128x128_256x32x128x256_16x16_16x16_16x16x1_16x16x1_1x32x1x8_8_2x1_intrawave_v1,344.8941,342.5800408163265,345.2216170212767,3
1408,7168,16384,ck_12_split0,ck,12,0,a8w8_blockscale_bpreshuffle_1x128x128_256x32x64x256_16x16_16x16_16x16x1_16x16x1_1x32x1x8_8_2x1_intrawave_v1,414.17567999999994,412.88687999999985,414.2124999999999,3
1408,7168,16384,ck_13_split0,ck,13,0,a8w8_blockscale_bpreshuffle_1x128x128_256x64x256x128_16x16_16x16_8x32x1_8x32x1_1x32x1x8_8_2x1_intrawave_v1,269.8480212765958,268.07749999999993,271.01168000000007,3
1408,7168,16384,ck_14_split0,ck,14,0,a8w8_blockscale_bpreshuffle_1x128x128_256x64x128x128_16x16_16x16_8x32x1_8x32x1_1x32x1x8_8_2x1_intrawave_v1,254.3571,253.51627999999997,255.77470000000005,3
1408,7168,16384,ck_15_split0,ck,15,0,a8w8_blockscale_bpreshuffle_1x128x128_256x64x64x128_16x16_16x16_8x32x1_8x32x1_1x32x1x8_8_2x1_intrawave_v1,325.20024489795924,324.05484782608704,325.27208163265306,3
1408,7168,16384,ck_16_split0,ck,16,0,a8w8_blockscale_bpreshuffle_1x128x128_256x64x128x256_16x16_16x16_16x16x1_16x16x1_1x32x1x8_8_2x1_intrawave_v1,281.07737999999995,278.4997599999999,282.09180000000003,3
1408,7168,16384,ck_17_split0,ck,17,0,a8w8_blockscale_bpreshuffle_1x128x128_256x64x64x256_16x16_16x16_16x16x1_16x16x1_1x32x1x8_8_2x1_intrawave_v1,346.5285199999999,345.9762291666666,350.02858,3
1408,7168,16384,cktile_0_split0,cktile,0,0,a8w8_blockscale_cktile_16x128x256_1x4x1_16x16x128_intrawave_0x1x0_1,552.6522599999998,549.4956734693877,559.3480204081632,3
1408,7168,16384,cktile_1_split0,cktile,1,0,a8w8_blockscale_cktile_16x128x256_1x4x1_16x16x128_intrawave_0x1x0_2,549.8098139534883,548.983375,550.2320652173914,3
1408,7168,16384,cktile_2_split0,cktile,2,0,a8w8_blockscale_cktile_16x128x256_1x4x1_16x16x64_intrawave_0x1x0_1,578.3358695652175,577.1153750000003,590.3475510204082,3
1408,7168,16384,cktile_3_split0,cktile,3,0,a8w8_blockscale_cktile_16x128x256_1x4x1_16x16x64_intrawave_0x1x0_2,572.0632127659576,566.0768095238095,574.0493199999999,3
1408,7168,16384,cktile_4_split0,cktile,4,0,a8w8_blockscale_cktile_32x128x128_1x4x1_16x16x128_intrawave_0x1x0_1,439.1197800000001,437.5357600000001,439.70698000000004,3
1408,7168,16384,cktile_5_split0,cktile,5,0,a8w8_blockscale_cktile_32x128x128_1x4x1_16x16x128_intrawave_0x1x0_2,440.3854000000002,436.88614000000007,440.88136734693865,3
1408,7168,16384,cktile_6_split0,cktile,6,0,a8w8_blockscale_cktile_32x128x128_1x4x1_16x16x64_intrawave_0x1x0_1,442.8063541666665,441.3039090909088,444.32482222222234,3
1408,7168,16384,cktile_7_split0,cktile,7,0,a8w8_blockscale_cktile_32x128x128_1x4x1_16x16x64_intrawave_0x1x0_2,449.7326521739129,448.88745652173907,449.87333333333333,3
1408,7168,16384,cktile_8_split0,cktile,8,0,a8w8_blockscale_cktile_128x128x128_1x4x1_16x16x128_intrawave_0x1x0_1,517.5502800000002,514.97424,519.3814799999999,3
1408,7168,16384,cktile_9_split0,cktile,9,0,a8w8_blockscale_cktile_128x128x128_1x4x1_16x16x128_intrawave_0x1x0_1,514.9166399999999,512.1133999999998,516.7398599999999,3
1408,7168,16384,cktile_10_split0,cktile,10,0,a8w8_blockscale_cktile_128x128x128_2x2x1_16x16x128_intrawave_0x1x0_2,483.9443,482.294081632653,484.0394799999999,3
1408,7168,16384,cktile_11_split0,cktile,11,0,a8w8_blockscale_cktile_192x256x128_4x2x1_16x16x128_intrawave_0x1x0_1,187.2155199999999,186.01950000000005,187.23392000000004,3
1408,7168,16384,cktile_12_split0,cktile,12,0,a8w8_blockscale_cktile_192x256x128_4x2x1_16x16x128_intrawave_0x1x0_1_aqrm,230.65282000000008,230.004,231.68162,3
1408,7168,16384,cktile_13_split0,cktile,13,0,a8w8_blockscale_cktile_16x128x256_1x4x1_16x16x128_intrawave_0x1x0_3,552.126,551.635916666667,552.8842500000002,3
1408,7168,16384,cktile_14_split0,cktile,14,0,a8w8_blockscale_cktile_16x128x256_1x4x1_16x16x128_intrawave_0x1x0_4,1113.609739130435,1104.7957173913042,1114.3520232558137,3
1408,7168,16384,cktile_15_split0,cktile,15,0,a8w8_blockscale_cktile_16x128x256_1x4x1_16x16x64_intrawave_0x1x0_3,571.8910204081633,567.9523255813953,573.3436999999999,3
1408,7168,16384,cktile_16_split0,cktile,16,0,a8w8_blockscale_cktile_16x128x256_1x4x1_16x16x64_intrawave_0x1x0_4,868.0225306122444,866.2951632653054,874.9439199999998,3
1408,7168,16384,cktile_17_split0,cktile,17,0,a8w8_blockscale_cktile_32x128x128_1x4x1_16x16x128_intrawave_0x1x0_3,438.63255999999996,435.5725399999999,438.6621458333334,3
1408,7168,16384,cktile_18_split0,cktile,18,0,a8w8_blockscale_cktile_32x128x128_1x4x1_16x16x128_intrawave_0x1x0_4,436.8421400000001,436.2165399999999,441.551,3
1408,7168,16384,cktile_19_split0,cktile,19,0,a8w8_blockscale_cktile_32x128x128_1x4x1_16x16x64_intrawave_0x1x0_3,449.63655102040815,447.98125,450.99376595744684,3
1408,7168,16384,cktile_20_split0,cktile,20,0,a8w8_blockscale_cktile_32x128x128_1x4x1_16x16x64_intrawave_0x1x0_4,448.63507500000014,447.4785227272724,450.04310416666664,3
1408,7168,16384,cktile_21_split0,cktile,21,0,a8w8_blockscale_cktile_128x128x128_1x4x1_16x16x128_intrawave_0x1x0_2,513.5718200000001,508.24296000000004,514.5638199999999,3
1408,7168,16384,cktile_22_split0,cktile,22,0,a8w8_blockscale_cktile_128x128x128_1x4x1_16x16x128_intrawave_0x1x0_3,1180.9305799999997,1180.8081999999997,1181.1385799999996,3
1408,7168,16384,cktile_23_split0,cktile,23,0,a8w8_blockscale_cktile_128x128x128_1x4x1_16x16x128_intrawave_0x1x0_4,1992.4509799999994,1991.3374000000008,1994.6101999999996,3
1408,7168,16384,cktile_24_split0,cktile,24,0,a8w8_blockscale_cktile_128x128x128_2x2x1_16x16x128_intrawave_0x1x0_1,487.79714000000024,486.7411199999999,488.47396000000003,3
1408,7168,16384,cktile_25_split0,cktile,25,0,a8w8_blockscale_cktile_128x128x128_2x2x1_16x16x128_intrawave_0x1x0_3,1223.6618958333331,1222.887795918367,1225.845249999999,3
1408,7168,16384,cktile_26_split0,cktile,26,0,a8w8_blockscale_cktile_128x128x128_2x2x1_16x16x128_intrawave_0x1x0_4,2876.7825999999986,2875.6008372093006,2877.5813720930237,3
1408,7168,16384,cktile_27_split0,cktile,27,0,a8w8_blockscale_cktile_192x256x128_4x2x1_16x16x128_intrawave_0x1x0_2,186.92271999999997,186.73862499999993,187.22594,3
1408,7168,16384,cktile_28_split0,cktile,28,0,a8w8_blockscale_cktile_192x256x128_4x2x1_16x16x128_intrawave_0x1x0_3,186.3349795918367,185.5675,186.94672,3
1408,7168,16384,cktile_29_split0,cktile,29,0,a8w8_blockscale_cktile_192x256x128_4x2x1_16x16x128_intrawave_0x1x0_4,186.86672,184.73389999999995,187.11872,3
1408,7168,16384,cktile_30_split0,cktile,30,0,a8w8_blockscale_cktile_192x256x128_4x2x1_16x16x128_intrawave_0x1x0_2_aqrm,230.92082,230.57519999999997,231.93842,3
1408,7168,16384,cktile_31_split0,cktile,31,0,a8w8_blockscale_cktile_192x256x128_4x2x1_16x16x128_intrawave_0x1x0_3_aqrm,231.3105744680851,229.48567346938773,231.65842,3
1408,7168,16384,cktile_32_split0,cktile,32,0,a8w8_blockscale_cktile_192x256x128_4x2x1_16x16x128_intrawave_0x1x0_4_aqrm,231.31763999999987,231.30082,231.48962000000003,3
1408,7168,16384,opus_9010,opus,9010,0,opus_gemm_gfx950_a8w8_mxscale_gemm_bpreshuffle_256x128x128x128_2x2_16x16x128_1x128x128_tiles1_nooob,229.94240000000002,229.41039999999998,231.27997959183668,3
1408,7168,16384,opus_9011,opus,9011,0,opus_gemm_gfx950_a8w8_mxscale_gemm_bpreshuffle_256x64x128x128_2x2_16x16x128_1x128x128_tiles1_nooob,235.43765999999994,233.01844000000006,235.67687999999995,3
1408,7168,16384,opus_9012,opus,9012,0,opus_gemm_gfx950_a8w8_mxscale_gemm_bpreshuffle_256x64x64x128_2x2_16x16x128_1x128x128_tiles1_nooob,293.70355102040816,291.0581249999999,293.82314,3
1408,7168,16384,opus_9020,opus,9020,0,opus_gemm_gfx950_a8w8_mxscale_gemm_bpreshuffle_256x256x256x128_2x2_16x16x128_1x128x128_tiles1,195.42922,195.07481999999993,199.46286000000006,3
6144,7168,16384,ck_0_split0,ck,0,0,a8w8_blockscale_bpreshuffle_1x128x128_256x128x128x128_16x16_16x16_8x32x1_8x32x1_1x32x1x8_8_2x1_intrawave_v3,957.7185434782612,955.957333333333,960.6274390243904,3
6144,7168,16384,ck_1_split0,ck,1,0,a8w8_blockscale_bpreshuffle_1x128x128_256x64x128x128_16x16_16x16_8x32x1_8x32x1_1x32x1x8_8_2x1_intrawave_v3,1015.8720999999995,1015.5256799999999,1016.6744800000004,3
6144,7168,16384,ck_2_split0,ck,2,0,a8w8_blockscale_bpreshuffle_1x128x128_256x64x64x128_16x16_16x16_8x32x1_8x32x1_1x32x1x8_8_2x1_intrawave_v3,1345.3222400000002,1340.1549400000001,1354.98647826087,3
6144,7168,16384,ck_3_split0,ck,3,0,a8w8_blockscale_bpreshuffle_1x128x128_256x16x256x128_8x16_16x16_16x16x1_8x32x1_1x16x1x16_8_1x2_intrawave_v1,4944.2574081632665,4930.502061224488,4946.84056,3
6144,7168,16384,ck_4_split0,ck,4,0,a8w8_blockscale_bpreshuffle_1x128x128_256x16x128x128_8x16_16x16_16x16x1_8x32x1_1x16x1x16_8_1x2_intrawave_v1,2235.608775510203,2228.845428571428,2236.612711111111,3
6144,7168,16384,ck_5_split0,ck,5,0,a8w8_blockscale_bpreshuffle_1x128x128_256x16x64x128_8x16_16x16_16x16x1_8x32x1_1x16x1x16_4_1x1_intrawave_v1,2616.002200000001,2609.1805000000004,2619.1394583333345,3
6144,7168,16384,ck_6_split0,ck,6,0,a8w8_blockscale_bpreshuffle_1x128x128_256x16x128x256_16x16_16x16_16x16x1_16x16x1_1x16x1x16_8_1x2_intrawave_v1,2217.5059523809523,2211.0739999999996,2228.1925348837203,3
6144,7168,16384,ck_7_split0,ck,7,0,a8w8_blockscale_bpreshuffle_1x128x128_256x16x64x256_16x16_16x16_16x16x1_16x16x1_1x16x1x16_4_1x1_intrawave_v1,2553.908734693878,2551.82786,2556.6838800000005,3
6144,7168,16384,ck_8_split0,ck,8,0,a8w8_blockscale_bpreshuffle_1x128x128_256x32x256x128_16x16_16x16_8x32x1_8x32x1_1x32x1x8_8_2x1_intrawave_v1,2570.62648,2570.5560400000004,2575.2477234042562,3
6144,7168,16384,ck_9_split0,ck,9,0,a8w8_blockscale_bpreshuffle_1x128x128_256x32x128x128_16x16_16x16_8x32x1_8x32x1_1x32x1x8_8_2x1_intrawave_v1,1347.5964666666673,1347.2080000000003,1352.9929999999997,3
6144,7168,16384,ck_10_split0,ck,10,0,a8w8_blockscale_bpreshuffle_1x128x128_256x32x64x128_16x16_16x16_8x32x1_8x32x1_1x32x1x8_8_2x1_intrawave_v1,1666.8486874999992,1666.4553541666673,1670.258708333333,3
6144,7168,16384,ck_11_split0,ck,11,0,a8w8_blockscale_bpreshuffle_1x128x128_256x32x128x256_16x16_16x16_16x16x1_16x16x1_1x32x1x8_8_2x1_intrawave_v1,1361.7560416666665,1357.9032666666676,1362.196083333334,3
6144,7168,16384,ck_12_split0,ck,12,0,a8w8_blockscale_bpreshuffle_1x128x128_256x32x64x256_16x16_16x16_16x16x1_16x16x1_1x32x1x8_8_2x1_intrawave_v1,1687.6156999999994,1683.9228400000002,1692.0874897959193,3
6144,7168,16384,ck_13_split0,ck,13,0,a8w8_blockscale_bpreshuffle_1x128x128_256x64x256x128_16x16_16x16_8x32x1_8x32x1_1x32x1x8_8_2x1_intrawave_v1,950.91374,946.5241200000003,951.95616,3
6144,7168,16384,ck_14_split0,ck,14,0,a8w8_blockscale_bpreshuffle_1x128x128_256x64x128x128_16x16_16x16_8x32x1_8x32x1_1x32x1x8_8_2x1_intrawave_v1,1013.2984599999996,1008.9823999999998,1014.0416600000001,3
6144,7168,16384,ck_15_split0,ck,15,0,a8w8_blockscale_bpreshuffle_1x128x128_256x64x64x128_16x16_16x16_8x32x1_8x32x1_1x32x1x8_8_2x1_intrawave_v1,1322.642510204081,1312.3826600000002,1325.0083061224489,3
6144,7168,16384,ck_16_split0,ck,16,0,a8w8_blockscale_bpreshuffle_1x128x128_256x64x128x256_16x16_16x16_16x16x1_16x16x1_1x32x1x8_8_2x1_intrawave_v1,1080.9278749999996,1077.1519799999999,1081.0648399999993,3
6144,7168,16384,ck_17_split0,ck,17,0,a8w8_blockscale_bpreshuffle_1x128x128_256x64x64x256_16x16_16x16_16x16x1_16x16x1_1x32x1x8_8_2x1_intrawave_v1,1402.0281875,1397.0756458333326,1402.7997333333335,3
6144,7168,16384,cktile_0_split0,cktile,0,0,a8w8_blockscale_cktile_16x128x256_1x4x1_16x16x128_intrawave_0x1x0_1,2242.7139795918374,2239.0737600000007,2254.4961224489793,3
6144,7168,16384,cktile_1_split0,cktile,1,0,a8w8_blockscale_cktile_16x128x256_1x4x1_16x16x128_intrawave_0x1x0_2,2255.947480000001,2236.4057399999983,2258.5435102040824,3
6144,7168,16384,cktile_2_split0,cktile,2,0,a8w8_blockscale_cktile_16x128x256_1x4x1_16x16x64_intrawave_0x1x0_1,2404.1531333333346,2353.2470975609754,2553.8946122448956,3
6144,7168,16384,cktile_3_split0,cktile,3,0,a8w8_blockscale_cktile_16x128x256_1x4x1_16x16x64_intrawave_0x1x0_2,2462.2209795918357,2411.089755102041,2503.9878999999983,3
6144,7168,16384,cktile_4_split0,cktile,4,0,a8w8_blockscale_cktile_32x128x128_1x4x1_16x16x128_intrawave_0x1x0_1,1966.2888571428582,1953.88088,1983.362819999998,3
6144,7168,16384,cktile_5_split0,cktile,5,0,a8w8_blockscale_cktile_32x128x128_1x4x1_16x16x128_intrawave_0x1x0_2,1967.7890800000002,1967.2002391304334,1991.3892999999998,3
6144,7168,16384,cktile_6_split0,cktile,6,0,a8w8_blockscale_cktile_32x128x128_1x4x1_16x16x64_intrawave_0x1x0_1,1784.0122340425542,1782.9470888888884,1784.5381799999993,3
6144,7168,16384,cktile_7_split0,cktile,7,0,a8w8_blockscale_cktile_32x128x128_1x4x1_16x16x64_intrawave_0x1x0_2,1839.7723999999998,1838.3420199999994,1840.9673673469392,3
6144,7168,16384,cktile_8_split0,cktile,8,0,a8w8_blockscale_cktile_128x128x128_1x4x1_16x16x128_intrawave_0x1x0_1,1499.7282708333335,1490.4372800000003,1503.12112244898,3
6144,7168,16384,cktile_9_split0,cktile,9,0,a8w8_blockscale_cktile_128x128x128_1x4x1_16x16x128_intrawave_0x1x0_1,1498.5733800000005,1494.3157000000015,1502.7731395348837,3
6144,7168,16384,cktile_10_split0,cktile,10,0,a8w8_blockscale_cktile_128x128x128_2x2x1_16x16x128_intrawave_0x1x0_2,1385.2225000000003,1385.0814081632648,1392.4308775510192,3
6144,7168,16384,cktile_11_split0,cktile,11,0,a8w8_blockscale_cktile_192x256x128_4x2x1_16x16x128_intrawave_0x1x0_1,737.9929599999999,737.29534,738.2945599999998,3
6144,7168,16384,cktile_12_split0,cktile,12,0,a8w8_blockscale_cktile_192x256x128_4x2x1_16x16x128_intrawave_0x1x0_1_aqrm,892.4841250000003,887.2390227272728,893.6446666666664,3
6144,7168,16384,cktile_13_split0,cktile,13,0,a8w8_blockscale_cktile_16x128x256_1x4x1_16x16x128_intrawave_0x1x0_3,2260.1180212765944,2258.877448979592,2262.0766086956505,3
6144,7168,16384,cktile_14_split0,cktile,14,0,a8w8_blockscale_cktile_16x128x256_1x4x1_16x16x128_intrawave_0x1x0_4,5209.24248,5137.292160000001,5288.446619999998,3
6144,7168,16384,cktile_15_split0,cktile,15,0,a8w8_blockscale_cktile_16x128x256_1x4x1_16x16x64_intrawave_0x1x0_3,2353.438,2316.970522727271,2448.134244897958,3
6144,7168,16384,cktile_16_split0,cktile,16,0,a8w8_blockscale_cktile_16x128x256_1x4x1_16x16x64_intrawave_0x1x0_4,4699.90952,4696.863119999999,4701.248059999999,3
6144,7168,16384,cktile_17_split0,cktile,17,0,a8w8_blockscale_cktile_32x128x128_1x4x1_16x16x128_intrawave_0x1x0_3,1984.0188163265298,1967.8300204081634,1990.6733399999998,3
6144,7168,16384,cktile_18_split0,cktile,18,0,a8w8_blockscale_cktile_32x128x128_1x4x1_16x16x128_intrawave_0x1x0_4,2049.5028000000007,2044.6915199999994,2059.102059999999,3
6144,7168,16384,cktile_19_split0,cktile,19,0,a8w8_blockscale_cktile_32x128x128_1x4x1_16x16x64_intrawave_0x1x0_3,1835.1804375000002,1834.352632653061,1837.5931800000008,3
6144,7168,16384,cktile_20_split0,cktile,20,0,a8w8_blockscale_cktile_32x128x128_1x4x1_16x16x64_intrawave_0x1x0_4,1840.045179999999,1834.590416666667,1841.171489795918,3
6144,7168,16384,cktile_21_split0,cktile,21,0,a8w8_blockscale_cktile_128x128x128_1x4x1_16x16x128_intrawave_0x1x0_2,1501.3221600000006,1499.7925400000001,1502.2029999999993,3
6144,7168,16384,cktile_22_split0,cktile,22,0,a8w8_blockscale_cktile_128x128x128_1x4x1_16x16x128_intrawave_0x1x0_3,4605.781300000001,4605.443639999997,4607.898960000003,3
6144,7168,16384,cktile_23_split0,cktile,23,0,a8w8_blockscale_cktile_128x128x128_1x4x1_16x16x128_intrawave_0x1x0_4,6973.580571428563,6972.399756097559,6973.843295454539,3
6144,7168,16384,cktile_24_split0,cktile,24,0,a8w8_blockscale_cktile_128x128x128_2x2x1_16x16x128_intrawave_0x1x0_1,1383.5494999999994,1382.630440000001,1389.6689199999998,3
6144,7168,16384,cktile_25_split0,cktile,25,0,a8w8_blockscale_cktile_128x128x128_2x2x1_16x16x128_intrawave_0x1x0_3,4748.430079999997,4743.221448979594,4751.637081632654,3
6144,7168,16384,cktile_26_split0,cktile,26,0,a8w8_blockscale_cktile_128x128x128_2x2x1_16x16x128_intrawave_0x1x0_4,10585.030279069768,10583.503977272723,10585.558750000006,3
6144,7168,16384,cktile_27_split0,cktile,27,0,a8w8_blockscale_cktile_192x256x128_4x2x1_16x16x128_intrawave_0x1x0_2,739.20576,737.12174,739.44898,3
6144,7168,16384,cktile_28_split0,cktile,28,0,a8w8_blockscale_cktile_192x256x128_4x2x1_16x16x128_intrawave_0x1x0_3,739.6697799999998,738.8689599999997,739.7737599999999,3
6144,7168,16384,cktile_29_split0,cktile,29,0,a8w8_blockscale_cktile_192x256x128_4x2x1_16x16x128_intrawave_0x1x0_4,738.2913599999999,738.1913400000002,739.8969799999999,3
6144,7168,16384,cktile_30_split0,cktile,30,0,a8w8_blockscale_cktile_192x256x128_4x2x1_16x16x128_intrawave_0x1x0_2_aqrm,891.6781818181822,891.3441041666666,893.0499361702124,3
6144,7168,16384,cktile_31_split0,cktile,31,0,a8w8_blockscale_cktile_192x256x128_4x2x1_16x16x128_intrawave_0x1x0_3_aqrm,891.0849795918369,889.9424166666666,892.2563636363636,3
6144,7168,16384,cktile_32_split0,cktile,32,0,a8w8_blockscale_cktile_192x256x128_4x2x1_16x16x128_intrawave_0x1x0_4_aqrm,890.9698979591834,890.8882444444444,891.5557708333331,3
6144,7168,16384,opus_9000,opus,9000,0,opus_gemm_gfx950_a8w8_mxscale_gemm_bpreshuffle_256x256x256x128_2x2_16x16x128_1x128x128_tiles1_nooob,604.31462,603.50342,605.3626599999999,3
6144,7168,16384,opus_9010,opus,9010,0,opus_gemm_gfx950_a8w8_mxscale_gemm_bpreshuffle_256x128x128x128_2x2_16x16x128_1x128x128_tiles1_nooob,834.8697234042558,834.7743829787225,834.9592708333336,3
6144,7168,16384,opus_9011,opus,9011,0,opus_gemm_gfx950_a8w8_mxscale_gemm_bpreshuffle_256x64x128x128_2x2_16x16x128_1x128x128_tiles1_nooob,916.3799795918362,912.7437000000001,917.5549799999997,3
6144,7168,16384,opus_9012,opus,9012,0,opus_gemm_gfx950_a8w8_mxscale_gemm_bpreshuffle_256x64x64x128_2x2_16x16x128_1x128x128_tiles1_nooob,1557.35584,1557.1094,1563.7054799999996,3
6144,7168,16384,opus_9020,opus,9020,0,opus_gemm_gfx950_a8w8_mxscale_gemm_bpreshuffle_256x256x256x128_2x2_16x16x128_1x128x128_tiles1,615.1355599999999,615.00994,615.1811600000003,3
57344,7168,16384,ck_0_split0,ck,0,0,a8w8_blockscale_bpreshuffle_1x128x128_256x128x128x128_16x16_16x16_8x32x1_8x32x1_1x32x1x8_8_2x1_intrawave_v3,8333.847999999996,8332.12658,8361.412360000004,3
57344,7168,16384,ck_1_split0,ck,1,0,a8w8_blockscale_bpreshuffle_1x128x128_256x64x128x128_16x16_16x16_8x32x1_8x32x1_1x32x1x8_8_2x1_intrawave_v3,9568.597541666664,9260.850274999999,9662.619102040817,3
57344,7168,16384,ck_2_split0,ck,2,0,a8w8_blockscale_bpreshuffle_1x128x128_256x64x64x128_16x16_16x16_8x32x1_8x32x1_1x32x1x8_8_2x1_intrawave_v3,11998.880979591835,11996.262679999994,12011.038239999998,3
57344,7168,16384,ck_3_split0,ck,3,0,a8w8_blockscale_bpreshuffle_1x128x128_256x16x256x128_8x16_16x16_16x16x1_8x32x1_1x16x1x16_8_1x2_intrawave_v1,51742.57506122449,51611.724099999985,51887.44671428571,3
57344,7168,16384,ck_4_split0,ck,4,0,a8w8_blockscale_bpreshuffle_1x128x128_256x16x128x128_8x16_16x16_16x16x1_8x32x1_1x16x1x16_8_1x2_intrawave_v1,22657.825312499994,21859.098613636375,22972.900040000015,3
57344,7168,16384,ck_5_split0,ck,5,0,a8w8_blockscale_bpreshuffle_1x128x128_256x16x64x128_8x16_16x16_16x16x1_8x32x1_1x16x1x16_4_1x1_intrawave_v1,24109.723140000002,24098.41833333334,24164.020639999984,3
57344,7168,16384,ck_6_split0,ck,6,0,a8w8_blockscale_bpreshuffle_1x128x128_256x16x128x256_16x16_16x16_16x16x1_16x16x1_1x16x1x16_8_1x2_intrawave_v1,28093.580099999992,27587.46147999999,28685.73376000001,3
57344,7168,16384,ck_7_split0,ck,7,0,a8w8_blockscale_bpreshuffle_1x128x128_256x16x64x256_16x16_16x16_16x16x1_16x16x1_1x16x1x16_4_1x1_intrawave_v1,23486.298580000006,23480.379937500005,23500.77591489362,3
57344,7168,16384,ck_8_split0,ck,8,0,a8w8_blockscale_bpreshuffle_1x128x128_256x32x256x128_16x16_16x16_8x32x1_8x32x1_1x32x1x8_8_2x1_intrawave_v1,27332.1082,27098.437420000006,27650.92820408163,3
57344,7168,16384,ck_9_split0,ck,9,0,a8w8_blockscale_bpreshuffle_1x128x128_256x32x128x128_16x16_16x16_8x32x1_8x32x1_1x32x1x8_8_2x1_intrawave_v1,14605.647081632662,14400.909653061211,14786.5166,3
57344,7168,16384,ck_10_split0,ck,10,0,a8w8_blockscale_bpreshuffle_1x128x128_256x32x64x128_16x16_16x16_8x32x1_8x32x1_1x32x1x8_8_2x1_intrawave_v1,15348.842630434787,15331.362170212768,15359.20302222222,3
57344,7168,16384,ck_11_split0,ck,11,0,a8w8_blockscale_bpreshuffle_1x128x128_256x32x128x256_16x16_16x16_16x16x1_16x16x1_1x32x1x8_8_2x1_intrawave_v1,17344.94778000001,17263.814120000003,18635.36666,3
57344,7168,16384,ck_12_split0,ck,12,0,a8w8_blockscale_bpreshuffle_1x128x128_256x32x64x256_16x16_16x16_16x16x1_16x16x1_1x32x1x8_8_2x1_intrawave_v1,15539.017059999998,15533.149744680855,15559.223719999995,3
57344,7168,16384,ck_13_split0,ck,13,0,a8w8_blockscale_bpreshuffle_1x128x128_256x64x256x128_16x16_16x16_8x32x1_8x32x1_1x32x1x8_8_2x1_intrawave_v1,8355.177819999995,8346.355779999998,8369.924874999997,3
57344,7168,16384,ck_14_split0,ck,14,0,a8w8_blockscale_bpreshuffle_1x128x128_256x64x128x128_16x16_16x16_8x32x1_8x32x1_1x32x1x8_8_2x1_intrawave_v1,9108.337480000004,9090.05466,9115.791408163263,3
57344,7168,16384,ck_15_split0,ck,15,0,a8w8_blockscale_bpreshuffle_1x128x128_256x64x64x128_16x16_16x16_8x32x1_8x32x1_1x32x1x8_8_2x1_intrawave_v1,11800.560387755106,11770.342059999995,11805.95826,3
57344,7168,16384,ck_16_split0,ck,16,0,a8w8_blockscale_bpreshuffle_1x128x128_256x64x128x256_16x16_16x16_16x16x1_16x16x1_1x32x1x8_8_2x1_intrawave_v1,9920.885978723407,9897.839100000003,9928.813940000002,3
57344,7168,16384,ck_17_split0,ck,17,0,a8w8_blockscale_bpreshuffle_1x128x128_256x64x64x256_16x16_16x16_16x16x1_16x16x1_1x32x1x8_8_2x1_intrawave_v1,13060.863266666673,13037.874139999996,13061.973755102039,3
57344,7168,16384,cktile_0_split0,cktile,0,0,a8w8_blockscale_cktile_16x128x256_1x4x1_16x16x128_intrawave_0x1x0_1,20932.44010204082,20923.605734693865,20946.007591836755,3
57344,7168,16384,cktile_1_split0,cktile,1,0,a8w8_blockscale_cktile_16x128x256_1x4x1_16x16x128_intrawave_0x1x0_2,20926.69155319151,20884.855434782607,20948.727875000015,3
57344,7168,16384,cktile_2_split0,cktile,2,0,a8w8_blockscale_cktile_16x128x256_1x4x1_16x16x64_intrawave_0x1x0_1,28035.739299999997,27554.17956000001,28858.48502000002,3
57344,7168,16384,cktile_3_split0,cktile,3,0,a8w8_blockscale_cktile_16x128x256_1x4x1_16x16x64_intrawave_0x1x0_2,28933.535079999976,28790.91933999999,29189.954680000017,3
57344,7168,16384,cktile_4_split0,cktile,4,0,a8w8_blockscale_cktile_32x128x128_1x4x1_16x16x128_intrawave_0x1x0_1,24570.870079999993,24545.9767,24575.94338,3
57344,7168,16384,cktile_5_split0,cktile,5,0,a8w8_blockscale_cktile_32x128x128_1x4x1_16x16x128_intrawave_0x1x0_2,24529.712460000002,24510.293439999987,24584.82025999997,3
57344,7168,16384,cktile_6_split0,cktile,6,0,a8w8_blockscale_cktile_32x128x128_1x4x1_16x16x64_intrawave_0x1x0_1,20179.82610416666,19931.80773999999,20349.15282608695,3
57344,7168,16384,cktile_7_split0,cktile,7,0,a8w8_blockscale_cktile_32x128x128_1x4x1_16x16x64_intrawave_0x1x0_2,23266.353833333327,23196.7475,23280.407333333333,3
57344,7168,16384,cktile_8_split0,cktile,8,0,a8w8_blockscale_cktile_128x128x128_1x4x1_16x16x128_intrawave_0x1x0_1,13043.94714285714,13040.345120000004,13104.585860000008,3
57344,7168,16384,cktile_9_split0,cktile,9,0,a8w8_blockscale_cktile_128x128x128_1x4x1_16x16x128_intrawave_0x1x0_1,13058.226520833332,13032.168693877555,13074.500282608698,3
57344,7168,16384,cktile_10_split0,cktile,10,0,a8w8_blockscale_cktile_128x128x128_2x2x1_16x16x128_intrawave_0x1x0_2,12446.43039999999,12443.882061224493,12449.32440000001,3
57344,7168,16384,cktile_11_split0,cktile,11,0,a8w8_blockscale_cktile_192x256x128_4x2x1_16x16x128_intrawave_0x1x0_1,6235.863720000005,6224.311820000003,6249.664499999999,3
57344,7168,16384,cktile_12_split0,cktile,12,0,a8w8_blockscale_cktile_192x256x128_4x2x1_16x16x128_intrawave_0x1x0_1_aqrm,7491.2979361702155,7475.82252,7500.295765957449,3
57344,7168,16384,cktile_13_split0,cktile,13,0,a8w8_blockscale_cktile_16x128x256_1x4x1_16x16x128_intrawave_0x1x0_3,21007.341795918364,20992.08439999999,21022.63509999999,3
57344,7168,16384,cktile_14_split0,cktile,14,0,a8w8_blockscale_cktile_16x128x256_1x4x1_16x16x128_intrawave_0x1x0_4,61484.01717999997,60810.76939999998,64045.264978723375,3
57344,7168,16384,cktile_15_split0,cktile,15,0,a8w8_blockscale_cktile_16x128x256_1x4x1_16x16x64_intrawave_0x1x0_3,28727.06903999999,28033.959719999988,28849.83186,3
57344,7168,16384,cktile_16_split0,cktile,16,0,a8w8_blockscale_cktile_16x128x256_1x4x1_16x16x64_intrawave_0x1x0_4,46071.60385999999,46045.087419999974,46149.812458333276,3
57344,7168,16384,cktile_17_split0,cktile,17,0,a8w8_blockscale_cktile_32x128x128_1x4x1_16x16x128_intrawave_0x1x0_3,24496.471520000006,24484.647816326513,24554.237199999985,3
57344,7168,16384,cktile_18_split0,cktile,18,0,a8w8_blockscale_cktile_32x128x128_1x4x1_16x16x128_intrawave_0x1x0_4,24610.587260000015,24575.447,24648.308408163273,3
57344,7168,16384,cktile_19_split0,cktile,19,0,a8w8_blockscale_cktile_32x128x128_1x4x1_16x16x64_intrawave_0x1x0_3,23214.24508510639,23198.428280000007,23245.527859999984,3
57344,7168,16384,cktile_20_split0,cktile,20,0,a8w8_blockscale_cktile_32x128x128_1x4x1_16x16x64_intrawave_0x1x0_4,23166.36593877551,23109.191979999985,23289.808265306143,3
57344,7168,16384,cktile_21_split0,cktile,21,0,a8w8_blockscale_cktile_128x128x128_1x4x1_16x16x128_intrawave_0x1x0_2,13044.031448979604,13039.972755102046,13072.410120000006,3
57344,7168,16384,cktile_22_split0,cktile,22,0,a8w8_blockscale_cktile_128x128x128_1x4x1_16x16x128_intrawave_0x1x0_3,39988.00302,39969.38333999997,40020.51282000001,3
57344,7168,16384,cktile_23_split0,cktile,23,0,a8w8_blockscale_cktile_128x128x128_1x4x1_16x16x128_intrawave_0x1x0_4,61385.62820000005,61265.538619999985,61390.574220000046,3
57344,7168,16384,cktile_24_split0,cktile,24,0,a8w8_blockscale_cktile_128x128x128_2x2x1_16x16x128_intrawave_0x1x0_1,12440.223979166663,12438.330880000005,12443.357183673472,3
57344,7168,16384,cktile_25_split0,cktile,25,0,a8w8_blockscale_cktile_128x128x128_2x2x1_16x16x128_intrawave_0x1x0_3,40987.143560000004,40967.297540000014,40996.130857142845,3
57344,7168,16384,cktile_26_split0,cktile,26,0,a8w8_blockscale_cktile_128x128x128_2x2x1_16x16x128_intrawave_0x1x0_4,95004.82725999998,94611.26520408166,95020.19269999997,3
57344,7168,16384,cktile_27_split0,cktile,27,0,a8w8_blockscale_cktile_192x256x128_4x2x1_16x16x128_intrawave_0x1x0_2,6250.476041666669,6241.007659999998,6252.525239999999,3
57344,7168,16384,cktile_28_split0,cktile,28,0,a8w8_blockscale_cktile_192x256x128_4x2x1_16x16x128_intrawave_0x1x0_3,6251.71564,6234.588380000001,6269.322673469393,3
57344,7168,16384,cktile_29_split0,cktile,29,0,a8w8_blockscale_cktile_192x256x128_4x2x1_16x16x128_intrawave_0x1x0_4,6224.138448979589,6223.776140000001,6259.765499999998,3
57344,7168,16384,cktile_30_split0,cktile,30,0,a8w8_blockscale_cktile_192x256x128_4x2x1_16x16x128_intrawave_0x1x0_2_aqrm,7490.362510204083,7479.623239999999,7496.04022,3
57344,7168,16384,cktile_31_split0,cktile,31,0,a8w8_blockscale_cktile_192x256x128_4x2x1_16x16x128_intrawave_0x1x0_3_aqrm,7499.0282400000015,7495.878416666664,7501.127680851065,3
57344,7168,16384,cktile_32_split0,cktile,32,0,a8w8_blockscale_cktile_192x256x128_4x2x1_16x16x128_intrawave_0x1x0_4_aqrm,7485.610520000001,7482.926419999999,7495.56502,3
57344,7168,16384,opus_9000,opus,9000,0,opus_gemm_gfx950_a8w8_mxscale_gemm_bpreshuffle_256x256x256x128_2x2_16x16x128_1x128x128_tiles1_nooob,5198.72632,5187.327580000001,5208.0585,3
57344,7168,16384,opus_9010,opus,9010,0,opus_gemm_gfx950_a8w8_mxscale_gemm_bpreshuffle_256x128x128x128_2x2_16x16x128_1x128x128_tiles1_nooob,8267.501799999998,8254.332795918368,8271.187300000001,3
57344,7168,16384,opus_9011,opus,9011,0,opus_gemm_gfx950_a8w8_mxscale_gemm_bpreshuffle_256x64x128x128_2x2_16x16x128_1x128x128_tiles1_nooob,13112.038836734697,13057.246020000002,13322.957599999998,3
57344,7168,16384,opus_9012,opus,9012,0,opus_gemm_gfx950_a8w8_mxscale_gemm_bpreshuffle_256x64x64x128_2x2_16x16x128_1x128x128_tiles1_nooob,16480.457639999993,16479.606100000005,16486.760479166678,3
57344,7168,16384,opus_9020,opus,9020,0,opus_gemm_gfx950_a8w8_mxscale_gemm_bpreshuffle_256x256x256x128_2x2_16x16x128_1x128x128_tiles1,5254.081960000002,5248.431142857145,5266.195899999999,3
1664,16384,1536,ck_0_split0,ck,0,0,a8w8_blockscale_bpreshuffle_1x128x128_256x128x128x128_16x16_16x16_8x32x1_8x32x1_1x32x1x8_8_2x1_intrawave_v3,79.18390000000001,79.04789999999998,80.87512000000004,3
1664,16384,1536,ck_1_split0,ck,1,0,a8w8_blockscale_bpreshuffle_1x128x128_256x64x128x128_16x16_16x16_8x32x1_8x32x1_1x32x1x8_8_2x1_intrawave_v3,77.87428000000001,77.61268,78.01990000000002,3
1664,16384,1536,ck_2_split0,ck,2,0,a8w8_blockscale_bpreshuffle_1x128x128_256x64x64x128_16x16_16x16_8x32x1_8x32x1_1x32x1x8_8_2x1_intrawave_v3,99.91453999999997,97.65691999999996,101.30016000000002,3
1664,16384,1536,ck_3_split0,ck,3,0,a8w8_blockscale_bpreshuffle_1x128x128_256x16x256x128_8x16_16x16_16x16x1_8x32x1_1x16x1x16_8_1x2_intrawave_v1,139.13418,138.75017999999997,139.99260000000004,3
1664,16384,1536,ck_4_split0,ck,4,0,a8w8_blockscale_bpreshuffle_1x128x128_256x16x128x128_8x16_16x16_16x16x1_8x32x1_1x16x1x16_8_1x2_intrawave_v1,150.95114,149.05190000000002,152.40393999999998,3
1664,16384,1536,ck_5_split0,ck,5,0,a8w8_blockscale_bpreshuffle_1x128x128_256x16x64x128_8x16_16x16_16x16x1_8x32x1_1x16x1x16_4_1x1_intrawave_v1,177.58342000000007,176.57702000000006,177.71143999999995,3
1664,16384,1536,ck_6_split0,ck,6,0,a8w8_blockscale_bpreshuffle_1x128x128_256x16x128x256_16x16_16x16_16x16x1_16x16x1_1x16x1x16_8_1x2_intrawave_v1,146.65667999999997,145.59346000000002,147.97830000000008,3
1664,16384,1536,ck_7_split0,ck,7,0,a8w8_blockscale_bpreshuffle_1x128x128_256x16x64x256_16x16_16x16_16x16x1_16x16x1_1x16x1x16_4_1x1_intrawave_v1,171.01694,169.50983333333332,171.74364864864867,3
1664,16384,1536,ck_8_split0,ck,8,0,a8w8_blockscale_bpreshuffle_1x128x128_256x32x256x128_16x16_16x16_8x32x1_8x32x1_1x32x1x8_8_2x1_intrawave_v1,90.85523999999995,87.38800000000005,92.15603999999998,3
1664,16384,1536,ck_9_split0,ck,9,0,a8w8_blockscale_bpreshuffle_1x128x128_256x32x128x128_16x16_16x16_8x32x1_8x32x1_1x32x1x8_8_2x1_intrawave_v1,95.22487999999996,94.49208,97.43771999999998,3
1664,16384,1536,ck_10_split0,ck,10,0,a8w8_blockscale_bpreshuffle_1x128x128_256x32x64x128_16x16_16x16_8x32x1_8x32x1_1x32x1x8_8_2x1_intrawave_v1,112.72987999999995,112.53868000000003,113.85069999999997,3
1664,16384,1536,ck_11_split0,ck,11,0,a8w8_blockscale_bpreshuffle_1x128x128_256x32x128x256_16x16_16x16_16x16x1_16x16x1_1x32x1x8_8_2x1_intrawave_v1,100.37373999999998,98.40654,101.02895999999993,3
1664,16384,1536,ck_12_split0,ck,12,0,a8w8_blockscale_bpreshuffle_1x128x128_256x32x64x256_16x16_16x16_16x16x1_16x16x1_1x32x1x8_8_2x1_intrawave_v1,119.10758000000004,118.76436000000001,119.63236,3
1664,16384,1536,ck_13_split0,ck,13,0,a8w8_blockscale_bpreshuffle_1x128x128_256x64x256x128_16x16_16x16_8x32x1_8x32x1_1x32x1x8_8_2x1_intrawave_v1,78.4031,77.52628000000003,79.24792000000004,3
1664,16384,1536,ck_14_split0,ck,14,0,a8w8_blockscale_bpreshuffle_1x128x128_256x64x128x128_16x16_16x16_8x32x1_8x32x1_1x32x1x8_8_2x1_intrawave_v1,78.63190000000003,77.59188000000002,81.32792000000003,3
1664,16384,1536,ck_15_split0,ck,15,0,a8w8_blockscale_bpreshuffle_1x128x128_256x64x64x128_16x16_16x16_8x32x1_8x32x1_1x32x1x8_8_2x1_intrawave_v1,96.77371999999994,96.51529999999998,96.91849999999997,3
1664,16384,1536,ck_16_split0,ck,16,0,a8w8_blockscale_bpreshuffle_1x128x128_256x64x128x256_16x16_16x16_16x16x1_16x16x1_1x32x1x8_8_2x1_intrawave_v1,88.06799999999997,86.61438000000005,89.19361999999995,3
1664,16384,1536,ck_17_split0,ck,17,0,a8w8_blockscale_bpreshuffle_1x128x128_256x64x64x256_16x16_16x16_16x16x1_16x16x1_1x32x1x8_8_2x1_intrawave_v1,111.62187999999993,111.36668,112.74669999999998,3
1664,16384,1536,cktile_0_split0,cktile,0,0,a8w8_blockscale_cktile_16x128x256_1x4x1_16x16x128_intrawave_0x1x0_1,154.28536000000008,153.64855999999997,154.60376000000002,3
1664,16384,1536,cktile_1_split0,cktile,1,0,a8w8_blockscale_cktile_16x128x256_1x4x1_16x16x128_intrawave_0x1x0_2,153.53735999999998,152.76302040816327,154.90778000000006,3
1664,16384,1536,cktile_2_split0,cktile,2,0,a8w8_blockscale_cktile_16x128x256_1x4x1_16x16x64_intrawave_0x1x0_1,158.84461999999994,158.72301999999996,160.44544,3
1664,16384,1536,cktile_3_split0,cktile,3,0,a8w8_blockscale_cktile_16x128x256_1x4x1_16x16x64_intrawave_0x1x0_2,160.33664000000005,159.22302000000008,160.41743999999994,3
1664,16384,1536,cktile_4_split0,cktile,4,0,a8w8_blockscale_cktile_32x128x128_1x4x1_16x16x128_intrawave_0x1x0_1,110.48885999999993,106.99683999999996,111.02166000000003,3
1664,16384,1536,cktile_5_split0,cktile,5,0,a8w8_blockscale_cktile_32x128x128_1x4x1_16x16x128_intrawave_0x1x0_2,110.98567999999999,110.89526000000006,112.75127999999997,3
1664,16384,1536,cktile_6_split0,cktile,6,0,a8w8_blockscale_cktile_32x128x128_1x4x1_16x16x64_intrawave_0x1x0_1,115.50572000000004,113.37049999999999,115.92093999999997,3
1664,16384,1536,cktile_7_split0,cktile,7,0,a8w8_blockscale_cktile_32x128x128_1x4x1_16x16x64_intrawave_0x1x0_2,113.37689999999996,113.04648000000003,114.39849999999997,3
1664,16384,1536,cktile_8_split0,cktile,8,0,a8w8_blockscale_cktile_128x128x128_1x4x1_16x16x128_intrawave_0x1x0_1,102.73276000000007,102.65595999999998,103.38958000000008,3
1664,16384,1536,cktile_9_split0,cktile,9,0,a8w8_blockscale_cktile_128x128x128_1x4x1_16x16x128_intrawave_0x1x0_1,102.72316,102.31116,103.36957999999998,3
1664,16384,1536,cktile_10_split0,cktile,10,0,a8w8_blockscale_cktile_128x128x128_2x2x1_16x16x128_intrawave_0x1x0_2,102.3658125,102.14937777777781,102.91917999999995,3
1664,16384,1536,cktile_11_split0,cktile,11,0,a8w8_blockscale_cktile_192x256x128_4x2x1_16x16x128_intrawave_0x1x0_1,66.39896000000002,66.38296,66.41496000000004,3
1664,16384,1536,cktile_12_split0,cktile,12,0,a8w8_blockscale_cktile_192x256x128_4x2x1_16x16x128_intrawave_0x1x0_1_aqrm,68.80779999999999,68.35541304347826,68.89658000000003,3
1664,16384,1536,cktile_13_split0,cktile,13,0,a8w8_blockscale_cktile_16x128x256_1x4x1_16x16x128_intrawave_0x1x0_3,153.54454000000007,152.76934,154.77258,3
1664,16384,1536,cktile_14_split0,cktile,14,0,a8w8_blockscale_cktile_16x128x256_1x4x1_16x16x128_intrawave_0x1x0_4,284.58846000000017,284.58845999999994,286.5980799999999,3
1664,16384,1536,cktile_15_split0,cktile,15,0,a8w8_blockscale_cktile_16x128x256_1x4x1_16x16x64_intrawave_0x1x0_3,160.13022,158.41819999999998,161.87503999999993,3
1664,16384,1536,cktile_16_split0,cktile,16,0,a8w8_blockscale_cktile_16x128x256_1x4x1_16x16x64_intrawave_0x1x0_4,183.01689999999996,182.7921,185.29852,3
1664,16384,1536,cktile_17_split0,cktile,17,0,a8w8_blockscale_cktile_32x128x128_1x4x1_16x16x128_intrawave_0x1x0_3,113.00328000000003,110.72006122448971,113.25130000000001,3
1664,16384,1536,cktile_18_split0,cktile,18,0,a8w8_blockscale_cktile_32x128x128_1x4x1_16x16x128_intrawave_0x1x0_4,112.6001,111.73527999999996,112.62009999999998,3
1664,16384,1536,cktile_19_split0,cktile,19,0,a8w8_blockscale_cktile_32x128x128_1x4x1_16x16x64_intrawave_0x1x0_3,116.01852000000002,112.3008800000001,116.04011999999993,3
1664,16384,1536,cktile_20_split0,cktile,20,0,a8w8_blockscale_cktile_32x128x128_1x4x1_16x16x64_intrawave_0x1x0_4,115.67532000000001,113.67689999999995,118.58815999999999,3
1664,16384,1536,cktile_21_split0,cktile,21,0,a8w8_blockscale_cktile_128x128x128_1x4x1_16x16x128_intrawave_0x1x0_2,102.33677999999996,101.53915999999995,103.74718000000003,3
1664,16384,1536,cktile_22_split0,cktile,22,0,a8w8_blockscale_cktile_128x128x128_1x4x1_16x16x128_intrawave_0x1x0_3,300.10404347826096,299.92521428571445,300.48865909090904,3
1664,16384,1536,cktile_23_split0,cktile,23,0,a8w8_blockscale_cktile_128x128x128_1x4x1_16x16x128_intrawave_0x1x0_4,447.49729166666657,447.2320212765958,447.54979166666675,3
1664,16384,1536,cktile_24_split0,cktile,24,0,a8w8_blockscale_cktile_128x128x128_2x2x1_16x16x128_intrawave_0x1x0_1,102.67500000000003,102.23998000000002,103.11998000000003,3
1664,16384,1536,cktile_25_split0,cktile,25,0,a8w8_blockscale_cktile_128x128x128_2x2x1_16x16x128_intrawave_0x1x0_3,319.06250000000006,318.43208695652163,319.1582553191488,3
1664,16384,1536,cktile_26_split0,cktile,26,0,a8w8_blockscale_cktile_128x128x128_2x2x1_16x16x128_intrawave_0x1x0_4,641.2488260869565,640.849695652174,641.4878125,3
1664,16384,1536,cktile_27_split0,cktile,27,0,a8w8_blockscale_cktile_192x256x128_4x2x1_16x16x128_intrawave_0x1x0_2,66.28696,66.19472916666666,66.52856000000001,3
1664,16384,1536,cktile_28_split0,cktile,28,0,a8w8_blockscale_cktile_192x256x128_4x2x1_16x16x128_intrawave_0x1x0_3,66.55060416666669,66.03611363636368,66.61095999999999,3
1664,16384,1536,cktile_29_split0,cktile,29,0,a8w8_blockscale_cktile_192x256x128_4x2x1_16x16x128_intrawave_0x1x0_4,66.41165957446806,66.05797826086956,66.49336000000001,3
1664,16384,1536,cktile_30_split0,cktile,30,0,a8w8_blockscale_cktile_192x256x128_4x2x1_16x16x128_intrawave_0x1x0_2_aqrm,68.42058000000006,68.35081632653066,69.07898,3
1664,16384,1536,cktile_31_split0,cktile,31,0,a8w8_blockscale_cktile_192x256x128_4x2x1_16x16x128_intrawave_0x1x0_3_aqrm,68.60379999999998,68.49691836734694,68.80224489795916,3
1664,16384,1536,cktile_32_split0,cktile,32,0,a8w8_blockscale_cktile_192x256x128_4x2x1_16x16x128_intrawave_0x1x0_4_aqrm,68.73097999999999,68.62379999999999,68.96699999999998,3
1664,16384,1536,opus_9010,opus,9010,0,opus_gemm_gfx950_a8w8_mxscale_gemm_bpreshuffle_256x128x128x128_2x2_16x16x128_1x128x128_tiles1_nooob,86.60680851063829,86.58857142857141,87.412,3
1664,16384,1536,opus_9011,opus,9011,0,opus_gemm_gfx950_a8w8_mxscale_gemm_bpreshuffle_256x64x128x128_2x2_16x16x128_1x128x128_tiles1_nooob,80.39512000000002,80.06871999999998,81.43112000000002,3
1664,16384,1536,opus_9012,opus,9012,0,opus_gemm_gfx950_a8w8_mxscale_gemm_bpreshuffle_256x64x64x128_2x2_16x16x128_1x128x128_tiles1_nooob,102.03936,101.63776000000006,102.56258000000004,3
1664,16384,1536,opus_9020,opus,9020,0,opus_gemm_gfx950_a8w8_mxscale_gemm_bpreshuffle_256x256x256x128_2x2_16x16x128_1x128x128_tiles1,57.538860000000014,57.018039999999985,57.790880000000016,3
14336,16384,1536,ck_0_split0,ck,0,0,a8w8_blockscale_bpreshuffle_1x128x128_256x128x128x128_16x16_16x16_8x32x1_8x32x1_1x32x1x8_8_2x1_intrawave_v3,553.052170212766,552.8662173913044,553.5226888888889,3
14336,16384,1536,ck_1_split0,ck,1,0,a8w8_blockscale_bpreshuffle_1x128x128_256x64x128x128_16x16_16x16_8x32x1_8x32x1_1x32x1x8_8_2x1_intrawave_v3,579.3722916666667,577.3404347826088,580.2136399999998,3
14336,16384,1536,ck_2_split0,ck,2,0,a8w8_blockscale_bpreshuffle_1x128x128_256x64x64x128_16x16_16x16_8x32x1_8x32x1_1x32x1x8_8_2x1_intrawave_v3,732.7994,731.357,733.9498200000002,3
14336,16384,1536,ck_3_split0,ck,3,0,a8w8_blockscale_bpreshuffle_1x128x128_256x16x256x128_8x16_16x16_16x16x1_8x32x1_1x16x1x16_8_1x2_intrawave_v1,1056.0282448979592,1055.4697777777778,1058.0893829787233,3
14336,16384,1536,ck_4_split0,ck,4,0,a8w8_blockscale_bpreshuffle_1x128x128_256x16x128x128_8x16_16x16_16x16x1_8x32x1_1x16x1x16_8_1x2_intrawave_v1,1153.3989374999999,1150.7069782608696,1154.9387551020413,3
14336,16384,1536,ck_5_split0,ck,5,0,a8w8_blockscale_bpreshuffle_1x128x128_256x16x64x128_8x16_16x16_16x16x1_8x32x1_1x16x1x16_4_1x1_intrawave_v1,1353.5583617021268,1351.4961020408166,1354.5561200000002,3
14336,16384,1536,ck_6_split0,ck,6,0,a8w8_blockscale_bpreshuffle_1x128x128_256x16x128x256_16x16_16x16_16x16x1_16x16x1_1x16x1x16_8_1x2_intrawave_v1,1124.7231199999999,1123.10752173913,1124.896775510204,3
14336,16384,1536,ck_7_split0,ck,7,0,a8w8_blockscale_bpreshuffle_1x128x128_256x16x64x256_16x16_16x16_16x16x1_16x16x1_1x16x1x16_4_1x1_intrawave_v1,1319.0235106382975,1317.798111111112,1325.7241874999997,3
14336,16384,1536,ck_8_split0,ck,8,0,a8w8_blockscale_bpreshuffle_1x128x128_256x32x256x128_16x16_16x16_8x32x1_8x32x1_1x32x1x8_8_2x1_intrawave_v1,653.844836734694,652.100413043478,654.6023333333334,3
14336,16384,1536,ck_9_split0,ck,9,0,a8w8_blockscale_bpreshuffle_1x128x128_256x32x128x128_16x16_16x16_8x32x1_8x32x1_1x32x1x8_8_2x1_intrawave_v1,713.9271702127659,713.451375,716.04882,3
14336,16384,1536,ck_10_split0,ck,10,0,a8w8_blockscale_bpreshuffle_1x128x128_256x32x64x128_16x16_16x16_8x32x1_8x32x1_1x32x1x8_8_2x1_intrawave_v1,856.4239111111112,856.1983913043479,857.2966521739128,3
14336,16384,1536,ck_11_split0,ck,11,0,a8w8_blockscale_bpreshuffle_1x128x128_256x32x128x256_16x16_16x16_16x16x1_16x16x1_1x32x1x8_8_2x1_intrawave_v1,741.4336304347821,738.9321395348837,743.4991875000001,3
14336,16384,1536,ck_12_split0,ck,12,0,a8w8_blockscale_bpreshuffle_1x128x128_256x32x64x256_16x16_16x16_16x16x1_16x16x1_1x32x1x8_8_2x1_intrawave_v1,883.7273333333336,882.366409090909,886.1201836734696,3
14336,16384,1536,ck_13_split0,ck,13,0,a8w8_blockscale_bpreshuffle_1x128x128_256x64x256x128_16x16_16x16_8x32x1_8x32x1_1x32x1x8_8_2x1_intrawave_v1,545.4894166666667,543.0870222222221,546.8336249999999,3
14336,16384,1536,ck_14_split0,ck,14,0,a8w8_blockscale_bpreshuffle_1x128x128_256x64x128x128_16x16_16x16_8x32x1_8x32x1_1x32x1x8_8_2x1_intrawave_v1,569.2906170212766,567.631288888889,571.5287600000001,3
14336,16384,1536,ck_15_split0,ck,15,0,a8w8_blockscale_bpreshuffle_1x128x128_256x64x64x128_16x16_16x16_8x32x1_8x32x1_1x32x1x8_8_2x1_intrawave_v1,712.9103600000003,711.5343600000001,713.4055600000002,3
14336,16384,1536,ck_16_split0,ck,16,0,a8w8_blockscale_bpreshuffle_1x128x128_256x64x128x256_16x16_16x16_16x16x1_16x16x1_1x32x1x8_8_2x1_intrawave_v1,649.4673478260869,647.4348444444443,650.3247659574467,3
14336,16384,1536,ck_17_split0,ck,17,0,a8w8_blockscale_bpreshuffle_1x128x128_256x64x64x256_16x16_16x16_16x16x1_16x16x1_1x32x1x8_8_2x1_intrawave_v1,852.6127799999995,851.1423599999995,853.8912000000003,3
14336,16384,1536,cktile_0_split0,cktile,0,0,a8w8_blockscale_cktile_16x128x256_1x4x1_16x16x128_intrawave_0x1x0_1,1160.2377199999985,1158.54888,1160.7009400000006,3
14336,16384,1536,cktile_1_split0,cktile,1,0,a8w8_blockscale_cktile_16x128x256_1x4x1_16x16x128_intrawave_0x1x0_2,1159.8320999999992,1157.7280600000008,1160.3601199999998,3
14336,16384,1536,cktile_2_split0,cktile,2,0,a8w8_blockscale_cktile_16x128x256_1x4x1_16x16x64_intrawave_0x1x0_1,1185.4204000000004,1183.7155600000006,1188.46526,3
14336,16384,1536,cktile_3_split0,cktile,3,0,a8w8_blockscale_cktile_16x128x256_1x4x1_16x16x64_intrawave_0x1x0_2,1182.5556000000006,1181.2891400000003,1186.3147799999997,3
14336,16384,1536,cktile_4_split0,cktile,4,0,a8w8_blockscale_cktile_32x128x128_1x4x1_16x16x128_intrawave_0x1x0_1,807.1560799999995,806.1536399999998,809.4873000000002,3
14336,16384,1536,cktile_5_split0,cktile,5,0,a8w8_blockscale_cktile_32x128x128_1x4x1_16x16x128_intrawave_0x1x0_2,808.7208800000002,804.1528199999995,810.8288999999993,3
14336,16384,1536,cktile_6_split0,cktile,6,0,a8w8_blockscale_cktile_32x128x128_1x4x1_16x16x64_intrawave_0x1x0_1,823.5730400000009,822.0146400000001,825.5866799999992,3
14336,16384,1536,cktile_7_split0,cktile,7,0,a8w8_blockscale_cktile_32x128x128_1x4x1_16x16x64_intrawave_0x1x0_2,831.0834489795918,829.8923400000002,832.26034,3
14336,16384,1536,cktile_8_split0,cktile,8,0,a8w8_blockscale_cktile_128x128x128_1x4x1_16x16x128_intrawave_0x1x0_1,691.8753265306121,690.54352,692.9691400000002,3
14336,16384,1536,cktile_9_split0,cktile,9,0,a8w8_blockscale_cktile_128x128x128_1x4x1_16x16x128_intrawave_0x1x0_1,692.8787599999999,692.1571399999995,696.31238,3
14336,16384,1536,cktile_10_split0,cktile,10,0,a8w8_blockscale_cktile_128x128x128_2x2x1_16x16x128_intrawave_0x1x0_2,676.4065599999998,673.0520999999999,676.8473799999999,3
14336,16384,1536,cktile_11_split0,cktile,11,0,a8w8_blockscale_cktile_192x256x128_4x2x1_16x16x128_intrawave_0x1x0_1,444.9641020408163,444.49852000000016,445.07289999999995,3
14336,16384,1536,cktile_12_split0,cktile,12,0,a8w8_blockscale_cktile_192x256x128_4x2x1_16x16x128_intrawave_0x1x0_1_aqrm,457.8717708333332,457.29006250000003,458.67544000000015,3
14336,16384,1536,cktile_13_split0,cktile,13,0,a8w8_blockscale_cktile_16x128x256_1x4x1_16x16x128_intrawave_0x1x0_3,1159.3257199999996,1156.9344599999993,1163.1865399999997,3
14336,16384,1536,cktile_14_split0,cktile,14,0,a8w8_blockscale_cktile_16x128x256_1x4x1_16x16x128_intrawave_0x1x0_4,2250.3485600000013,2248.2382199999984,2251.1846200000005,3
14336,16384,1536,cktile_15_split0,cktile,15,0,a8w8_blockscale_cktile_16x128x256_1x4x1_16x16x64_intrawave_0x1x0_3,1181.8363199999988,1181.0419599999996,1183.4236000000003,3
14336,16384,1536,cktile_16_split0,cktile,16,0,a8w8_blockscale_cktile_16x128x256_1x4x1_16x16x64_intrawave_0x1x0_4,1357.5247800000006,1357.2999599999994,1358.6671799999995,3
14336,16384,1536,cktile_17_split0,cktile,17,0,a8w8_blockscale_cktile_32x128x128_1x4x1_16x16x128_intrawave_0x1x0_3,809.3809000000008,808.2672400000001,810.7328999999997,3
14336,16384,1536,cktile_18_split0,cktile,18,0,a8w8_blockscale_cktile_32x128x128_1x4x1_16x16x128_intrawave_0x1x0_4,809.6672799999999,806.5768599999994,810.6136999999992,3
14336,16384,1536,cktile_19_split0,cktile,19,0,a8w8_blockscale_cktile_32x128x128_1x4x1_16x16x64_intrawave_0x1x0_3,830.0683400000001,829.7258775510205,830.8211199999996,3
14336,16384,1536,cktile_20_split0,cktile,20,0,a8w8_blockscale_cktile_32x128x128_1x4x1_16x16x64_intrawave_0x1x0_4,829.8123400000003,829.7764693877551,831.1907200000002,3
14336,16384,1536,cktile_21_split0,cktile,21,0,a8w8_blockscale_cktile_128x128x128_1x4x1_16x16x128_intrawave_0x1x0_2,691.38914,686.6586599999998,694.5003600000002,3
14336,16384,1536,cktile_22_split0,cktile,22,0,a8w8_blockscale_cktile_128x128x128_1x4x1_16x16x128_intrawave_0x1x0_3,2145.4026,2137.6313600000008,2145.6186199999997,3
14336,16384,1536,cktile_23_split0,cktile,23,0,a8w8_blockscale_cktile_128x128x128_1x4x1_16x16x128_intrawave_0x1x0_4,3335.897041666665,3334.8939,3336.7611632653043,3
14336,16384,1536,cktile_24_split0,cktile,24,0,a8w8_blockscale_cktile_128x128x128_2x2x1_16x16x128_intrawave_0x1x0_1,676.5137600000002,675.9425399999999,676.8273800000002,3
14336,16384,1536,cktile_25_split0,cktile,25,0,a8w8_blockscale_cktile_128x128x128_2x2x1_16x16x128_intrawave_0x1x0_3,2263.00796,2258.9135399999996,2263.2943199999977,3
14336,16384,1536,cktile_26_split0,cktile,26,0,a8w8_blockscale_cktile_128x128x128_2x2x1_16x16x128_intrawave_0x1x0_4,4845.044999999996,4842.28770833333,4846.308999999998,3
14336,16384,1536,cktile_27_split0,cktile,27,0,a8w8_blockscale_cktile_192x256x128_4x2x1_16x16x128_intrawave_0x1x0_2,444.8280999999999,444.6721,444.84409999999997,3
14336,16384,1536,cktile_28_split0,cktile,28,0,a8w8_blockscale_cktile_192x256x128_4x2x1_16x16x128_intrawave_0x1x0_3,444.8604285714285,444.16488000000004,444.88169999999997,3
14336,16384,1536,cktile_29_split0,cktile,29,0,a8w8_blockscale_cktile_192x256x128_4x2x1_16x16x128_intrawave_0x1x0_4,444.60090000000014,444.24969999999996,444.76655102040814,3
14336,16384,1536,cktile_30_split0,cktile,30,0,a8w8_blockscale_cktile_192x256x128_4x2x1_16x16x128_intrawave_0x1x0_2_aqrm,458.0287346938778,457.5306599999999,458.0965102040816,3
14336,16384,1536,cktile_31_split0,cktile,31,0,a8w8_blockscale_cktile_192x256x128_4x2x1_16x16x128_intrawave_0x1x0_3_aqrm,457.69624000000005,457.68186000000003,457.9154599999999,3
14336,16384,1536,cktile_32_split0,cktile,32,0,a8w8_blockscale_cktile_192x256x128_4x2x1_16x16x128_intrawave_0x1x0_4_aqrm,458.2066599999999,458.00506000000007,458.22873469387775,3
14336,16384,1536,opus_9000,opus,9000,0,opus_gemm_gfx950_a8w8_mxscale_gemm_bpreshuffle_256x256x256x128_2x2_16x16x128_1x128x128_tiles1_nooob,380.7982765957447,380.6253877551019,380.9675208333335,3
14336,16384,1536,opus_9010,opus,9010,0,opus_gemm_gfx950_a8w8_mxscale_gemm_bpreshuffle_256x128x128x128_2x2_16x16x128_1x128x128_tiles1_nooob,679.61322,679.2323600000001,680.3132199999999,3
14336,16384,1536,opus_9011,opus,9011,0,opus_gemm_gfx950_a8w8_mxscale_gemm_bpreshuffle_256x64x128x128_2x2_16x16x128_1x128x128_tiles1_nooob,628.51182,627.7053799999999,629.4214200000001,3
14336,16384,1536,opus_9012,opus,9012,0,opus_gemm_gfx950_a8w8_mxscale_gemm_bpreshuffle_256x64x64x128_2x2_16x16x128_1x128x128_tiles1_nooob,823.8444799999997,821.4228000000003,825.7452799999998,3
14336,16384,1536,opus_9020,opus,9020,0,opus_gemm_gfx950_a8w8_mxscale_gemm_bpreshuffle_256x256x256x128_2x2_16x16x128_1x128x128_tiles1,401.92281632653055,401.4854186046512,402.0917551020408,3
1216,65536,1536,ck_0_split0,ck,0,0,a8w8_blockscale_bpreshuffle_1x128x128_256x128x128x128_16x16_16x16_8x32x1_8x32x1_1x32x1x8_8_2x1_intrawave_v3,222.6235918367346,221.93193999999997,222.97996000000003,3
1216,65536,1536,ck_1_split0,ck,1,0,a8w8_blockscale_bpreshuffle_1x128x128_256x64x128x128_16x16_16x16_8x32x1_8x32x1_1x32x1x8_8_2x1_intrawave_v3,208.8798,208.71180000000004,209.4046000000001,3
1216,65536,1536,ck_2_split0,ck,2,0,a8w8_blockscale_bpreshuffle_1x128x128_256x64x64x128_16x16_16x16_8x32x1_8x32x1_1x32x1x8_8_2x1_intrawave_v3,260.43240000000003,257.6204102564105,260.5980199999999,3
1216,65536,1536,ck_3_split0,ck,3,0,a8w8_blockscale_bpreshuffle_1x128x128_256x16x256x128_8x16_16x16_16x16x1_8x32x1_1x16x1x16_8_1x2_intrawave_v1,367.58162000000004,365.8840200000003,367.7346530612243,3
1216,65536,1536,ck_4_split0,ck,4,0,a8w8_blockscale_bpreshuffle_1x128x128_256x16x128x128_8x16_16x16_16x16x1_8x32x1_1x16x1x16_8_1x2_intrawave_v1,398.6933555555555,398.66534782608693,401.64874468085094,3
1216,65536,1536,ck_5_split0,ck,5,0,a8w8_blockscale_bpreshuffle_1x128x128_256x16x64x128_8x16_16x16_16x16x1_8x32x1_1x16x1x16_4_1x1_intrawave_v1,469.94808163265304,465.9057333333333,470.3228,3
1216,65536,1536,ck_6_split0,ck,6,0,a8w8_blockscale_bpreshuffle_1x128x128_256x16x128x256_16x16_16x16_16x16x1_16x16x1_1x16x1x16_8_1x2_intrawave_v1,393.06034,391.6043000000001,393.69074,3
1216,65536,1536,ck_7_split0,ck,7,0,a8w8_blockscale_bpreshuffle_1x128x128_256x16x64x256_16x16_16x16_16x16x1_16x16x1_1x16x1x16_4_1x1_intrawave_v1,457.4893617021276,455.87336363636354,457.9319361702127,3
1216,65536,1536,ck_8_split0,ck,8,0,a8w8_blockscale_bpreshuffle_1x128x128_256x32x256x128_16x16_16x16_8x32x1_8x32x1_1x32x1x8_8_2x1_intrawave_v1,236.42974000000007,233.20083333333324,238.20254000000008,3
1216,65536,1536,ck_9_split0,ck,9,0,a8w8_blockscale_bpreshuffle_1x128x128_256x32x128x128_16x16_16x16_8x32x1_8x32x1_1x32x1x8_8_2x1_intrawave_v1,255.9192272727273,254.72443749999994,256.80593999999996,3
1216,65536,1536,ck_10_split0,ck,10,0,a8w8_blockscale_bpreshuffle_1x128x128_256x32x64x128_16x16_16x16_8x32x1_8x32x1_1x32x1x8_8_2x1_intrawave_v1,305.9486530612248,305.06089999999995,306.2300416666667,3
1216,65536,1536,ck_11_split0,ck,11,0,a8w8_blockscale_bpreshuffle_1x128x128_256x32x128x256_16x16_16x16_16x16x1_16x16x1_1x32x1x8_8_2x1_intrawave_v1,264.4428600000001,264.3810500000001,265.03484,3
1216,65536,1536,ck_12_split0,ck,12,0,a8w8_blockscale_bpreshuffle_1x128x128_256x32x64x256_16x16_16x16_16x16x1_16x16x1_1x32x1x8_8_2x1_intrawave_v1,315.26102,315.06985106382984,316.8234791666666,3
1216,65536,1536,ck_13_split0,ck,13,0,a8w8_blockscale_bpreshuffle_1x128x128_256x64x256x128_16x16_16x16_8x32x1_8x32x1_1x32x1x8_8_2x1_intrawave_v1,197.7969130434784,197.14128000000005,198.27648000000005,3
1216,65536,1536,ck_14_split0,ck,14,0,a8w8_blockscale_bpreshuffle_1x128x128_256x64x128x128_16x16_16x16_8x32x1_8x32x1_1x32x1x8_8_2x1_intrawave_v1,208.49341999999996,206.79658000000015,208.763,3
1216,65536,1536,ck_15_split0,ck,15,0,a8w8_blockscale_bpreshuffle_1x128x128_256x64x64x128_16x16_16x16_8x32x1_8x32x1_1x32x1x8_8_2x1_intrawave_v1,252.71374999999992,251.90092857142858,253.12671999999995,3
1216,65536,1536,ck_16_split0,ck,16,0,a8w8_blockscale_bpreshuffle_1x128x128_256x64x128x256_16x16_16x16_16x16x1_16x16x1_1x32x1x8_8_2x1_intrawave_v1,234.16889999999995,232.77666666666664,235.9038510638298,3
1216,65536,1536,ck_17_split0,ck,17,0,a8w8_blockscale_bpreshuffle_1x128x128_256x64x64x256_16x16_16x16_16x16x1_16x16x1_1x32x1x8_8_2x1_intrawave_v1,299.5608400000001,298.98493750000006,300.95126000000005,3
1216,65536,1536,cktile_0_split0,cktile,0,0,a8w8_blockscale_cktile_16x128x256_1x4x1_16x16x128_intrawave_0x1x0_1,1076.1612291666665,1076.1279799999993,1077.0955106382976,3
1216,65536,1536,cktile_1_split0,cktile,1,0,a8w8_blockscale_cktile_16x128x256_1x4x1_16x16x128_intrawave_0x1x0_2,1076.7679999999998,1074.9887999999996,1077.9863999999993,3
1216,65536,1536,cktile_2_split0,cktile,2,0,a8w8_blockscale_cktile_16x128x256_1x4x1_16x16x64_intrawave_0x1x0_1,1072.3783400000002,1072.2161666666673,1075.0087346938767,3
1216,65536,1536,cktile_3_split0,cktile,3,0,a8w8_blockscale_cktile_16x128x256_1x4x1_16x16x64_intrawave_0x1x0_2,1068.3053125,1067.0927000000006,1072.3078541666669,3
1216,65536,1536,cktile_4_split0,cktile,4,0,a8w8_blockscale_cktile_32x128x128_1x4x1_16x16x128_intrawave_0x1x0_1,512.7843265306121,512.6172291666666,513.7534999999999,3
1216,65536,1536,cktile_5_split0,cktile,5,0,a8w8_blockscale_cktile_32x128x128_1x4x1_16x16x128_intrawave_0x1x0_2,512.5447200000001,512.4994285714286,512.6374999999998,3
1216,65536,1536,cktile_6_split0,cktile,6,0,a8w8_blockscale_cktile_32x128x128_1x4x1_16x16x64_intrawave_0x1x0_1,531.6188367346938,531.6007021276596,531.8241250000001,3
1216,65536,1536,cktile_7_split0,cktile,7,0,a8w8_blockscale_cktile_32x128x128_1x4x1_16x16x64_intrawave_0x1x0_2,525.1232083333331,524.5056399999997,526.1909999999999,3
1216,65536,1536,cktile_8_split0,cktile,8,0,a8w8_blockscale_cktile_128x128x128_1x4x1_16x16x128_intrawave_0x1x0_1,275.13182222222224,274.03348936170215,275.93769565217394,3
1216,65536,1536,cktile_9_split0,cktile,9,0,a8w8_blockscale_cktile_128x128x128_1x4x1_16x16x128_intrawave_0x1x0_1,275.7464897959184,274.9824468085106,276.3856734693877,3
1216,65536,1536,cktile_10_split0,cktile,10,0,a8w8_blockscale_cktile_128x128x128_2x2x1_16x16x128_intrawave_0x1x0_2,276.7546530612245,276.4145333333333,277.93508163265307,3
1216,65536,1536,cktile_11_split0,cktile,11,0,a8w8_blockscale_cktile_192x256x128_4x2x1_16x16x128_intrawave_0x1x0_1,180.44026530612248,180.25657142857136,180.61788,3
1216,65536,1536,cktile_12_split0,cktile,12,0,a8w8_blockscale_cktile_192x256x128_4x2x1_16x16x128_intrawave_0x1x0_1_aqrm,181.4768510638297,180.8206808510638,181.95229999999992,3
1216,65536,1536,cktile_13_split0,cktile,13,0,a8w8_blockscale_cktile_16x128x256_1x4x1_16x16x128_intrawave_0x1x0_3,1075.1608000000006,1074.3071600000007,1075.252040816327,3
1216,65536,1536,cktile_14_split0,cktile,14,0,a8w8_blockscale_cktile_16x128x256_1x4x1_16x16x128_intrawave_0x1x0_4,1440.7097799999995,1440.3993599999992,1441.0162000000003,3
1216,65536,1536,cktile_15_split0,cktile,15,0,a8w8_blockscale_cktile_16x128x256_1x4x1_16x16x64_intrawave_0x1x0_3,1068.844612244897,1067.8194583333332,1070.2095102040807,3
1216,65536,1536,cktile_16_split0,cktile,16,0,a8w8_blockscale_cktile_16x128x256_1x4x1_16x16x64_intrawave_0x1x0_4,1176.0784489795917,1175.77714,1177.47956,3
1216,65536,1536,cktile_17_split0,cktile,17,0,a8w8_blockscale_cktile_32x128x128_1x4x1_16x16x128_intrawave_0x1x0_3,512.4439166666668,512.4251914893617,513.0398367346938,3
1216,65536,1536,cktile_18_split0,cktile,18,0,a8w8_blockscale_cktile_32x128x128_1x4x1_16x16x128_intrawave_0x1x0_4,516.7419183673469,516.3945744680851,517.3151599999999,3
1216,65536,1536,cktile_19_split0,cktile,19,0,a8w8_blockscale_cktile_32x128x128_1x4x1_16x16x64_intrawave_0x1x0_3,525.2602127659574,525.2598958333334,526.5415833333334,3
1216,65536,1536,cktile_20_split0,cktile,20,0,a8w8_blockscale_cktile_32x128x128_1x4x1_16x16x64_intrawave_0x1x0_4,525.4325918367347,524.97364,525.7792400000001,3
1216,65536,1536,cktile_21_split0,cktile,21,0,a8w8_blockscale_cktile_128x128x128_1x4x1_16x16x128_intrawave_0x1x0_2,274.8852448979592,273.00824444444424,275.74918,3
1216,65536,1536,cktile_22_split0,cktile,22,0,a8w8_blockscale_cktile_128x128x128_1x4x1_16x16x128_intrawave_0x1x0_3,801.5424200000006,801.2586530612247,803.0576599999997,3
1216,65536,1536,cktile_23_split0,cktile,23,0,a8w8_blockscale_cktile_128x128x128_1x4x1_16x16x128_intrawave_0x1x0_4,1235.2343191489358,1234.498916666666,1237.7138400000001,3
1216,65536,1536,cktile_24_split0,cktile,24,0,a8w8_blockscale_cktile_128x128x128_2x2x1_16x16x128_intrawave_0x1x0_1,277.05783333333324,276.19368750000007,277.5523999999999,3
1216,65536,1536,cktile_25_split0,cktile,25,0,a8w8_blockscale_cktile_128x128x128_2x2x1_16x16x128_intrawave_0x1x0_3,825.5449999999995,824.7914999999999,827.1915400000003,3
1216,65536,1536,cktile_26_split0,cktile,26,0,a8w8_blockscale_cktile_128x128x128_2x2x1_16x16x128_intrawave_0x1x0_4,2046.9717959183663,2046.824083333334,2048.5342244897956,3
1216,65536,1536,cktile_27_split0,cktile,27,0,a8w8_blockscale_cktile_192x256x128_4x2x1_16x16x128_intrawave_0x1x0_2,180.75046938775506,180.10230612244897,180.90188,3
1216,65536,1536,cktile_28_split0,cktile,28,0,a8w8_blockscale_cktile_192x256x128_4x2x1_16x16x128_intrawave_0x1x0_3,179.93983673469378,179.87146,181.26802040816324,3
1216,65536,1536,cktile_29_split0,cktile,29,0,a8w8_blockscale_cktile_192x256x128_4x2x1_16x16x128_intrawave_0x1x0_4,180.84108,180.05024999999992,181.1463877551021,3
1216,65536,1536,cktile_30_split0,cktile,30,0,a8w8_blockscale_cktile_192x256x128_4x2x1_16x16x128_intrawave_0x1x0_2_aqrm,181.62230612244895,181.46608333333327,181.91514893617025,3
1216,65536,1536,cktile_31_split0,cktile,31,0,a8w8_blockscale_cktile_192x256x128_4x2x1_16x16x128_intrawave_0x1x0_3_aqrm,181.91549999999995,181.4360833333334,182.23607499999997,3
1216,65536,1536,cktile_32_split0,cktile,32,0,a8w8_blockscale_cktile_192x256x128_4x2x1_16x16x128_intrawave_0x1x0_4_aqrm,181.915387755102,181.7211020408163,182.2811041666666,3
1216,65536,1536,opus_9011,opus,9011,0,opus_gemm_gfx950_a8w8_mxscale_gemm_bpreshuffle_256x64x128x128_2x2_16x16x128_1x128x128_tiles1_nooob,282.9214600000001,282.90312499999993,283.19410204081635,3
1216,65536,1536,opus_9012,opus,9012,0,opus_gemm_gfx950_a8w8_mxscale_gemm_bpreshuffle_256x64x64x128_2x2_16x16x128_1x128x128_tiles1_nooob,288.63754000000006,288.5476326530613,289.5191200000001,3
1216,65536,1536,opus_9020,opus,9020,0,opus_gemm_gfx950_a8w8_mxscale_gemm_bpreshuffle_256x256x256x128_2x2_16x16x128_1x128x128_tiles1,153.05789795918363,152.81463265306124,153.13220408163266,3
1984,65536,1536,ck_0_split0,ck,0,0,a8w8_blockscale_bpreshuffle_1x128x128_256x128x128x128_16x16_16x16_8x32x1_8x32x1_1x32x1x8_8_2x1_intrawave_v3,348.5321875,348.1421666666667,348.6332040816327,3
1984,65536,1536,ck_1_split0,ck,1,0,a8w8_blockscale_bpreshuffle_1x128x128_256x64x128x128_16x16_16x16_8x32x1_8x32x1_1x32x1x8_8_2x1_intrawave_v3,337.44689999999997,336.97810000000004,338.28034042553196,3
1984,65536,1536,ck_2_split0,ck,2,0,a8w8_blockscale_bpreshuffle_1x128x128_256x64x64x128_16x16_16x16_8x32x1_8x32x1_1x32x1x8_8_2x1_intrawave_v3,421.0756938775511,420.03893877551013,421.4202040816327,3
1984,65536,1536,ck_3_split0,ck,3,0,a8w8_blockscale_bpreshuffle_1x128x128_256x16x256x128_8x16_16x16_16x16x1_8x32x1_1x16x1x16_8_1x2_intrawave_v1,584.27325,584.1061702127657,586.13936,3
1984,65536,1536,ck_4_split0,ck,4,0,a8w8_blockscale_bpreshuffle_1x128x128_256x16x128x128_8x16_16x16_16x16x1_8x32x1_1x16x1x16_8_1x2_intrawave_v1,637.3305957446809,636.3532653061224,638.69036,3
1984,65536,1536,ck_5_split0,ck,5,0,a8w8_blockscale_bpreshuffle_1x128x128_256x16x64x128_8x16_16x16_16x16x1_8x32x1_1x16x1x16_4_1x1_intrawave_v1,749.5496938775512,747.0476249999997,749.7368125000003,3
1984,65536,1536,ck_6_split0,ck,6,0,a8w8_blockscale_bpreshuffle_1x128x128_256x16x128x256_16x16_16x16_16x16x1_16x16x1_1x16x1x16_8_1x2_intrawave_v1,624.0004897959186,623.3886000000001,624.6470000000002,3
1984,65536,1536,ck_7_split0,ck,7,0,a8w8_blockscale_bpreshuffle_1x128x128_256x16x64x256_16x16_16x16_16x16x1_16x16x1_1x16x1x16_4_1x1_intrawave_v1,729.9152040816325,729.7658163265305,731.9290400000002,3
1984,65536,1536,ck_8_split0,ck,8,0,a8w8_blockscale_bpreshuffle_1x128x128_256x32x256x128_16x16_16x16_8x32x1_8x32x1_1x32x1x8_8_2x1_intrawave_v1,378.47058,376.7155217391302,379.64010204081626,3
1984,65536,1536,ck_9_split0,ck,9,0,a8w8_blockscale_bpreshuffle_1x128x128_256x32x128x128_16x16_16x16_8x32x1_8x32x1_1x32x1x8_8_2x1_intrawave_v1,417.9110200000001,416.59980000000013,419.3471875000001,3
1984,65536,1536,ck_10_split0,ck,10,0,a8w8_blockscale_bpreshuffle_1x128x128_256x32x64x128_16x16_16x16_8x32x1_8x32x1_1x32x1x8_8_2x1_intrawave_v1,502.6472000000001,501.3189375,503.77762000000007,3
1984,65536,1536,ck_11_split0,ck,11,0,a8w8_blockscale_bpreshuffle_1x128x128_256x32x128x256_16x16_16x16_16x16x1_16x16x1_1x32x1x8_8_2x1_intrawave_v1,424.68295348837205,424.3238837209303,427.6276122448979,3
1984,65536,1536,ck_12_split0,ck,12,0,a8w8_blockscale_bpreshuffle_1x128x128_256x32x64x256_16x16_16x16_16x16x1_16x16x1_1x32x1x8_8_2x1_intrawave_v1,511.4775510204082,510.27212765957444,513.1315833333334,3
1984,65536,1536,ck_13_split0,ck,13,0,a8w8_blockscale_bpreshuffle_1x128x128_256x64x256x128_16x16_16x16_8x32x1_8x32x1_1x32x1x8_8_2x1_intrawave_v1,317.66188,316.10053191489357,318.72188,3
1984,65536,1536,ck_14_split0,ck,14,0,a8w8_blockscale_bpreshuffle_1x128x128_256x64x128x128_16x16_16x16_8x32x1_8x32x1_1x32x1x8_8_2x1_intrawave_v1,332.98606,332.98524,334.29265306122466,3
1984,65536,1536,ck_15_split0,ck,15,0,a8w8_blockscale_bpreshuffle_1x128x128_256x64x64x128_16x16_16x16_8x32x1_8x32x1_1x32x1x8_8_2x1_intrawave_v1,412.06777999999997,410.98253061224506,413.5453800000001,3
1984,65536,1536,ck_16_split0,ck,16,0,a8w8_blockscale_bpreshuffle_1x128x128_256x64x128x256_16x16_16x16_16x16x1_16x16x1_1x32x1x8_8_2x1_intrawave_v1,376.1224047619047,375.5824999999999,377.99254166666674,3
1984,65536,1536,ck_17_split0,ck,17,0,a8w8_blockscale_bpreshuffle_1x128x128_256x64x64x256_16x16_16x16_16x16x1_16x16x1_1x32x1x8_8_2x1_intrawave_v1,485.3407659574468,484.45330434782596,489.6123191489362,3
1984,65536,1536,cktile_0_split0,cktile,0,0,a8w8_blockscale_cktile_16x128x256_1x4x1_16x16x128_intrawave_0x1x0_1,1751.7530000000004,1751.6002857142864,1753.4230400000004,3
1984,65536,1536,cktile_1_split0,cktile,1,0,a8w8_blockscale_cktile_16x128x256_1x4x1_16x16x128_intrawave_0x1x0_2,1751.5134400000004,1747.5669599999999,1753.3890833333337,3
1984,65536,1536,cktile_2_split0,cktile,2,0,a8w8_blockscale_cktile_16x128x256_1x4x1_16x16x64_intrawave_0x1x0_1,1746.5109400000008,1743.246693877552,1748.3494199999998,3
1984,65536,1536,cktile_3_split0,cktile,3,0,a8w8_blockscale_cktile_16x128x256_1x4x1_16x16x64_intrawave_0x1x0_2,1741.65332,1741.2772499999994,1742.6565200000007,3
1984,65536,1536,cktile_4_split0,cktile,4,0,a8w8_blockscale_cktile_32x128x128_1x4x1_16x16x128_intrawave_0x1x0_1,842.7173199999996,841.6732553191487,843.5073469387754,3
1984,65536,1536,cktile_5_split0,cktile,5,0,a8w8_blockscale_cktile_32x128x128_1x4x1_16x16x128_intrawave_0x1x0_2,843.1864897959183,842.7007826086955,844.3725400000002,3
1984,65536,1536,cktile_6_split0,cktile,6,0,a8w8_blockscale_cktile_32x128x128_1x4x1_16x16x64_intrawave_0x1x0_1,863.4757346938782,863.2631599999997,863.5687800000004,3
1984,65536,1536,cktile_7_split0,cktile,7,0,a8w8_blockscale_cktile_32x128x128_1x4x1_16x16x64_intrawave_0x1x0_2,856.7507551020412,856.0407999999994,856.96628,3
1984,65536,1536,cktile_8_split0,cktile,8,0,a8w8_blockscale_cktile_128x128x128_1x4x1_16x16x128_intrawave_0x1x0_1,428.0878367346941,427.88556521739116,430.06856000000016,3
1984,65536,1536,cktile_9_split0,cktile,9,0,a8w8_blockscale_cktile_128x128x128_1x4x1_16x16x128_intrawave_0x1x0_1,427.9093191489361,425.62169387755097,429.00295744680847,3
1984,65536,1536,cktile_10_split0,cktile,10,0,a8w8_blockscale_cktile_128x128x128_2x2x1_16x16x128_intrawave_0x1x0_2,428.5237755102043,426.5979166666666,428.5277399999999,3
1984,65536,1536,cktile_11_split0,cktile,11,0,a8w8_blockscale_cktile_192x256x128_4x2x1_16x16x128_intrawave_0x1x0_1,279.09182,277.146375,279.09936734693883,3
1984,65536,1536,cktile_12_split0,cktile,12,0,a8w8_blockscale_cktile_192x256x128_4x2x1_16x16x128_intrawave_0x1x0_1_aqrm,282.52834782608704,282.2924680851064,283.06625999999994,3
1984,65536,1536,cktile_13_split0,cktile,13,0,a8w8_blockscale_cktile_16x128x256_1x4x1_16x16x128_intrawave_0x1x0_3,1754.2966600000007,1752.796163265307,1755.484408163266,3
1984,65536,1536,cktile_14_split0,cktile,14,0,a8w8_blockscale_cktile_16x128x256_1x4x1_16x16x128_intrawave_0x1x0_4,2345.66268,2345.1282799999994,2346.529551020407,3
1984,65536,1536,cktile_15_split0,cktile,15,0,a8w8_blockscale_cktile_16x128x256_1x4x1_16x16x64_intrawave_0x1x0_3,1740.7837000000002,1740.2692599999991,1740.8789,3
1984,65536,1536,cktile_16_split0,cktile,16,0,a8w8_blockscale_cktile_16x128x256_1x4x1_16x16x64_intrawave_0x1x0_4,1920.805413043479,1919.1625599999993,1923.457666666667,3
1984,65536,1536,cktile_17_split0,cktile,17,0,a8w8_blockscale_cktile_32x128x128_1x4x1_16x16x128_intrawave_0x1x0_3,843.3943958333335,842.8290000000005,843.4109399999995,3
1984,65536,1536,cktile_18_split0,cktile,18,0,a8w8_blockscale_cktile_32x128x128_1x4x1_16x16x128_intrawave_0x1x0_4,847.2149799999996,847.0851914893614,847.2854000000001,3
1984,65536,1536,cktile_19_split0,cktile,19,0,a8w8_blockscale_cktile_32x128x128_1x4x1_16x16x64_intrawave_0x1x0_3,856.2455000000002,855.8612083333338,857.0343000000004,3
1984,65536,1536,cktile_20_split0,cktile,20,0,a8w8_blockscale_cktile_32x128x128_1x4x1_16x16x64_intrawave_0x1x0_4,855.7406999999995,855.2495416666669,856.196469387755,3
1984,65536,1536,cktile_21_split0,cktile,21,0,a8w8_blockscale_cktile_128x128x128_1x4x1_16x16x128_intrawave_0x1x0_2,428.1939591836733,426.7714255319147,428.327125,3
1984,65536,1536,cktile_22_split0,cktile,22,0,a8w8_blockscale_cktile_128x128x128_1x4x1_16x16x128_intrawave_0x1x0_3,1248.8368775510203,1248.781220000001,1249.458959183673,3
1984,65536,1536,cktile_23_split0,cktile,23,0,a8w8_blockscale_cktile_128x128x128_1x4x1_16x16x128_intrawave_0x1x0_4,1938.0473260869562,1936.7776666666684,1938.8151304347818,3
1984,65536,1536,cktile_24_split0,cktile,24,0,a8w8_blockscale_cktile_128x128x128_2x2x1_16x16x128_intrawave_0x1x0_1,429.5229361702128,428.69415999999984,430.1346250000001,3
1984,65536,1536,cktile_25_split0,cktile,25,0,a8w8_blockscale_cktile_128x128x128_2x2x1_16x16x128_intrawave_0x1x0_3,1284.9488000000006,1284.5344399999992,1285.0560199999986,3
1984,65536,1536,cktile_26_split0,cktile,26,0,a8w8_blockscale_cktile_128x128x128_2x2x1_16x16x128_intrawave_0x1x0_4,3276.645439999997,3271.3181836734707,3278.7438999999995,3
1984,65536,1536,cktile_27_split0,cktile,27,0,a8w8_blockscale_cktile_192x256x128_4x2x1_16x16x128_intrawave_0x1x0_2,279.29504,279.1014199999999,279.57982,3
1984,65536,1536,cktile_28_split0,cktile,28,0,a8w8_blockscale_cktile_192x256x128_4x2x1_16x16x128_intrawave_0x1x0_3,279.07581999999996,277.3526,279.14061999999996,3
1984,65536,1536,cktile_29_split0,cktile,29,0,a8w8_blockscale_cktile_192x256x128_4x2x1_16x16x128_intrawave_0x1x0_4,278.2301999999999,278.1948571428571,278.80142,3
1984,65536,1536,cktile_30_split0,cktile,30,0,a8w8_blockscale_cktile_192x256x128_4x2x1_16x16x128_intrawave_0x1x0_2_aqrm,282.70757142857144,282.40395744680853,283.55746,3
1984,65536,1536,cktile_31_split0,cktile,31,0,a8w8_blockscale_cktile_192x256x128_4x2x1_16x16x128_intrawave_0x1x0_3_aqrm,282.9678799999999,282.8430816326531,283.97828000000004,3
1984,65536,1536,cktile_32_split0,cktile,32,0,a8w8_blockscale_cktile_192x256x128_4x2x1_16x16x128_intrawave_0x1x0_4_aqrm,283.00226000000015,282.4762978723403,283.5410612244897,3
1984,65536,1536,opus_9011,opus,9011,0,opus_gemm_gfx950_a8w8_mxscale_gemm_bpreshuffle_256x64x128x128_2x2_16x16x128_1x128x128_tiles1_nooob,452.65784,452.37402040816335,452.68902,3
1984,65536,1536,opus_9012,opus,9012,0,opus_gemm_gfx950_a8w8_mxscale_gemm_bpreshuffle_256x64x64x128_2x2_16x16x128_1x128x128_tiles1_nooob,461.0771199999999,459.93471999999986,461.4315399999999,3
1984,65536,1536,opus_9020,opus,9020,0,opus_gemm_gfx950_a8w8_mxscale_gemm_bpreshuffle_256x256x256x128_2x2_16x16x128_1x128x128_tiles1,244.01242857142861,243.85382,244.10712244897962,3
