M,N,K,name,lib,kid,splitK,kernelName,phase,round,status,error,reason,nonfinite,mismatches,max_abs_error
1216,768,7168,ck_0_split0,ck,0,0,a8w8_blockscale_bpreshuffle_1x128x128_256x128x128x128_16x16_16x16_8x32x1_8x32x1_1x32x1x8_8_2x1_intrawave_v3,preflight,-1,passed,0.0,,,,
1216,768,7168,ck_1_split0,ck,1,0,a8w8_blockscale_bpreshuffle_1x128x128_256x64x128x128_16x16_16x16_8x32x1_8x32x1_1x32x1x8_8_2x1_intrawave_v3,preflight,-1,passed,0.0,,,,
1216,768,7168,ck_2_split0,ck,2,0,a8w8_blockscale_bpreshuffle_1x128x128_256x64x64x128_16x16_16x16_8x32x1_8x32x1_1x32x1x8_8_2x1_intrawave_v3,preflight,-1,passed,0.0,,,,
1216,768,7168,ck_3_split0,ck,3,0,a8w8_blockscale_bpreshuffle_1x128x128_256x16x256x128_8x16_16x16_16x16x1_8x32x1_1x16x1x16_8_1x2_intrawave_v1,preflight,-1,passed,0.0,,,,
1216,768,7168,ck_4_split0,ck,4,0,a8w8_blockscale_bpreshuffle_1x128x128_256x16x128x128_8x16_16x16_16x16x1_8x32x1_1x16x1x16_8_1x2_intrawave_v1,preflight,-1,passed,0.0,,,,
1216,768,7168,ck_5_split0,ck,5,0,a8w8_blockscale_bpreshuffle_1x128x128_256x16x64x128_8x16_16x16_16x16x1_8x32x1_1x16x1x16_4_1x1_intrawave_v1,preflight,-1,passed,0.0,,,,
1216,768,7168,ck_6_split0,ck,6,0,a8w8_blockscale_bpreshuffle_1x128x128_256x16x128x256_16x16_16x16_16x16x1_16x16x1_1x16x1x16_8_1x2_intrawave_v1,preflight,-1,passed,0.0,,,,
1216,768,7168,ck_7_split0,ck,7,0,a8w8_blockscale_bpreshuffle_1x128x128_256x16x64x256_16x16_16x16_16x16x1_16x16x1_1x16x1x16_4_1x1_intrawave_v1,preflight,-1,passed,0.0,,,,
1216,768,7168,ck_8_split0,ck,8,0,a8w8_blockscale_bpreshuffle_1x128x128_256x32x256x128_16x16_16x16_8x32x1_8x32x1_1x32x1x8_8_2x1_intrawave_v1,preflight,-1,passed,0.0,,,,
1216,768,7168,ck_9_split0,ck,9,0,a8w8_blockscale_bpreshuffle_1x128x128_256x32x128x128_16x16_16x16_8x32x1_8x32x1_1x32x1x8_8_2x1_intrawave_v1,preflight,-1,passed,0.0,,,,
1216,768,7168,ck_10_split0,ck,10,0,a8w8_blockscale_bpreshuffle_1x128x128_256x32x64x128_16x16_16x16_8x32x1_8x32x1_1x32x1x8_8_2x1_intrawave_v1,preflight,-1,passed,0.0,,,,
1216,768,7168,ck_11_split0,ck,11,0,a8w8_blockscale_bpreshuffle_1x128x128_256x32x128x256_16x16_16x16_16x16x1_16x16x1_1x32x1x8_8_2x1_intrawave_v1,preflight,-1,passed,0.0,,,,
1216,768,7168,ck_12_split0,ck,12,0,a8w8_blockscale_bpreshuffle_1x128x128_256x32x64x256_16x16_16x16_16x16x1_16x16x1_1x32x1x8_8_2x1_intrawave_v1,preflight,-1,passed,0.0,,,,
1216,768,7168,ck_13_split0,ck,13,0,a8w8_blockscale_bpreshuffle_1x128x128_256x64x256x128_16x16_16x16_8x32x1_8x32x1_1x32x1x8_8_2x1_intrawave_v1,preflight,-1,passed,0.0,,,,
1216,768,7168,ck_14_split0,ck,14,0,a8w8_blockscale_bpreshuffle_1x128x128_256x64x128x128_16x16_16x16_8x32x1_8x32x1_1x32x1x8_8_2x1_intrawave_v1,preflight,-1,passed,0.0,,,,
1216,768,7168,ck_15_split0,ck,15,0,a8w8_blockscale_bpreshuffle_1x128x128_256x64x64x128_16x16_16x16_8x32x1_8x32x1_1x32x1x8_8_2x1_intrawave_v1,preflight,-1,passed,0.0,,,,
1216,768,7168,ck_16_split0,ck,16,0,a8w8_blockscale_bpreshuffle_1x128x128_256x64x128x256_16x16_16x16_16x16x1_16x16x1_1x32x1x8_8_2x1_intrawave_v1,preflight,-1,passed,0.0,,,,
1216,768,7168,ck_17_split0,ck,17,0,a8w8_blockscale_bpreshuffle_1x128x128_256x64x64x256_16x16_16x16_16x16x1_16x16x1_1x32x1x8_8_2x1_intrawave_v1,preflight,-1,passed,0.0,,,,
1216,768,7168,cktile_0_split0,cktile,0,0,a8w8_blockscale_cktile_16x128x256_1x4x1_16x16x128_intrawave_0x1x0_1,preflight,-1,passed,0.0,,,,
1216,768,7168,cktile_1_split0,cktile,1,0,a8w8_blockscale_cktile_16x128x256_1x4x1_16x16x128_intrawave_0x1x0_2,preflight,-1,passed,0.0,,,,
1216,768,7168,cktile_2_split0,cktile,2,0,a8w8_blockscale_cktile_16x128x256_1x4x1_16x16x64_intrawave_0x1x0_1,preflight,-1,passed,0.0,,,,
1216,768,7168,cktile_3_split0,cktile,3,0,a8w8_blockscale_cktile_16x128x256_1x4x1_16x16x64_intrawave_0x1x0_2,preflight,-1,passed,0.0,,,,
1216,768,7168,cktile_4_split0,cktile,4,0,a8w8_blockscale_cktile_32x128x128_1x4x1_16x16x128_intrawave_0x1x0_1,preflight,-1,passed,0.0,,,,
1216,768,7168,cktile_5_split0,cktile,5,0,a8w8_blockscale_cktile_32x128x128_1x4x1_16x16x128_intrawave_0x1x0_2,preflight,-1,passed,0.0,,,,
1216,768,7168,cktile_6_split0,cktile,6,0,a8w8_blockscale_cktile_32x128x128_1x4x1_16x16x64_intrawave_0x1x0_1,preflight,-1,passed,0.0,,,,
1216,768,7168,cktile_7_split0,cktile,7,0,a8w8_blockscale_cktile_32x128x128_1x4x1_16x16x64_intrawave_0x1x0_2,preflight,-1,passed,0.0,,,,
1216,768,7168,cktile_8_split0,cktile,8,0,a8w8_blockscale_cktile_128x128x128_1x4x1_16x16x128_intrawave_0x1x0_1,preflight,-1,passed,0.0,,,,
1216,768,7168,cktile_9_split0,cktile,9,0,a8w8_blockscale_cktile_128x128x128_1x4x1_16x16x128_intrawave_0x1x0_1,preflight,-1,passed,0.0,,,,
1216,768,7168,cktile_10_split0,cktile,10,0,a8w8_blockscale_cktile_128x128x128_2x2x1_16x16x128_intrawave_0x1x0_2,preflight,-1,passed,0.0,,,,
1216,768,7168,cktile_11_split0,cktile,11,0,a8w8_blockscale_cktile_192x256x128_4x2x1_16x16x128_intrawave_0x1x0_1,preflight,-1,passed,0.0,,,,
1216,768,7168,cktile_12_split0,cktile,12,0,a8w8_blockscale_cktile_192x256x128_4x2x1_16x16x128_intrawave_0x1x0_1_aqrm,preflight,-1,passed,0.0,,,,
1216,768,7168,cktile_13_split0,cktile,13,0,a8w8_blockscale_cktile_16x128x256_1x4x1_16x16x128_intrawave_0x1x0_3,preflight,-1,passed,0.0,,,,
1216,768,7168,cktile_14_split0,cktile,14,0,a8w8_blockscale_cktile_16x128x256_1x4x1_16x16x128_intrawave_0x1x0_4,preflight,-1,passed,0.0,,,,
1216,768,7168,cktile_15_split0,cktile,15,0,a8w8_blockscale_cktile_16x128x256_1x4x1_16x16x64_intrawave_0x1x0_3,preflight,-1,passed,0.0,,,,
1216,768,7168,cktile_16_split0,cktile,16,0,a8w8_blockscale_cktile_16x128x256_1x4x1_16x16x64_intrawave_0x1x0_4,preflight,-1,passed,0.0,,,,
1216,768,7168,cktile_17_split0,cktile,17,0,a8w8_blockscale_cktile_32x128x128_1x4x1_16x16x128_intrawave_0x1x0_3,preflight,-1,passed,0.0,,,,
1216,768,7168,cktile_18_split0,cktile,18,0,a8w8_blockscale_cktile_32x128x128_1x4x1_16x16x128_intrawave_0x1x0_4,preflight,-1,passed,0.0,,,,
1216,768,7168,cktile_19_split0,cktile,19,0,a8w8_blockscale_cktile_32x128x128_1x4x1_16x16x64_intrawave_0x1x0_3,preflight,-1,passed,0.0,,,,
1216,768,7168,cktile_20_split0,cktile,20,0,a8w8_blockscale_cktile_32x128x128_1x4x1_16x16x64_intrawave_0x1x0_4,preflight,-1,passed,0.0,,,,
1216,768,7168,cktile_21_split0,cktile,21,0,a8w8_blockscale_cktile_128x128x128_1x4x1_16x16x128_intrawave_0x1x0_2,preflight,-1,passed,0.0,,,,
1216,768,7168,cktile_22_split0,cktile,22,0,a8w8_blockscale_cktile_128x128x128_1x4x1_16x16x128_intrawave_0x1x0_3,preflight,-1,passed,0.0,,,,
1216,768,7168,cktile_23_split0,cktile,23,0,a8w8_blockscale_cktile_128x128x128_1x4x1_16x16x128_intrawave_0x1x0_4,preflight,-1,passed,0.0,,,,
1216,768,7168,cktile_24_split0,cktile,24,0,a8w8_blockscale_cktile_128x128x128_2x2x1_16x16x128_intrawave_0x1x0_1,preflight,-1,passed,0.0,,,,
1216,768,7168,cktile_25_split0,cktile,25,0,a8w8_blockscale_cktile_128x128x128_2x2x1_16x16x128_intrawave_0x1x0_3,preflight,-1,passed,0.0,,,,
1216,768,7168,cktile_26_split0,cktile,26,0,a8w8_blockscale_cktile_128x128x128_2x2x1_16x16x128_intrawave_0x1x0_4,preflight,-1,passed,0.0,,,,
1216,768,7168,cktile_27_split0,cktile,27,0,a8w8_blockscale_cktile_192x256x128_4x2x1_16x16x128_intrawave_0x1x0_2,preflight,-1,passed,0.0,,,,
1216,768,7168,cktile_28_split0,cktile,28,0,a8w8_blockscale_cktile_192x256x128_4x2x1_16x16x128_intrawave_0x1x0_3,preflight,-1,passed,0.0,,,,
1216,768,7168,cktile_29_split0,cktile,29,0,a8w8_blockscale_cktile_192x256x128_4x2x1_16x16x128_intrawave_0x1x0_4,preflight,-1,passed,0.0,,,,
1216,768,7168,cktile_30_split0,cktile,30,0,a8w8_blockscale_cktile_192x256x128_4x2x1_16x16x128_intrawave_0x1x0_2_aqrm,preflight,-1,passed,0.0,,,,
1216,768,7168,cktile_31_split0,cktile,31,0,a8w8_blockscale_cktile_192x256x128_4x2x1_16x16x128_intrawave_0x1x0_3_aqrm,preflight,-1,passed,0.0,,,,
1216,768,7168,cktile_32_split0,cktile,32,0,a8w8_blockscale_cktile_192x256x128_4x2x1_16x16x128_intrawave_0x1x0_4_aqrm,preflight,-1,passed,0.0,,,,
1216,768,7168,asm_0_split1,asm,0,1,_ZN5aiter42fp8gemm_bf16_blockscale_BpreShuffle_32x128E,preflight,-1,failed,0.1698,outside original FP32 accumulation bounds,0,158527,8.00048828125
1216,768,7168,asm_1_split2,asm,1,2,_ZN5aiter42fp8gemm_bf16_blockscale_BpreShuffle_32x128E,preflight,-1,failed,0.2574,outside original FP32 accumulation bounds,0,240354,11.818359375
1216,768,7168,asm_2_split3,asm,2,3,_ZN5aiter42fp8gemm_bf16_blockscale_BpreShuffle_32x128E,preflight,-1,failed,0.3055,outside original FP32 accumulation bounds,0,285225,14.2109375
1216,768,7168,asm_3_split4,asm,3,4,_ZN5aiter42fp8gemm_bf16_blockscale_BpreShuffle_32x128E,preflight,-1,failed,0.3373,outside original FP32 accumulation bounds,0,314910,14.2003173828125
1216,768,7168,asm_4_split5,asm,4,5,_ZN5aiter42fp8gemm_bf16_blockscale_BpreShuffle_32x128E,preflight,-1,failed,0.3582,outside original FP32 accumulation bounds,0,334501,13.2227783203125
1216,768,7168,asm_5_split6,asm,5,6,_ZN5aiter42fp8gemm_bf16_blockscale_BpreShuffle_32x128E,preflight,-1,failed,0.3769,outside original FP32 accumulation bounds,0,351890,23.12548828125
1216,768,7168,asm_6_split7,asm,6,7,_ZN5aiter42fp8gemm_bf16_blockscale_BpreShuffle_32x128E,preflight,-1,failed,0.3978,outside original FP32 accumulation bounds,0,371495,18.388427734375
1216,768,7168,asm_7_split8,asm,7,8,_ZN5aiter42fp8gemm_bf16_blockscale_BpreShuffle_32x128E,preflight,-1,failed,0.4183,outside original FP32 accumulation bounds,0,390625,17.252685546875
1216,768,7168,asm_8_split1,asm,8,1,_ZN5aiter42fp8gemm_bf16_blockscale_BpreShuffle_48x128E,preflight,-1,failed,0.1698,outside original FP32 accumulation bounds,0,158527,8.00048828125
1216,768,7168,asm_9_split2,asm,9,2,_ZN5aiter42fp8gemm_bf16_blockscale_BpreShuffle_48x128E,preflight,-1,failed,0.2574,outside original FP32 accumulation bounds,0,240354,11.818359375
1216,768,7168,asm_10_split3,asm,10,3,_ZN5aiter42fp8gemm_bf16_blockscale_BpreShuffle_48x128E,preflight,-1,failed,0.3057,outside original FP32 accumulation bounds,0,285408,14.2109375
1216,768,7168,asm_11_split4,asm,11,4,_ZN5aiter42fp8gemm_bf16_blockscale_BpreShuffle_48x128E,preflight,-1,failed,0.3389,outside original FP32 accumulation bounds,0,316408,13.327880859375
1216,768,7168,asm_12_split5,asm,12,5,_ZN5aiter42fp8gemm_bf16_blockscale_BpreShuffle_48x128E,preflight,-1,failed,0.3581,outside original FP32 accumulation bounds,0,334417,13.2227783203125
1216,768,7168,asm_13_split6,asm,13,6,_ZN5aiter42fp8gemm_bf16_blockscale_BpreShuffle_48x128E,preflight,-1,failed,0.3762,outside original FP32 accumulation bounds,0,351272,23.12548828125
1216,768,7168,asm_14_split7,asm,14,7,_ZN5aiter42fp8gemm_bf16_blockscale_BpreShuffle_48x128E,preflight,-1,failed,0.3982,outside original FP32 accumulation bounds,0,371786,14.215087890625
1216,768,7168,asm_15_split8,asm,15,8,_ZN5aiter42fp8gemm_bf16_blockscale_BpreShuffle_48x128E,preflight,-1,failed,0.4163,outside original FP32 accumulation bounds,0,388742,22.2232666015625
1216,768,7168,asm_16_split1,asm,16,1,_ZN5aiter42fp8gemm_bf16_blockscale_BpreShuffle_64x128E,preflight,-1,failed,0.1698,outside original FP32 accumulation bounds,0,158527,8.00048828125
1216,768,7168,asm_17_split2,asm,17,2,_ZN5aiter42fp8gemm_bf16_blockscale_BpreShuffle_64x128E,preflight,-1,failed,0.2574,outside original FP32 accumulation bounds,0,240354,11.818359375
1216,768,7168,asm_18_split3,asm,18,3,_ZN5aiter42fp8gemm_bf16_blockscale_BpreShuffle_64x128E,preflight,-1,failed,0.3057,outside original FP32 accumulation bounds,0,285416,14.2109375
1216,768,7168,asm_19_split4,asm,19,4,_ZN5aiter42fp8gemm_bf16_blockscale_BpreShuffle_64x128E,preflight,-1,failed,0.3385,outside original FP32 accumulation bounds,0,316052,17.161865234375
1216,768,7168,asm_20_split5,asm,20,5,_ZN5aiter42fp8gemm_bf16_blockscale_BpreShuffle_64x128E,preflight,-1,failed,0.3581,outside original FP32 accumulation bounds,0,334348,13.2227783203125
1216,768,7168,asm_21_split6,asm,21,6,_ZN5aiter42fp8gemm_bf16_blockscale_BpreShuffle_64x128E,preflight,-1,failed,0.3775,outside original FP32 accumulation bounds,0,352452,18.27978515625
1216,768,7168,asm_22_split7,asm,22,7,_ZN5aiter42fp8gemm_bf16_blockscale_BpreShuffle_64x128E,preflight,-1,failed,0.3992,outside original FP32 accumulation bounds,0,372786,18.388427734375
1216,768,7168,asm_23_split8,asm,23,8,_ZN5aiter42fp8gemm_bf16_blockscale_BpreShuffle_64x128E,preflight,-1,failed,0.4168,outside original FP32 accumulation bounds,0,389208,18.080322265625
1216,768,7168,asm_24_split1,asm,24,1,_ZN5aiter42fp8gemm_bf16_blockscale_BpreShuffle_80x128E,preflight,-1,failed,0.1698,outside original FP32 accumulation bounds,0,158527,8.00048828125
1216,768,7168,asm_25_split2,asm,25,2,_ZN5aiter42fp8gemm_bf16_blockscale_BpreShuffle_80x128E,preflight,-1,failed,0.2574,outside original FP32 accumulation bounds,0,240354,11.818359375
1216,768,7168,asm_26_split3,asm,26,3,_ZN5aiter42fp8gemm_bf16_blockscale_BpreShuffle_80x128E,preflight,-1,failed,0.3052,outside original FP32 accumulation bounds,0,284948,14.2109375
1216,768,7168,asm_27_split4,asm,27,4,_ZN5aiter42fp8gemm_bf16_blockscale_BpreShuffle_80x128E,preflight,-1,failed,0.3375,outside original FP32 accumulation bounds,0,315110,17.684326171875
1216,768,7168,asm_28_split5,asm,28,5,_ZN5aiter42fp8gemm_bf16_blockscale_BpreShuffle_80x128E,preflight,-1,failed,0.357,outside original FP32 accumulation bounds,0,333392,17.33349609375
1216,768,7168,asm_29_split6,asm,29,6,_ZN5aiter42fp8gemm_bf16_blockscale_BpreShuffle_80x128E,preflight,-1,failed,0.377,outside original FP32 accumulation bounds,0,352025,18.27978515625
1216,768,7168,asm_30_split7,asm,30,7,_ZN5aiter42fp8gemm_bf16_blockscale_BpreShuffle_80x128E,preflight,-1,failed,0.3981,outside original FP32 accumulation bounds,0,371722,18.4591064453125
1216,768,7168,asm_31_split8,asm,31,8,_ZN5aiter42fp8gemm_bf16_blockscale_BpreShuffle_80x128E,preflight,-1,failed,0.4163,outside original FP32 accumulation bounds,0,388732,17.0118408203125
1216,768,7168,asm_32_split1,asm,32,1,_ZN5aiter42fp8gemm_bf16_blockscale_BpreShuffle_96x128E,preflight,-1,failed,0.1698,outside original FP32 accumulation bounds,0,158527,8.00048828125
1216,768,7168,asm_33_split2,asm,33,2,_ZN5aiter42fp8gemm_bf16_blockscale_BpreShuffle_96x128E,preflight,-1,failed,0.2574,outside original FP32 accumulation bounds,0,240354,11.818359375
1216,768,7168,asm_34_split3,asm,34,3,_ZN5aiter42fp8gemm_bf16_blockscale_BpreShuffle_96x128E,preflight,-1,failed,0.3051,outside original FP32 accumulation bounds,0,284868,14.2109375
1216,768,7168,asm_35_split4,asm,35,4,_ZN5aiter42fp8gemm_bf16_blockscale_BpreShuffle_96x128E,preflight,-1,failed,0.3383,outside original FP32 accumulation bounds,0,315924,14.2003173828125
1216,768,7168,asm_36_split5,asm,36,5,_ZN5aiter42fp8gemm_bf16_blockscale_BpreShuffle_96x128E,preflight,-1,failed,0.3563,outside original FP32 accumulation bounds,0,332700,17.1224365234375
1216,768,7168,asm_37_split6,asm,37,6,_ZN5aiter42fp8gemm_bf16_blockscale_BpreShuffle_96x128E,preflight,-1,failed,0.3763,outside original FP32 accumulation bounds,0,351361,14.344482421875
1216,768,7168,asm_38_split7,asm,38,7,_ZN5aiter42fp8gemm_bf16_blockscale_BpreShuffle_96x128E,preflight,-1,failed,0.398,outside original FP32 accumulation bounds,0,371662,16.1881103515625
1216,768,7168,asm_39_split8,asm,39,8,_ZN5aiter42fp8gemm_bf16_blockscale_BpreShuffle_96x128E,preflight,-1,failed,0.4125,outside original FP32 accumulation bounds,0,385216,17.684326171875
1216,768,7168,asm_40_split1,asm,40,1,_ZN5aiter43fp8gemm_bf16_blockscale_BpreShuffle_128x128E,preflight,-1,failed,0.1698,outside original FP32 accumulation bounds,0,158527,8.00048828125
1216,768,7168,asm_41_split2,asm,41,2,_ZN5aiter43fp8gemm_bf16_blockscale_BpreShuffle_128x128E,preflight,-1,failed,0.2574,outside original FP32 accumulation bounds,0,240354,11.818359375
1216,768,7168,asm_42_split3,asm,42,3,_ZN5aiter43fp8gemm_bf16_blockscale_BpreShuffle_128x128E,preflight,-1,failed,0.3052,outside original FP32 accumulation bounds,0,285020,14.2109375
1216,768,7168,asm_43_split4,asm,43,4,_ZN5aiter43fp8gemm_bf16_blockscale_BpreShuffle_128x128E,preflight,-1,failed,0.3393,outside original FP32 accumulation bounds,0,316824,17.161865234375
1216,768,7168,asm_44_split5,asm,44,5,_ZN5aiter43fp8gemm_bf16_blockscale_BpreShuffle_128x128E,preflight,-1,failed,0.3579,outside original FP32 accumulation bounds,0,334161,17.33349609375
1216,768,7168,asm_45_split6,asm,45,6,_ZN5aiter43fp8gemm_bf16_blockscale_BpreShuffle_128x128E,preflight,-1,failed,0.3774,outside original FP32 accumulation bounds,0,352418,15.9417724609375
1216,768,7168,asm_46_split7,asm,46,7,_ZN5aiter43fp8gemm_bf16_blockscale_BpreShuffle_128x128E,preflight,-1,failed,0.398,outside original FP32 accumulation bounds,0,371633,15.12548828125
1216,768,7168,asm_47_split8,asm,47,8,_ZN5aiter43fp8gemm_bf16_blockscale_BpreShuffle_128x128E,preflight,-1,failed,0.4154,outside original FP32 accumulation bounds,0,387927,15.97021484375
1216,768,7168,opus_9011,opus,9011,0,opus_gemm_gfx950_a8w8_mxscale_gemm_bpreshuffle_256x64x128x128_2x2_16x16x128_1x128x128_tiles1_nooob,preflight,-1,passed,0.0,,,,
1216,768,7168,opus_9012,opus,9012,0,opus_gemm_gfx950_a8w8_mxscale_gemm_bpreshuffle_256x64x64x128_2x2_16x16x128_1x128x128_tiles1_nooob,preflight,-1,passed,0.0,,,,
1216,768,7168,opus_9020,opus,9020,0,opus_gemm_gfx950_a8w8_mxscale_gemm_bpreshuffle_256x256x256x128_2x2_16x16x128_1x128x128_tiles1,preflight,-1,passed,0.0,,,,
1216,768,7168,ck_0_split0,ck,0,0,a8w8_blockscale_bpreshuffle_1x128x128_256x128x128x128_16x16_16x16_8x32x1_8x32x1_1x32x1x8_8_2x1_intrawave_v3,timed,0,passed,0.0,,,,
1216,768,7168,ck_1_split0,ck,1,0,a8w8_blockscale_bpreshuffle_1x128x128_256x64x128x128_16x16_16x16_8x32x1_8x32x1_1x32x1x8_8_2x1_intrawave_v3,timed,0,passed,0.0,,,,
1216,768,7168,ck_2_split0,ck,2,0,a8w8_blockscale_bpreshuffle_1x128x128_256x64x64x128_16x16_16x16_8x32x1_8x32x1_1x32x1x8_8_2x1_intrawave_v3,timed,0,passed,0.0,,,,
1216,768,7168,ck_3_split0,ck,3,0,a8w8_blockscale_bpreshuffle_1x128x128_256x16x256x128_8x16_16x16_16x16x1_8x32x1_1x16x1x16_8_1x2_intrawave_v1,timed,0,passed,0.0,,,,
1216,768,7168,ck_4_split0,ck,4,0,a8w8_blockscale_bpreshuffle_1x128x128_256x16x128x128_8x16_16x16_16x16x1_8x32x1_1x16x1x16_8_1x2_intrawave_v1,timed,0,passed,0.0,,,,
1216,768,7168,ck_5_split0,ck,5,0,a8w8_blockscale_bpreshuffle_1x128x128_256x16x64x128_8x16_16x16_16x16x1_8x32x1_1x16x1x16_4_1x1_intrawave_v1,timed,0,passed,0.0,,,,
1216,768,7168,ck_6_split0,ck,6,0,a8w8_blockscale_bpreshuffle_1x128x128_256x16x128x256_16x16_16x16_16x16x1_16x16x1_1x16x1x16_8_1x2_intrawave_v1,timed,0,passed,0.0,,,,
1216,768,7168,ck_7_split0,ck,7,0,a8w8_blockscale_bpreshuffle_1x128x128_256x16x64x256_16x16_16x16_16x16x1_16x16x1_1x16x1x16_4_1x1_intrawave_v1,timed,0,passed,0.0,,,,
1216,768,7168,ck_8_split0,ck,8,0,a8w8_blockscale_bpreshuffle_1x128x128_256x32x256x128_16x16_16x16_8x32x1_8x32x1_1x32x1x8_8_2x1_intrawave_v1,timed,0,passed,0.0,,,,
1216,768,7168,ck_9_split0,ck,9,0,a8w8_blockscale_bpreshuffle_1x128x128_256x32x128x128_16x16_16x16_8x32x1_8x32x1_1x32x1x8_8_2x1_intrawave_v1,timed,0,passed,0.0,,,,
1216,768,7168,ck_10_split0,ck,10,0,a8w8_blockscale_bpreshuffle_1x128x128_256x32x64x128_16x16_16x16_8x32x1_8x32x1_1x32x1x8_8_2x1_intrawave_v1,timed,0,passed,0.0,,,,
1216,768,7168,ck_11_split0,ck,11,0,a8w8_blockscale_bpreshuffle_1x128x128_256x32x128x256_16x16_16x16_16x16x1_16x16x1_1x32x1x8_8_2x1_intrawave_v1,timed,0,passed,0.0,,,,
1216,768,7168,ck_12_split0,ck,12,0,a8w8_blockscale_bpreshuffle_1x128x128_256x32x64x256_16x16_16x16_16x16x1_16x16x1_1x32x1x8_8_2x1_intrawave_v1,timed,0,passed,0.0,,,,
1216,768,7168,ck_13_split0,ck,13,0,a8w8_blockscale_bpreshuffle_1x128x128_256x64x256x128_16x16_16x16_8x32x1_8x32x1_1x32x1x8_8_2x1_intrawave_v1,timed,0,passed,0.0,,,,
1216,768,7168,ck_14_split0,ck,14,0,a8w8_blockscale_bpreshuffle_1x128x128_256x64x128x128_16x16_16x16_8x32x1_8x32x1_1x32x1x8_8_2x1_intrawave_v1,timed,0,passed,0.0,,,,
1216,768,7168,ck_15_split0,ck,15,0,a8w8_blockscale_bpreshuffle_1x128x128_256x64x64x128_16x16_16x16_8x32x1_8x32x1_1x32x1x8_8_2x1_intrawave_v1,timed,0,passed,0.0,,,,
1216,768,7168,ck_16_split0,ck,16,0,a8w8_blockscale_bpreshuffle_1x128x128_256x64x128x256_16x16_16x16_16x16x1_16x16x1_1x32x1x8_8_2x1_intrawave_v1,timed,0,passed,0.0,,,,
1216,768,7168,ck_17_split0,ck,17,0,a8w8_blockscale_bpreshuffle_1x128x128_256x64x64x256_16x16_16x16_16x16x1_16x16x1_1x32x1x8_8_2x1_intrawave_v1,timed,0,passed,0.0,,,,
1216,768,7168,cktile_0_split0,cktile,0,0,a8w8_blockscale_cktile_16x128x256_1x4x1_16x16x128_intrawave_0x1x0_1,timed,0,passed,0.0,,,,
1216,768,7168,cktile_1_split0,cktile,1,0,a8w8_blockscale_cktile_16x128x256_1x4x1_16x16x128_intrawave_0x1x0_2,timed,0,passed,0.0,,,,
1216,768,7168,cktile_2_split0,cktile,2,0,a8w8_blockscale_cktile_16x128x256_1x4x1_16x16x64_intrawave_0x1x0_1,timed,0,passed,0.0,,,,
1216,768,7168,cktile_3_split0,cktile,3,0,a8w8_blockscale_cktile_16x128x256_1x4x1_16x16x64_intrawave_0x1x0_2,timed,0,passed,0.0,,,,
1216,768,7168,cktile_4_split0,cktile,4,0,a8w8_blockscale_cktile_32x128x128_1x4x1_16x16x128_intrawave_0x1x0_1,timed,0,passed,0.0,,,,
1216,768,7168,cktile_5_split0,cktile,5,0,a8w8_blockscale_cktile_32x128x128_1x4x1_16x16x128_intrawave_0x1x0_2,timed,0,passed,0.0,,,,
1216,768,7168,cktile_6_split0,cktile,6,0,a8w8_blockscale_cktile_32x128x128_1x4x1_16x16x64_intrawave_0x1x0_1,timed,0,passed,0.0,,,,
1216,768,7168,cktile_7_split0,cktile,7,0,a8w8_blockscale_cktile_32x128x128_1x4x1_16x16x64_intrawave_0x1x0_2,timed,0,passed,0.0,,,,
1216,768,7168,cktile_8_split0,cktile,8,0,a8w8_blockscale_cktile_128x128x128_1x4x1_16x16x128_intrawave_0x1x0_1,timed,0,passed,0.0,,,,
1216,768,7168,cktile_9_split0,cktile,9,0,a8w8_blockscale_cktile_128x128x128_1x4x1_16x16x128_intrawave_0x1x0_1,timed,0,passed,0.0,,,,
1216,768,7168,cktile_10_split0,cktile,10,0,a8w8_blockscale_cktile_128x128x128_2x2x1_16x16x128_intrawave_0x1x0_2,timed,0,passed,0.0,,,,
1216,768,7168,cktile_11_split0,cktile,11,0,a8w8_blockscale_cktile_192x256x128_4x2x1_16x16x128_intrawave_0x1x0_1,timed,0,passed,0.0,,,,
1216,768,7168,cktile_12_split0,cktile,12,0,a8w8_blockscale_cktile_192x256x128_4x2x1_16x16x128_intrawave_0x1x0_1_aqrm,timed,0,passed,0.0,,,,
1216,768,7168,cktile_13_split0,cktile,13,0,a8w8_blockscale_cktile_16x128x256_1x4x1_16x16x128_intrawave_0x1x0_3,timed,0,passed,0.0,,,,
1216,768,7168,cktile_14_split0,cktile,14,0,a8w8_blockscale_cktile_16x128x256_1x4x1_16x16x128_intrawave_0x1x0_4,timed,0,passed,0.0,,,,
1216,768,7168,cktile_15_split0,cktile,15,0,a8w8_blockscale_cktile_16x128x256_1x4x1_16x16x64_intrawave_0x1x0_3,timed,0,passed,0.0,,,,
1216,768,7168,cktile_16_split0,cktile,16,0,a8w8_blockscale_cktile_16x128x256_1x4x1_16x16x64_intrawave_0x1x0_4,timed,0,passed,0.0,,,,
1216,768,7168,cktile_17_split0,cktile,17,0,a8w8_blockscale_cktile_32x128x128_1x4x1_16x16x128_intrawave_0x1x0_3,timed,0,passed,0.0,,,,
1216,768,7168,cktile_18_split0,cktile,18,0,a8w8_blockscale_cktile_32x128x128_1x4x1_16x16x128_intrawave_0x1x0_4,timed,0,passed,0.0,,,,
1216,768,7168,cktile_19_split0,cktile,19,0,a8w8_blockscale_cktile_32x128x128_1x4x1_16x16x64_intrawave_0x1x0_3,timed,0,passed,0.0,,,,
1216,768,7168,cktile_20_split0,cktile,20,0,a8w8_blockscale_cktile_32x128x128_1x4x1_16x16x64_intrawave_0x1x0_4,timed,0,passed,0.0,,,,
1216,768,7168,cktile_21_split0,cktile,21,0,a8w8_blockscale_cktile_128x128x128_1x4x1_16x16x128_intrawave_0x1x0_2,timed,0,passed,0.0,,,,
1216,768,7168,cktile_22_split0,cktile,22,0,a8w8_blockscale_cktile_128x128x128_1x4x1_16x16x128_intrawave_0x1x0_3,timed,0,passed,0.0,,,,
1216,768,7168,cktile_23_split0,cktile,23,0,a8w8_blockscale_cktile_128x128x128_1x4x1_16x16x128_intrawave_0x1x0_4,timed,0,passed,0.0,,,,
1216,768,7168,cktile_24_split0,cktile,24,0,a8w8_blockscale_cktile_128x128x128_2x2x1_16x16x128_intrawave_0x1x0_1,timed,0,passed,0.0,,,,
1216,768,7168,cktile_25_split0,cktile,25,0,a8w8_blockscale_cktile_128x128x128_2x2x1_16x16x128_intrawave_0x1x0_3,timed,0,passed,0.0,,,,
1216,768,7168,cktile_26_split0,cktile,26,0,a8w8_blockscale_cktile_128x128x128_2x2x1_16x16x128_intrawave_0x1x0_4,timed,0,passed,0.0,,,,
1216,768,7168,cktile_27_split0,cktile,27,0,a8w8_blockscale_cktile_192x256x128_4x2x1_16x16x128_intrawave_0x1x0_2,timed,0,passed,0.0,,,,
1216,768,7168,cktile_28_split0,cktile,28,0,a8w8_blockscale_cktile_192x256x128_4x2x1_16x16x128_intrawave_0x1x0_3,timed,0,passed,0.0,,,,
1216,768,7168,cktile_29_split0,cktile,29,0,a8w8_blockscale_cktile_192x256x128_4x2x1_16x16x128_intrawave_0x1x0_4,timed,0,passed,0.0,,,,
1216,768,7168,cktile_30_split0,cktile,30,0,a8w8_blockscale_cktile_192x256x128_4x2x1_16x16x128_intrawave_0x1x0_2_aqrm,timed,0,passed,0.0,,,,
1216,768,7168,cktile_31_split0,cktile,31,0,a8w8_blockscale_cktile_192x256x128_4x2x1_16x16x128_intrawave_0x1x0_3_aqrm,timed,0,passed,0.0,,,,
1216,768,7168,cktile_32_split0,cktile,32,0,a8w8_blockscale_cktile_192x256x128_4x2x1_16x16x128_intrawave_0x1x0_4_aqrm,timed,0,passed,0.0,,,,
1216,768,7168,opus_9011,opus,9011,0,opus_gemm_gfx950_a8w8_mxscale_gemm_bpreshuffle_256x64x128x128_2x2_16x16x128_1x128x128_tiles1_nooob,timed,0,passed,0.0,,,,
1216,768,7168,opus_9012,opus,9012,0,opus_gemm_gfx950_a8w8_mxscale_gemm_bpreshuffle_256x64x64x128_2x2_16x16x128_1x128x128_tiles1_nooob,timed,0,passed,0.0,,,,
1216,768,7168,opus_9020,opus,9020,0,opus_gemm_gfx950_a8w8_mxscale_gemm_bpreshuffle_256x256x256x128_2x2_16x16x128_1x128x128_tiles1,timed,0,passed,0.0,,,,
1216,768,7168,ck_0_split0,ck,0,0,a8w8_blockscale_bpreshuffle_1x128x128_256x128x128x128_16x16_16x16_8x32x1_8x32x1_1x32x1x8_8_2x1_intrawave_v3,timed,1,passed,0.0,,,,
1216,768,7168,opus_9020,opus,9020,0,opus_gemm_gfx950_a8w8_mxscale_gemm_bpreshuffle_256x256x256x128_2x2_16x16x128_1x128x128_tiles1,timed,1,passed,0.0,,,,
1216,768,7168,opus_9012,opus,9012,0,opus_gemm_gfx950_a8w8_mxscale_gemm_bpreshuffle_256x64x64x128_2x2_16x16x128_1x128x128_tiles1_nooob,timed,1,passed,0.0,,,,
1216,768,7168,opus_9011,opus,9011,0,opus_gemm_gfx950_a8w8_mxscale_gemm_bpreshuffle_256x64x128x128_2x2_16x16x128_1x128x128_tiles1_nooob,timed,1,passed,0.0,,,,
1216,768,7168,cktile_32_split0,cktile,32,0,a8w8_blockscale_cktile_192x256x128_4x2x1_16x16x128_intrawave_0x1x0_4_aqrm,timed,1,passed,0.0,,,,
1216,768,7168,cktile_31_split0,cktile,31,0,a8w8_blockscale_cktile_192x256x128_4x2x1_16x16x128_intrawave_0x1x0_3_aqrm,timed,1,passed,0.0,,,,
1216,768,7168,cktile_30_split0,cktile,30,0,a8w8_blockscale_cktile_192x256x128_4x2x1_16x16x128_intrawave_0x1x0_2_aqrm,timed,1,passed,0.0,,,,
1216,768,7168,cktile_29_split0,cktile,29,0,a8w8_blockscale_cktile_192x256x128_4x2x1_16x16x128_intrawave_0x1x0_4,timed,1,passed,0.0,,,,
1216,768,7168,cktile_28_split0,cktile,28,0,a8w8_blockscale_cktile_192x256x128_4x2x1_16x16x128_intrawave_0x1x0_3,timed,1,passed,0.0,,,,
1216,768,7168,cktile_27_split0,cktile,27,0,a8w8_blockscale_cktile_192x256x128_4x2x1_16x16x128_intrawave_0x1x0_2,timed,1,passed,0.0,,,,
1216,768,7168,cktile_26_split0,cktile,26,0,a8w8_blockscale_cktile_128x128x128_2x2x1_16x16x128_intrawave_0x1x0_4,timed,1,passed,0.0,,,,
1216,768,7168,cktile_25_split0,cktile,25,0,a8w8_blockscale_cktile_128x128x128_2x2x1_16x16x128_intrawave_0x1x0_3,timed,1,passed,0.0,,,,
1216,768,7168,cktile_24_split0,cktile,24,0,a8w8_blockscale_cktile_128x128x128_2x2x1_16x16x128_intrawave_0x1x0_1,timed,1,passed,0.0,,,,
1216,768,7168,cktile_23_split0,cktile,23,0,a8w8_blockscale_cktile_128x128x128_1x4x1_16x16x128_intrawave_0x1x0_4,timed,1,passed,0.0,,,,
1216,768,7168,cktile_22_split0,cktile,22,0,a8w8_blockscale_cktile_128x128x128_1x4x1_16x16x128_intrawave_0x1x0_3,timed,1,passed,0.0,,,,
1216,768,7168,cktile_21_split0,cktile,21,0,a8w8_blockscale_cktile_128x128x128_1x4x1_16x16x128_intrawave_0x1x0_2,timed,1,passed,0.0,,,,
1216,768,7168,cktile_20_split0,cktile,20,0,a8w8_blockscale_cktile_32x128x128_1x4x1_16x16x64_intrawave_0x1x0_4,timed,1,passed,0.0,,,,
1216,768,7168,cktile_19_split0,cktile,19,0,a8w8_blockscale_cktile_32x128x128_1x4x1_16x16x64_intrawave_0x1x0_3,timed,1,passed,0.0,,,,
1216,768,7168,cktile_18_split0,cktile,18,0,a8w8_blockscale_cktile_32x128x128_1x4x1_16x16x128_intrawave_0x1x0_4,timed,1,passed,0.0,,,,
1216,768,7168,cktile_17_split0,cktile,17,0,a8w8_blockscale_cktile_32x128x128_1x4x1_16x16x128_intrawave_0x1x0_3,timed,1,passed,0.0,,,,
1216,768,7168,cktile_16_split0,cktile,16,0,a8w8_blockscale_cktile_16x128x256_1x4x1_16x16x64_intrawave_0x1x0_4,timed,1,passed,0.0,,,,
1216,768,7168,cktile_15_split0,cktile,15,0,a8w8_blockscale_cktile_16x128x256_1x4x1_16x16x64_intrawave_0x1x0_3,timed,1,passed,0.0,,,,
1216,768,7168,cktile_14_split0,cktile,14,0,a8w8_blockscale_cktile_16x128x256_1x4x1_16x16x128_intrawave_0x1x0_4,timed,1,passed,0.0,,,,
1216,768,7168,cktile_13_split0,cktile,13,0,a8w8_blockscale_cktile_16x128x256_1x4x1_16x16x128_intrawave_0x1x0_3,timed,1,passed,0.0,,,,
1216,768,7168,cktile_12_split0,cktile,12,0,a8w8_blockscale_cktile_192x256x128_4x2x1_16x16x128_intrawave_0x1x0_1_aqrm,timed,1,passed,0.0,,,,
1216,768,7168,cktile_11_split0,cktile,11,0,a8w8_blockscale_cktile_192x256x128_4x2x1_16x16x128_intrawave_0x1x0_1,timed,1,passed,0.0,,,,
1216,768,7168,cktile_10_split0,cktile,10,0,a8w8_blockscale_cktile_128x128x128_2x2x1_16x16x128_intrawave_0x1x0_2,timed,1,passed,0.0,,,,
1216,768,7168,cktile_9_split0,cktile,9,0,a8w8_blockscale_cktile_128x128x128_1x4x1_16x16x128_intrawave_0x1x0_1,timed,1,passed,0.0,,,,
1216,768,7168,cktile_8_split0,cktile,8,0,a8w8_blockscale_cktile_128x128x128_1x4x1_16x16x128_intrawave_0x1x0_1,timed,1,passed,0.0,,,,
1216,768,7168,cktile_7_split0,cktile,7,0,a8w8_blockscale_cktile_32x128x128_1x4x1_16x16x64_intrawave_0x1x0_2,timed,1,passed,0.0,,,,
1216,768,7168,cktile_6_split0,cktile,6,0,a8w8_blockscale_cktile_32x128x128_1x4x1_16x16x64_intrawave_0x1x0_1,timed,1,passed,0.0,,,,
1216,768,7168,cktile_5_split0,cktile,5,0,a8w8_blockscale_cktile_32x128x128_1x4x1_16x16x128_intrawave_0x1x0_2,timed,1,passed,0.0,,,,
1216,768,7168,cktile_4_split0,cktile,4,0,a8w8_blockscale_cktile_32x128x128_1x4x1_16x16x128_intrawave_0x1x0_1,timed,1,passed,0.0,,,,
1216,768,7168,cktile_3_split0,cktile,3,0,a8w8_blockscale_cktile_16x128x256_1x4x1_16x16x64_intrawave_0x1x0_2,timed,1,passed,0.0,,,,
1216,768,7168,cktile_2_split0,cktile,2,0,a8w8_blockscale_cktile_16x128x256_1x4x1_16x16x64_intrawave_0x1x0_1,timed,1,passed,0.0,,,,
1216,768,7168,cktile_1_split0,cktile,1,0,a8w8_blockscale_cktile_16x128x256_1x4x1_16x16x128_intrawave_0x1x0_2,timed,1,passed,0.0,,,,
1216,768,7168,cktile_0_split0,cktile,0,0,a8w8_blockscale_cktile_16x128x256_1x4x1_16x16x128_intrawave_0x1x0_1,timed,1,passed,0.0,,,,
1216,768,7168,ck_17_split0,ck,17,0,a8w8_blockscale_bpreshuffle_1x128x128_256x64x64x256_16x16_16x16_16x16x1_16x16x1_1x32x1x8_8_2x1_intrawave_v1,timed,1,passed,0.0,,,,
1216,768,7168,ck_16_split0,ck,16,0,a8w8_blockscale_bpreshuffle_1x128x128_256x64x128x256_16x16_16x16_16x16x1_16x16x1_1x32x1x8_8_2x1_intrawave_v1,timed,1,passed,0.0,,,,
1216,768,7168,ck_15_split0,ck,15,0,a8w8_blockscale_bpreshuffle_1x128x128_256x64x64x128_16x16_16x16_8x32x1_8x32x1_1x32x1x8_8_2x1_intrawave_v1,timed,1,passed,0.0,,,,
1216,768,7168,ck_14_split0,ck,14,0,a8w8_blockscale_bpreshuffle_1x128x128_256x64x128x128_16x16_16x16_8x32x1_8x32x1_1x32x1x8_8_2x1_intrawave_v1,timed,1,passed,0.0,,,,
1216,768,7168,ck_13_split0,ck,13,0,a8w8_blockscale_bpreshuffle_1x128x128_256x64x256x128_16x16_16x16_8x32x1_8x32x1_1x32x1x8_8_2x1_intrawave_v1,timed,1,passed,0.0,,,,
1216,768,7168,ck_12_split0,ck,12,0,a8w8_blockscale_bpreshuffle_1x128x128_256x32x64x256_16x16_16x16_16x16x1_16x16x1_1x32x1x8_8_2x1_intrawave_v1,timed,1,passed,0.0,,,,
1216,768,7168,ck_11_split0,ck,11,0,a8w8_blockscale_bpreshuffle_1x128x128_256x32x128x256_16x16_16x16_16x16x1_16x16x1_1x32x1x8_8_2x1_intrawave_v1,timed,1,passed,0.0,,,,
1216,768,7168,ck_10_split0,ck,10,0,a8w8_blockscale_bpreshuffle_1x128x128_256x32x64x128_16x16_16x16_8x32x1_8x32x1_1x32x1x8_8_2x1_intrawave_v1,timed,1,passed,0.0,,,,
1216,768,7168,ck_9_split0,ck,9,0,a8w8_blockscale_bpreshuffle_1x128x128_256x32x128x128_16x16_16x16_8x32x1_8x32x1_1x32x1x8_8_2x1_intrawave_v1,timed,1,passed,0.0,,,,
1216,768,7168,ck_8_split0,ck,8,0,a8w8_blockscale_bpreshuffle_1x128x128_256x32x256x128_16x16_16x16_8x32x1_8x32x1_1x32x1x8_8_2x1_intrawave_v1,timed,1,passed,0.0,,,,
1216,768,7168,ck_7_split0,ck,7,0,a8w8_blockscale_bpreshuffle_1x128x128_256x16x64x256_16x16_16x16_16x16x1_16x16x1_1x16x1x16_4_1x1_intrawave_v1,timed,1,passed,0.0,,,,
1216,768,7168,ck_6_split0,ck,6,0,a8w8_blockscale_bpreshuffle_1x128x128_256x16x128x256_16x16_16x16_16x16x1_16x16x1_1x16x1x16_8_1x2_intrawave_v1,timed,1,passed,0.0,,,,
1216,768,7168,ck_5_split0,ck,5,0,a8w8_blockscale_bpreshuffle_1x128x128_256x16x64x128_8x16_16x16_16x16x1_8x32x1_1x16x1x16_4_1x1_intrawave_v1,timed,1,passed,0.0,,,,
1216,768,7168,ck_4_split0,ck,4,0,a8w8_blockscale_bpreshuffle_1x128x128_256x16x128x128_8x16_16x16_16x16x1_8x32x1_1x16x1x16_8_1x2_intrawave_v1,timed,1,passed,0.0,,,,
1216,768,7168,ck_3_split0,ck,3,0,a8w8_blockscale_bpreshuffle_1x128x128_256x16x256x128_8x16_16x16_16x16x1_8x32x1_1x16x1x16_8_1x2_intrawave_v1,timed,1,passed,0.0,,,,
1216,768,7168,ck_2_split0,ck,2,0,a8w8_blockscale_bpreshuffle_1x128x128_256x64x64x128_16x16_16x16_8x32x1_8x32x1_1x32x1x8_8_2x1_intrawave_v3,timed,1,passed,0.0,,,,
1216,768,7168,ck_1_split0,ck,1,0,a8w8_blockscale_bpreshuffle_1x128x128_256x64x128x128_16x16_16x16_8x32x1_8x32x1_1x32x1x8_8_2x1_intrawave_v3,timed,1,passed,0.0,,,,
1216,768,7168,ck_2_split0,ck,2,0,a8w8_blockscale_bpreshuffle_1x128x128_256x64x64x128_16x16_16x16_8x32x1_8x32x1_1x32x1x8_8_2x1_intrawave_v3,timed,2,passed,0.0,,,,
1216,768,7168,ck_3_split0,ck,3,0,a8w8_blockscale_bpreshuffle_1x128x128_256x16x256x128_8x16_16x16_16x16x1_8x32x1_1x16x1x16_8_1x2_intrawave_v1,timed,2,passed,0.0,,,,
1216,768,7168,ck_4_split0,ck,4,0,a8w8_blockscale_bpreshuffle_1x128x128_256x16x128x128_8x16_16x16_16x16x1_8x32x1_1x16x1x16_8_1x2_intrawave_v1,timed,2,passed,0.0,,,,
1216,768,7168,ck_5_split0,ck,5,0,a8w8_blockscale_bpreshuffle_1x128x128_256x16x64x128_8x16_16x16_16x16x1_8x32x1_1x16x1x16_4_1x1_intrawave_v1,timed,2,passed,0.0,,,,
1216,768,7168,ck_6_split0,ck,6,0,a8w8_blockscale_bpreshuffle_1x128x128_256x16x128x256_16x16_16x16_16x16x1_16x16x1_1x16x1x16_8_1x2_intrawave_v1,timed,2,passed,0.0,,,,
1216,768,7168,ck_7_split0,ck,7,0,a8w8_blockscale_bpreshuffle_1x128x128_256x16x64x256_16x16_16x16_16x16x1_16x16x1_1x16x1x16_4_1x1_intrawave_v1,timed,2,passed,0.0,,,,
1216,768,7168,ck_8_split0,ck,8,0,a8w8_blockscale_bpreshuffle_1x128x128_256x32x256x128_16x16_16x16_8x32x1_8x32x1_1x32x1x8_8_2x1_intrawave_v1,timed,2,passed,0.0,,,,
1216,768,7168,ck_9_split0,ck,9,0,a8w8_blockscale_bpreshuffle_1x128x128_256x32x128x128_16x16_16x16_8x32x1_8x32x1_1x32x1x8_8_2x1_intrawave_v1,timed,2,passed,0.0,,,,
1216,768,7168,ck_10_split0,ck,10,0,a8w8_blockscale_bpreshuffle_1x128x128_256x32x64x128_16x16_16x16_8x32x1_8x32x1_1x32x1x8_8_2x1_intrawave_v1,timed,2,passed,0.0,,,,
1216,768,7168,ck_11_split0,ck,11,0,a8w8_blockscale_bpreshuffle_1x128x128_256x32x128x256_16x16_16x16_16x16x1_16x16x1_1x32x1x8_8_2x1_intrawave_v1,timed,2,passed,0.0,,,,
1216,768,7168,ck_12_split0,ck,12,0,a8w8_blockscale_bpreshuffle_1x128x128_256x32x64x256_16x16_16x16_16x16x1_16x16x1_1x32x1x8_8_2x1_intrawave_v1,timed,2,passed,0.0,,,,
1216,768,7168,ck_13_split0,ck,13,0,a8w8_blockscale_bpreshuffle_1x128x128_256x64x256x128_16x16_16x16_8x32x1_8x32x1_1x32x1x8_8_2x1_intrawave_v1,timed,2,passed,0.0,,,,
1216,768,7168,ck_14_split0,ck,14,0,a8w8_blockscale_bpreshuffle_1x128x128_256x64x128x128_16x16_16x16_8x32x1_8x32x1_1x32x1x8_8_2x1_intrawave_v1,timed,2,passed,0.0,,,,
1216,768,7168,ck_15_split0,ck,15,0,a8w8_blockscale_bpreshuffle_1x128x128_256x64x64x128_16x16_16x16_8x32x1_8x32x1_1x32x1x8_8_2x1_intrawave_v1,timed,2,passed,0.0,,,,
1216,768,7168,ck_16_split0,ck,16,0,a8w8_blockscale_bpreshuffle_1x128x128_256x64x128x256_16x16_16x16_16x16x1_16x16x1_1x32x1x8_8_2x1_intrawave_v1,timed,2,passed,0.0,,,,
1216,768,7168,ck_17_split0,ck,17,0,a8w8_blockscale_bpreshuffle_1x128x128_256x64x64x256_16x16_16x16_16x16x1_16x16x1_1x32x1x8_8_2x1_intrawave_v1,timed,2,passed,0.0,,,,
1216,768,7168,cktile_0_split0,cktile,0,0,a8w8_blockscale_cktile_16x128x256_1x4x1_16x16x128_intrawave_0x1x0_1,timed,2,passed,0.0,,,,
1216,768,7168,cktile_1_split0,cktile,1,0,a8w8_blockscale_cktile_16x128x256_1x4x1_16x16x128_intrawave_0x1x0_2,timed,2,passed,0.0,,,,
1216,768,7168,cktile_2_split0,cktile,2,0,a8w8_blockscale_cktile_16x128x256_1x4x1_16x16x64_intrawave_0x1x0_1,timed,2,passed,0.0,,,,
1216,768,7168,cktile_3_split0,cktile,3,0,a8w8_blockscale_cktile_16x128x256_1x4x1_16x16x64_intrawave_0x1x0_2,timed,2,passed,0.0,,,,
1216,768,7168,cktile_4_split0,cktile,4,0,a8w8_blockscale_cktile_32x128x128_1x4x1_16x16x128_intrawave_0x1x0_1,timed,2,passed,0.0,,,,
1216,768,7168,cktile_5_split0,cktile,5,0,a8w8_blockscale_cktile_32x128x128_1x4x1_16x16x128_intrawave_0x1x0_2,timed,2,passed,0.0,,,,
1216,768,7168,cktile_6_split0,cktile,6,0,a8w8_blockscale_cktile_32x128x128_1x4x1_16x16x64_intrawave_0x1x0_1,timed,2,passed,0.0,,,,
1216,768,7168,cktile_7_split0,cktile,7,0,a8w8_blockscale_cktile_32x128x128_1x4x1_16x16x64_intrawave_0x1x0_2,timed,2,passed,0.0,,,,
1216,768,7168,cktile_8_split0,cktile,8,0,a8w8_blockscale_cktile_128x128x128_1x4x1_16x16x128_intrawave_0x1x0_1,timed,2,passed,0.0,,,,
1216,768,7168,cktile_9_split0,cktile,9,0,a8w8_blockscale_cktile_128x128x128_1x4x1_16x16x128_intrawave_0x1x0_1,timed,2,passed,0.0,,,,
1216,768,7168,cktile_10_split0,cktile,10,0,a8w8_blockscale_cktile_128x128x128_2x2x1_16x16x128_intrawave_0x1x0_2,timed,2,passed,0.0,,,,
1216,768,7168,cktile_11_split0,cktile,11,0,a8w8_blockscale_cktile_192x256x128_4x2x1_16x16x128_intrawave_0x1x0_1,timed,2,passed,0.0,,,,
1216,768,7168,cktile_12_split0,cktile,12,0,a8w8_blockscale_cktile_192x256x128_4x2x1_16x16x128_intrawave_0x1x0_1_aqrm,timed,2,passed,0.0,,,,
1216,768,7168,cktile_13_split0,cktile,13,0,a8w8_blockscale_cktile_16x128x256_1x4x1_16x16x128_intrawave_0x1x0_3,timed,2,passed,0.0,,,,
1216,768,7168,cktile_14_split0,cktile,14,0,a8w8_blockscale_cktile_16x128x256_1x4x1_16x16x128_intrawave_0x1x0_4,timed,2,passed,0.0,,,,
1216,768,7168,cktile_15_split0,cktile,15,0,a8w8_blockscale_cktile_16x128x256_1x4x1_16x16x64_intrawave_0x1x0_3,timed,2,passed,0.0,,,,
1216,768,7168,cktile_16_split0,cktile,16,0,a8w8_blockscale_cktile_16x128x256_1x4x1_16x16x64_intrawave_0x1x0_4,timed,2,passed,0.0,,,,
1216,768,7168,cktile_17_split0,cktile,17,0,a8w8_blockscale_cktile_32x128x128_1x4x1_16x16x128_intrawave_0x1x0_3,timed,2,passed,0.0,,,,
1216,768,7168,cktile_18_split0,cktile,18,0,a8w8_blockscale_cktile_32x128x128_1x4x1_16x16x128_intrawave_0x1x0_4,timed,2,passed,0.0,,,,
1216,768,7168,cktile_19_split0,cktile,19,0,a8w8_blockscale_cktile_32x128x128_1x4x1_16x16x64_intrawave_0x1x0_3,timed,2,passed,0.0,,,,
1216,768,7168,cktile_20_split0,cktile,20,0,a8w8_blockscale_cktile_32x128x128_1x4x1_16x16x64_intrawave_0x1x0_4,timed,2,passed,0.0,,,,
1216,768,7168,cktile_21_split0,cktile,21,0,a8w8_blockscale_cktile_128x128x128_1x4x1_16x16x128_intrawave_0x1x0_2,timed,2,passed,0.0,,,,
1216,768,7168,cktile_22_split0,cktile,22,0,a8w8_blockscale_cktile_128x128x128_1x4x1_16x16x128_intrawave_0x1x0_3,timed,2,passed,0.0,,,,
1216,768,7168,cktile_23_split0,cktile,23,0,a8w8_blockscale_cktile_128x128x128_1x4x1_16x16x128_intrawave_0x1x0_4,timed,2,passed,0.0,,,,
1216,768,7168,cktile_24_split0,cktile,24,0,a8w8_blockscale_cktile_128x128x128_2x2x1_16x16x128_intrawave_0x1x0_1,timed,2,passed,0.0,,,,
1216,768,7168,cktile_25_split0,cktile,25,0,a8w8_blockscale_cktile_128x128x128_2x2x1_16x16x128_intrawave_0x1x0_3,timed,2,passed,0.0,,,,
1216,768,7168,cktile_26_split0,cktile,26,0,a8w8_blockscale_cktile_128x128x128_2x2x1_16x16x128_intrawave_0x1x0_4,timed,2,passed,0.0,,,,
1216,768,7168,cktile_27_split0,cktile,27,0,a8w8_blockscale_cktile_192x256x128_4x2x1_16x16x128_intrawave_0x1x0_2,timed,2,passed,0.0,,,,
1216,768,7168,cktile_28_split0,cktile,28,0,a8w8_blockscale_cktile_192x256x128_4x2x1_16x16x128_intrawave_0x1x0_3,timed,2,passed,0.0,,,,
1216,768,7168,cktile_29_split0,cktile,29,0,a8w8_blockscale_cktile_192x256x128_4x2x1_16x16x128_intrawave_0x1x0_4,timed,2,passed,0.0,,,,
1216,768,7168,cktile_30_split0,cktile,30,0,a8w8_blockscale_cktile_192x256x128_4x2x1_16x16x128_intrawave_0x1x0_2_aqrm,timed,2,passed,0.0,,,,
1216,768,7168,cktile_31_split0,cktile,31,0,a8w8_blockscale_cktile_192x256x128_4x2x1_16x16x128_intrawave_0x1x0_3_aqrm,timed,2,passed,0.0,,,,
1216,768,7168,cktile_32_split0,cktile,32,0,a8w8_blockscale_cktile_192x256x128_4x2x1_16x16x128_intrawave_0x1x0_4_aqrm,timed,2,passed,0.0,,,,
1216,768,7168,opus_9011,opus,9011,0,opus_gemm_gfx950_a8w8_mxscale_gemm_bpreshuffle_256x64x128x128_2x2_16x16x128_1x128x128_tiles1_nooob,timed,2,passed,0.0,,,,
1216,768,7168,opus_9012,opus,9012,0,opus_gemm_gfx950_a8w8_mxscale_gemm_bpreshuffle_256x64x64x128_2x2_16x16x128_1x128x128_tiles1_nooob,timed,2,passed,0.0,,,,
1216,768,7168,opus_9020,opus,9020,0,opus_gemm_gfx950_a8w8_mxscale_gemm_bpreshuffle_256x256x256x128_2x2_16x16x128_1x128x128_tiles1,timed,2,passed,0.0,,,,
1216,768,7168,ck_0_split0,ck,0,0,a8w8_blockscale_bpreshuffle_1x128x128_256x128x128x128_16x16_16x16_8x32x1_8x32x1_1x32x1x8_8_2x1_intrawave_v3,timed,2,passed,0.0,,,,
1216,768,7168,ck_1_split0,ck,1,0,a8w8_blockscale_bpreshuffle_1x128x128_256x64x128x128_16x16_16x16_8x32x1_8x32x1_1x32x1x8_8_2x1_intrawave_v3,timed,2,passed,0.0,,,,
1472,768,7168,ck_0_split0,ck,0,0,a8w8_blockscale_bpreshuffle_1x128x128_256x128x128x128_16x16_16x16_8x32x1_8x32x1_1x32x1x8_8_2x1_intrawave_v3,preflight,-1,passed,0.0,,,,
1472,768,7168,ck_1_split0,ck,1,0,a8w8_blockscale_bpreshuffle_1x128x128_256x64x128x128_16x16_16x16_8x32x1_8x32x1_1x32x1x8_8_2x1_intrawave_v3,preflight,-1,passed,0.0,,,,
1472,768,7168,ck_2_split0,ck,2,0,a8w8_blockscale_bpreshuffle_1x128x128_256x64x64x128_16x16_16x16_8x32x1_8x32x1_1x32x1x8_8_2x1_intrawave_v3,preflight,-1,passed,0.0,,,,
1472,768,7168,ck_3_split0,ck,3,0,a8w8_blockscale_bpreshuffle_1x128x128_256x16x256x128_8x16_16x16_16x16x1_8x32x1_1x16x1x16_8_1x2_intrawave_v1,preflight,-1,passed,0.0,,,,
1472,768,7168,ck_4_split0,ck,4,0,a8w8_blockscale_bpreshuffle_1x128x128_256x16x128x128_8x16_16x16_16x16x1_8x32x1_1x16x1x16_8_1x2_intrawave_v1,preflight,-1,passed,0.0,,,,
1472,768,7168,ck_5_split0,ck,5,0,a8w8_blockscale_bpreshuffle_1x128x128_256x16x64x128_8x16_16x16_16x16x1_8x32x1_1x16x1x16_4_1x1_intrawave_v1,preflight,-1,passed,0.0,,,,
1472,768,7168,ck_6_split0,ck,6,0,a8w8_blockscale_bpreshuffle_1x128x128_256x16x128x256_16x16_16x16_16x16x1_16x16x1_1x16x1x16_8_1x2_intrawave_v1,preflight,-1,passed,0.0,,,,
1472,768,7168,ck_7_split0,ck,7,0,a8w8_blockscale_bpreshuffle_1x128x128_256x16x64x256_16x16_16x16_16x16x1_16x16x1_1x16x1x16_4_1x1_intrawave_v1,preflight,-1,passed,0.0,,,,
1472,768,7168,ck_8_split0,ck,8,0,a8w8_blockscale_bpreshuffle_1x128x128_256x32x256x128_16x16_16x16_8x32x1_8x32x1_1x32x1x8_8_2x1_intrawave_v1,preflight,-1,passed,0.0,,,,
1472,768,7168,ck_9_split0,ck,9,0,a8w8_blockscale_bpreshuffle_1x128x128_256x32x128x128_16x16_16x16_8x32x1_8x32x1_1x32x1x8_8_2x1_intrawave_v1,preflight,-1,passed,0.0,,,,
1472,768,7168,ck_10_split0,ck,10,0,a8w8_blockscale_bpreshuffle_1x128x128_256x32x64x128_16x16_16x16_8x32x1_8x32x1_1x32x1x8_8_2x1_intrawave_v1,preflight,-1,passed,0.0,,,,
1472,768,7168,ck_11_split0,ck,11,0,a8w8_blockscale_bpreshuffle_1x128x128_256x32x128x256_16x16_16x16_16x16x1_16x16x1_1x32x1x8_8_2x1_intrawave_v1,preflight,-1,passed,0.0,,,,
1472,768,7168,ck_12_split0,ck,12,0,a8w8_blockscale_bpreshuffle_1x128x128_256x32x64x256_16x16_16x16_16x16x1_16x16x1_1x32x1x8_8_2x1_intrawave_v1,preflight,-1,passed,0.0,,,,
1472,768,7168,ck_13_split0,ck,13,0,a8w8_blockscale_bpreshuffle_1x128x128_256x64x256x128_16x16_16x16_8x32x1_8x32x1_1x32x1x8_8_2x1_intrawave_v1,preflight,-1,passed,0.0,,,,
1472,768,7168,ck_14_split0,ck,14,0,a8w8_blockscale_bpreshuffle_1x128x128_256x64x128x128_16x16_16x16_8x32x1_8x32x1_1x32x1x8_8_2x1_intrawave_v1,preflight,-1,passed,0.0,,,,
1472,768,7168,ck_15_split0,ck,15,0,a8w8_blockscale_bpreshuffle_1x128x128_256x64x64x128_16x16_16x16_8x32x1_8x32x1_1x32x1x8_8_2x1_intrawave_v1,preflight,-1,passed,0.0,,,,
1472,768,7168,ck_16_split0,ck,16,0,a8w8_blockscale_bpreshuffle_1x128x128_256x64x128x256_16x16_16x16_16x16x1_16x16x1_1x32x1x8_8_2x1_intrawave_v1,preflight,-1,passed,0.0,,,,
1472,768,7168,ck_17_split0,ck,17,0,a8w8_blockscale_bpreshuffle_1x128x128_256x64x64x256_16x16_16x16_16x16x1_16x16x1_1x32x1x8_8_2x1_intrawave_v1,preflight,-1,passed,0.0,,,,
1472,768,7168,cktile_0_split0,cktile,0,0,a8w8_blockscale_cktile_16x128x256_1x4x1_16x16x128_intrawave_0x1x0_1,preflight,-1,passed,0.0,,,,
1472,768,7168,cktile_1_split0,cktile,1,0,a8w8_blockscale_cktile_16x128x256_1x4x1_16x16x128_intrawave_0x1x0_2,preflight,-1,passed,0.0,,,,
1472,768,7168,cktile_2_split0,cktile,2,0,a8w8_blockscale_cktile_16x128x256_1x4x1_16x16x64_intrawave_0x1x0_1,preflight,-1,passed,0.0,,,,
1472,768,7168,cktile_3_split0,cktile,3,0,a8w8_blockscale_cktile_16x128x256_1x4x1_16x16x64_intrawave_0x1x0_2,preflight,-1,passed,0.0,,,,
1472,768,7168,cktile_4_split0,cktile,4,0,a8w8_blockscale_cktile_32x128x128_1x4x1_16x16x128_intrawave_0x1x0_1,preflight,-1,passed,0.0,,,,
1472,768,7168,cktile_5_split0,cktile,5,0,a8w8_blockscale_cktile_32x128x128_1x4x1_16x16x128_intrawave_0x1x0_2,preflight,-1,passed,0.0,,,,
1472,768,7168,cktile_6_split0,cktile,6,0,a8w8_blockscale_cktile_32x128x128_1x4x1_16x16x64_intrawave_0x1x0_1,preflight,-1,passed,0.0,,,,
1472,768,7168,cktile_7_split0,cktile,7,0,a8w8_blockscale_cktile_32x128x128_1x4x1_16x16x64_intrawave_0x1x0_2,preflight,-1,passed,0.0,,,,
1472,768,7168,cktile_8_split0,cktile,8,0,a8w8_blockscale_cktile_128x128x128_1x4x1_16x16x128_intrawave_0x1x0_1,preflight,-1,passed,0.0,,,,
1472,768,7168,cktile_9_split0,cktile,9,0,a8w8_blockscale_cktile_128x128x128_1x4x1_16x16x128_intrawave_0x1x0_1,preflight,-1,passed,0.0,,,,
1472,768,7168,cktile_10_split0,cktile,10,0,a8w8_blockscale_cktile_128x128x128_2x2x1_16x16x128_intrawave_0x1x0_2,preflight,-1,passed,0.0,,,,
1472,768,7168,cktile_11_split0,cktile,11,0,a8w8_blockscale_cktile_192x256x128_4x2x1_16x16x128_intrawave_0x1x0_1,preflight,-1,passed,0.0,,,,
1472,768,7168,cktile_12_split0,cktile,12,0,a8w8_blockscale_cktile_192x256x128_4x2x1_16x16x128_intrawave_0x1x0_1_aqrm,preflight,-1,passed,0.0,,,,
1472,768,7168,cktile_13_split0,cktile,13,0,a8w8_blockscale_cktile_16x128x256_1x4x1_16x16x128_intrawave_0x1x0_3,preflight,-1,passed,0.0,,,,
1472,768,7168,cktile_14_split0,cktile,14,0,a8w8_blockscale_cktile_16x128x256_1x4x1_16x16x128_intrawave_0x1x0_4,preflight,-1,passed,0.0,,,,
1472,768,7168,cktile_15_split0,cktile,15,0,a8w8_blockscale_cktile_16x128x256_1x4x1_16x16x64_intrawave_0x1x0_3,preflight,-1,passed,0.0,,,,
1472,768,7168,cktile_16_split0,cktile,16,0,a8w8_blockscale_cktile_16x128x256_1x4x1_16x16x64_intrawave_0x1x0_4,preflight,-1,passed,0.0,,,,
1472,768,7168,cktile_17_split0,cktile,17,0,a8w8_blockscale_cktile_32x128x128_1x4x1_16x16x128_intrawave_0x1x0_3,preflight,-1,passed,0.0,,,,
1472,768,7168,cktile_18_split0,cktile,18,0,a8w8_blockscale_cktile_32x128x128_1x4x1_16x16x128_intrawave_0x1x0_4,preflight,-1,passed,0.0,,,,
1472,768,7168,cktile_19_split0,cktile,19,0,a8w8_blockscale_cktile_32x128x128_1x4x1_16x16x64_intrawave_0x1x0_3,preflight,-1,passed,0.0,,,,
1472,768,7168,cktile_20_split0,cktile,20,0,a8w8_blockscale_cktile_32x128x128_1x4x1_16x16x64_intrawave_0x1x0_4,preflight,-1,passed,0.0,,,,
1472,768,7168,cktile_21_split0,cktile,21,0,a8w8_blockscale_cktile_128x128x128_1x4x1_16x16x128_intrawave_0x1x0_2,preflight,-1,passed,0.0,,,,
1472,768,7168,cktile_22_split0,cktile,22,0,a8w8_blockscale_cktile_128x128x128_1x4x1_16x16x128_intrawave_0x1x0_3,preflight,-1,passed,0.0,,,,
1472,768,7168,cktile_23_split0,cktile,23,0,a8w8_blockscale_cktile_128x128x128_1x4x1_16x16x128_intrawave_0x1x0_4,preflight,-1,passed,0.0,,,,
1472,768,7168,cktile_24_split0,cktile,24,0,a8w8_blockscale_cktile_128x128x128_2x2x1_16x16x128_intrawave_0x1x0_1,preflight,-1,passed,0.0,,,,
1472,768,7168,cktile_25_split0,cktile,25,0,a8w8_blockscale_cktile_128x128x128_2x2x1_16x16x128_intrawave_0x1x0_3,preflight,-1,passed,0.0,,,,
1472,768,7168,cktile_26_split0,cktile,26,0,a8w8_blockscale_cktile_128x128x128_2x2x1_16x16x128_intrawave_0x1x0_4,preflight,-1,passed,0.0,,,,
1472,768,7168,cktile_27_split0,cktile,27,0,a8w8_blockscale_cktile_192x256x128_4x2x1_16x16x128_intrawave_0x1x0_2,preflight,-1,passed,0.0,,,,
1472,768,7168,cktile_28_split0,cktile,28,0,a8w8_blockscale_cktile_192x256x128_4x2x1_16x16x128_intrawave_0x1x0_3,preflight,-1,passed,0.0,,,,
1472,768,7168,cktile_29_split0,cktile,29,0,a8w8_blockscale_cktile_192x256x128_4x2x1_16x16x128_intrawave_0x1x0_4,preflight,-1,passed,0.0,,,,
1472,768,7168,cktile_30_split0,cktile,30,0,a8w8_blockscale_cktile_192x256x128_4x2x1_16x16x128_intrawave_0x1x0_2_aqrm,preflight,-1,passed,0.0,,,,
1472,768,7168,cktile_31_split0,cktile,31,0,a8w8_blockscale_cktile_192x256x128_4x2x1_16x16x128_intrawave_0x1x0_3_aqrm,preflight,-1,passed,0.0,,,,
1472,768,7168,cktile_32_split0,cktile,32,0,a8w8_blockscale_cktile_192x256x128_4x2x1_16x16x128_intrawave_0x1x0_4_aqrm,preflight,-1,passed,0.0,,,,
1472,768,7168,asm_0_split1,asm,0,1,_ZN5aiter42fp8gemm_bf16_blockscale_BpreShuffle_32x128E,preflight,-1,failed,0.17,outside original FP32 accumulation bounds,0,192123,7.992919921875
1472,768,7168,asm_1_split2,asm,1,2,_ZN5aiter42fp8gemm_bf16_blockscale_BpreShuffle_32x128E,preflight,-1,failed,0.2571,outside original FP32 accumulation bounds,0,290634,11.51416015625
1472,768,7168,asm_2_split3,asm,2,3,_ZN5aiter42fp8gemm_bf16_blockscale_BpreShuffle_32x128E,preflight,-1,failed,0.3051,outside original FP32 accumulation bounds,0,344870,12.4654541015625
1472,768,7168,asm_3_split4,asm,3,4,_ZN5aiter42fp8gemm_bf16_blockscale_BpreShuffle_32x128E,preflight,-1,failed,0.3369,outside original FP32 accumulation bounds,0,380845,15.3048095703125
1472,768,7168,asm_4_split5,asm,4,5,_ZN5aiter42fp8gemm_bf16_blockscale_BpreShuffle_32x128E,preflight,-1,failed,0.3612,outside original FP32 accumulation bounds,0,408276,16.0693359375
1472,768,7168,asm_5_split6,asm,5,6,_ZN5aiter42fp8gemm_bf16_blockscale_BpreShuffle_32x128E,preflight,-1,failed,0.3795,outside original FP32 accumulation bounds,0,428960,16.9326171875
1472,768,7168,asm_6_split7,asm,6,7,_ZN5aiter42fp8gemm_bf16_blockscale_BpreShuffle_32x128E,preflight,-1,failed,0.3979,outside original FP32 accumulation bounds,0,449776,15.593994140625
1472,768,7168,asm_7_split8,asm,7,8,_ZN5aiter42fp8gemm_bf16_blockscale_BpreShuffle_32x128E,preflight,-1,failed,0.4076,outside original FP32 accumulation bounds,0,460746,17.0728759765625
1472,768,7168,asm_8_split1,asm,8,1,_ZN5aiter42fp8gemm_bf16_blockscale_BpreShuffle_48x128E,preflight,-1,failed,0.17,outside original FP32 accumulation bounds,0,192123,7.992919921875
1472,768,7168,asm_9_split2,asm,9,2,_ZN5aiter42fp8gemm_bf16_blockscale_BpreShuffle_48x128E,preflight,-1,failed,0.2571,outside original FP32 accumulation bounds,0,290634,11.51416015625
1472,768,7168,asm_10_split3,asm,10,3,_ZN5aiter42fp8gemm_bf16_blockscale_BpreShuffle_48x128E,preflight,-1,failed,0.3053,outside original FP32 accumulation bounds,0,345108,12.4654541015625
1472,768,7168,asm_11_split4,asm,11,4,_ZN5aiter42fp8gemm_bf16_blockscale_BpreShuffle_48x128E,preflight,-1,failed,0.3382,outside original FP32 accumulation bounds,0,382314,18.84375
1472,768,7168,asm_12_split5,asm,12,5,_ZN5aiter42fp8gemm_bf16_blockscale_BpreShuffle_48x128E,preflight,-1,failed,0.3595,outside original FP32 accumulation bounds,0,406385,17.6619873046875
1472,768,7168,asm_13_split6,asm,13,6,_ZN5aiter42fp8gemm_bf16_blockscale_BpreShuffle_48x128E,preflight,-1,failed,0.3792,outside original FP32 accumulation bounds,0,428600,16.9326171875
1472,768,7168,asm_14_split7,asm,14,7,_ZN5aiter42fp8gemm_bf16_blockscale_BpreShuffle_48x128E,preflight,-1,failed,0.3974,outside original FP32 accumulation bounds,0,449236,14.942626953125
1472,768,7168,asm_15_split8,asm,15,8,_ZN5aiter42fp8gemm_bf16_blockscale_BpreShuffle_48x128E,preflight,-1,failed,0.4062,outside original FP32 accumulation bounds,0,459144,24.759033203125
1472,768,7168,asm_16_split1,asm,16,1,_ZN5aiter42fp8gemm_bf16_blockscale_BpreShuffle_64x128E,preflight,-1,failed,0.17,outside original FP32 accumulation bounds,0,192123,7.992919921875
1472,768,7168,asm_17_split2,asm,17,2,_ZN5aiter42fp8gemm_bf16_blockscale_BpreShuffle_64x128E,preflight,-1,failed,0.2571,outside original FP32 accumulation bounds,0,290634,11.51416015625
1472,768,7168,asm_18_split3,asm,18,3,_ZN5aiter42fp8gemm_bf16_blockscale_BpreShuffle_64x128E,preflight,-1,failed,0.3049,outside original FP32 accumulation bounds,0,344662,12.359130859375
1472,768,7168,asm_19_split4,asm,19,4,_ZN5aiter42fp8gemm_bf16_blockscale_BpreShuffle_64x128E,preflight,-1,failed,0.3374,outside original FP32 accumulation bounds,0,381334,13.8831787109375
1472,768,7168,asm_20_split5,asm,20,5,_ZN5aiter42fp8gemm_bf16_blockscale_BpreShuffle_64x128E,preflight,-1,failed,0.3605,outside original FP32 accumulation bounds,0,407542,14.944580078125
1472,768,7168,asm_21_split6,asm,21,6,_ZN5aiter42fp8gemm_bf16_blockscale_BpreShuffle_64x128E,preflight,-1,failed,0.3781,outside original FP32 accumulation bounds,0,427338,16.9326171875
1472,768,7168,asm_22_split7,asm,22,7,_ZN5aiter42fp8gemm_bf16_blockscale_BpreShuffle_64x128E,preflight,-1,failed,0.3978,outside original FP32 accumulation bounds,0,449684,15.92529296875
1472,768,7168,asm_23_split8,asm,23,8,_ZN5aiter42fp8gemm_bf16_blockscale_BpreShuffle_64x128E,preflight,-1,failed,0.4063,outside original FP32 accumulation bounds,0,459232,17.163818359375
1472,768,7168,asm_24_split1,asm,24,1,_ZN5aiter42fp8gemm_bf16_blockscale_BpreShuffle_80x128E,preflight,-1,failed,0.17,outside original FP32 accumulation bounds,0,192123,7.992919921875
1472,768,7168,asm_25_split2,asm,25,2,_ZN5aiter42fp8gemm_bf16_blockscale_BpreShuffle_80x128E,preflight,-1,failed,0.2571,outside original FP32 accumulation bounds,0,290634,11.51416015625
1472,768,7168,asm_26_split3,asm,26,3,_ZN5aiter42fp8gemm_bf16_blockscale_BpreShuffle_80x128E,preflight,-1,failed,0.3047,outside original FP32 accumulation bounds,0,344400,12.4654541015625
1472,768,7168,asm_27_split4,asm,27,4,_ZN5aiter42fp8gemm_bf16_blockscale_BpreShuffle_80x128E,preflight,-1,failed,0.3369,outside original FP32 accumulation bounds,0,380827,13.8831787109375
1472,768,7168,asm_28_split5,asm,28,5,_ZN5aiter42fp8gemm_bf16_blockscale_BpreShuffle_80x128E,preflight,-1,failed,0.3607,outside original FP32 accumulation bounds,0,407721,14.8233642578125
1472,768,7168,asm_29_split6,asm,29,6,_ZN5aiter42fp8gemm_bf16_blockscale_BpreShuffle_80x128E,preflight,-1,failed,0.3779,outside original FP32 accumulation bounds,0,427178,14.704833984375
1472,768,7168,asm_30_split7,asm,30,7,_ZN5aiter42fp8gemm_bf16_blockscale_BpreShuffle_80x128E,preflight,-1,failed,0.3971,outside original FP32 accumulation bounds,0,448831,16.4873046875
1472,768,7168,asm_31_split8,asm,31,8,_ZN5aiter42fp8gemm_bf16_blockscale_BpreShuffle_80x128E,preflight,-1,failed,0.4075,outside original FP32 accumulation bounds,0,460623,15.204345703125
1472,768,7168,asm_32_split1,asm,32,1,_ZN5aiter42fp8gemm_bf16_blockscale_BpreShuffle_96x128E,preflight,-1,failed,0.17,outside original FP32 accumulation bounds,0,192123,7.992919921875
1472,768,7168,asm_33_split2,asm,33,2,_ZN5aiter42fp8gemm_bf16_blockscale_BpreShuffle_96x128E,preflight,-1,failed,0.2571,outside original FP32 accumulation bounds,0,290634,11.51416015625
1472,768,7168,asm_34_split3,asm,34,3,_ZN5aiter42fp8gemm_bf16_blockscale_BpreShuffle_96x128E,preflight,-1,failed,0.3053,outside original FP32 accumulation bounds,0,345050,12.359130859375
1472,768,7168,asm_35_split4,asm,35,4,_ZN5aiter42fp8gemm_bf16_blockscale_BpreShuffle_96x128E,preflight,-1,failed,0.3367,outside original FP32 accumulation bounds,0,380608,12.8773193359375
1472,768,7168,asm_36_split5,asm,36,5,_ZN5aiter42fp8gemm_bf16_blockscale_BpreShuffle_96x128E,preflight,-1,failed,0.3602,outside original FP32 accumulation bounds,0,407105,15.3515625
1472,768,7168,asm_37_split6,asm,37,6,_ZN5aiter42fp8gemm_bf16_blockscale_BpreShuffle_96x128E,preflight,-1,failed,0.3767,outside original FP32 accumulation bounds,0,425814,16.9326171875
1472,768,7168,asm_38_split7,asm,38,7,_ZN5aiter42fp8gemm_bf16_blockscale_BpreShuffle_96x128E,preflight,-1,failed,0.399,outside original FP32 accumulation bounds,0,450979,18.869873046875
1472,768,7168,asm_39_split8,asm,39,8,_ZN5aiter42fp8gemm_bf16_blockscale_BpreShuffle_96x128E,preflight,-1,failed,0.4092,outside original FP32 accumulation bounds,0,462530,15.204345703125
1472,768,7168,asm_40_split1,asm,40,1,_ZN5aiter43fp8gemm_bf16_blockscale_BpreShuffle_128x128E,preflight,-1,failed,0.17,outside original FP32 accumulation bounds,0,192123,7.992919921875
1472,768,7168,asm_41_split2,asm,41,2,_ZN5aiter43fp8gemm_bf16_blockscale_BpreShuffle_128x128E,preflight,-1,failed,0.2571,outside original FP32 accumulation bounds,0,290634,11.51416015625
1472,768,7168,asm_42_split3,asm,42,3,_ZN5aiter43fp8gemm_bf16_blockscale_BpreShuffle_128x128E,preflight,-1,failed,0.3053,outside original FP32 accumulation bounds,0,345039,12.359130859375
1472,768,7168,asm_43_split4,asm,43,4,_ZN5aiter43fp8gemm_bf16_blockscale_BpreShuffle_128x128E,preflight,-1,failed,0.3367,outside original FP32 accumulation bounds,0,380572,16.0703125
1472,768,7168,asm_44_split5,asm,44,5,_ZN5aiter43fp8gemm_bf16_blockscale_BpreShuffle_128x128E,preflight,-1,failed,0.361,outside original FP32 accumulation bounds,0,407998,13.74609375
1472,768,7168,asm_45_split6,asm,45,6,_ZN5aiter43fp8gemm_bf16_blockscale_BpreShuffle_128x128E,preflight,-1,failed,0.3767,outside original FP32 accumulation bounds,0,425768,16.759033203125
1472,768,7168,asm_46_split7,asm,46,7,_ZN5aiter43fp8gemm_bf16_blockscale_BpreShuffle_128x128E,preflight,-1,failed,0.3979,outside original FP32 accumulation bounds,0,449767,14.592041015625
1472,768,7168,asm_47_split8,asm,47,8,_ZN5aiter43fp8gemm_bf16_blockscale_BpreShuffle_128x128E,preflight,-1,failed,0.4094,outside original FP32 accumulation bounds,0,462825,18.1541748046875
1472,768,7168,opus_9011,opus,9011,0,opus_gemm_gfx950_a8w8_mxscale_gemm_bpreshuffle_256x64x128x128_2x2_16x16x128_1x128x128_tiles1_nooob,preflight,-1,passed,0.0,,,,
1472,768,7168,opus_9012,opus,9012,0,opus_gemm_gfx950_a8w8_mxscale_gemm_bpreshuffle_256x64x64x128_2x2_16x16x128_1x128x128_tiles1_nooob,preflight,-1,passed,0.0,,,,
1472,768,7168,opus_9020,opus,9020,0,opus_gemm_gfx950_a8w8_mxscale_gemm_bpreshuffle_256x256x256x128_2x2_16x16x128_1x128x128_tiles1,preflight,-1,passed,0.0,,,,
1472,768,7168,ck_1_split0,ck,1,0,a8w8_blockscale_bpreshuffle_1x128x128_256x64x128x128_16x16_16x16_8x32x1_8x32x1_1x32x1x8_8_2x1_intrawave_v3,timed,0,passed,0.0,,,,
1472,768,7168,ck_2_split0,ck,2,0,a8w8_blockscale_bpreshuffle_1x128x128_256x64x64x128_16x16_16x16_8x32x1_8x32x1_1x32x1x8_8_2x1_intrawave_v3,timed,0,passed,0.0,,,,
1472,768,7168,ck_3_split0,ck,3,0,a8w8_blockscale_bpreshuffle_1x128x128_256x16x256x128_8x16_16x16_16x16x1_8x32x1_1x16x1x16_8_1x2_intrawave_v1,timed,0,passed,0.0,,,,
1472,768,7168,ck_4_split0,ck,4,0,a8w8_blockscale_bpreshuffle_1x128x128_256x16x128x128_8x16_16x16_16x16x1_8x32x1_1x16x1x16_8_1x2_intrawave_v1,timed,0,passed,0.0,,,,
1472,768,7168,ck_5_split0,ck,5,0,a8w8_blockscale_bpreshuffle_1x128x128_256x16x64x128_8x16_16x16_16x16x1_8x32x1_1x16x1x16_4_1x1_intrawave_v1,timed,0,passed,0.0,,,,
1472,768,7168,ck_6_split0,ck,6,0,a8w8_blockscale_bpreshuffle_1x128x128_256x16x128x256_16x16_16x16_16x16x1_16x16x1_1x16x1x16_8_1x2_intrawave_v1,timed,0,passed,0.0,,,,
1472,768,7168,ck_7_split0,ck,7,0,a8w8_blockscale_bpreshuffle_1x128x128_256x16x64x256_16x16_16x16_16x16x1_16x16x1_1x16x1x16_4_1x1_intrawave_v1,timed,0,passed,0.0,,,,
1472,768,7168,ck_8_split0,ck,8,0,a8w8_blockscale_bpreshuffle_1x128x128_256x32x256x128_16x16_16x16_8x32x1_8x32x1_1x32x1x8_8_2x1_intrawave_v1,timed,0,passed,0.0,,,,
1472,768,7168,ck_9_split0,ck,9,0,a8w8_blockscale_bpreshuffle_1x128x128_256x32x128x128_16x16_16x16_8x32x1_8x32x1_1x32x1x8_8_2x1_intrawave_v1,timed,0,passed,0.0,,,,
1472,768,7168,ck_10_split0,ck,10,0,a8w8_blockscale_bpreshuffle_1x128x128_256x32x64x128_16x16_16x16_8x32x1_8x32x1_1x32x1x8_8_2x1_intrawave_v1,timed,0,passed,0.0,,,,
1472,768,7168,ck_11_split0,ck,11,0,a8w8_blockscale_bpreshuffle_1x128x128_256x32x128x256_16x16_16x16_16x16x1_16x16x1_1x32x1x8_8_2x1_intrawave_v1,timed,0,passed,0.0,,,,
1472,768,7168,ck_12_split0,ck,12,0,a8w8_blockscale_bpreshuffle_1x128x128_256x32x64x256_16x16_16x16_16x16x1_16x16x1_1x32x1x8_8_2x1_intrawave_v1,timed,0,passed,0.0,,,,
1472,768,7168,ck_13_split0,ck,13,0,a8w8_blockscale_bpreshuffle_1x128x128_256x64x256x128_16x16_16x16_8x32x1_8x32x1_1x32x1x8_8_2x1_intrawave_v1,timed,0,passed,0.0,,,,
1472,768,7168,ck_14_split0,ck,14,0,a8w8_blockscale_bpreshuffle_1x128x128_256x64x128x128_16x16_16x16_8x32x1_8x32x1_1x32x1x8_8_2x1_intrawave_v1,timed,0,passed,0.0,,,,
1472,768,7168,ck_15_split0,ck,15,0,a8w8_blockscale_bpreshuffle_1x128x128_256x64x64x128_16x16_16x16_8x32x1_8x32x1_1x32x1x8_8_2x1_intrawave_v1,timed,0,passed,0.0,,,,
1472,768,7168,ck_16_split0,ck,16,0,a8w8_blockscale_bpreshuffle_1x128x128_256x64x128x256_16x16_16x16_16x16x1_16x16x1_1x32x1x8_8_2x1_intrawave_v1,timed,0,passed,0.0,,,,
1472,768,7168,ck_17_split0,ck,17,0,a8w8_blockscale_bpreshuffle_1x128x128_256x64x64x256_16x16_16x16_16x16x1_16x16x1_1x32x1x8_8_2x1_intrawave_v1,timed,0,passed,0.0,,,,
1472,768,7168,cktile_0_split0,cktile,0,0,a8w8_blockscale_cktile_16x128x256_1x4x1_16x16x128_intrawave_0x1x0_1,timed,0,passed,0.0,,,,
1472,768,7168,cktile_1_split0,cktile,1,0,a8w8_blockscale_cktile_16x128x256_1x4x1_16x16x128_intrawave_0x1x0_2,timed,0,passed,0.0,,,,
1472,768,7168,cktile_2_split0,cktile,2,0,a8w8_blockscale_cktile_16x128x256_1x4x1_16x16x64_intrawave_0x1x0_1,timed,0,passed,0.0,,,,
1472,768,7168,cktile_3_split0,cktile,3,0,a8w8_blockscale_cktile_16x128x256_1x4x1_16x16x64_intrawave_0x1x0_2,timed,0,passed,0.0,,,,
1472,768,7168,cktile_4_split0,cktile,4,0,a8w8_blockscale_cktile_32x128x128_1x4x1_16x16x128_intrawave_0x1x0_1,timed,0,passed,0.0,,,,
1472,768,7168,cktile_5_split0,cktile,5,0,a8w8_blockscale_cktile_32x128x128_1x4x1_16x16x128_intrawave_0x1x0_2,timed,0,passed,0.0,,,,
1472,768,7168,cktile_6_split0,cktile,6,0,a8w8_blockscale_cktile_32x128x128_1x4x1_16x16x64_intrawave_0x1x0_1,timed,0,passed,0.0,,,,
1472,768,7168,cktile_7_split0,cktile,7,0,a8w8_blockscale_cktile_32x128x128_1x4x1_16x16x64_intrawave_0x1x0_2,timed,0,passed,0.0,,,,
1472,768,7168,cktile_8_split0,cktile,8,0,a8w8_blockscale_cktile_128x128x128_1x4x1_16x16x128_intrawave_0x1x0_1,timed,0,passed,0.0,,,,
1472,768,7168,cktile_9_split0,cktile,9,0,a8w8_blockscale_cktile_128x128x128_1x4x1_16x16x128_intrawave_0x1x0_1,timed,0,passed,0.0,,,,
1472,768,7168,cktile_10_split0,cktile,10,0,a8w8_blockscale_cktile_128x128x128_2x2x1_16x16x128_intrawave_0x1x0_2,timed,0,passed,0.0,,,,
1472,768,7168,cktile_11_split0,cktile,11,0,a8w8_blockscale_cktile_192x256x128_4x2x1_16x16x128_intrawave_0x1x0_1,timed,0,passed,0.0,,,,
1472,768,7168,cktile_12_split0,cktile,12,0,a8w8_blockscale_cktile_192x256x128_4x2x1_16x16x128_intrawave_0x1x0_1_aqrm,timed,0,passed,0.0,,,,
1472,768,7168,cktile_13_split0,cktile,13,0,a8w8_blockscale_cktile_16x128x256_1x4x1_16x16x128_intrawave_0x1x0_3,timed,0,passed,0.0,,,,
1472,768,7168,cktile_14_split0,cktile,14,0,a8w8_blockscale_cktile_16x128x256_1x4x1_16x16x128_intrawave_0x1x0_4,timed,0,passed,0.0,,,,
1472,768,7168,cktile_15_split0,cktile,15,0,a8w8_blockscale_cktile_16x128x256_1x4x1_16x16x64_intrawave_0x1x0_3,timed,0,passed,0.0,,,,
1472,768,7168,cktile_16_split0,cktile,16,0,a8w8_blockscale_cktile_16x128x256_1x4x1_16x16x64_intrawave_0x1x0_4,timed,0,passed,0.0,,,,
1472,768,7168,cktile_17_split0,cktile,17,0,a8w8_blockscale_cktile_32x128x128_1x4x1_16x16x128_intrawave_0x1x0_3,timed,0,passed,0.0,,,,
1472,768,7168,cktile_18_split0,cktile,18,0,a8w8_blockscale_cktile_32x128x128_1x4x1_16x16x128_intrawave_0x1x0_4,timed,0,passed,0.0,,,,
1472,768,7168,cktile_19_split0,cktile,19,0,a8w8_blockscale_cktile_32x128x128_1x4x1_16x16x64_intrawave_0x1x0_3,timed,0,passed,0.0,,,,
1472,768,7168,cktile_20_split0,cktile,20,0,a8w8_blockscale_cktile_32x128x128_1x4x1_16x16x64_intrawave_0x1x0_4,timed,0,passed,0.0,,,,
1472,768,7168,cktile_21_split0,cktile,21,0,a8w8_blockscale_cktile_128x128x128_1x4x1_16x16x128_intrawave_0x1x0_2,timed,0,passed,0.0,,,,
1472,768,7168,cktile_22_split0,cktile,22,0,a8w8_blockscale_cktile_128x128x128_1x4x1_16x16x128_intrawave_0x1x0_3,timed,0,passed,0.0,,,,
1472,768,7168,cktile_23_split0,cktile,23,0,a8w8_blockscale_cktile_128x128x128_1x4x1_16x16x128_intrawave_0x1x0_4,timed,0,passed,0.0,,,,
1472,768,7168,cktile_24_split0,cktile,24,0,a8w8_blockscale_cktile_128x128x128_2x2x1_16x16x128_intrawave_0x1x0_1,timed,0,passed,0.0,,,,
1472,768,7168,cktile_25_split0,cktile,25,0,a8w8_blockscale_cktile_128x128x128_2x2x1_16x16x128_intrawave_0x1x0_3,timed,0,passed,0.0,,,,
1472,768,7168,cktile_26_split0,cktile,26,0,a8w8_blockscale_cktile_128x128x128_2x2x1_16x16x128_intrawave_0x1x0_4,timed,0,passed,0.0,,,,
1472,768,7168,cktile_27_split0,cktile,27,0,a8w8_blockscale_cktile_192x256x128_4x2x1_16x16x128_intrawave_0x1x0_2,timed,0,passed,0.0,,,,
1472,768,7168,cktile_28_split0,cktile,28,0,a8w8_blockscale_cktile_192x256x128_4x2x1_16x16x128_intrawave_0x1x0_3,timed,0,passed,0.0,,,,
1472,768,7168,cktile_29_split0,cktile,29,0,a8w8_blockscale_cktile_192x256x128_4x2x1_16x16x128_intrawave_0x1x0_4,timed,0,passed,0.0,,,,
1472,768,7168,cktile_30_split0,cktile,30,0,a8w8_blockscale_cktile_192x256x128_4x2x1_16x16x128_intrawave_0x1x0_2_aqrm,timed,0,passed,0.0,,,,
1472,768,7168,cktile_31_split0,cktile,31,0,a8w8_blockscale_cktile_192x256x128_4x2x1_16x16x128_intrawave_0x1x0_3_aqrm,timed,0,passed,0.0,,,,
1472,768,7168,cktile_32_split0,cktile,32,0,a8w8_blockscale_cktile_192x256x128_4x2x1_16x16x128_intrawave_0x1x0_4_aqrm,timed,0,passed,0.0,,,,
1472,768,7168,opus_9011,opus,9011,0,opus_gemm_gfx950_a8w8_mxscale_gemm_bpreshuffle_256x64x128x128_2x2_16x16x128_1x128x128_tiles1_nooob,timed,0,passed,0.0,,,,
1472,768,7168,opus_9012,opus,9012,0,opus_gemm_gfx950_a8w8_mxscale_gemm_bpreshuffle_256x64x64x128_2x2_16x16x128_1x128x128_tiles1_nooob,timed,0,passed,0.0,,,,
1472,768,7168,opus_9020,opus,9020,0,opus_gemm_gfx950_a8w8_mxscale_gemm_bpreshuffle_256x256x256x128_2x2_16x16x128_1x128x128_tiles1,timed,0,passed,0.0,,,,
1472,768,7168,ck_0_split0,ck,0,0,a8w8_blockscale_bpreshuffle_1x128x128_256x128x128x128_16x16_16x16_8x32x1_8x32x1_1x32x1x8_8_2x1_intrawave_v3,timed,0,passed,0.0,,,,
1472,768,7168,ck_1_split0,ck,1,0,a8w8_blockscale_bpreshuffle_1x128x128_256x64x128x128_16x16_16x16_8x32x1_8x32x1_1x32x1x8_8_2x1_intrawave_v3,timed,1,passed,0.0,,,,
1472,768,7168,ck_0_split0,ck,0,0,a8w8_blockscale_bpreshuffle_1x128x128_256x128x128x128_16x16_16x16_8x32x1_8x32x1_1x32x1x8_8_2x1_intrawave_v3,timed,1,passed,0.0,,,,
1472,768,7168,opus_9020,opus,9020,0,opus_gemm_gfx950_a8w8_mxscale_gemm_bpreshuffle_256x256x256x128_2x2_16x16x128_1x128x128_tiles1,timed,1,passed,0.0,,,,
1472,768,7168,opus_9012,opus,9012,0,opus_gemm_gfx950_a8w8_mxscale_gemm_bpreshuffle_256x64x64x128_2x2_16x16x128_1x128x128_tiles1_nooob,timed,1,passed,0.0,,,,
1472,768,7168,opus_9011,opus,9011,0,opus_gemm_gfx950_a8w8_mxscale_gemm_bpreshuffle_256x64x128x128_2x2_16x16x128_1x128x128_tiles1_nooob,timed,1,passed,0.0,,,,
1472,768,7168,cktile_32_split0,cktile,32,0,a8w8_blockscale_cktile_192x256x128_4x2x1_16x16x128_intrawave_0x1x0_4_aqrm,timed,1,passed,0.0,,,,
1472,768,7168,cktile_31_split0,cktile,31,0,a8w8_blockscale_cktile_192x256x128_4x2x1_16x16x128_intrawave_0x1x0_3_aqrm,timed,1,passed,0.0,,,,
1472,768,7168,cktile_30_split0,cktile,30,0,a8w8_blockscale_cktile_192x256x128_4x2x1_16x16x128_intrawave_0x1x0_2_aqrm,timed,1,passed,0.0,,,,
1472,768,7168,cktile_29_split0,cktile,29,0,a8w8_blockscale_cktile_192x256x128_4x2x1_16x16x128_intrawave_0x1x0_4,timed,1,passed,0.0,,,,
1472,768,7168,cktile_28_split0,cktile,28,0,a8w8_blockscale_cktile_192x256x128_4x2x1_16x16x128_intrawave_0x1x0_3,timed,1,passed,0.0,,,,
1472,768,7168,cktile_27_split0,cktile,27,0,a8w8_blockscale_cktile_192x256x128_4x2x1_16x16x128_intrawave_0x1x0_2,timed,1,passed,0.0,,,,
1472,768,7168,cktile_26_split0,cktile,26,0,a8w8_blockscale_cktile_128x128x128_2x2x1_16x16x128_intrawave_0x1x0_4,timed,1,passed,0.0,,,,
1472,768,7168,cktile_25_split0,cktile,25,0,a8w8_blockscale_cktile_128x128x128_2x2x1_16x16x128_intrawave_0x1x0_3,timed,1,passed,0.0,,,,
1472,768,7168,cktile_24_split0,cktile,24,0,a8w8_blockscale_cktile_128x128x128_2x2x1_16x16x128_intrawave_0x1x0_1,timed,1,passed,0.0,,,,
1472,768,7168,cktile_23_split0,cktile,23,0,a8w8_blockscale_cktile_128x128x128_1x4x1_16x16x128_intrawave_0x1x0_4,timed,1,passed,0.0,,,,
1472,768,7168,cktile_22_split0,cktile,22,0,a8w8_blockscale_cktile_128x128x128_1x4x1_16x16x128_intrawave_0x1x0_3,timed,1,passed,0.0,,,,
1472,768,7168,cktile_21_split0,cktile,21,0,a8w8_blockscale_cktile_128x128x128_1x4x1_16x16x128_intrawave_0x1x0_2,timed,1,passed,0.0,,,,
1472,768,7168,cktile_20_split0,cktile,20,0,a8w8_blockscale_cktile_32x128x128_1x4x1_16x16x64_intrawave_0x1x0_4,timed,1,passed,0.0,,,,
1472,768,7168,cktile_19_split0,cktile,19,0,a8w8_blockscale_cktile_32x128x128_1x4x1_16x16x64_intrawave_0x1x0_3,timed,1,passed,0.0,,,,
1472,768,7168,cktile_18_split0,cktile,18,0,a8w8_blockscale_cktile_32x128x128_1x4x1_16x16x128_intrawave_0x1x0_4,timed,1,passed,0.0,,,,
1472,768,7168,cktile_17_split0,cktile,17,0,a8w8_blockscale_cktile_32x128x128_1x4x1_16x16x128_intrawave_0x1x0_3,timed,1,passed,0.0,,,,
1472,768,7168,cktile_16_split0,cktile,16,0,a8w8_blockscale_cktile_16x128x256_1x4x1_16x16x64_intrawave_0x1x0_4,timed,1,passed,0.0,,,,
1472,768,7168,cktile_15_split0,cktile,15,0,a8w8_blockscale_cktile_16x128x256_1x4x1_16x16x64_intrawave_0x1x0_3,timed,1,passed,0.0,,,,
1472,768,7168,cktile_14_split0,cktile,14,0,a8w8_blockscale_cktile_16x128x256_1x4x1_16x16x128_intrawave_0x1x0_4,timed,1,passed,0.0,,,,
1472,768,7168,cktile_13_split0,cktile,13,0,a8w8_blockscale_cktile_16x128x256_1x4x1_16x16x128_intrawave_0x1x0_3,timed,1,passed,0.0,,,,
1472,768,7168,cktile_12_split0,cktile,12,0,a8w8_blockscale_cktile_192x256x128_4x2x1_16x16x128_intrawave_0x1x0_1_aqrm,timed,1,passed,0.0,,,,
1472,768,7168,cktile_11_split0,cktile,11,0,a8w8_blockscale_cktile_192x256x128_4x2x1_16x16x128_intrawave_0x1x0_1,timed,1,passed,0.0,,,,
1472,768,7168,cktile_10_split0,cktile,10,0,a8w8_blockscale_cktile_128x128x128_2x2x1_16x16x128_intrawave_0x1x0_2,timed,1,passed,0.0,,,,
1472,768,7168,cktile_9_split0,cktile,9,0,a8w8_blockscale_cktile_128x128x128_1x4x1_16x16x128_intrawave_0x1x0_1,timed,1,passed,0.0,,,,
1472,768,7168,cktile_8_split0,cktile,8,0,a8w8_blockscale_cktile_128x128x128_1x4x1_16x16x128_intrawave_0x1x0_1,timed,1,passed,0.0,,,,
1472,768,7168,cktile_7_split0,cktile,7,0,a8w8_blockscale_cktile_32x128x128_1x4x1_16x16x64_intrawave_0x1x0_2,timed,1,passed,0.0,,,,
1472,768,7168,cktile_6_split0,cktile,6,0,a8w8_blockscale_cktile_32x128x128_1x4x1_16x16x64_intrawave_0x1x0_1,timed,1,passed,0.0,,,,
1472,768,7168,cktile_5_split0,cktile,5,0,a8w8_blockscale_cktile_32x128x128_1x4x1_16x16x128_intrawave_0x1x0_2,timed,1,passed,0.0,,,,
1472,768,7168,cktile_4_split0,cktile,4,0,a8w8_blockscale_cktile_32x128x128_1x4x1_16x16x128_intrawave_0x1x0_1,timed,1,passed,0.0,,,,
1472,768,7168,cktile_3_split0,cktile,3,0,a8w8_blockscale_cktile_16x128x256_1x4x1_16x16x64_intrawave_0x1x0_2,timed,1,passed,0.0,,,,
1472,768,7168,cktile_2_split0,cktile,2,0,a8w8_blockscale_cktile_16x128x256_1x4x1_16x16x64_intrawave_0x1x0_1,timed,1,passed,0.0,,,,
1472,768,7168,cktile_1_split0,cktile,1,0,a8w8_blockscale_cktile_16x128x256_1x4x1_16x16x128_intrawave_0x1x0_2,timed,1,passed,0.0,,,,
1472,768,7168,cktile_0_split0,cktile,0,0,a8w8_blockscale_cktile_16x128x256_1x4x1_16x16x128_intrawave_0x1x0_1,timed,1,passed,0.0,,,,
1472,768,7168,ck_17_split0,ck,17,0,a8w8_blockscale_bpreshuffle_1x128x128_256x64x64x256_16x16_16x16_16x16x1_16x16x1_1x32x1x8_8_2x1_intrawave_v1,timed,1,passed,0.0,,,,
1472,768,7168,ck_16_split0,ck,16,0,a8w8_blockscale_bpreshuffle_1x128x128_256x64x128x256_16x16_16x16_16x16x1_16x16x1_1x32x1x8_8_2x1_intrawave_v1,timed,1,passed,0.0,,,,
1472,768,7168,ck_15_split0,ck,15,0,a8w8_blockscale_bpreshuffle_1x128x128_256x64x64x128_16x16_16x16_8x32x1_8x32x1_1x32x1x8_8_2x1_intrawave_v1,timed,1,passed,0.0,,,,
1472,768,7168,ck_14_split0,ck,14,0,a8w8_blockscale_bpreshuffle_1x128x128_256x64x128x128_16x16_16x16_8x32x1_8x32x1_1x32x1x8_8_2x1_intrawave_v1,timed,1,passed,0.0,,,,
1472,768,7168,ck_13_split0,ck,13,0,a8w8_blockscale_bpreshuffle_1x128x128_256x64x256x128_16x16_16x16_8x32x1_8x32x1_1x32x1x8_8_2x1_intrawave_v1,timed,1,passed,0.0,,,,
1472,768,7168,ck_12_split0,ck,12,0,a8w8_blockscale_bpreshuffle_1x128x128_256x32x64x256_16x16_16x16_16x16x1_16x16x1_1x32x1x8_8_2x1_intrawave_v1,timed,1,passed,0.0,,,,
1472,768,7168,ck_11_split0,ck,11,0,a8w8_blockscale_bpreshuffle_1x128x128_256x32x128x256_16x16_16x16_16x16x1_16x16x1_1x32x1x8_8_2x1_intrawave_v1,timed,1,passed,0.0,,,,
1472,768,7168,ck_10_split0,ck,10,0,a8w8_blockscale_bpreshuffle_1x128x128_256x32x64x128_16x16_16x16_8x32x1_8x32x1_1x32x1x8_8_2x1_intrawave_v1,timed,1,passed,0.0,,,,
1472,768,7168,ck_9_split0,ck,9,0,a8w8_blockscale_bpreshuffle_1x128x128_256x32x128x128_16x16_16x16_8x32x1_8x32x1_1x32x1x8_8_2x1_intrawave_v1,timed,1,passed,0.0,,,,
1472,768,7168,ck_8_split0,ck,8,0,a8w8_blockscale_bpreshuffle_1x128x128_256x32x256x128_16x16_16x16_8x32x1_8x32x1_1x32x1x8_8_2x1_intrawave_v1,timed,1,passed,0.0,,,,
1472,768,7168,ck_7_split0,ck,7,0,a8w8_blockscale_bpreshuffle_1x128x128_256x16x64x256_16x16_16x16_16x16x1_16x16x1_1x16x1x16_4_1x1_intrawave_v1,timed,1,passed,0.0,,,,
1472,768,7168,ck_6_split0,ck,6,0,a8w8_blockscale_bpreshuffle_1x128x128_256x16x128x256_16x16_16x16_16x16x1_16x16x1_1x16x1x16_8_1x2_intrawave_v1,timed,1,passed,0.0,,,,
1472,768,7168,ck_5_split0,ck,5,0,a8w8_blockscale_bpreshuffle_1x128x128_256x16x64x128_8x16_16x16_16x16x1_8x32x1_1x16x1x16_4_1x1_intrawave_v1,timed,1,passed,0.0,,,,
1472,768,7168,ck_4_split0,ck,4,0,a8w8_blockscale_bpreshuffle_1x128x128_256x16x128x128_8x16_16x16_16x16x1_8x32x1_1x16x1x16_8_1x2_intrawave_v1,timed,1,passed,0.0,,,,
1472,768,7168,ck_3_split0,ck,3,0,a8w8_blockscale_bpreshuffle_1x128x128_256x16x256x128_8x16_16x16_16x16x1_8x32x1_1x16x1x16_8_1x2_intrawave_v1,timed,1,passed,0.0,,,,
1472,768,7168,ck_2_split0,ck,2,0,a8w8_blockscale_bpreshuffle_1x128x128_256x64x64x128_16x16_16x16_8x32x1_8x32x1_1x32x1x8_8_2x1_intrawave_v3,timed,1,passed,0.0,,,,
1472,768,7168,ck_3_split0,ck,3,0,a8w8_blockscale_bpreshuffle_1x128x128_256x16x256x128_8x16_16x16_16x16x1_8x32x1_1x16x1x16_8_1x2_intrawave_v1,timed,2,passed,0.0,,,,
1472,768,7168,ck_4_split0,ck,4,0,a8w8_blockscale_bpreshuffle_1x128x128_256x16x128x128_8x16_16x16_16x16x1_8x32x1_1x16x1x16_8_1x2_intrawave_v1,timed,2,passed,0.0,,,,
1472,768,7168,ck_5_split0,ck,5,0,a8w8_blockscale_bpreshuffle_1x128x128_256x16x64x128_8x16_16x16_16x16x1_8x32x1_1x16x1x16_4_1x1_intrawave_v1,timed,2,passed,0.0,,,,
1472,768,7168,ck_6_split0,ck,6,0,a8w8_blockscale_bpreshuffle_1x128x128_256x16x128x256_16x16_16x16_16x16x1_16x16x1_1x16x1x16_8_1x2_intrawave_v1,timed,2,passed,0.0,,,,
1472,768,7168,ck_7_split0,ck,7,0,a8w8_blockscale_bpreshuffle_1x128x128_256x16x64x256_16x16_16x16_16x16x1_16x16x1_1x16x1x16_4_1x1_intrawave_v1,timed,2,passed,0.0,,,,
1472,768,7168,ck_8_split0,ck,8,0,a8w8_blockscale_bpreshuffle_1x128x128_256x32x256x128_16x16_16x16_8x32x1_8x32x1_1x32x1x8_8_2x1_intrawave_v1,timed,2,passed,0.0,,,,
1472,768,7168,ck_9_split0,ck,9,0,a8w8_blockscale_bpreshuffle_1x128x128_256x32x128x128_16x16_16x16_8x32x1_8x32x1_1x32x1x8_8_2x1_intrawave_v1,timed,2,passed,0.0,,,,
1472,768,7168,ck_10_split0,ck,10,0,a8w8_blockscale_bpreshuffle_1x128x128_256x32x64x128_16x16_16x16_8x32x1_8x32x1_1x32x1x8_8_2x1_intrawave_v1,timed,2,passed,0.0,,,,
1472,768,7168,ck_11_split0,ck,11,0,a8w8_blockscale_bpreshuffle_1x128x128_256x32x128x256_16x16_16x16_16x16x1_16x16x1_1x32x1x8_8_2x1_intrawave_v1,timed,2,passed,0.0,,,,
1472,768,7168,ck_12_split0,ck,12,0,a8w8_blockscale_bpreshuffle_1x128x128_256x32x64x256_16x16_16x16_16x16x1_16x16x1_1x32x1x8_8_2x1_intrawave_v1,timed,2,passed,0.0,,,,
1472,768,7168,ck_13_split0,ck,13,0,a8w8_blockscale_bpreshuffle_1x128x128_256x64x256x128_16x16_16x16_8x32x1_8x32x1_1x32x1x8_8_2x1_intrawave_v1,timed,2,passed,0.0,,,,
1472,768,7168,ck_14_split0,ck,14,0,a8w8_blockscale_bpreshuffle_1x128x128_256x64x128x128_16x16_16x16_8x32x1_8x32x1_1x32x1x8_8_2x1_intrawave_v1,timed,2,passed,0.0,,,,
1472,768,7168,ck_15_split0,ck,15,0,a8w8_blockscale_bpreshuffle_1x128x128_256x64x64x128_16x16_16x16_8x32x1_8x32x1_1x32x1x8_8_2x1_intrawave_v1,timed,2,passed,0.0,,,,
1472,768,7168,ck_16_split0,ck,16,0,a8w8_blockscale_bpreshuffle_1x128x128_256x64x128x256_16x16_16x16_16x16x1_16x16x1_1x32x1x8_8_2x1_intrawave_v1,timed,2,passed,0.0,,,,
1472,768,7168,ck_17_split0,ck,17,0,a8w8_blockscale_bpreshuffle_1x128x128_256x64x64x256_16x16_16x16_16x16x1_16x16x1_1x32x1x8_8_2x1_intrawave_v1,timed,2,passed,0.0,,,,
1472,768,7168,cktile_0_split0,cktile,0,0,a8w8_blockscale_cktile_16x128x256_1x4x1_16x16x128_intrawave_0x1x0_1,timed,2,passed,0.0,,,,
1472,768,7168,cktile_1_split0,cktile,1,0,a8w8_blockscale_cktile_16x128x256_1x4x1_16x16x128_intrawave_0x1x0_2,timed,2,passed,0.0,,,,
1472,768,7168,cktile_2_split0,cktile,2,0,a8w8_blockscale_cktile_16x128x256_1x4x1_16x16x64_intrawave_0x1x0_1,timed,2,passed,0.0,,,,
1472,768,7168,cktile_3_split0,cktile,3,0,a8w8_blockscale_cktile_16x128x256_1x4x1_16x16x64_intrawave_0x1x0_2,timed,2,passed,0.0,,,,
1472,768,7168,cktile_4_split0,cktile,4,0,a8w8_blockscale_cktile_32x128x128_1x4x1_16x16x128_intrawave_0x1x0_1,timed,2,passed,0.0,,,,
1472,768,7168,cktile_5_split0,cktile,5,0,a8w8_blockscale_cktile_32x128x128_1x4x1_16x16x128_intrawave_0x1x0_2,timed,2,passed,0.0,,,,
1472,768,7168,cktile_6_split0,cktile,6,0,a8w8_blockscale_cktile_32x128x128_1x4x1_16x16x64_intrawave_0x1x0_1,timed,2,passed,0.0,,,,
1472,768,7168,cktile_7_split0,cktile,7,0,a8w8_blockscale_cktile_32x128x128_1x4x1_16x16x64_intrawave_0x1x0_2,timed,2,passed,0.0,,,,
1472,768,7168,cktile_8_split0,cktile,8,0,a8w8_blockscale_cktile_128x128x128_1x4x1_16x16x128_intrawave_0x1x0_1,timed,2,passed,0.0,,,,
1472,768,7168,cktile_9_split0,cktile,9,0,a8w8_blockscale_cktile_128x128x128_1x4x1_16x16x128_intrawave_0x1x0_1,timed,2,passed,0.0,,,,
1472,768,7168,cktile_10_split0,cktile,10,0,a8w8_blockscale_cktile_128x128x128_2x2x1_16x16x128_intrawave_0x1x0_2,timed,2,passed,0.0,,,,
1472,768,7168,cktile_11_split0,cktile,11,0,a8w8_blockscale_cktile_192x256x128_4x2x1_16x16x128_intrawave_0x1x0_1,timed,2,passed,0.0,,,,
1472,768,7168,cktile_12_split0,cktile,12,0,a8w8_blockscale_cktile_192x256x128_4x2x1_16x16x128_intrawave_0x1x0_1_aqrm,timed,2,passed,0.0,,,,
1472,768,7168,cktile_13_split0,cktile,13,0,a8w8_blockscale_cktile_16x128x256_1x4x1_16x16x128_intrawave_0x1x0_3,timed,2,passed,0.0,,,,
1472,768,7168,cktile_14_split0,cktile,14,0,a8w8_blockscale_cktile_16x128x256_1x4x1_16x16x128_intrawave_0x1x0_4,timed,2,passed,0.0,,,,
1472,768,7168,cktile_15_split0,cktile,15,0,a8w8_blockscale_cktile_16x128x256_1x4x1_16x16x64_intrawave_0x1x0_3,timed,2,passed,0.0,,,,
1472,768,7168,cktile_16_split0,cktile,16,0,a8w8_blockscale_cktile_16x128x256_1x4x1_16x16x64_intrawave_0x1x0_4,timed,2,passed,0.0,,,,
1472,768,7168,cktile_17_split0,cktile,17,0,a8w8_blockscale_cktile_32x128x128_1x4x1_16x16x128_intrawave_0x1x0_3,timed,2,passed,0.0,,,,
1472,768,7168,cktile_18_split0,cktile,18,0,a8w8_blockscale_cktile_32x128x128_1x4x1_16x16x128_intrawave_0x1x0_4,timed,2,passed,0.0,,,,
1472,768,7168,cktile_19_split0,cktile,19,0,a8w8_blockscale_cktile_32x128x128_1x4x1_16x16x64_intrawave_0x1x0_3,timed,2,passed,0.0,,,,
1472,768,7168,cktile_20_split0,cktile,20,0,a8w8_blockscale_cktile_32x128x128_1x4x1_16x16x64_intrawave_0x1x0_4,timed,2,passed,0.0,,,,
1472,768,7168,cktile_21_split0,cktile,21,0,a8w8_blockscale_cktile_128x128x128_1x4x1_16x16x128_intrawave_0x1x0_2,timed,2,passed,0.0,,,,
1472,768,7168,cktile_22_split0,cktile,22,0,a8w8_blockscale_cktile_128x128x128_1x4x1_16x16x128_intrawave_0x1x0_3,timed,2,passed,0.0,,,,
1472,768,7168,cktile_23_split0,cktile,23,0,a8w8_blockscale_cktile_128x128x128_1x4x1_16x16x128_intrawave_0x1x0_4,timed,2,passed,0.0,,,,
1472,768,7168,cktile_24_split0,cktile,24,0,a8w8_blockscale_cktile_128x128x128_2x2x1_16x16x128_intrawave_0x1x0_1,timed,2,passed,0.0,,,,
1472,768,7168,cktile_25_split0,cktile,25,0,a8w8_blockscale_cktile_128x128x128_2x2x1_16x16x128_intrawave_0x1x0_3,timed,2,passed,0.0,,,,
1472,768,7168,cktile_26_split0,cktile,26,0,a8w8_blockscale_cktile_128x128x128_2x2x1_16x16x128_intrawave_0x1x0_4,timed,2,passed,0.0,,,,
1472,768,7168,cktile_27_split0,cktile,27,0,a8w8_blockscale_cktile_192x256x128_4x2x1_16x16x128_intrawave_0x1x0_2,timed,2,passed,0.0,,,,
1472,768,7168,cktile_28_split0,cktile,28,0,a8w8_blockscale_cktile_192x256x128_4x2x1_16x16x128_intrawave_0x1x0_3,timed,2,passed,0.0,,,,
1472,768,7168,cktile_29_split0,cktile,29,0,a8w8_blockscale_cktile_192x256x128_4x2x1_16x16x128_intrawave_0x1x0_4,timed,2,passed,0.0,,,,
1472,768,7168,cktile_30_split0,cktile,30,0,a8w8_blockscale_cktile_192x256x128_4x2x1_16x16x128_intrawave_0x1x0_2_aqrm,timed,2,passed,0.0,,,,
1472,768,7168,cktile_31_split0,cktile,31,0,a8w8_blockscale_cktile_192x256x128_4x2x1_16x16x128_intrawave_0x1x0_3_aqrm,timed,2,passed,0.0,,,,
1472,768,7168,cktile_32_split0,cktile,32,0,a8w8_blockscale_cktile_192x256x128_4x2x1_16x16x128_intrawave_0x1x0_4_aqrm,timed,2,passed,0.0,,,,
1472,768,7168,opus_9011,opus,9011,0,opus_gemm_gfx950_a8w8_mxscale_gemm_bpreshuffle_256x64x128x128_2x2_16x16x128_1x128x128_tiles1_nooob,timed,2,passed,0.0,,,,
1472,768,7168,opus_9012,opus,9012,0,opus_gemm_gfx950_a8w8_mxscale_gemm_bpreshuffle_256x64x64x128_2x2_16x16x128_1x128x128_tiles1_nooob,timed,2,passed,0.0,,,,
1472,768,7168,opus_9020,opus,9020,0,opus_gemm_gfx950_a8w8_mxscale_gemm_bpreshuffle_256x256x256x128_2x2_16x16x128_1x128x128_tiles1,timed,2,passed,0.0,,,,
1472,768,7168,ck_0_split0,ck,0,0,a8w8_blockscale_bpreshuffle_1x128x128_256x128x128x128_16x16_16x16_8x32x1_8x32x1_1x32x1x8_8_2x1_intrawave_v3,timed,2,passed,0.0,,,,
1472,768,7168,ck_1_split0,ck,1,0,a8w8_blockscale_bpreshuffle_1x128x128_256x64x128x128_16x16_16x16_8x32x1_8x32x1_1x32x1x8_8_2x1_intrawave_v3,timed,2,passed,0.0,,,,
1472,768,7168,ck_2_split0,ck,2,0,a8w8_blockscale_bpreshuffle_1x128x128_256x64x64x128_16x16_16x16_8x32x1_8x32x1_1x32x1x8_8_2x1_intrawave_v3,timed,2,passed,0.0,,,,
1728,768,7168,ck_0_split0,ck,0,0,a8w8_blockscale_bpreshuffle_1x128x128_256x128x128x128_16x16_16x16_8x32x1_8x32x1_1x32x1x8_8_2x1_intrawave_v3,preflight,-1,passed,0.0,,,,
1728,768,7168,ck_1_split0,ck,1,0,a8w8_blockscale_bpreshuffle_1x128x128_256x64x128x128_16x16_16x16_8x32x1_8x32x1_1x32x1x8_8_2x1_intrawave_v3,preflight,-1,passed,0.0,,,,
1728,768,7168,ck_2_split0,ck,2,0,a8w8_blockscale_bpreshuffle_1x128x128_256x64x64x128_16x16_16x16_8x32x1_8x32x1_1x32x1x8_8_2x1_intrawave_v3,preflight,-1,passed,0.0,,,,
1728,768,7168,ck_3_split0,ck,3,0,a8w8_blockscale_bpreshuffle_1x128x128_256x16x256x128_8x16_16x16_16x16x1_8x32x1_1x16x1x16_8_1x2_intrawave_v1,preflight,-1,passed,0.0,,,,
1728,768,7168,ck_4_split0,ck,4,0,a8w8_blockscale_bpreshuffle_1x128x128_256x16x128x128_8x16_16x16_16x16x1_8x32x1_1x16x1x16_8_1x2_intrawave_v1,preflight,-1,passed,0.0,,,,
1728,768,7168,ck_5_split0,ck,5,0,a8w8_blockscale_bpreshuffle_1x128x128_256x16x64x128_8x16_16x16_16x16x1_8x32x1_1x16x1x16_4_1x1_intrawave_v1,preflight,-1,passed,0.0,,,,
1728,768,7168,ck_6_split0,ck,6,0,a8w8_blockscale_bpreshuffle_1x128x128_256x16x128x256_16x16_16x16_16x16x1_16x16x1_1x16x1x16_8_1x2_intrawave_v1,preflight,-1,passed,0.0,,,,
1728,768,7168,ck_7_split0,ck,7,0,a8w8_blockscale_bpreshuffle_1x128x128_256x16x64x256_16x16_16x16_16x16x1_16x16x1_1x16x1x16_4_1x1_intrawave_v1,preflight,-1,passed,0.0,,,,
1728,768,7168,ck_8_split0,ck,8,0,a8w8_blockscale_bpreshuffle_1x128x128_256x32x256x128_16x16_16x16_8x32x1_8x32x1_1x32x1x8_8_2x1_intrawave_v1,preflight,-1,passed,0.0,,,,
1728,768,7168,ck_9_split0,ck,9,0,a8w8_blockscale_bpreshuffle_1x128x128_256x32x128x128_16x16_16x16_8x32x1_8x32x1_1x32x1x8_8_2x1_intrawave_v1,preflight,-1,passed,0.0,,,,
1728,768,7168,ck_10_split0,ck,10,0,a8w8_blockscale_bpreshuffle_1x128x128_256x32x64x128_16x16_16x16_8x32x1_8x32x1_1x32x1x8_8_2x1_intrawave_v1,preflight,-1,passed,0.0,,,,
1728,768,7168,ck_11_split0,ck,11,0,a8w8_blockscale_bpreshuffle_1x128x128_256x32x128x256_16x16_16x16_16x16x1_16x16x1_1x32x1x8_8_2x1_intrawave_v1,preflight,-1,passed,0.0,,,,
1728,768,7168,ck_12_split0,ck,12,0,a8w8_blockscale_bpreshuffle_1x128x128_256x32x64x256_16x16_16x16_16x16x1_16x16x1_1x32x1x8_8_2x1_intrawave_v1,preflight,-1,passed,0.0,,,,
1728,768,7168,ck_13_split0,ck,13,0,a8w8_blockscale_bpreshuffle_1x128x128_256x64x256x128_16x16_16x16_8x32x1_8x32x1_1x32x1x8_8_2x1_intrawave_v1,preflight,-1,passed,0.0,,,,
1728,768,7168,ck_14_split0,ck,14,0,a8w8_blockscale_bpreshuffle_1x128x128_256x64x128x128_16x16_16x16_8x32x1_8x32x1_1x32x1x8_8_2x1_intrawave_v1,preflight,-1,passed,0.0,,,,
1728,768,7168,ck_15_split0,ck,15,0,a8w8_blockscale_bpreshuffle_1x128x128_256x64x64x128_16x16_16x16_8x32x1_8x32x1_1x32x1x8_8_2x1_intrawave_v1,preflight,-1,passed,0.0,,,,
1728,768,7168,ck_16_split0,ck,16,0,a8w8_blockscale_bpreshuffle_1x128x128_256x64x128x256_16x16_16x16_16x16x1_16x16x1_1x32x1x8_8_2x1_intrawave_v1,preflight,-1,passed,0.0,,,,
1728,768,7168,ck_17_split0,ck,17,0,a8w8_blockscale_bpreshuffle_1x128x128_256x64x64x256_16x16_16x16_16x16x1_16x16x1_1x32x1x8_8_2x1_intrawave_v1,preflight,-1,passed,0.0,,,,
1728,768,7168,cktile_0_split0,cktile,0,0,a8w8_blockscale_cktile_16x128x256_1x4x1_16x16x128_intrawave_0x1x0_1,preflight,-1,passed,0.0,,,,
1728,768,7168,cktile_1_split0,cktile,1,0,a8w8_blockscale_cktile_16x128x256_1x4x1_16x16x128_intrawave_0x1x0_2,preflight,-1,passed,0.0,,,,
1728,768,7168,cktile_2_split0,cktile,2,0,a8w8_blockscale_cktile_16x128x256_1x4x1_16x16x64_intrawave_0x1x0_1,preflight,-1,passed,0.0,,,,
1728,768,7168,cktile_3_split0,cktile,3,0,a8w8_blockscale_cktile_16x128x256_1x4x1_16x16x64_intrawave_0x1x0_2,preflight,-1,passed,0.0,,,,
1728,768,7168,cktile_4_split0,cktile,4,0,a8w8_blockscale_cktile_32x128x128_1x4x1_16x16x128_intrawave_0x1x0_1,preflight,-1,passed,0.0,,,,
1728,768,7168,cktile_5_split0,cktile,5,0,a8w8_blockscale_cktile_32x128x128_1x4x1_16x16x128_intrawave_0x1x0_2,preflight,-1,passed,0.0,,,,
1728,768,7168,cktile_6_split0,cktile,6,0,a8w8_blockscale_cktile_32x128x128_1x4x1_16x16x64_intrawave_0x1x0_1,preflight,-1,passed,0.0,,,,
1728,768,7168,cktile_7_split0,cktile,7,0,a8w8_blockscale_cktile_32x128x128_1x4x1_16x16x64_intrawave_0x1x0_2,preflight,-1,passed,0.0,,,,
1728,768,7168,cktile_8_split0,cktile,8,0,a8w8_blockscale_cktile_128x128x128_1x4x1_16x16x128_intrawave_0x1x0_1,preflight,-1,passed,0.0,,,,
1728,768,7168,cktile_9_split0,cktile,9,0,a8w8_blockscale_cktile_128x128x128_1x4x1_16x16x128_intrawave_0x1x0_1,preflight,-1,passed,0.0,,,,
1728,768,7168,cktile_10_split0,cktile,10,0,a8w8_blockscale_cktile_128x128x128_2x2x1_16x16x128_intrawave_0x1x0_2,preflight,-1,passed,0.0,,,,
1728,768,7168,cktile_11_split0,cktile,11,0,a8w8_blockscale_cktile_192x256x128_4x2x1_16x16x128_intrawave_0x1x0_1,preflight,-1,passed,0.0,,,,
1728,768,7168,cktile_12_split0,cktile,12,0,a8w8_blockscale_cktile_192x256x128_4x2x1_16x16x128_intrawave_0x1x0_1_aqrm,preflight,-1,passed,0.0,,,,
1728,768,7168,cktile_13_split0,cktile,13,0,a8w8_blockscale_cktile_16x128x256_1x4x1_16x16x128_intrawave_0x1x0_3,preflight,-1,passed,0.0,,,,
1728,768,7168,cktile_14_split0,cktile,14,0,a8w8_blockscale_cktile_16x128x256_1x4x1_16x16x128_intrawave_0x1x0_4,preflight,-1,passed,0.0,,,,
1728,768,7168,cktile_15_split0,cktile,15,0,a8w8_blockscale_cktile_16x128x256_1x4x1_16x16x64_intrawave_0x1x0_3,preflight,-1,passed,0.0,,,,
1728,768,7168,cktile_16_split0,cktile,16,0,a8w8_blockscale_cktile_16x128x256_1x4x1_16x16x64_intrawave_0x1x0_4,preflight,-1,passed,0.0,,,,
1728,768,7168,cktile_17_split0,cktile,17,0,a8w8_blockscale_cktile_32x128x128_1x4x1_16x16x128_intrawave_0x1x0_3,preflight,-1,passed,0.0,,,,
1728,768,7168,cktile_18_split0,cktile,18,0,a8w8_blockscale_cktile_32x128x128_1x4x1_16x16x128_intrawave_0x1x0_4,preflight,-1,passed,0.0,,,,
1728,768,7168,cktile_19_split0,cktile,19,0,a8w8_blockscale_cktile_32x128x128_1x4x1_16x16x64_intrawave_0x1x0_3,preflight,-1,passed,0.0,,,,
1728,768,7168,cktile_20_split0,cktile,20,0,a8w8_blockscale_cktile_32x128x128_1x4x1_16x16x64_intrawave_0x1x0_4,preflight,-1,passed,0.0,,,,
1728,768,7168,cktile_21_split0,cktile,21,0,a8w8_blockscale_cktile_128x128x128_1x4x1_16x16x128_intrawave_0x1x0_2,preflight,-1,passed,0.0,,,,
1728,768,7168,cktile_22_split0,cktile,22,0,a8w8_blockscale_cktile_128x128x128_1x4x1_16x16x128_intrawave_0x1x0_3,preflight,-1,passed,0.0,,,,
1728,768,7168,cktile_23_split0,cktile,23,0,a8w8_blockscale_cktile_128x128x128_1x4x1_16x16x128_intrawave_0x1x0_4,preflight,-1,passed,0.0,,,,
1728,768,7168,cktile_24_split0,cktile,24,0,a8w8_blockscale_cktile_128x128x128_2x2x1_16x16x128_intrawave_0x1x0_1,preflight,-1,passed,0.0,,,,
1728,768,7168,cktile_25_split0,cktile,25,0,a8w8_blockscale_cktile_128x128x128_2x2x1_16x16x128_intrawave_0x1x0_3,preflight,-1,passed,0.0,,,,
1728,768,7168,cktile_26_split0,cktile,26,0,a8w8_blockscale_cktile_128x128x128_2x2x1_16x16x128_intrawave_0x1x0_4,preflight,-1,passed,0.0,,,,
1728,768,7168,cktile_27_split0,cktile,27,0,a8w8_blockscale_cktile_192x256x128_4x2x1_16x16x128_intrawave_0x1x0_2,preflight,-1,passed,0.0,,,,
1728,768,7168,cktile_28_split0,cktile,28,0,a8w8_blockscale_cktile_192x256x128_4x2x1_16x16x128_intrawave_0x1x0_3,preflight,-1,passed,0.0,,,,
1728,768,7168,cktile_29_split0,cktile,29,0,a8w8_blockscale_cktile_192x256x128_4x2x1_16x16x128_intrawave_0x1x0_4,preflight,-1,passed,0.0,,,,
1728,768,7168,cktile_30_split0,cktile,30,0,a8w8_blockscale_cktile_192x256x128_4x2x1_16x16x128_intrawave_0x1x0_2_aqrm,preflight,-1,passed,0.0,,,,
1728,768,7168,cktile_31_split0,cktile,31,0,a8w8_blockscale_cktile_192x256x128_4x2x1_16x16x128_intrawave_0x1x0_3_aqrm,preflight,-1,passed,0.0,,,,
1728,768,7168,cktile_32_split0,cktile,32,0,a8w8_blockscale_cktile_192x256x128_4x2x1_16x16x128_intrawave_0x1x0_4_aqrm,preflight,-1,passed,0.0,,,,
1728,768,7168,asm_0_split1,asm,0,1,_ZN5aiter42fp8gemm_bf16_blockscale_BpreShuffle_32x128E,preflight,-1,failed,0.1695,outside original FP32 accumulation bounds,0,224834,7.9964599609375
1728,768,7168,asm_1_split2,asm,1,2,_ZN5aiter42fp8gemm_bf16_blockscale_BpreShuffle_32x128E,preflight,-1,failed,0.2573,outside original FP32 accumulation bounds,0,341366,12.318115234375
1728,768,7168,asm_2_split3,asm,2,3,_ZN5aiter42fp8gemm_bf16_blockscale_BpreShuffle_32x128E,preflight,-1,failed,0.3046,outside original FP32 accumulation bounds,0,404161,14.61572265625
1728,768,7168,asm_3_split4,asm,3,4,_ZN5aiter42fp8gemm_bf16_blockscale_BpreShuffle_32x128E,preflight,-1,failed,0.3355,outside original FP32 accumulation bounds,0,445234,14.3614501953125
1728,768,7168,asm_4_split5,asm,4,5,_ZN5aiter42fp8gemm_bf16_blockscale_BpreShuffle_32x128E,preflight,-1,failed,0.3602,outside original FP32 accumulation bounds,0,478021,13.48779296875
1728,768,7168,asm_5_split6,asm,5,6,_ZN5aiter42fp8gemm_bf16_blockscale_BpreShuffle_32x128E,preflight,-1,failed,0.3791,outside original FP32 accumulation bounds,0,503001,15.5230712890625
1728,768,7168,asm_6_split7,asm,6,7,_ZN5aiter42fp8gemm_bf16_blockscale_BpreShuffle_32x128E,preflight,-1,failed,0.3963,outside original FP32 accumulation bounds,0,525931,17.4940185546875
1728,768,7168,asm_7_split8,asm,7,8,_ZN5aiter42fp8gemm_bf16_blockscale_BpreShuffle_32x128E,preflight,-1,failed,0.4096,outside original FP32 accumulation bounds,0,543505,17.6763916015625
1728,768,7168,asm_8_split1,asm,8,1,_ZN5aiter42fp8gemm_bf16_blockscale_BpreShuffle_48x128E,preflight,-1,failed,0.1695,outside original FP32 accumulation bounds,0,224834,7.9964599609375
1728,768,7168,asm_9_split2,asm,9,2,_ZN5aiter42fp8gemm_bf16_blockscale_BpreShuffle_48x128E,preflight,-1,failed,0.2573,outside original FP32 accumulation bounds,0,341366,12.318115234375
1728,768,7168,asm_10_split3,asm,10,3,_ZN5aiter42fp8gemm_bf16_blockscale_BpreShuffle_48x128E,preflight,-1,failed,0.3044,outside original FP32 accumulation bounds,0,403857,14.61572265625
1728,768,7168,asm_11_split4,asm,11,4,_ZN5aiter42fp8gemm_bf16_blockscale_BpreShuffle_48x128E,preflight,-1,failed,0.3377,outside original FP32 accumulation bounds,0,448072,14.3887939453125
1728,768,7168,asm_12_split5,asm,12,5,_ZN5aiter42fp8gemm_bf16_blockscale_BpreShuffle_48x128E,preflight,-1,failed,0.3607,outside original FP32 accumulation bounds,0,478579,16.4383544921875
1728,768,7168,asm_13_split6,asm,13,6,_ZN5aiter42fp8gemm_bf16_blockscale_BpreShuffle_48x128E,preflight,-1,failed,0.3785,outside original FP32 accumulation bounds,0,502226,15.5230712890625
1728,768,7168,asm_14_split7,asm,14,7,_ZN5aiter42fp8gemm_bf16_blockscale_BpreShuffle_48x128E,preflight,-1,failed,0.3962,outside original FP32 accumulation bounds,0,525785,18.851806640625
1728,768,7168,asm_15_split8,asm,15,8,_ZN5aiter42fp8gemm_bf16_blockscale_BpreShuffle_48x128E,preflight,-1,failed,0.4099,outside original FP32 accumulation bounds,0,543869,20.503662109375
1728,768,7168,asm_16_split1,asm,16,1,_ZN5aiter42fp8gemm_bf16_blockscale_BpreShuffle_64x128E,preflight,-1,failed,0.1695,outside original FP32 accumulation bounds,0,224834,7.9964599609375
1728,768,7168,asm_17_split2,asm,17,2,_ZN5aiter42fp8gemm_bf16_blockscale_BpreShuffle_64x128E,preflight,-1,failed,0.2573,outside original FP32 accumulation bounds,0,341366,12.318115234375
1728,768,7168,asm_18_split3,asm,18,3,_ZN5aiter42fp8gemm_bf16_blockscale_BpreShuffle_64x128E,preflight,-1,failed,0.305,outside original FP32 accumulation bounds,0,404744,14.7071533203125
1728,768,7168,asm_19_split4,asm,19,4,_ZN5aiter42fp8gemm_bf16_blockscale_BpreShuffle_64x128E,preflight,-1,failed,0.3369,outside original FP32 accumulation bounds,0,447026,13.597412109375
1728,768,7168,asm_20_split5,asm,20,5,_ZN5aiter42fp8gemm_bf16_blockscale_BpreShuffle_64x128E,preflight,-1,failed,0.3595,outside original FP32 accumulation bounds,0,477034,14.3681640625
1728,768,7168,asm_21_split6,asm,21,6,_ZN5aiter42fp8gemm_bf16_blockscale_BpreShuffle_64x128E,preflight,-1,failed,0.377,outside original FP32 accumulation bounds,0,500263,14.2744140625
1728,768,7168,asm_22_split7,asm,22,7,_ZN5aiter42fp8gemm_bf16_blockscale_BpreShuffle_64x128E,preflight,-1,failed,0.3964,outside original FP32 accumulation bounds,0,525996,22.0386962890625
1728,768,7168,asm_23_split8,asm,23,8,_ZN5aiter42fp8gemm_bf16_blockscale_BpreShuffle_64x128E,preflight,-1,failed,0.4129,outside original FP32 accumulation bounds,0,547893,19.403564453125
1728,768,7168,asm_24_split1,asm,24,1,_ZN5aiter42fp8gemm_bf16_blockscale_BpreShuffle_80x128E,preflight,-1,failed,0.1695,outside original FP32 accumulation bounds,0,224834,7.9964599609375
1728,768,7168,asm_25_split2,asm,25,2,_ZN5aiter42fp8gemm_bf16_blockscale_BpreShuffle_80x128E,preflight,-1,failed,0.2573,outside original FP32 accumulation bounds,0,341366,12.318115234375
1728,768,7168,asm_26_split3,asm,26,3,_ZN5aiter42fp8gemm_bf16_blockscale_BpreShuffle_80x128E,preflight,-1,failed,0.305,outside original FP32 accumulation bounds,0,404679,14.7071533203125
1728,768,7168,asm_27_split4,asm,27,4,_ZN5aiter42fp8gemm_bf16_blockscale_BpreShuffle_80x128E,preflight,-1,failed,0.3367,outside original FP32 accumulation bounds,0,446794,13.845458984375
1728,768,7168,asm_28_split5,asm,28,5,_ZN5aiter42fp8gemm_bf16_blockscale_BpreShuffle_80x128E,preflight,-1,failed,0.3595,outside original FP32 accumulation bounds,0,476986,16.4383544921875
1728,768,7168,asm_29_split6,asm,29,6,_ZN5aiter42fp8gemm_bf16_blockscale_BpreShuffle_80x128E,preflight,-1,failed,0.3779,outside original FP32 accumulation bounds,0,501405,14.721923828125
1728,768,7168,asm_30_split7,asm,30,7,_ZN5aiter42fp8gemm_bf16_blockscale_BpreShuffle_80x128E,preflight,-1,failed,0.398,outside original FP32 accumulation bounds,0,528118,22.0386962890625
1728,768,7168,asm_31_split8,asm,31,8,_ZN5aiter42fp8gemm_bf16_blockscale_BpreShuffle_80x128E,preflight,-1,failed,0.4115,outside original FP32 accumulation bounds,0,546051,17.2410888671875
1728,768,7168,asm_32_split1,asm,32,1,_ZN5aiter42fp8gemm_bf16_blockscale_BpreShuffle_96x128E,preflight,-1,failed,0.1695,outside original FP32 accumulation bounds,0,224834,7.9964599609375
1728,768,7168,asm_33_split2,asm,33,2,_ZN5aiter42fp8gemm_bf16_blockscale_BpreShuffle_96x128E,preflight,-1,failed,0.2573,outside original FP32 accumulation bounds,0,341366,12.318115234375
1728,768,7168,asm_34_split3,asm,34,3,_ZN5aiter42fp8gemm_bf16_blockscale_BpreShuffle_96x128E,preflight,-1,failed,0.3048,outside original FP32 accumulation bounds,0,404490,14.7071533203125
1728,768,7168,asm_35_split4,asm,35,4,_ZN5aiter42fp8gemm_bf16_blockscale_BpreShuffle_96x128E,preflight,-1,failed,0.3367,outside original FP32 accumulation bounds,0,446796,13.597412109375
1728,768,7168,asm_36_split5,asm,36,5,_ZN5aiter42fp8gemm_bf16_blockscale_BpreShuffle_96x128E,preflight,-1,failed,0.3587,outside original FP32 accumulation bounds,0,475953,15.06298828125
1728,768,7168,asm_37_split6,asm,37,6,_ZN5aiter42fp8gemm_bf16_blockscale_BpreShuffle_96x128E,preflight,-1,failed,0.378,outside original FP32 accumulation bounds,0,501589,16.3192138671875
1728,768,7168,asm_38_split7,asm,38,7,_ZN5aiter42fp8gemm_bf16_blockscale_BpreShuffle_96x128E,preflight,-1,failed,0.3982,outside original FP32 accumulation bounds,0,528348,19.403564453125
1728,768,7168,asm_39_split8,asm,39,8,_ZN5aiter42fp8gemm_bf16_blockscale_BpreShuffle_96x128E,preflight,-1,failed,0.4118,outside original FP32 accumulation bounds,0,546411,16.8626708984375
1728,768,7168,asm_40_split1,asm,40,1,_ZN5aiter43fp8gemm_bf16_blockscale_BpreShuffle_128x128E,preflight,-1,failed,0.1695,outside original FP32 accumulation bounds,0,224834,7.9964599609375
1728,768,7168,asm_41_split2,asm,41,2,_ZN5aiter43fp8gemm_bf16_blockscale_BpreShuffle_128x128E,preflight,-1,failed,0.2573,outside original FP32 accumulation bounds,0,341366,12.318115234375
1728,768,7168,asm_42_split3,asm,42,3,_ZN5aiter43fp8gemm_bf16_blockscale_BpreShuffle_128x128E,preflight,-1,failed,0.3048,outside original FP32 accumulation bounds,0,404403,14.7071533203125
1728,768,7168,asm_43_split4,asm,43,4,_ZN5aiter43fp8gemm_bf16_blockscale_BpreShuffle_128x128E,preflight,-1,failed,0.336,outside original FP32 accumulation bounds,0,445784,13.597412109375
1728,768,7168,asm_44_split5,asm,44,5,_ZN5aiter43fp8gemm_bf16_blockscale_BpreShuffle_128x128E,preflight,-1,failed,0.3593,outside original FP32 accumulation bounds,0,476762,13.5924072265625
1728,768,7168,asm_45_split6,asm,45,6,_ZN5aiter43fp8gemm_bf16_blockscale_BpreShuffle_128x128E,preflight,-1,failed,0.3757,outside original FP32 accumulation bounds,0,498565,16.3192138671875
1728,768,7168,asm_46_split7,asm,46,7,_ZN5aiter43fp8gemm_bf16_blockscale_BpreShuffle_128x128E,preflight,-1,failed,0.3982,outside original FP32 accumulation bounds,0,528381,22.0386962890625
1728,768,7168,asm_47_split8,asm,47,8,_ZN5aiter43fp8gemm_bf16_blockscale_BpreShuffle_128x128E,preflight,-1,failed,0.4126,outside original FP32 accumulation bounds,0,547492,19.9608154296875
1728,768,7168,opus_9011,opus,9011,0,opus_gemm_gfx950_a8w8_mxscale_gemm_bpreshuffle_256x64x128x128_2x2_16x16x128_1x128x128_tiles1_nooob,preflight,-1,passed,0.0,,,,
1728,768,7168,opus_9012,opus,9012,0,opus_gemm_gfx950_a8w8_mxscale_gemm_bpreshuffle_256x64x64x128_2x2_16x16x128_1x128x128_tiles1_nooob,preflight,-1,passed,0.0,,,,
1728,768,7168,opus_9020,opus,9020,0,opus_gemm_gfx950_a8w8_mxscale_gemm_bpreshuffle_256x256x256x128_2x2_16x16x128_1x128x128_tiles1,preflight,-1,passed,0.0,,,,
1728,768,7168,ck_2_split0,ck,2,0,a8w8_blockscale_bpreshuffle_1x128x128_256x64x64x128_16x16_16x16_8x32x1_8x32x1_1x32x1x8_8_2x1_intrawave_v3,timed,0,passed,0.0,,,,
1728,768,7168,ck_3_split0,ck,3,0,a8w8_blockscale_bpreshuffle_1x128x128_256x16x256x128_8x16_16x16_16x16x1_8x32x1_1x16x1x16_8_1x2_intrawave_v1,timed,0,passed,0.0,,,,
1728,768,7168,ck_4_split0,ck,4,0,a8w8_blockscale_bpreshuffle_1x128x128_256x16x128x128_8x16_16x16_16x16x1_8x32x1_1x16x1x16_8_1x2_intrawave_v1,timed,0,passed,0.0,,,,
1728,768,7168,ck_5_split0,ck,5,0,a8w8_blockscale_bpreshuffle_1x128x128_256x16x64x128_8x16_16x16_16x16x1_8x32x1_1x16x1x16_4_1x1_intrawave_v1,timed,0,passed,0.0,,,,
1728,768,7168,ck_6_split0,ck,6,0,a8w8_blockscale_bpreshuffle_1x128x128_256x16x128x256_16x16_16x16_16x16x1_16x16x1_1x16x1x16_8_1x2_intrawave_v1,timed,0,passed,0.0,,,,
1728,768,7168,ck_7_split0,ck,7,0,a8w8_blockscale_bpreshuffle_1x128x128_256x16x64x256_16x16_16x16_16x16x1_16x16x1_1x16x1x16_4_1x1_intrawave_v1,timed,0,passed,0.0,,,,
1728,768,7168,ck_8_split0,ck,8,0,a8w8_blockscale_bpreshuffle_1x128x128_256x32x256x128_16x16_16x16_8x32x1_8x32x1_1x32x1x8_8_2x1_intrawave_v1,timed,0,passed,0.0,,,,
1728,768,7168,ck_9_split0,ck,9,0,a8w8_blockscale_bpreshuffle_1x128x128_256x32x128x128_16x16_16x16_8x32x1_8x32x1_1x32x1x8_8_2x1_intrawave_v1,timed,0,passed,0.0,,,,
1728,768,7168,ck_10_split0,ck,10,0,a8w8_blockscale_bpreshuffle_1x128x128_256x32x64x128_16x16_16x16_8x32x1_8x32x1_1x32x1x8_8_2x1_intrawave_v1,timed,0,passed,0.0,,,,
1728,768,7168,ck_11_split0,ck,11,0,a8w8_blockscale_bpreshuffle_1x128x128_256x32x128x256_16x16_16x16_16x16x1_16x16x1_1x32x1x8_8_2x1_intrawave_v1,timed,0,passed,0.0,,,,
1728,768,7168,ck_12_split0,ck,12,0,a8w8_blockscale_bpreshuffle_1x128x128_256x32x64x256_16x16_16x16_16x16x1_16x16x1_1x32x1x8_8_2x1_intrawave_v1,timed,0,passed,0.0,,,,
1728,768,7168,ck_13_split0,ck,13,0,a8w8_blockscale_bpreshuffle_1x128x128_256x64x256x128_16x16_16x16_8x32x1_8x32x1_1x32x1x8_8_2x1_intrawave_v1,timed,0,passed,0.0,,,,
1728,768,7168,ck_14_split0,ck,14,0,a8w8_blockscale_bpreshuffle_1x128x128_256x64x128x128_16x16_16x16_8x32x1_8x32x1_1x32x1x8_8_2x1_intrawave_v1,timed,0,passed,0.0,,,,
1728,768,7168,ck_15_split0,ck,15,0,a8w8_blockscale_bpreshuffle_1x128x128_256x64x64x128_16x16_16x16_8x32x1_8x32x1_1x32x1x8_8_2x1_intrawave_v1,timed,0,passed,0.0,,,,
1728,768,7168,ck_16_split0,ck,16,0,a8w8_blockscale_bpreshuffle_1x128x128_256x64x128x256_16x16_16x16_16x16x1_16x16x1_1x32x1x8_8_2x1_intrawave_v1,timed,0,passed,0.0,,,,
1728,768,7168,ck_17_split0,ck,17,0,a8w8_blockscale_bpreshuffle_1x128x128_256x64x64x256_16x16_16x16_16x16x1_16x16x1_1x32x1x8_8_2x1_intrawave_v1,timed,0,passed,0.0,,,,
1728,768,7168,cktile_0_split0,cktile,0,0,a8w8_blockscale_cktile_16x128x256_1x4x1_16x16x128_intrawave_0x1x0_1,timed,0,passed,0.0,,,,
1728,768,7168,cktile_1_split0,cktile,1,0,a8w8_blockscale_cktile_16x128x256_1x4x1_16x16x128_intrawave_0x1x0_2,timed,0,passed,0.0,,,,
1728,768,7168,cktile_2_split0,cktile,2,0,a8w8_blockscale_cktile_16x128x256_1x4x1_16x16x64_intrawave_0x1x0_1,timed,0,passed,0.0,,,,
1728,768,7168,cktile_3_split0,cktile,3,0,a8w8_blockscale_cktile_16x128x256_1x4x1_16x16x64_intrawave_0x1x0_2,timed,0,passed,0.0,,,,
1728,768,7168,cktile_4_split0,cktile,4,0,a8w8_blockscale_cktile_32x128x128_1x4x1_16x16x128_intrawave_0x1x0_1,timed,0,passed,0.0,,,,
1728,768,7168,cktile_5_split0,cktile,5,0,a8w8_blockscale_cktile_32x128x128_1x4x1_16x16x128_intrawave_0x1x0_2,timed,0,passed,0.0,,,,
1728,768,7168,cktile_6_split0,cktile,6,0,a8w8_blockscale_cktile_32x128x128_1x4x1_16x16x64_intrawave_0x1x0_1,timed,0,passed,0.0,,,,
1728,768,7168,cktile_7_split0,cktile,7,0,a8w8_blockscale_cktile_32x128x128_1x4x1_16x16x64_intrawave_0x1x0_2,timed,0,passed,0.0,,,,
1728,768,7168,cktile_8_split0,cktile,8,0,a8w8_blockscale_cktile_128x128x128_1x4x1_16x16x128_intrawave_0x1x0_1,timed,0,passed,0.0,,,,
1728,768,7168,cktile_9_split0,cktile,9,0,a8w8_blockscale_cktile_128x128x128_1x4x1_16x16x128_intrawave_0x1x0_1,timed,0,passed,0.0,,,,
1728,768,7168,cktile_10_split0,cktile,10,0,a8w8_blockscale_cktile_128x128x128_2x2x1_16x16x128_intrawave_0x1x0_2,timed,0,passed,0.0,,,,
1728,768,7168,cktile_11_split0,cktile,11,0,a8w8_blockscale_cktile_192x256x128_4x2x1_16x16x128_intrawave_0x1x0_1,timed,0,passed,0.0,,,,
1728,768,7168,cktile_12_split0,cktile,12,0,a8w8_blockscale_cktile_192x256x128_4x2x1_16x16x128_intrawave_0x1x0_1_aqrm,timed,0,passed,0.0,,,,
1728,768,7168,cktile_13_split0,cktile,13,0,a8w8_blockscale_cktile_16x128x256_1x4x1_16x16x128_intrawave_0x1x0_3,timed,0,passed,0.0,,,,
1728,768,7168,cktile_14_split0,cktile,14,0,a8w8_blockscale_cktile_16x128x256_1x4x1_16x16x128_intrawave_0x1x0_4,timed,0,passed,0.0,,,,
1728,768,7168,cktile_15_split0,cktile,15,0,a8w8_blockscale_cktile_16x128x256_1x4x1_16x16x64_intrawave_0x1x0_3,timed,0,passed,0.0,,,,
1728,768,7168,cktile_16_split0,cktile,16,0,a8w8_blockscale_cktile_16x128x256_1x4x1_16x16x64_intrawave_0x1x0_4,timed,0,passed,0.0,,,,
1728,768,7168,cktile_17_split0,cktile,17,0,a8w8_blockscale_cktile_32x128x128_1x4x1_16x16x128_intrawave_0x1x0_3,timed,0,passed,0.0,,,,
1728,768,7168,cktile_18_split0,cktile,18,0,a8w8_blockscale_cktile_32x128x128_1x4x1_16x16x128_intrawave_0x1x0_4,timed,0,passed,0.0,,,,
1728,768,7168,cktile_19_split0,cktile,19,0,a8w8_blockscale_cktile_32x128x128_1x4x1_16x16x64_intrawave_0x1x0_3,timed,0,passed,0.0,,,,
1728,768,7168,cktile_20_split0,cktile,20,0,a8w8_blockscale_cktile_32x128x128_1x4x1_16x16x64_intrawave_0x1x0_4,timed,0,passed,0.0,,,,
1728,768,7168,cktile_21_split0,cktile,21,0,a8w8_blockscale_cktile_128x128x128_1x4x1_16x16x128_intrawave_0x1x0_2,timed,0,passed,0.0,,,,
1728,768,7168,cktile_22_split0,cktile,22,0,a8w8_blockscale_cktile_128x128x128_1x4x1_16x16x128_intrawave_0x1x0_3,timed,0,passed,0.0,,,,
1728,768,7168,cktile_23_split0,cktile,23,0,a8w8_blockscale_cktile_128x128x128_1x4x1_16x16x128_intrawave_0x1x0_4,timed,0,passed,0.0,,,,
1728,768,7168,cktile_24_split0,cktile,24,0,a8w8_blockscale_cktile_128x128x128_2x2x1_16x16x128_intrawave_0x1x0_1,timed,0,passed,0.0,,,,
1728,768,7168,cktile_25_split0,cktile,25,0,a8w8_blockscale_cktile_128x128x128_2x2x1_16x16x128_intrawave_0x1x0_3,timed,0,passed,0.0,,,,
1728,768,7168,cktile_26_split0,cktile,26,0,a8w8_blockscale_cktile_128x128x128_2x2x1_16x16x128_intrawave_0x1x0_4,timed,0,passed,0.0,,,,
1728,768,7168,cktile_27_split0,cktile,27,0,a8w8_blockscale_cktile_192x256x128_4x2x1_16x16x128_intrawave_0x1x0_2,timed,0,passed,0.0,,,,
1728,768,7168,cktile_28_split0,cktile,28,0,a8w8_blockscale_cktile_192x256x128_4x2x1_16x16x128_intrawave_0x1x0_3,timed,0,passed,0.0,,,,
1728,768,7168,cktile_29_split0,cktile,29,0,a8w8_blockscale_cktile_192x256x128_4x2x1_16x16x128_intrawave_0x1x0_4,timed,0,passed,0.0,,,,
1728,768,7168,cktile_30_split0,cktile,30,0,a8w8_blockscale_cktile_192x256x128_4x2x1_16x16x128_intrawave_0x1x0_2_aqrm,timed,0,passed,0.0,,,,
1728,768,7168,cktile_31_split0,cktile,31,0,a8w8_blockscale_cktile_192x256x128_4x2x1_16x16x128_intrawave_0x1x0_3_aqrm,timed,0,passed,0.0,,,,
1728,768,7168,cktile_32_split0,cktile,32,0,a8w8_blockscale_cktile_192x256x128_4x2x1_16x16x128_intrawave_0x1x0_4_aqrm,timed,0,passed,0.0,,,,
1728,768,7168,opus_9011,opus,9011,0,opus_gemm_gfx950_a8w8_mxscale_gemm_bpreshuffle_256x64x128x128_2x2_16x16x128_1x128x128_tiles1_nooob,timed,0,passed,0.0,,,,
1728,768,7168,opus_9012,opus,9012,0,opus_gemm_gfx950_a8w8_mxscale_gemm_bpreshuffle_256x64x64x128_2x2_16x16x128_1x128x128_tiles1_nooob,timed,0,passed,0.0,,,,
1728,768,7168,opus_9020,opus,9020,0,opus_gemm_gfx950_a8w8_mxscale_gemm_bpreshuffle_256x256x256x128_2x2_16x16x128_1x128x128_tiles1,timed,0,passed,0.0,,,,
1728,768,7168,ck_0_split0,ck,0,0,a8w8_blockscale_bpreshuffle_1x128x128_256x128x128x128_16x16_16x16_8x32x1_8x32x1_1x32x1x8_8_2x1_intrawave_v3,timed,0,passed,0.0,,,,
1728,768,7168,ck_1_split0,ck,1,0,a8w8_blockscale_bpreshuffle_1x128x128_256x64x128x128_16x16_16x16_8x32x1_8x32x1_1x32x1x8_8_2x1_intrawave_v3,timed,0,passed,0.0,,,,
1728,768,7168,ck_2_split0,ck,2,0,a8w8_blockscale_bpreshuffle_1x128x128_256x64x64x128_16x16_16x16_8x32x1_8x32x1_1x32x1x8_8_2x1_intrawave_v3,timed,1,passed,0.0,,,,
1728,768,7168,ck_1_split0,ck,1,0,a8w8_blockscale_bpreshuffle_1x128x128_256x64x128x128_16x16_16x16_8x32x1_8x32x1_1x32x1x8_8_2x1_intrawave_v3,timed,1,passed,0.0,,,,
1728,768,7168,ck_0_split0,ck,0,0,a8w8_blockscale_bpreshuffle_1x128x128_256x128x128x128_16x16_16x16_8x32x1_8x32x1_1x32x1x8_8_2x1_intrawave_v3,timed,1,passed,0.0,,,,
1728,768,7168,opus_9020,opus,9020,0,opus_gemm_gfx950_a8w8_mxscale_gemm_bpreshuffle_256x256x256x128_2x2_16x16x128_1x128x128_tiles1,timed,1,passed,0.0,,,,
1728,768,7168,opus_9012,opus,9012,0,opus_gemm_gfx950_a8w8_mxscale_gemm_bpreshuffle_256x64x64x128_2x2_16x16x128_1x128x128_tiles1_nooob,timed,1,passed,0.0,,,,
1728,768,7168,opus_9011,opus,9011,0,opus_gemm_gfx950_a8w8_mxscale_gemm_bpreshuffle_256x64x128x128_2x2_16x16x128_1x128x128_tiles1_nooob,timed,1,passed,0.0,,,,
1728,768,7168,cktile_32_split0,cktile,32,0,a8w8_blockscale_cktile_192x256x128_4x2x1_16x16x128_intrawave_0x1x0_4_aqrm,timed,1,passed,0.0,,,,
1728,768,7168,cktile_31_split0,cktile,31,0,a8w8_blockscale_cktile_192x256x128_4x2x1_16x16x128_intrawave_0x1x0_3_aqrm,timed,1,passed,0.0,,,,
1728,768,7168,cktile_30_split0,cktile,30,0,a8w8_blockscale_cktile_192x256x128_4x2x1_16x16x128_intrawave_0x1x0_2_aqrm,timed,1,passed,0.0,,,,
1728,768,7168,cktile_29_split0,cktile,29,0,a8w8_blockscale_cktile_192x256x128_4x2x1_16x16x128_intrawave_0x1x0_4,timed,1,passed,0.0,,,,
1728,768,7168,cktile_28_split0,cktile,28,0,a8w8_blockscale_cktile_192x256x128_4x2x1_16x16x128_intrawave_0x1x0_3,timed,1,passed,0.0,,,,
1728,768,7168,cktile_27_split0,cktile,27,0,a8w8_blockscale_cktile_192x256x128_4x2x1_16x16x128_intrawave_0x1x0_2,timed,1,passed,0.0,,,,
1728,768,7168,cktile_26_split0,cktile,26,0,a8w8_blockscale_cktile_128x128x128_2x2x1_16x16x128_intrawave_0x1x0_4,timed,1,passed,0.0,,,,
1728,768,7168,cktile_25_split0,cktile,25,0,a8w8_blockscale_cktile_128x128x128_2x2x1_16x16x128_intrawave_0x1x0_3,timed,1,passed,0.0,,,,
1728,768,7168,cktile_24_split0,cktile,24,0,a8w8_blockscale_cktile_128x128x128_2x2x1_16x16x128_intrawave_0x1x0_1,timed,1,passed,0.0,,,,
1728,768,7168,cktile_23_split0,cktile,23,0,a8w8_blockscale_cktile_128x128x128_1x4x1_16x16x128_intrawave_0x1x0_4,timed,1,passed,0.0,,,,
1728,768,7168,cktile_22_split0,cktile,22,0,a8w8_blockscale_cktile_128x128x128_1x4x1_16x16x128_intrawave_0x1x0_3,timed,1,passed,0.0,,,,
1728,768,7168,cktile_21_split0,cktile,21,0,a8w8_blockscale_cktile_128x128x128_1x4x1_16x16x128_intrawave_0x1x0_2,timed,1,passed,0.0,,,,
1728,768,7168,cktile_20_split0,cktile,20,0,a8w8_blockscale_cktile_32x128x128_1x4x1_16x16x64_intrawave_0x1x0_4,timed,1,passed,0.0,,,,
1728,768,7168,cktile_19_split0,cktile,19,0,a8w8_blockscale_cktile_32x128x128_1x4x1_16x16x64_intrawave_0x1x0_3,timed,1,passed,0.0,,,,
1728,768,7168,cktile_18_split0,cktile,18,0,a8w8_blockscale_cktile_32x128x128_1x4x1_16x16x128_intrawave_0x1x0_4,timed,1,passed,0.0,,,,
1728,768,7168,cktile_17_split0,cktile,17,0,a8w8_blockscale_cktile_32x128x128_1x4x1_16x16x128_intrawave_0x1x0_3,timed,1,passed,0.0,,,,
1728,768,7168,cktile_16_split0,cktile,16,0,a8w8_blockscale_cktile_16x128x256_1x4x1_16x16x64_intrawave_0x1x0_4,timed,1,passed,0.0,,,,
1728,768,7168,cktile_15_split0,cktile,15,0,a8w8_blockscale_cktile_16x128x256_1x4x1_16x16x64_intrawave_0x1x0_3,timed,1,passed,0.0,,,,
1728,768,7168,cktile_14_split0,cktile,14,0,a8w8_blockscale_cktile_16x128x256_1x4x1_16x16x128_intrawave_0x1x0_4,timed,1,passed,0.0,,,,
1728,768,7168,cktile_13_split0,cktile,13,0,a8w8_blockscale_cktile_16x128x256_1x4x1_16x16x128_intrawave_0x1x0_3,timed,1,passed,0.0,,,,
1728,768,7168,cktile_12_split0,cktile,12,0,a8w8_blockscale_cktile_192x256x128_4x2x1_16x16x128_intrawave_0x1x0_1_aqrm,timed,1,passed,0.0,,,,
1728,768,7168,cktile_11_split0,cktile,11,0,a8w8_blockscale_cktile_192x256x128_4x2x1_16x16x128_intrawave_0x1x0_1,timed,1,passed,0.0,,,,
1728,768,7168,cktile_10_split0,cktile,10,0,a8w8_blockscale_cktile_128x128x128_2x2x1_16x16x128_intrawave_0x1x0_2,timed,1,passed,0.0,,,,
1728,768,7168,cktile_9_split0,cktile,9,0,a8w8_blockscale_cktile_128x128x128_1x4x1_16x16x128_intrawave_0x1x0_1,timed,1,passed,0.0,,,,
1728,768,7168,cktile_8_split0,cktile,8,0,a8w8_blockscale_cktile_128x128x128_1x4x1_16x16x128_intrawave_0x1x0_1,timed,1,passed,0.0,,,,
1728,768,7168,cktile_7_split0,cktile,7,0,a8w8_blockscale_cktile_32x128x128_1x4x1_16x16x64_intrawave_0x1x0_2,timed,1,passed,0.0,,,,
1728,768,7168,cktile_6_split0,cktile,6,0,a8w8_blockscale_cktile_32x128x128_1x4x1_16x16x64_intrawave_0x1x0_1,timed,1,passed,0.0,,,,
1728,768,7168,cktile_5_split0,cktile,5,0,a8w8_blockscale_cktile_32x128x128_1x4x1_16x16x128_intrawave_0x1x0_2,timed,1,passed,0.0,,,,
1728,768,7168,cktile_4_split0,cktile,4,0,a8w8_blockscale_cktile_32x128x128_1x4x1_16x16x128_intrawave_0x1x0_1,timed,1,passed,0.0,,,,
1728,768,7168,cktile_3_split0,cktile,3,0,a8w8_blockscale_cktile_16x128x256_1x4x1_16x16x64_intrawave_0x1x0_2,timed,1,passed,0.0,,,,
1728,768,7168,cktile_2_split0,cktile,2,0,a8w8_blockscale_cktile_16x128x256_1x4x1_16x16x64_intrawave_0x1x0_1,timed,1,passed,0.0,,,,
1728,768,7168,cktile_1_split0,cktile,1,0,a8w8_blockscale_cktile_16x128x256_1x4x1_16x16x128_intrawave_0x1x0_2,timed,1,passed,0.0,,,,
1728,768,7168,cktile_0_split0,cktile,0,0,a8w8_blockscale_cktile_16x128x256_1x4x1_16x16x128_intrawave_0x1x0_1,timed,1,passed,0.0,,,,
1728,768,7168,ck_17_split0,ck,17,0,a8w8_blockscale_bpreshuffle_1x128x128_256x64x64x256_16x16_16x16_16x16x1_16x16x1_1x32x1x8_8_2x1_intrawave_v1,timed,1,passed,0.0,,,,
1728,768,7168,ck_16_split0,ck,16,0,a8w8_blockscale_bpreshuffle_1x128x128_256x64x128x256_16x16_16x16_16x16x1_16x16x1_1x32x1x8_8_2x1_intrawave_v1,timed,1,passed,0.0,,,,
1728,768,7168,ck_15_split0,ck,15,0,a8w8_blockscale_bpreshuffle_1x128x128_256x64x64x128_16x16_16x16_8x32x1_8x32x1_1x32x1x8_8_2x1_intrawave_v1,timed,1,passed,0.0,,,,
1728,768,7168,ck_14_split0,ck,14,0,a8w8_blockscale_bpreshuffle_1x128x128_256x64x128x128_16x16_16x16_8x32x1_8x32x1_1x32x1x8_8_2x1_intrawave_v1,timed,1,passed,0.0,,,,
1728,768,7168,ck_13_split0,ck,13,0,a8w8_blockscale_bpreshuffle_1x128x128_256x64x256x128_16x16_16x16_8x32x1_8x32x1_1x32x1x8_8_2x1_intrawave_v1,timed,1,passed,0.0,,,,
1728,768,7168,ck_12_split0,ck,12,0,a8w8_blockscale_bpreshuffle_1x128x128_256x32x64x256_16x16_16x16_16x16x1_16x16x1_1x32x1x8_8_2x1_intrawave_v1,timed,1,passed,0.0,,,,
1728,768,7168,ck_11_split0,ck,11,0,a8w8_blockscale_bpreshuffle_1x128x128_256x32x128x256_16x16_16x16_16x16x1_16x16x1_1x32x1x8_8_2x1_intrawave_v1,timed,1,passed,0.0,,,,
1728,768,7168,ck_10_split0,ck,10,0,a8w8_blockscale_bpreshuffle_1x128x128_256x32x64x128_16x16_16x16_8x32x1_8x32x1_1x32x1x8_8_2x1_intrawave_v1,timed,1,passed,0.0,,,,
1728,768,7168,ck_9_split0,ck,9,0,a8w8_blockscale_bpreshuffle_1x128x128_256x32x128x128_16x16_16x16_8x32x1_8x32x1_1x32x1x8_8_2x1_intrawave_v1,timed,1,passed,0.0,,,,
1728,768,7168,ck_8_split0,ck,8,0,a8w8_blockscale_bpreshuffle_1x128x128_256x32x256x128_16x16_16x16_8x32x1_8x32x1_1x32x1x8_8_2x1_intrawave_v1,timed,1,passed,0.0,,,,
1728,768,7168,ck_7_split0,ck,7,0,a8w8_blockscale_bpreshuffle_1x128x128_256x16x64x256_16x16_16x16_16x16x1_16x16x1_1x16x1x16_4_1x1_intrawave_v1,timed,1,passed,0.0,,,,
1728,768,7168,ck_6_split0,ck,6,0,a8w8_blockscale_bpreshuffle_1x128x128_256x16x128x256_16x16_16x16_16x16x1_16x16x1_1x16x1x16_8_1x2_intrawave_v1,timed,1,passed,0.0,,,,
1728,768,7168,ck_5_split0,ck,5,0,a8w8_blockscale_bpreshuffle_1x128x128_256x16x64x128_8x16_16x16_16x16x1_8x32x1_1x16x1x16_4_1x1_intrawave_v1,timed,1,passed,0.0,,,,
1728,768,7168,ck_4_split0,ck,4,0,a8w8_blockscale_bpreshuffle_1x128x128_256x16x128x128_8x16_16x16_16x16x1_8x32x1_1x16x1x16_8_1x2_intrawave_v1,timed,1,passed,0.0,,,,
1728,768,7168,ck_3_split0,ck,3,0,a8w8_blockscale_bpreshuffle_1x128x128_256x16x256x128_8x16_16x16_16x16x1_8x32x1_1x16x1x16_8_1x2_intrawave_v1,timed,1,passed,0.0,,,,
1728,768,7168,ck_4_split0,ck,4,0,a8w8_blockscale_bpreshuffle_1x128x128_256x16x128x128_8x16_16x16_16x16x1_8x32x1_1x16x1x16_8_1x2_intrawave_v1,timed,2,passed,0.0,,,,
1728,768,7168,ck_5_split0,ck,5,0,a8w8_blockscale_bpreshuffle_1x128x128_256x16x64x128_8x16_16x16_16x16x1_8x32x1_1x16x1x16_4_1x1_intrawave_v1,timed,2,passed,0.0,,,,
1728,768,7168,ck_6_split0,ck,6,0,a8w8_blockscale_bpreshuffle_1x128x128_256x16x128x256_16x16_16x16_16x16x1_16x16x1_1x16x1x16_8_1x2_intrawave_v1,timed,2,passed,0.0,,,,
1728,768,7168,ck_7_split0,ck,7,0,a8w8_blockscale_bpreshuffle_1x128x128_256x16x64x256_16x16_16x16_16x16x1_16x16x1_1x16x1x16_4_1x1_intrawave_v1,timed,2,passed,0.0,,,,
1728,768,7168,ck_8_split0,ck,8,0,a8w8_blockscale_bpreshuffle_1x128x128_256x32x256x128_16x16_16x16_8x32x1_8x32x1_1x32x1x8_8_2x1_intrawave_v1,timed,2,passed,0.0,,,,
1728,768,7168,ck_9_split0,ck,9,0,a8w8_blockscale_bpreshuffle_1x128x128_256x32x128x128_16x16_16x16_8x32x1_8x32x1_1x32x1x8_8_2x1_intrawave_v1,timed,2,passed,0.0,,,,
1728,768,7168,ck_10_split0,ck,10,0,a8w8_blockscale_bpreshuffle_1x128x128_256x32x64x128_16x16_16x16_8x32x1_8x32x1_1x32x1x8_8_2x1_intrawave_v1,timed,2,passed,0.0,,,,
1728,768,7168,ck_11_split0,ck,11,0,a8w8_blockscale_bpreshuffle_1x128x128_256x32x128x256_16x16_16x16_16x16x1_16x16x1_1x32x1x8_8_2x1_intrawave_v1,timed,2,passed,0.0,,,,
1728,768,7168,ck_12_split0,ck,12,0,a8w8_blockscale_bpreshuffle_1x128x128_256x32x64x256_16x16_16x16_16x16x1_16x16x1_1x32x1x8_8_2x1_intrawave_v1,timed,2,passed,0.0,,,,
1728,768,7168,ck_13_split0,ck,13,0,a8w8_blockscale_bpreshuffle_1x128x128_256x64x256x128_16x16_16x16_8x32x1_8x32x1_1x32x1x8_8_2x1_intrawave_v1,timed,2,passed,0.0,,,,
1728,768,7168,ck_14_split0,ck,14,0,a8w8_blockscale_bpreshuffle_1x128x128_256x64x128x128_16x16_16x16_8x32x1_8x32x1_1x32x1x8_8_2x1_intrawave_v1,timed,2,passed,0.0,,,,
1728,768,7168,ck_15_split0,ck,15,0,a8w8_blockscale_bpreshuffle_1x128x128_256x64x64x128_16x16_16x16_8x32x1_8x32x1_1x32x1x8_8_2x1_intrawave_v1,timed,2,passed,0.0,,,,
1728,768,7168,ck_16_split0,ck,16,0,a8w8_blockscale_bpreshuffle_1x128x128_256x64x128x256_16x16_16x16_16x16x1_16x16x1_1x32x1x8_8_2x1_intrawave_v1,timed,2,passed,0.0,,,,
1728,768,7168,ck_17_split0,ck,17,0,a8w8_blockscale_bpreshuffle_1x128x128_256x64x64x256_16x16_16x16_16x16x1_16x16x1_1x32x1x8_8_2x1_intrawave_v1,timed,2,passed,0.0,,,,
1728,768,7168,cktile_0_split0,cktile,0,0,a8w8_blockscale_cktile_16x128x256_1x4x1_16x16x128_intrawave_0x1x0_1,timed,2,passed,0.0,,,,
1728,768,7168,cktile_1_split0,cktile,1,0,a8w8_blockscale_cktile_16x128x256_1x4x1_16x16x128_intrawave_0x1x0_2,timed,2,passed,0.0,,,,
1728,768,7168,cktile_2_split0,cktile,2,0,a8w8_blockscale_cktile_16x128x256_1x4x1_16x16x64_intrawave_0x1x0_1,timed,2,passed,0.0,,,,
1728,768,7168,cktile_3_split0,cktile,3,0,a8w8_blockscale_cktile_16x128x256_1x4x1_16x16x64_intrawave_0x1x0_2,timed,2,passed,0.0,,,,
1728,768,7168,cktile_4_split0,cktile,4,0,a8w8_blockscale_cktile_32x128x128_1x4x1_16x16x128_intrawave_0x1x0_1,timed,2,passed,0.0,,,,
1728,768,7168,cktile_5_split0,cktile,5,0,a8w8_blockscale_cktile_32x128x128_1x4x1_16x16x128_intrawave_0x1x0_2,timed,2,passed,0.0,,,,
1728,768,7168,cktile_6_split0,cktile,6,0,a8w8_blockscale_cktile_32x128x128_1x4x1_16x16x64_intrawave_0x1x0_1,timed,2,passed,0.0,,,,
1728,768,7168,cktile_7_split0,cktile,7,0,a8w8_blockscale_cktile_32x128x128_1x4x1_16x16x64_intrawave_0x1x0_2,timed,2,passed,0.0,,,,
1728,768,7168,cktile_8_split0,cktile,8,0,a8w8_blockscale_cktile_128x128x128_1x4x1_16x16x128_intrawave_0x1x0_1,timed,2,passed,0.0,,,,
1728,768,7168,cktile_9_split0,cktile,9,0,a8w8_blockscale_cktile_128x128x128_1x4x1_16x16x128_intrawave_0x1x0_1,timed,2,passed,0.0,,,,
1728,768,7168,cktile_10_split0,cktile,10,0,a8w8_blockscale_cktile_128x128x128_2x2x1_16x16x128_intrawave_0x1x0_2,timed,2,passed,0.0,,,,
1728,768,7168,cktile_11_split0,cktile,11,0,a8w8_blockscale_cktile_192x256x128_4x2x1_16x16x128_intrawave_0x1x0_1,timed,2,passed,0.0,,,,
1728,768,7168,cktile_12_split0,cktile,12,0,a8w8_blockscale_cktile_192x256x128_4x2x1_16x16x128_intrawave_0x1x0_1_aqrm,timed,2,passed,0.0,,,,
1728,768,7168,cktile_13_split0,cktile,13,0,a8w8_blockscale_cktile_16x128x256_1x4x1_16x16x128_intrawave_0x1x0_3,timed,2,passed,0.0,,,,
1728,768,7168,cktile_14_split0,cktile,14,0,a8w8_blockscale_cktile_16x128x256_1x4x1_16x16x128_intrawave_0x1x0_4,timed,2,passed,0.0,,,,
1728,768,7168,cktile_15_split0,cktile,15,0,a8w8_blockscale_cktile_16x128x256_1x4x1_16x16x64_intrawave_0x1x0_3,timed,2,passed,0.0,,,,
1728,768,7168,cktile_16_split0,cktile,16,0,a8w8_blockscale_cktile_16x128x256_1x4x1_16x16x64_intrawave_0x1x0_4,timed,2,passed,0.0,,,,
1728,768,7168,cktile_17_split0,cktile,17,0,a8w8_blockscale_cktile_32x128x128_1x4x1_16x16x128_intrawave_0x1x0_3,timed,2,passed,0.0,,,,
1728,768,7168,cktile_18_split0,cktile,18,0,a8w8_blockscale_cktile_32x128x128_1x4x1_16x16x128_intrawave_0x1x0_4,timed,2,passed,0.0,,,,
1728,768,7168,cktile_19_split0,cktile,19,0,a8w8_blockscale_cktile_32x128x128_1x4x1_16x16x64_intrawave_0x1x0_3,timed,2,passed,0.0,,,,
1728,768,7168,cktile_20_split0,cktile,20,0,a8w8_blockscale_cktile_32x128x128_1x4x1_16x16x64_intrawave_0x1x0_4,timed,2,passed,0.0,,,,
1728,768,7168,cktile_21_split0,cktile,21,0,a8w8_blockscale_cktile_128x128x128_1x4x1_16x16x128_intrawave_0x1x0_2,timed,2,passed,0.0,,,,
1728,768,7168,cktile_22_split0,cktile,22,0,a8w8_blockscale_cktile_128x128x128_1x4x1_16x16x128_intrawave_0x1x0_3,timed,2,passed,0.0,,,,
1728,768,7168,cktile_23_split0,cktile,23,0,a8w8_blockscale_cktile_128x128x128_1x4x1_16x16x128_intrawave_0x1x0_4,timed,2,passed,0.0,,,,
1728,768,7168,cktile_24_split0,cktile,24,0,a8w8_blockscale_cktile_128x128x128_2x2x1_16x16x128_intrawave_0x1x0_1,timed,2,passed,0.0,,,,
1728,768,7168,cktile_25_split0,cktile,25,0,a8w8_blockscale_cktile_128x128x128_2x2x1_16x16x128_intrawave_0x1x0_3,timed,2,passed,0.0,,,,
1728,768,7168,cktile_26_split0,cktile,26,0,a8w8_blockscale_cktile_128x128x128_2x2x1_16x16x128_intrawave_0x1x0_4,timed,2,passed,0.0,,,,
1728,768,7168,cktile_27_split0,cktile,27,0,a8w8_blockscale_cktile_192x256x128_4x2x1_16x16x128_intrawave_0x1x0_2,timed,2,passed,0.0,,,,
1728,768,7168,cktile_28_split0,cktile,28,0,a8w8_blockscale_cktile_192x256x128_4x2x1_16x16x128_intrawave_0x1x0_3,timed,2,passed,0.0,,,,
1728,768,7168,cktile_29_split0,cktile,29,0,a8w8_blockscale_cktile_192x256x128_4x2x1_16x16x128_intrawave_0x1x0_4,timed,2,passed,0.0,,,,
1728,768,7168,cktile_30_split0,cktile,30,0,a8w8_blockscale_cktile_192x256x128_4x2x1_16x16x128_intrawave_0x1x0_2_aqrm,timed,2,passed,0.0,,,,
1728,768,7168,cktile_31_split0,cktile,31,0,a8w8_blockscale_cktile_192x256x128_4x2x1_16x16x128_intrawave_0x1x0_3_aqrm,timed,2,passed,0.0,,,,
1728,768,7168,cktile_32_split0,cktile,32,0,a8w8_blockscale_cktile_192x256x128_4x2x1_16x16x128_intrawave_0x1x0_4_aqrm,timed,2,passed,0.0,,,,
1728,768,7168,opus_9011,opus,9011,0,opus_gemm_gfx950_a8w8_mxscale_gemm_bpreshuffle_256x64x128x128_2x2_16x16x128_1x128x128_tiles1_nooob,timed,2,passed,0.0,,,,
1728,768,7168,opus_9012,opus,9012,0,opus_gemm_gfx950_a8w8_mxscale_gemm_bpreshuffle_256x64x64x128_2x2_16x16x128_1x128x128_tiles1_nooob,timed,2,passed,0.0,,,,
1728,768,7168,opus_9020,opus,9020,0,opus_gemm_gfx950_a8w8_mxscale_gemm_bpreshuffle_256x256x256x128_2x2_16x16x128_1x128x128_tiles1,timed,2,passed,0.0,,,,
1728,768,7168,ck_0_split0,ck,0,0,a8w8_blockscale_bpreshuffle_1x128x128_256x128x128x128_16x16_16x16_8x32x1_8x32x1_1x32x1x8_8_2x1_intrawave_v3,timed,2,passed,0.0,,,,
1728,768,7168,ck_1_split0,ck,1,0,a8w8_blockscale_bpreshuffle_1x128x128_256x64x128x128_16x16_16x16_8x32x1_8x32x1_1x32x1x8_8_2x1_intrawave_v3,timed,2,passed,0.0,,,,
1728,768,7168,ck_2_split0,ck,2,0,a8w8_blockscale_bpreshuffle_1x128x128_256x64x64x128_16x16_16x16_8x32x1_8x32x1_1x32x1x8_8_2x1_intrawave_v3,timed,2,passed,0.0,,,,
1728,768,7168,ck_3_split0,ck,3,0,a8w8_blockscale_bpreshuffle_1x128x128_256x16x256x128_8x16_16x16_16x16x1_8x32x1_1x16x1x16_8_1x2_intrawave_v1,timed,2,passed,0.0,,,,
1984,768,7168,ck_0_split0,ck,0,0,a8w8_blockscale_bpreshuffle_1x128x128_256x128x128x128_16x16_16x16_8x32x1_8x32x1_1x32x1x8_8_2x1_intrawave_v3,preflight,-1,passed,0.0,,,,
1984,768,7168,ck_1_split0,ck,1,0,a8w8_blockscale_bpreshuffle_1x128x128_256x64x128x128_16x16_16x16_8x32x1_8x32x1_1x32x1x8_8_2x1_intrawave_v3,preflight,-1,passed,0.0,,,,
1984,768,7168,ck_2_split0,ck,2,0,a8w8_blockscale_bpreshuffle_1x128x128_256x64x64x128_16x16_16x16_8x32x1_8x32x1_1x32x1x8_8_2x1_intrawave_v3,preflight,-1,passed,0.0,,,,
1984,768,7168,ck_3_split0,ck,3,0,a8w8_blockscale_bpreshuffle_1x128x128_256x16x256x128_8x16_16x16_16x16x1_8x32x1_1x16x1x16_8_1x2_intrawave_v1,preflight,-1,passed,0.0,,,,
1984,768,7168,ck_4_split0,ck,4,0,a8w8_blockscale_bpreshuffle_1x128x128_256x16x128x128_8x16_16x16_16x16x1_8x32x1_1x16x1x16_8_1x2_intrawave_v1,preflight,-1,passed,0.0,,,,
1984,768,7168,ck_5_split0,ck,5,0,a8w8_blockscale_bpreshuffle_1x128x128_256x16x64x128_8x16_16x16_16x16x1_8x32x1_1x16x1x16_4_1x1_intrawave_v1,preflight,-1,passed,0.0,,,,
1984,768,7168,ck_6_split0,ck,6,0,a8w8_blockscale_bpreshuffle_1x128x128_256x16x128x256_16x16_16x16_16x16x1_16x16x1_1x16x1x16_8_1x2_intrawave_v1,preflight,-1,passed,0.0,,,,
1984,768,7168,ck_7_split0,ck,7,0,a8w8_blockscale_bpreshuffle_1x128x128_256x16x64x256_16x16_16x16_16x16x1_16x16x1_1x16x1x16_4_1x1_intrawave_v1,preflight,-1,passed,0.0,,,,
1984,768,7168,ck_8_split0,ck,8,0,a8w8_blockscale_bpreshuffle_1x128x128_256x32x256x128_16x16_16x16_8x32x1_8x32x1_1x32x1x8_8_2x1_intrawave_v1,preflight,-1,passed,0.0,,,,
1984,768,7168,ck_9_split0,ck,9,0,a8w8_blockscale_bpreshuffle_1x128x128_256x32x128x128_16x16_16x16_8x32x1_8x32x1_1x32x1x8_8_2x1_intrawave_v1,preflight,-1,passed,0.0,,,,
1984,768,7168,ck_10_split0,ck,10,0,a8w8_blockscale_bpreshuffle_1x128x128_256x32x64x128_16x16_16x16_8x32x1_8x32x1_1x32x1x8_8_2x1_intrawave_v1,preflight,-1,passed,0.0,,,,
1984,768,7168,ck_11_split0,ck,11,0,a8w8_blockscale_bpreshuffle_1x128x128_256x32x128x256_16x16_16x16_16x16x1_16x16x1_1x32x1x8_8_2x1_intrawave_v1,preflight,-1,passed,0.0,,,,
1984,768,7168,ck_12_split0,ck,12,0,a8w8_blockscale_bpreshuffle_1x128x128_256x32x64x256_16x16_16x16_16x16x1_16x16x1_1x32x1x8_8_2x1_intrawave_v1,preflight,-1,passed,0.0,,,,
1984,768,7168,ck_13_split0,ck,13,0,a8w8_blockscale_bpreshuffle_1x128x128_256x64x256x128_16x16_16x16_8x32x1_8x32x1_1x32x1x8_8_2x1_intrawave_v1,preflight,-1,passed,0.0,,,,
1984,768,7168,ck_14_split0,ck,14,0,a8w8_blockscale_bpreshuffle_1x128x128_256x64x128x128_16x16_16x16_8x32x1_8x32x1_1x32x1x8_8_2x1_intrawave_v1,preflight,-1,passed,0.0,,,,
1984,768,7168,ck_15_split0,ck,15,0,a8w8_blockscale_bpreshuffle_1x128x128_256x64x64x128_16x16_16x16_8x32x1_8x32x1_1x32x1x8_8_2x1_intrawave_v1,preflight,-1,passed,0.0,,,,
1984,768,7168,ck_16_split0,ck,16,0,a8w8_blockscale_bpreshuffle_1x128x128_256x64x128x256_16x16_16x16_16x16x1_16x16x1_1x32x1x8_8_2x1_intrawave_v1,preflight,-1,passed,0.0,,,,
1984,768,7168,ck_17_split0,ck,17,0,a8w8_blockscale_bpreshuffle_1x128x128_256x64x64x256_16x16_16x16_16x16x1_16x16x1_1x32x1x8_8_2x1_intrawave_v1,preflight,-1,passed,0.0,,,,
1984,768,7168,cktile_0_split0,cktile,0,0,a8w8_blockscale_cktile_16x128x256_1x4x1_16x16x128_intrawave_0x1x0_1,preflight,-1,passed,0.0,,,,
1984,768,7168,cktile_1_split0,cktile,1,0,a8w8_blockscale_cktile_16x128x256_1x4x1_16x16x128_intrawave_0x1x0_2,preflight,-1,passed,0.0,,,,
1984,768,7168,cktile_2_split0,cktile,2,0,a8w8_blockscale_cktile_16x128x256_1x4x1_16x16x64_intrawave_0x1x0_1,preflight,-1,passed,0.0,,,,
1984,768,7168,cktile_3_split0,cktile,3,0,a8w8_blockscale_cktile_16x128x256_1x4x1_16x16x64_intrawave_0x1x0_2,preflight,-1,passed,0.0,,,,
1984,768,7168,cktile_4_split0,cktile,4,0,a8w8_blockscale_cktile_32x128x128_1x4x1_16x16x128_intrawave_0x1x0_1,preflight,-1,passed,0.0,,,,
1984,768,7168,cktile_5_split0,cktile,5,0,a8w8_blockscale_cktile_32x128x128_1x4x1_16x16x128_intrawave_0x1x0_2,preflight,-1,passed,0.0,,,,
1984,768,7168,cktile_6_split0,cktile,6,0,a8w8_blockscale_cktile_32x128x128_1x4x1_16x16x64_intrawave_0x1x0_1,preflight,-1,passed,0.0,,,,
1984,768,7168,cktile_7_split0,cktile,7,0,a8w8_blockscale_cktile_32x128x128_1x4x1_16x16x64_intrawave_0x1x0_2,preflight,-1,passed,0.0,,,,
1984,768,7168,cktile_8_split0,cktile,8,0,a8w8_blockscale_cktile_128x128x128_1x4x1_16x16x128_intrawave_0x1x0_1,preflight,-1,passed,0.0,,,,
1984,768,7168,cktile_9_split0,cktile,9,0,a8w8_blockscale_cktile_128x128x128_1x4x1_16x16x128_intrawave_0x1x0_1,preflight,-1,passed,0.0,,,,
1984,768,7168,cktile_10_split0,cktile,10,0,a8w8_blockscale_cktile_128x128x128_2x2x1_16x16x128_intrawave_0x1x0_2,preflight,-1,passed,0.0,,,,
1984,768,7168,cktile_11_split0,cktile,11,0,a8w8_blockscale_cktile_192x256x128_4x2x1_16x16x128_intrawave_0x1x0_1,preflight,-1,passed,0.0,,,,
1984,768,7168,cktile_12_split0,cktile,12,0,a8w8_blockscale_cktile_192x256x128_4x2x1_16x16x128_intrawave_0x1x0_1_aqrm,preflight,-1,passed,0.0,,,,
1984,768,7168,cktile_13_split0,cktile,13,0,a8w8_blockscale_cktile_16x128x256_1x4x1_16x16x128_intrawave_0x1x0_3,preflight,-1,passed,0.0,,,,
1984,768,7168,cktile_14_split0,cktile,14,0,a8w8_blockscale_cktile_16x128x256_1x4x1_16x16x128_intrawave_0x1x0_4,preflight,-1,passed,0.0,,,,
1984,768,7168,cktile_15_split0,cktile,15,0,a8w8_blockscale_cktile_16x128x256_1x4x1_16x16x64_intrawave_0x1x0_3,preflight,-1,passed,0.0,,,,
1984,768,7168,cktile_16_split0,cktile,16,0,a8w8_blockscale_cktile_16x128x256_1x4x1_16x16x64_intrawave_0x1x0_4,preflight,-1,passed,0.0,,,,
1984,768,7168,cktile_17_split0,cktile,17,0,a8w8_blockscale_cktile_32x128x128_1x4x1_16x16x128_intrawave_0x1x0_3,preflight,-1,passed,0.0,,,,
1984,768,7168,cktile_18_split0,cktile,18,0,a8w8_blockscale_cktile_32x128x128_1x4x1_16x16x128_intrawave_0x1x0_4,preflight,-1,passed,0.0,,,,
1984,768,7168,cktile_19_split0,cktile,19,0,a8w8_blockscale_cktile_32x128x128_1x4x1_16x16x64_intrawave_0x1x0_3,preflight,-1,passed,0.0,,,,
1984,768,7168,cktile_20_split0,cktile,20,0,a8w8_blockscale_cktile_32x128x128_1x4x1_16x16x64_intrawave_0x1x0_4,preflight,-1,passed,0.0,,,,
1984,768,7168,cktile_21_split0,cktile,21,0,a8w8_blockscale_cktile_128x128x128_1x4x1_16x16x128_intrawave_0x1x0_2,preflight,-1,passed,0.0,,,,
1984,768,7168,cktile_22_split0,cktile,22,0,a8w8_blockscale_cktile_128x128x128_1x4x1_16x16x128_intrawave_0x1x0_3,preflight,-1,passed,0.0,,,,
1984,768,7168,cktile_23_split0,cktile,23,0,a8w8_blockscale_cktile_128x128x128_1x4x1_16x16x128_intrawave_0x1x0_4,preflight,-1,passed,0.0,,,,
1984,768,7168,cktile_24_split0,cktile,24,0,a8w8_blockscale_cktile_128x128x128_2x2x1_16x16x128_intrawave_0x1x0_1,preflight,-1,passed,0.0,,,,
1984,768,7168,cktile_25_split0,cktile,25,0,a8w8_blockscale_cktile_128x128x128_2x2x1_16x16x128_intrawave_0x1x0_3,preflight,-1,passed,0.0,,,,
1984,768,7168,cktile_26_split0,cktile,26,0,a8w8_blockscale_cktile_128x128x128_2x2x1_16x16x128_intrawave_0x1x0_4,preflight,-1,passed,0.0,,,,
1984,768,7168,cktile_27_split0,cktile,27,0,a8w8_blockscale_cktile_192x256x128_4x2x1_16x16x128_intrawave_0x1x0_2,preflight,-1,passed,0.0,,,,
1984,768,7168,cktile_28_split0,cktile,28,0,a8w8_blockscale_cktile_192x256x128_4x2x1_16x16x128_intrawave_0x1x0_3,preflight,-1,passed,0.0,,,,
1984,768,7168,cktile_29_split0,cktile,29,0,a8w8_blockscale_cktile_192x256x128_4x2x1_16x16x128_intrawave_0x1x0_4,preflight,-1,passed,0.0,,,,
1984,768,7168,cktile_30_split0,cktile,30,0,a8w8_blockscale_cktile_192x256x128_4x2x1_16x16x128_intrawave_0x1x0_2_aqrm,preflight,-1,passed,0.0,,,,
1984,768,7168,cktile_31_split0,cktile,31,0,a8w8_blockscale_cktile_192x256x128_4x2x1_16x16x128_intrawave_0x1x0_3_aqrm,preflight,-1,passed,0.0,,,,
1984,768,7168,cktile_32_split0,cktile,32,0,a8w8_blockscale_cktile_192x256x128_4x2x1_16x16x128_intrawave_0x1x0_4_aqrm,preflight,-1,passed,0.0,,,,
1984,768,7168,asm_0_split1,asm,0,1,_ZN5aiter42fp8gemm_bf16_blockscale_BpreShuffle_32x128E,preflight,-1,failed,0.1715,outside original FP32 accumulation bounds,0,261227,7.9971923828125
1984,768,7168,asm_1_split2,asm,1,2,_ZN5aiter42fp8gemm_bf16_blockscale_BpreShuffle_32x128E,preflight,-1,failed,0.2601,outside original FP32 accumulation bounds,0,396231,11.511474609375
1984,768,7168,asm_2_split3,asm,2,3,_ZN5aiter42fp8gemm_bf16_blockscale_BpreShuffle_32x128E,preflight,-1,failed,0.3058,outside original FP32 accumulation bounds,0,465920,12.565185546875
1984,768,7168,asm_3_split4,asm,3,4,_ZN5aiter42fp8gemm_bf16_blockscale_BpreShuffle_32x128E,preflight,-1,failed,0.3382,outside original FP32 accumulation bounds,0,515303,13.920166015625
1984,768,7168,asm_4_split5,asm,4,5,_ZN5aiter42fp8gemm_bf16_blockscale_BpreShuffle_32x128E,preflight,-1,failed,0.3599,outside original FP32 accumulation bounds,0,548344,13.4537353515625
1984,768,7168,asm_5_split6,asm,5,6,_ZN5aiter42fp8gemm_bf16_blockscale_BpreShuffle_32x128E,preflight,-1,failed,0.3796,outside original FP32 accumulation bounds,0,578399,15.469970703125
1984,768,7168,asm_6_split7,asm,6,7,_ZN5aiter42fp8gemm_bf16_blockscale_BpreShuffle_32x128E,preflight,-1,failed,0.3992,outside original FP32 accumulation bounds,0,608238,16.055908203125
1984,768,7168,asm_7_split8,asm,7,8,_ZN5aiter42fp8gemm_bf16_blockscale_BpreShuffle_32x128E,preflight,-1,failed,0.4158,outside original FP32 accumulation bounds,0,633429,16.9677734375
1984,768,7168,asm_8_split1,asm,8,1,_ZN5aiter42fp8gemm_bf16_blockscale_BpreShuffle_48x128E,preflight,-1,failed,0.1715,outside original FP32 accumulation bounds,0,261227,7.9971923828125
1984,768,7168,asm_9_split2,asm,9,2,_ZN5aiter42fp8gemm_bf16_blockscale_BpreShuffle_48x128E,preflight,-1,failed,0.2601,outside original FP32 accumulation bounds,0,396231,11.511474609375
1984,768,7168,asm_10_split3,asm,10,3,_ZN5aiter42fp8gemm_bf16_blockscale_BpreShuffle_48x128E,preflight,-1,failed,0.3053,outside original FP32 accumulation bounds,0,465122,12.902587890625
1984,768,7168,asm_11_split4,asm,11,4,_ZN5aiter42fp8gemm_bf16_blockscale_BpreShuffle_48x128E,preflight,-1,failed,0.3402,outside original FP32 accumulation bounds,0,518305,14.5963134765625
1984,768,7168,asm_12_split5,asm,12,5,_ZN5aiter42fp8gemm_bf16_blockscale_BpreShuffle_48x128E,preflight,-1,failed,0.3596,outside original FP32 accumulation bounds,0,547787,15.41845703125
1984,768,7168,asm_13_split6,asm,13,6,_ZN5aiter42fp8gemm_bf16_blockscale_BpreShuffle_48x128E,preflight,-1,failed,0.3818,outside original FP32 accumulation bounds,0,581708,15.469970703125
1984,768,7168,asm_14_split7,asm,14,7,_ZN5aiter42fp8gemm_bf16_blockscale_BpreShuffle_48x128E,preflight,-1,failed,0.3985,outside original FP32 accumulation bounds,0,607185,19.65478515625
1984,768,7168,asm_15_split8,asm,15,8,_ZN5aiter42fp8gemm_bf16_blockscale_BpreShuffle_48x128E,preflight,-1,failed,0.4133,outside original FP32 accumulation bounds,0,629636,15.19140625
1984,768,7168,asm_16_split1,asm,16,1,_ZN5aiter42fp8gemm_bf16_blockscale_BpreShuffle_64x128E,preflight,-1,failed,0.1715,outside original FP32 accumulation bounds,0,261227,7.9971923828125
1984,768,7168,asm_17_split2,asm,17,2,_ZN5aiter42fp8gemm_bf16_blockscale_BpreShuffle_64x128E,preflight,-1,failed,0.2601,outside original FP32 accumulation bounds,0,396231,11.511474609375
1984,768,7168,asm_18_split3,asm,18,3,_ZN5aiter42fp8gemm_bf16_blockscale_BpreShuffle_64x128E,preflight,-1,failed,0.3037,outside original FP32 accumulation bounds,0,462635,12.902587890625
1984,768,7168,asm_19_split4,asm,19,4,_ZN5aiter42fp8gemm_bf16_blockscale_BpreShuffle_64x128E,preflight,-1,failed,0.3388,outside original FP32 accumulation bounds,0,516164,14.5963134765625
1984,768,7168,asm_20_split5,asm,20,5,_ZN5aiter42fp8gemm_bf16_blockscale_BpreShuffle_64x128E,preflight,-1,failed,0.3595,outside original FP32 accumulation bounds,0,547642,15.41845703125
1984,768,7168,asm_21_split6,asm,21,6,_ZN5aiter42fp8gemm_bf16_blockscale_BpreShuffle_64x128E,preflight,-1,failed,0.3807,outside original FP32 accumulation bounds,0,579991,16.97900390625
1984,768,7168,asm_22_split7,asm,22,7,_ZN5aiter42fp8gemm_bf16_blockscale_BpreShuffle_64x128E,preflight,-1,failed,0.3987,outside original FP32 accumulation bounds,0,607352,19.572998046875
1984,768,7168,asm_23_split8,asm,23,8,_ZN5aiter42fp8gemm_bf16_blockscale_BpreShuffle_64x128E,preflight,-1,failed,0.4105,outside original FP32 accumulation bounds,0,625395,15.497314453125
1984,768,7168,asm_24_split1,asm,24,1,_ZN5aiter42fp8gemm_bf16_blockscale_BpreShuffle_80x128E,preflight,-1,failed,0.1715,outside original FP32 accumulation bounds,0,261227,7.9971923828125
1984,768,7168,asm_25_split2,asm,25,2,_ZN5aiter42fp8gemm_bf16_blockscale_BpreShuffle_80x128E,preflight,-1,failed,0.2601,outside original FP32 accumulation bounds,0,396231,11.511474609375
1984,768,7168,asm_26_split3,asm,26,3,_ZN5aiter42fp8gemm_bf16_blockscale_BpreShuffle_80x128E,preflight,-1,failed,0.3047,outside original FP32 accumulation bounds,0,464223,12.565185546875
1984,768,7168,asm_27_split4,asm,27,4,_ZN5aiter42fp8gemm_bf16_blockscale_BpreShuffle_80x128E,preflight,-1,failed,0.3388,outside original FP32 accumulation bounds,0,516197,14.5963134765625
1984,768,7168,asm_28_split5,asm,28,5,_ZN5aiter42fp8gemm_bf16_blockscale_BpreShuffle_80x128E,preflight,-1,failed,0.3598,outside original FP32 accumulation bounds,0,548115,15.469970703125
1984,768,7168,asm_29_split6,asm,29,6,_ZN5aiter42fp8gemm_bf16_blockscale_BpreShuffle_80x128E,preflight,-1,failed,0.3819,outside original FP32 accumulation bounds,0,581763,15.8779296875
1984,768,7168,asm_30_split7,asm,30,7,_ZN5aiter42fp8gemm_bf16_blockscale_BpreShuffle_80x128E,preflight,-1,failed,0.3976,outside original FP32 accumulation bounds,0,605787,15.785888671875
1984,768,7168,asm_31_split8,asm,31,8,_ZN5aiter42fp8gemm_bf16_blockscale_BpreShuffle_80x128E,preflight,-1,failed,0.4127,outside original FP32 accumulation bounds,0,628761,16.56298828125
1984,768,7168,asm_32_split1,asm,32,1,_ZN5aiter42fp8gemm_bf16_blockscale_BpreShuffle_96x128E,preflight,-1,failed,0.1715,outside original FP32 accumulation bounds,0,261227,7.9971923828125
1984,768,7168,asm_33_split2,asm,33,2,_ZN5aiter42fp8gemm_bf16_blockscale_BpreShuffle_96x128E,preflight,-1,failed,0.2601,outside original FP32 accumulation bounds,0,396231,11.511474609375
1984,768,7168,asm_34_split3,asm,34,3,_ZN5aiter42fp8gemm_bf16_blockscale_BpreShuffle_96x128E,preflight,-1,failed,0.3034,outside original FP32 accumulation bounds,0,462211,12.902587890625
1984,768,7168,asm_35_split4,asm,35,4,_ZN5aiter42fp8gemm_bf16_blockscale_BpreShuffle_96x128E,preflight,-1,failed,0.3389,outside original FP32 accumulation bounds,0,516351,14.5963134765625
1984,768,7168,asm_36_split5,asm,36,5,_ZN5aiter42fp8gemm_bf16_blockscale_BpreShuffle_96x128E,preflight,-1,failed,0.3604,outside original FP32 accumulation bounds,0,549132,15.41845703125
1984,768,7168,asm_37_split6,asm,37,6,_ZN5aiter42fp8gemm_bf16_blockscale_BpreShuffle_96x128E,preflight,-1,failed,0.3794,outside original FP32 accumulation bounds,0,577975,15.469970703125
1984,768,7168,asm_38_split7,asm,38,7,_ZN5aiter42fp8gemm_bf16_blockscale_BpreShuffle_96x128E,preflight,-1,failed,0.3983,outside original FP32 accumulation bounds,0,606855,16.6279296875
1984,768,7168,asm_39_split8,asm,39,8,_ZN5aiter42fp8gemm_bf16_blockscale_BpreShuffle_96x128E,preflight,-1,failed,0.4121,outside original FP32 accumulation bounds,0,627820,19.0576171875
1984,768,7168,asm_40_split1,asm,40,1,_ZN5aiter43fp8gemm_bf16_blockscale_BpreShuffle_128x128E,preflight,-1,failed,0.1715,outside original FP32 accumulation bounds,0,261227,7.9971923828125
1984,768,7168,asm_41_split2,asm,41,2,_ZN5aiter43fp8gemm_bf16_blockscale_BpreShuffle_128x128E,preflight,-1,failed,0.2601,outside original FP32 accumulation bounds,0,396231,11.511474609375
1984,768,7168,asm_42_split3,asm,42,3,_ZN5aiter43fp8gemm_bf16_blockscale_BpreShuffle_128x128E,preflight,-1,failed,0.3042,outside original FP32 accumulation bounds,0,463364,12.902587890625
1984,768,7168,asm_43_split4,asm,43,4,_ZN5aiter43fp8gemm_bf16_blockscale_BpreShuffle_128x128E,preflight,-1,failed,0.3381,outside original FP32 accumulation bounds,0,515041,14.5963134765625
1984,768,7168,asm_44_split5,asm,44,5,_ZN5aiter43fp8gemm_bf16_blockscale_BpreShuffle_128x128E,preflight,-1,failed,0.3587,outside original FP32 accumulation bounds,0,546525,13.8037109375
1984,768,7168,asm_45_split6,asm,45,6,_ZN5aiter43fp8gemm_bf16_blockscale_BpreShuffle_128x128E,preflight,-1,failed,0.3799,outside original FP32 accumulation bounds,0,578750,14.6064453125
1984,768,7168,asm_46_split7,asm,46,7,_ZN5aiter43fp8gemm_bf16_blockscale_BpreShuffle_128x128E,preflight,-1,failed,0.3995,outside original FP32 accumulation bounds,0,608678,16.9659423828125
1984,768,7168,asm_47_split8,asm,47,8,_ZN5aiter43fp8gemm_bf16_blockscale_BpreShuffle_128x128E,preflight,-1,failed,0.4141,outside original FP32 accumulation bounds,0,630913,19.0576171875
1984,768,7168,opus_9011,opus,9011,0,opus_gemm_gfx950_a8w8_mxscale_gemm_bpreshuffle_256x64x128x128_2x2_16x16x128_1x128x128_tiles1_nooob,preflight,-1,passed,0.0,,,,
1984,768,7168,opus_9012,opus,9012,0,opus_gemm_gfx950_a8w8_mxscale_gemm_bpreshuffle_256x64x64x128_2x2_16x16x128_1x128x128_tiles1_nooob,preflight,-1,passed,0.0,,,,
1984,768,7168,opus_9020,opus,9020,0,opus_gemm_gfx950_a8w8_mxscale_gemm_bpreshuffle_256x256x256x128_2x2_16x16x128_1x128x128_tiles1,preflight,-1,passed,0.0,,,,
1984,768,7168,ck_3_split0,ck,3,0,a8w8_blockscale_bpreshuffle_1x128x128_256x16x256x128_8x16_16x16_16x16x1_8x32x1_1x16x1x16_8_1x2_intrawave_v1,timed,0,passed,0.0,,,,
1984,768,7168,ck_4_split0,ck,4,0,a8w8_blockscale_bpreshuffle_1x128x128_256x16x128x128_8x16_16x16_16x16x1_8x32x1_1x16x1x16_8_1x2_intrawave_v1,timed,0,passed,0.0,,,,
1984,768,7168,ck_5_split0,ck,5,0,a8w8_blockscale_bpreshuffle_1x128x128_256x16x64x128_8x16_16x16_16x16x1_8x32x1_1x16x1x16_4_1x1_intrawave_v1,timed,0,passed,0.0,,,,
1984,768,7168,ck_6_split0,ck,6,0,a8w8_blockscale_bpreshuffle_1x128x128_256x16x128x256_16x16_16x16_16x16x1_16x16x1_1x16x1x16_8_1x2_intrawave_v1,timed,0,passed,0.0,,,,
1984,768,7168,ck_7_split0,ck,7,0,a8w8_blockscale_bpreshuffle_1x128x128_256x16x64x256_16x16_16x16_16x16x1_16x16x1_1x16x1x16_4_1x1_intrawave_v1,timed,0,passed,0.0,,,,
1984,768,7168,ck_8_split0,ck,8,0,a8w8_blockscale_bpreshuffle_1x128x128_256x32x256x128_16x16_16x16_8x32x1_8x32x1_1x32x1x8_8_2x1_intrawave_v1,timed,0,passed,0.0,,,,
1984,768,7168,ck_9_split0,ck,9,0,a8w8_blockscale_bpreshuffle_1x128x128_256x32x128x128_16x16_16x16_8x32x1_8x32x1_1x32x1x8_8_2x1_intrawave_v1,timed,0,passed,0.0,,,,
1984,768,7168,ck_10_split0,ck,10,0,a8w8_blockscale_bpreshuffle_1x128x128_256x32x64x128_16x16_16x16_8x32x1_8x32x1_1x32x1x8_8_2x1_intrawave_v1,timed,0,passed,0.0,,,,
1984,768,7168,ck_11_split0,ck,11,0,a8w8_blockscale_bpreshuffle_1x128x128_256x32x128x256_16x16_16x16_16x16x1_16x16x1_1x32x1x8_8_2x1_intrawave_v1,timed,0,passed,0.0,,,,
1984,768,7168,ck_12_split0,ck,12,0,a8w8_blockscale_bpreshuffle_1x128x128_256x32x64x256_16x16_16x16_16x16x1_16x16x1_1x32x1x8_8_2x1_intrawave_v1,timed,0,passed,0.0,,,,
1984,768,7168,ck_13_split0,ck,13,0,a8w8_blockscale_bpreshuffle_1x128x128_256x64x256x128_16x16_16x16_8x32x1_8x32x1_1x32x1x8_8_2x1_intrawave_v1,timed,0,passed,0.0,,,,
1984,768,7168,ck_14_split0,ck,14,0,a8w8_blockscale_bpreshuffle_1x128x128_256x64x128x128_16x16_16x16_8x32x1_8x32x1_1x32x1x8_8_2x1_intrawave_v1,timed,0,passed,0.0,,,,
1984,768,7168,ck_15_split0,ck,15,0,a8w8_blockscale_bpreshuffle_1x128x128_256x64x64x128_16x16_16x16_8x32x1_8x32x1_1x32x1x8_8_2x1_intrawave_v1,timed,0,passed,0.0,,,,
1984,768,7168,ck_16_split0,ck,16,0,a8w8_blockscale_bpreshuffle_1x128x128_256x64x128x256_16x16_16x16_16x16x1_16x16x1_1x32x1x8_8_2x1_intrawave_v1,timed,0,passed,0.0,,,,
1984,768,7168,ck_17_split0,ck,17,0,a8w8_blockscale_bpreshuffle_1x128x128_256x64x64x256_16x16_16x16_16x16x1_16x16x1_1x32x1x8_8_2x1_intrawave_v1,timed,0,passed,0.0,,,,
1984,768,7168,cktile_0_split0,cktile,0,0,a8w8_blockscale_cktile_16x128x256_1x4x1_16x16x128_intrawave_0x1x0_1,timed,0,passed,0.0,,,,
1984,768,7168,cktile_1_split0,cktile,1,0,a8w8_blockscale_cktile_16x128x256_1x4x1_16x16x128_intrawave_0x1x0_2,timed,0,passed,0.0,,,,
1984,768,7168,cktile_2_split0,cktile,2,0,a8w8_blockscale_cktile_16x128x256_1x4x1_16x16x64_intrawave_0x1x0_1,timed,0,passed,0.0,,,,
1984,768,7168,cktile_3_split0,cktile,3,0,a8w8_blockscale_cktile_16x128x256_1x4x1_16x16x64_intrawave_0x1x0_2,timed,0,passed,0.0,,,,
1984,768,7168,cktile_4_split0,cktile,4,0,a8w8_blockscale_cktile_32x128x128_1x4x1_16x16x128_intrawave_0x1x0_1,timed,0,passed,0.0,,,,
1984,768,7168,cktile_5_split0,cktile,5,0,a8w8_blockscale_cktile_32x128x128_1x4x1_16x16x128_intrawave_0x1x0_2,timed,0,passed,0.0,,,,
1984,768,7168,cktile_6_split0,cktile,6,0,a8w8_blockscale_cktile_32x128x128_1x4x1_16x16x64_intrawave_0x1x0_1,timed,0,passed,0.0,,,,
1984,768,7168,cktile_7_split0,cktile,7,0,a8w8_blockscale_cktile_32x128x128_1x4x1_16x16x64_intrawave_0x1x0_2,timed,0,passed,0.0,,,,
1984,768,7168,cktile_8_split0,cktile,8,0,a8w8_blockscale_cktile_128x128x128_1x4x1_16x16x128_intrawave_0x1x0_1,timed,0,passed,0.0,,,,
1984,768,7168,cktile_9_split0,cktile,9,0,a8w8_blockscale_cktile_128x128x128_1x4x1_16x16x128_intrawave_0x1x0_1,timed,0,passed,0.0,,,,
1984,768,7168,cktile_10_split0,cktile,10,0,a8w8_blockscale_cktile_128x128x128_2x2x1_16x16x128_intrawave_0x1x0_2,timed,0,passed,0.0,,,,
1984,768,7168,cktile_11_split0,cktile,11,0,a8w8_blockscale_cktile_192x256x128_4x2x1_16x16x128_intrawave_0x1x0_1,timed,0,passed,0.0,,,,
1984,768,7168,cktile_12_split0,cktile,12,0,a8w8_blockscale_cktile_192x256x128_4x2x1_16x16x128_intrawave_0x1x0_1_aqrm,timed,0,passed,0.0,,,,
1984,768,7168,cktile_13_split0,cktile,13,0,a8w8_blockscale_cktile_16x128x256_1x4x1_16x16x128_intrawave_0x1x0_3,timed,0,passed,0.0,,,,
1984,768,7168,cktile_14_split0,cktile,14,0,a8w8_blockscale_cktile_16x128x256_1x4x1_16x16x128_intrawave_0x1x0_4,timed,0,passed,0.0,,,,
1984,768,7168,cktile_15_split0,cktile,15,0,a8w8_blockscale_cktile_16x128x256_1x4x1_16x16x64_intrawave_0x1x0_3,timed,0,passed,0.0,,,,
1984,768,7168,cktile_16_split0,cktile,16,0,a8w8_blockscale_cktile_16x128x256_1x4x1_16x16x64_intrawave_0x1x0_4,timed,0,passed,0.0,,,,
1984,768,7168,cktile_17_split0,cktile,17,0,a8w8_blockscale_cktile_32x128x128_1x4x1_16x16x128_intrawave_0x1x0_3,timed,0,passed,0.0,,,,
1984,768,7168,cktile_18_split0,cktile,18,0,a8w8_blockscale_cktile_32x128x128_1x4x1_16x16x128_intrawave_0x1x0_4,timed,0,passed,0.0,,,,
1984,768,7168,cktile_19_split0,cktile,19,0,a8w8_blockscale_cktile_32x128x128_1x4x1_16x16x64_intrawave_0x1x0_3,timed,0,passed,0.0,,,,
1984,768,7168,cktile_20_split0,cktile,20,0,a8w8_blockscale_cktile_32x128x128_1x4x1_16x16x64_intrawave_0x1x0_4,timed,0,passed,0.0,,,,
1984,768,7168,cktile_21_split0,cktile,21,0,a8w8_blockscale_cktile_128x128x128_1x4x1_16x16x128_intrawave_0x1x0_2,timed,0,passed,0.0,,,,
1984,768,7168,cktile_22_split0,cktile,22,0,a8w8_blockscale_cktile_128x128x128_1x4x1_16x16x128_intrawave_0x1x0_3,timed,0,passed,0.0,,,,
1984,768,7168,cktile_23_split0,cktile,23,0,a8w8_blockscale_cktile_128x128x128_1x4x1_16x16x128_intrawave_0x1x0_4,timed,0,passed,0.0,,,,
1984,768,7168,cktile_24_split0,cktile,24,0,a8w8_blockscale_cktile_128x128x128_2x2x1_16x16x128_intrawave_0x1x0_1,timed,0,passed,0.0,,,,
1984,768,7168,cktile_25_split0,cktile,25,0,a8w8_blockscale_cktile_128x128x128_2x2x1_16x16x128_intrawave_0x1x0_3,timed,0,passed,0.0,,,,
1984,768,7168,cktile_26_split0,cktile,26,0,a8w8_blockscale_cktile_128x128x128_2x2x1_16x16x128_intrawave_0x1x0_4,timed,0,passed,0.0,,,,
1984,768,7168,cktile_27_split0,cktile,27,0,a8w8_blockscale_cktile_192x256x128_4x2x1_16x16x128_intrawave_0x1x0_2,timed,0,passed,0.0,,,,
1984,768,7168,cktile_28_split0,cktile,28,0,a8w8_blockscale_cktile_192x256x128_4x2x1_16x16x128_intrawave_0x1x0_3,timed,0,passed,0.0,,,,
1984,768,7168,cktile_29_split0,cktile,29,0,a8w8_blockscale_cktile_192x256x128_4x2x1_16x16x128_intrawave_0x1x0_4,timed,0,passed,0.0,,,,
1984,768,7168,cktile_30_split0,cktile,30,0,a8w8_blockscale_cktile_192x256x128_4x2x1_16x16x128_intrawave_0x1x0_2_aqrm,timed,0,passed,0.0,,,,
1984,768,7168,cktile_31_split0,cktile,31,0,a8w8_blockscale_cktile_192x256x128_4x2x1_16x16x128_intrawave_0x1x0_3_aqrm,timed,0,passed,0.0,,,,
1984,768,7168,cktile_32_split0,cktile,32,0,a8w8_blockscale_cktile_192x256x128_4x2x1_16x16x128_intrawave_0x1x0_4_aqrm,timed,0,passed,0.0,,,,
1984,768,7168,opus_9011,opus,9011,0,opus_gemm_gfx950_a8w8_mxscale_gemm_bpreshuffle_256x64x128x128_2x2_16x16x128_1x128x128_tiles1_nooob,timed,0,passed,0.0,,,,
1984,768,7168,opus_9012,opus,9012,0,opus_gemm_gfx950_a8w8_mxscale_gemm_bpreshuffle_256x64x64x128_2x2_16x16x128_1x128x128_tiles1_nooob,timed,0,passed,0.0,,,,
1984,768,7168,opus_9020,opus,9020,0,opus_gemm_gfx950_a8w8_mxscale_gemm_bpreshuffle_256x256x256x128_2x2_16x16x128_1x128x128_tiles1,timed,0,passed,0.0,,,,
1984,768,7168,ck_0_split0,ck,0,0,a8w8_blockscale_bpreshuffle_1x128x128_256x128x128x128_16x16_16x16_8x32x1_8x32x1_1x32x1x8_8_2x1_intrawave_v3,timed,0,passed,0.0,,,,
1984,768,7168,ck_1_split0,ck,1,0,a8w8_blockscale_bpreshuffle_1x128x128_256x64x128x128_16x16_16x16_8x32x1_8x32x1_1x32x1x8_8_2x1_intrawave_v3,timed,0,passed,0.0,,,,
1984,768,7168,ck_2_split0,ck,2,0,a8w8_blockscale_bpreshuffle_1x128x128_256x64x64x128_16x16_16x16_8x32x1_8x32x1_1x32x1x8_8_2x1_intrawave_v3,timed,0,passed,0.0,,,,
1984,768,7168,ck_3_split0,ck,3,0,a8w8_blockscale_bpreshuffle_1x128x128_256x16x256x128_8x16_16x16_16x16x1_8x32x1_1x16x1x16_8_1x2_intrawave_v1,timed,1,passed,0.0,,,,
1984,768,7168,ck_2_split0,ck,2,0,a8w8_blockscale_bpreshuffle_1x128x128_256x64x64x128_16x16_16x16_8x32x1_8x32x1_1x32x1x8_8_2x1_intrawave_v3,timed,1,passed,0.0,,,,
1984,768,7168,ck_1_split0,ck,1,0,a8w8_blockscale_bpreshuffle_1x128x128_256x64x128x128_16x16_16x16_8x32x1_8x32x1_1x32x1x8_8_2x1_intrawave_v3,timed,1,passed,0.0,,,,
1984,768,7168,ck_0_split0,ck,0,0,a8w8_blockscale_bpreshuffle_1x128x128_256x128x128x128_16x16_16x16_8x32x1_8x32x1_1x32x1x8_8_2x1_intrawave_v3,timed,1,passed,0.0,,,,
1984,768,7168,opus_9020,opus,9020,0,opus_gemm_gfx950_a8w8_mxscale_gemm_bpreshuffle_256x256x256x128_2x2_16x16x128_1x128x128_tiles1,timed,1,passed,0.0,,,,
1984,768,7168,opus_9012,opus,9012,0,opus_gemm_gfx950_a8w8_mxscale_gemm_bpreshuffle_256x64x64x128_2x2_16x16x128_1x128x128_tiles1_nooob,timed,1,passed,0.0,,,,
1984,768,7168,opus_9011,opus,9011,0,opus_gemm_gfx950_a8w8_mxscale_gemm_bpreshuffle_256x64x128x128_2x2_16x16x128_1x128x128_tiles1_nooob,timed,1,passed,0.0,,,,
1984,768,7168,cktile_32_split0,cktile,32,0,a8w8_blockscale_cktile_192x256x128_4x2x1_16x16x128_intrawave_0x1x0_4_aqrm,timed,1,passed,0.0,,,,
1984,768,7168,cktile_31_split0,cktile,31,0,a8w8_blockscale_cktile_192x256x128_4x2x1_16x16x128_intrawave_0x1x0_3_aqrm,timed,1,passed,0.0,,,,
1984,768,7168,cktile_30_split0,cktile,30,0,a8w8_blockscale_cktile_192x256x128_4x2x1_16x16x128_intrawave_0x1x0_2_aqrm,timed,1,passed,0.0,,,,
1984,768,7168,cktile_29_split0,cktile,29,0,a8w8_blockscale_cktile_192x256x128_4x2x1_16x16x128_intrawave_0x1x0_4,timed,1,passed,0.0,,,,
1984,768,7168,cktile_28_split0,cktile,28,0,a8w8_blockscale_cktile_192x256x128_4x2x1_16x16x128_intrawave_0x1x0_3,timed,1,passed,0.0,,,,
1984,768,7168,cktile_27_split0,cktile,27,0,a8w8_blockscale_cktile_192x256x128_4x2x1_16x16x128_intrawave_0x1x0_2,timed,1,passed,0.0,,,,
1984,768,7168,cktile_26_split0,cktile,26,0,a8w8_blockscale_cktile_128x128x128_2x2x1_16x16x128_intrawave_0x1x0_4,timed,1,passed,0.0,,,,
1984,768,7168,cktile_25_split0,cktile,25,0,a8w8_blockscale_cktile_128x128x128_2x2x1_16x16x128_intrawave_0x1x0_3,timed,1,passed,0.0,,,,
1984,768,7168,cktile_24_split0,cktile,24,0,a8w8_blockscale_cktile_128x128x128_2x2x1_16x16x128_intrawave_0x1x0_1,timed,1,passed,0.0,,,,
1984,768,7168,cktile_23_split0,cktile,23,0,a8w8_blockscale_cktile_128x128x128_1x4x1_16x16x128_intrawave_0x1x0_4,timed,1,passed,0.0,,,,
1984,768,7168,cktile_22_split0,cktile,22,0,a8w8_blockscale_cktile_128x128x128_1x4x1_16x16x128_intrawave_0x1x0_3,timed,1,passed,0.0,,,,
1984,768,7168,cktile_21_split0,cktile,21,0,a8w8_blockscale_cktile_128x128x128_1x4x1_16x16x128_intrawave_0x1x0_2,timed,1,passed,0.0,,,,
1984,768,7168,cktile_20_split0,cktile,20,0,a8w8_blockscale_cktile_32x128x128_1x4x1_16x16x64_intrawave_0x1x0_4,timed,1,passed,0.0,,,,
1984,768,7168,cktile_19_split0,cktile,19,0,a8w8_blockscale_cktile_32x128x128_1x4x1_16x16x64_intrawave_0x1x0_3,timed,1,passed,0.0,,,,
1984,768,7168,cktile_18_split0,cktile,18,0,a8w8_blockscale_cktile_32x128x128_1x4x1_16x16x128_intrawave_0x1x0_4,timed,1,passed,0.0,,,,
1984,768,7168,cktile_17_split0,cktile,17,0,a8w8_blockscale_cktile_32x128x128_1x4x1_16x16x128_intrawave_0x1x0_3,timed,1,passed,0.0,,,,
1984,768,7168,cktile_16_split0,cktile,16,0,a8w8_blockscale_cktile_16x128x256_1x4x1_16x16x64_intrawave_0x1x0_4,timed,1,passed,0.0,,,,
1984,768,7168,cktile_15_split0,cktile,15,0,a8w8_blockscale_cktile_16x128x256_1x4x1_16x16x64_intrawave_0x1x0_3,timed,1,passed,0.0,,,,
1984,768,7168,cktile_14_split0,cktile,14,0,a8w8_blockscale_cktile_16x128x256_1x4x1_16x16x128_intrawave_0x1x0_4,timed,1,passed,0.0,,,,
1984,768,7168,cktile_13_split0,cktile,13,0,a8w8_blockscale_cktile_16x128x256_1x4x1_16x16x128_intrawave_0x1x0_3,timed,1,passed,0.0,,,,
1984,768,7168,cktile_12_split0,cktile,12,0,a8w8_blockscale_cktile_192x256x128_4x2x1_16x16x128_intrawave_0x1x0_1_aqrm,timed,1,passed,0.0,,,,
1984,768,7168,cktile_11_split0,cktile,11,0,a8w8_blockscale_cktile_192x256x128_4x2x1_16x16x128_intrawave_0x1x0_1,timed,1,passed,0.0,,,,
1984,768,7168,cktile_10_split0,cktile,10,0,a8w8_blockscale_cktile_128x128x128_2x2x1_16x16x128_intrawave_0x1x0_2,timed,1,passed,0.0,,,,
1984,768,7168,cktile_9_split0,cktile,9,0,a8w8_blockscale_cktile_128x128x128_1x4x1_16x16x128_intrawave_0x1x0_1,timed,1,passed,0.0,,,,
1984,768,7168,cktile_8_split0,cktile,8,0,a8w8_blockscale_cktile_128x128x128_1x4x1_16x16x128_intrawave_0x1x0_1,timed,1,passed,0.0,,,,
1984,768,7168,cktile_7_split0,cktile,7,0,a8w8_blockscale_cktile_32x128x128_1x4x1_16x16x64_intrawave_0x1x0_2,timed,1,passed,0.0,,,,
1984,768,7168,cktile_6_split0,cktile,6,0,a8w8_blockscale_cktile_32x128x128_1x4x1_16x16x64_intrawave_0x1x0_1,timed,1,passed,0.0,,,,
1984,768,7168,cktile_5_split0,cktile,5,0,a8w8_blockscale_cktile_32x128x128_1x4x1_16x16x128_intrawave_0x1x0_2,timed,1,passed,0.0,,,,
1984,768,7168,cktile_4_split0,cktile,4,0,a8w8_blockscale_cktile_32x128x128_1x4x1_16x16x128_intrawave_0x1x0_1,timed,1,passed,0.0,,,,
1984,768,7168,cktile_3_split0,cktile,3,0,a8w8_blockscale_cktile_16x128x256_1x4x1_16x16x64_intrawave_0x1x0_2,timed,1,passed,0.0,,,,
1984,768,7168,cktile_2_split0,cktile,2,0,a8w8_blockscale_cktile_16x128x256_1x4x1_16x16x64_intrawave_0x1x0_1,timed,1,passed,0.0,,,,
1984,768,7168,cktile_1_split0,cktile,1,0,a8w8_blockscale_cktile_16x128x256_1x4x1_16x16x128_intrawave_0x1x0_2,timed,1,passed,0.0,,,,
1984,768,7168,cktile_0_split0,cktile,0,0,a8w8_blockscale_cktile_16x128x256_1x4x1_16x16x128_intrawave_0x1x0_1,timed,1,passed,0.0,,,,
1984,768,7168,ck_17_split0,ck,17,0,a8w8_blockscale_bpreshuffle_1x128x128_256x64x64x256_16x16_16x16_16x16x1_16x16x1_1x32x1x8_8_2x1_intrawave_v1,timed,1,passed,0.0,,,,
1984,768,7168,ck_16_split0,ck,16,0,a8w8_blockscale_bpreshuffle_1x128x128_256x64x128x256_16x16_16x16_16x16x1_16x16x1_1x32x1x8_8_2x1_intrawave_v1,timed,1,passed,0.0,,,,
1984,768,7168,ck_15_split0,ck,15,0,a8w8_blockscale_bpreshuffle_1x128x128_256x64x64x128_16x16_16x16_8x32x1_8x32x1_1x32x1x8_8_2x1_intrawave_v1,timed,1,passed,0.0,,,,
1984,768,7168,ck_14_split0,ck,14,0,a8w8_blockscale_bpreshuffle_1x128x128_256x64x128x128_16x16_16x16_8x32x1_8x32x1_1x32x1x8_8_2x1_intrawave_v1,timed,1,passed,0.0,,,,
1984,768,7168,ck_13_split0,ck,13,0,a8w8_blockscale_bpreshuffle_1x128x128_256x64x256x128_16x16_16x16_8x32x1_8x32x1_1x32x1x8_8_2x1_intrawave_v1,timed,1,passed,0.0,,,,
1984,768,7168,ck_12_split0,ck,12,0,a8w8_blockscale_bpreshuffle_1x128x128_256x32x64x256_16x16_16x16_16x16x1_16x16x1_1x32x1x8_8_2x1_intrawave_v1,timed,1,passed,0.0,,,,
1984,768,7168,ck_11_split0,ck,11,0,a8w8_blockscale_bpreshuffle_1x128x128_256x32x128x256_16x16_16x16_16x16x1_16x16x1_1x32x1x8_8_2x1_intrawave_v1,timed,1,passed,0.0,,,,
1984,768,7168,ck_10_split0,ck,10,0,a8w8_blockscale_bpreshuffle_1x128x128_256x32x64x128_16x16_16x16_8x32x1_8x32x1_1x32x1x8_8_2x1_intrawave_v1,timed,1,passed,0.0,,,,
1984,768,7168,ck_9_split0,ck,9,0,a8w8_blockscale_bpreshuffle_1x128x128_256x32x128x128_16x16_16x16_8x32x1_8x32x1_1x32x1x8_8_2x1_intrawave_v1,timed,1,passed,0.0,,,,
1984,768,7168,ck_8_split0,ck,8,0,a8w8_blockscale_bpreshuffle_1x128x128_256x32x256x128_16x16_16x16_8x32x1_8x32x1_1x32x1x8_8_2x1_intrawave_v1,timed,1,passed,0.0,,,,
1984,768,7168,ck_7_split0,ck,7,0,a8w8_blockscale_bpreshuffle_1x128x128_256x16x64x256_16x16_16x16_16x16x1_16x16x1_1x16x1x16_4_1x1_intrawave_v1,timed,1,passed,0.0,,,,
1984,768,7168,ck_6_split0,ck,6,0,a8w8_blockscale_bpreshuffle_1x128x128_256x16x128x256_16x16_16x16_16x16x1_16x16x1_1x16x1x16_8_1x2_intrawave_v1,timed,1,passed,0.0,,,,
1984,768,7168,ck_5_split0,ck,5,0,a8w8_blockscale_bpreshuffle_1x128x128_256x16x64x128_8x16_16x16_16x16x1_8x32x1_1x16x1x16_4_1x1_intrawave_v1,timed,1,passed,0.0,,,,
1984,768,7168,ck_4_split0,ck,4,0,a8w8_blockscale_bpreshuffle_1x128x128_256x16x128x128_8x16_16x16_16x16x1_8x32x1_1x16x1x16_8_1x2_intrawave_v1,timed,1,passed,0.0,,,,
1984,768,7168,ck_5_split0,ck,5,0,a8w8_blockscale_bpreshuffle_1x128x128_256x16x64x128_8x16_16x16_16x16x1_8x32x1_1x16x1x16_4_1x1_intrawave_v1,timed,2,passed,0.0,,,,
1984,768,7168,ck_6_split0,ck,6,0,a8w8_blockscale_bpreshuffle_1x128x128_256x16x128x256_16x16_16x16_16x16x1_16x16x1_1x16x1x16_8_1x2_intrawave_v1,timed,2,passed,0.0,,,,
1984,768,7168,ck_7_split0,ck,7,0,a8w8_blockscale_bpreshuffle_1x128x128_256x16x64x256_16x16_16x16_16x16x1_16x16x1_1x16x1x16_4_1x1_intrawave_v1,timed,2,passed,0.0,,,,
1984,768,7168,ck_8_split0,ck,8,0,a8w8_blockscale_bpreshuffle_1x128x128_256x32x256x128_16x16_16x16_8x32x1_8x32x1_1x32x1x8_8_2x1_intrawave_v1,timed,2,passed,0.0,,,,
1984,768,7168,ck_9_split0,ck,9,0,a8w8_blockscale_bpreshuffle_1x128x128_256x32x128x128_16x16_16x16_8x32x1_8x32x1_1x32x1x8_8_2x1_intrawave_v1,timed,2,passed,0.0,,,,
1984,768,7168,ck_10_split0,ck,10,0,a8w8_blockscale_bpreshuffle_1x128x128_256x32x64x128_16x16_16x16_8x32x1_8x32x1_1x32x1x8_8_2x1_intrawave_v1,timed,2,passed,0.0,,,,
1984,768,7168,ck_11_split0,ck,11,0,a8w8_blockscale_bpreshuffle_1x128x128_256x32x128x256_16x16_16x16_16x16x1_16x16x1_1x32x1x8_8_2x1_intrawave_v1,timed,2,passed,0.0,,,,
1984,768,7168,ck_12_split0,ck,12,0,a8w8_blockscale_bpreshuffle_1x128x128_256x32x64x256_16x16_16x16_16x16x1_16x16x1_1x32x1x8_8_2x1_intrawave_v1,timed,2,passed,0.0,,,,
1984,768,7168,ck_13_split0,ck,13,0,a8w8_blockscale_bpreshuffle_1x128x128_256x64x256x128_16x16_16x16_8x32x1_8x32x1_1x32x1x8_8_2x1_intrawave_v1,timed,2,passed,0.0,,,,
1984,768,7168,ck_14_split0,ck,14,0,a8w8_blockscale_bpreshuffle_1x128x128_256x64x128x128_16x16_16x16_8x32x1_8x32x1_1x32x1x8_8_2x1_intrawave_v1,timed,2,passed,0.0,,,,
1984,768,7168,ck_15_split0,ck,15,0,a8w8_blockscale_bpreshuffle_1x128x128_256x64x64x128_16x16_16x16_8x32x1_8x32x1_1x32x1x8_8_2x1_intrawave_v1,timed,2,passed,0.0,,,,
1984,768,7168,ck_16_split0,ck,16,0,a8w8_blockscale_bpreshuffle_1x128x128_256x64x128x256_16x16_16x16_16x16x1_16x16x1_1x32x1x8_8_2x1_intrawave_v1,timed,2,passed,0.0,,,,
1984,768,7168,ck_17_split0,ck,17,0,a8w8_blockscale_bpreshuffle_1x128x128_256x64x64x256_16x16_16x16_16x16x1_16x16x1_1x32x1x8_8_2x1_intrawave_v1,timed,2,passed,0.0,,,,
1984,768,7168,cktile_0_split0,cktile,0,0,a8w8_blockscale_cktile_16x128x256_1x4x1_16x16x128_intrawave_0x1x0_1,timed,2,passed,0.0,,,,
1984,768,7168,cktile_1_split0,cktile,1,0,a8w8_blockscale_cktile_16x128x256_1x4x1_16x16x128_intrawave_0x1x0_2,timed,2,passed,0.0,,,,
1984,768,7168,cktile_2_split0,cktile,2,0,a8w8_blockscale_cktile_16x128x256_1x4x1_16x16x64_intrawave_0x1x0_1,timed,2,passed,0.0,,,,
1984,768,7168,cktile_3_split0,cktile,3,0,a8w8_blockscale_cktile_16x128x256_1x4x1_16x16x64_intrawave_0x1x0_2,timed,2,passed,0.0,,,,
1984,768,7168,cktile_4_split0,cktile,4,0,a8w8_blockscale_cktile_32x128x128_1x4x1_16x16x128_intrawave_0x1x0_1,timed,2,passed,0.0,,,,
1984,768,7168,cktile_5_split0,cktile,5,0,a8w8_blockscale_cktile_32x128x128_1x4x1_16x16x128_intrawave_0x1x0_2,timed,2,passed,0.0,,,,
1984,768,7168,cktile_6_split0,cktile,6,0,a8w8_blockscale_cktile_32x128x128_1x4x1_16x16x64_intrawave_0x1x0_1,timed,2,passed,0.0,,,,
1984,768,7168,cktile_7_split0,cktile,7,0,a8w8_blockscale_cktile_32x128x128_1x4x1_16x16x64_intrawave_0x1x0_2,timed,2,passed,0.0,,,,
1984,768,7168,cktile_8_split0,cktile,8,0,a8w8_blockscale_cktile_128x128x128_1x4x1_16x16x128_intrawave_0x1x0_1,timed,2,passed,0.0,,,,
1984,768,7168,cktile_9_split0,cktile,9,0,a8w8_blockscale_cktile_128x128x128_1x4x1_16x16x128_intrawave_0x1x0_1,timed,2,passed,0.0,,,,
1984,768,7168,cktile_10_split0,cktile,10,0,a8w8_blockscale_cktile_128x128x128_2x2x1_16x16x128_intrawave_0x1x0_2,timed,2,passed,0.0,,,,
1984,768,7168,cktile_11_split0,cktile,11,0,a8w8_blockscale_cktile_192x256x128_4x2x1_16x16x128_intrawave_0x1x0_1,timed,2,passed,0.0,,,,
1984,768,7168,cktile_12_split0,cktile,12,0,a8w8_blockscale_cktile_192x256x128_4x2x1_16x16x128_intrawave_0x1x0_1_aqrm,timed,2,passed,0.0,,,,
1984,768,7168,cktile_13_split0,cktile,13,0,a8w8_blockscale_cktile_16x128x256_1x4x1_16x16x128_intrawave_0x1x0_3,timed,2,passed,0.0,,,,
1984,768,7168,cktile_14_split0,cktile,14,0,a8w8_blockscale_cktile_16x128x256_1x4x1_16x16x128_intrawave_0x1x0_4,timed,2,passed,0.0,,,,
1984,768,7168,cktile_15_split0,cktile,15,0,a8w8_blockscale_cktile_16x128x256_1x4x1_16x16x64_intrawave_0x1x0_3,timed,2,passed,0.0,,,,
1984,768,7168,cktile_16_split0,cktile,16,0,a8w8_blockscale_cktile_16x128x256_1x4x1_16x16x64_intrawave_0x1x0_4,timed,2,passed,0.0,,,,
1984,768,7168,cktile_17_split0,cktile,17,0,a8w8_blockscale_cktile_32x128x128_1x4x1_16x16x128_intrawave_0x1x0_3,timed,2,passed,0.0,,,,
1984,768,7168,cktile_18_split0,cktile,18,0,a8w8_blockscale_cktile_32x128x128_1x4x1_16x16x128_intrawave_0x1x0_4,timed,2,passed,0.0,,,,
1984,768,7168,cktile_19_split0,cktile,19,0,a8w8_blockscale_cktile_32x128x128_1x4x1_16x16x64_intrawave_0x1x0_3,timed,2,passed,0.0,,,,
1984,768,7168,cktile_20_split0,cktile,20,0,a8w8_blockscale_cktile_32x128x128_1x4x1_16x16x64_intrawave_0x1x0_4,timed,2,passed,0.0,,,,
1984,768,7168,cktile_21_split0,cktile,21,0,a8w8_blockscale_cktile_128x128x128_1x4x1_16x16x128_intrawave_0x1x0_2,timed,2,passed,0.0,,,,
1984,768,7168,cktile_22_split0,cktile,22,0,a8w8_blockscale_cktile_128x128x128_1x4x1_16x16x128_intrawave_0x1x0_3,timed,2,passed,0.0,,,,
1984,768,7168,cktile_23_split0,cktile,23,0,a8w8_blockscale_cktile_128x128x128_1x4x1_16x16x128_intrawave_0x1x0_4,timed,2,passed,0.0,,,,
1984,768,7168,cktile_24_split0,cktile,24,0,a8w8_blockscale_cktile_128x128x128_2x2x1_16x16x128_intrawave_0x1x0_1,timed,2,passed,0.0,,,,
1984,768,7168,cktile_25_split0,cktile,25,0,a8w8_blockscale_cktile_128x128x128_2x2x1_16x16x128_intrawave_0x1x0_3,timed,2,passed,0.0,,,,
1984,768,7168,cktile_26_split0,cktile,26,0,a8w8_blockscale_cktile_128x128x128_2x2x1_16x16x128_intrawave_0x1x0_4,timed,2,passed,0.0,,,,
1984,768,7168,cktile_27_split0,cktile,27,0,a8w8_blockscale_cktile_192x256x128_4x2x1_16x16x128_intrawave_0x1x0_2,timed,2,passed,0.0,,,,
1984,768,7168,cktile_28_split0,cktile,28,0,a8w8_blockscale_cktile_192x256x128_4x2x1_16x16x128_intrawave_0x1x0_3,timed,2,passed,0.0,,,,
1984,768,7168,cktile_29_split0,cktile,29,0,a8w8_blockscale_cktile_192x256x128_4x2x1_16x16x128_intrawave_0x1x0_4,timed,2,passed,0.0,,,,
1984,768,7168,cktile_30_split0,cktile,30,0,a8w8_blockscale_cktile_192x256x128_4x2x1_16x16x128_intrawave_0x1x0_2_aqrm,timed,2,passed,0.0,,,,
1984,768,7168,cktile_31_split0,cktile,31,0,a8w8_blockscale_cktile_192x256x128_4x2x1_16x16x128_intrawave_0x1x0_3_aqrm,timed,2,passed,0.0,,,,
1984,768,7168,cktile_32_split0,cktile,32,0,a8w8_blockscale_cktile_192x256x128_4x2x1_16x16x128_intrawave_0x1x0_4_aqrm,timed,2,passed,0.0,,,,
1984,768,7168,opus_9011,opus,9011,0,opus_gemm_gfx950_a8w8_mxscale_gemm_bpreshuffle_256x64x128x128_2x2_16x16x128_1x128x128_tiles1_nooob,timed,2,passed,0.0,,,,
1984,768,7168,opus_9012,opus,9012,0,opus_gemm_gfx950_a8w8_mxscale_gemm_bpreshuffle_256x64x64x128_2x2_16x16x128_1x128x128_tiles1_nooob,timed,2,passed,0.0,,,,
1984,768,7168,opus_9020,opus,9020,0,opus_gemm_gfx950_a8w8_mxscale_gemm_bpreshuffle_256x256x256x128_2x2_16x16x128_1x128x128_tiles1,timed,2,passed,0.0,,,,
1984,768,7168,ck_0_split0,ck,0,0,a8w8_blockscale_bpreshuffle_1x128x128_256x128x128x128_16x16_16x16_8x32x1_8x32x1_1x32x1x8_8_2x1_intrawave_v3,timed,2,passed,0.0,,,,
1984,768,7168,ck_1_split0,ck,1,0,a8w8_blockscale_bpreshuffle_1x128x128_256x64x128x128_16x16_16x16_8x32x1_8x32x1_1x32x1x8_8_2x1_intrawave_v3,timed,2,passed,0.0,,,,
1984,768,7168,ck_2_split0,ck,2,0,a8w8_blockscale_bpreshuffle_1x128x128_256x64x64x128_16x16_16x16_8x32x1_8x32x1_1x32x1x8_8_2x1_intrawave_v3,timed,2,passed,0.0,,,,
1984,768,7168,ck_3_split0,ck,3,0,a8w8_blockscale_bpreshuffle_1x128x128_256x16x256x128_8x16_16x16_16x16x1_8x32x1_1x16x1x16_8_1x2_intrawave_v1,timed,2,passed,0.0,,,,
1984,768,7168,ck_4_split0,ck,4,0,a8w8_blockscale_bpreshuffle_1x128x128_256x16x128x128_8x16_16x16_16x16x1_8x32x1_1x16x1x16_8_1x2_intrawave_v1,timed,2,passed,0.0,,,,
8192,768,7168,ck_0_split0,ck,0,0,a8w8_blockscale_bpreshuffle_1x128x128_256x128x128x128_16x16_16x16_8x32x1_8x32x1_1x32x1x8_8_2x1_intrawave_v3,preflight,-1,passed,0.0,,,,
8192,768,7168,ck_1_split0,ck,1,0,a8w8_blockscale_bpreshuffle_1x128x128_256x64x128x128_16x16_16x16_8x32x1_8x32x1_1x32x1x8_8_2x1_intrawave_v3,preflight,-1,passed,0.0,,,,
8192,768,7168,ck_2_split0,ck,2,0,a8w8_blockscale_bpreshuffle_1x128x128_256x64x64x128_16x16_16x16_8x32x1_8x32x1_1x32x1x8_8_2x1_intrawave_v3,preflight,-1,passed,0.0,,,,
8192,768,7168,ck_3_split0,ck,3,0,a8w8_blockscale_bpreshuffle_1x128x128_256x16x256x128_8x16_16x16_16x16x1_8x32x1_1x16x1x16_8_1x2_intrawave_v1,preflight,-1,passed,0.0,,,,
8192,768,7168,ck_4_split0,ck,4,0,a8w8_blockscale_bpreshuffle_1x128x128_256x16x128x128_8x16_16x16_16x16x1_8x32x1_1x16x1x16_8_1x2_intrawave_v1,preflight,-1,passed,0.0,,,,
8192,768,7168,ck_5_split0,ck,5,0,a8w8_blockscale_bpreshuffle_1x128x128_256x16x64x128_8x16_16x16_16x16x1_8x32x1_1x16x1x16_4_1x1_intrawave_v1,preflight,-1,passed,0.0,,,,
8192,768,7168,ck_6_split0,ck,6,0,a8w8_blockscale_bpreshuffle_1x128x128_256x16x128x256_16x16_16x16_16x16x1_16x16x1_1x16x1x16_8_1x2_intrawave_v1,preflight,-1,passed,0.0,,,,
8192,768,7168,ck_7_split0,ck,7,0,a8w8_blockscale_bpreshuffle_1x128x128_256x16x64x256_16x16_16x16_16x16x1_16x16x1_1x16x1x16_4_1x1_intrawave_v1,preflight,-1,passed,0.0,,,,
8192,768,7168,ck_8_split0,ck,8,0,a8w8_blockscale_bpreshuffle_1x128x128_256x32x256x128_16x16_16x16_8x32x1_8x32x1_1x32x1x8_8_2x1_intrawave_v1,preflight,-1,passed,0.0,,,,
8192,768,7168,ck_9_split0,ck,9,0,a8w8_blockscale_bpreshuffle_1x128x128_256x32x128x128_16x16_16x16_8x32x1_8x32x1_1x32x1x8_8_2x1_intrawave_v1,preflight,-1,passed,0.0,,,,
8192,768,7168,ck_10_split0,ck,10,0,a8w8_blockscale_bpreshuffle_1x128x128_256x32x64x128_16x16_16x16_8x32x1_8x32x1_1x32x1x8_8_2x1_intrawave_v1,preflight,-1,passed,0.0,,,,
8192,768,7168,ck_11_split0,ck,11,0,a8w8_blockscale_bpreshuffle_1x128x128_256x32x128x256_16x16_16x16_16x16x1_16x16x1_1x32x1x8_8_2x1_intrawave_v1,preflight,-1,passed,0.0,,,,
8192,768,7168,ck_12_split0,ck,12,0,a8w8_blockscale_bpreshuffle_1x128x128_256x32x64x256_16x16_16x16_16x16x1_16x16x1_1x32x1x8_8_2x1_intrawave_v1,preflight,-1,passed,0.0,,,,
8192,768,7168,ck_13_split0,ck,13,0,a8w8_blockscale_bpreshuffle_1x128x128_256x64x256x128_16x16_16x16_8x32x1_8x32x1_1x32x1x8_8_2x1_intrawave_v1,preflight,-1,passed,0.0,,,,
8192,768,7168,ck_14_split0,ck,14,0,a8w8_blockscale_bpreshuffle_1x128x128_256x64x128x128_16x16_16x16_8x32x1_8x32x1_1x32x1x8_8_2x1_intrawave_v1,preflight,-1,passed,0.0,,,,
8192,768,7168,ck_15_split0,ck,15,0,a8w8_blockscale_bpreshuffle_1x128x128_256x64x64x128_16x16_16x16_8x32x1_8x32x1_1x32x1x8_8_2x1_intrawave_v1,preflight,-1,passed,0.0,,,,
8192,768,7168,ck_16_split0,ck,16,0,a8w8_blockscale_bpreshuffle_1x128x128_256x64x128x256_16x16_16x16_16x16x1_16x16x1_1x32x1x8_8_2x1_intrawave_v1,preflight,-1,passed,0.0,,,,
8192,768,7168,ck_17_split0,ck,17,0,a8w8_blockscale_bpreshuffle_1x128x128_256x64x64x256_16x16_16x16_16x16x1_16x16x1_1x32x1x8_8_2x1_intrawave_v1,preflight,-1,passed,0.0,,,,
8192,768,7168,cktile_0_split0,cktile,0,0,a8w8_blockscale_cktile_16x128x256_1x4x1_16x16x128_intrawave_0x1x0_1,preflight,-1,passed,0.0,,,,
8192,768,7168,cktile_1_split0,cktile,1,0,a8w8_blockscale_cktile_16x128x256_1x4x1_16x16x128_intrawave_0x1x0_2,preflight,-1,passed,0.0,,,,
8192,768,7168,cktile_2_split0,cktile,2,0,a8w8_blockscale_cktile_16x128x256_1x4x1_16x16x64_intrawave_0x1x0_1,preflight,-1,passed,0.0,,,,
8192,768,7168,cktile_3_split0,cktile,3,0,a8w8_blockscale_cktile_16x128x256_1x4x1_16x16x64_intrawave_0x1x0_2,preflight,-1,passed,0.0,,,,
8192,768,7168,cktile_4_split0,cktile,4,0,a8w8_blockscale_cktile_32x128x128_1x4x1_16x16x128_intrawave_0x1x0_1,preflight,-1,passed,0.0,,,,
8192,768,7168,cktile_5_split0,cktile,5,0,a8w8_blockscale_cktile_32x128x128_1x4x1_16x16x128_intrawave_0x1x0_2,preflight,-1,passed,0.0,,,,
8192,768,7168,cktile_6_split0,cktile,6,0,a8w8_blockscale_cktile_32x128x128_1x4x1_16x16x64_intrawave_0x1x0_1,preflight,-1,passed,0.0,,,,
8192,768,7168,cktile_7_split0,cktile,7,0,a8w8_blockscale_cktile_32x128x128_1x4x1_16x16x64_intrawave_0x1x0_2,preflight,-1,passed,0.0,,,,
8192,768,7168,cktile_8_split0,cktile,8,0,a8w8_blockscale_cktile_128x128x128_1x4x1_16x16x128_intrawave_0x1x0_1,preflight,-1,passed,0.0,,,,
8192,768,7168,cktile_9_split0,cktile,9,0,a8w8_blockscale_cktile_128x128x128_1x4x1_16x16x128_intrawave_0x1x0_1,preflight,-1,passed,0.0,,,,
8192,768,7168,cktile_10_split0,cktile,10,0,a8w8_blockscale_cktile_128x128x128_2x2x1_16x16x128_intrawave_0x1x0_2,preflight,-1,passed,0.0,,,,
8192,768,7168,cktile_11_split0,cktile,11,0,a8w8_blockscale_cktile_192x256x128_4x2x1_16x16x128_intrawave_0x1x0_1,preflight,-1,passed,0.0,,,,
8192,768,7168,cktile_12_split0,cktile,12,0,a8w8_blockscale_cktile_192x256x128_4x2x1_16x16x128_intrawave_0x1x0_1_aqrm,preflight,-1,passed,0.0,,,,
8192,768,7168,cktile_13_split0,cktile,13,0,a8w8_blockscale_cktile_16x128x256_1x4x1_16x16x128_intrawave_0x1x0_3,preflight,-1,passed,0.0,,,,
8192,768,7168,cktile_14_split0,cktile,14,0,a8w8_blockscale_cktile_16x128x256_1x4x1_16x16x128_intrawave_0x1x0_4,preflight,-1,passed,0.0,,,,
8192,768,7168,cktile_15_split0,cktile,15,0,a8w8_blockscale_cktile_16x128x256_1x4x1_16x16x64_intrawave_0x1x0_3,preflight,-1,passed,0.0,,,,
8192,768,7168,cktile_16_split0,cktile,16,0,a8w8_blockscale_cktile_16x128x256_1x4x1_16x16x64_intrawave_0x1x0_4,preflight,-1,passed,0.0,,,,
8192,768,7168,cktile_17_split0,cktile,17,0,a8w8_blockscale_cktile_32x128x128_1x4x1_16x16x128_intrawave_0x1x0_3,preflight,-1,passed,0.0,,,,
8192,768,7168,cktile_18_split0,cktile,18,0,a8w8_blockscale_cktile_32x128x128_1x4x1_16x16x128_intrawave_0x1x0_4,preflight,-1,passed,0.0,,,,
8192,768,7168,cktile_19_split0,cktile,19,0,a8w8_blockscale_cktile_32x128x128_1x4x1_16x16x64_intrawave_0x1x0_3,preflight,-1,passed,0.0,,,,
8192,768,7168,cktile_20_split0,cktile,20,0,a8w8_blockscale_cktile_32x128x128_1x4x1_16x16x64_intrawave_0x1x0_4,preflight,-1,passed,0.0,,,,
8192,768,7168,cktile_21_split0,cktile,21,0,a8w8_blockscale_cktile_128x128x128_1x4x1_16x16x128_intrawave_0x1x0_2,preflight,-1,passed,0.0,,,,
8192,768,7168,cktile_22_split0,cktile,22,0,a8w8_blockscale_cktile_128x128x128_1x4x1_16x16x128_intrawave_0x1x0_3,preflight,-1,passed,0.0,,,,
8192,768,7168,cktile_23_split0,cktile,23,0,a8w8_blockscale_cktile_128x128x128_1x4x1_16x16x128_intrawave_0x1x0_4,preflight,-1,passed,0.0,,,,
8192,768,7168,cktile_24_split0,cktile,24,0,a8w8_blockscale_cktile_128x128x128_2x2x1_16x16x128_intrawave_0x1x0_1,preflight,-1,passed,0.0,,,,
8192,768,7168,cktile_25_split0,cktile,25,0,a8w8_blockscale_cktile_128x128x128_2x2x1_16x16x128_intrawave_0x1x0_3,preflight,-1,passed,0.0,,,,
8192,768,7168,cktile_26_split0,cktile,26,0,a8w8_blockscale_cktile_128x128x128_2x2x1_16x16x128_intrawave_0x1x0_4,preflight,-1,passed,0.0,,,,
8192,768,7168,cktile_27_split0,cktile,27,0,a8w8_blockscale_cktile_192x256x128_4x2x1_16x16x128_intrawave_0x1x0_2,preflight,-1,passed,0.0,,,,
8192,768,7168,cktile_28_split0,cktile,28,0,a8w8_blockscale_cktile_192x256x128_4x2x1_16x16x128_intrawave_0x1x0_3,preflight,-1,passed,0.0,,,,
8192,768,7168,cktile_29_split0,cktile,29,0,a8w8_blockscale_cktile_192x256x128_4x2x1_16x16x128_intrawave_0x1x0_4,preflight,-1,passed,0.0,,,,
8192,768,7168,cktile_30_split0,cktile,30,0,a8w8_blockscale_cktile_192x256x128_4x2x1_16x16x128_intrawave_0x1x0_2_aqrm,preflight,-1,passed,0.0,,,,
8192,768,7168,cktile_31_split0,cktile,31,0,a8w8_blockscale_cktile_192x256x128_4x2x1_16x16x128_intrawave_0x1x0_3_aqrm,preflight,-1,passed,0.0,,,,
8192,768,7168,cktile_32_split0,cktile,32,0,a8w8_blockscale_cktile_192x256x128_4x2x1_16x16x128_intrawave_0x1x0_4_aqrm,preflight,-1,passed,0.0,,,,
8192,768,7168,asm_0_split1,asm,0,1,_ZN5aiter42fp8gemm_bf16_blockscale_BpreShuffle_32x128E,preflight,-1,failed,0.166,outside original FP32 accumulation bounds,0,1043912,8.004150390625
8192,768,7168,asm_1_split2,asm,1,2,_ZN5aiter42fp8gemm_bf16_blockscale_BpreShuffle_32x128E,preflight,-1,failed,0.2555,outside original FP32 accumulation bounds,0,1606958,12.864990234375
8192,768,7168,asm_2_split3,asm,2,3,_ZN5aiter42fp8gemm_bf16_blockscale_BpreShuffle_32x128E,preflight,-1,failed,0.3025,outside original FP32 accumulation bounds,0,1903089,14.802978515625
8192,768,7168,asm_3_split4,asm,3,4,_ZN5aiter42fp8gemm_bf16_blockscale_BpreShuffle_32x128E,preflight,-1,failed,0.3353,outside original FP32 accumulation bounds,0,2108979,16.950439453125
8192,768,7168,asm_4_split5,asm,4,5,_ZN5aiter42fp8gemm_bf16_blockscale_BpreShuffle_32x128E,preflight,-1,failed,0.3557,outside original FP32 accumulation bounds,0,2237633,17.8116455078125
8192,768,7168,asm_5_split6,asm,5,6,_ZN5aiter42fp8gemm_bf16_blockscale_BpreShuffle_32x128E,preflight,-1,failed,0.374,outside original FP32 accumulation bounds,0,2352849,20.0201416015625
8192,768,7168,asm_6_split7,asm,6,7,_ZN5aiter42fp8gemm_bf16_blockscale_BpreShuffle_32x128E,preflight,-1,failed,0.3962,outside original FP32 accumulation bounds,0,2492540,18.168701171875
8192,768,7168,asm_7_split8,asm,7,8,_ZN5aiter42fp8gemm_bf16_blockscale_BpreShuffle_32x128E,preflight,-1,failed,0.4017,outside original FP32 accumulation bounds,0,2526806,18.244873046875
8192,768,7168,asm_8_split1,asm,8,1,_ZN5aiter42fp8gemm_bf16_blockscale_BpreShuffle_48x128E,preflight,-1,failed,0.166,outside original FP32 accumulation bounds,0,1043912,8.004150390625
8192,768,7168,asm_9_split2,asm,9,2,_ZN5aiter42fp8gemm_bf16_blockscale_BpreShuffle_48x128E,preflight,-1,failed,0.2555,outside original FP32 accumulation bounds,0,1606958,12.864990234375
8192,768,7168,asm_10_split3,asm,10,3,_ZN5aiter42fp8gemm_bf16_blockscale_BpreShuffle_48x128E,preflight,-1,failed,0.3024,outside original FP32 accumulation bounds,0,1902127,15.064697265625
8192,768,7168,asm_11_split4,asm,11,4,_ZN5aiter42fp8gemm_bf16_blockscale_BpreShuffle_48x128E,preflight,-1,failed,0.335,outside original FP32 accumulation bounds,0,2107377,16.24951171875
8192,768,7168,asm_12_split5,asm,12,5,_ZN5aiter42fp8gemm_bf16_blockscale_BpreShuffle_48x128E,preflight,-1,failed,0.356,outside original FP32 accumulation bounds,0,2239563,17.8541259765625
8192,768,7168,asm_13_split6,asm,13,6,_ZN5aiter42fp8gemm_bf16_blockscale_BpreShuffle_48x128E,preflight,-1,failed,0.374,outside original FP32 accumulation bounds,0,2352516,20.0201416015625
8192,768,7168,asm_14_split7,asm,14,7,_ZN5aiter42fp8gemm_bf16_blockscale_BpreShuffle_48x128E,preflight,-1,failed,0.3955,outside original FP32 accumulation bounds,0,2488107,18.438232421875
8192,768,7168,asm_15_split8,asm,15,8,_ZN5aiter42fp8gemm_bf16_blockscale_BpreShuffle_48x128E,preflight,-1,failed,0.4012,outside original FP32 accumulation bounds,0,2523945,19.4150390625
8192,768,7168,asm_16_split1,asm,16,1,_ZN5aiter42fp8gemm_bf16_blockscale_BpreShuffle_64x128E,preflight,-1,failed,0.166,outside original FP32 accumulation bounds,0,1043912,8.004150390625
8192,768,7168,asm_17_split2,asm,17,2,_ZN5aiter42fp8gemm_bf16_blockscale_BpreShuffle_64x128E,preflight,-1,failed,0.2555,outside original FP32 accumulation bounds,0,1606958,12.864990234375
8192,768,7168,asm_18_split3,asm,18,3,_ZN5aiter42fp8gemm_bf16_blockscale_BpreShuffle_64x128E,preflight,-1,failed,0.3025,outside original FP32 accumulation bounds,0,1902822,15.195068359375
8192,768,7168,asm_19_split4,asm,19,4,_ZN5aiter42fp8gemm_bf16_blockscale_BpreShuffle_64x128E,preflight,-1,failed,0.3349,outside original FP32 accumulation bounds,0,2106430,17.52294921875
8192,768,7168,asm_20_split5,asm,20,5,_ZN5aiter42fp8gemm_bf16_blockscale_BpreShuffle_64x128E,preflight,-1,failed,0.3561,outside original FP32 accumulation bounds,0,2240003,17.8541259765625
8192,768,7168,asm_21_split6,asm,21,6,_ZN5aiter42fp8gemm_bf16_blockscale_BpreShuffle_64x128E,preflight,-1,failed,0.3732,outside original FP32 accumulation bounds,0,2347611,16.29833984375
8192,768,7168,asm_22_split7,asm,22,7,_ZN5aiter42fp8gemm_bf16_blockscale_BpreShuffle_64x128E,preflight,-1,failed,0.395,outside original FP32 accumulation bounds,0,2484815,18.5279541015625
8192,768,7168,asm_23_split8,asm,23,8,_ZN5aiter42fp8gemm_bf16_blockscale_BpreShuffle_64x128E,preflight,-1,failed,0.4025,outside original FP32 accumulation bounds,0,2532063,18.002197265625
8192,768,7168,asm_24_split1,asm,24,1,_ZN5aiter42fp8gemm_bf16_blockscale_BpreShuffle_80x128E,preflight,-1,failed,0.166,outside original FP32 accumulation bounds,0,1043912,8.004150390625
8192,768,7168,asm_25_split2,asm,25,2,_ZN5aiter42fp8gemm_bf16_blockscale_BpreShuffle_80x128E,preflight,-1,failed,0.2555,outside original FP32 accumulation bounds,0,1606958,12.864990234375
8192,768,7168,asm_26_split3,asm,26,3,_ZN5aiter42fp8gemm_bf16_blockscale_BpreShuffle_80x128E,preflight,-1,failed,0.3022,outside original FP32 accumulation bounds,0,1901167,15.1783447265625
8192,768,7168,asm_27_split4,asm,27,4,_ZN5aiter42fp8gemm_bf16_blockscale_BpreShuffle_80x128E,preflight,-1,failed,0.3344,outside original FP32 accumulation bounds,0,2103458,14.423583984375
8192,768,7168,asm_28_split5,asm,28,5,_ZN5aiter42fp8gemm_bf16_blockscale_BpreShuffle_80x128E,preflight,-1,failed,0.3561,outside original FP32 accumulation bounds,0,2240251,15.5732421875
8192,768,7168,asm_29_split6,asm,29,6,_ZN5aiter42fp8gemm_bf16_blockscale_BpreShuffle_80x128E,preflight,-1,failed,0.3728,outside original FP32 accumulation bounds,0,2345062,20.0201416015625
8192,768,7168,asm_30_split7,asm,30,7,_ZN5aiter42fp8gemm_bf16_blockscale_BpreShuffle_80x128E,preflight,-1,failed,0.3948,outside original FP32 accumulation bounds,0,2483494,18.438232421875
8192,768,7168,asm_31_split8,asm,31,8,_ZN5aiter42fp8gemm_bf16_blockscale_BpreShuffle_80x128E,preflight,-1,failed,0.4065,outside original FP32 accumulation bounds,0,2557039,16.9971923828125
8192,768,7168,asm_32_split1,asm,32,1,_ZN5aiter42fp8gemm_bf16_blockscale_BpreShuffle_96x128E,preflight,-1,failed,0.166,outside original FP32 accumulation bounds,0,1043912,8.004150390625
8192,768,7168,asm_33_split2,asm,33,2,_ZN5aiter42fp8gemm_bf16_blockscale_BpreShuffle_96x128E,preflight,-1,failed,0.2555,outside original FP32 accumulation bounds,0,1606958,12.864990234375
8192,768,7168,asm_34_split3,asm,34,3,_ZN5aiter42fp8gemm_bf16_blockscale_BpreShuffle_96x128E,preflight,-1,failed,0.3024,outside original FP32 accumulation bounds,0,1902524,14.802978515625
8192,768,7168,asm_35_split4,asm,35,4,_ZN5aiter42fp8gemm_bf16_blockscale_BpreShuffle_96x128E,preflight,-1,failed,0.3339,outside original FP32 accumulation bounds,0,2100576,14.423583984375
8192,768,7168,asm_36_split5,asm,36,5,_ZN5aiter42fp8gemm_bf16_blockscale_BpreShuffle_96x128E,preflight,-1,failed,0.3563,outside original FP32 accumulation bounds,0,2241088,15.412841796875
8192,768,7168,asm_37_split6,asm,37,6,_ZN5aiter42fp8gemm_bf16_blockscale_BpreShuffle_96x128E,preflight,-1,failed,0.3727,outside original FP32 accumulation bounds,0,2344770,19.6456298828125
8192,768,7168,asm_38_split7,asm,38,7,_ZN5aiter42fp8gemm_bf16_blockscale_BpreShuffle_96x128E,preflight,-1,failed,0.3945,outside original FP32 accumulation bounds,0,2481834,18.62890625
8192,768,7168,asm_39_split8,asm,39,8,_ZN5aiter42fp8gemm_bf16_blockscale_BpreShuffle_96x128E,preflight,-1,failed,0.4109,outside original FP32 accumulation bounds,0,2585062,18.3907470703125
8192,768,7168,asm_40_split1,asm,40,1,_ZN5aiter43fp8gemm_bf16_blockscale_BpreShuffle_128x128E,preflight,-1,failed,0.166,outside original FP32 accumulation bounds,0,1043912,8.004150390625
8192,768,7168,asm_41_split2,asm,41,2,_ZN5aiter43fp8gemm_bf16_blockscale_BpreShuffle_128x128E,preflight,-1,failed,0.2555,outside original FP32 accumulation bounds,0,1606958,12.864990234375
8192,768,7168,asm_42_split3,asm,42,3,_ZN5aiter43fp8gemm_bf16_blockscale_BpreShuffle_128x128E,preflight,-1,failed,0.3023,outside original FP32 accumulation bounds,0,1901326,15.1783447265625
8192,768,7168,asm_43_split4,asm,43,4,_ZN5aiter43fp8gemm_bf16_blockscale_BpreShuffle_128x128E,preflight,-1,failed,0.334,outside original FP32 accumulation bounds,0,2100781,15.6240234375
8192,768,7168,asm_44_split5,asm,44,5,_ZN5aiter43fp8gemm_bf16_blockscale_BpreShuffle_128x128E,preflight,-1,failed,0.3566,outside original FP32 accumulation bounds,0,2243486,17.8116455078125
8192,768,7168,asm_45_split6,asm,45,6,_ZN5aiter43fp8gemm_bf16_blockscale_BpreShuffle_128x128E,preflight,-1,failed,0.3724,outside original FP32 accumulation bounds,0,2342795,16.29833984375
8192,768,7168,asm_46_split7,asm,46,7,_ZN5aiter43fp8gemm_bf16_blockscale_BpreShuffle_128x128E,preflight,-1,failed,0.3947,outside original FP32 accumulation bounds,0,2482693,18.2508544921875
8192,768,7168,asm_47_split8,asm,47,8,_ZN5aiter43fp8gemm_bf16_blockscale_BpreShuffle_128x128E,preflight,-1,failed,0.4136,outside original FP32 accumulation bounds,0,2601763,22.0582275390625
8192,768,7168,opus_9000,opus,9000,0,opus_gemm_gfx950_a8w8_mxscale_gemm_bpreshuffle_256x256x256x128_2x2_16x16x128_1x128x128_tiles1_nooob,preflight,-1,passed,0.0,,,,
8192,768,7168,opus_9010,opus,9010,0,opus_gemm_gfx950_a8w8_mxscale_gemm_bpreshuffle_256x128x128x128_2x2_16x16x128_1x128x128_tiles1_nooob,preflight,-1,passed,0.0,,,,
8192,768,7168,opus_9011,opus,9011,0,opus_gemm_gfx950_a8w8_mxscale_gemm_bpreshuffle_256x64x128x128_2x2_16x16x128_1x128x128_tiles1_nooob,preflight,-1,passed,0.0,,,,
8192,768,7168,opus_9012,opus,9012,0,opus_gemm_gfx950_a8w8_mxscale_gemm_bpreshuffle_256x64x64x128_2x2_16x16x128_1x128x128_tiles1_nooob,preflight,-1,passed,0.0,,,,
8192,768,7168,opus_9020,opus,9020,0,opus_gemm_gfx950_a8w8_mxscale_gemm_bpreshuffle_256x256x256x128_2x2_16x16x128_1x128x128_tiles1,preflight,-1,passed,0.0,,,,
8192,768,7168,ck_4_split0,ck,4,0,a8w8_blockscale_bpreshuffle_1x128x128_256x16x128x128_8x16_16x16_16x16x1_8x32x1_1x16x1x16_8_1x2_intrawave_v1,timed,0,passed,0.0,,,,
8192,768,7168,ck_5_split0,ck,5,0,a8w8_blockscale_bpreshuffle_1x128x128_256x16x64x128_8x16_16x16_16x16x1_8x32x1_1x16x1x16_4_1x1_intrawave_v1,timed,0,passed,0.0,,,,
8192,768,7168,ck_6_split0,ck,6,0,a8w8_blockscale_bpreshuffle_1x128x128_256x16x128x256_16x16_16x16_16x16x1_16x16x1_1x16x1x16_8_1x2_intrawave_v1,timed,0,passed,0.0,,,,
8192,768,7168,ck_7_split0,ck,7,0,a8w8_blockscale_bpreshuffle_1x128x128_256x16x64x256_16x16_16x16_16x16x1_16x16x1_1x16x1x16_4_1x1_intrawave_v1,timed,0,passed,0.0,,,,
8192,768,7168,ck_8_split0,ck,8,0,a8w8_blockscale_bpreshuffle_1x128x128_256x32x256x128_16x16_16x16_8x32x1_8x32x1_1x32x1x8_8_2x1_intrawave_v1,timed,0,passed,0.0,,,,
8192,768,7168,ck_9_split0,ck,9,0,a8w8_blockscale_bpreshuffle_1x128x128_256x32x128x128_16x16_16x16_8x32x1_8x32x1_1x32x1x8_8_2x1_intrawave_v1,timed,0,passed,0.0,,,,
8192,768,7168,ck_10_split0,ck,10,0,a8w8_blockscale_bpreshuffle_1x128x128_256x32x64x128_16x16_16x16_8x32x1_8x32x1_1x32x1x8_8_2x1_intrawave_v1,timed,0,passed,0.0,,,,
8192,768,7168,ck_11_split0,ck,11,0,a8w8_blockscale_bpreshuffle_1x128x128_256x32x128x256_16x16_16x16_16x16x1_16x16x1_1x32x1x8_8_2x1_intrawave_v1,timed,0,passed,0.0,,,,
8192,768,7168,ck_12_split0,ck,12,0,a8w8_blockscale_bpreshuffle_1x128x128_256x32x64x256_16x16_16x16_16x16x1_16x16x1_1x32x1x8_8_2x1_intrawave_v1,timed,0,passed,0.0,,,,
8192,768,7168,ck_13_split0,ck,13,0,a8w8_blockscale_bpreshuffle_1x128x128_256x64x256x128_16x16_16x16_8x32x1_8x32x1_1x32x1x8_8_2x1_intrawave_v1,timed,0,passed,0.0,,,,
8192,768,7168,ck_14_split0,ck,14,0,a8w8_blockscale_bpreshuffle_1x128x128_256x64x128x128_16x16_16x16_8x32x1_8x32x1_1x32x1x8_8_2x1_intrawave_v1,timed,0,passed,0.0,,,,
8192,768,7168,ck_15_split0,ck,15,0,a8w8_blockscale_bpreshuffle_1x128x128_256x64x64x128_16x16_16x16_8x32x1_8x32x1_1x32x1x8_8_2x1_intrawave_v1,timed,0,passed,0.0,,,,
8192,768,7168,ck_16_split0,ck,16,0,a8w8_blockscale_bpreshuffle_1x128x128_256x64x128x256_16x16_16x16_16x16x1_16x16x1_1x32x1x8_8_2x1_intrawave_v1,timed,0,passed,0.0,,,,
8192,768,7168,ck_17_split0,ck,17,0,a8w8_blockscale_bpreshuffle_1x128x128_256x64x64x256_16x16_16x16_16x16x1_16x16x1_1x32x1x8_8_2x1_intrawave_v1,timed,0,passed,0.0,,,,
8192,768,7168,cktile_0_split0,cktile,0,0,a8w8_blockscale_cktile_16x128x256_1x4x1_16x16x128_intrawave_0x1x0_1,timed,0,passed,0.0,,,,
8192,768,7168,cktile_1_split0,cktile,1,0,a8w8_blockscale_cktile_16x128x256_1x4x1_16x16x128_intrawave_0x1x0_2,timed,0,passed,0.0,,,,
8192,768,7168,cktile_2_split0,cktile,2,0,a8w8_blockscale_cktile_16x128x256_1x4x1_16x16x64_intrawave_0x1x0_1,timed,0,passed,0.0,,,,
8192,768,7168,cktile_3_split0,cktile,3,0,a8w8_blockscale_cktile_16x128x256_1x4x1_16x16x64_intrawave_0x1x0_2,timed,0,passed,0.0,,,,
8192,768,7168,cktile_4_split0,cktile,4,0,a8w8_blockscale_cktile_32x128x128_1x4x1_16x16x128_intrawave_0x1x0_1,timed,0,passed,0.0,,,,
8192,768,7168,cktile_5_split0,cktile,5,0,a8w8_blockscale_cktile_32x128x128_1x4x1_16x16x128_intrawave_0x1x0_2,timed,0,passed,0.0,,,,
8192,768,7168,cktile_6_split0,cktile,6,0,a8w8_blockscale_cktile_32x128x128_1x4x1_16x16x64_intrawave_0x1x0_1,timed,0,passed,0.0,,,,
8192,768,7168,cktile_7_split0,cktile,7,0,a8w8_blockscale_cktile_32x128x128_1x4x1_16x16x64_intrawave_0x1x0_2,timed,0,passed,0.0,,,,
8192,768,7168,cktile_8_split0,cktile,8,0,a8w8_blockscale_cktile_128x128x128_1x4x1_16x16x128_intrawave_0x1x0_1,timed,0,passed,0.0,,,,
8192,768,7168,cktile_9_split0,cktile,9,0,a8w8_blockscale_cktile_128x128x128_1x4x1_16x16x128_intrawave_0x1x0_1,timed,0,passed,0.0,,,,
8192,768,7168,cktile_10_split0,cktile,10,0,a8w8_blockscale_cktile_128x128x128_2x2x1_16x16x128_intrawave_0x1x0_2,timed,0,passed,0.0,,,,
8192,768,7168,cktile_11_split0,cktile,11,0,a8w8_blockscale_cktile_192x256x128_4x2x1_16x16x128_intrawave_0x1x0_1,timed,0,passed,0.0,,,,
8192,768,7168,cktile_12_split0,cktile,12,0,a8w8_blockscale_cktile_192x256x128_4x2x1_16x16x128_intrawave_0x1x0_1_aqrm,timed,0,passed,0.0,,,,
8192,768,7168,cktile_13_split0,cktile,13,0,a8w8_blockscale_cktile_16x128x256_1x4x1_16x16x128_intrawave_0x1x0_3,timed,0,passed,0.0,,,,
8192,768,7168,cktile_14_split0,cktile,14,0,a8w8_blockscale_cktile_16x128x256_1x4x1_16x16x128_intrawave_0x1x0_4,timed,0,passed,0.0,,,,
8192,768,7168,cktile_15_split0,cktile,15,0,a8w8_blockscale_cktile_16x128x256_1x4x1_16x16x64_intrawave_0x1x0_3,timed,0,passed,0.0,,,,
8192,768,7168,cktile_16_split0,cktile,16,0,a8w8_blockscale_cktile_16x128x256_1x4x1_16x16x64_intrawave_0x1x0_4,timed,0,passed,0.0,,,,
8192,768,7168,cktile_17_split0,cktile,17,0,a8w8_blockscale_cktile_32x128x128_1x4x1_16x16x128_intrawave_0x1x0_3,timed,0,passed,0.0,,,,
8192,768,7168,cktile_18_split0,cktile,18,0,a8w8_blockscale_cktile_32x128x128_1x4x1_16x16x128_intrawave_0x1x0_4,timed,0,passed,0.0,,,,
8192,768,7168,cktile_19_split0,cktile,19,0,a8w8_blockscale_cktile_32x128x128_1x4x1_16x16x64_intrawave_0x1x0_3,timed,0,passed,0.0,,,,
8192,768,7168,cktile_20_split0,cktile,20,0,a8w8_blockscale_cktile_32x128x128_1x4x1_16x16x64_intrawave_0x1x0_4,timed,0,passed,0.0,,,,
8192,768,7168,cktile_21_split0,cktile,21,0,a8w8_blockscale_cktile_128x128x128_1x4x1_16x16x128_intrawave_0x1x0_2,timed,0,passed,0.0,,,,
8192,768,7168,cktile_22_split0,cktile,22,0,a8w8_blockscale_cktile_128x128x128_1x4x1_16x16x128_intrawave_0x1x0_3,timed,0,passed,0.0,,,,
8192,768,7168,cktile_23_split0,cktile,23,0,a8w8_blockscale_cktile_128x128x128_1x4x1_16x16x128_intrawave_0x1x0_4,timed,0,passed,0.0,,,,
8192,768,7168,cktile_24_split0,cktile,24,0,a8w8_blockscale_cktile_128x128x128_2x2x1_16x16x128_intrawave_0x1x0_1,timed,0,passed,0.0,,,,
8192,768,7168,cktile_25_split0,cktile,25,0,a8w8_blockscale_cktile_128x128x128_2x2x1_16x16x128_intrawave_0x1x0_3,timed,0,passed,0.0,,,,
8192,768,7168,cktile_26_split0,cktile,26,0,a8w8_blockscale_cktile_128x128x128_2x2x1_16x16x128_intrawave_0x1x0_4,timed,0,passed,0.0,,,,
8192,768,7168,cktile_27_split0,cktile,27,0,a8w8_blockscale_cktile_192x256x128_4x2x1_16x16x128_intrawave_0x1x0_2,timed,0,passed,0.0,,,,
8192,768,7168,cktile_28_split0,cktile,28,0,a8w8_blockscale_cktile_192x256x128_4x2x1_16x16x128_intrawave_0x1x0_3,timed,0,passed,0.0,,,,
8192,768,7168,cktile_29_split0,cktile,29,0,a8w8_blockscale_cktile_192x256x128_4x2x1_16x16x128_intrawave_0x1x0_4,timed,0,passed,0.0,,,,
8192,768,7168,cktile_30_split0,cktile,30,0,a8w8_blockscale_cktile_192x256x128_4x2x1_16x16x128_intrawave_0x1x0_2_aqrm,timed,0,passed,0.0,,,,
8192,768,7168,cktile_31_split0,cktile,31,0,a8w8_blockscale_cktile_192x256x128_4x2x1_16x16x128_intrawave_0x1x0_3_aqrm,timed,0,passed,0.0,,,,
8192,768,7168,cktile_32_split0,cktile,32,0,a8w8_blockscale_cktile_192x256x128_4x2x1_16x16x128_intrawave_0x1x0_4_aqrm,timed,0,passed,0.0,,,,
8192,768,7168,opus_9000,opus,9000,0,opus_gemm_gfx950_a8w8_mxscale_gemm_bpreshuffle_256x256x256x128_2x2_16x16x128_1x128x128_tiles1_nooob,timed,0,passed,0.0,,,,
8192,768,7168,opus_9010,opus,9010,0,opus_gemm_gfx950_a8w8_mxscale_gemm_bpreshuffle_256x128x128x128_2x2_16x16x128_1x128x128_tiles1_nooob,timed,0,passed,0.0,,,,
8192,768,7168,opus_9011,opus,9011,0,opus_gemm_gfx950_a8w8_mxscale_gemm_bpreshuffle_256x64x128x128_2x2_16x16x128_1x128x128_tiles1_nooob,timed,0,passed,0.0,,,,
8192,768,7168,opus_9012,opus,9012,0,opus_gemm_gfx950_a8w8_mxscale_gemm_bpreshuffle_256x64x64x128_2x2_16x16x128_1x128x128_tiles1_nooob,timed,0,passed,0.0,,,,
8192,768,7168,opus_9020,opus,9020,0,opus_gemm_gfx950_a8w8_mxscale_gemm_bpreshuffle_256x256x256x128_2x2_16x16x128_1x128x128_tiles1,timed,0,passed,0.0,,,,
8192,768,7168,ck_0_split0,ck,0,0,a8w8_blockscale_bpreshuffle_1x128x128_256x128x128x128_16x16_16x16_8x32x1_8x32x1_1x32x1x8_8_2x1_intrawave_v3,timed,0,passed,0.0,,,,
8192,768,7168,ck_1_split0,ck,1,0,a8w8_blockscale_bpreshuffle_1x128x128_256x64x128x128_16x16_16x16_8x32x1_8x32x1_1x32x1x8_8_2x1_intrawave_v3,timed,0,passed,0.0,,,,
8192,768,7168,ck_2_split0,ck,2,0,a8w8_blockscale_bpreshuffle_1x128x128_256x64x64x128_16x16_16x16_8x32x1_8x32x1_1x32x1x8_8_2x1_intrawave_v3,timed,0,passed,0.0,,,,
8192,768,7168,ck_3_split0,ck,3,0,a8w8_blockscale_bpreshuffle_1x128x128_256x16x256x128_8x16_16x16_16x16x1_8x32x1_1x16x1x16_8_1x2_intrawave_v1,timed,0,passed,0.0,,,,
8192,768,7168,ck_4_split0,ck,4,0,a8w8_blockscale_bpreshuffle_1x128x128_256x16x128x128_8x16_16x16_16x16x1_8x32x1_1x16x1x16_8_1x2_intrawave_v1,timed,1,passed,0.0,,,,
8192,768,7168,ck_3_split0,ck,3,0,a8w8_blockscale_bpreshuffle_1x128x128_256x16x256x128_8x16_16x16_16x16x1_8x32x1_1x16x1x16_8_1x2_intrawave_v1,timed,1,passed,0.0,,,,
8192,768,7168,ck_2_split0,ck,2,0,a8w8_blockscale_bpreshuffle_1x128x128_256x64x64x128_16x16_16x16_8x32x1_8x32x1_1x32x1x8_8_2x1_intrawave_v3,timed,1,passed,0.0,,,,
8192,768,7168,ck_1_split0,ck,1,0,a8w8_blockscale_bpreshuffle_1x128x128_256x64x128x128_16x16_16x16_8x32x1_8x32x1_1x32x1x8_8_2x1_intrawave_v3,timed,1,passed,0.0,,,,
8192,768,7168,ck_0_split0,ck,0,0,a8w8_blockscale_bpreshuffle_1x128x128_256x128x128x128_16x16_16x16_8x32x1_8x32x1_1x32x1x8_8_2x1_intrawave_v3,timed,1,passed,0.0,,,,
8192,768,7168,opus_9020,opus,9020,0,opus_gemm_gfx950_a8w8_mxscale_gemm_bpreshuffle_256x256x256x128_2x2_16x16x128_1x128x128_tiles1,timed,1,passed,0.0,,,,
8192,768,7168,opus_9012,opus,9012,0,opus_gemm_gfx950_a8w8_mxscale_gemm_bpreshuffle_256x64x64x128_2x2_16x16x128_1x128x128_tiles1_nooob,timed,1,passed,0.0,,,,
8192,768,7168,opus_9011,opus,9011,0,opus_gemm_gfx950_a8w8_mxscale_gemm_bpreshuffle_256x64x128x128_2x2_16x16x128_1x128x128_tiles1_nooob,timed,1,passed,0.0,,,,
8192,768,7168,opus_9010,opus,9010,0,opus_gemm_gfx950_a8w8_mxscale_gemm_bpreshuffle_256x128x128x128_2x2_16x16x128_1x128x128_tiles1_nooob,timed,1,passed,0.0,,,,
8192,768,7168,opus_9000,opus,9000,0,opus_gemm_gfx950_a8w8_mxscale_gemm_bpreshuffle_256x256x256x128_2x2_16x16x128_1x128x128_tiles1_nooob,timed,1,passed,0.0,,,,
8192,768,7168,cktile_32_split0,cktile,32,0,a8w8_blockscale_cktile_192x256x128_4x2x1_16x16x128_intrawave_0x1x0_4_aqrm,timed,1,passed,0.0,,,,
8192,768,7168,cktile_31_split0,cktile,31,0,a8w8_blockscale_cktile_192x256x128_4x2x1_16x16x128_intrawave_0x1x0_3_aqrm,timed,1,passed,0.0,,,,
8192,768,7168,cktile_30_split0,cktile,30,0,a8w8_blockscale_cktile_192x256x128_4x2x1_16x16x128_intrawave_0x1x0_2_aqrm,timed,1,passed,0.0,,,,
8192,768,7168,cktile_29_split0,cktile,29,0,a8w8_blockscale_cktile_192x256x128_4x2x1_16x16x128_intrawave_0x1x0_4,timed,1,passed,0.0,,,,
8192,768,7168,cktile_28_split0,cktile,28,0,a8w8_blockscale_cktile_192x256x128_4x2x1_16x16x128_intrawave_0x1x0_3,timed,1,passed,0.0,,,,
8192,768,7168,cktile_27_split0,cktile,27,0,a8w8_blockscale_cktile_192x256x128_4x2x1_16x16x128_intrawave_0x1x0_2,timed,1,passed,0.0,,,,
8192,768,7168,cktile_26_split0,cktile,26,0,a8w8_blockscale_cktile_128x128x128_2x2x1_16x16x128_intrawave_0x1x0_4,timed,1,passed,0.0,,,,
8192,768,7168,cktile_25_split0,cktile,25,0,a8w8_blockscale_cktile_128x128x128_2x2x1_16x16x128_intrawave_0x1x0_3,timed,1,passed,0.0,,,,
8192,768,7168,cktile_24_split0,cktile,24,0,a8w8_blockscale_cktile_128x128x128_2x2x1_16x16x128_intrawave_0x1x0_1,timed,1,passed,0.0,,,,
8192,768,7168,cktile_23_split0,cktile,23,0,a8w8_blockscale_cktile_128x128x128_1x4x1_16x16x128_intrawave_0x1x0_4,timed,1,passed,0.0,,,,
8192,768,7168,cktile_22_split0,cktile,22,0,a8w8_blockscale_cktile_128x128x128_1x4x1_16x16x128_intrawave_0x1x0_3,timed,1,passed,0.0,,,,
8192,768,7168,cktile_21_split0,cktile,21,0,a8w8_blockscale_cktile_128x128x128_1x4x1_16x16x128_intrawave_0x1x0_2,timed,1,passed,0.0,,,,
8192,768,7168,cktile_20_split0,cktile,20,0,a8w8_blockscale_cktile_32x128x128_1x4x1_16x16x64_intrawave_0x1x0_4,timed,1,passed,0.0,,,,
8192,768,7168,cktile_19_split0,cktile,19,0,a8w8_blockscale_cktile_32x128x128_1x4x1_16x16x64_intrawave_0x1x0_3,timed,1,passed,0.0,,,,
8192,768,7168,cktile_18_split0,cktile,18,0,a8w8_blockscale_cktile_32x128x128_1x4x1_16x16x128_intrawave_0x1x0_4,timed,1,passed,0.0,,,,
8192,768,7168,cktile_17_split0,cktile,17,0,a8w8_blockscale_cktile_32x128x128_1x4x1_16x16x128_intrawave_0x1x0_3,timed,1,passed,0.0,,,,
8192,768,7168,cktile_16_split0,cktile,16,0,a8w8_blockscale_cktile_16x128x256_1x4x1_16x16x64_intrawave_0x1x0_4,timed,1,passed,0.0,,,,
8192,768,7168,cktile_15_split0,cktile,15,0,a8w8_blockscale_cktile_16x128x256_1x4x1_16x16x64_intrawave_0x1x0_3,timed,1,passed,0.0,,,,
8192,768,7168,cktile_14_split0,cktile,14,0,a8w8_blockscale_cktile_16x128x256_1x4x1_16x16x128_intrawave_0x1x0_4,timed,1,passed,0.0,,,,
8192,768,7168,cktile_13_split0,cktile,13,0,a8w8_blockscale_cktile_16x128x256_1x4x1_16x16x128_intrawave_0x1x0_3,timed,1,passed,0.0,,,,
8192,768,7168,cktile_12_split0,cktile,12,0,a8w8_blockscale_cktile_192x256x128_4x2x1_16x16x128_intrawave_0x1x0_1_aqrm,timed,1,passed,0.0,,,,
8192,768,7168,cktile_11_split0,cktile,11,0,a8w8_blockscale_cktile_192x256x128_4x2x1_16x16x128_intrawave_0x1x0_1,timed,1,passed,0.0,,,,
8192,768,7168,cktile_10_split0,cktile,10,0,a8w8_blockscale_cktile_128x128x128_2x2x1_16x16x128_intrawave_0x1x0_2,timed,1,passed,0.0,,,,
8192,768,7168,cktile_9_split0,cktile,9,0,a8w8_blockscale_cktile_128x128x128_1x4x1_16x16x128_intrawave_0x1x0_1,timed,1,passed,0.0,,,,
8192,768,7168,cktile_8_split0,cktile,8,0,a8w8_blockscale_cktile_128x128x128_1x4x1_16x16x128_intrawave_0x1x0_1,timed,1,passed,0.0,,,,
8192,768,7168,cktile_7_split0,cktile,7,0,a8w8_blockscale_cktile_32x128x128_1x4x1_16x16x64_intrawave_0x1x0_2,timed,1,passed,0.0,,,,
8192,768,7168,cktile_6_split0,cktile,6,0,a8w8_blockscale_cktile_32x128x128_1x4x1_16x16x64_intrawave_0x1x0_1,timed,1,passed,0.0,,,,
8192,768,7168,cktile_5_split0,cktile,5,0,a8w8_blockscale_cktile_32x128x128_1x4x1_16x16x128_intrawave_0x1x0_2,timed,1,passed,0.0,,,,
8192,768,7168,cktile_4_split0,cktile,4,0,a8w8_blockscale_cktile_32x128x128_1x4x1_16x16x128_intrawave_0x1x0_1,timed,1,passed,0.0,,,,
8192,768,7168,cktile_3_split0,cktile,3,0,a8w8_blockscale_cktile_16x128x256_1x4x1_16x16x64_intrawave_0x1x0_2,timed,1,passed,0.0,,,,
8192,768,7168,cktile_2_split0,cktile,2,0,a8w8_blockscale_cktile_16x128x256_1x4x1_16x16x64_intrawave_0x1x0_1,timed,1,passed,0.0,,,,
8192,768,7168,cktile_1_split0,cktile,1,0,a8w8_blockscale_cktile_16x128x256_1x4x1_16x16x128_intrawave_0x1x0_2,timed,1,passed,0.0,,,,
8192,768,7168,cktile_0_split0,cktile,0,0,a8w8_blockscale_cktile_16x128x256_1x4x1_16x16x128_intrawave_0x1x0_1,timed,1,passed,0.0,,,,
8192,768,7168,ck_17_split0,ck,17,0,a8w8_blockscale_bpreshuffle_1x128x128_256x64x64x256_16x16_16x16_16x16x1_16x16x1_1x32x1x8_8_2x1_intrawave_v1,timed,1,passed,0.0,,,,
8192,768,7168,ck_16_split0,ck,16,0,a8w8_blockscale_bpreshuffle_1x128x128_256x64x128x256_16x16_16x16_16x16x1_16x16x1_1x32x1x8_8_2x1_intrawave_v1,timed,1,passed,0.0,,,,
8192,768,7168,ck_15_split0,ck,15,0,a8w8_blockscale_bpreshuffle_1x128x128_256x64x64x128_16x16_16x16_8x32x1_8x32x1_1x32x1x8_8_2x1_intrawave_v1,timed,1,passed,0.0,,,,
8192,768,7168,ck_14_split0,ck,14,0,a8w8_blockscale_bpreshuffle_1x128x128_256x64x128x128_16x16_16x16_8x32x1_8x32x1_1x32x1x8_8_2x1_intrawave_v1,timed,1,passed,0.0,,,,
8192,768,7168,ck_13_split0,ck,13,0,a8w8_blockscale_bpreshuffle_1x128x128_256x64x256x128_16x16_16x16_8x32x1_8x32x1_1x32x1x8_8_2x1_intrawave_v1,timed,1,passed,0.0,,,,
8192,768,7168,ck_12_split0,ck,12,0,a8w8_blockscale_bpreshuffle_1x128x128_256x32x64x256_16x16_16x16_16x16x1_16x16x1_1x32x1x8_8_2x1_intrawave_v1,timed,1,passed,0.0,,,,
8192,768,7168,ck_11_split0,ck,11,0,a8w8_blockscale_bpreshuffle_1x128x128_256x32x128x256_16x16_16x16_16x16x1_16x16x1_1x32x1x8_8_2x1_intrawave_v1,timed,1,passed,0.0,,,,
8192,768,7168,ck_10_split0,ck,10,0,a8w8_blockscale_bpreshuffle_1x128x128_256x32x64x128_16x16_16x16_8x32x1_8x32x1_1x32x1x8_8_2x1_intrawave_v1,timed,1,passed,0.0,,,,
8192,768,7168,ck_9_split0,ck,9,0,a8w8_blockscale_bpreshuffle_1x128x128_256x32x128x128_16x16_16x16_8x32x1_8x32x1_1x32x1x8_8_2x1_intrawave_v1,timed,1,passed,0.0,,,,
8192,768,7168,ck_8_split0,ck,8,0,a8w8_blockscale_bpreshuffle_1x128x128_256x32x256x128_16x16_16x16_8x32x1_8x32x1_1x32x1x8_8_2x1_intrawave_v1,timed,1,passed,0.0,,,,
8192,768,7168,ck_7_split0,ck,7,0,a8w8_blockscale_bpreshuffle_1x128x128_256x16x64x256_16x16_16x16_16x16x1_16x16x1_1x16x1x16_4_1x1_intrawave_v1,timed,1,passed,0.0,,,,
8192,768,7168,ck_6_split0,ck,6,0,a8w8_blockscale_bpreshuffle_1x128x128_256x16x128x256_16x16_16x16_16x16x1_16x16x1_1x16x1x16_8_1x2_intrawave_v1,timed,1,passed,0.0,,,,
8192,768,7168,ck_5_split0,ck,5,0,a8w8_blockscale_bpreshuffle_1x128x128_256x16x64x128_8x16_16x16_16x16x1_8x32x1_1x16x1x16_4_1x1_intrawave_v1,timed,1,passed,0.0,,,,
8192,768,7168,ck_6_split0,ck,6,0,a8w8_blockscale_bpreshuffle_1x128x128_256x16x128x256_16x16_16x16_16x16x1_16x16x1_1x16x1x16_8_1x2_intrawave_v1,timed,2,passed,0.0,,,,
8192,768,7168,ck_7_split0,ck,7,0,a8w8_blockscale_bpreshuffle_1x128x128_256x16x64x256_16x16_16x16_16x16x1_16x16x1_1x16x1x16_4_1x1_intrawave_v1,timed,2,passed,0.0,,,,
8192,768,7168,ck_8_split0,ck,8,0,a8w8_blockscale_bpreshuffle_1x128x128_256x32x256x128_16x16_16x16_8x32x1_8x32x1_1x32x1x8_8_2x1_intrawave_v1,timed,2,passed,0.0,,,,
8192,768,7168,ck_9_split0,ck,9,0,a8w8_blockscale_bpreshuffle_1x128x128_256x32x128x128_16x16_16x16_8x32x1_8x32x1_1x32x1x8_8_2x1_intrawave_v1,timed,2,passed,0.0,,,,
8192,768,7168,ck_10_split0,ck,10,0,a8w8_blockscale_bpreshuffle_1x128x128_256x32x64x128_16x16_16x16_8x32x1_8x32x1_1x32x1x8_8_2x1_intrawave_v1,timed,2,passed,0.0,,,,
8192,768,7168,ck_11_split0,ck,11,0,a8w8_blockscale_bpreshuffle_1x128x128_256x32x128x256_16x16_16x16_16x16x1_16x16x1_1x32x1x8_8_2x1_intrawave_v1,timed,2,passed,0.0,,,,
8192,768,7168,ck_12_split0,ck,12,0,a8w8_blockscale_bpreshuffle_1x128x128_256x32x64x256_16x16_16x16_16x16x1_16x16x1_1x32x1x8_8_2x1_intrawave_v1,timed,2,passed,0.0,,,,
8192,768,7168,ck_13_split0,ck,13,0,a8w8_blockscale_bpreshuffle_1x128x128_256x64x256x128_16x16_16x16_8x32x1_8x32x1_1x32x1x8_8_2x1_intrawave_v1,timed,2,passed,0.0,,,,
8192,768,7168,ck_14_split0,ck,14,0,a8w8_blockscale_bpreshuffle_1x128x128_256x64x128x128_16x16_16x16_8x32x1_8x32x1_1x32x1x8_8_2x1_intrawave_v1,timed,2,passed,0.0,,,,
8192,768,7168,ck_15_split0,ck,15,0,a8w8_blockscale_bpreshuffle_1x128x128_256x64x64x128_16x16_16x16_8x32x1_8x32x1_1x32x1x8_8_2x1_intrawave_v1,timed,2,passed,0.0,,,,
8192,768,7168,ck_16_split0,ck,16,0,a8w8_blockscale_bpreshuffle_1x128x128_256x64x128x256_16x16_16x16_16x16x1_16x16x1_1x32x1x8_8_2x1_intrawave_v1,timed,2,passed,0.0,,,,
8192,768,7168,ck_17_split0,ck,17,0,a8w8_blockscale_bpreshuffle_1x128x128_256x64x64x256_16x16_16x16_16x16x1_16x16x1_1x32x1x8_8_2x1_intrawave_v1,timed,2,passed,0.0,,,,
8192,768,7168,cktile_0_split0,cktile,0,0,a8w8_blockscale_cktile_16x128x256_1x4x1_16x16x128_intrawave_0x1x0_1,timed,2,passed,0.0,,,,
8192,768,7168,cktile_1_split0,cktile,1,0,a8w8_blockscale_cktile_16x128x256_1x4x1_16x16x128_intrawave_0x1x0_2,timed,2,passed,0.0,,,,
8192,768,7168,cktile_2_split0,cktile,2,0,a8w8_blockscale_cktile_16x128x256_1x4x1_16x16x64_intrawave_0x1x0_1,timed,2,passed,0.0,,,,
8192,768,7168,cktile_3_split0,cktile,3,0,a8w8_blockscale_cktile_16x128x256_1x4x1_16x16x64_intrawave_0x1x0_2,timed,2,passed,0.0,,,,
8192,768,7168,cktile_4_split0,cktile,4,0,a8w8_blockscale_cktile_32x128x128_1x4x1_16x16x128_intrawave_0x1x0_1,timed,2,passed,0.0,,,,
8192,768,7168,cktile_5_split0,cktile,5,0,a8w8_blockscale_cktile_32x128x128_1x4x1_16x16x128_intrawave_0x1x0_2,timed,2,passed,0.0,,,,
8192,768,7168,cktile_6_split0,cktile,6,0,a8w8_blockscale_cktile_32x128x128_1x4x1_16x16x64_intrawave_0x1x0_1,timed,2,passed,0.0,,,,
8192,768,7168,cktile_7_split0,cktile,7,0,a8w8_blockscale_cktile_32x128x128_1x4x1_16x16x64_intrawave_0x1x0_2,timed,2,passed,0.0,,,,
8192,768,7168,cktile_8_split0,cktile,8,0,a8w8_blockscale_cktile_128x128x128_1x4x1_16x16x128_intrawave_0x1x0_1,timed,2,passed,0.0,,,,
8192,768,7168,cktile_9_split0,cktile,9,0,a8w8_blockscale_cktile_128x128x128_1x4x1_16x16x128_intrawave_0x1x0_1,timed,2,passed,0.0,,,,
8192,768,7168,cktile_10_split0,cktile,10,0,a8w8_blockscale_cktile_128x128x128_2x2x1_16x16x128_intrawave_0x1x0_2,timed,2,passed,0.0,,,,
8192,768,7168,cktile_11_split0,cktile,11,0,a8w8_blockscale_cktile_192x256x128_4x2x1_16x16x128_intrawave_0x1x0_1,timed,2,passed,0.0,,,,
8192,768,7168,cktile_12_split0,cktile,12,0,a8w8_blockscale_cktile_192x256x128_4x2x1_16x16x128_intrawave_0x1x0_1_aqrm,timed,2,passed,0.0,,,,
8192,768,7168,cktile_13_split0,cktile,13,0,a8w8_blockscale_cktile_16x128x256_1x4x1_16x16x128_intrawave_0x1x0_3,timed,2,passed,0.0,,,,
8192,768,7168,cktile_14_split0,cktile,14,0,a8w8_blockscale_cktile_16x128x256_1x4x1_16x16x128_intrawave_0x1x0_4,timed,2,passed,0.0,,,,
8192,768,7168,cktile_15_split0,cktile,15,0,a8w8_blockscale_cktile_16x128x256_1x4x1_16x16x64_intrawave_0x1x0_3,timed,2,passed,0.0,,,,
8192,768,7168,cktile_16_split0,cktile,16,0,a8w8_blockscale_cktile_16x128x256_1x4x1_16x16x64_intrawave_0x1x0_4,timed,2,passed,0.0,,,,
8192,768,7168,cktile_17_split0,cktile,17,0,a8w8_blockscale_cktile_32x128x128_1x4x1_16x16x128_intrawave_0x1x0_3,timed,2,passed,0.0,,,,
8192,768,7168,cktile_18_split0,cktile,18,0,a8w8_blockscale_cktile_32x128x128_1x4x1_16x16x128_intrawave_0x1x0_4,timed,2,passed,0.0,,,,
8192,768,7168,cktile_19_split0,cktile,19,0,a8w8_blockscale_cktile_32x128x128_1x4x1_16x16x64_intrawave_0x1x0_3,timed,2,passed,0.0,,,,
8192,768,7168,cktile_20_split0,cktile,20,0,a8w8_blockscale_cktile_32x128x128_1x4x1_16x16x64_intrawave_0x1x0_4,timed,2,passed,0.0,,,,
8192,768,7168,cktile_21_split0,cktile,21,0,a8w8_blockscale_cktile_128x128x128_1x4x1_16x16x128_intrawave_0x1x0_2,timed,2,passed,0.0,,,,
8192,768,7168,cktile_22_split0,cktile,22,0,a8w8_blockscale_cktile_128x128x128_1x4x1_16x16x128_intrawave_0x1x0_3,timed,2,passed,0.0,,,,
8192,768,7168,cktile_23_split0,cktile,23,0,a8w8_blockscale_cktile_128x128x128_1x4x1_16x16x128_intrawave_0x1x0_4,timed,2,passed,0.0,,,,
8192,768,7168,cktile_24_split0,cktile,24,0,a8w8_blockscale_cktile_128x128x128_2x2x1_16x16x128_intrawave_0x1x0_1,timed,2,passed,0.0,,,,
8192,768,7168,cktile_25_split0,cktile,25,0,a8w8_blockscale_cktile_128x128x128_2x2x1_16x16x128_intrawave_0x1x0_3,timed,2,passed,0.0,,,,
8192,768,7168,cktile_26_split0,cktile,26,0,a8w8_blockscale_cktile_128x128x128_2x2x1_16x16x128_intrawave_0x1x0_4,timed,2,passed,0.0,,,,
8192,768,7168,cktile_27_split0,cktile,27,0,a8w8_blockscale_cktile_192x256x128_4x2x1_16x16x128_intrawave_0x1x0_2,timed,2,passed,0.0,,,,
8192,768,7168,cktile_28_split0,cktile,28,0,a8w8_blockscale_cktile_192x256x128_4x2x1_16x16x128_intrawave_0x1x0_3,timed,2,passed,0.0,,,,
8192,768,7168,cktile_29_split0,cktile,29,0,a8w8_blockscale_cktile_192x256x128_4x2x1_16x16x128_intrawave_0x1x0_4,timed,2,passed,0.0,,,,
8192,768,7168,cktile_30_split0,cktile,30,0,a8w8_blockscale_cktile_192x256x128_4x2x1_16x16x128_intrawave_0x1x0_2_aqrm,timed,2,passed,0.0,,,,
8192,768,7168,cktile_31_split0,cktile,31,0,a8w8_blockscale_cktile_192x256x128_4x2x1_16x16x128_intrawave_0x1x0_3_aqrm,timed,2,passed,0.0,,,,
8192,768,7168,cktile_32_split0,cktile,32,0,a8w8_blockscale_cktile_192x256x128_4x2x1_16x16x128_intrawave_0x1x0_4_aqrm,timed,2,passed,0.0,,,,
8192,768,7168,opus_9000,opus,9000,0,opus_gemm_gfx950_a8w8_mxscale_gemm_bpreshuffle_256x256x256x128_2x2_16x16x128_1x128x128_tiles1_nooob,timed,2,passed,0.0,,,,
8192,768,7168,opus_9010,opus,9010,0,opus_gemm_gfx950_a8w8_mxscale_gemm_bpreshuffle_256x128x128x128_2x2_16x16x128_1x128x128_tiles1_nooob,timed,2,passed,0.0,,,,
8192,768,7168,opus_9011,opus,9011,0,opus_gemm_gfx950_a8w8_mxscale_gemm_bpreshuffle_256x64x128x128_2x2_16x16x128_1x128x128_tiles1_nooob,timed,2,passed,0.0,,,,
8192,768,7168,opus_9012,opus,9012,0,opus_gemm_gfx950_a8w8_mxscale_gemm_bpreshuffle_256x64x64x128_2x2_16x16x128_1x128x128_tiles1_nooob,timed,2,passed,0.0,,,,
8192,768,7168,opus_9020,opus,9020,0,opus_gemm_gfx950_a8w8_mxscale_gemm_bpreshuffle_256x256x256x128_2x2_16x16x128_1x128x128_tiles1,timed,2,passed,0.0,,,,
8192,768,7168,ck_0_split0,ck,0,0,a8w8_blockscale_bpreshuffle_1x128x128_256x128x128x128_16x16_16x16_8x32x1_8x32x1_1x32x1x8_8_2x1_intrawave_v3,timed,2,passed,0.0,,,,
8192,768,7168,ck_1_split0,ck,1,0,a8w8_blockscale_bpreshuffle_1x128x128_256x64x128x128_16x16_16x16_8x32x1_8x32x1_1x32x1x8_8_2x1_intrawave_v3,timed,2,passed,0.0,,,,
8192,768,7168,ck_2_split0,ck,2,0,a8w8_blockscale_bpreshuffle_1x128x128_256x64x64x128_16x16_16x16_8x32x1_8x32x1_1x32x1x8_8_2x1_intrawave_v3,timed,2,passed,0.0,,,,
8192,768,7168,ck_3_split0,ck,3,0,a8w8_blockscale_bpreshuffle_1x128x128_256x16x256x128_8x16_16x16_16x16x1_8x32x1_1x16x1x16_8_1x2_intrawave_v1,timed,2,passed,0.0,,,,
8192,768,7168,ck_4_split0,ck,4,0,a8w8_blockscale_bpreshuffle_1x128x128_256x16x128x128_8x16_16x16_16x16x1_8x32x1_1x16x1x16_8_1x2_intrawave_v1,timed,2,passed,0.0,,,,
8192,768,7168,ck_5_split0,ck,5,0,a8w8_blockscale_bpreshuffle_1x128x128_256x16x64x128_8x16_16x16_16x16x1_8x32x1_1x16x1x16_4_1x1_intrawave_v1,timed,2,passed,0.0,,,,
16384,768,7168,ck_0_split0,ck,0,0,a8w8_blockscale_bpreshuffle_1x128x128_256x128x128x128_16x16_16x16_8x32x1_8x32x1_1x32x1x8_8_2x1_intrawave_v3,preflight,-1,passed,0.0,,,,
16384,768,7168,ck_1_split0,ck,1,0,a8w8_blockscale_bpreshuffle_1x128x128_256x64x128x128_16x16_16x16_8x32x1_8x32x1_1x32x1x8_8_2x1_intrawave_v3,preflight,-1,passed,0.0,,,,
16384,768,7168,ck_2_split0,ck,2,0,a8w8_blockscale_bpreshuffle_1x128x128_256x64x64x128_16x16_16x16_8x32x1_8x32x1_1x32x1x8_8_2x1_intrawave_v3,preflight,-1,passed,0.0,,,,
16384,768,7168,ck_3_split0,ck,3,0,a8w8_blockscale_bpreshuffle_1x128x128_256x16x256x128_8x16_16x16_16x16x1_8x32x1_1x16x1x16_8_1x2_intrawave_v1,preflight,-1,passed,0.0,,,,
16384,768,7168,ck_4_split0,ck,4,0,a8w8_blockscale_bpreshuffle_1x128x128_256x16x128x128_8x16_16x16_16x16x1_8x32x1_1x16x1x16_8_1x2_intrawave_v1,preflight,-1,passed,0.0,,,,
16384,768,7168,ck_5_split0,ck,5,0,a8w8_blockscale_bpreshuffle_1x128x128_256x16x64x128_8x16_16x16_16x16x1_8x32x1_1x16x1x16_4_1x1_intrawave_v1,preflight,-1,passed,0.0,,,,
16384,768,7168,ck_6_split0,ck,6,0,a8w8_blockscale_bpreshuffle_1x128x128_256x16x128x256_16x16_16x16_16x16x1_16x16x1_1x16x1x16_8_1x2_intrawave_v1,preflight,-1,passed,0.0,,,,
16384,768,7168,ck_7_split0,ck,7,0,a8w8_blockscale_bpreshuffle_1x128x128_256x16x64x256_16x16_16x16_16x16x1_16x16x1_1x16x1x16_4_1x1_intrawave_v1,preflight,-1,passed,0.0,,,,
16384,768,7168,ck_8_split0,ck,8,0,a8w8_blockscale_bpreshuffle_1x128x128_256x32x256x128_16x16_16x16_8x32x1_8x32x1_1x32x1x8_8_2x1_intrawave_v1,preflight,-1,passed,0.0,,,,
16384,768,7168,ck_9_split0,ck,9,0,a8w8_blockscale_bpreshuffle_1x128x128_256x32x128x128_16x16_16x16_8x32x1_8x32x1_1x32x1x8_8_2x1_intrawave_v1,preflight,-1,passed,0.0,,,,
16384,768,7168,ck_10_split0,ck,10,0,a8w8_blockscale_bpreshuffle_1x128x128_256x32x64x128_16x16_16x16_8x32x1_8x32x1_1x32x1x8_8_2x1_intrawave_v1,preflight,-1,passed,0.0,,,,
16384,768,7168,ck_11_split0,ck,11,0,a8w8_blockscale_bpreshuffle_1x128x128_256x32x128x256_16x16_16x16_16x16x1_16x16x1_1x32x1x8_8_2x1_intrawave_v1,preflight,-1,passed,0.0,,,,
16384,768,7168,ck_12_split0,ck,12,0,a8w8_blockscale_bpreshuffle_1x128x128_256x32x64x256_16x16_16x16_16x16x1_16x16x1_1x32x1x8_8_2x1_intrawave_v1,preflight,-1,passed,0.0,,,,
16384,768,7168,ck_13_split0,ck,13,0,a8w8_blockscale_bpreshuffle_1x128x128_256x64x256x128_16x16_16x16_8x32x1_8x32x1_1x32x1x8_8_2x1_intrawave_v1,preflight,-1,passed,0.0,,,,
16384,768,7168,ck_14_split0,ck,14,0,a8w8_blockscale_bpreshuffle_1x128x128_256x64x128x128_16x16_16x16_8x32x1_8x32x1_1x32x1x8_8_2x1_intrawave_v1,preflight,-1,passed,0.0,,,,
16384,768,7168,ck_15_split0,ck,15,0,a8w8_blockscale_bpreshuffle_1x128x128_256x64x64x128_16x16_16x16_8x32x1_8x32x1_1x32x1x8_8_2x1_intrawave_v1,preflight,-1,passed,0.0,,,,
16384,768,7168,ck_16_split0,ck,16,0,a8w8_blockscale_bpreshuffle_1x128x128_256x64x128x256_16x16_16x16_16x16x1_16x16x1_1x32x1x8_8_2x1_intrawave_v1,preflight,-1,passed,0.0,,,,
16384,768,7168,ck_17_split0,ck,17,0,a8w8_blockscale_bpreshuffle_1x128x128_256x64x64x256_16x16_16x16_16x16x1_16x16x1_1x32x1x8_8_2x1_intrawave_v1,preflight,-1,passed,0.0,,,,
16384,768,7168,cktile_0_split0,cktile,0,0,a8w8_blockscale_cktile_16x128x256_1x4x1_16x16x128_intrawave_0x1x0_1,preflight,-1,passed,0.0,,,,
16384,768,7168,cktile_1_split0,cktile,1,0,a8w8_blockscale_cktile_16x128x256_1x4x1_16x16x128_intrawave_0x1x0_2,preflight,-1,passed,0.0,,,,
16384,768,7168,cktile_2_split0,cktile,2,0,a8w8_blockscale_cktile_16x128x256_1x4x1_16x16x64_intrawave_0x1x0_1,preflight,-1,passed,0.0,,,,
16384,768,7168,cktile_3_split0,cktile,3,0,a8w8_blockscale_cktile_16x128x256_1x4x1_16x16x64_intrawave_0x1x0_2,preflight,-1,passed,0.0,,,,
16384,768,7168,cktile_4_split0,cktile,4,0,a8w8_blockscale_cktile_32x128x128_1x4x1_16x16x128_intrawave_0x1x0_1,preflight,-1,passed,0.0,,,,
16384,768,7168,cktile_5_split0,cktile,5,0,a8w8_blockscale_cktile_32x128x128_1x4x1_16x16x128_intrawave_0x1x0_2,preflight,-1,passed,0.0,,,,
16384,768,7168,cktile_6_split0,cktile,6,0,a8w8_blockscale_cktile_32x128x128_1x4x1_16x16x64_intrawave_0x1x0_1,preflight,-1,passed,0.0,,,,
16384,768,7168,cktile_7_split0,cktile,7,0,a8w8_blockscale_cktile_32x128x128_1x4x1_16x16x64_intrawave_0x1x0_2,preflight,-1,passed,0.0,,,,
16384,768,7168,cktile_8_split0,cktile,8,0,a8w8_blockscale_cktile_128x128x128_1x4x1_16x16x128_intrawave_0x1x0_1,preflight,-1,passed,0.0,,,,
16384,768,7168,cktile_9_split0,cktile,9,0,a8w8_blockscale_cktile_128x128x128_1x4x1_16x16x128_intrawave_0x1x0_1,preflight,-1,passed,0.0,,,,
16384,768,7168,cktile_10_split0,cktile,10,0,a8w8_blockscale_cktile_128x128x128_2x2x1_16x16x128_intrawave_0x1x0_2,preflight,-1,passed,0.0,,,,
16384,768,7168,cktile_11_split0,cktile,11,0,a8w8_blockscale_cktile_192x256x128_4x2x1_16x16x128_intrawave_0x1x0_1,preflight,-1,passed,0.0,,,,
16384,768,7168,cktile_12_split0,cktile,12,0,a8w8_blockscale_cktile_192x256x128_4x2x1_16x16x128_intrawave_0x1x0_1_aqrm,preflight,-1,passed,0.0,,,,
16384,768,7168,cktile_13_split0,cktile,13,0,a8w8_blockscale_cktile_16x128x256_1x4x1_16x16x128_intrawave_0x1x0_3,preflight,-1,passed,0.0,,,,
16384,768,7168,cktile_14_split0,cktile,14,0,a8w8_blockscale_cktile_16x128x256_1x4x1_16x16x128_intrawave_0x1x0_4,preflight,-1,passed,0.0,,,,
16384,768,7168,cktile_15_split0,cktile,15,0,a8w8_blockscale_cktile_16x128x256_1x4x1_16x16x64_intrawave_0x1x0_3,preflight,-1,passed,0.0,,,,
16384,768,7168,cktile_16_split0,cktile,16,0,a8w8_blockscale_cktile_16x128x256_1x4x1_16x16x64_intrawave_0x1x0_4,preflight,-1,passed,0.0,,,,
16384,768,7168,cktile_17_split0,cktile,17,0,a8w8_blockscale_cktile_32x128x128_1x4x1_16x16x128_intrawave_0x1x0_3,preflight,-1,passed,0.0,,,,
16384,768,7168,cktile_18_split0,cktile,18,0,a8w8_blockscale_cktile_32x128x128_1x4x1_16x16x128_intrawave_0x1x0_4,preflight,-1,passed,0.0,,,,
16384,768,7168,cktile_19_split0,cktile,19,0,a8w8_blockscale_cktile_32x128x128_1x4x1_16x16x64_intrawave_0x1x0_3,preflight,-1,passed,0.0,,,,
16384,768,7168,cktile_20_split0,cktile,20,0,a8w8_blockscale_cktile_32x128x128_1x4x1_16x16x64_intrawave_0x1x0_4,preflight,-1,passed,0.0,,,,
16384,768,7168,cktile_21_split0,cktile,21,0,a8w8_blockscale_cktile_128x128x128_1x4x1_16x16x128_intrawave_0x1x0_2,preflight,-1,passed,0.0,,,,
16384,768,7168,cktile_22_split0,cktile,22,0,a8w8_blockscale_cktile_128x128x128_1x4x1_16x16x128_intrawave_0x1x0_3,preflight,-1,passed,0.0,,,,
16384,768,7168,cktile_23_split0,cktile,23,0,a8w8_blockscale_cktile_128x128x128_1x4x1_16x16x128_intrawave_0x1x0_4,preflight,-1,passed,0.0,,,,
16384,768,7168,cktile_24_split0,cktile,24,0,a8w8_blockscale_cktile_128x128x128_2x2x1_16x16x128_intrawave_0x1x0_1,preflight,-1,passed,0.0,,,,
16384,768,7168,cktile_25_split0,cktile,25,0,a8w8_blockscale_cktile_128x128x128_2x2x1_16x16x128_intrawave_0x1x0_3,preflight,-1,passed,0.0,,,,
16384,768,7168,cktile_26_split0,cktile,26,0,a8w8_blockscale_cktile_128x128x128_2x2x1_16x16x128_intrawave_0x1x0_4,preflight,-1,passed,0.0,,,,
16384,768,7168,cktile_27_split0,cktile,27,0,a8w8_blockscale_cktile_192x256x128_4x2x1_16x16x128_intrawave_0x1x0_2,preflight,-1,passed,0.0,,,,
16384,768,7168,cktile_28_split0,cktile,28,0,a8w8_blockscale_cktile_192x256x128_4x2x1_16x16x128_intrawave_0x1x0_3,preflight,-1,passed,0.0,,,,
16384,768,7168,cktile_29_split0,cktile,29,0,a8w8_blockscale_cktile_192x256x128_4x2x1_16x16x128_intrawave_0x1x0_4,preflight,-1,passed,0.0,,,,
16384,768,7168,cktile_30_split0,cktile,30,0,a8w8_blockscale_cktile_192x256x128_4x2x1_16x16x128_intrawave_0x1x0_2_aqrm,preflight,-1,passed,0.0,,,,
16384,768,7168,cktile_31_split0,cktile,31,0,a8w8_blockscale_cktile_192x256x128_4x2x1_16x16x128_intrawave_0x1x0_3_aqrm,preflight,-1,passed,0.0,,,,
16384,768,7168,cktile_32_split0,cktile,32,0,a8w8_blockscale_cktile_192x256x128_4x2x1_16x16x128_intrawave_0x1x0_4_aqrm,preflight,-1,passed,0.0,,,,
16384,768,7168,asm_0_split1,asm,0,1,_ZN5aiter42fp8gemm_bf16_blockscale_BpreShuffle_32x128E,preflight,-1,failed,0.1695,outside original FP32 accumulation bounds,0,2132724,8.000732421875
16384,768,7168,asm_1_split2,asm,1,2,_ZN5aiter42fp8gemm_bf16_blockscale_BpreShuffle_32x128E,preflight,-1,failed,0.2588,outside original FP32 accumulation bounds,0,3255673,13.234130859375
16384,768,7168,asm_2_split3,asm,2,3,_ZN5aiter42fp8gemm_bf16_blockscale_BpreShuffle_32x128E,preflight,-1,failed,0.3058,outside original FP32 accumulation bounds,0,3846740,14.8365478515625
16384,768,7168,asm_3_split4,asm,3,4,_ZN5aiter42fp8gemm_bf16_blockscale_BpreShuffle_32x128E,preflight,-1,failed,0.3381,outside original FP32 accumulation bounds,0,4253152,16.091064453125
16384,768,7168,asm_4_split5,asm,4,5,_ZN5aiter42fp8gemm_bf16_blockscale_BpreShuffle_32x128E,preflight,-1,failed,0.3598,outside original FP32 accumulation bounds,0,4526626,16.463134765625
16384,768,7168,asm_5_split6,asm,5,6,_ZN5aiter42fp8gemm_bf16_blockscale_BpreShuffle_32x128E,preflight,-1,failed,0.3802,outside original FP32 accumulation bounds,0,4783187,17.09033203125
16384,768,7168,asm_6_split7,asm,6,7,_ZN5aiter42fp8gemm_bf16_blockscale_BpreShuffle_32x128E,preflight,-1,failed,0.3977,outside original FP32 accumulation bounds,0,5003921,17.393798828125
16384,768,7168,asm_7_split8,asm,7,8,_ZN5aiter42fp8gemm_bf16_blockscale_BpreShuffle_32x128E,preflight,-1,failed,0.4182,outside original FP32 accumulation bounds,0,5261590,27.7901611328125
16384,768,7168,asm_8_split1,asm,8,1,_ZN5aiter42fp8gemm_bf16_blockscale_BpreShuffle_48x128E,preflight,-1,failed,0.1695,outside original FP32 accumulation bounds,0,2132724,8.000732421875
16384,768,7168,asm_9_split2,asm,9,2,_ZN5aiter42fp8gemm_bf16_blockscale_BpreShuffle_48x128E,preflight,-1,failed,0.2588,outside original FP32 accumulation bounds,0,3255673,13.234130859375
16384,768,7168,asm_10_split3,asm,10,3,_ZN5aiter42fp8gemm_bf16_blockscale_BpreShuffle_48x128E,preflight,-1,failed,0.3058,outside original FP32 accumulation bounds,0,3846837,14.8365478515625
16384,768,7168,asm_11_split4,asm,11,4,_ZN5aiter42fp8gemm_bf16_blockscale_BpreShuffle_48x128E,preflight,-1,failed,0.3377,outside original FP32 accumulation bounds,0,4248809,16.091064453125
16384,768,7168,asm_12_split5,asm,12,5,_ZN5aiter42fp8gemm_bf16_blockscale_BpreShuffle_48x128E,preflight,-1,failed,0.3597,outside original FP32 accumulation bounds,0,4525285,16.0406494140625
16384,768,7168,asm_13_split6,asm,13,6,_ZN5aiter42fp8gemm_bf16_blockscale_BpreShuffle_48x128E,preflight,-1,failed,0.3801,outside original FP32 accumulation bounds,0,4782213,15.6107177734375
16384,768,7168,asm_14_split7,asm,14,7,_ZN5aiter42fp8gemm_bf16_blockscale_BpreShuffle_48x128E,preflight,-1,failed,0.3978,outside original FP32 accumulation bounds,0,5004447,18.9520263671875
16384,768,7168,asm_15_split8,asm,15,8,_ZN5aiter42fp8gemm_bf16_blockscale_BpreShuffle_48x128E,preflight,-1,failed,0.4169,outside original FP32 accumulation bounds,0,5244839,27.7901611328125
16384,768,7168,asm_16_split1,asm,16,1,_ZN5aiter42fp8gemm_bf16_blockscale_BpreShuffle_64x128E,preflight,-1,failed,0.1695,outside original FP32 accumulation bounds,0,2132724,8.000732421875
16384,768,7168,asm_17_split2,asm,17,2,_ZN5aiter42fp8gemm_bf16_blockscale_BpreShuffle_64x128E,preflight,-1,failed,0.2588,outside original FP32 accumulation bounds,0,3255673,13.234130859375
16384,768,7168,asm_18_split3,asm,18,3,_ZN5aiter42fp8gemm_bf16_blockscale_BpreShuffle_64x128E,preflight,-1,failed,0.3056,outside original FP32 accumulation bounds,0,3845195,14.8365478515625
16384,768,7168,asm_19_split4,asm,19,4,_ZN5aiter42fp8gemm_bf16_blockscale_BpreShuffle_64x128E,preflight,-1,failed,0.3374,outside original FP32 accumulation bounds,0,4245442,16.091064453125
16384,768,7168,asm_20_split5,asm,20,5,_ZN5aiter42fp8gemm_bf16_blockscale_BpreShuffle_64x128E,preflight,-1,failed,0.3595,outside original FP32 accumulation bounds,0,4523128,15.8917236328125
16384,768,7168,asm_21_split6,asm,21,6,_ZN5aiter42fp8gemm_bf16_blockscale_BpreShuffle_64x128E,preflight,-1,failed,0.3801,outside original FP32 accumulation bounds,0,4782238,16.5906982421875
16384,768,7168,asm_22_split7,asm,22,7,_ZN5aiter42fp8gemm_bf16_blockscale_BpreShuffle_64x128E,preflight,-1,failed,0.398,outside original FP32 accumulation bounds,0,5006883,19.0457763671875
16384,768,7168,asm_23_split8,asm,23,8,_ZN5aiter42fp8gemm_bf16_blockscale_BpreShuffle_64x128E,preflight,-1,failed,0.4154,outside original FP32 accumulation bounds,0,5226534,19.7901611328125
16384,768,7168,asm_24_split1,asm,24,1,_ZN5aiter42fp8gemm_bf16_blockscale_BpreShuffle_80x128E,preflight,-1,failed,0.1695,outside original FP32 accumulation bounds,0,2132724,8.000732421875
16384,768,7168,asm_25_split2,asm,25,2,_ZN5aiter42fp8gemm_bf16_blockscale_BpreShuffle_80x128E,preflight,-1,failed,0.2588,outside original FP32 accumulation bounds,0,3255673,13.234130859375
16384,768,7168,asm_26_split3,asm,26,3,_ZN5aiter42fp8gemm_bf16_blockscale_BpreShuffle_80x128E,preflight,-1,failed,0.3057,outside original FP32 accumulation bounds,0,3846128,15.11962890625
16384,768,7168,asm_27_split4,asm,27,4,_ZN5aiter42fp8gemm_bf16_blockscale_BpreShuffle_80x128E,preflight,-1,failed,0.3376,outside original FP32 accumulation bounds,0,4247101,16.091064453125
16384,768,7168,asm_28_split5,asm,28,5,_ZN5aiter42fp8gemm_bf16_blockscale_BpreShuffle_80x128E,preflight,-1,failed,0.3595,outside original FP32 accumulation bounds,0,4523088,16.0982666015625
16384,768,7168,asm_29_split6,asm,29,6,_ZN5aiter42fp8gemm_bf16_blockscale_BpreShuffle_80x128E,preflight,-1,failed,0.3805,outside original FP32 accumulation bounds,0,4786662,18.4945068359375
16384,768,7168,asm_30_split7,asm,30,7,_ZN5aiter42fp8gemm_bf16_blockscale_BpreShuffle_80x128E,preflight,-1,failed,0.3978,outside original FP32 accumulation bounds,0,5005264,18.783203125
16384,768,7168,asm_31_split8,asm,31,8,_ZN5aiter42fp8gemm_bf16_blockscale_BpreShuffle_80x128E,preflight,-1,failed,0.4102,outside original FP32 accumulation bounds,0,5160739,20.2186279296875
16384,768,7168,asm_32_split1,asm,32,1,_ZN5aiter42fp8gemm_bf16_blockscale_BpreShuffle_96x128E,preflight,-1,failed,0.1695,outside original FP32 accumulation bounds,0,2132724,8.000732421875
16384,768,7168,asm_33_split2,asm,33,2,_ZN5aiter42fp8gemm_bf16_blockscale_BpreShuffle_96x128E,preflight,-1,failed,0.2588,outside original FP32 accumulation bounds,0,3255673,13.234130859375
16384,768,7168,asm_34_split3,asm,34,3,_ZN5aiter42fp8gemm_bf16_blockscale_BpreShuffle_96x128E,preflight,-1,failed,0.3057,outside original FP32 accumulation bounds,0,3845848,15.11962890625
16384,768,7168,asm_35_split4,asm,35,4,_ZN5aiter42fp8gemm_bf16_blockscale_BpreShuffle_96x128E,preflight,-1,failed,0.3376,outside original FP32 accumulation bounds,0,4247818,16.091064453125
16384,768,7168,asm_36_split5,asm,36,5,_ZN5aiter42fp8gemm_bf16_blockscale_BpreShuffle_96x128E,preflight,-1,failed,0.3594,outside original FP32 accumulation bounds,0,4521790,16.0982666015625
16384,768,7168,asm_37_split6,asm,37,6,_ZN5aiter42fp8gemm_bf16_blockscale_BpreShuffle_96x128E,preflight,-1,failed,0.3803,outside original FP32 accumulation bounds,0,4785220,16.5906982421875
16384,768,7168,asm_38_split7,asm,38,7,_ZN5aiter42fp8gemm_bf16_blockscale_BpreShuffle_96x128E,preflight,-1,failed,0.398,outside original FP32 accumulation bounds,0,5007087,18.0880126953125
16384,768,7168,asm_39_split8,asm,39,8,_ZN5aiter42fp8gemm_bf16_blockscale_BpreShuffle_96x128E,preflight,-1,failed,0.4083,outside original FP32 accumulation bounds,0,5137457,22.6136474609375
16384,768,7168,asm_40_split1,asm,40,1,_ZN5aiter43fp8gemm_bf16_blockscale_BpreShuffle_128x128E,preflight,-1,failed,0.1695,outside original FP32 accumulation bounds,0,2132724,8.000732421875
16384,768,7168,asm_41_split2,asm,41,2,_ZN5aiter43fp8gemm_bf16_blockscale_BpreShuffle_128x128E,preflight,-1,failed,0.2588,outside original FP32 accumulation bounds,0,3255673,13.234130859375
16384,768,7168,asm_42_split3,asm,42,3,_ZN5aiter43fp8gemm_bf16_blockscale_BpreShuffle_128x128E,preflight,-1,failed,0.3054,outside original FP32 accumulation bounds,0,3842367,15.11962890625
16384,768,7168,asm_43_split4,asm,43,4,_ZN5aiter43fp8gemm_bf16_blockscale_BpreShuffle_128x128E,preflight,-1,failed,0.3375,outside original FP32 accumulation bounds,0,4246660,16.091064453125
16384,768,7168,asm_44_split5,asm,44,5,_ZN5aiter43fp8gemm_bf16_blockscale_BpreShuffle_128x128E,preflight,-1,failed,0.3594,outside original FP32 accumulation bounds,0,4521825,15.89697265625
16384,768,7168,asm_45_split6,asm,45,6,_ZN5aiter43fp8gemm_bf16_blockscale_BpreShuffle_128x128E,preflight,-1,failed,0.3802,outside original FP32 accumulation bounds,0,4783644,16.5906982421875
16384,768,7168,asm_46_split7,asm,46,7,_ZN5aiter43fp8gemm_bf16_blockscale_BpreShuffle_128x128E,preflight,-1,failed,0.3971,outside original FP32 accumulation bounds,0,4995749,19.107421875
16384,768,7168,asm_47_split8,asm,47,8,_ZN5aiter43fp8gemm_bf16_blockscale_BpreShuffle_128x128E,preflight,-1,failed,0.4045,outside original FP32 accumulation bounds,0,5088571,22.7686767578125
16384,768,7168,opus_9000,opus,9000,0,opus_gemm_gfx950_a8w8_mxscale_gemm_bpreshuffle_256x256x256x128_2x2_16x16x128_1x128x128_tiles1_nooob,preflight,-1,passed,0.0,,,,
16384,768,7168,opus_9010,opus,9010,0,opus_gemm_gfx950_a8w8_mxscale_gemm_bpreshuffle_256x128x128x128_2x2_16x16x128_1x128x128_tiles1_nooob,preflight,-1,passed,0.0,,,,
16384,768,7168,opus_9011,opus,9011,0,opus_gemm_gfx950_a8w8_mxscale_gemm_bpreshuffle_256x64x128x128_2x2_16x16x128_1x128x128_tiles1_nooob,preflight,-1,passed,0.0,,,,
16384,768,7168,opus_9012,opus,9012,0,opus_gemm_gfx950_a8w8_mxscale_gemm_bpreshuffle_256x64x64x128_2x2_16x16x128_1x128x128_tiles1_nooob,preflight,-1,passed,0.0,,,,
16384,768,7168,opus_9020,opus,9020,0,opus_gemm_gfx950_a8w8_mxscale_gemm_bpreshuffle_256x256x256x128_2x2_16x16x128_1x128x128_tiles1,preflight,-1,passed,0.0,,,,
16384,768,7168,ck_5_split0,ck,5,0,a8w8_blockscale_bpreshuffle_1x128x128_256x16x64x128_8x16_16x16_16x16x1_8x32x1_1x16x1x16_4_1x1_intrawave_v1,timed,0,passed,0.0,,,,
16384,768,7168,ck_6_split0,ck,6,0,a8w8_blockscale_bpreshuffle_1x128x128_256x16x128x256_16x16_16x16_16x16x1_16x16x1_1x16x1x16_8_1x2_intrawave_v1,timed,0,passed,0.0,,,,
16384,768,7168,ck_7_split0,ck,7,0,a8w8_blockscale_bpreshuffle_1x128x128_256x16x64x256_16x16_16x16_16x16x1_16x16x1_1x16x1x16_4_1x1_intrawave_v1,timed,0,passed,0.0,,,,
16384,768,7168,ck_8_split0,ck,8,0,a8w8_blockscale_bpreshuffle_1x128x128_256x32x256x128_16x16_16x16_8x32x1_8x32x1_1x32x1x8_8_2x1_intrawave_v1,timed,0,passed,0.0,,,,
16384,768,7168,ck_9_split0,ck,9,0,a8w8_blockscale_bpreshuffle_1x128x128_256x32x128x128_16x16_16x16_8x32x1_8x32x1_1x32x1x8_8_2x1_intrawave_v1,timed,0,passed,0.0,,,,
16384,768,7168,ck_10_split0,ck,10,0,a8w8_blockscale_bpreshuffle_1x128x128_256x32x64x128_16x16_16x16_8x32x1_8x32x1_1x32x1x8_8_2x1_intrawave_v1,timed,0,passed,0.0,,,,
16384,768,7168,ck_11_split0,ck,11,0,a8w8_blockscale_bpreshuffle_1x128x128_256x32x128x256_16x16_16x16_16x16x1_16x16x1_1x32x1x8_8_2x1_intrawave_v1,timed,0,passed,0.0,,,,
16384,768,7168,ck_12_split0,ck,12,0,a8w8_blockscale_bpreshuffle_1x128x128_256x32x64x256_16x16_16x16_16x16x1_16x16x1_1x32x1x8_8_2x1_intrawave_v1,timed,0,passed,0.0,,,,
16384,768,7168,ck_13_split0,ck,13,0,a8w8_blockscale_bpreshuffle_1x128x128_256x64x256x128_16x16_16x16_8x32x1_8x32x1_1x32x1x8_8_2x1_intrawave_v1,timed,0,passed,0.0,,,,
16384,768,7168,ck_14_split0,ck,14,0,a8w8_blockscale_bpreshuffle_1x128x128_256x64x128x128_16x16_16x16_8x32x1_8x32x1_1x32x1x8_8_2x1_intrawave_v1,timed,0,passed,0.0,,,,
16384,768,7168,ck_15_split0,ck,15,0,a8w8_blockscale_bpreshuffle_1x128x128_256x64x64x128_16x16_16x16_8x32x1_8x32x1_1x32x1x8_8_2x1_intrawave_v1,timed,0,passed,0.0,,,,
16384,768,7168,ck_16_split0,ck,16,0,a8w8_blockscale_bpreshuffle_1x128x128_256x64x128x256_16x16_16x16_16x16x1_16x16x1_1x32x1x8_8_2x1_intrawave_v1,timed,0,passed,0.0,,,,
16384,768,7168,ck_17_split0,ck,17,0,a8w8_blockscale_bpreshuffle_1x128x128_256x64x64x256_16x16_16x16_16x16x1_16x16x1_1x32x1x8_8_2x1_intrawave_v1,timed,0,passed,0.0,,,,
16384,768,7168,cktile_0_split0,cktile,0,0,a8w8_blockscale_cktile_16x128x256_1x4x1_16x16x128_intrawave_0x1x0_1,timed,0,passed,0.0,,,,
16384,768,7168,cktile_1_split0,cktile,1,0,a8w8_blockscale_cktile_16x128x256_1x4x1_16x16x128_intrawave_0x1x0_2,timed,0,passed,0.0,,,,
16384,768,7168,cktile_2_split0,cktile,2,0,a8w8_blockscale_cktile_16x128x256_1x4x1_16x16x64_intrawave_0x1x0_1,timed,0,passed,0.0,,,,
16384,768,7168,cktile_3_split0,cktile,3,0,a8w8_blockscale_cktile_16x128x256_1x4x1_16x16x64_intrawave_0x1x0_2,timed,0,passed,0.0,,,,
16384,768,7168,cktile_4_split0,cktile,4,0,a8w8_blockscale_cktile_32x128x128_1x4x1_16x16x128_intrawave_0x1x0_1,timed,0,passed,0.0,,,,
16384,768,7168,cktile_5_split0,cktile,5,0,a8w8_blockscale_cktile_32x128x128_1x4x1_16x16x128_intrawave_0x1x0_2,timed,0,passed,0.0,,,,
16384,768,7168,cktile_6_split0,cktile,6,0,a8w8_blockscale_cktile_32x128x128_1x4x1_16x16x64_intrawave_0x1x0_1,timed,0,passed,0.0,,,,
16384,768,7168,cktile_7_split0,cktile,7,0,a8w8_blockscale_cktile_32x128x128_1x4x1_16x16x64_intrawave_0x1x0_2,timed,0,passed,0.0,,,,
16384,768,7168,cktile_8_split0,cktile,8,0,a8w8_blockscale_cktile_128x128x128_1x4x1_16x16x128_intrawave_0x1x0_1,timed,0,passed,0.0,,,,
16384,768,7168,cktile_9_split0,cktile,9,0,a8w8_blockscale_cktile_128x128x128_1x4x1_16x16x128_intrawave_0x1x0_1,timed,0,passed,0.0,,,,
16384,768,7168,cktile_10_split0,cktile,10,0,a8w8_blockscale_cktile_128x128x128_2x2x1_16x16x128_intrawave_0x1x0_2,timed,0,passed,0.0,,,,
16384,768,7168,cktile_11_split0,cktile,11,0,a8w8_blockscale_cktile_192x256x128_4x2x1_16x16x128_intrawave_0x1x0_1,timed,0,passed,0.0,,,,
16384,768,7168,cktile_12_split0,cktile,12,0,a8w8_blockscale_cktile_192x256x128_4x2x1_16x16x128_intrawave_0x1x0_1_aqrm,timed,0,passed,0.0,,,,
16384,768,7168,cktile_13_split0,cktile,13,0,a8w8_blockscale_cktile_16x128x256_1x4x1_16x16x128_intrawave_0x1x0_3,timed,0,passed,0.0,,,,
16384,768,7168,cktile_14_split0,cktile,14,0,a8w8_blockscale_cktile_16x128x256_1x4x1_16x16x128_intrawave_0x1x0_4,timed,0,passed,0.0,,,,
16384,768,7168,cktile_15_split0,cktile,15,0,a8w8_blockscale_cktile_16x128x256_1x4x1_16x16x64_intrawave_0x1x0_3,timed,0,passed,0.0,,,,
16384,768,7168,cktile_16_split0,cktile,16,0,a8w8_blockscale_cktile_16x128x256_1x4x1_16x16x64_intrawave_0x1x0_4,timed,0,passed,0.0,,,,
16384,768,7168,cktile_17_split0,cktile,17,0,a8w8_blockscale_cktile_32x128x128_1x4x1_16x16x128_intrawave_0x1x0_3,timed,0,passed,0.0,,,,
16384,768,7168,cktile_18_split0,cktile,18,0,a8w8_blockscale_cktile_32x128x128_1x4x1_16x16x128_intrawave_0x1x0_4,timed,0,passed,0.0,,,,
16384,768,7168,cktile_19_split0,cktile,19,0,a8w8_blockscale_cktile_32x128x128_1x4x1_16x16x64_intrawave_0x1x0_3,timed,0,passed,0.0,,,,
16384,768,7168,cktile_20_split0,cktile,20,0,a8w8_blockscale_cktile_32x128x128_1x4x1_16x16x64_intrawave_0x1x0_4,timed,0,passed,0.0,,,,
16384,768,7168,cktile_21_split0,cktile,21,0,a8w8_blockscale_cktile_128x128x128_1x4x1_16x16x128_intrawave_0x1x0_2,timed,0,passed,0.0,,,,
16384,768,7168,cktile_22_split0,cktile,22,0,a8w8_blockscale_cktile_128x128x128_1x4x1_16x16x128_intrawave_0x1x0_3,timed,0,passed,0.0,,,,
16384,768,7168,cktile_23_split0,cktile,23,0,a8w8_blockscale_cktile_128x128x128_1x4x1_16x16x128_intrawave_0x1x0_4,timed,0,passed,0.0,,,,
16384,768,7168,cktile_24_split0,cktile,24,0,a8w8_blockscale_cktile_128x128x128_2x2x1_16x16x128_intrawave_0x1x0_1,timed,0,passed,0.0,,,,
16384,768,7168,cktile_25_split0,cktile,25,0,a8w8_blockscale_cktile_128x128x128_2x2x1_16x16x128_intrawave_0x1x0_3,timed,0,passed,0.0,,,,
16384,768,7168,cktile_26_split0,cktile,26,0,a8w8_blockscale_cktile_128x128x128_2x2x1_16x16x128_intrawave_0x1x0_4,timed,0,passed,0.0,,,,
16384,768,7168,cktile_27_split0,cktile,27,0,a8w8_blockscale_cktile_192x256x128_4x2x1_16x16x128_intrawave_0x1x0_2,timed,0,passed,0.0,,,,
16384,768,7168,cktile_28_split0,cktile,28,0,a8w8_blockscale_cktile_192x256x128_4x2x1_16x16x128_intrawave_0x1x0_3,timed,0,passed,0.0,,,,
16384,768,7168,cktile_29_split0,cktile,29,0,a8w8_blockscale_cktile_192x256x128_4x2x1_16x16x128_intrawave_0x1x0_4,timed,0,passed,0.0,,,,
16384,768,7168,cktile_30_split0,cktile,30,0,a8w8_blockscale_cktile_192x256x128_4x2x1_16x16x128_intrawave_0x1x0_2_aqrm,timed,0,passed,0.0,,,,
16384,768,7168,cktile_31_split0,cktile,31,0,a8w8_blockscale_cktile_192x256x128_4x2x1_16x16x128_intrawave_0x1x0_3_aqrm,timed,0,passed,0.0,,,,
16384,768,7168,cktile_32_split0,cktile,32,0,a8w8_blockscale_cktile_192x256x128_4x2x1_16x16x128_intrawave_0x1x0_4_aqrm,timed,0,passed,0.0,,,,
16384,768,7168,opus_9000,opus,9000,0,opus_gemm_gfx950_a8w8_mxscale_gemm_bpreshuffle_256x256x256x128_2x2_16x16x128_1x128x128_tiles1_nooob,timed,0,passed,0.0,,,,
16384,768,7168,opus_9010,opus,9010,0,opus_gemm_gfx950_a8w8_mxscale_gemm_bpreshuffle_256x128x128x128_2x2_16x16x128_1x128x128_tiles1_nooob,timed,0,passed,0.0,,,,
16384,768,7168,opus_9011,opus,9011,0,opus_gemm_gfx950_a8w8_mxscale_gemm_bpreshuffle_256x64x128x128_2x2_16x16x128_1x128x128_tiles1_nooob,timed,0,passed,0.0,,,,
16384,768,7168,opus_9012,opus,9012,0,opus_gemm_gfx950_a8w8_mxscale_gemm_bpreshuffle_256x64x64x128_2x2_16x16x128_1x128x128_tiles1_nooob,timed,0,passed,0.0,,,,
16384,768,7168,opus_9020,opus,9020,0,opus_gemm_gfx950_a8w8_mxscale_gemm_bpreshuffle_256x256x256x128_2x2_16x16x128_1x128x128_tiles1,timed,0,passed,0.0,,,,
16384,768,7168,ck_0_split0,ck,0,0,a8w8_blockscale_bpreshuffle_1x128x128_256x128x128x128_16x16_16x16_8x32x1_8x32x1_1x32x1x8_8_2x1_intrawave_v3,timed,0,passed,0.0,,,,
16384,768,7168,ck_1_split0,ck,1,0,a8w8_blockscale_bpreshuffle_1x128x128_256x64x128x128_16x16_16x16_8x32x1_8x32x1_1x32x1x8_8_2x1_intrawave_v3,timed,0,passed,0.0,,,,
16384,768,7168,ck_2_split0,ck,2,0,a8w8_blockscale_bpreshuffle_1x128x128_256x64x64x128_16x16_16x16_8x32x1_8x32x1_1x32x1x8_8_2x1_intrawave_v3,timed,0,passed,0.0,,,,
16384,768,7168,ck_3_split0,ck,3,0,a8w8_blockscale_bpreshuffle_1x128x128_256x16x256x128_8x16_16x16_16x16x1_8x32x1_1x16x1x16_8_1x2_intrawave_v1,timed,0,passed,0.0,,,,
16384,768,7168,ck_4_split0,ck,4,0,a8w8_blockscale_bpreshuffle_1x128x128_256x16x128x128_8x16_16x16_16x16x1_8x32x1_1x16x1x16_8_1x2_intrawave_v1,timed,0,passed,0.0,,,,
16384,768,7168,ck_5_split0,ck,5,0,a8w8_blockscale_bpreshuffle_1x128x128_256x16x64x128_8x16_16x16_16x16x1_8x32x1_1x16x1x16_4_1x1_intrawave_v1,timed,1,passed,0.0,,,,
16384,768,7168,ck_4_split0,ck,4,0,a8w8_blockscale_bpreshuffle_1x128x128_256x16x128x128_8x16_16x16_16x16x1_8x32x1_1x16x1x16_8_1x2_intrawave_v1,timed,1,passed,0.0,,,,
16384,768,7168,ck_3_split0,ck,3,0,a8w8_blockscale_bpreshuffle_1x128x128_256x16x256x128_8x16_16x16_16x16x1_8x32x1_1x16x1x16_8_1x2_intrawave_v1,timed,1,passed,0.0,,,,
16384,768,7168,ck_2_split0,ck,2,0,a8w8_blockscale_bpreshuffle_1x128x128_256x64x64x128_16x16_16x16_8x32x1_8x32x1_1x32x1x8_8_2x1_intrawave_v3,timed,1,passed,0.0,,,,
16384,768,7168,ck_1_split0,ck,1,0,a8w8_blockscale_bpreshuffle_1x128x128_256x64x128x128_16x16_16x16_8x32x1_8x32x1_1x32x1x8_8_2x1_intrawave_v3,timed,1,passed,0.0,,,,
16384,768,7168,ck_0_split0,ck,0,0,a8w8_blockscale_bpreshuffle_1x128x128_256x128x128x128_16x16_16x16_8x32x1_8x32x1_1x32x1x8_8_2x1_intrawave_v3,timed,1,passed,0.0,,,,
16384,768,7168,opus_9020,opus,9020,0,opus_gemm_gfx950_a8w8_mxscale_gemm_bpreshuffle_256x256x256x128_2x2_16x16x128_1x128x128_tiles1,timed,1,passed,0.0,,,,
16384,768,7168,opus_9012,opus,9012,0,opus_gemm_gfx950_a8w8_mxscale_gemm_bpreshuffle_256x64x64x128_2x2_16x16x128_1x128x128_tiles1_nooob,timed,1,passed,0.0,,,,
16384,768,7168,opus_9011,opus,9011,0,opus_gemm_gfx950_a8w8_mxscale_gemm_bpreshuffle_256x64x128x128_2x2_16x16x128_1x128x128_tiles1_nooob,timed,1,passed,0.0,,,,
16384,768,7168,opus_9010,opus,9010,0,opus_gemm_gfx950_a8w8_mxscale_gemm_bpreshuffle_256x128x128x128_2x2_16x16x128_1x128x128_tiles1_nooob,timed,1,passed,0.0,,,,
16384,768,7168,opus_9000,opus,9000,0,opus_gemm_gfx950_a8w8_mxscale_gemm_bpreshuffle_256x256x256x128_2x2_16x16x128_1x128x128_tiles1_nooob,timed,1,passed,0.0,,,,
16384,768,7168,cktile_32_split0,cktile,32,0,a8w8_blockscale_cktile_192x256x128_4x2x1_16x16x128_intrawave_0x1x0_4_aqrm,timed,1,passed,0.0,,,,
16384,768,7168,cktile_31_split0,cktile,31,0,a8w8_blockscale_cktile_192x256x128_4x2x1_16x16x128_intrawave_0x1x0_3_aqrm,timed,1,passed,0.0,,,,
16384,768,7168,cktile_30_split0,cktile,30,0,a8w8_blockscale_cktile_192x256x128_4x2x1_16x16x128_intrawave_0x1x0_2_aqrm,timed,1,passed,0.0,,,,
16384,768,7168,cktile_29_split0,cktile,29,0,a8w8_blockscale_cktile_192x256x128_4x2x1_16x16x128_intrawave_0x1x0_4,timed,1,passed,0.0,,,,
16384,768,7168,cktile_28_split0,cktile,28,0,a8w8_blockscale_cktile_192x256x128_4x2x1_16x16x128_intrawave_0x1x0_3,timed,1,passed,0.0,,,,
16384,768,7168,cktile_27_split0,cktile,27,0,a8w8_blockscale_cktile_192x256x128_4x2x1_16x16x128_intrawave_0x1x0_2,timed,1,passed,0.0,,,,
16384,768,7168,cktile_26_split0,cktile,26,0,a8w8_blockscale_cktile_128x128x128_2x2x1_16x16x128_intrawave_0x1x0_4,timed,1,passed,0.0,,,,
16384,768,7168,cktile_25_split0,cktile,25,0,a8w8_blockscale_cktile_128x128x128_2x2x1_16x16x128_intrawave_0x1x0_3,timed,1,passed,0.0,,,,
16384,768,7168,cktile_24_split0,cktile,24,0,a8w8_blockscale_cktile_128x128x128_2x2x1_16x16x128_intrawave_0x1x0_1,timed,1,passed,0.0,,,,
16384,768,7168,cktile_23_split0,cktile,23,0,a8w8_blockscale_cktile_128x128x128_1x4x1_16x16x128_intrawave_0x1x0_4,timed,1,passed,0.0,,,,
16384,768,7168,cktile_22_split0,cktile,22,0,a8w8_blockscale_cktile_128x128x128_1x4x1_16x16x128_intrawave_0x1x0_3,timed,1,passed,0.0,,,,
16384,768,7168,cktile_21_split0,cktile,21,0,a8w8_blockscale_cktile_128x128x128_1x4x1_16x16x128_intrawave_0x1x0_2,timed,1,passed,0.0,,,,
16384,768,7168,cktile_20_split0,cktile,20,0,a8w8_blockscale_cktile_32x128x128_1x4x1_16x16x64_intrawave_0x1x0_4,timed,1,passed,0.0,,,,
16384,768,7168,cktile_19_split0,cktile,19,0,a8w8_blockscale_cktile_32x128x128_1x4x1_16x16x64_intrawave_0x1x0_3,timed,1,passed,0.0,,,,
16384,768,7168,cktile_18_split0,cktile,18,0,a8w8_blockscale_cktile_32x128x128_1x4x1_16x16x128_intrawave_0x1x0_4,timed,1,passed,0.0,,,,
16384,768,7168,cktile_17_split0,cktile,17,0,a8w8_blockscale_cktile_32x128x128_1x4x1_16x16x128_intrawave_0x1x0_3,timed,1,passed,0.0,,,,
16384,768,7168,cktile_16_split0,cktile,16,0,a8w8_blockscale_cktile_16x128x256_1x4x1_16x16x64_intrawave_0x1x0_4,timed,1,passed,0.0,,,,
16384,768,7168,cktile_15_split0,cktile,15,0,a8w8_blockscale_cktile_16x128x256_1x4x1_16x16x64_intrawave_0x1x0_3,timed,1,passed,0.0,,,,
16384,768,7168,cktile_14_split0,cktile,14,0,a8w8_blockscale_cktile_16x128x256_1x4x1_16x16x128_intrawave_0x1x0_4,timed,1,passed,0.0,,,,
16384,768,7168,cktile_13_split0,cktile,13,0,a8w8_blockscale_cktile_16x128x256_1x4x1_16x16x128_intrawave_0x1x0_3,timed,1,passed,0.0,,,,
16384,768,7168,cktile_12_split0,cktile,12,0,a8w8_blockscale_cktile_192x256x128_4x2x1_16x16x128_intrawave_0x1x0_1_aqrm,timed,1,passed,0.0,,,,
16384,768,7168,cktile_11_split0,cktile,11,0,a8w8_blockscale_cktile_192x256x128_4x2x1_16x16x128_intrawave_0x1x0_1,timed,1,passed,0.0,,,,
16384,768,7168,cktile_10_split0,cktile,10,0,a8w8_blockscale_cktile_128x128x128_2x2x1_16x16x128_intrawave_0x1x0_2,timed,1,passed,0.0,,,,
16384,768,7168,cktile_9_split0,cktile,9,0,a8w8_blockscale_cktile_128x128x128_1x4x1_16x16x128_intrawave_0x1x0_1,timed,1,passed,0.0,,,,
16384,768,7168,cktile_8_split0,cktile,8,0,a8w8_blockscale_cktile_128x128x128_1x4x1_16x16x128_intrawave_0x1x0_1,timed,1,passed,0.0,,,,
16384,768,7168,cktile_7_split0,cktile,7,0,a8w8_blockscale_cktile_32x128x128_1x4x1_16x16x64_intrawave_0x1x0_2,timed,1,passed,0.0,,,,
16384,768,7168,cktile_6_split0,cktile,6,0,a8w8_blockscale_cktile_32x128x128_1x4x1_16x16x64_intrawave_0x1x0_1,timed,1,passed,0.0,,,,
16384,768,7168,cktile_5_split0,cktile,5,0,a8w8_blockscale_cktile_32x128x128_1x4x1_16x16x128_intrawave_0x1x0_2,timed,1,passed,0.0,,,,
16384,768,7168,cktile_4_split0,cktile,4,0,a8w8_blockscale_cktile_32x128x128_1x4x1_16x16x128_intrawave_0x1x0_1,timed,1,passed,0.0,,,,
16384,768,7168,cktile_3_split0,cktile,3,0,a8w8_blockscale_cktile_16x128x256_1x4x1_16x16x64_intrawave_0x1x0_2,timed,1,passed,0.0,,,,
16384,768,7168,cktile_2_split0,cktile,2,0,a8w8_blockscale_cktile_16x128x256_1x4x1_16x16x64_intrawave_0x1x0_1,timed,1,passed,0.0,,,,
16384,768,7168,cktile_1_split0,cktile,1,0,a8w8_blockscale_cktile_16x128x256_1x4x1_16x16x128_intrawave_0x1x0_2,timed,1,passed,0.0,,,,
16384,768,7168,cktile_0_split0,cktile,0,0,a8w8_blockscale_cktile_16x128x256_1x4x1_16x16x128_intrawave_0x1x0_1,timed,1,passed,0.0,,,,
16384,768,7168,ck_17_split0,ck,17,0,a8w8_blockscale_bpreshuffle_1x128x128_256x64x64x256_16x16_16x16_16x16x1_16x16x1_1x32x1x8_8_2x1_intrawave_v1,timed,1,passed,0.0,,,,
16384,768,7168,ck_16_split0,ck,16,0,a8w8_blockscale_bpreshuffle_1x128x128_256x64x128x256_16x16_16x16_16x16x1_16x16x1_1x32x1x8_8_2x1_intrawave_v1,timed,1,passed,0.0,,,,
16384,768,7168,ck_15_split0,ck,15,0,a8w8_blockscale_bpreshuffle_1x128x128_256x64x64x128_16x16_16x16_8x32x1_8x32x1_1x32x1x8_8_2x1_intrawave_v1,timed,1,passed,0.0,,,,
16384,768,7168,ck_14_split0,ck,14,0,a8w8_blockscale_bpreshuffle_1x128x128_256x64x128x128_16x16_16x16_8x32x1_8x32x1_1x32x1x8_8_2x1_intrawave_v1,timed,1,passed,0.0,,,,
16384,768,7168,ck_13_split0,ck,13,0,a8w8_blockscale_bpreshuffle_1x128x128_256x64x256x128_16x16_16x16_8x32x1_8x32x1_1x32x1x8_8_2x1_intrawave_v1,timed,1,passed,0.0,,,,
16384,768,7168,ck_12_split0,ck,12,0,a8w8_blockscale_bpreshuffle_1x128x128_256x32x64x256_16x16_16x16_16x16x1_16x16x1_1x32x1x8_8_2x1_intrawave_v1,timed,1,passed,0.0,,,,
16384,768,7168,ck_11_split0,ck,11,0,a8w8_blockscale_bpreshuffle_1x128x128_256x32x128x256_16x16_16x16_16x16x1_16x16x1_1x32x1x8_8_2x1_intrawave_v1,timed,1,passed,0.0,,,,
16384,768,7168,ck_10_split0,ck,10,0,a8w8_blockscale_bpreshuffle_1x128x128_256x32x64x128_16x16_16x16_8x32x1_8x32x1_1x32x1x8_8_2x1_intrawave_v1,timed,1,passed,0.0,,,,
16384,768,7168,ck_9_split0,ck,9,0,a8w8_blockscale_bpreshuffle_1x128x128_256x32x128x128_16x16_16x16_8x32x1_8x32x1_1x32x1x8_8_2x1_intrawave_v1,timed,1,passed,0.0,,,,
16384,768,7168,ck_8_split0,ck,8,0,a8w8_blockscale_bpreshuffle_1x128x128_256x32x256x128_16x16_16x16_8x32x1_8x32x1_1x32x1x8_8_2x1_intrawave_v1,timed,1,passed,0.0,,,,
16384,768,7168,ck_7_split0,ck,7,0,a8w8_blockscale_bpreshuffle_1x128x128_256x16x64x256_16x16_16x16_16x16x1_16x16x1_1x16x1x16_4_1x1_intrawave_v1,timed,1,passed,0.0,,,,
16384,768,7168,ck_6_split0,ck,6,0,a8w8_blockscale_bpreshuffle_1x128x128_256x16x128x256_16x16_16x16_16x16x1_16x16x1_1x16x1x16_8_1x2_intrawave_v1,timed,1,passed,0.0,,,,
16384,768,7168,ck_7_split0,ck,7,0,a8w8_blockscale_bpreshuffle_1x128x128_256x16x64x256_16x16_16x16_16x16x1_16x16x1_1x16x1x16_4_1x1_intrawave_v1,timed,2,passed,0.0,,,,
16384,768,7168,ck_8_split0,ck,8,0,a8w8_blockscale_bpreshuffle_1x128x128_256x32x256x128_16x16_16x16_8x32x1_8x32x1_1x32x1x8_8_2x1_intrawave_v1,timed,2,passed,0.0,,,,
16384,768,7168,ck_9_split0,ck,9,0,a8w8_blockscale_bpreshuffle_1x128x128_256x32x128x128_16x16_16x16_8x32x1_8x32x1_1x32x1x8_8_2x1_intrawave_v1,timed,2,passed,0.0,,,,
16384,768,7168,ck_10_split0,ck,10,0,a8w8_blockscale_bpreshuffle_1x128x128_256x32x64x128_16x16_16x16_8x32x1_8x32x1_1x32x1x8_8_2x1_intrawave_v1,timed,2,passed,0.0,,,,
16384,768,7168,ck_11_split0,ck,11,0,a8w8_blockscale_bpreshuffle_1x128x128_256x32x128x256_16x16_16x16_16x16x1_16x16x1_1x32x1x8_8_2x1_intrawave_v1,timed,2,passed,0.0,,,,
16384,768,7168,ck_12_split0,ck,12,0,a8w8_blockscale_bpreshuffle_1x128x128_256x32x64x256_16x16_16x16_16x16x1_16x16x1_1x32x1x8_8_2x1_intrawave_v1,timed,2,passed,0.0,,,,
16384,768,7168,ck_13_split0,ck,13,0,a8w8_blockscale_bpreshuffle_1x128x128_256x64x256x128_16x16_16x16_8x32x1_8x32x1_1x32x1x8_8_2x1_intrawave_v1,timed,2,passed,0.0,,,,
16384,768,7168,ck_14_split0,ck,14,0,a8w8_blockscale_bpreshuffle_1x128x128_256x64x128x128_16x16_16x16_8x32x1_8x32x1_1x32x1x8_8_2x1_intrawave_v1,timed,2,passed,0.0,,,,
16384,768,7168,ck_15_split0,ck,15,0,a8w8_blockscale_bpreshuffle_1x128x128_256x64x64x128_16x16_16x16_8x32x1_8x32x1_1x32x1x8_8_2x1_intrawave_v1,timed,2,passed,0.0,,,,
16384,768,7168,ck_16_split0,ck,16,0,a8w8_blockscale_bpreshuffle_1x128x128_256x64x128x256_16x16_16x16_16x16x1_16x16x1_1x32x1x8_8_2x1_intrawave_v1,timed,2,passed,0.0,,,,
16384,768,7168,ck_17_split0,ck,17,0,a8w8_blockscale_bpreshuffle_1x128x128_256x64x64x256_16x16_16x16_16x16x1_16x16x1_1x32x1x8_8_2x1_intrawave_v1,timed,2,passed,0.0,,,,
16384,768,7168,cktile_0_split0,cktile,0,0,a8w8_blockscale_cktile_16x128x256_1x4x1_16x16x128_intrawave_0x1x0_1,timed,2,passed,0.0,,,,
16384,768,7168,cktile_1_split0,cktile,1,0,a8w8_blockscale_cktile_16x128x256_1x4x1_16x16x128_intrawave_0x1x0_2,timed,2,passed,0.0,,,,
16384,768,7168,cktile_2_split0,cktile,2,0,a8w8_blockscale_cktile_16x128x256_1x4x1_16x16x64_intrawave_0x1x0_1,timed,2,passed,0.0,,,,
16384,768,7168,cktile_3_split0,cktile,3,0,a8w8_blockscale_cktile_16x128x256_1x4x1_16x16x64_intrawave_0x1x0_2,timed,2,passed,0.0,,,,
16384,768,7168,cktile_4_split0,cktile,4,0,a8w8_blockscale_cktile_32x128x128_1x4x1_16x16x128_intrawave_0x1x0_1,timed,2,passed,0.0,,,,
16384,768,7168,cktile_5_split0,cktile,5,0,a8w8_blockscale_cktile_32x128x128_1x4x1_16x16x128_intrawave_0x1x0_2,timed,2,passed,0.0,,,,
16384,768,7168,cktile_6_split0,cktile,6,0,a8w8_blockscale_cktile_32x128x128_1x4x1_16x16x64_intrawave_0x1x0_1,timed,2,passed,0.0,,,,
16384,768,7168,cktile_7_split0,cktile,7,0,a8w8_blockscale_cktile_32x128x128_1x4x1_16x16x64_intrawave_0x1x0_2,timed,2,passed,0.0,,,,
16384,768,7168,cktile_8_split0,cktile,8,0,a8w8_blockscale_cktile_128x128x128_1x4x1_16x16x128_intrawave_0x1x0_1,timed,2,passed,0.0,,,,
16384,768,7168,cktile_9_split0,cktile,9,0,a8w8_blockscale_cktile_128x128x128_1x4x1_16x16x128_intrawave_0x1x0_1,timed,2,passed,0.0,,,,
16384,768,7168,cktile_10_split0,cktile,10,0,a8w8_blockscale_cktile_128x128x128_2x2x1_16x16x128_intrawave_0x1x0_2,timed,2,passed,0.0,,,,
16384,768,7168,cktile_11_split0,cktile,11,0,a8w8_blockscale_cktile_192x256x128_4x2x1_16x16x128_intrawave_0x1x0_1,timed,2,passed,0.0,,,,
16384,768,7168,cktile_12_split0,cktile,12,0,a8w8_blockscale_cktile_192x256x128_4x2x1_16x16x128_intrawave_0x1x0_1_aqrm,timed,2,passed,0.0,,,,
16384,768,7168,cktile_13_split0,cktile,13,0,a8w8_blockscale_cktile_16x128x256_1x4x1_16x16x128_intrawave_0x1x0_3,timed,2,passed,0.0,,,,
16384,768,7168,cktile_14_split0,cktile,14,0,a8w8_blockscale_cktile_16x128x256_1x4x1_16x16x128_intrawave_0x1x0_4,timed,2,passed,0.0,,,,
16384,768,7168,cktile_15_split0,cktile,15,0,a8w8_blockscale_cktile_16x128x256_1x4x1_16x16x64_intrawave_0x1x0_3,timed,2,passed,0.0,,,,
16384,768,7168,cktile_16_split0,cktile,16,0,a8w8_blockscale_cktile_16x128x256_1x4x1_16x16x64_intrawave_0x1x0_4,timed,2,passed,0.0,,,,
16384,768,7168,cktile_17_split0,cktile,17,0,a8w8_blockscale_cktile_32x128x128_1x4x1_16x16x128_intrawave_0x1x0_3,timed,2,passed,0.0,,,,
16384,768,7168,cktile_18_split0,cktile,18,0,a8w8_blockscale_cktile_32x128x128_1x4x1_16x16x128_intrawave_0x1x0_4,timed,2,passed,0.0,,,,
16384,768,7168,cktile_19_split0,cktile,19,0,a8w8_blockscale_cktile_32x128x128_1x4x1_16x16x64_intrawave_0x1x0_3,timed,2,passed,0.0,,,,
16384,768,7168,cktile_20_split0,cktile,20,0,a8w8_blockscale_cktile_32x128x128_1x4x1_16x16x64_intrawave_0x1x0_4,timed,2,passed,0.0,,,,
16384,768,7168,cktile_21_split0,cktile,21,0,a8w8_blockscale_cktile_128x128x128_1x4x1_16x16x128_intrawave_0x1x0_2,timed,2,passed,0.0,,,,
16384,768,7168,cktile_22_split0,cktile,22,0,a8w8_blockscale_cktile_128x128x128_1x4x1_16x16x128_intrawave_0x1x0_3,timed,2,passed,0.0,,,,
16384,768,7168,cktile_23_split0,cktile,23,0,a8w8_blockscale_cktile_128x128x128_1x4x1_16x16x128_intrawave_0x1x0_4,timed,2,passed,0.0,,,,
16384,768,7168,cktile_24_split0,cktile,24,0,a8w8_blockscale_cktile_128x128x128_2x2x1_16x16x128_intrawave_0x1x0_1,timed,2,passed,0.0,,,,
16384,768,7168,cktile_25_split0,cktile,25,0,a8w8_blockscale_cktile_128x128x128_2x2x1_16x16x128_intrawave_0x1x0_3,timed,2,passed,0.0,,,,
16384,768,7168,cktile_26_split0,cktile,26,0,a8w8_blockscale_cktile_128x128x128_2x2x1_16x16x128_intrawave_0x1x0_4,timed,2,passed,0.0,,,,
16384,768,7168,cktile_27_split0,cktile,27,0,a8w8_blockscale_cktile_192x256x128_4x2x1_16x16x128_intrawave_0x1x0_2,timed,2,passed,0.0,,,,
16384,768,7168,cktile_28_split0,cktile,28,0,a8w8_blockscale_cktile_192x256x128_4x2x1_16x16x128_intrawave_0x1x0_3,timed,2,passed,0.0,,,,
16384,768,7168,cktile_29_split0,cktile,29,0,a8w8_blockscale_cktile_192x256x128_4x2x1_16x16x128_intrawave_0x1x0_4,timed,2,passed,0.0,,,,
16384,768,7168,cktile_30_split0,cktile,30,0,a8w8_blockscale_cktile_192x256x128_4x2x1_16x16x128_intrawave_0x1x0_2_aqrm,timed,2,passed,0.0,,,,
16384,768,7168,cktile_31_split0,cktile,31,0,a8w8_blockscale_cktile_192x256x128_4x2x1_16x16x128_intrawave_0x1x0_3_aqrm,timed,2,passed,0.0,,,,
16384,768,7168,cktile_32_split0,cktile,32,0,a8w8_blockscale_cktile_192x256x128_4x2x1_16x16x128_intrawave_0x1x0_4_aqrm,timed,2,passed,0.0,,,,
16384,768,7168,opus_9000,opus,9000,0,opus_gemm_gfx950_a8w8_mxscale_gemm_bpreshuffle_256x256x256x128_2x2_16x16x128_1x128x128_tiles1_nooob,timed,2,passed,0.0,,,,
16384,768,7168,opus_9010,opus,9010,0,opus_gemm_gfx950_a8w8_mxscale_gemm_bpreshuffle_256x128x128x128_2x2_16x16x128_1x128x128_tiles1_nooob,timed,2,passed,0.0,,,,
16384,768,7168,opus_9011,opus,9011,0,opus_gemm_gfx950_a8w8_mxscale_gemm_bpreshuffle_256x64x128x128_2x2_16x16x128_1x128x128_tiles1_nooob,timed,2,passed,0.0,,,,
16384,768,7168,opus_9012,opus,9012,0,opus_gemm_gfx950_a8w8_mxscale_gemm_bpreshuffle_256x64x64x128_2x2_16x16x128_1x128x128_tiles1_nooob,timed,2,passed,0.0,,,,
16384,768,7168,opus_9020,opus,9020,0,opus_gemm_gfx950_a8w8_mxscale_gemm_bpreshuffle_256x256x256x128_2x2_16x16x128_1x128x128_tiles1,timed,2,passed,0.0,,,,
16384,768,7168,ck_0_split0,ck,0,0,a8w8_blockscale_bpreshuffle_1x128x128_256x128x128x128_16x16_16x16_8x32x1_8x32x1_1x32x1x8_8_2x1_intrawave_v3,timed,2,passed,0.0,,,,
16384,768,7168,ck_1_split0,ck,1,0,a8w8_blockscale_bpreshuffle_1x128x128_256x64x128x128_16x16_16x16_8x32x1_8x32x1_1x32x1x8_8_2x1_intrawave_v3,timed,2,passed,0.0,,,,
16384,768,7168,ck_2_split0,ck,2,0,a8w8_blockscale_bpreshuffle_1x128x128_256x64x64x128_16x16_16x16_8x32x1_8x32x1_1x32x1x8_8_2x1_intrawave_v3,timed,2,passed,0.0,,,,
16384,768,7168,ck_3_split0,ck,3,0,a8w8_blockscale_bpreshuffle_1x128x128_256x16x256x128_8x16_16x16_16x16x1_8x32x1_1x16x1x16_8_1x2_intrawave_v1,timed,2,passed,0.0,,,,
16384,768,7168,ck_4_split0,ck,4,0,a8w8_blockscale_bpreshuffle_1x128x128_256x16x128x128_8x16_16x16_16x16x1_8x32x1_1x16x1x16_8_1x2_intrawave_v1,timed,2,passed,0.0,,,,
16384,768,7168,ck_5_split0,ck,5,0,a8w8_blockscale_bpreshuffle_1x128x128_256x16x64x128_8x16_16x16_16x16x1_8x32x1_1x16x1x16_4_1x1_intrawave_v1,timed,2,passed,0.0,,,,
16384,768,7168,ck_6_split0,ck,6,0,a8w8_blockscale_bpreshuffle_1x128x128_256x16x128x256_16x16_16x16_16x16x1_16x16x1_1x16x1x16_8_1x2_intrawave_v1,timed,2,passed,0.0,,,,
1152,2048,7168,ck_0_split0,ck,0,0,a8w8_blockscale_bpreshuffle_1x128x128_256x128x128x128_16x16_16x16_8x32x1_8x32x1_1x32x1x8_8_2x1_intrawave_v3,preflight,-1,passed,0.0,,,,
1152,2048,7168,ck_1_split0,ck,1,0,a8w8_blockscale_bpreshuffle_1x128x128_256x64x128x128_16x16_16x16_8x32x1_8x32x1_1x32x1x8_8_2x1_intrawave_v3,preflight,-1,passed,0.0,,,,
1152,2048,7168,ck_2_split0,ck,2,0,a8w8_blockscale_bpreshuffle_1x128x128_256x64x64x128_16x16_16x16_8x32x1_8x32x1_1x32x1x8_8_2x1_intrawave_v3,preflight,-1,passed,0.0,,,,
1152,2048,7168,ck_3_split0,ck,3,0,a8w8_blockscale_bpreshuffle_1x128x128_256x16x256x128_8x16_16x16_16x16x1_8x32x1_1x16x1x16_8_1x2_intrawave_v1,preflight,-1,passed,0.0,,,,
1152,2048,7168,ck_4_split0,ck,4,0,a8w8_blockscale_bpreshuffle_1x128x128_256x16x128x128_8x16_16x16_16x16x1_8x32x1_1x16x1x16_8_1x2_intrawave_v1,preflight,-1,passed,0.0,,,,
1152,2048,7168,ck_5_split0,ck,5,0,a8w8_blockscale_bpreshuffle_1x128x128_256x16x64x128_8x16_16x16_16x16x1_8x32x1_1x16x1x16_4_1x1_intrawave_v1,preflight,-1,passed,0.0,,,,
1152,2048,7168,ck_6_split0,ck,6,0,a8w8_blockscale_bpreshuffle_1x128x128_256x16x128x256_16x16_16x16_16x16x1_16x16x1_1x16x1x16_8_1x2_intrawave_v1,preflight,-1,passed,0.0,,,,
1152,2048,7168,ck_7_split0,ck,7,0,a8w8_blockscale_bpreshuffle_1x128x128_256x16x64x256_16x16_16x16_16x16x1_16x16x1_1x16x1x16_4_1x1_intrawave_v1,preflight,-1,passed,0.0,,,,
1152,2048,7168,ck_8_split0,ck,8,0,a8w8_blockscale_bpreshuffle_1x128x128_256x32x256x128_16x16_16x16_8x32x1_8x32x1_1x32x1x8_8_2x1_intrawave_v1,preflight,-1,passed,0.0,,,,
1152,2048,7168,ck_9_split0,ck,9,0,a8w8_blockscale_bpreshuffle_1x128x128_256x32x128x128_16x16_16x16_8x32x1_8x32x1_1x32x1x8_8_2x1_intrawave_v1,preflight,-1,passed,0.0,,,,
1152,2048,7168,ck_10_split0,ck,10,0,a8w8_blockscale_bpreshuffle_1x128x128_256x32x64x128_16x16_16x16_8x32x1_8x32x1_1x32x1x8_8_2x1_intrawave_v1,preflight,-1,passed,0.0,,,,
1152,2048,7168,ck_11_split0,ck,11,0,a8w8_blockscale_bpreshuffle_1x128x128_256x32x128x256_16x16_16x16_16x16x1_16x16x1_1x32x1x8_8_2x1_intrawave_v1,preflight,-1,passed,0.0,,,,
1152,2048,7168,ck_12_split0,ck,12,0,a8w8_blockscale_bpreshuffle_1x128x128_256x32x64x256_16x16_16x16_16x16x1_16x16x1_1x32x1x8_8_2x1_intrawave_v1,preflight,-1,passed,0.0,,,,
1152,2048,7168,ck_13_split0,ck,13,0,a8w8_blockscale_bpreshuffle_1x128x128_256x64x256x128_16x16_16x16_8x32x1_8x32x1_1x32x1x8_8_2x1_intrawave_v1,preflight,-1,passed,0.0,,,,
1152,2048,7168,ck_14_split0,ck,14,0,a8w8_blockscale_bpreshuffle_1x128x128_256x64x128x128_16x16_16x16_8x32x1_8x32x1_1x32x1x8_8_2x1_intrawave_v1,preflight,-1,passed,0.0,,,,
1152,2048,7168,ck_15_split0,ck,15,0,a8w8_blockscale_bpreshuffle_1x128x128_256x64x64x128_16x16_16x16_8x32x1_8x32x1_1x32x1x8_8_2x1_intrawave_v1,preflight,-1,passed,0.0,,,,
1152,2048,7168,ck_16_split0,ck,16,0,a8w8_blockscale_bpreshuffle_1x128x128_256x64x128x256_16x16_16x16_16x16x1_16x16x1_1x32x1x8_8_2x1_intrawave_v1,preflight,-1,passed,0.0,,,,
1152,2048,7168,ck_17_split0,ck,17,0,a8w8_blockscale_bpreshuffle_1x128x128_256x64x64x256_16x16_16x16_16x16x1_16x16x1_1x32x1x8_8_2x1_intrawave_v1,preflight,-1,passed,0.0,,,,
1152,2048,7168,cktile_0_split0,cktile,0,0,a8w8_blockscale_cktile_16x128x256_1x4x1_16x16x128_intrawave_0x1x0_1,preflight,-1,passed,0.0,,,,
1152,2048,7168,cktile_1_split0,cktile,1,0,a8w8_blockscale_cktile_16x128x256_1x4x1_16x16x128_intrawave_0x1x0_2,preflight,-1,passed,0.0,,,,
1152,2048,7168,cktile_2_split0,cktile,2,0,a8w8_blockscale_cktile_16x128x256_1x4x1_16x16x64_intrawave_0x1x0_1,preflight,-1,passed,0.0,,,,
1152,2048,7168,cktile_3_split0,cktile,3,0,a8w8_blockscale_cktile_16x128x256_1x4x1_16x16x64_intrawave_0x1x0_2,preflight,-1,passed,0.0,,,,
1152,2048,7168,cktile_4_split0,cktile,4,0,a8w8_blockscale_cktile_32x128x128_1x4x1_16x16x128_intrawave_0x1x0_1,preflight,-1,passed,0.0,,,,
1152,2048,7168,cktile_5_split0,cktile,5,0,a8w8_blockscale_cktile_32x128x128_1x4x1_16x16x128_intrawave_0x1x0_2,preflight,-1,passed,0.0,,,,
1152,2048,7168,cktile_6_split0,cktile,6,0,a8w8_blockscale_cktile_32x128x128_1x4x1_16x16x64_intrawave_0x1x0_1,preflight,-1,passed,0.0,,,,
1152,2048,7168,cktile_7_split0,cktile,7,0,a8w8_blockscale_cktile_32x128x128_1x4x1_16x16x64_intrawave_0x1x0_2,preflight,-1,passed,0.0,,,,
1152,2048,7168,cktile_8_split0,cktile,8,0,a8w8_blockscale_cktile_128x128x128_1x4x1_16x16x128_intrawave_0x1x0_1,preflight,-1,passed,0.0,,,,
1152,2048,7168,cktile_9_split0,cktile,9,0,a8w8_blockscale_cktile_128x128x128_1x4x1_16x16x128_intrawave_0x1x0_1,preflight,-1,passed,0.0,,,,
1152,2048,7168,cktile_10_split0,cktile,10,0,a8w8_blockscale_cktile_128x128x128_2x2x1_16x16x128_intrawave_0x1x0_2,preflight,-1,passed,0.0,,,,
1152,2048,7168,cktile_11_split0,cktile,11,0,a8w8_blockscale_cktile_192x256x128_4x2x1_16x16x128_intrawave_0x1x0_1,preflight,-1,passed,0.0,,,,
1152,2048,7168,cktile_12_split0,cktile,12,0,a8w8_blockscale_cktile_192x256x128_4x2x1_16x16x128_intrawave_0x1x0_1_aqrm,preflight,-1,passed,0.0,,,,
1152,2048,7168,cktile_13_split0,cktile,13,0,a8w8_blockscale_cktile_16x128x256_1x4x1_16x16x128_intrawave_0x1x0_3,preflight,-1,passed,0.0,,,,
1152,2048,7168,cktile_14_split0,cktile,14,0,a8w8_blockscale_cktile_16x128x256_1x4x1_16x16x128_intrawave_0x1x0_4,preflight,-1,passed,0.0,,,,
1152,2048,7168,cktile_15_split0,cktile,15,0,a8w8_blockscale_cktile_16x128x256_1x4x1_16x16x64_intrawave_0x1x0_3,preflight,-1,passed,0.0,,,,
1152,2048,7168,cktile_16_split0,cktile,16,0,a8w8_blockscale_cktile_16x128x256_1x4x1_16x16x64_intrawave_0x1x0_4,preflight,-1,passed,0.0,,,,
1152,2048,7168,cktile_17_split0,cktile,17,0,a8w8_blockscale_cktile_32x128x128_1x4x1_16x16x128_intrawave_0x1x0_3,preflight,-1,passed,0.0,,,,
1152,2048,7168,cktile_18_split0,cktile,18,0,a8w8_blockscale_cktile_32x128x128_1x4x1_16x16x128_intrawave_0x1x0_4,preflight,-1,passed,0.0,,,,
1152,2048,7168,cktile_19_split0,cktile,19,0,a8w8_blockscale_cktile_32x128x128_1x4x1_16x16x64_intrawave_0x1x0_3,preflight,-1,passed,0.0,,,,
1152,2048,7168,cktile_20_split0,cktile,20,0,a8w8_blockscale_cktile_32x128x128_1x4x1_16x16x64_intrawave_0x1x0_4,preflight,-1,passed,0.0,,,,
1152,2048,7168,cktile_21_split0,cktile,21,0,a8w8_blockscale_cktile_128x128x128_1x4x1_16x16x128_intrawave_0x1x0_2,preflight,-1,passed,0.0,,,,
1152,2048,7168,cktile_22_split0,cktile,22,0,a8w8_blockscale_cktile_128x128x128_1x4x1_16x16x128_intrawave_0x1x0_3,preflight,-1,passed,0.0,,,,
1152,2048,7168,cktile_23_split0,cktile,23,0,a8w8_blockscale_cktile_128x128x128_1x4x1_16x16x128_intrawave_0x1x0_4,preflight,-1,passed,0.0,,,,
1152,2048,7168,cktile_24_split0,cktile,24,0,a8w8_blockscale_cktile_128x128x128_2x2x1_16x16x128_intrawave_0x1x0_1,preflight,-1,passed,0.0,,,,
1152,2048,7168,cktile_25_split0,cktile,25,0,a8w8_blockscale_cktile_128x128x128_2x2x1_16x16x128_intrawave_0x1x0_3,preflight,-1,passed,0.0,,,,
1152,2048,7168,cktile_26_split0,cktile,26,0,a8w8_blockscale_cktile_128x128x128_2x2x1_16x16x128_intrawave_0x1x0_4,preflight,-1,passed,0.0,,,,
1152,2048,7168,cktile_27_split0,cktile,27,0,a8w8_blockscale_cktile_192x256x128_4x2x1_16x16x128_intrawave_0x1x0_2,preflight,-1,passed,0.0,,,,
1152,2048,7168,cktile_28_split0,cktile,28,0,a8w8_blockscale_cktile_192x256x128_4x2x1_16x16x128_intrawave_0x1x0_3,preflight,-1,passed,0.0,,,,
1152,2048,7168,cktile_29_split0,cktile,29,0,a8w8_blockscale_cktile_192x256x128_4x2x1_16x16x128_intrawave_0x1x0_4,preflight,-1,passed,0.0,,,,
1152,2048,7168,cktile_30_split0,cktile,30,0,a8w8_blockscale_cktile_192x256x128_4x2x1_16x16x128_intrawave_0x1x0_2_aqrm,preflight,-1,passed,0.0,,,,
1152,2048,7168,cktile_31_split0,cktile,31,0,a8w8_blockscale_cktile_192x256x128_4x2x1_16x16x128_intrawave_0x1x0_3_aqrm,preflight,-1,passed,0.0,,,,
1152,2048,7168,cktile_32_split0,cktile,32,0,a8w8_blockscale_cktile_192x256x128_4x2x1_16x16x128_intrawave_0x1x0_4_aqrm,preflight,-1,passed,0.0,,,,
1152,2048,7168,asm_0_split1,asm,0,1,_ZN5aiter42fp8gemm_bf16_blockscale_BpreShuffle_32x128E,preflight,-1,failed,0.1721,outside original FP32 accumulation bounds,0,405836,8.0096435546875
1152,2048,7168,asm_1_split2,asm,1,2,_ZN5aiter42fp8gemm_bf16_blockscale_BpreShuffle_32x128E,preflight,-1,failed,0.2617,outside original FP32 accumulation bounds,0,617416,12.545654296875
1152,2048,7168,asm_2_split3,asm,2,3,_ZN5aiter42fp8gemm_bf16_blockscale_BpreShuffle_32x128E,preflight,-1,failed,0.3078,outside original FP32 accumulation bounds,0,726095,13.28466796875
1152,2048,7168,asm_3_split4,asm,3,4,_ZN5aiter42fp8gemm_bf16_blockscale_BpreShuffle_32x128E,preflight,-1,failed,0.3383,outside original FP32 accumulation bounds,0,798016,14.6614990234375
1152,2048,7168,asm_4_split5,asm,4,5,_ZN5aiter42fp8gemm_bf16_blockscale_BpreShuffle_32x128E,preflight,-1,failed,0.3622,outside original FP32 accumulation bounds,0,854347,14.730224609375
1152,2048,7168,asm_5_split6,asm,5,6,_ZN5aiter42fp8gemm_bf16_blockscale_BpreShuffle_32x128E,preflight,-1,failed,0.3809,outside original FP32 accumulation bounds,0,898645,15.7645263671875
1152,2048,7168,asm_6_split7,asm,6,7,_ZN5aiter42fp8gemm_bf16_blockscale_BpreShuffle_32x128E,preflight,-1,failed,0.4008,outside original FP32 accumulation bounds,0,945532,18.6148681640625
1152,2048,7168,asm_7_split8,asm,7,8,_ZN5aiter42fp8gemm_bf16_blockscale_BpreShuffle_32x128E,preflight,-1,failed,0.4119,outside original FP32 accumulation bounds,0,971690,17.2449951171875
1152,2048,7168,asm_8_split1,asm,8,1,_ZN5aiter42fp8gemm_bf16_blockscale_BpreShuffle_48x128E,preflight,-1,failed,0.1721,outside original FP32 accumulation bounds,0,405836,8.0096435546875
1152,2048,7168,asm_9_split2,asm,9,2,_ZN5aiter42fp8gemm_bf16_blockscale_BpreShuffle_48x128E,preflight,-1,failed,0.2617,outside original FP32 accumulation bounds,0,617416,12.545654296875
1152,2048,7168,asm_10_split3,asm,10,3,_ZN5aiter42fp8gemm_bf16_blockscale_BpreShuffle_48x128E,preflight,-1,failed,0.3077,outside original FP32 accumulation bounds,0,725950,13.28466796875
1152,2048,7168,asm_11_split4,asm,11,4,_ZN5aiter42fp8gemm_bf16_blockscale_BpreShuffle_48x128E,preflight,-1,failed,0.34,outside original FP32 accumulation bounds,0,801959,14.5364990234375
1152,2048,7168,asm_12_split5,asm,12,5,_ZN5aiter42fp8gemm_bf16_blockscale_BpreShuffle_48x128E,preflight,-1,failed,0.3613,outside original FP32 accumulation bounds,0,852301,15.7645263671875
1152,2048,7168,asm_13_split6,asm,13,6,_ZN5aiter42fp8gemm_bf16_blockscale_BpreShuffle_48x128E,preflight,-1,failed,0.3813,outside original FP32 accumulation bounds,0,899392,15.6842041015625
1152,2048,7168,asm_14_split7,asm,14,7,_ZN5aiter42fp8gemm_bf16_blockscale_BpreShuffle_48x128E,preflight,-1,failed,0.4009,outside original FP32 accumulation bounds,0,945766,15.89453125
1152,2048,7168,asm_15_split8,asm,15,8,_ZN5aiter42fp8gemm_bf16_blockscale_BpreShuffle_48x128E,preflight,-1,failed,0.4103,outside original FP32 accumulation bounds,0,967901,15.46923828125
1152,2048,7168,asm_16_split1,asm,16,1,_ZN5aiter42fp8gemm_bf16_blockscale_BpreShuffle_64x128E,preflight,-1,failed,0.1721,outside original FP32 accumulation bounds,0,405836,8.0096435546875
1152,2048,7168,asm_17_split2,asm,17,2,_ZN5aiter42fp8gemm_bf16_blockscale_BpreShuffle_64x128E,preflight,-1,failed,0.2617,outside original FP32 accumulation bounds,0,617416,12.545654296875
1152,2048,7168,asm_18_split3,asm,18,3,_ZN5aiter42fp8gemm_bf16_blockscale_BpreShuffle_64x128E,preflight,-1,failed,0.3073,outside original FP32 accumulation bounds,0,724965,13.8109130859375
1152,2048,7168,asm_19_split4,asm,19,4,_ZN5aiter42fp8gemm_bf16_blockscale_BpreShuffle_64x128E,preflight,-1,failed,0.3402,outside original FP32 accumulation bounds,0,802619,17.455322265625
1152,2048,7168,asm_20_split5,asm,20,5,_ZN5aiter42fp8gemm_bf16_blockscale_BpreShuffle_64x128E,preflight,-1,failed,0.3612,outside original FP32 accumulation bounds,0,851942,16.3128662109375
1152,2048,7168,asm_21_split6,asm,21,6,_ZN5aiter42fp8gemm_bf16_blockscale_BpreShuffle_64x128E,preflight,-1,failed,0.3806,outside original FP32 accumulation bounds,0,897935,14.665283203125
1152,2048,7168,asm_22_split7,asm,22,7,_ZN5aiter42fp8gemm_bf16_blockscale_BpreShuffle_64x128E,preflight,-1,failed,0.4008,outside original FP32 accumulation bounds,0,945578,16.70751953125
1152,2048,7168,asm_23_split8,asm,23,8,_ZN5aiter42fp8gemm_bf16_blockscale_BpreShuffle_64x128E,preflight,-1,failed,0.4172,outside original FP32 accumulation bounds,0,984161,17.7724609375
1152,2048,7168,asm_24_split1,asm,24,1,_ZN5aiter42fp8gemm_bf16_blockscale_BpreShuffle_80x128E,preflight,-1,failed,0.1721,outside original FP32 accumulation bounds,0,405836,8.0096435546875
1152,2048,7168,asm_25_split2,asm,25,2,_ZN5aiter42fp8gemm_bf16_blockscale_BpreShuffle_80x128E,preflight,-1,failed,0.2617,outside original FP32 accumulation bounds,0,617416,12.545654296875
1152,2048,7168,asm_26_split3,asm,26,3,_ZN5aiter42fp8gemm_bf16_blockscale_BpreShuffle_80x128E,preflight,-1,failed,0.3073,outside original FP32 accumulation bounds,0,724893,13.8109130859375
1152,2048,7168,asm_27_split4,asm,27,4,_ZN5aiter42fp8gemm_bf16_blockscale_BpreShuffle_80x128E,preflight,-1,failed,0.3404,outside original FP32 accumulation bounds,0,803039,17.455322265625
1152,2048,7168,asm_28_split5,asm,28,5,_ZN5aiter42fp8gemm_bf16_blockscale_BpreShuffle_80x128E,preflight,-1,failed,0.3614,outside original FP32 accumulation bounds,0,852488,16.491943359375
1152,2048,7168,asm_29_split6,asm,29,6,_ZN5aiter42fp8gemm_bf16_blockscale_BpreShuffle_80x128E,preflight,-1,failed,0.3809,outside original FP32 accumulation bounds,0,898640,15.6529541015625
1152,2048,7168,asm_30_split7,asm,30,7,_ZN5aiter42fp8gemm_bf16_blockscale_BpreShuffle_80x128E,preflight,-1,failed,0.4017,outside original FP32 accumulation bounds,0,947695,20.298095703125
1152,2048,7168,asm_31_split8,asm,31,8,_ZN5aiter42fp8gemm_bf16_blockscale_BpreShuffle_80x128E,preflight,-1,failed,0.4162,outside original FP32 accumulation bounds,0,981828,17.7724609375
1152,2048,7168,asm_32_split1,asm,32,1,_ZN5aiter42fp8gemm_bf16_blockscale_BpreShuffle_96x128E,preflight,-1,failed,0.1721,outside original FP32 accumulation bounds,0,405836,8.0096435546875
1152,2048,7168,asm_33_split2,asm,33,2,_ZN5aiter42fp8gemm_bf16_blockscale_BpreShuffle_96x128E,preflight,-1,failed,0.2617,outside original FP32 accumulation bounds,0,617416,12.545654296875
1152,2048,7168,asm_34_split3,asm,34,3,_ZN5aiter42fp8gemm_bf16_blockscale_BpreShuffle_96x128E,preflight,-1,failed,0.307,outside original FP32 accumulation bounds,0,724272,13.8109130859375
1152,2048,7168,asm_35_split4,asm,35,4,_ZN5aiter42fp8gemm_bf16_blockscale_BpreShuffle_96x128E,preflight,-1,failed,0.3406,outside original FP32 accumulation bounds,0,803533,17.455322265625
1152,2048,7168,asm_36_split5,asm,36,5,_ZN5aiter42fp8gemm_bf16_blockscale_BpreShuffle_96x128E,preflight,-1,failed,0.3626,outside original FP32 accumulation bounds,0,855466,18.01220703125
1152,2048,7168,asm_37_split6,asm,37,6,_ZN5aiter42fp8gemm_bf16_blockscale_BpreShuffle_96x128E,preflight,-1,failed,0.3823,outside original FP32 accumulation bounds,0,901727,15.240234375
1152,2048,7168,asm_38_split7,asm,38,7,_ZN5aiter42fp8gemm_bf16_blockscale_BpreShuffle_96x128E,preflight,-1,failed,0.4017,outside original FP32 accumulation bounds,0,947496,18.7777099609375
1152,2048,7168,asm_39_split8,asm,39,8,_ZN5aiter42fp8gemm_bf16_blockscale_BpreShuffle_96x128E,preflight,-1,failed,0.4169,outside original FP32 accumulation bounds,0,983488,20.461181640625
1152,2048,7168,asm_40_split1,asm,40,1,_ZN5aiter43fp8gemm_bf16_blockscale_BpreShuffle_128x128E,preflight,-1,failed,0.1721,outside original FP32 accumulation bounds,0,405836,8.0096435546875
1152,2048,7168,asm_41_split2,asm,41,2,_ZN5aiter43fp8gemm_bf16_blockscale_BpreShuffle_128x128E,preflight,-1,failed,0.2617,outside original FP32 accumulation bounds,0,617416,12.545654296875
1152,2048,7168,asm_42_split3,asm,42,3,_ZN5aiter43fp8gemm_bf16_blockscale_BpreShuffle_128x128E,preflight,-1,failed,0.3071,outside original FP32 accumulation bounds,0,724527,13.8109130859375
1152,2048,7168,asm_43_split4,asm,43,4,_ZN5aiter43fp8gemm_bf16_blockscale_BpreShuffle_128x128E,preflight,-1,failed,0.3403,outside original FP32 accumulation bounds,0,802690,14.5364990234375
1152,2048,7168,asm_44_split5,asm,44,5,_ZN5aiter43fp8gemm_bf16_blockscale_BpreShuffle_128x128E,preflight,-1,failed,0.3628,outside original FP32 accumulation bounds,0,855816,16.491943359375
1152,2048,7168,asm_45_split6,asm,45,6,_ZN5aiter43fp8gemm_bf16_blockscale_BpreShuffle_128x128E,preflight,-1,failed,0.38,outside original FP32 accumulation bounds,0,896476,16.7801513671875
1152,2048,7168,asm_46_split7,asm,46,7,_ZN5aiter43fp8gemm_bf16_blockscale_BpreShuffle_128x128E,preflight,-1,failed,0.4001,outside original FP32 accumulation bounds,0,943773,18.1600341796875
1152,2048,7168,asm_47_split8,asm,47,8,_ZN5aiter43fp8gemm_bf16_blockscale_BpreShuffle_128x128E,preflight,-1,failed,0.4156,outside original FP32 accumulation bounds,0,980386,20.297119140625
1152,2048,7168,opus_9010,opus,9010,0,opus_gemm_gfx950_a8w8_mxscale_gemm_bpreshuffle_256x128x128x128_2x2_16x16x128_1x128x128_tiles1_nooob,preflight,-1,passed,0.0,,,,
1152,2048,7168,opus_9011,opus,9011,0,opus_gemm_gfx950_a8w8_mxscale_gemm_bpreshuffle_256x64x128x128_2x2_16x16x128_1x128x128_tiles1_nooob,preflight,-1,passed,0.0,,,,
1152,2048,7168,opus_9012,opus,9012,0,opus_gemm_gfx950_a8w8_mxscale_gemm_bpreshuffle_256x64x64x128_2x2_16x16x128_1x128x128_tiles1_nooob,preflight,-1,passed,0.0,,,,
1152,2048,7168,opus_9020,opus,9020,0,opus_gemm_gfx950_a8w8_mxscale_gemm_bpreshuffle_256x256x256x128_2x2_16x16x128_1x128x128_tiles1,preflight,-1,passed,0.0,,,,
1152,2048,7168,ck_6_split0,ck,6,0,a8w8_blockscale_bpreshuffle_1x128x128_256x16x128x256_16x16_16x16_16x16x1_16x16x1_1x16x1x16_8_1x2_intrawave_v1,timed,0,passed,0.0,,,,
1152,2048,7168,ck_7_split0,ck,7,0,a8w8_blockscale_bpreshuffle_1x128x128_256x16x64x256_16x16_16x16_16x16x1_16x16x1_1x16x1x16_4_1x1_intrawave_v1,timed,0,passed,0.0,,,,
1152,2048,7168,ck_8_split0,ck,8,0,a8w8_blockscale_bpreshuffle_1x128x128_256x32x256x128_16x16_16x16_8x32x1_8x32x1_1x32x1x8_8_2x1_intrawave_v1,timed,0,passed,0.0,,,,
1152,2048,7168,ck_9_split0,ck,9,0,a8w8_blockscale_bpreshuffle_1x128x128_256x32x128x128_16x16_16x16_8x32x1_8x32x1_1x32x1x8_8_2x1_intrawave_v1,timed,0,passed,0.0,,,,
1152,2048,7168,ck_10_split0,ck,10,0,a8w8_blockscale_bpreshuffle_1x128x128_256x32x64x128_16x16_16x16_8x32x1_8x32x1_1x32x1x8_8_2x1_intrawave_v1,timed,0,passed,0.0,,,,
1152,2048,7168,ck_11_split0,ck,11,0,a8w8_blockscale_bpreshuffle_1x128x128_256x32x128x256_16x16_16x16_16x16x1_16x16x1_1x32x1x8_8_2x1_intrawave_v1,timed,0,passed,0.0,,,,
1152,2048,7168,ck_12_split0,ck,12,0,a8w8_blockscale_bpreshuffle_1x128x128_256x32x64x256_16x16_16x16_16x16x1_16x16x1_1x32x1x8_8_2x1_intrawave_v1,timed,0,passed,0.0,,,,
1152,2048,7168,ck_13_split0,ck,13,0,a8w8_blockscale_bpreshuffle_1x128x128_256x64x256x128_16x16_16x16_8x32x1_8x32x1_1x32x1x8_8_2x1_intrawave_v1,timed,0,passed,0.0,,,,
1152,2048,7168,ck_14_split0,ck,14,0,a8w8_blockscale_bpreshuffle_1x128x128_256x64x128x128_16x16_16x16_8x32x1_8x32x1_1x32x1x8_8_2x1_intrawave_v1,timed,0,passed,0.0,,,,
1152,2048,7168,ck_15_split0,ck,15,0,a8w8_blockscale_bpreshuffle_1x128x128_256x64x64x128_16x16_16x16_8x32x1_8x32x1_1x32x1x8_8_2x1_intrawave_v1,timed,0,passed,0.0,,,,
1152,2048,7168,ck_16_split0,ck,16,0,a8w8_blockscale_bpreshuffle_1x128x128_256x64x128x256_16x16_16x16_16x16x1_16x16x1_1x32x1x8_8_2x1_intrawave_v1,timed,0,passed,0.0,,,,
1152,2048,7168,ck_17_split0,ck,17,0,a8w8_blockscale_bpreshuffle_1x128x128_256x64x64x256_16x16_16x16_16x16x1_16x16x1_1x32x1x8_8_2x1_intrawave_v1,timed,0,passed,0.0,,,,
1152,2048,7168,cktile_0_split0,cktile,0,0,a8w8_blockscale_cktile_16x128x256_1x4x1_16x16x128_intrawave_0x1x0_1,timed,0,passed,0.0,,,,
1152,2048,7168,cktile_1_split0,cktile,1,0,a8w8_blockscale_cktile_16x128x256_1x4x1_16x16x128_intrawave_0x1x0_2,timed,0,passed,0.0,,,,
1152,2048,7168,cktile_2_split0,cktile,2,0,a8w8_blockscale_cktile_16x128x256_1x4x1_16x16x64_intrawave_0x1x0_1,timed,0,passed,0.0,,,,
1152,2048,7168,cktile_3_split0,cktile,3,0,a8w8_blockscale_cktile_16x128x256_1x4x1_16x16x64_intrawave_0x1x0_2,timed,0,passed,0.0,,,,
1152,2048,7168,cktile_4_split0,cktile,4,0,a8w8_blockscale_cktile_32x128x128_1x4x1_16x16x128_intrawave_0x1x0_1,timed,0,passed,0.0,,,,
1152,2048,7168,cktile_5_split0,cktile,5,0,a8w8_blockscale_cktile_32x128x128_1x4x1_16x16x128_intrawave_0x1x0_2,timed,0,passed,0.0,,,,
1152,2048,7168,cktile_6_split0,cktile,6,0,a8w8_blockscale_cktile_32x128x128_1x4x1_16x16x64_intrawave_0x1x0_1,timed,0,passed,0.0,,,,
1152,2048,7168,cktile_7_split0,cktile,7,0,a8w8_blockscale_cktile_32x128x128_1x4x1_16x16x64_intrawave_0x1x0_2,timed,0,passed,0.0,,,,
1152,2048,7168,cktile_8_split0,cktile,8,0,a8w8_blockscale_cktile_128x128x128_1x4x1_16x16x128_intrawave_0x1x0_1,timed,0,passed,0.0,,,,
1152,2048,7168,cktile_9_split0,cktile,9,0,a8w8_blockscale_cktile_128x128x128_1x4x1_16x16x128_intrawave_0x1x0_1,timed,0,passed,0.0,,,,
1152,2048,7168,cktile_10_split0,cktile,10,0,a8w8_blockscale_cktile_128x128x128_2x2x1_16x16x128_intrawave_0x1x0_2,timed,0,passed,0.0,,,,
1152,2048,7168,cktile_11_split0,cktile,11,0,a8w8_blockscale_cktile_192x256x128_4x2x1_16x16x128_intrawave_0x1x0_1,timed,0,passed,0.0,,,,
1152,2048,7168,cktile_12_split0,cktile,12,0,a8w8_blockscale_cktile_192x256x128_4x2x1_16x16x128_intrawave_0x1x0_1_aqrm,timed,0,passed,0.0,,,,
1152,2048,7168,cktile_13_split0,cktile,13,0,a8w8_blockscale_cktile_16x128x256_1x4x1_16x16x128_intrawave_0x1x0_3,timed,0,passed,0.0,,,,
1152,2048,7168,cktile_14_split0,cktile,14,0,a8w8_blockscale_cktile_16x128x256_1x4x1_16x16x128_intrawave_0x1x0_4,timed,0,passed,0.0,,,,
1152,2048,7168,cktile_15_split0,cktile,15,0,a8w8_blockscale_cktile_16x128x256_1x4x1_16x16x64_intrawave_0x1x0_3,timed,0,passed,0.0,,,,
1152,2048,7168,cktile_16_split0,cktile,16,0,a8w8_blockscale_cktile_16x128x256_1x4x1_16x16x64_intrawave_0x1x0_4,timed,0,passed,0.0,,,,
1152,2048,7168,cktile_17_split0,cktile,17,0,a8w8_blockscale_cktile_32x128x128_1x4x1_16x16x128_intrawave_0x1x0_3,timed,0,passed,0.0,,,,
1152,2048,7168,cktile_18_split0,cktile,18,0,a8w8_blockscale_cktile_32x128x128_1x4x1_16x16x128_intrawave_0x1x0_4,timed,0,passed,0.0,,,,
1152,2048,7168,cktile_19_split0,cktile,19,0,a8w8_blockscale_cktile_32x128x128_1x4x1_16x16x64_intrawave_0x1x0_3,timed,0,passed,0.0,,,,
1152,2048,7168,cktile_20_split0,cktile,20,0,a8w8_blockscale_cktile_32x128x128_1x4x1_16x16x64_intrawave_0x1x0_4,timed,0,passed,0.0,,,,
1152,2048,7168,cktile_21_split0,cktile,21,0,a8w8_blockscale_cktile_128x128x128_1x4x1_16x16x128_intrawave_0x1x0_2,timed,0,passed,0.0,,,,
1152,2048,7168,cktile_22_split0,cktile,22,0,a8w8_blockscale_cktile_128x128x128_1x4x1_16x16x128_intrawave_0x1x0_3,timed,0,passed,0.0,,,,
1152,2048,7168,cktile_23_split0,cktile,23,0,a8w8_blockscale_cktile_128x128x128_1x4x1_16x16x128_intrawave_0x1x0_4,timed,0,passed,0.0,,,,
1152,2048,7168,cktile_24_split0,cktile,24,0,a8w8_blockscale_cktile_128x128x128_2x2x1_16x16x128_intrawave_0x1x0_1,timed,0,passed,0.0,,,,
1152,2048,7168,cktile_25_split0,cktile,25,0,a8w8_blockscale_cktile_128x128x128_2x2x1_16x16x128_intrawave_0x1x0_3,timed,0,passed,0.0,,,,
1152,2048,7168,cktile_26_split0,cktile,26,0,a8w8_blockscale_cktile_128x128x128_2x2x1_16x16x128_intrawave_0x1x0_4,timed,0,passed,0.0,,,,
1152,2048,7168,cktile_27_split0,cktile,27,0,a8w8_blockscale_cktile_192x256x128_4x2x1_16x16x128_intrawave_0x1x0_2,timed,0,passed,0.0,,,,
1152,2048,7168,cktile_28_split0,cktile,28,0,a8w8_blockscale_cktile_192x256x128_4x2x1_16x16x128_intrawave_0x1x0_3,timed,0,passed,0.0,,,,
1152,2048,7168,cktile_29_split0,cktile,29,0,a8w8_blockscale_cktile_192x256x128_4x2x1_16x16x128_intrawave_0x1x0_4,timed,0,passed,0.0,,,,
1152,2048,7168,cktile_30_split0,cktile,30,0,a8w8_blockscale_cktile_192x256x128_4x2x1_16x16x128_intrawave_0x1x0_2_aqrm,timed,0,passed,0.0,,,,
1152,2048,7168,cktile_31_split0,cktile,31,0,a8w8_blockscale_cktile_192x256x128_4x2x1_16x16x128_intrawave_0x1x0_3_aqrm,timed,0,passed,0.0,,,,
1152,2048,7168,cktile_32_split0,cktile,32,0,a8w8_blockscale_cktile_192x256x128_4x2x1_16x16x128_intrawave_0x1x0_4_aqrm,timed,0,passed,0.0,,,,
1152,2048,7168,opus_9010,opus,9010,0,opus_gemm_gfx950_a8w8_mxscale_gemm_bpreshuffle_256x128x128x128_2x2_16x16x128_1x128x128_tiles1_nooob,timed,0,passed,0.0,,,,
1152,2048,7168,opus_9011,opus,9011,0,opus_gemm_gfx950_a8w8_mxscale_gemm_bpreshuffle_256x64x128x128_2x2_16x16x128_1x128x128_tiles1_nooob,timed,0,passed,0.0,,,,
1152,2048,7168,opus_9012,opus,9012,0,opus_gemm_gfx950_a8w8_mxscale_gemm_bpreshuffle_256x64x64x128_2x2_16x16x128_1x128x128_tiles1_nooob,timed,0,passed,0.0,,,,
1152,2048,7168,opus_9020,opus,9020,0,opus_gemm_gfx950_a8w8_mxscale_gemm_bpreshuffle_256x256x256x128_2x2_16x16x128_1x128x128_tiles1,timed,0,passed,0.0,,,,
1152,2048,7168,ck_0_split0,ck,0,0,a8w8_blockscale_bpreshuffle_1x128x128_256x128x128x128_16x16_16x16_8x32x1_8x32x1_1x32x1x8_8_2x1_intrawave_v3,timed,0,passed,0.0,,,,
1152,2048,7168,ck_1_split0,ck,1,0,a8w8_blockscale_bpreshuffle_1x128x128_256x64x128x128_16x16_16x16_8x32x1_8x32x1_1x32x1x8_8_2x1_intrawave_v3,timed,0,passed,0.0,,,,
1152,2048,7168,ck_2_split0,ck,2,0,a8w8_blockscale_bpreshuffle_1x128x128_256x64x64x128_16x16_16x16_8x32x1_8x32x1_1x32x1x8_8_2x1_intrawave_v3,timed,0,passed,0.0,,,,
1152,2048,7168,ck_3_split0,ck,3,0,a8w8_blockscale_bpreshuffle_1x128x128_256x16x256x128_8x16_16x16_16x16x1_8x32x1_1x16x1x16_8_1x2_intrawave_v1,timed,0,passed,0.0,,,,
1152,2048,7168,ck_4_split0,ck,4,0,a8w8_blockscale_bpreshuffle_1x128x128_256x16x128x128_8x16_16x16_16x16x1_8x32x1_1x16x1x16_8_1x2_intrawave_v1,timed,0,passed,0.0,,,,
1152,2048,7168,ck_5_split0,ck,5,0,a8w8_blockscale_bpreshuffle_1x128x128_256x16x64x128_8x16_16x16_16x16x1_8x32x1_1x16x1x16_4_1x1_intrawave_v1,timed,0,passed,0.0,,,,
1152,2048,7168,ck_6_split0,ck,6,0,a8w8_blockscale_bpreshuffle_1x128x128_256x16x128x256_16x16_16x16_16x16x1_16x16x1_1x16x1x16_8_1x2_intrawave_v1,timed,1,passed,0.0,,,,
1152,2048,7168,ck_5_split0,ck,5,0,a8w8_blockscale_bpreshuffle_1x128x128_256x16x64x128_8x16_16x16_16x16x1_8x32x1_1x16x1x16_4_1x1_intrawave_v1,timed,1,passed,0.0,,,,
1152,2048,7168,ck_4_split0,ck,4,0,a8w8_blockscale_bpreshuffle_1x128x128_256x16x128x128_8x16_16x16_16x16x1_8x32x1_1x16x1x16_8_1x2_intrawave_v1,timed,1,passed,0.0,,,,
1152,2048,7168,ck_3_split0,ck,3,0,a8w8_blockscale_bpreshuffle_1x128x128_256x16x256x128_8x16_16x16_16x16x1_8x32x1_1x16x1x16_8_1x2_intrawave_v1,timed,1,passed,0.0,,,,
1152,2048,7168,ck_2_split0,ck,2,0,a8w8_blockscale_bpreshuffle_1x128x128_256x64x64x128_16x16_16x16_8x32x1_8x32x1_1x32x1x8_8_2x1_intrawave_v3,timed,1,passed,0.0,,,,
1152,2048,7168,ck_1_split0,ck,1,0,a8w8_blockscale_bpreshuffle_1x128x128_256x64x128x128_16x16_16x16_8x32x1_8x32x1_1x32x1x8_8_2x1_intrawave_v3,timed,1,passed,0.0,,,,
1152,2048,7168,ck_0_split0,ck,0,0,a8w8_blockscale_bpreshuffle_1x128x128_256x128x128x128_16x16_16x16_8x32x1_8x32x1_1x32x1x8_8_2x1_intrawave_v3,timed,1,passed,0.0,,,,
1152,2048,7168,opus_9020,opus,9020,0,opus_gemm_gfx950_a8w8_mxscale_gemm_bpreshuffle_256x256x256x128_2x2_16x16x128_1x128x128_tiles1,timed,1,passed,0.0,,,,
1152,2048,7168,opus_9012,opus,9012,0,opus_gemm_gfx950_a8w8_mxscale_gemm_bpreshuffle_256x64x64x128_2x2_16x16x128_1x128x128_tiles1_nooob,timed,1,passed,0.0,,,,
1152,2048,7168,opus_9011,opus,9011,0,opus_gemm_gfx950_a8w8_mxscale_gemm_bpreshuffle_256x64x128x128_2x2_16x16x128_1x128x128_tiles1_nooob,timed,1,passed,0.0,,,,
1152,2048,7168,opus_9010,opus,9010,0,opus_gemm_gfx950_a8w8_mxscale_gemm_bpreshuffle_256x128x128x128_2x2_16x16x128_1x128x128_tiles1_nooob,timed,1,passed,0.0,,,,
1152,2048,7168,cktile_32_split0,cktile,32,0,a8w8_blockscale_cktile_192x256x128_4x2x1_16x16x128_intrawave_0x1x0_4_aqrm,timed,1,passed,0.0,,,,
1152,2048,7168,cktile_31_split0,cktile,31,0,a8w8_blockscale_cktile_192x256x128_4x2x1_16x16x128_intrawave_0x1x0_3_aqrm,timed,1,passed,0.0,,,,
1152,2048,7168,cktile_30_split0,cktile,30,0,a8w8_blockscale_cktile_192x256x128_4x2x1_16x16x128_intrawave_0x1x0_2_aqrm,timed,1,passed,0.0,,,,
1152,2048,7168,cktile_29_split0,cktile,29,0,a8w8_blockscale_cktile_192x256x128_4x2x1_16x16x128_intrawave_0x1x0_4,timed,1,passed,0.0,,,,
1152,2048,7168,cktile_28_split0,cktile,28,0,a8w8_blockscale_cktile_192x256x128_4x2x1_16x16x128_intrawave_0x1x0_3,timed,1,passed,0.0,,,,
1152,2048,7168,cktile_27_split0,cktile,27,0,a8w8_blockscale_cktile_192x256x128_4x2x1_16x16x128_intrawave_0x1x0_2,timed,1,passed,0.0,,,,
1152,2048,7168,cktile_26_split0,cktile,26,0,a8w8_blockscale_cktile_128x128x128_2x2x1_16x16x128_intrawave_0x1x0_4,timed,1,passed,0.0,,,,
1152,2048,7168,cktile_25_split0,cktile,25,0,a8w8_blockscale_cktile_128x128x128_2x2x1_16x16x128_intrawave_0x1x0_3,timed,1,passed,0.0,,,,
1152,2048,7168,cktile_24_split0,cktile,24,0,a8w8_blockscale_cktile_128x128x128_2x2x1_16x16x128_intrawave_0x1x0_1,timed,1,passed,0.0,,,,
1152,2048,7168,cktile_23_split0,cktile,23,0,a8w8_blockscale_cktile_128x128x128_1x4x1_16x16x128_intrawave_0x1x0_4,timed,1,passed,0.0,,,,
1152,2048,7168,cktile_22_split0,cktile,22,0,a8w8_blockscale_cktile_128x128x128_1x4x1_16x16x128_intrawave_0x1x0_3,timed,1,passed,0.0,,,,
1152,2048,7168,cktile_21_split0,cktile,21,0,a8w8_blockscale_cktile_128x128x128_1x4x1_16x16x128_intrawave_0x1x0_2,timed,1,passed,0.0,,,,
1152,2048,7168,cktile_20_split0,cktile,20,0,a8w8_blockscale_cktile_32x128x128_1x4x1_16x16x64_intrawave_0x1x0_4,timed,1,passed,0.0,,,,
1152,2048,7168,cktile_19_split0,cktile,19,0,a8w8_blockscale_cktile_32x128x128_1x4x1_16x16x64_intrawave_0x1x0_3,timed,1,passed,0.0,,,,
1152,2048,7168,cktile_18_split0,cktile,18,0,a8w8_blockscale_cktile_32x128x128_1x4x1_16x16x128_intrawave_0x1x0_4,timed,1,passed,0.0,,,,
1152,2048,7168,cktile_17_split0,cktile,17,0,a8w8_blockscale_cktile_32x128x128_1x4x1_16x16x128_intrawave_0x1x0_3,timed,1,passed,0.0,,,,
1152,2048,7168,cktile_16_split0,cktile,16,0,a8w8_blockscale_cktile_16x128x256_1x4x1_16x16x64_intrawave_0x1x0_4,timed,1,passed,0.0,,,,
1152,2048,7168,cktile_15_split0,cktile,15,0,a8w8_blockscale_cktile_16x128x256_1x4x1_16x16x64_intrawave_0x1x0_3,timed,1,passed,0.0,,,,
1152,2048,7168,cktile_14_split0,cktile,14,0,a8w8_blockscale_cktile_16x128x256_1x4x1_16x16x128_intrawave_0x1x0_4,timed,1,passed,0.0,,,,
1152,2048,7168,cktile_13_split0,cktile,13,0,a8w8_blockscale_cktile_16x128x256_1x4x1_16x16x128_intrawave_0x1x0_3,timed,1,passed,0.0,,,,
1152,2048,7168,cktile_12_split0,cktile,12,0,a8w8_blockscale_cktile_192x256x128_4x2x1_16x16x128_intrawave_0x1x0_1_aqrm,timed,1,passed,0.0,,,,
1152,2048,7168,cktile_11_split0,cktile,11,0,a8w8_blockscale_cktile_192x256x128_4x2x1_16x16x128_intrawave_0x1x0_1,timed,1,passed,0.0,,,,
1152,2048,7168,cktile_10_split0,cktile,10,0,a8w8_blockscale_cktile_128x128x128_2x2x1_16x16x128_intrawave_0x1x0_2,timed,1,passed,0.0,,,,
1152,2048,7168,cktile_9_split0,cktile,9,0,a8w8_blockscale_cktile_128x128x128_1x4x1_16x16x128_intrawave_0x1x0_1,timed,1,passed,0.0,,,,
1152,2048,7168,cktile_8_split0,cktile,8,0,a8w8_blockscale_cktile_128x128x128_1x4x1_16x16x128_intrawave_0x1x0_1,timed,1,passed,0.0,,,,
1152,2048,7168,cktile_7_split0,cktile,7,0,a8w8_blockscale_cktile_32x128x128_1x4x1_16x16x64_intrawave_0x1x0_2,timed,1,passed,0.0,,,,
1152,2048,7168,cktile_6_split0,cktile,6,0,a8w8_blockscale_cktile_32x128x128_1x4x1_16x16x64_intrawave_0x1x0_1,timed,1,passed,0.0,,,,
1152,2048,7168,cktile_5_split0,cktile,5,0,a8w8_blockscale_cktile_32x128x128_1x4x1_16x16x128_intrawave_0x1x0_2,timed,1,passed,0.0,,,,
1152,2048,7168,cktile_4_split0,cktile,4,0,a8w8_blockscale_cktile_32x128x128_1x4x1_16x16x128_intrawave_0x1x0_1,timed,1,passed,0.0,,,,
1152,2048,7168,cktile_3_split0,cktile,3,0,a8w8_blockscale_cktile_16x128x256_1x4x1_16x16x64_intrawave_0x1x0_2,timed,1,passed,0.0,,,,
1152,2048,7168,cktile_2_split0,cktile,2,0,a8w8_blockscale_cktile_16x128x256_1x4x1_16x16x64_intrawave_0x1x0_1,timed,1,passed,0.0,,,,
1152,2048,7168,cktile_1_split0,cktile,1,0,a8w8_blockscale_cktile_16x128x256_1x4x1_16x16x128_intrawave_0x1x0_2,timed,1,passed,0.0,,,,
1152,2048,7168,cktile_0_split0,cktile,0,0,a8w8_blockscale_cktile_16x128x256_1x4x1_16x16x128_intrawave_0x1x0_1,timed,1,passed,0.0,,,,
1152,2048,7168,ck_17_split0,ck,17,0,a8w8_blockscale_bpreshuffle_1x128x128_256x64x64x256_16x16_16x16_16x16x1_16x16x1_1x32x1x8_8_2x1_intrawave_v1,timed,1,passed,0.0,,,,
1152,2048,7168,ck_16_split0,ck,16,0,a8w8_blockscale_bpreshuffle_1x128x128_256x64x128x256_16x16_16x16_16x16x1_16x16x1_1x32x1x8_8_2x1_intrawave_v1,timed,1,passed,0.0,,,,
1152,2048,7168,ck_15_split0,ck,15,0,a8w8_blockscale_bpreshuffle_1x128x128_256x64x64x128_16x16_16x16_8x32x1_8x32x1_1x32x1x8_8_2x1_intrawave_v1,timed,1,passed,0.0,,,,
1152,2048,7168,ck_14_split0,ck,14,0,a8w8_blockscale_bpreshuffle_1x128x128_256x64x128x128_16x16_16x16_8x32x1_8x32x1_1x32x1x8_8_2x1_intrawave_v1,timed,1,passed,0.0,,,,
1152,2048,7168,ck_13_split0,ck,13,0,a8w8_blockscale_bpreshuffle_1x128x128_256x64x256x128_16x16_16x16_8x32x1_8x32x1_1x32x1x8_8_2x1_intrawave_v1,timed,1,passed,0.0,,,,
1152,2048,7168,ck_12_split0,ck,12,0,a8w8_blockscale_bpreshuffle_1x128x128_256x32x64x256_16x16_16x16_16x16x1_16x16x1_1x32x1x8_8_2x1_intrawave_v1,timed,1,passed,0.0,,,,
1152,2048,7168,ck_11_split0,ck,11,0,a8w8_blockscale_bpreshuffle_1x128x128_256x32x128x256_16x16_16x16_16x16x1_16x16x1_1x32x1x8_8_2x1_intrawave_v1,timed,1,passed,0.0,,,,
1152,2048,7168,ck_10_split0,ck,10,0,a8w8_blockscale_bpreshuffle_1x128x128_256x32x64x128_16x16_16x16_8x32x1_8x32x1_1x32x1x8_8_2x1_intrawave_v1,timed,1,passed,0.0,,,,
1152,2048,7168,ck_9_split0,ck,9,0,a8w8_blockscale_bpreshuffle_1x128x128_256x32x128x128_16x16_16x16_8x32x1_8x32x1_1x32x1x8_8_2x1_intrawave_v1,timed,1,passed,0.0,,,,
1152,2048,7168,ck_8_split0,ck,8,0,a8w8_blockscale_bpreshuffle_1x128x128_256x32x256x128_16x16_16x16_8x32x1_8x32x1_1x32x1x8_8_2x1_intrawave_v1,timed,1,passed,0.0,,,,
1152,2048,7168,ck_7_split0,ck,7,0,a8w8_blockscale_bpreshuffle_1x128x128_256x16x64x256_16x16_16x16_16x16x1_16x16x1_1x16x1x16_4_1x1_intrawave_v1,timed,1,passed,0.0,,,,
1152,2048,7168,ck_8_split0,ck,8,0,a8w8_blockscale_bpreshuffle_1x128x128_256x32x256x128_16x16_16x16_8x32x1_8x32x1_1x32x1x8_8_2x1_intrawave_v1,timed,2,passed,0.0,,,,
1152,2048,7168,ck_9_split0,ck,9,0,a8w8_blockscale_bpreshuffle_1x128x128_256x32x128x128_16x16_16x16_8x32x1_8x32x1_1x32x1x8_8_2x1_intrawave_v1,timed,2,passed,0.0,,,,
1152,2048,7168,ck_10_split0,ck,10,0,a8w8_blockscale_bpreshuffle_1x128x128_256x32x64x128_16x16_16x16_8x32x1_8x32x1_1x32x1x8_8_2x1_intrawave_v1,timed,2,passed,0.0,,,,
1152,2048,7168,ck_11_split0,ck,11,0,a8w8_blockscale_bpreshuffle_1x128x128_256x32x128x256_16x16_16x16_16x16x1_16x16x1_1x32x1x8_8_2x1_intrawave_v1,timed,2,passed,0.0,,,,
1152,2048,7168,ck_12_split0,ck,12,0,a8w8_blockscale_bpreshuffle_1x128x128_256x32x64x256_16x16_16x16_16x16x1_16x16x1_1x32x1x8_8_2x1_intrawave_v1,timed,2,passed,0.0,,,,
1152,2048,7168,ck_13_split0,ck,13,0,a8w8_blockscale_bpreshuffle_1x128x128_256x64x256x128_16x16_16x16_8x32x1_8x32x1_1x32x1x8_8_2x1_intrawave_v1,timed,2,passed,0.0,,,,
1152,2048,7168,ck_14_split0,ck,14,0,a8w8_blockscale_bpreshuffle_1x128x128_256x64x128x128_16x16_16x16_8x32x1_8x32x1_1x32x1x8_8_2x1_intrawave_v1,timed,2,passed,0.0,,,,
1152,2048,7168,ck_15_split0,ck,15,0,a8w8_blockscale_bpreshuffle_1x128x128_256x64x64x128_16x16_16x16_8x32x1_8x32x1_1x32x1x8_8_2x1_intrawave_v1,timed,2,passed,0.0,,,,
1152,2048,7168,ck_16_split0,ck,16,0,a8w8_blockscale_bpreshuffle_1x128x128_256x64x128x256_16x16_16x16_16x16x1_16x16x1_1x32x1x8_8_2x1_intrawave_v1,timed,2,passed,0.0,,,,
1152,2048,7168,ck_17_split0,ck,17,0,a8w8_blockscale_bpreshuffle_1x128x128_256x64x64x256_16x16_16x16_16x16x1_16x16x1_1x32x1x8_8_2x1_intrawave_v1,timed,2,passed,0.0,,,,
1152,2048,7168,cktile_0_split0,cktile,0,0,a8w8_blockscale_cktile_16x128x256_1x4x1_16x16x128_intrawave_0x1x0_1,timed,2,passed,0.0,,,,
1152,2048,7168,cktile_1_split0,cktile,1,0,a8w8_blockscale_cktile_16x128x256_1x4x1_16x16x128_intrawave_0x1x0_2,timed,2,passed,0.0,,,,
1152,2048,7168,cktile_2_split0,cktile,2,0,a8w8_blockscale_cktile_16x128x256_1x4x1_16x16x64_intrawave_0x1x0_1,timed,2,passed,0.0,,,,
1152,2048,7168,cktile_3_split0,cktile,3,0,a8w8_blockscale_cktile_16x128x256_1x4x1_16x16x64_intrawave_0x1x0_2,timed,2,passed,0.0,,,,
1152,2048,7168,cktile_4_split0,cktile,4,0,a8w8_blockscale_cktile_32x128x128_1x4x1_16x16x128_intrawave_0x1x0_1,timed,2,passed,0.0,,,,
1152,2048,7168,cktile_5_split0,cktile,5,0,a8w8_blockscale_cktile_32x128x128_1x4x1_16x16x128_intrawave_0x1x0_2,timed,2,passed,0.0,,,,
1152,2048,7168,cktile_6_split0,cktile,6,0,a8w8_blockscale_cktile_32x128x128_1x4x1_16x16x64_intrawave_0x1x0_1,timed,2,passed,0.0,,,,
1152,2048,7168,cktile_7_split0,cktile,7,0,a8w8_blockscale_cktile_32x128x128_1x4x1_16x16x64_intrawave_0x1x0_2,timed,2,passed,0.0,,,,
1152,2048,7168,cktile_8_split0,cktile,8,0,a8w8_blockscale_cktile_128x128x128_1x4x1_16x16x128_intrawave_0x1x0_1,timed,2,passed,0.0,,,,
1152,2048,7168,cktile_9_split0,cktile,9,0,a8w8_blockscale_cktile_128x128x128_1x4x1_16x16x128_intrawave_0x1x0_1,timed,2,passed,0.0,,,,
1152,2048,7168,cktile_10_split0,cktile,10,0,a8w8_blockscale_cktile_128x128x128_2x2x1_16x16x128_intrawave_0x1x0_2,timed,2,passed,0.0,,,,
1152,2048,7168,cktile_11_split0,cktile,11,0,a8w8_blockscale_cktile_192x256x128_4x2x1_16x16x128_intrawave_0x1x0_1,timed,2,passed,0.0,,,,
1152,2048,7168,cktile_12_split0,cktile,12,0,a8w8_blockscale_cktile_192x256x128_4x2x1_16x16x128_intrawave_0x1x0_1_aqrm,timed,2,passed,0.0,,,,
1152,2048,7168,cktile_13_split0,cktile,13,0,a8w8_blockscale_cktile_16x128x256_1x4x1_16x16x128_intrawave_0x1x0_3,timed,2,passed,0.0,,,,
1152,2048,7168,cktile_14_split0,cktile,14,0,a8w8_blockscale_cktile_16x128x256_1x4x1_16x16x128_intrawave_0x1x0_4,timed,2,passed,0.0,,,,
1152,2048,7168,cktile_15_split0,cktile,15,0,a8w8_blockscale_cktile_16x128x256_1x4x1_16x16x64_intrawave_0x1x0_3,timed,2,passed,0.0,,,,
1152,2048,7168,cktile_16_split0,cktile,16,0,a8w8_blockscale_cktile_16x128x256_1x4x1_16x16x64_intrawave_0x1x0_4,timed,2,passed,0.0,,,,
1152,2048,7168,cktile_17_split0,cktile,17,0,a8w8_blockscale_cktile_32x128x128_1x4x1_16x16x128_intrawave_0x1x0_3,timed,2,passed,0.0,,,,
1152,2048,7168,cktile_18_split0,cktile,18,0,a8w8_blockscale_cktile_32x128x128_1x4x1_16x16x128_intrawave_0x1x0_4,timed,2,passed,0.0,,,,
1152,2048,7168,cktile_19_split0,cktile,19,0,a8w8_blockscale_cktile_32x128x128_1x4x1_16x16x64_intrawave_0x1x0_3,timed,2,passed,0.0,,,,
1152,2048,7168,cktile_20_split0,cktile,20,0,a8w8_blockscale_cktile_32x128x128_1x4x1_16x16x64_intrawave_0x1x0_4,timed,2,passed,0.0,,,,
1152,2048,7168,cktile_21_split0,cktile,21,0,a8w8_blockscale_cktile_128x128x128_1x4x1_16x16x128_intrawave_0x1x0_2,timed,2,passed,0.0,,,,
1152,2048,7168,cktile_22_split0,cktile,22,0,a8w8_blockscale_cktile_128x128x128_1x4x1_16x16x128_intrawave_0x1x0_3,timed,2,passed,0.0,,,,
1152,2048,7168,cktile_23_split0,cktile,23,0,a8w8_blockscale_cktile_128x128x128_1x4x1_16x16x128_intrawave_0x1x0_4,timed,2,passed,0.0,,,,
1152,2048,7168,cktile_24_split0,cktile,24,0,a8w8_blockscale_cktile_128x128x128_2x2x1_16x16x128_intrawave_0x1x0_1,timed,2,passed,0.0,,,,
1152,2048,7168,cktile_25_split0,cktile,25,0,a8w8_blockscale_cktile_128x128x128_2x2x1_16x16x128_intrawave_0x1x0_3,timed,2,passed,0.0,,,,
1152,2048,7168,cktile_26_split0,cktile,26,0,a8w8_blockscale_cktile_128x128x128_2x2x1_16x16x128_intrawave_0x1x0_4,timed,2,passed,0.0,,,,
1152,2048,7168,cktile_27_split0,cktile,27,0,a8w8_blockscale_cktile_192x256x128_4x2x1_16x16x128_intrawave_0x1x0_2,timed,2,passed,0.0,,,,
1152,2048,7168,cktile_28_split0,cktile,28,0,a8w8_blockscale_cktile_192x256x128_4x2x1_16x16x128_intrawave_0x1x0_3,timed,2,passed,0.0,,,,
1152,2048,7168,cktile_29_split0,cktile,29,0,a8w8_blockscale_cktile_192x256x128_4x2x1_16x16x128_intrawave_0x1x0_4,timed,2,passed,0.0,,,,
1152,2048,7168,cktile_30_split0,cktile,30,0,a8w8_blockscale_cktile_192x256x128_4x2x1_16x16x128_intrawave_0x1x0_2_aqrm,timed,2,passed,0.0,,,,
1152,2048,7168,cktile_31_split0,cktile,31,0,a8w8_blockscale_cktile_192x256x128_4x2x1_16x16x128_intrawave_0x1x0_3_aqrm,timed,2,passed,0.0,,,,
1152,2048,7168,cktile_32_split0,cktile,32,0,a8w8_blockscale_cktile_192x256x128_4x2x1_16x16x128_intrawave_0x1x0_4_aqrm,timed,2,passed,0.0,,,,
1152,2048,7168,opus_9010,opus,9010,0,opus_gemm_gfx950_a8w8_mxscale_gemm_bpreshuffle_256x128x128x128_2x2_16x16x128_1x128x128_tiles1_nooob,timed,2,passed,0.0,,,,
1152,2048,7168,opus_9011,opus,9011,0,opus_gemm_gfx950_a8w8_mxscale_gemm_bpreshuffle_256x64x128x128_2x2_16x16x128_1x128x128_tiles1_nooob,timed,2,passed,0.0,,,,
1152,2048,7168,opus_9012,opus,9012,0,opus_gemm_gfx950_a8w8_mxscale_gemm_bpreshuffle_256x64x64x128_2x2_16x16x128_1x128x128_tiles1_nooob,timed,2,passed,0.0,,,,
1152,2048,7168,opus_9020,opus,9020,0,opus_gemm_gfx950_a8w8_mxscale_gemm_bpreshuffle_256x256x256x128_2x2_16x16x128_1x128x128_tiles1,timed,2,passed,0.0,,,,
1152,2048,7168,ck_0_split0,ck,0,0,a8w8_blockscale_bpreshuffle_1x128x128_256x128x128x128_16x16_16x16_8x32x1_8x32x1_1x32x1x8_8_2x1_intrawave_v3,timed,2,passed,0.0,,,,
1152,2048,7168,ck_1_split0,ck,1,0,a8w8_blockscale_bpreshuffle_1x128x128_256x64x128x128_16x16_16x16_8x32x1_8x32x1_1x32x1x8_8_2x1_intrawave_v3,timed,2,passed,0.0,,,,
1152,2048,7168,ck_2_split0,ck,2,0,a8w8_blockscale_bpreshuffle_1x128x128_256x64x64x128_16x16_16x16_8x32x1_8x32x1_1x32x1x8_8_2x1_intrawave_v3,timed,2,passed,0.0,,,,
1152,2048,7168,ck_3_split0,ck,3,0,a8w8_blockscale_bpreshuffle_1x128x128_256x16x256x128_8x16_16x16_16x16x1_8x32x1_1x16x1x16_8_1x2_intrawave_v1,timed,2,passed,0.0,,,,
1152,2048,7168,ck_4_split0,ck,4,0,a8w8_blockscale_bpreshuffle_1x128x128_256x16x128x128_8x16_16x16_16x16x1_8x32x1_1x16x1x16_8_1x2_intrawave_v1,timed,2,passed,0.0,,,,
1152,2048,7168,ck_5_split0,ck,5,0,a8w8_blockscale_bpreshuffle_1x128x128_256x16x64x128_8x16_16x16_16x16x1_8x32x1_1x16x1x16_4_1x1_intrawave_v1,timed,2,passed,0.0,,,,
1152,2048,7168,ck_6_split0,ck,6,0,a8w8_blockscale_bpreshuffle_1x128x128_256x16x128x256_16x16_16x16_16x16x1_16x16x1_1x16x1x16_8_1x2_intrawave_v1,timed,2,passed,0.0,,,,
1152,2048,7168,ck_7_split0,ck,7,0,a8w8_blockscale_bpreshuffle_1x128x128_256x16x64x256_16x16_16x16_16x16x1_16x16x1_1x16x1x16_4_1x1_intrawave_v1,timed,2,passed,0.0,,,,
1408,2048,7168,ck_0_split0,ck,0,0,a8w8_blockscale_bpreshuffle_1x128x128_256x128x128x128_16x16_16x16_8x32x1_8x32x1_1x32x1x8_8_2x1_intrawave_v3,preflight,-1,passed,0.0,,,,
1408,2048,7168,ck_1_split0,ck,1,0,a8w8_blockscale_bpreshuffle_1x128x128_256x64x128x128_16x16_16x16_8x32x1_8x32x1_1x32x1x8_8_2x1_intrawave_v3,preflight,-1,passed,0.0,,,,
1408,2048,7168,ck_2_split0,ck,2,0,a8w8_blockscale_bpreshuffle_1x128x128_256x64x64x128_16x16_16x16_8x32x1_8x32x1_1x32x1x8_8_2x1_intrawave_v3,preflight,-1,passed,0.0,,,,
1408,2048,7168,ck_3_split0,ck,3,0,a8w8_blockscale_bpreshuffle_1x128x128_256x16x256x128_8x16_16x16_16x16x1_8x32x1_1x16x1x16_8_1x2_intrawave_v1,preflight,-1,passed,0.0,,,,
1408,2048,7168,ck_4_split0,ck,4,0,a8w8_blockscale_bpreshuffle_1x128x128_256x16x128x128_8x16_16x16_16x16x1_8x32x1_1x16x1x16_8_1x2_intrawave_v1,preflight,-1,passed,0.0,,,,
1408,2048,7168,ck_5_split0,ck,5,0,a8w8_blockscale_bpreshuffle_1x128x128_256x16x64x128_8x16_16x16_16x16x1_8x32x1_1x16x1x16_4_1x1_intrawave_v1,preflight,-1,passed,0.0,,,,
1408,2048,7168,ck_6_split0,ck,6,0,a8w8_blockscale_bpreshuffle_1x128x128_256x16x128x256_16x16_16x16_16x16x1_16x16x1_1x16x1x16_8_1x2_intrawave_v1,preflight,-1,passed,0.0,,,,
1408,2048,7168,ck_7_split0,ck,7,0,a8w8_blockscale_bpreshuffle_1x128x128_256x16x64x256_16x16_16x16_16x16x1_16x16x1_1x16x1x16_4_1x1_intrawave_v1,preflight,-1,passed,0.0,,,,
1408,2048,7168,ck_8_split0,ck,8,0,a8w8_blockscale_bpreshuffle_1x128x128_256x32x256x128_16x16_16x16_8x32x1_8x32x1_1x32x1x8_8_2x1_intrawave_v1,preflight,-1,passed,0.0,,,,
1408,2048,7168,ck_9_split0,ck,9,0,a8w8_blockscale_bpreshuffle_1x128x128_256x32x128x128_16x16_16x16_8x32x1_8x32x1_1x32x1x8_8_2x1_intrawave_v1,preflight,-1,passed,0.0,,,,
1408,2048,7168,ck_10_split0,ck,10,0,a8w8_blockscale_bpreshuffle_1x128x128_256x32x64x128_16x16_16x16_8x32x1_8x32x1_1x32x1x8_8_2x1_intrawave_v1,preflight,-1,passed,0.0,,,,
1408,2048,7168,ck_11_split0,ck,11,0,a8w8_blockscale_bpreshuffle_1x128x128_256x32x128x256_16x16_16x16_16x16x1_16x16x1_1x32x1x8_8_2x1_intrawave_v1,preflight,-1,passed,0.0,,,,
1408,2048,7168,ck_12_split0,ck,12,0,a8w8_blockscale_bpreshuffle_1x128x128_256x32x64x256_16x16_16x16_16x16x1_16x16x1_1x32x1x8_8_2x1_intrawave_v1,preflight,-1,passed,0.0,,,,
1408,2048,7168,ck_13_split0,ck,13,0,a8w8_blockscale_bpreshuffle_1x128x128_256x64x256x128_16x16_16x16_8x32x1_8x32x1_1x32x1x8_8_2x1_intrawave_v1,preflight,-1,passed,0.0,,,,
1408,2048,7168,ck_14_split0,ck,14,0,a8w8_blockscale_bpreshuffle_1x128x128_256x64x128x128_16x16_16x16_8x32x1_8x32x1_1x32x1x8_8_2x1_intrawave_v1,preflight,-1,passed,0.0,,,,
1408,2048,7168,ck_15_split0,ck,15,0,a8w8_blockscale_bpreshuffle_1x128x128_256x64x64x128_16x16_16x16_8x32x1_8x32x1_1x32x1x8_8_2x1_intrawave_v1,preflight,-1,passed,0.0,,,,
1408,2048,7168,ck_16_split0,ck,16,0,a8w8_blockscale_bpreshuffle_1x128x128_256x64x128x256_16x16_16x16_16x16x1_16x16x1_1x32x1x8_8_2x1_intrawave_v1,preflight,-1,passed,0.0,,,,
1408,2048,7168,ck_17_split0,ck,17,0,a8w8_blockscale_bpreshuffle_1x128x128_256x64x64x256_16x16_16x16_16x16x1_16x16x1_1x32x1x8_8_2x1_intrawave_v1,preflight,-1,passed,0.0,,,,
1408,2048,7168,cktile_0_split0,cktile,0,0,a8w8_blockscale_cktile_16x128x256_1x4x1_16x16x128_intrawave_0x1x0_1,preflight,-1,passed,0.0,,,,
1408,2048,7168,cktile_1_split0,cktile,1,0,a8w8_blockscale_cktile_16x128x256_1x4x1_16x16x128_intrawave_0x1x0_2,preflight,-1,passed,0.0,,,,
1408,2048,7168,cktile_2_split0,cktile,2,0,a8w8_blockscale_cktile_16x128x256_1x4x1_16x16x64_intrawave_0x1x0_1,preflight,-1,passed,0.0,,,,
1408,2048,7168,cktile_3_split0,cktile,3,0,a8w8_blockscale_cktile_16x128x256_1x4x1_16x16x64_intrawave_0x1x0_2,preflight,-1,passed,0.0,,,,
1408,2048,7168,cktile_4_split0,cktile,4,0,a8w8_blockscale_cktile_32x128x128_1x4x1_16x16x128_intrawave_0x1x0_1,preflight,-1,passed,0.0,,,,
1408,2048,7168,cktile_5_split0,cktile,5,0,a8w8_blockscale_cktile_32x128x128_1x4x1_16x16x128_intrawave_0x1x0_2,preflight,-1,passed,0.0,,,,
1408,2048,7168,cktile_6_split0,cktile,6,0,a8w8_blockscale_cktile_32x128x128_1x4x1_16x16x64_intrawave_0x1x0_1,preflight,-1,passed,0.0,,,,
1408,2048,7168,cktile_7_split0,cktile,7,0,a8w8_blockscale_cktile_32x128x128_1x4x1_16x16x64_intrawave_0x1x0_2,preflight,-1,passed,0.0,,,,
1408,2048,7168,cktile_8_split0,cktile,8,0,a8w8_blockscale_cktile_128x128x128_1x4x1_16x16x128_intrawave_0x1x0_1,preflight,-1,passed,0.0,,,,
1408,2048,7168,cktile_9_split0,cktile,9,0,a8w8_blockscale_cktile_128x128x128_1x4x1_16x16x128_intrawave_0x1x0_1,preflight,-1,passed,0.0,,,,
1408,2048,7168,cktile_10_split0,cktile,10,0,a8w8_blockscale_cktile_128x128x128_2x2x1_16x16x128_intrawave_0x1x0_2,preflight,-1,passed,0.0,,,,
1408,2048,7168,cktile_11_split0,cktile,11,0,a8w8_blockscale_cktile_192x256x128_4x2x1_16x16x128_intrawave_0x1x0_1,preflight,-1,passed,0.0,,,,
1408,2048,7168,cktile_12_split0,cktile,12,0,a8w8_blockscale_cktile_192x256x128_4x2x1_16x16x128_intrawave_0x1x0_1_aqrm,preflight,-1,passed,0.0,,,,
1408,2048,7168,cktile_13_split0,cktile,13,0,a8w8_blockscale_cktile_16x128x256_1x4x1_16x16x128_intrawave_0x1x0_3,preflight,-1,passed,0.0,,,,
1408,2048,7168,cktile_14_split0,cktile,14,0,a8w8_blockscale_cktile_16x128x256_1x4x1_16x16x128_intrawave_0x1x0_4,preflight,-1,passed,0.0,,,,
1408,2048,7168,cktile_15_split0,cktile,15,0,a8w8_blockscale_cktile_16x128x256_1x4x1_16x16x64_intrawave_0x1x0_3,preflight,-1,passed,0.0,,,,
1408,2048,7168,cktile_16_split0,cktile,16,0,a8w8_blockscale_cktile_16x128x256_1x4x1_16x16x64_intrawave_0x1x0_4,preflight,-1,passed,0.0,,,,
1408,2048,7168,cktile_17_split0,cktile,17,0,a8w8_blockscale_cktile_32x128x128_1x4x1_16x16x128_intrawave_0x1x0_3,preflight,-1,passed,0.0,,,,
1408,2048,7168,cktile_18_split0,cktile,18,0,a8w8_blockscale_cktile_32x128x128_1x4x1_16x16x128_intrawave_0x1x0_4,preflight,-1,passed,0.0,,,,
1408,2048,7168,cktile_19_split0,cktile,19,0,a8w8_blockscale_cktile_32x128x128_1x4x1_16x16x64_intrawave_0x1x0_3,preflight,-1,passed,0.0,,,,
1408,2048,7168,cktile_20_split0,cktile,20,0,a8w8_blockscale_cktile_32x128x128_1x4x1_16x16x64_intrawave_0x1x0_4,preflight,-1,passed,0.0,,,,
1408,2048,7168,cktile_21_split0,cktile,21,0,a8w8_blockscale_cktile_128x128x128_1x4x1_16x16x128_intrawave_0x1x0_2,preflight,-1,passed,0.0,,,,
1408,2048,7168,cktile_22_split0,cktile,22,0,a8w8_blockscale_cktile_128x128x128_1x4x1_16x16x128_intrawave_0x1x0_3,preflight,-1,passed,0.0,,,,
1408,2048,7168,cktile_23_split0,cktile,23,0,a8w8_blockscale_cktile_128x128x128_1x4x1_16x16x128_intrawave_0x1x0_4,preflight,-1,passed,0.0,,,,
1408,2048,7168,cktile_24_split0,cktile,24,0,a8w8_blockscale_cktile_128x128x128_2x2x1_16x16x128_intrawave_0x1x0_1,preflight,-1,passed,0.0,,,,
1408,2048,7168,cktile_25_split0,cktile,25,0,a8w8_blockscale_cktile_128x128x128_2x2x1_16x16x128_intrawave_0x1x0_3,preflight,-1,passed,0.0,,,,
1408,2048,7168,cktile_26_split0,cktile,26,0,a8w8_blockscale_cktile_128x128x128_2x2x1_16x16x128_intrawave_0x1x0_4,preflight,-1,passed,0.0,,,,
1408,2048,7168,cktile_27_split0,cktile,27,0,a8w8_blockscale_cktile_192x256x128_4x2x1_16x16x128_intrawave_0x1x0_2,preflight,-1,passed,0.0,,,,
1408,2048,7168,cktile_28_split0,cktile,28,0,a8w8_blockscale_cktile_192x256x128_4x2x1_16x16x128_intrawave_0x1x0_3,preflight,-1,passed,0.0,,,,
1408,2048,7168,cktile_29_split0,cktile,29,0,a8w8_blockscale_cktile_192x256x128_4x2x1_16x16x128_intrawave_0x1x0_4,preflight,-1,passed,0.0,,,,
1408,2048,7168,cktile_30_split0,cktile,30,0,a8w8_blockscale_cktile_192x256x128_4x2x1_16x16x128_intrawave_0x1x0_2_aqrm,preflight,-1,passed,0.0,,,,
1408,2048,7168,cktile_31_split0,cktile,31,0,a8w8_blockscale_cktile_192x256x128_4x2x1_16x16x128_intrawave_0x1x0_3_aqrm,preflight,-1,passed,0.0,,,,
1408,2048,7168,cktile_32_split0,cktile,32,0,a8w8_blockscale_cktile_192x256x128_4x2x1_16x16x128_intrawave_0x1x0_4_aqrm,preflight,-1,passed,0.0,,,,
1408,2048,7168,asm_0_split1,asm,0,1,_ZN5aiter42fp8gemm_bf16_blockscale_BpreShuffle_32x128E,preflight,-1,failed,0.1711,outside original FP32 accumulation bounds,0,493148,8.0018310546875
1408,2048,7168,asm_1_split2,asm,1,2,_ZN5aiter42fp8gemm_bf16_blockscale_BpreShuffle_32x128E,preflight,-1,failed,0.2602,outside original FP32 accumulation bounds,0,750208,13.4888916015625
1408,2048,7168,asm_2_split3,asm,2,3,_ZN5aiter42fp8gemm_bf16_blockscale_BpreShuffle_32x128E,preflight,-1,failed,0.3068,outside original FP32 accumulation bounds,0,884430,14.6309814453125
1408,2048,7168,asm_3_split4,asm,3,4,_ZN5aiter42fp8gemm_bf16_blockscale_BpreShuffle_32x128E,preflight,-1,failed,0.3395,outside original FP32 accumulation bounds,0,978880,14.18115234375
1408,2048,7168,asm_4_split5,asm,4,5,_ZN5aiter42fp8gemm_bf16_blockscale_BpreShuffle_32x128E,preflight,-1,failed,0.36,outside original FP32 accumulation bounds,0,1037851,15.2698974609375
1408,2048,7168,asm_5_split6,asm,5,6,_ZN5aiter42fp8gemm_bf16_blockscale_BpreShuffle_32x128E,preflight,-1,failed,0.3802,outside original FP32 accumulation bounds,0,1096195,15.03515625
1408,2048,7168,asm_6_split7,asm,6,7,_ZN5aiter42fp8gemm_bf16_blockscale_BpreShuffle_32x128E,preflight,-1,failed,0.3973,outside original FP32 accumulation bounds,0,1145548,15.31689453125
1408,2048,7168,asm_7_split8,asm,7,8,_ZN5aiter42fp8gemm_bf16_blockscale_BpreShuffle_32x128E,preflight,-1,failed,0.4131,outside original FP32 accumulation bounds,0,1191109,18.495361328125
1408,2048,7168,asm_8_split1,asm,8,1,_ZN5aiter42fp8gemm_bf16_blockscale_BpreShuffle_48x128E,preflight,-1,failed,0.1711,outside original FP32 accumulation bounds,0,493148,8.0018310546875
1408,2048,7168,asm_9_split2,asm,9,2,_ZN5aiter42fp8gemm_bf16_blockscale_BpreShuffle_48x128E,preflight,-1,failed,0.2602,outside original FP32 accumulation bounds,0,750208,13.4888916015625
1408,2048,7168,asm_10_split3,asm,10,3,_ZN5aiter42fp8gemm_bf16_blockscale_BpreShuffle_48x128E,preflight,-1,failed,0.3068,outside original FP32 accumulation bounds,0,884406,14.6309814453125
1408,2048,7168,asm_11_split4,asm,11,4,_ZN5aiter42fp8gemm_bf16_blockscale_BpreShuffle_48x128E,preflight,-1,failed,0.34,outside original FP32 accumulation bounds,0,980326,14.936279296875
1408,2048,7168,asm_12_split5,asm,12,5,_ZN5aiter42fp8gemm_bf16_blockscale_BpreShuffle_48x128E,preflight,-1,failed,0.3589,outside original FP32 accumulation bounds,0,1034787,15.2698974609375
1408,2048,7168,asm_13_split6,asm,13,6,_ZN5aiter42fp8gemm_bf16_blockscale_BpreShuffle_48x128E,preflight,-1,failed,0.3811,outside original FP32 accumulation bounds,0,1098882,15.29833984375
1408,2048,7168,asm_14_split7,asm,14,7,_ZN5aiter42fp8gemm_bf16_blockscale_BpreShuffle_48x128E,preflight,-1,failed,0.3983,outside original FP32 accumulation bounds,0,1148464,18.3212890625
1408,2048,7168,asm_15_split8,asm,15,8,_ZN5aiter42fp8gemm_bf16_blockscale_BpreShuffle_48x128E,preflight,-1,failed,0.4125,outside original FP32 accumulation bounds,0,1189265,18.144287109375
1408,2048,7168,asm_16_split1,asm,16,1,_ZN5aiter42fp8gemm_bf16_blockscale_BpreShuffle_64x128E,preflight,-1,failed,0.1711,outside original FP32 accumulation bounds,0,493148,8.0018310546875
1408,2048,7168,asm_17_split2,asm,17,2,_ZN5aiter42fp8gemm_bf16_blockscale_BpreShuffle_64x128E,preflight,-1,failed,0.2602,outside original FP32 accumulation bounds,0,750208,13.4888916015625
1408,2048,7168,asm_18_split3,asm,18,3,_ZN5aiter42fp8gemm_bf16_blockscale_BpreShuffle_64x128E,preflight,-1,failed,0.3069,outside original FP32 accumulation bounds,0,884868,13.0321044921875
1408,2048,7168,asm_19_split4,asm,19,4,_ZN5aiter42fp8gemm_bf16_blockscale_BpreShuffle_64x128E,preflight,-1,failed,0.3394,outside original FP32 accumulation bounds,0,978577,14.936279296875
1408,2048,7168,asm_20_split5,asm,20,5,_ZN5aiter42fp8gemm_bf16_blockscale_BpreShuffle_64x128E,preflight,-1,failed,0.3591,outside original FP32 accumulation bounds,0,1035312,14.8104248046875
1408,2048,7168,asm_21_split6,asm,21,6,_ZN5aiter42fp8gemm_bf16_blockscale_BpreShuffle_64x128E,preflight,-1,failed,0.3811,outside original FP32 accumulation bounds,0,1098892,15.745849609375
1408,2048,7168,asm_22_split7,asm,22,7,_ZN5aiter42fp8gemm_bf16_blockscale_BpreShuffle_64x128E,preflight,-1,failed,0.4017,outside original FP32 accumulation bounds,0,1158316,17.7021484375
1408,2048,7168,asm_23_split8,asm,23,8,_ZN5aiter42fp8gemm_bf16_blockscale_BpreShuffle_64x128E,preflight,-1,failed,0.4143,outside original FP32 accumulation bounds,0,1194618,18.9610595703125
1408,2048,7168,asm_24_split1,asm,24,1,_ZN5aiter42fp8gemm_bf16_blockscale_BpreShuffle_80x128E,preflight,-1,failed,0.1711,outside original FP32 accumulation bounds,0,493148,8.0018310546875
1408,2048,7168,asm_25_split2,asm,25,2,_ZN5aiter42fp8gemm_bf16_blockscale_BpreShuffle_80x128E,preflight,-1,failed,0.2602,outside original FP32 accumulation bounds,0,750208,13.4888916015625
1408,2048,7168,asm_26_split3,asm,26,3,_ZN5aiter42fp8gemm_bf16_blockscale_BpreShuffle_80x128E,preflight,-1,failed,0.3075,outside original FP32 accumulation bounds,0,886595,13.0321044921875
1408,2048,7168,asm_27_split4,asm,27,4,_ZN5aiter42fp8gemm_bf16_blockscale_BpreShuffle_80x128E,preflight,-1,failed,0.3391,outside original FP32 accumulation bounds,0,977605,14.936279296875
1408,2048,7168,asm_28_split5,asm,28,5,_ZN5aiter42fp8gemm_bf16_blockscale_BpreShuffle_80x128E,preflight,-1,failed,0.3608,outside original FP32 accumulation bounds,0,1040327,15.2998046875
1408,2048,7168,asm_29_split6,asm,29,6,_ZN5aiter42fp8gemm_bf16_blockscale_BpreShuffle_80x128E,preflight,-1,failed,0.3809,outside original FP32 accumulation bounds,0,1098292,18.608642578125
1408,2048,7168,asm_30_split7,asm,30,7,_ZN5aiter42fp8gemm_bf16_blockscale_BpreShuffle_80x128E,preflight,-1,failed,0.3981,outside original FP32 accumulation bounds,0,1147869,18.593994140625
1408,2048,7168,asm_31_split8,asm,31,8,_ZN5aiter42fp8gemm_bf16_blockscale_BpreShuffle_80x128E,preflight,-1,failed,0.4134,outside original FP32 accumulation bounds,0,1192048,17.4923095703125
1408,2048,7168,asm_32_split1,asm,32,1,_ZN5aiter42fp8gemm_bf16_blockscale_BpreShuffle_96x128E,preflight,-1,failed,0.1711,outside original FP32 accumulation bounds,0,493148,8.0018310546875
1408,2048,7168,asm_33_split2,asm,33,2,_ZN5aiter42fp8gemm_bf16_blockscale_BpreShuffle_96x128E,preflight,-1,failed,0.2602,outside original FP32 accumulation bounds,0,750208,13.4888916015625
1408,2048,7168,asm_34_split3,asm,34,3,_ZN5aiter42fp8gemm_bf16_blockscale_BpreShuffle_96x128E,preflight,-1,failed,0.3077,outside original FP32 accumulation bounds,0,887030,13.0321044921875
1408,2048,7168,asm_35_split4,asm,35,4,_ZN5aiter42fp8gemm_bf16_blockscale_BpreShuffle_96x128E,preflight,-1,failed,0.339,outside original FP32 accumulation bounds,0,977519,14.643798828125
1408,2048,7168,asm_36_split5,asm,36,5,_ZN5aiter42fp8gemm_bf16_blockscale_BpreShuffle_96x128E,preflight,-1,failed,0.3603,outside original FP32 accumulation bounds,0,1038777,15.834716796875
1408,2048,7168,asm_37_split6,asm,37,6,_ZN5aiter42fp8gemm_bf16_blockscale_BpreShuffle_96x128E,preflight,-1,failed,0.3805,outside original FP32 accumulation bounds,0,1096955,15.1356201171875
1408,2048,7168,asm_38_split7,asm,38,7,_ZN5aiter42fp8gemm_bf16_blockscale_BpreShuffle_96x128E,preflight,-1,failed,0.399,outside original FP32 accumulation bounds,0,1150337,18.593994140625
1408,2048,7168,asm_39_split8,asm,39,8,_ZN5aiter42fp8gemm_bf16_blockscale_BpreShuffle_96x128E,preflight,-1,failed,0.4146,outside original FP32 accumulation bounds,0,1195321,18.3909912109375
1408,2048,7168,asm_40_split1,asm,40,1,_ZN5aiter43fp8gemm_bf16_blockscale_BpreShuffle_128x128E,preflight,-1,failed,0.1711,outside original FP32 accumulation bounds,0,493148,8.0018310546875
1408,2048,7168,asm_41_split2,asm,41,2,_ZN5aiter43fp8gemm_bf16_blockscale_BpreShuffle_128x128E,preflight,-1,failed,0.2602,outside original FP32 accumulation bounds,0,750208,13.4888916015625
1408,2048,7168,asm_42_split3,asm,42,3,_ZN5aiter43fp8gemm_bf16_blockscale_BpreShuffle_128x128E,preflight,-1,failed,0.3076,outside original FP32 accumulation bounds,0,886912,13.0321044921875
1408,2048,7168,asm_43_split4,asm,43,4,_ZN5aiter43fp8gemm_bf16_blockscale_BpreShuffle_128x128E,preflight,-1,failed,0.3393,outside original FP32 accumulation bounds,0,978207,13.91552734375
1408,2048,7168,asm_44_split5,asm,44,5,_ZN5aiter43fp8gemm_bf16_blockscale_BpreShuffle_128x128E,preflight,-1,failed,0.3604,outside original FP32 accumulation bounds,0,1038998,15.2998046875
1408,2048,7168,asm_45_split6,asm,45,6,_ZN5aiter43fp8gemm_bf16_blockscale_BpreShuffle_128x128E,preflight,-1,failed,0.381,outside original FP32 accumulation bounds,0,1098530,15.03515625
1408,2048,7168,asm_46_split7,asm,46,7,_ZN5aiter43fp8gemm_bf16_blockscale_BpreShuffle_128x128E,preflight,-1,failed,0.3985,outside original FP32 accumulation bounds,0,1149107,22.10595703125
1408,2048,7168,asm_47_split8,asm,47,8,_ZN5aiter43fp8gemm_bf16_blockscale_BpreShuffle_128x128E,preflight,-1,failed,0.4133,outside original FP32 accumulation bounds,0,1191598,18.9610595703125
1408,2048,7168,opus_9010,opus,9010,0,opus_gemm_gfx950_a8w8_mxscale_gemm_bpreshuffle_256x128x128x128_2x2_16x16x128_1x128x128_tiles1_nooob,preflight,-1,passed,0.0,,,,
1408,2048,7168,opus_9011,opus,9011,0,opus_gemm_gfx950_a8w8_mxscale_gemm_bpreshuffle_256x64x128x128_2x2_16x16x128_1x128x128_tiles1_nooob,preflight,-1,passed,0.0,,,,
1408,2048,7168,opus_9012,opus,9012,0,opus_gemm_gfx950_a8w8_mxscale_gemm_bpreshuffle_256x64x64x128_2x2_16x16x128_1x128x128_tiles1_nooob,preflight,-1,passed,0.0,,,,
1408,2048,7168,opus_9020,opus,9020,0,opus_gemm_gfx950_a8w8_mxscale_gemm_bpreshuffle_256x256x256x128_2x2_16x16x128_1x128x128_tiles1,preflight,-1,passed,0.0,,,,
1408,2048,7168,ck_7_split0,ck,7,0,a8w8_blockscale_bpreshuffle_1x128x128_256x16x64x256_16x16_16x16_16x16x1_16x16x1_1x16x1x16_4_1x1_intrawave_v1,timed,0,passed,0.0,,,,
1408,2048,7168,ck_8_split0,ck,8,0,a8w8_blockscale_bpreshuffle_1x128x128_256x32x256x128_16x16_16x16_8x32x1_8x32x1_1x32x1x8_8_2x1_intrawave_v1,timed,0,passed,0.0,,,,
1408,2048,7168,ck_9_split0,ck,9,0,a8w8_blockscale_bpreshuffle_1x128x128_256x32x128x128_16x16_16x16_8x32x1_8x32x1_1x32x1x8_8_2x1_intrawave_v1,timed,0,passed,0.0,,,,
1408,2048,7168,ck_10_split0,ck,10,0,a8w8_blockscale_bpreshuffle_1x128x128_256x32x64x128_16x16_16x16_8x32x1_8x32x1_1x32x1x8_8_2x1_intrawave_v1,timed,0,passed,0.0,,,,
1408,2048,7168,ck_11_split0,ck,11,0,a8w8_blockscale_bpreshuffle_1x128x128_256x32x128x256_16x16_16x16_16x16x1_16x16x1_1x32x1x8_8_2x1_intrawave_v1,timed,0,passed,0.0,,,,
1408,2048,7168,ck_12_split0,ck,12,0,a8w8_blockscale_bpreshuffle_1x128x128_256x32x64x256_16x16_16x16_16x16x1_16x16x1_1x32x1x8_8_2x1_intrawave_v1,timed,0,passed,0.0,,,,
1408,2048,7168,ck_13_split0,ck,13,0,a8w8_blockscale_bpreshuffle_1x128x128_256x64x256x128_16x16_16x16_8x32x1_8x32x1_1x32x1x8_8_2x1_intrawave_v1,timed,0,passed,0.0,,,,
1408,2048,7168,ck_14_split0,ck,14,0,a8w8_blockscale_bpreshuffle_1x128x128_256x64x128x128_16x16_16x16_8x32x1_8x32x1_1x32x1x8_8_2x1_intrawave_v1,timed,0,passed,0.0,,,,
1408,2048,7168,ck_15_split0,ck,15,0,a8w8_blockscale_bpreshuffle_1x128x128_256x64x64x128_16x16_16x16_8x32x1_8x32x1_1x32x1x8_8_2x1_intrawave_v1,timed,0,passed,0.0,,,,
1408,2048,7168,ck_16_split0,ck,16,0,a8w8_blockscale_bpreshuffle_1x128x128_256x64x128x256_16x16_16x16_16x16x1_16x16x1_1x32x1x8_8_2x1_intrawave_v1,timed,0,passed,0.0,,,,
1408,2048,7168,ck_17_split0,ck,17,0,a8w8_blockscale_bpreshuffle_1x128x128_256x64x64x256_16x16_16x16_16x16x1_16x16x1_1x32x1x8_8_2x1_intrawave_v1,timed,0,passed,0.0,,,,
1408,2048,7168,cktile_0_split0,cktile,0,0,a8w8_blockscale_cktile_16x128x256_1x4x1_16x16x128_intrawave_0x1x0_1,timed,0,passed,0.0,,,,
1408,2048,7168,cktile_1_split0,cktile,1,0,a8w8_blockscale_cktile_16x128x256_1x4x1_16x16x128_intrawave_0x1x0_2,timed,0,passed,0.0,,,,
1408,2048,7168,cktile_2_split0,cktile,2,0,a8w8_blockscale_cktile_16x128x256_1x4x1_16x16x64_intrawave_0x1x0_1,timed,0,passed,0.0,,,,
1408,2048,7168,cktile_3_split0,cktile,3,0,a8w8_blockscale_cktile_16x128x256_1x4x1_16x16x64_intrawave_0x1x0_2,timed,0,passed,0.0,,,,
1408,2048,7168,cktile_4_split0,cktile,4,0,a8w8_blockscale_cktile_32x128x128_1x4x1_16x16x128_intrawave_0x1x0_1,timed,0,passed,0.0,,,,
1408,2048,7168,cktile_5_split0,cktile,5,0,a8w8_blockscale_cktile_32x128x128_1x4x1_16x16x128_intrawave_0x1x0_2,timed,0,passed,0.0,,,,
1408,2048,7168,cktile_6_split0,cktile,6,0,a8w8_blockscale_cktile_32x128x128_1x4x1_16x16x64_intrawave_0x1x0_1,timed,0,passed,0.0,,,,
1408,2048,7168,cktile_7_split0,cktile,7,0,a8w8_blockscale_cktile_32x128x128_1x4x1_16x16x64_intrawave_0x1x0_2,timed,0,passed,0.0,,,,
1408,2048,7168,cktile_8_split0,cktile,8,0,a8w8_blockscale_cktile_128x128x128_1x4x1_16x16x128_intrawave_0x1x0_1,timed,0,passed,0.0,,,,
1408,2048,7168,cktile_9_split0,cktile,9,0,a8w8_blockscale_cktile_128x128x128_1x4x1_16x16x128_intrawave_0x1x0_1,timed,0,passed,0.0,,,,
1408,2048,7168,cktile_10_split0,cktile,10,0,a8w8_blockscale_cktile_128x128x128_2x2x1_16x16x128_intrawave_0x1x0_2,timed,0,passed,0.0,,,,
1408,2048,7168,cktile_11_split0,cktile,11,0,a8w8_blockscale_cktile_192x256x128_4x2x1_16x16x128_intrawave_0x1x0_1,timed,0,passed,0.0,,,,
1408,2048,7168,cktile_12_split0,cktile,12,0,a8w8_blockscale_cktile_192x256x128_4x2x1_16x16x128_intrawave_0x1x0_1_aqrm,timed,0,passed,0.0,,,,
1408,2048,7168,cktile_13_split0,cktile,13,0,a8w8_blockscale_cktile_16x128x256_1x4x1_16x16x128_intrawave_0x1x0_3,timed,0,passed,0.0,,,,
1408,2048,7168,cktile_14_split0,cktile,14,0,a8w8_blockscale_cktile_16x128x256_1x4x1_16x16x128_intrawave_0x1x0_4,timed,0,passed,0.0,,,,
1408,2048,7168,cktile_15_split0,cktile,15,0,a8w8_blockscale_cktile_16x128x256_1x4x1_16x16x64_intrawave_0x1x0_3,timed,0,passed,0.0,,,,
1408,2048,7168,cktile_16_split0,cktile,16,0,a8w8_blockscale_cktile_16x128x256_1x4x1_16x16x64_intrawave_0x1x0_4,timed,0,passed,0.0,,,,
1408,2048,7168,cktile_17_split0,cktile,17,0,a8w8_blockscale_cktile_32x128x128_1x4x1_16x16x128_intrawave_0x1x0_3,timed,0,passed,0.0,,,,
1408,2048,7168,cktile_18_split0,cktile,18,0,a8w8_blockscale_cktile_32x128x128_1x4x1_16x16x128_intrawave_0x1x0_4,timed,0,passed,0.0,,,,
1408,2048,7168,cktile_19_split0,cktile,19,0,a8w8_blockscale_cktile_32x128x128_1x4x1_16x16x64_intrawave_0x1x0_3,timed,0,passed,0.0,,,,
1408,2048,7168,cktile_20_split0,cktile,20,0,a8w8_blockscale_cktile_32x128x128_1x4x1_16x16x64_intrawave_0x1x0_4,timed,0,passed,0.0,,,,
1408,2048,7168,cktile_21_split0,cktile,21,0,a8w8_blockscale_cktile_128x128x128_1x4x1_16x16x128_intrawave_0x1x0_2,timed,0,passed,0.0,,,,
1408,2048,7168,cktile_22_split0,cktile,22,0,a8w8_blockscale_cktile_128x128x128_1x4x1_16x16x128_intrawave_0x1x0_3,timed,0,passed,0.0,,,,
1408,2048,7168,cktile_23_split0,cktile,23,0,a8w8_blockscale_cktile_128x128x128_1x4x1_16x16x128_intrawave_0x1x0_4,timed,0,passed,0.0,,,,
1408,2048,7168,cktile_24_split0,cktile,24,0,a8w8_blockscale_cktile_128x128x128_2x2x1_16x16x128_intrawave_0x1x0_1,timed,0,passed,0.0,,,,
1408,2048,7168,cktile_25_split0,cktile,25,0,a8w8_blockscale_cktile_128x128x128_2x2x1_16x16x128_intrawave_0x1x0_3,timed,0,passed,0.0,,,,
1408,2048,7168,cktile_26_split0,cktile,26,0,a8w8_blockscale_cktile_128x128x128_2x2x1_16x16x128_intrawave_0x1x0_4,timed,0,passed,0.0,,,,
1408,2048,7168,cktile_27_split0,cktile,27,0,a8w8_blockscale_cktile_192x256x128_4x2x1_16x16x128_intrawave_0x1x0_2,timed,0,passed,0.0,,,,
1408,2048,7168,cktile_28_split0,cktile,28,0,a8w8_blockscale_cktile_192x256x128_4x2x1_16x16x128_intrawave_0x1x0_3,timed,0,passed,0.0,,,,
1408,2048,7168,cktile_29_split0,cktile,29,0,a8w8_blockscale_cktile_192x256x128_4x2x1_16x16x128_intrawave_0x1x0_4,timed,0,passed,0.0,,,,
1408,2048,7168,cktile_30_split0,cktile,30,0,a8w8_blockscale_cktile_192x256x128_4x2x1_16x16x128_intrawave_0x1x0_2_aqrm,timed,0,passed,0.0,,,,
1408,2048,7168,cktile_31_split0,cktile,31,0,a8w8_blockscale_cktile_192x256x128_4x2x1_16x16x128_intrawave_0x1x0_3_aqrm,timed,0,passed,0.0,,,,
1408,2048,7168,cktile_32_split0,cktile,32,0,a8w8_blockscale_cktile_192x256x128_4x2x1_16x16x128_intrawave_0x1x0_4_aqrm,timed,0,passed,0.0,,,,
1408,2048,7168,opus_9010,opus,9010,0,opus_gemm_gfx950_a8w8_mxscale_gemm_bpreshuffle_256x128x128x128_2x2_16x16x128_1x128x128_tiles1_nooob,timed,0,passed,0.0,,,,
1408,2048,7168,opus_9011,opus,9011,0,opus_gemm_gfx950_a8w8_mxscale_gemm_bpreshuffle_256x64x128x128_2x2_16x16x128_1x128x128_tiles1_nooob,timed,0,passed,0.0,,,,
1408,2048,7168,opus_9012,opus,9012,0,opus_gemm_gfx950_a8w8_mxscale_gemm_bpreshuffle_256x64x64x128_2x2_16x16x128_1x128x128_tiles1_nooob,timed,0,passed,0.0,,,,
1408,2048,7168,opus_9020,opus,9020,0,opus_gemm_gfx950_a8w8_mxscale_gemm_bpreshuffle_256x256x256x128_2x2_16x16x128_1x128x128_tiles1,timed,0,passed,0.0,,,,
1408,2048,7168,ck_0_split0,ck,0,0,a8w8_blockscale_bpreshuffle_1x128x128_256x128x128x128_16x16_16x16_8x32x1_8x32x1_1x32x1x8_8_2x1_intrawave_v3,timed,0,passed,0.0,,,,
1408,2048,7168,ck_1_split0,ck,1,0,a8w8_blockscale_bpreshuffle_1x128x128_256x64x128x128_16x16_16x16_8x32x1_8x32x1_1x32x1x8_8_2x1_intrawave_v3,timed,0,passed,0.0,,,,
1408,2048,7168,ck_2_split0,ck,2,0,a8w8_blockscale_bpreshuffle_1x128x128_256x64x64x128_16x16_16x16_8x32x1_8x32x1_1x32x1x8_8_2x1_intrawave_v3,timed,0,passed,0.0,,,,
1408,2048,7168,ck_3_split0,ck,3,0,a8w8_blockscale_bpreshuffle_1x128x128_256x16x256x128_8x16_16x16_16x16x1_8x32x1_1x16x1x16_8_1x2_intrawave_v1,timed,0,passed,0.0,,,,
1408,2048,7168,ck_4_split0,ck,4,0,a8w8_blockscale_bpreshuffle_1x128x128_256x16x128x128_8x16_16x16_16x16x1_8x32x1_1x16x1x16_8_1x2_intrawave_v1,timed,0,passed,0.0,,,,
1408,2048,7168,ck_5_split0,ck,5,0,a8w8_blockscale_bpreshuffle_1x128x128_256x16x64x128_8x16_16x16_16x16x1_8x32x1_1x16x1x16_4_1x1_intrawave_v1,timed,0,passed,0.0,,,,
1408,2048,7168,ck_6_split0,ck,6,0,a8w8_blockscale_bpreshuffle_1x128x128_256x16x128x256_16x16_16x16_16x16x1_16x16x1_1x16x1x16_8_1x2_intrawave_v1,timed,0,passed,0.0,,,,
1408,2048,7168,ck_7_split0,ck,7,0,a8w8_blockscale_bpreshuffle_1x128x128_256x16x64x256_16x16_16x16_16x16x1_16x16x1_1x16x1x16_4_1x1_intrawave_v1,timed,1,passed,0.0,,,,
1408,2048,7168,ck_6_split0,ck,6,0,a8w8_blockscale_bpreshuffle_1x128x128_256x16x128x256_16x16_16x16_16x16x1_16x16x1_1x16x1x16_8_1x2_intrawave_v1,timed,1,passed,0.0,,,,
1408,2048,7168,ck_5_split0,ck,5,0,a8w8_blockscale_bpreshuffle_1x128x128_256x16x64x128_8x16_16x16_16x16x1_8x32x1_1x16x1x16_4_1x1_intrawave_v1,timed,1,passed,0.0,,,,
1408,2048,7168,ck_4_split0,ck,4,0,a8w8_blockscale_bpreshuffle_1x128x128_256x16x128x128_8x16_16x16_16x16x1_8x32x1_1x16x1x16_8_1x2_intrawave_v1,timed,1,passed,0.0,,,,
1408,2048,7168,ck_3_split0,ck,3,0,a8w8_blockscale_bpreshuffle_1x128x128_256x16x256x128_8x16_16x16_16x16x1_8x32x1_1x16x1x16_8_1x2_intrawave_v1,timed,1,passed,0.0,,,,
1408,2048,7168,ck_2_split0,ck,2,0,a8w8_blockscale_bpreshuffle_1x128x128_256x64x64x128_16x16_16x16_8x32x1_8x32x1_1x32x1x8_8_2x1_intrawave_v3,timed,1,passed,0.0,,,,
1408,2048,7168,ck_1_split0,ck,1,0,a8w8_blockscale_bpreshuffle_1x128x128_256x64x128x128_16x16_16x16_8x32x1_8x32x1_1x32x1x8_8_2x1_intrawave_v3,timed,1,passed,0.0,,,,
1408,2048,7168,ck_0_split0,ck,0,0,a8w8_blockscale_bpreshuffle_1x128x128_256x128x128x128_16x16_16x16_8x32x1_8x32x1_1x32x1x8_8_2x1_intrawave_v3,timed,1,passed,0.0,,,,
1408,2048,7168,opus_9020,opus,9020,0,opus_gemm_gfx950_a8w8_mxscale_gemm_bpreshuffle_256x256x256x128_2x2_16x16x128_1x128x128_tiles1,timed,1,passed,0.0,,,,
1408,2048,7168,opus_9012,opus,9012,0,opus_gemm_gfx950_a8w8_mxscale_gemm_bpreshuffle_256x64x64x128_2x2_16x16x128_1x128x128_tiles1_nooob,timed,1,passed,0.0,,,,
1408,2048,7168,opus_9011,opus,9011,0,opus_gemm_gfx950_a8w8_mxscale_gemm_bpreshuffle_256x64x128x128_2x2_16x16x128_1x128x128_tiles1_nooob,timed,1,passed,0.0,,,,
1408,2048,7168,opus_9010,opus,9010,0,opus_gemm_gfx950_a8w8_mxscale_gemm_bpreshuffle_256x128x128x128_2x2_16x16x128_1x128x128_tiles1_nooob,timed,1,passed,0.0,,,,
1408,2048,7168,cktile_32_split0,cktile,32,0,a8w8_blockscale_cktile_192x256x128_4x2x1_16x16x128_intrawave_0x1x0_4_aqrm,timed,1,passed,0.0,,,,
1408,2048,7168,cktile_31_split0,cktile,31,0,a8w8_blockscale_cktile_192x256x128_4x2x1_16x16x128_intrawave_0x1x0_3_aqrm,timed,1,passed,0.0,,,,
1408,2048,7168,cktile_30_split0,cktile,30,0,a8w8_blockscale_cktile_192x256x128_4x2x1_16x16x128_intrawave_0x1x0_2_aqrm,timed,1,passed,0.0,,,,
1408,2048,7168,cktile_29_split0,cktile,29,0,a8w8_blockscale_cktile_192x256x128_4x2x1_16x16x128_intrawave_0x1x0_4,timed,1,passed,0.0,,,,
1408,2048,7168,cktile_28_split0,cktile,28,0,a8w8_blockscale_cktile_192x256x128_4x2x1_16x16x128_intrawave_0x1x0_3,timed,1,passed,0.0,,,,
1408,2048,7168,cktile_27_split0,cktile,27,0,a8w8_blockscale_cktile_192x256x128_4x2x1_16x16x128_intrawave_0x1x0_2,timed,1,passed,0.0,,,,
1408,2048,7168,cktile_26_split0,cktile,26,0,a8w8_blockscale_cktile_128x128x128_2x2x1_16x16x128_intrawave_0x1x0_4,timed,1,passed,0.0,,,,
1408,2048,7168,cktile_25_split0,cktile,25,0,a8w8_blockscale_cktile_128x128x128_2x2x1_16x16x128_intrawave_0x1x0_3,timed,1,passed,0.0,,,,
1408,2048,7168,cktile_24_split0,cktile,24,0,a8w8_blockscale_cktile_128x128x128_2x2x1_16x16x128_intrawave_0x1x0_1,timed,1,passed,0.0,,,,
1408,2048,7168,cktile_23_split0,cktile,23,0,a8w8_blockscale_cktile_128x128x128_1x4x1_16x16x128_intrawave_0x1x0_4,timed,1,passed,0.0,,,,
1408,2048,7168,cktile_22_split0,cktile,22,0,a8w8_blockscale_cktile_128x128x128_1x4x1_16x16x128_intrawave_0x1x0_3,timed,1,passed,0.0,,,,
1408,2048,7168,cktile_21_split0,cktile,21,0,a8w8_blockscale_cktile_128x128x128_1x4x1_16x16x128_intrawave_0x1x0_2,timed,1,passed,0.0,,,,
1408,2048,7168,cktile_20_split0,cktile,20,0,a8w8_blockscale_cktile_32x128x128_1x4x1_16x16x64_intrawave_0x1x0_4,timed,1,passed,0.0,,,,
1408,2048,7168,cktile_19_split0,cktile,19,0,a8w8_blockscale_cktile_32x128x128_1x4x1_16x16x64_intrawave_0x1x0_3,timed,1,passed,0.0,,,,
1408,2048,7168,cktile_18_split0,cktile,18,0,a8w8_blockscale_cktile_32x128x128_1x4x1_16x16x128_intrawave_0x1x0_4,timed,1,passed,0.0,,,,
1408,2048,7168,cktile_17_split0,cktile,17,0,a8w8_blockscale_cktile_32x128x128_1x4x1_16x16x128_intrawave_0x1x0_3,timed,1,passed,0.0,,,,
1408,2048,7168,cktile_16_split0,cktile,16,0,a8w8_blockscale_cktile_16x128x256_1x4x1_16x16x64_intrawave_0x1x0_4,timed,1,passed,0.0,,,,
1408,2048,7168,cktile_15_split0,cktile,15,0,a8w8_blockscale_cktile_16x128x256_1x4x1_16x16x64_intrawave_0x1x0_3,timed,1,passed,0.0,,,,
1408,2048,7168,cktile_14_split0,cktile,14,0,a8w8_blockscale_cktile_16x128x256_1x4x1_16x16x128_intrawave_0x1x0_4,timed,1,passed,0.0,,,,
1408,2048,7168,cktile_13_split0,cktile,13,0,a8w8_blockscale_cktile_16x128x256_1x4x1_16x16x128_intrawave_0x1x0_3,timed,1,passed,0.0,,,,
1408,2048,7168,cktile_12_split0,cktile,12,0,a8w8_blockscale_cktile_192x256x128_4x2x1_16x16x128_intrawave_0x1x0_1_aqrm,timed,1,passed,0.0,,,,
1408,2048,7168,cktile_11_split0,cktile,11,0,a8w8_blockscale_cktile_192x256x128_4x2x1_16x16x128_intrawave_0x1x0_1,timed,1,passed,0.0,,,,
1408,2048,7168,cktile_10_split0,cktile,10,0,a8w8_blockscale_cktile_128x128x128_2x2x1_16x16x128_intrawave_0x1x0_2,timed,1,passed,0.0,,,,
1408,2048,7168,cktile_9_split0,cktile,9,0,a8w8_blockscale_cktile_128x128x128_1x4x1_16x16x128_intrawave_0x1x0_1,timed,1,passed,0.0,,,,
1408,2048,7168,cktile_8_split0,cktile,8,0,a8w8_blockscale_cktile_128x128x128_1x4x1_16x16x128_intrawave_0x1x0_1,timed,1,passed,0.0,,,,
1408,2048,7168,cktile_7_split0,cktile,7,0,a8w8_blockscale_cktile_32x128x128_1x4x1_16x16x64_intrawave_0x1x0_2,timed,1,passed,0.0,,,,
1408,2048,7168,cktile_6_split0,cktile,6,0,a8w8_blockscale_cktile_32x128x128_1x4x1_16x16x64_intrawave_0x1x0_1,timed,1,passed,0.0,,,,
1408,2048,7168,cktile_5_split0,cktile,5,0,a8w8_blockscale_cktile_32x128x128_1x4x1_16x16x128_intrawave_0x1x0_2,timed,1,passed,0.0,,,,
1408,2048,7168,cktile_4_split0,cktile,4,0,a8w8_blockscale_cktile_32x128x128_1x4x1_16x16x128_intrawave_0x1x0_1,timed,1,passed,0.0,,,,
1408,2048,7168,cktile_3_split0,cktile,3,0,a8w8_blockscale_cktile_16x128x256_1x4x1_16x16x64_intrawave_0x1x0_2,timed,1,passed,0.0,,,,
1408,2048,7168,cktile_2_split0,cktile,2,0,a8w8_blockscale_cktile_16x128x256_1x4x1_16x16x64_intrawave_0x1x0_1,timed,1,passed,0.0,,,,
1408,2048,7168,cktile_1_split0,cktile,1,0,a8w8_blockscale_cktile_16x128x256_1x4x1_16x16x128_intrawave_0x1x0_2,timed,1,passed,0.0,,,,
1408,2048,7168,cktile_0_split0,cktile,0,0,a8w8_blockscale_cktile_16x128x256_1x4x1_16x16x128_intrawave_0x1x0_1,timed,1,passed,0.0,,,,
1408,2048,7168,ck_17_split0,ck,17,0,a8w8_blockscale_bpreshuffle_1x128x128_256x64x64x256_16x16_16x16_16x16x1_16x16x1_1x32x1x8_8_2x1_intrawave_v1,timed,1,passed,0.0,,,,
1408,2048,7168,ck_16_split0,ck,16,0,a8w8_blockscale_bpreshuffle_1x128x128_256x64x128x256_16x16_16x16_16x16x1_16x16x1_1x32x1x8_8_2x1_intrawave_v1,timed,1,passed,0.0,,,,
1408,2048,7168,ck_15_split0,ck,15,0,a8w8_blockscale_bpreshuffle_1x128x128_256x64x64x128_16x16_16x16_8x32x1_8x32x1_1x32x1x8_8_2x1_intrawave_v1,timed,1,passed,0.0,,,,
1408,2048,7168,ck_14_split0,ck,14,0,a8w8_blockscale_bpreshuffle_1x128x128_256x64x128x128_16x16_16x16_8x32x1_8x32x1_1x32x1x8_8_2x1_intrawave_v1,timed,1,passed,0.0,,,,
1408,2048,7168,ck_13_split0,ck,13,0,a8w8_blockscale_bpreshuffle_1x128x128_256x64x256x128_16x16_16x16_8x32x1_8x32x1_1x32x1x8_8_2x1_intrawave_v1,timed,1,passed,0.0,,,,
1408,2048,7168,ck_12_split0,ck,12,0,a8w8_blockscale_bpreshuffle_1x128x128_256x32x64x256_16x16_16x16_16x16x1_16x16x1_1x32x1x8_8_2x1_intrawave_v1,timed,1,passed,0.0,,,,
1408,2048,7168,ck_11_split0,ck,11,0,a8w8_blockscale_bpreshuffle_1x128x128_256x32x128x256_16x16_16x16_16x16x1_16x16x1_1x32x1x8_8_2x1_intrawave_v1,timed,1,passed,0.0,,,,
1408,2048,7168,ck_10_split0,ck,10,0,a8w8_blockscale_bpreshuffle_1x128x128_256x32x64x128_16x16_16x16_8x32x1_8x32x1_1x32x1x8_8_2x1_intrawave_v1,timed,1,passed,0.0,,,,
1408,2048,7168,ck_9_split0,ck,9,0,a8w8_blockscale_bpreshuffle_1x128x128_256x32x128x128_16x16_16x16_8x32x1_8x32x1_1x32x1x8_8_2x1_intrawave_v1,timed,1,passed,0.0,,,,
1408,2048,7168,ck_8_split0,ck,8,0,a8w8_blockscale_bpreshuffle_1x128x128_256x32x256x128_16x16_16x16_8x32x1_8x32x1_1x32x1x8_8_2x1_intrawave_v1,timed,1,passed,0.0,,,,
1408,2048,7168,ck_9_split0,ck,9,0,a8w8_blockscale_bpreshuffle_1x128x128_256x32x128x128_16x16_16x16_8x32x1_8x32x1_1x32x1x8_8_2x1_intrawave_v1,timed,2,passed,0.0,,,,
1408,2048,7168,ck_10_split0,ck,10,0,a8w8_blockscale_bpreshuffle_1x128x128_256x32x64x128_16x16_16x16_8x32x1_8x32x1_1x32x1x8_8_2x1_intrawave_v1,timed,2,passed,0.0,,,,
1408,2048,7168,ck_11_split0,ck,11,0,a8w8_blockscale_bpreshuffle_1x128x128_256x32x128x256_16x16_16x16_16x16x1_16x16x1_1x32x1x8_8_2x1_intrawave_v1,timed,2,passed,0.0,,,,
1408,2048,7168,ck_12_split0,ck,12,0,a8w8_blockscale_bpreshuffle_1x128x128_256x32x64x256_16x16_16x16_16x16x1_16x16x1_1x32x1x8_8_2x1_intrawave_v1,timed,2,passed,0.0,,,,
1408,2048,7168,ck_13_split0,ck,13,0,a8w8_blockscale_bpreshuffle_1x128x128_256x64x256x128_16x16_16x16_8x32x1_8x32x1_1x32x1x8_8_2x1_intrawave_v1,timed,2,passed,0.0,,,,
1408,2048,7168,ck_14_split0,ck,14,0,a8w8_blockscale_bpreshuffle_1x128x128_256x64x128x128_16x16_16x16_8x32x1_8x32x1_1x32x1x8_8_2x1_intrawave_v1,timed,2,passed,0.0,,,,
1408,2048,7168,ck_15_split0,ck,15,0,a8w8_blockscale_bpreshuffle_1x128x128_256x64x64x128_16x16_16x16_8x32x1_8x32x1_1x32x1x8_8_2x1_intrawave_v1,timed,2,passed,0.0,,,,
1408,2048,7168,ck_16_split0,ck,16,0,a8w8_blockscale_bpreshuffle_1x128x128_256x64x128x256_16x16_16x16_16x16x1_16x16x1_1x32x1x8_8_2x1_intrawave_v1,timed,2,passed,0.0,,,,
1408,2048,7168,ck_17_split0,ck,17,0,a8w8_blockscale_bpreshuffle_1x128x128_256x64x64x256_16x16_16x16_16x16x1_16x16x1_1x32x1x8_8_2x1_intrawave_v1,timed,2,passed,0.0,,,,
1408,2048,7168,cktile_0_split0,cktile,0,0,a8w8_blockscale_cktile_16x128x256_1x4x1_16x16x128_intrawave_0x1x0_1,timed,2,passed,0.0,,,,
1408,2048,7168,cktile_1_split0,cktile,1,0,a8w8_blockscale_cktile_16x128x256_1x4x1_16x16x128_intrawave_0x1x0_2,timed,2,passed,0.0,,,,
1408,2048,7168,cktile_2_split0,cktile,2,0,a8w8_blockscale_cktile_16x128x256_1x4x1_16x16x64_intrawave_0x1x0_1,timed,2,passed,0.0,,,,
1408,2048,7168,cktile_3_split0,cktile,3,0,a8w8_blockscale_cktile_16x128x256_1x4x1_16x16x64_intrawave_0x1x0_2,timed,2,passed,0.0,,,,
1408,2048,7168,cktile_4_split0,cktile,4,0,a8w8_blockscale_cktile_32x128x128_1x4x1_16x16x128_intrawave_0x1x0_1,timed,2,passed,0.0,,,,
1408,2048,7168,cktile_5_split0,cktile,5,0,a8w8_blockscale_cktile_32x128x128_1x4x1_16x16x128_intrawave_0x1x0_2,timed,2,passed,0.0,,,,
1408,2048,7168,cktile_6_split0,cktile,6,0,a8w8_blockscale_cktile_32x128x128_1x4x1_16x16x64_intrawave_0x1x0_1,timed,2,passed,0.0,,,,
1408,2048,7168,cktile_7_split0,cktile,7,0,a8w8_blockscale_cktile_32x128x128_1x4x1_16x16x64_intrawave_0x1x0_2,timed,2,passed,0.0,,,,
1408,2048,7168,cktile_8_split0,cktile,8,0,a8w8_blockscale_cktile_128x128x128_1x4x1_16x16x128_intrawave_0x1x0_1,timed,2,passed,0.0,,,,
1408,2048,7168,cktile_9_split0,cktile,9,0,a8w8_blockscale_cktile_128x128x128_1x4x1_16x16x128_intrawave_0x1x0_1,timed,2,passed,0.0,,,,
1408,2048,7168,cktile_10_split0,cktile,10,0,a8w8_blockscale_cktile_128x128x128_2x2x1_16x16x128_intrawave_0x1x0_2,timed,2,passed,0.0,,,,
1408,2048,7168,cktile_11_split0,cktile,11,0,a8w8_blockscale_cktile_192x256x128_4x2x1_16x16x128_intrawave_0x1x0_1,timed,2,passed,0.0,,,,
1408,2048,7168,cktile_12_split0,cktile,12,0,a8w8_blockscale_cktile_192x256x128_4x2x1_16x16x128_intrawave_0x1x0_1_aqrm,timed,2,passed,0.0,,,,
1408,2048,7168,cktile_13_split0,cktile,13,0,a8w8_blockscale_cktile_16x128x256_1x4x1_16x16x128_intrawave_0x1x0_3,timed,2,passed,0.0,,,,
1408,2048,7168,cktile_14_split0,cktile,14,0,a8w8_blockscale_cktile_16x128x256_1x4x1_16x16x128_intrawave_0x1x0_4,timed,2,passed,0.0,,,,
1408,2048,7168,cktile_15_split0,cktile,15,0,a8w8_blockscale_cktile_16x128x256_1x4x1_16x16x64_intrawave_0x1x0_3,timed,2,passed,0.0,,,,
1408,2048,7168,cktile_16_split0,cktile,16,0,a8w8_blockscale_cktile_16x128x256_1x4x1_16x16x64_intrawave_0x1x0_4,timed,2,passed,0.0,,,,
1408,2048,7168,cktile_17_split0,cktile,17,0,a8w8_blockscale_cktile_32x128x128_1x4x1_16x16x128_intrawave_0x1x0_3,timed,2,passed,0.0,,,,
1408,2048,7168,cktile_18_split0,cktile,18,0,a8w8_blockscale_cktile_32x128x128_1x4x1_16x16x128_intrawave_0x1x0_4,timed,2,passed,0.0,,,,
1408,2048,7168,cktile_19_split0,cktile,19,0,a8w8_blockscale_cktile_32x128x128_1x4x1_16x16x64_intrawave_0x1x0_3,timed,2,passed,0.0,,,,
1408,2048,7168,cktile_20_split0,cktile,20,0,a8w8_blockscale_cktile_32x128x128_1x4x1_16x16x64_intrawave_0x1x0_4,timed,2,passed,0.0,,,,
1408,2048,7168,cktile_21_split0,cktile,21,0,a8w8_blockscale_cktile_128x128x128_1x4x1_16x16x128_intrawave_0x1x0_2,timed,2,passed,0.0,,,,
1408,2048,7168,cktile_22_split0,cktile,22,0,a8w8_blockscale_cktile_128x128x128_1x4x1_16x16x128_intrawave_0x1x0_3,timed,2,passed,0.0,,,,
1408,2048,7168,cktile_23_split0,cktile,23,0,a8w8_blockscale_cktile_128x128x128_1x4x1_16x16x128_intrawave_0x1x0_4,timed,2,passed,0.0,,,,
1408,2048,7168,cktile_24_split0,cktile,24,0,a8w8_blockscale_cktile_128x128x128_2x2x1_16x16x128_intrawave_0x1x0_1,timed,2,passed,0.0,,,,
1408,2048,7168,cktile_25_split0,cktile,25,0,a8w8_blockscale_cktile_128x128x128_2x2x1_16x16x128_intrawave_0x1x0_3,timed,2,passed,0.0,,,,
1408,2048,7168,cktile_26_split0,cktile,26,0,a8w8_blockscale_cktile_128x128x128_2x2x1_16x16x128_intrawave_0x1x0_4,timed,2,passed,0.0,,,,
1408,2048,7168,cktile_27_split0,cktile,27,0,a8w8_blockscale_cktile_192x256x128_4x2x1_16x16x128_intrawave_0x1x0_2,timed,2,passed,0.0,,,,
1408,2048,7168,cktile_28_split0,cktile,28,0,a8w8_blockscale_cktile_192x256x128_4x2x1_16x16x128_intrawave_0x1x0_3,timed,2,passed,0.0,,,,
1408,2048,7168,cktile_29_split0,cktile,29,0,a8w8_blockscale_cktile_192x256x128_4x2x1_16x16x128_intrawave_0x1x0_4,timed,2,passed,0.0,,,,
1408,2048,7168,cktile_30_split0,cktile,30,0,a8w8_blockscale_cktile_192x256x128_4x2x1_16x16x128_intrawave_0x1x0_2_aqrm,timed,2,passed,0.0,,,,
1408,2048,7168,cktile_31_split0,cktile,31,0,a8w8_blockscale_cktile_192x256x128_4x2x1_16x16x128_intrawave_0x1x0_3_aqrm,timed,2,passed,0.0,,,,
1408,2048,7168,cktile_32_split0,cktile,32,0,a8w8_blockscale_cktile_192x256x128_4x2x1_16x16x128_intrawave_0x1x0_4_aqrm,timed,2,passed,0.0,,,,
1408,2048,7168,opus_9010,opus,9010,0,opus_gemm_gfx950_a8w8_mxscale_gemm_bpreshuffle_256x128x128x128_2x2_16x16x128_1x128x128_tiles1_nooob,timed,2,passed,0.0,,,,
1408,2048,7168,opus_9011,opus,9011,0,opus_gemm_gfx950_a8w8_mxscale_gemm_bpreshuffle_256x64x128x128_2x2_16x16x128_1x128x128_tiles1_nooob,timed,2,passed,0.0,,,,
1408,2048,7168,opus_9012,opus,9012,0,opus_gemm_gfx950_a8w8_mxscale_gemm_bpreshuffle_256x64x64x128_2x2_16x16x128_1x128x128_tiles1_nooob,timed,2,passed,0.0,,,,
1408,2048,7168,opus_9020,opus,9020,0,opus_gemm_gfx950_a8w8_mxscale_gemm_bpreshuffle_256x256x256x128_2x2_16x16x128_1x128x128_tiles1,timed,2,passed,0.0,,,,
1408,2048,7168,ck_0_split0,ck,0,0,a8w8_blockscale_bpreshuffle_1x128x128_256x128x128x128_16x16_16x16_8x32x1_8x32x1_1x32x1x8_8_2x1_intrawave_v3,timed,2,passed,0.0,,,,
1408,2048,7168,ck_1_split0,ck,1,0,a8w8_blockscale_bpreshuffle_1x128x128_256x64x128x128_16x16_16x16_8x32x1_8x32x1_1x32x1x8_8_2x1_intrawave_v3,timed,2,passed,0.0,,,,
1408,2048,7168,ck_2_split0,ck,2,0,a8w8_blockscale_bpreshuffle_1x128x128_256x64x64x128_16x16_16x16_8x32x1_8x32x1_1x32x1x8_8_2x1_intrawave_v3,timed,2,passed,0.0,,,,
1408,2048,7168,ck_3_split0,ck,3,0,a8w8_blockscale_bpreshuffle_1x128x128_256x16x256x128_8x16_16x16_16x16x1_8x32x1_1x16x1x16_8_1x2_intrawave_v1,timed,2,passed,0.0,,,,
1408,2048,7168,ck_4_split0,ck,4,0,a8w8_blockscale_bpreshuffle_1x128x128_256x16x128x128_8x16_16x16_16x16x1_8x32x1_1x16x1x16_8_1x2_intrawave_v1,timed,2,passed,0.0,,,,
1408,2048,7168,ck_5_split0,ck,5,0,a8w8_blockscale_bpreshuffle_1x128x128_256x16x64x128_8x16_16x16_16x16x1_8x32x1_1x16x1x16_4_1x1_intrawave_v1,timed,2,passed,0.0,,,,
1408,2048,7168,ck_6_split0,ck,6,0,a8w8_blockscale_bpreshuffle_1x128x128_256x16x128x256_16x16_16x16_16x16x1_16x16x1_1x16x1x16_8_1x2_intrawave_v1,timed,2,passed,0.0,,,,
1408,2048,7168,ck_7_split0,ck,7,0,a8w8_blockscale_bpreshuffle_1x128x128_256x16x64x256_16x16_16x16_16x16x1_16x16x1_1x16x1x16_4_1x1_intrawave_v1,timed,2,passed,0.0,,,,
1408,2048,7168,ck_8_split0,ck,8,0,a8w8_blockscale_bpreshuffle_1x128x128_256x32x256x128_16x16_16x16_8x32x1_8x32x1_1x32x1x8_8_2x1_intrawave_v1,timed,2,passed,0.0,,,,
1664,2048,7168,ck_0_split0,ck,0,0,a8w8_blockscale_bpreshuffle_1x128x128_256x128x128x128_16x16_16x16_8x32x1_8x32x1_1x32x1x8_8_2x1_intrawave_v3,preflight,-1,passed,0.0,,,,
1664,2048,7168,ck_1_split0,ck,1,0,a8w8_blockscale_bpreshuffle_1x128x128_256x64x128x128_16x16_16x16_8x32x1_8x32x1_1x32x1x8_8_2x1_intrawave_v3,preflight,-1,passed,0.0,,,,
1664,2048,7168,ck_2_split0,ck,2,0,a8w8_blockscale_bpreshuffle_1x128x128_256x64x64x128_16x16_16x16_8x32x1_8x32x1_1x32x1x8_8_2x1_intrawave_v3,preflight,-1,passed,0.0,,,,
1664,2048,7168,ck_3_split0,ck,3,0,a8w8_blockscale_bpreshuffle_1x128x128_256x16x256x128_8x16_16x16_16x16x1_8x32x1_1x16x1x16_8_1x2_intrawave_v1,preflight,-1,passed,0.0,,,,
1664,2048,7168,ck_4_split0,ck,4,0,a8w8_blockscale_bpreshuffle_1x128x128_256x16x128x128_8x16_16x16_16x16x1_8x32x1_1x16x1x16_8_1x2_intrawave_v1,preflight,-1,passed,0.0,,,,
1664,2048,7168,ck_5_split0,ck,5,0,a8w8_blockscale_bpreshuffle_1x128x128_256x16x64x128_8x16_16x16_16x16x1_8x32x1_1x16x1x16_4_1x1_intrawave_v1,preflight,-1,passed,0.0,,,,
1664,2048,7168,ck_6_split0,ck,6,0,a8w8_blockscale_bpreshuffle_1x128x128_256x16x128x256_16x16_16x16_16x16x1_16x16x1_1x16x1x16_8_1x2_intrawave_v1,preflight,-1,passed,0.0,,,,
1664,2048,7168,ck_7_split0,ck,7,0,a8w8_blockscale_bpreshuffle_1x128x128_256x16x64x256_16x16_16x16_16x16x1_16x16x1_1x16x1x16_4_1x1_intrawave_v1,preflight,-1,passed,0.0,,,,
1664,2048,7168,ck_8_split0,ck,8,0,a8w8_blockscale_bpreshuffle_1x128x128_256x32x256x128_16x16_16x16_8x32x1_8x32x1_1x32x1x8_8_2x1_intrawave_v1,preflight,-1,passed,0.0,,,,
1664,2048,7168,ck_9_split0,ck,9,0,a8w8_blockscale_bpreshuffle_1x128x128_256x32x128x128_16x16_16x16_8x32x1_8x32x1_1x32x1x8_8_2x1_intrawave_v1,preflight,-1,passed,0.0,,,,
1664,2048,7168,ck_10_split0,ck,10,0,a8w8_blockscale_bpreshuffle_1x128x128_256x32x64x128_16x16_16x16_8x32x1_8x32x1_1x32x1x8_8_2x1_intrawave_v1,preflight,-1,passed,0.0,,,,
1664,2048,7168,ck_11_split0,ck,11,0,a8w8_blockscale_bpreshuffle_1x128x128_256x32x128x256_16x16_16x16_16x16x1_16x16x1_1x32x1x8_8_2x1_intrawave_v1,preflight,-1,passed,0.0,,,,
1664,2048,7168,ck_12_split0,ck,12,0,a8w8_blockscale_bpreshuffle_1x128x128_256x32x64x256_16x16_16x16_16x16x1_16x16x1_1x32x1x8_8_2x1_intrawave_v1,preflight,-1,passed,0.0,,,,
1664,2048,7168,ck_13_split0,ck,13,0,a8w8_blockscale_bpreshuffle_1x128x128_256x64x256x128_16x16_16x16_8x32x1_8x32x1_1x32x1x8_8_2x1_intrawave_v1,preflight,-1,passed,0.0,,,,
1664,2048,7168,ck_14_split0,ck,14,0,a8w8_blockscale_bpreshuffle_1x128x128_256x64x128x128_16x16_16x16_8x32x1_8x32x1_1x32x1x8_8_2x1_intrawave_v1,preflight,-1,passed,0.0,,,,
1664,2048,7168,ck_15_split0,ck,15,0,a8w8_blockscale_bpreshuffle_1x128x128_256x64x64x128_16x16_16x16_8x32x1_8x32x1_1x32x1x8_8_2x1_intrawave_v1,preflight,-1,passed,0.0,,,,
1664,2048,7168,ck_16_split0,ck,16,0,a8w8_blockscale_bpreshuffle_1x128x128_256x64x128x256_16x16_16x16_16x16x1_16x16x1_1x32x1x8_8_2x1_intrawave_v1,preflight,-1,passed,0.0,,,,
1664,2048,7168,ck_17_split0,ck,17,0,a8w8_blockscale_bpreshuffle_1x128x128_256x64x64x256_16x16_16x16_16x16x1_16x16x1_1x32x1x8_8_2x1_intrawave_v1,preflight,-1,passed,0.0,,,,
1664,2048,7168,cktile_0_split0,cktile,0,0,a8w8_blockscale_cktile_16x128x256_1x4x1_16x16x128_intrawave_0x1x0_1,preflight,-1,passed,0.0,,,,
1664,2048,7168,cktile_1_split0,cktile,1,0,a8w8_blockscale_cktile_16x128x256_1x4x1_16x16x128_intrawave_0x1x0_2,preflight,-1,passed,0.0,,,,
1664,2048,7168,cktile_2_split0,cktile,2,0,a8w8_blockscale_cktile_16x128x256_1x4x1_16x16x64_intrawave_0x1x0_1,preflight,-1,passed,0.0,,,,
1664,2048,7168,cktile_3_split0,cktile,3,0,a8w8_blockscale_cktile_16x128x256_1x4x1_16x16x64_intrawave_0x1x0_2,preflight,-1,passed,0.0,,,,
1664,2048,7168,cktile_4_split0,cktile,4,0,a8w8_blockscale_cktile_32x128x128_1x4x1_16x16x128_intrawave_0x1x0_1,preflight,-1,passed,0.0,,,,
1664,2048,7168,cktile_5_split0,cktile,5,0,a8w8_blockscale_cktile_32x128x128_1x4x1_16x16x128_intrawave_0x1x0_2,preflight,-1,passed,0.0,,,,
1664,2048,7168,cktile_6_split0,cktile,6,0,a8w8_blockscale_cktile_32x128x128_1x4x1_16x16x64_intrawave_0x1x0_1,preflight,-1,passed,0.0,,,,
1664,2048,7168,cktile_7_split0,cktile,7,0,a8w8_blockscale_cktile_32x128x128_1x4x1_16x16x64_intrawave_0x1x0_2,preflight,-1,passed,0.0,,,,
1664,2048,7168,cktile_8_split0,cktile,8,0,a8w8_blockscale_cktile_128x128x128_1x4x1_16x16x128_intrawave_0x1x0_1,preflight,-1,passed,0.0,,,,
1664,2048,7168,cktile_9_split0,cktile,9,0,a8w8_blockscale_cktile_128x128x128_1x4x1_16x16x128_intrawave_0x1x0_1,preflight,-1,passed,0.0,,,,
1664,2048,7168,cktile_10_split0,cktile,10,0,a8w8_blockscale_cktile_128x128x128_2x2x1_16x16x128_intrawave_0x1x0_2,preflight,-1,passed,0.0,,,,
1664,2048,7168,cktile_11_split0,cktile,11,0,a8w8_blockscale_cktile_192x256x128_4x2x1_16x16x128_intrawave_0x1x0_1,preflight,-1,passed,0.0,,,,
1664,2048,7168,cktile_12_split0,cktile,12,0,a8w8_blockscale_cktile_192x256x128_4x2x1_16x16x128_intrawave_0x1x0_1_aqrm,preflight,-1,passed,0.0,,,,
1664,2048,7168,cktile_13_split0,cktile,13,0,a8w8_blockscale_cktile_16x128x256_1x4x1_16x16x128_intrawave_0x1x0_3,preflight,-1,passed,0.0,,,,
1664,2048,7168,cktile_14_split0,cktile,14,0,a8w8_blockscale_cktile_16x128x256_1x4x1_16x16x128_intrawave_0x1x0_4,preflight,-1,passed,0.0,,,,
1664,2048,7168,cktile_15_split0,cktile,15,0,a8w8_blockscale_cktile_16x128x256_1x4x1_16x16x64_intrawave_0x1x0_3,preflight,-1,passed,0.0,,,,
1664,2048,7168,cktile_16_split0,cktile,16,0,a8w8_blockscale_cktile_16x128x256_1x4x1_16x16x64_intrawave_0x1x0_4,preflight,-1,passed,0.0,,,,
1664,2048,7168,cktile_17_split0,cktile,17,0,a8w8_blockscale_cktile_32x128x128_1x4x1_16x16x128_intrawave_0x1x0_3,preflight,-1,passed,0.0,,,,
1664,2048,7168,cktile_18_split0,cktile,18,0,a8w8_blockscale_cktile_32x128x128_1x4x1_16x16x128_intrawave_0x1x0_4,preflight,-1,passed,0.0,,,,
1664,2048,7168,cktile_19_split0,cktile,19,0,a8w8_blockscale_cktile_32x128x128_1x4x1_16x16x64_intrawave_0x1x0_3,preflight,-1,passed,0.0,,,,
1664,2048,7168,cktile_20_split0,cktile,20,0,a8w8_blockscale_cktile_32x128x128_1x4x1_16x16x64_intrawave_0x1x0_4,preflight,-1,passed,0.0,,,,
1664,2048,7168,cktile_21_split0,cktile,21,0,a8w8_blockscale_cktile_128x128x128_1x4x1_16x16x128_intrawave_0x1x0_2,preflight,-1,passed,0.0,,,,
1664,2048,7168,cktile_22_split0,cktile,22,0,a8w8_blockscale_cktile_128x128x128_1x4x1_16x16x128_intrawave_0x1x0_3,preflight,-1,passed,0.0,,,,
1664,2048,7168,cktile_23_split0,cktile,23,0,a8w8_blockscale_cktile_128x128x128_1x4x1_16x16x128_intrawave_0x1x0_4,preflight,-1,passed,0.0,,,,
1664,2048,7168,cktile_24_split0,cktile,24,0,a8w8_blockscale_cktile_128x128x128_2x2x1_16x16x128_intrawave_0x1x0_1,preflight,-1,passed,0.0,,,,
1664,2048,7168,cktile_25_split0,cktile,25,0,a8w8_blockscale_cktile_128x128x128_2x2x1_16x16x128_intrawave_0x1x0_3,preflight,-1,passed,0.0,,,,
1664,2048,7168,cktile_26_split0,cktile,26,0,a8w8_blockscale_cktile_128x128x128_2x2x1_16x16x128_intrawave_0x1x0_4,preflight,-1,passed,0.0,,,,
1664,2048,7168,cktile_27_split0,cktile,27,0,a8w8_blockscale_cktile_192x256x128_4x2x1_16x16x128_intrawave_0x1x0_2,preflight,-1,passed,0.0,,,,
1664,2048,7168,cktile_28_split0,cktile,28,0,a8w8_blockscale_cktile_192x256x128_4x2x1_16x16x128_intrawave_0x1x0_3,preflight,-1,passed,0.0,,,,
1664,2048,7168,cktile_29_split0,cktile,29,0,a8w8_blockscale_cktile_192x256x128_4x2x1_16x16x128_intrawave_0x1x0_4,preflight,-1,passed,0.0,,,,
1664,2048,7168,cktile_30_split0,cktile,30,0,a8w8_blockscale_cktile_192x256x128_4x2x1_16x16x128_intrawave_0x1x0_2_aqrm,preflight,-1,passed,0.0,,,,
1664,2048,7168,cktile_31_split0,cktile,31,0,a8w8_blockscale_cktile_192x256x128_4x2x1_16x16x128_intrawave_0x1x0_3_aqrm,preflight,-1,passed,0.0,,,,
1664,2048,7168,cktile_32_split0,cktile,32,0,a8w8_blockscale_cktile_192x256x128_4x2x1_16x16x128_intrawave_0x1x0_4_aqrm,preflight,-1,passed,0.0,,,,
1664,2048,7168,asm_0_split1,asm,0,1,_ZN5aiter42fp8gemm_bf16_blockscale_BpreShuffle_32x128E,preflight,-1,failed,0.1701,outside original FP32 accumulation bounds,0,579544,8.00341796875
1664,2048,7168,asm_1_split2,asm,1,2,_ZN5aiter42fp8gemm_bf16_blockscale_BpreShuffle_32x128E,preflight,-1,failed,0.2605,outside original FP32 accumulation bounds,0,887666,13.358154296875
1664,2048,7168,asm_2_split3,asm,2,3,_ZN5aiter42fp8gemm_bf16_blockscale_BpreShuffle_32x128E,preflight,-1,failed,0.3062,outside original FP32 accumulation bounds,0,1043202,13.0396728515625
1664,2048,7168,asm_3_split4,asm,3,4,_ZN5aiter42fp8gemm_bf16_blockscale_BpreShuffle_32x128E,preflight,-1,failed,0.3391,outside original FP32 accumulation bounds,0,1155550,15.596435546875
1664,2048,7168,asm_4_split5,asm,4,5,_ZN5aiter42fp8gemm_bf16_blockscale_BpreShuffle_32x128E,preflight,-1,failed,0.3617,outside original FP32 accumulation bounds,0,1232358,20.6551513671875
1664,2048,7168,asm_5_split6,asm,5,6,_ZN5aiter42fp8gemm_bf16_blockscale_BpreShuffle_32x128E,preflight,-1,failed,0.3812,outside original FP32 accumulation bounds,0,1298932,18.5921630859375
1664,2048,7168,asm_6_split7,asm,6,7,_ZN5aiter42fp8gemm_bf16_blockscale_BpreShuffle_32x128E,preflight,-1,failed,0.3998,outside original FP32 accumulation bounds,0,1362271,17.48876953125
1664,2048,7168,asm_7_split8,asm,7,8,_ZN5aiter42fp8gemm_bf16_blockscale_BpreShuffle_32x128E,preflight,-1,failed,0.4112,outside original FP32 accumulation bounds,0,1401078,18.3206787109375
1664,2048,7168,asm_8_split1,asm,8,1,_ZN5aiter42fp8gemm_bf16_blockscale_BpreShuffle_48x128E,preflight,-1,failed,0.1701,outside original FP32 accumulation bounds,0,579544,8.00341796875
1664,2048,7168,asm_9_split2,asm,9,2,_ZN5aiter42fp8gemm_bf16_blockscale_BpreShuffle_48x128E,preflight,-1,failed,0.2605,outside original FP32 accumulation bounds,0,887666,13.358154296875
1664,2048,7168,asm_10_split3,asm,10,3,_ZN5aiter42fp8gemm_bf16_blockscale_BpreShuffle_48x128E,preflight,-1,failed,0.3064,outside original FP32 accumulation bounds,0,1044133,14.2874755859375
1664,2048,7168,asm_11_split4,asm,11,4,_ZN5aiter42fp8gemm_bf16_blockscale_BpreShuffle_48x128E,preflight,-1,failed,0.3391,outside original FP32 accumulation bounds,0,1155515,14.51513671875
1664,2048,7168,asm_12_split5,asm,12,5,_ZN5aiter42fp8gemm_bf16_blockscale_BpreShuffle_48x128E,preflight,-1,failed,0.3614,outside original FP32 accumulation bounds,0,1231502,20.6551513671875
1664,2048,7168,asm_13_split6,asm,13,6,_ZN5aiter42fp8gemm_bf16_blockscale_BpreShuffle_48x128E,preflight,-1,failed,0.3812,outside original FP32 accumulation bounds,0,1298795,18.5921630859375
1664,2048,7168,asm_14_split7,asm,14,7,_ZN5aiter42fp8gemm_bf16_blockscale_BpreShuffle_48x128E,preflight,-1,failed,0.4,outside original FP32 accumulation bounds,0,1362812,20.423095703125
1664,2048,7168,asm_15_split8,asm,15,8,_ZN5aiter42fp8gemm_bf16_blockscale_BpreShuffle_48x128E,preflight,-1,failed,0.4147,outside original FP32 accumulation bounds,0,1412930,18.6024169921875
1664,2048,7168,asm_16_split1,asm,16,1,_ZN5aiter42fp8gemm_bf16_blockscale_BpreShuffle_64x128E,preflight,-1,failed,0.1701,outside original FP32 accumulation bounds,0,579544,8.00341796875
1664,2048,7168,asm_17_split2,asm,17,2,_ZN5aiter42fp8gemm_bf16_blockscale_BpreShuffle_64x128E,preflight,-1,failed,0.2605,outside original FP32 accumulation bounds,0,887666,13.358154296875
1664,2048,7168,asm_18_split3,asm,18,3,_ZN5aiter42fp8gemm_bf16_blockscale_BpreShuffle_64x128E,preflight,-1,failed,0.3063,outside original FP32 accumulation bounds,0,1043579,13.8238525390625
1664,2048,7168,asm_19_split4,asm,19,4,_ZN5aiter42fp8gemm_bf16_blockscale_BpreShuffle_64x128E,preflight,-1,failed,0.3394,outside original FP32 accumulation bounds,0,1156360,15.40576171875
1664,2048,7168,asm_20_split5,asm,20,5,_ZN5aiter42fp8gemm_bf16_blockscale_BpreShuffle_64x128E,preflight,-1,failed,0.3605,outside original FP32 accumulation bounds,0,1228266,15.596435546875
1664,2048,7168,asm_21_split6,asm,21,6,_ZN5aiter42fp8gemm_bf16_blockscale_BpreShuffle_64x128E,preflight,-1,failed,0.3803,outside original FP32 accumulation bounds,0,1295934,17.669677734375
1664,2048,7168,asm_22_split7,asm,22,7,_ZN5aiter42fp8gemm_bf16_blockscale_BpreShuffle_64x128E,preflight,-1,failed,0.3994,outside original FP32 accumulation bounds,0,1361047,18.8265380859375
1664,2048,7168,asm_23_split8,asm,23,8,_ZN5aiter42fp8gemm_bf16_blockscale_BpreShuffle_64x128E,preflight,-1,failed,0.414,outside original FP32 accumulation bounds,0,1410818,19.0137939453125
1664,2048,7168,asm_24_split1,asm,24,1,_ZN5aiter42fp8gemm_bf16_blockscale_BpreShuffle_80x128E,preflight,-1,failed,0.1701,outside original FP32 accumulation bounds,0,579544,8.00341796875
1664,2048,7168,asm_25_split2,asm,25,2,_ZN5aiter42fp8gemm_bf16_blockscale_BpreShuffle_80x128E,preflight,-1,failed,0.2605,outside original FP32 accumulation bounds,0,887666,13.358154296875
1664,2048,7168,asm_26_split3,asm,26,3,_ZN5aiter42fp8gemm_bf16_blockscale_BpreShuffle_80x128E,preflight,-1,failed,0.3065,outside original FP32 accumulation bounds,0,1044339,13.8238525390625
1664,2048,7168,asm_27_split4,asm,27,4,_ZN5aiter42fp8gemm_bf16_blockscale_BpreShuffle_80x128E,preflight,-1,failed,0.3392,outside original FP32 accumulation bounds,0,1155843,15.40576171875
1664,2048,7168,asm_28_split5,asm,28,5,_ZN5aiter42fp8gemm_bf16_blockscale_BpreShuffle_80x128E,preflight,-1,failed,0.362,outside original FP32 accumulation bounds,0,1233547,20.6551513671875
1664,2048,7168,asm_29_split6,asm,29,6,_ZN5aiter42fp8gemm_bf16_blockscale_BpreShuffle_80x128E,preflight,-1,failed,0.3804,outside original FP32 accumulation bounds,0,1296325,18.5921630859375
1664,2048,7168,asm_30_split7,asm,30,7,_ZN5aiter42fp8gemm_bf16_blockscale_BpreShuffle_80x128E,preflight,-1,failed,0.3996,outside original FP32 accumulation bounds,0,1361524,18.0474853515625
1664,2048,7168,asm_31_split8,asm,31,8,_ZN5aiter42fp8gemm_bf16_blockscale_BpreShuffle_80x128E,preflight,-1,failed,0.4141,outside original FP32 accumulation bounds,0,1411146,19.0137939453125
1664,2048,7168,asm_32_split1,asm,32,1,_ZN5aiter42fp8gemm_bf16_blockscale_BpreShuffle_96x128E,preflight,-1,failed,0.1701,outside original FP32 accumulation bounds,0,579544,8.00341796875
1664,2048,7168,asm_33_split2,asm,33,2,_ZN5aiter42fp8gemm_bf16_blockscale_BpreShuffle_96x128E,preflight,-1,failed,0.2605,outside original FP32 accumulation bounds,0,887666,13.358154296875
1664,2048,7168,asm_34_split3,asm,34,3,_ZN5aiter42fp8gemm_bf16_blockscale_BpreShuffle_96x128E,preflight,-1,failed,0.3066,outside original FP32 accumulation bounds,0,1044690,13.8238525390625
1664,2048,7168,asm_35_split4,asm,35,4,_ZN5aiter42fp8gemm_bf16_blockscale_BpreShuffle_96x128E,preflight,-1,failed,0.3393,outside original FP32 accumulation bounds,0,1156277,15.40576171875
1664,2048,7168,asm_36_split5,asm,36,5,_ZN5aiter42fp8gemm_bf16_blockscale_BpreShuffle_96x128E,preflight,-1,failed,0.3613,outside original FP32 accumulation bounds,0,1231020,20.6551513671875
1664,2048,7168,asm_37_split6,asm,37,6,_ZN5aiter42fp8gemm_bf16_blockscale_BpreShuffle_96x128E,preflight,-1,failed,0.3799,outside original FP32 accumulation bounds,0,1294529,16.9970703125
1664,2048,7168,asm_38_split7,asm,38,7,_ZN5aiter42fp8gemm_bf16_blockscale_BpreShuffle_96x128E,preflight,-1,failed,0.3994,outside original FP32 accumulation bounds,0,1360806,15.636474609375
1664,2048,7168,asm_39_split8,asm,39,8,_ZN5aiter42fp8gemm_bf16_blockscale_BpreShuffle_96x128E,preflight,-1,failed,0.4148,outside original FP32 accumulation bounds,0,1413577,19.0137939453125
1664,2048,7168,asm_40_split1,asm,40,1,_ZN5aiter43fp8gemm_bf16_blockscale_BpreShuffle_128x128E,preflight,-1,failed,0.1701,outside original FP32 accumulation bounds,0,579544,8.00341796875
1664,2048,7168,asm_41_split2,asm,41,2,_ZN5aiter43fp8gemm_bf16_blockscale_BpreShuffle_128x128E,preflight,-1,failed,0.2605,outside original FP32 accumulation bounds,0,887666,13.358154296875
1664,2048,7168,asm_42_split3,asm,42,3,_ZN5aiter43fp8gemm_bf16_blockscale_BpreShuffle_128x128E,preflight,-1,failed,0.3065,outside original FP32 accumulation bounds,0,1044397,13.89453125
1664,2048,7168,asm_43_split4,asm,43,4,_ZN5aiter43fp8gemm_bf16_blockscale_BpreShuffle_128x128E,preflight,-1,failed,0.3394,outside original FP32 accumulation bounds,0,1156346,15.40576171875
1664,2048,7168,asm_44_split5,asm,44,5,_ZN5aiter43fp8gemm_bf16_blockscale_BpreShuffle_128x128E,preflight,-1,failed,0.3623,outside original FP32 accumulation bounds,0,1234662,17.4024658203125
1664,2048,7168,asm_45_split6,asm,45,6,_ZN5aiter43fp8gemm_bf16_blockscale_BpreShuffle_128x128E,preflight,-1,failed,0.3795,outside original FP32 accumulation bounds,0,1293162,17.35009765625
1664,2048,7168,asm_46_split7,asm,46,7,_ZN5aiter43fp8gemm_bf16_blockscale_BpreShuffle_128x128E,preflight,-1,failed,0.4005,outside original FP32 accumulation bounds,0,1364590,21.1478271484375
1664,2048,7168,asm_47_split8,asm,47,8,_ZN5aiter43fp8gemm_bf16_blockscale_BpreShuffle_128x128E,preflight,-1,failed,0.4152,outside original FP32 accumulation bounds,0,1414902,19.069091796875
1664,2048,7168,opus_9010,opus,9010,0,opus_gemm_gfx950_a8w8_mxscale_gemm_bpreshuffle_256x128x128x128_2x2_16x16x128_1x128x128_tiles1_nooob,preflight,-1,passed,0.0,,,,
1664,2048,7168,opus_9011,opus,9011,0,opus_gemm_gfx950_a8w8_mxscale_gemm_bpreshuffle_256x64x128x128_2x2_16x16x128_1x128x128_tiles1_nooob,preflight,-1,passed,0.0,,,,
1664,2048,7168,opus_9012,opus,9012,0,opus_gemm_gfx950_a8w8_mxscale_gemm_bpreshuffle_256x64x64x128_2x2_16x16x128_1x128x128_tiles1_nooob,preflight,-1,passed,0.0,,,,
1664,2048,7168,opus_9020,opus,9020,0,opus_gemm_gfx950_a8w8_mxscale_gemm_bpreshuffle_256x256x256x128_2x2_16x16x128_1x128x128_tiles1,preflight,-1,passed,0.0,,,,
1664,2048,7168,ck_8_split0,ck,8,0,a8w8_blockscale_bpreshuffle_1x128x128_256x32x256x128_16x16_16x16_8x32x1_8x32x1_1x32x1x8_8_2x1_intrawave_v1,timed,0,passed,0.0,,,,
1664,2048,7168,ck_9_split0,ck,9,0,a8w8_blockscale_bpreshuffle_1x128x128_256x32x128x128_16x16_16x16_8x32x1_8x32x1_1x32x1x8_8_2x1_intrawave_v1,timed,0,passed,0.0,,,,
1664,2048,7168,ck_10_split0,ck,10,0,a8w8_blockscale_bpreshuffle_1x128x128_256x32x64x128_16x16_16x16_8x32x1_8x32x1_1x32x1x8_8_2x1_intrawave_v1,timed,0,passed,0.0,,,,
1664,2048,7168,ck_11_split0,ck,11,0,a8w8_blockscale_bpreshuffle_1x128x128_256x32x128x256_16x16_16x16_16x16x1_16x16x1_1x32x1x8_8_2x1_intrawave_v1,timed,0,passed,0.0,,,,
1664,2048,7168,ck_12_split0,ck,12,0,a8w8_blockscale_bpreshuffle_1x128x128_256x32x64x256_16x16_16x16_16x16x1_16x16x1_1x32x1x8_8_2x1_intrawave_v1,timed,0,passed,0.0,,,,
1664,2048,7168,ck_13_split0,ck,13,0,a8w8_blockscale_bpreshuffle_1x128x128_256x64x256x128_16x16_16x16_8x32x1_8x32x1_1x32x1x8_8_2x1_intrawave_v1,timed,0,passed,0.0,,,,
1664,2048,7168,ck_14_split0,ck,14,0,a8w8_blockscale_bpreshuffle_1x128x128_256x64x128x128_16x16_16x16_8x32x1_8x32x1_1x32x1x8_8_2x1_intrawave_v1,timed,0,passed,0.0,,,,
1664,2048,7168,ck_15_split0,ck,15,0,a8w8_blockscale_bpreshuffle_1x128x128_256x64x64x128_16x16_16x16_8x32x1_8x32x1_1x32x1x8_8_2x1_intrawave_v1,timed,0,passed,0.0,,,,
1664,2048,7168,ck_16_split0,ck,16,0,a8w8_blockscale_bpreshuffle_1x128x128_256x64x128x256_16x16_16x16_16x16x1_16x16x1_1x32x1x8_8_2x1_intrawave_v1,timed,0,passed,0.0,,,,
1664,2048,7168,ck_17_split0,ck,17,0,a8w8_blockscale_bpreshuffle_1x128x128_256x64x64x256_16x16_16x16_16x16x1_16x16x1_1x32x1x8_8_2x1_intrawave_v1,timed,0,passed,0.0,,,,
1664,2048,7168,cktile_0_split0,cktile,0,0,a8w8_blockscale_cktile_16x128x256_1x4x1_16x16x128_intrawave_0x1x0_1,timed,0,passed,0.0,,,,
1664,2048,7168,cktile_1_split0,cktile,1,0,a8w8_blockscale_cktile_16x128x256_1x4x1_16x16x128_intrawave_0x1x0_2,timed,0,passed,0.0,,,,
1664,2048,7168,cktile_2_split0,cktile,2,0,a8w8_blockscale_cktile_16x128x256_1x4x1_16x16x64_intrawave_0x1x0_1,timed,0,passed,0.0,,,,
1664,2048,7168,cktile_3_split0,cktile,3,0,a8w8_blockscale_cktile_16x128x256_1x4x1_16x16x64_intrawave_0x1x0_2,timed,0,passed,0.0,,,,
1664,2048,7168,cktile_4_split0,cktile,4,0,a8w8_blockscale_cktile_32x128x128_1x4x1_16x16x128_intrawave_0x1x0_1,timed,0,passed,0.0,,,,
1664,2048,7168,cktile_5_split0,cktile,5,0,a8w8_blockscale_cktile_32x128x128_1x4x1_16x16x128_intrawave_0x1x0_2,timed,0,passed,0.0,,,,
1664,2048,7168,cktile_6_split0,cktile,6,0,a8w8_blockscale_cktile_32x128x128_1x4x1_16x16x64_intrawave_0x1x0_1,timed,0,passed,0.0,,,,
1664,2048,7168,cktile_7_split0,cktile,7,0,a8w8_blockscale_cktile_32x128x128_1x4x1_16x16x64_intrawave_0x1x0_2,timed,0,passed,0.0,,,,
1664,2048,7168,cktile_8_split0,cktile,8,0,a8w8_blockscale_cktile_128x128x128_1x4x1_16x16x128_intrawave_0x1x0_1,timed,0,passed,0.0,,,,
1664,2048,7168,cktile_9_split0,cktile,9,0,a8w8_blockscale_cktile_128x128x128_1x4x1_16x16x128_intrawave_0x1x0_1,timed,0,passed,0.0,,,,
1664,2048,7168,cktile_10_split0,cktile,10,0,a8w8_blockscale_cktile_128x128x128_2x2x1_16x16x128_intrawave_0x1x0_2,timed,0,passed,0.0,,,,
1664,2048,7168,cktile_11_split0,cktile,11,0,a8w8_blockscale_cktile_192x256x128_4x2x1_16x16x128_intrawave_0x1x0_1,timed,0,passed,0.0,,,,
1664,2048,7168,cktile_12_split0,cktile,12,0,a8w8_blockscale_cktile_192x256x128_4x2x1_16x16x128_intrawave_0x1x0_1_aqrm,timed,0,passed,0.0,,,,
1664,2048,7168,cktile_13_split0,cktile,13,0,a8w8_blockscale_cktile_16x128x256_1x4x1_16x16x128_intrawave_0x1x0_3,timed,0,passed,0.0,,,,
1664,2048,7168,cktile_14_split0,cktile,14,0,a8w8_blockscale_cktile_16x128x256_1x4x1_16x16x128_intrawave_0x1x0_4,timed,0,passed,0.0,,,,
1664,2048,7168,cktile_15_split0,cktile,15,0,a8w8_blockscale_cktile_16x128x256_1x4x1_16x16x64_intrawave_0x1x0_3,timed,0,passed,0.0,,,,
1664,2048,7168,cktile_16_split0,cktile,16,0,a8w8_blockscale_cktile_16x128x256_1x4x1_16x16x64_intrawave_0x1x0_4,timed,0,passed,0.0,,,,
1664,2048,7168,cktile_17_split0,cktile,17,0,a8w8_blockscale_cktile_32x128x128_1x4x1_16x16x128_intrawave_0x1x0_3,timed,0,passed,0.0,,,,
1664,2048,7168,cktile_18_split0,cktile,18,0,a8w8_blockscale_cktile_32x128x128_1x4x1_16x16x128_intrawave_0x1x0_4,timed,0,passed,0.0,,,,
1664,2048,7168,cktile_19_split0,cktile,19,0,a8w8_blockscale_cktile_32x128x128_1x4x1_16x16x64_intrawave_0x1x0_3,timed,0,passed,0.0,,,,
1664,2048,7168,cktile_20_split0,cktile,20,0,a8w8_blockscale_cktile_32x128x128_1x4x1_16x16x64_intrawave_0x1x0_4,timed,0,passed,0.0,,,,
1664,2048,7168,cktile_21_split0,cktile,21,0,a8w8_blockscale_cktile_128x128x128_1x4x1_16x16x128_intrawave_0x1x0_2,timed,0,passed,0.0,,,,
1664,2048,7168,cktile_22_split0,cktile,22,0,a8w8_blockscale_cktile_128x128x128_1x4x1_16x16x128_intrawave_0x1x0_3,timed,0,passed,0.0,,,,
1664,2048,7168,cktile_23_split0,cktile,23,0,a8w8_blockscale_cktile_128x128x128_1x4x1_16x16x128_intrawave_0x1x0_4,timed,0,passed,0.0,,,,
1664,2048,7168,cktile_24_split0,cktile,24,0,a8w8_blockscale_cktile_128x128x128_2x2x1_16x16x128_intrawave_0x1x0_1,timed,0,passed,0.0,,,,
1664,2048,7168,cktile_25_split0,cktile,25,0,a8w8_blockscale_cktile_128x128x128_2x2x1_16x16x128_intrawave_0x1x0_3,timed,0,passed,0.0,,,,
1664,2048,7168,cktile_26_split0,cktile,26,0,a8w8_blockscale_cktile_128x128x128_2x2x1_16x16x128_intrawave_0x1x0_4,timed,0,passed,0.0,,,,
1664,2048,7168,cktile_27_split0,cktile,27,0,a8w8_blockscale_cktile_192x256x128_4x2x1_16x16x128_intrawave_0x1x0_2,timed,0,passed,0.0,,,,
1664,2048,7168,cktile_28_split0,cktile,28,0,a8w8_blockscale_cktile_192x256x128_4x2x1_16x16x128_intrawave_0x1x0_3,timed,0,passed,0.0,,,,
1664,2048,7168,cktile_29_split0,cktile,29,0,a8w8_blockscale_cktile_192x256x128_4x2x1_16x16x128_intrawave_0x1x0_4,timed,0,passed,0.0,,,,
1664,2048,7168,cktile_30_split0,cktile,30,0,a8w8_blockscale_cktile_192x256x128_4x2x1_16x16x128_intrawave_0x1x0_2_aqrm,timed,0,passed,0.0,,,,
1664,2048,7168,cktile_31_split0,cktile,31,0,a8w8_blockscale_cktile_192x256x128_4x2x1_16x16x128_intrawave_0x1x0_3_aqrm,timed,0,passed,0.0,,,,
1664,2048,7168,cktile_32_split0,cktile,32,0,a8w8_blockscale_cktile_192x256x128_4x2x1_16x16x128_intrawave_0x1x0_4_aqrm,timed,0,passed,0.0,,,,
1664,2048,7168,opus_9010,opus,9010,0,opus_gemm_gfx950_a8w8_mxscale_gemm_bpreshuffle_256x128x128x128_2x2_16x16x128_1x128x128_tiles1_nooob,timed,0,passed,0.0,,,,
1664,2048,7168,opus_9011,opus,9011,0,opus_gemm_gfx950_a8w8_mxscale_gemm_bpreshuffle_256x64x128x128_2x2_16x16x128_1x128x128_tiles1_nooob,timed,0,passed,0.0,,,,
1664,2048,7168,opus_9012,opus,9012,0,opus_gemm_gfx950_a8w8_mxscale_gemm_bpreshuffle_256x64x64x128_2x2_16x16x128_1x128x128_tiles1_nooob,timed,0,passed,0.0,,,,
1664,2048,7168,opus_9020,opus,9020,0,opus_gemm_gfx950_a8w8_mxscale_gemm_bpreshuffle_256x256x256x128_2x2_16x16x128_1x128x128_tiles1,timed,0,passed,0.0,,,,
1664,2048,7168,ck_0_split0,ck,0,0,a8w8_blockscale_bpreshuffle_1x128x128_256x128x128x128_16x16_16x16_8x32x1_8x32x1_1x32x1x8_8_2x1_intrawave_v3,timed,0,passed,0.0,,,,
1664,2048,7168,ck_1_split0,ck,1,0,a8w8_blockscale_bpreshuffle_1x128x128_256x64x128x128_16x16_16x16_8x32x1_8x32x1_1x32x1x8_8_2x1_intrawave_v3,timed,0,passed,0.0,,,,
1664,2048,7168,ck_2_split0,ck,2,0,a8w8_blockscale_bpreshuffle_1x128x128_256x64x64x128_16x16_16x16_8x32x1_8x32x1_1x32x1x8_8_2x1_intrawave_v3,timed,0,passed,0.0,,,,
1664,2048,7168,ck_3_split0,ck,3,0,a8w8_blockscale_bpreshuffle_1x128x128_256x16x256x128_8x16_16x16_16x16x1_8x32x1_1x16x1x16_8_1x2_intrawave_v1,timed,0,passed,0.0,,,,
1664,2048,7168,ck_4_split0,ck,4,0,a8w8_blockscale_bpreshuffle_1x128x128_256x16x128x128_8x16_16x16_16x16x1_8x32x1_1x16x1x16_8_1x2_intrawave_v1,timed,0,passed,0.0,,,,
1664,2048,7168,ck_5_split0,ck,5,0,a8w8_blockscale_bpreshuffle_1x128x128_256x16x64x128_8x16_16x16_16x16x1_8x32x1_1x16x1x16_4_1x1_intrawave_v1,timed,0,passed,0.0,,,,
1664,2048,7168,ck_6_split0,ck,6,0,a8w8_blockscale_bpreshuffle_1x128x128_256x16x128x256_16x16_16x16_16x16x1_16x16x1_1x16x1x16_8_1x2_intrawave_v1,timed,0,passed,0.0,,,,
1664,2048,7168,ck_7_split0,ck,7,0,a8w8_blockscale_bpreshuffle_1x128x128_256x16x64x256_16x16_16x16_16x16x1_16x16x1_1x16x1x16_4_1x1_intrawave_v1,timed,0,passed,0.0,,,,
1664,2048,7168,ck_8_split0,ck,8,0,a8w8_blockscale_bpreshuffle_1x128x128_256x32x256x128_16x16_16x16_8x32x1_8x32x1_1x32x1x8_8_2x1_intrawave_v1,timed,1,passed,0.0,,,,
1664,2048,7168,ck_7_split0,ck,7,0,a8w8_blockscale_bpreshuffle_1x128x128_256x16x64x256_16x16_16x16_16x16x1_16x16x1_1x16x1x16_4_1x1_intrawave_v1,timed,1,passed,0.0,,,,
1664,2048,7168,ck_6_split0,ck,6,0,a8w8_blockscale_bpreshuffle_1x128x128_256x16x128x256_16x16_16x16_16x16x1_16x16x1_1x16x1x16_8_1x2_intrawave_v1,timed,1,passed,0.0,,,,
1664,2048,7168,ck_5_split0,ck,5,0,a8w8_blockscale_bpreshuffle_1x128x128_256x16x64x128_8x16_16x16_16x16x1_8x32x1_1x16x1x16_4_1x1_intrawave_v1,timed,1,passed,0.0,,,,
1664,2048,7168,ck_4_split0,ck,4,0,a8w8_blockscale_bpreshuffle_1x128x128_256x16x128x128_8x16_16x16_16x16x1_8x32x1_1x16x1x16_8_1x2_intrawave_v1,timed,1,passed,0.0,,,,
1664,2048,7168,ck_3_split0,ck,3,0,a8w8_blockscale_bpreshuffle_1x128x128_256x16x256x128_8x16_16x16_16x16x1_8x32x1_1x16x1x16_8_1x2_intrawave_v1,timed,1,passed,0.0,,,,
1664,2048,7168,ck_2_split0,ck,2,0,a8w8_blockscale_bpreshuffle_1x128x128_256x64x64x128_16x16_16x16_8x32x1_8x32x1_1x32x1x8_8_2x1_intrawave_v3,timed,1,passed,0.0,,,,
1664,2048,7168,ck_1_split0,ck,1,0,a8w8_blockscale_bpreshuffle_1x128x128_256x64x128x128_16x16_16x16_8x32x1_8x32x1_1x32x1x8_8_2x1_intrawave_v3,timed,1,passed,0.0,,,,
1664,2048,7168,ck_0_split0,ck,0,0,a8w8_blockscale_bpreshuffle_1x128x128_256x128x128x128_16x16_16x16_8x32x1_8x32x1_1x32x1x8_8_2x1_intrawave_v3,timed,1,passed,0.0,,,,
1664,2048,7168,opus_9020,opus,9020,0,opus_gemm_gfx950_a8w8_mxscale_gemm_bpreshuffle_256x256x256x128_2x2_16x16x128_1x128x128_tiles1,timed,1,passed,0.0,,,,
1664,2048,7168,opus_9012,opus,9012,0,opus_gemm_gfx950_a8w8_mxscale_gemm_bpreshuffle_256x64x64x128_2x2_16x16x128_1x128x128_tiles1_nooob,timed,1,passed,0.0,,,,
1664,2048,7168,opus_9011,opus,9011,0,opus_gemm_gfx950_a8w8_mxscale_gemm_bpreshuffle_256x64x128x128_2x2_16x16x128_1x128x128_tiles1_nooob,timed,1,passed,0.0,,,,
1664,2048,7168,opus_9010,opus,9010,0,opus_gemm_gfx950_a8w8_mxscale_gemm_bpreshuffle_256x128x128x128_2x2_16x16x128_1x128x128_tiles1_nooob,timed,1,passed,0.0,,,,
1664,2048,7168,cktile_32_split0,cktile,32,0,a8w8_blockscale_cktile_192x256x128_4x2x1_16x16x128_intrawave_0x1x0_4_aqrm,timed,1,passed,0.0,,,,
1664,2048,7168,cktile_31_split0,cktile,31,0,a8w8_blockscale_cktile_192x256x128_4x2x1_16x16x128_intrawave_0x1x0_3_aqrm,timed,1,passed,0.0,,,,
1664,2048,7168,cktile_30_split0,cktile,30,0,a8w8_blockscale_cktile_192x256x128_4x2x1_16x16x128_intrawave_0x1x0_2_aqrm,timed,1,passed,0.0,,,,
1664,2048,7168,cktile_29_split0,cktile,29,0,a8w8_blockscale_cktile_192x256x128_4x2x1_16x16x128_intrawave_0x1x0_4,timed,1,passed,0.0,,,,
1664,2048,7168,cktile_28_split0,cktile,28,0,a8w8_blockscale_cktile_192x256x128_4x2x1_16x16x128_intrawave_0x1x0_3,timed,1,passed,0.0,,,,
1664,2048,7168,cktile_27_split0,cktile,27,0,a8w8_blockscale_cktile_192x256x128_4x2x1_16x16x128_intrawave_0x1x0_2,timed,1,passed,0.0,,,,
1664,2048,7168,cktile_26_split0,cktile,26,0,a8w8_blockscale_cktile_128x128x128_2x2x1_16x16x128_intrawave_0x1x0_4,timed,1,passed,0.0,,,,
1664,2048,7168,cktile_25_split0,cktile,25,0,a8w8_blockscale_cktile_128x128x128_2x2x1_16x16x128_intrawave_0x1x0_3,timed,1,passed,0.0,,,,
1664,2048,7168,cktile_24_split0,cktile,24,0,a8w8_blockscale_cktile_128x128x128_2x2x1_16x16x128_intrawave_0x1x0_1,timed,1,passed,0.0,,,,
1664,2048,7168,cktile_23_split0,cktile,23,0,a8w8_blockscale_cktile_128x128x128_1x4x1_16x16x128_intrawave_0x1x0_4,timed,1,passed,0.0,,,,
1664,2048,7168,cktile_22_split0,cktile,22,0,a8w8_blockscale_cktile_128x128x128_1x4x1_16x16x128_intrawave_0x1x0_3,timed,1,passed,0.0,,,,
1664,2048,7168,cktile_21_split0,cktile,21,0,a8w8_blockscale_cktile_128x128x128_1x4x1_16x16x128_intrawave_0x1x0_2,timed,1,passed,0.0,,,,
1664,2048,7168,cktile_20_split0,cktile,20,0,a8w8_blockscale_cktile_32x128x128_1x4x1_16x16x64_intrawave_0x1x0_4,timed,1,passed,0.0,,,,
1664,2048,7168,cktile_19_split0,cktile,19,0,a8w8_blockscale_cktile_32x128x128_1x4x1_16x16x64_intrawave_0x1x0_3,timed,1,passed,0.0,,,,
1664,2048,7168,cktile_18_split0,cktile,18,0,a8w8_blockscale_cktile_32x128x128_1x4x1_16x16x128_intrawave_0x1x0_4,timed,1,passed,0.0,,,,
1664,2048,7168,cktile_17_split0,cktile,17,0,a8w8_blockscale_cktile_32x128x128_1x4x1_16x16x128_intrawave_0x1x0_3,timed,1,passed,0.0,,,,
1664,2048,7168,cktile_16_split0,cktile,16,0,a8w8_blockscale_cktile_16x128x256_1x4x1_16x16x64_intrawave_0x1x0_4,timed,1,passed,0.0,,,,
1664,2048,7168,cktile_15_split0,cktile,15,0,a8w8_blockscale_cktile_16x128x256_1x4x1_16x16x64_intrawave_0x1x0_3,timed,1,passed,0.0,,,,
1664,2048,7168,cktile_14_split0,cktile,14,0,a8w8_blockscale_cktile_16x128x256_1x4x1_16x16x128_intrawave_0x1x0_4,timed,1,passed,0.0,,,,
1664,2048,7168,cktile_13_split0,cktile,13,0,a8w8_blockscale_cktile_16x128x256_1x4x1_16x16x128_intrawave_0x1x0_3,timed,1,passed,0.0,,,,
1664,2048,7168,cktile_12_split0,cktile,12,0,a8w8_blockscale_cktile_192x256x128_4x2x1_16x16x128_intrawave_0x1x0_1_aqrm,timed,1,passed,0.0,,,,
1664,2048,7168,cktile_11_split0,cktile,11,0,a8w8_blockscale_cktile_192x256x128_4x2x1_16x16x128_intrawave_0x1x0_1,timed,1,passed,0.0,,,,
1664,2048,7168,cktile_10_split0,cktile,10,0,a8w8_blockscale_cktile_128x128x128_2x2x1_16x16x128_intrawave_0x1x0_2,timed,1,passed,0.0,,,,
1664,2048,7168,cktile_9_split0,cktile,9,0,a8w8_blockscale_cktile_128x128x128_1x4x1_16x16x128_intrawave_0x1x0_1,timed,1,passed,0.0,,,,
1664,2048,7168,cktile_8_split0,cktile,8,0,a8w8_blockscale_cktile_128x128x128_1x4x1_16x16x128_intrawave_0x1x0_1,timed,1,passed,0.0,,,,
1664,2048,7168,cktile_7_split0,cktile,7,0,a8w8_blockscale_cktile_32x128x128_1x4x1_16x16x64_intrawave_0x1x0_2,timed,1,passed,0.0,,,,
1664,2048,7168,cktile_6_split0,cktile,6,0,a8w8_blockscale_cktile_32x128x128_1x4x1_16x16x64_intrawave_0x1x0_1,timed,1,passed,0.0,,,,
1664,2048,7168,cktile_5_split0,cktile,5,0,a8w8_blockscale_cktile_32x128x128_1x4x1_16x16x128_intrawave_0x1x0_2,timed,1,passed,0.0,,,,
1664,2048,7168,cktile_4_split0,cktile,4,0,a8w8_blockscale_cktile_32x128x128_1x4x1_16x16x128_intrawave_0x1x0_1,timed,1,passed,0.0,,,,
1664,2048,7168,cktile_3_split0,cktile,3,0,a8w8_blockscale_cktile_16x128x256_1x4x1_16x16x64_intrawave_0x1x0_2,timed,1,passed,0.0,,,,
1664,2048,7168,cktile_2_split0,cktile,2,0,a8w8_blockscale_cktile_16x128x256_1x4x1_16x16x64_intrawave_0x1x0_1,timed,1,passed,0.0,,,,
1664,2048,7168,cktile_1_split0,cktile,1,0,a8w8_blockscale_cktile_16x128x256_1x4x1_16x16x128_intrawave_0x1x0_2,timed,1,passed,0.0,,,,
1664,2048,7168,cktile_0_split0,cktile,0,0,a8w8_blockscale_cktile_16x128x256_1x4x1_16x16x128_intrawave_0x1x0_1,timed,1,passed,0.0,,,,
1664,2048,7168,ck_17_split0,ck,17,0,a8w8_blockscale_bpreshuffle_1x128x128_256x64x64x256_16x16_16x16_16x16x1_16x16x1_1x32x1x8_8_2x1_intrawave_v1,timed,1,passed,0.0,,,,
1664,2048,7168,ck_16_split0,ck,16,0,a8w8_blockscale_bpreshuffle_1x128x128_256x64x128x256_16x16_16x16_16x16x1_16x16x1_1x32x1x8_8_2x1_intrawave_v1,timed,1,passed,0.0,,,,
1664,2048,7168,ck_15_split0,ck,15,0,a8w8_blockscale_bpreshuffle_1x128x128_256x64x64x128_16x16_16x16_8x32x1_8x32x1_1x32x1x8_8_2x1_intrawave_v1,timed,1,passed,0.0,,,,
1664,2048,7168,ck_14_split0,ck,14,0,a8w8_blockscale_bpreshuffle_1x128x128_256x64x128x128_16x16_16x16_8x32x1_8x32x1_1x32x1x8_8_2x1_intrawave_v1,timed,1,passed,0.0,,,,
1664,2048,7168,ck_13_split0,ck,13,0,a8w8_blockscale_bpreshuffle_1x128x128_256x64x256x128_16x16_16x16_8x32x1_8x32x1_1x32x1x8_8_2x1_intrawave_v1,timed,1,passed,0.0,,,,
1664,2048,7168,ck_12_split0,ck,12,0,a8w8_blockscale_bpreshuffle_1x128x128_256x32x64x256_16x16_16x16_16x16x1_16x16x1_1x32x1x8_8_2x1_intrawave_v1,timed,1,passed,0.0,,,,
1664,2048,7168,ck_11_split0,ck,11,0,a8w8_blockscale_bpreshuffle_1x128x128_256x32x128x256_16x16_16x16_16x16x1_16x16x1_1x32x1x8_8_2x1_intrawave_v1,timed,1,passed,0.0,,,,
1664,2048,7168,ck_10_split0,ck,10,0,a8w8_blockscale_bpreshuffle_1x128x128_256x32x64x128_16x16_16x16_8x32x1_8x32x1_1x32x1x8_8_2x1_intrawave_v1,timed,1,passed,0.0,,,,
1664,2048,7168,ck_9_split0,ck,9,0,a8w8_blockscale_bpreshuffle_1x128x128_256x32x128x128_16x16_16x16_8x32x1_8x32x1_1x32x1x8_8_2x1_intrawave_v1,timed,1,passed,0.0,,,,
1664,2048,7168,ck_10_split0,ck,10,0,a8w8_blockscale_bpreshuffle_1x128x128_256x32x64x128_16x16_16x16_8x32x1_8x32x1_1x32x1x8_8_2x1_intrawave_v1,timed,2,passed,0.0,,,,
1664,2048,7168,ck_11_split0,ck,11,0,a8w8_blockscale_bpreshuffle_1x128x128_256x32x128x256_16x16_16x16_16x16x1_16x16x1_1x32x1x8_8_2x1_intrawave_v1,timed,2,passed,0.0,,,,
1664,2048,7168,ck_12_split0,ck,12,0,a8w8_blockscale_bpreshuffle_1x128x128_256x32x64x256_16x16_16x16_16x16x1_16x16x1_1x32x1x8_8_2x1_intrawave_v1,timed,2,passed,0.0,,,,
1664,2048,7168,ck_13_split0,ck,13,0,a8w8_blockscale_bpreshuffle_1x128x128_256x64x256x128_16x16_16x16_8x32x1_8x32x1_1x32x1x8_8_2x1_intrawave_v1,timed,2,passed,0.0,,,,
1664,2048,7168,ck_14_split0,ck,14,0,a8w8_blockscale_bpreshuffle_1x128x128_256x64x128x128_16x16_16x16_8x32x1_8x32x1_1x32x1x8_8_2x1_intrawave_v1,timed,2,passed,0.0,,,,
1664,2048,7168,ck_15_split0,ck,15,0,a8w8_blockscale_bpreshuffle_1x128x128_256x64x64x128_16x16_16x16_8x32x1_8x32x1_1x32x1x8_8_2x1_intrawave_v1,timed,2,passed,0.0,,,,
1664,2048,7168,ck_16_split0,ck,16,0,a8w8_blockscale_bpreshuffle_1x128x128_256x64x128x256_16x16_16x16_16x16x1_16x16x1_1x32x1x8_8_2x1_intrawave_v1,timed,2,passed,0.0,,,,
1664,2048,7168,ck_17_split0,ck,17,0,a8w8_blockscale_bpreshuffle_1x128x128_256x64x64x256_16x16_16x16_16x16x1_16x16x1_1x32x1x8_8_2x1_intrawave_v1,timed,2,passed,0.0,,,,
1664,2048,7168,cktile_0_split0,cktile,0,0,a8w8_blockscale_cktile_16x128x256_1x4x1_16x16x128_intrawave_0x1x0_1,timed,2,passed,0.0,,,,
1664,2048,7168,cktile_1_split0,cktile,1,0,a8w8_blockscale_cktile_16x128x256_1x4x1_16x16x128_intrawave_0x1x0_2,timed,2,passed,0.0,,,,
1664,2048,7168,cktile_2_split0,cktile,2,0,a8w8_blockscale_cktile_16x128x256_1x4x1_16x16x64_intrawave_0x1x0_1,timed,2,passed,0.0,,,,
1664,2048,7168,cktile_3_split0,cktile,3,0,a8w8_blockscale_cktile_16x128x256_1x4x1_16x16x64_intrawave_0x1x0_2,timed,2,passed,0.0,,,,
1664,2048,7168,cktile_4_split0,cktile,4,0,a8w8_blockscale_cktile_32x128x128_1x4x1_16x16x128_intrawave_0x1x0_1,timed,2,passed,0.0,,,,
1664,2048,7168,cktile_5_split0,cktile,5,0,a8w8_blockscale_cktile_32x128x128_1x4x1_16x16x128_intrawave_0x1x0_2,timed,2,passed,0.0,,,,
1664,2048,7168,cktile_6_split0,cktile,6,0,a8w8_blockscale_cktile_32x128x128_1x4x1_16x16x64_intrawave_0x1x0_1,timed,2,passed,0.0,,,,
1664,2048,7168,cktile_7_split0,cktile,7,0,a8w8_blockscale_cktile_32x128x128_1x4x1_16x16x64_intrawave_0x1x0_2,timed,2,passed,0.0,,,,
1664,2048,7168,cktile_8_split0,cktile,8,0,a8w8_blockscale_cktile_128x128x128_1x4x1_16x16x128_intrawave_0x1x0_1,timed,2,passed,0.0,,,,
1664,2048,7168,cktile_9_split0,cktile,9,0,a8w8_blockscale_cktile_128x128x128_1x4x1_16x16x128_intrawave_0x1x0_1,timed,2,passed,0.0,,,,
1664,2048,7168,cktile_10_split0,cktile,10,0,a8w8_blockscale_cktile_128x128x128_2x2x1_16x16x128_intrawave_0x1x0_2,timed,2,passed,0.0,,,,
1664,2048,7168,cktile_11_split0,cktile,11,0,a8w8_blockscale_cktile_192x256x128_4x2x1_16x16x128_intrawave_0x1x0_1,timed,2,passed,0.0,,,,
1664,2048,7168,cktile_12_split0,cktile,12,0,a8w8_blockscale_cktile_192x256x128_4x2x1_16x16x128_intrawave_0x1x0_1_aqrm,timed,2,passed,0.0,,,,
1664,2048,7168,cktile_13_split0,cktile,13,0,a8w8_blockscale_cktile_16x128x256_1x4x1_16x16x128_intrawave_0x1x0_3,timed,2,passed,0.0,,,,
1664,2048,7168,cktile_14_split0,cktile,14,0,a8w8_blockscale_cktile_16x128x256_1x4x1_16x16x128_intrawave_0x1x0_4,timed,2,passed,0.0,,,,
1664,2048,7168,cktile_15_split0,cktile,15,0,a8w8_blockscale_cktile_16x128x256_1x4x1_16x16x64_intrawave_0x1x0_3,timed,2,passed,0.0,,,,
1664,2048,7168,cktile_16_split0,cktile,16,0,a8w8_blockscale_cktile_16x128x256_1x4x1_16x16x64_intrawave_0x1x0_4,timed,2,passed,0.0,,,,
1664,2048,7168,cktile_17_split0,cktile,17,0,a8w8_blockscale_cktile_32x128x128_1x4x1_16x16x128_intrawave_0x1x0_3,timed,2,passed,0.0,,,,
1664,2048,7168,cktile_18_split0,cktile,18,0,a8w8_blockscale_cktile_32x128x128_1x4x1_16x16x128_intrawave_0x1x0_4,timed,2,passed,0.0,,,,
1664,2048,7168,cktile_19_split0,cktile,19,0,a8w8_blockscale_cktile_32x128x128_1x4x1_16x16x64_intrawave_0x1x0_3,timed,2,passed,0.0,,,,
1664,2048,7168,cktile_20_split0,cktile,20,0,a8w8_blockscale_cktile_32x128x128_1x4x1_16x16x64_intrawave_0x1x0_4,timed,2,passed,0.0,,,,
1664,2048,7168,cktile_21_split0,cktile,21,0,a8w8_blockscale_cktile_128x128x128_1x4x1_16x16x128_intrawave_0x1x0_2,timed,2,passed,0.0,,,,
1664,2048,7168,cktile_22_split0,cktile,22,0,a8w8_blockscale_cktile_128x128x128_1x4x1_16x16x128_intrawave_0x1x0_3,timed,2,passed,0.0,,,,
1664,2048,7168,cktile_23_split0,cktile,23,0,a8w8_blockscale_cktile_128x128x128_1x4x1_16x16x128_intrawave_0x1x0_4,timed,2,passed,0.0,,,,
1664,2048,7168,cktile_24_split0,cktile,24,0,a8w8_blockscale_cktile_128x128x128_2x2x1_16x16x128_intrawave_0x1x0_1,timed,2,passed,0.0,,,,
1664,2048,7168,cktile_25_split0,cktile,25,0,a8w8_blockscale_cktile_128x128x128_2x2x1_16x16x128_intrawave_0x1x0_3,timed,2,passed,0.0,,,,
1664,2048,7168,cktile_26_split0,cktile,26,0,a8w8_blockscale_cktile_128x128x128_2x2x1_16x16x128_intrawave_0x1x0_4,timed,2,passed,0.0,,,,
1664,2048,7168,cktile_27_split0,cktile,27,0,a8w8_blockscale_cktile_192x256x128_4x2x1_16x16x128_intrawave_0x1x0_2,timed,2,passed,0.0,,,,
1664,2048,7168,cktile_28_split0,cktile,28,0,a8w8_blockscale_cktile_192x256x128_4x2x1_16x16x128_intrawave_0x1x0_3,timed,2,passed,0.0,,,,
1664,2048,7168,cktile_29_split0,cktile,29,0,a8w8_blockscale_cktile_192x256x128_4x2x1_16x16x128_intrawave_0x1x0_4,timed,2,passed,0.0,,,,
1664,2048,7168,cktile_30_split0,cktile,30,0,a8w8_blockscale_cktile_192x256x128_4x2x1_16x16x128_intrawave_0x1x0_2_aqrm,timed,2,passed,0.0,,,,
1664,2048,7168,cktile_31_split0,cktile,31,0,a8w8_blockscale_cktile_192x256x128_4x2x1_16x16x128_intrawave_0x1x0_3_aqrm,timed,2,passed,0.0,,,,
1664,2048,7168,cktile_32_split0,cktile,32,0,a8w8_blockscale_cktile_192x256x128_4x2x1_16x16x128_intrawave_0x1x0_4_aqrm,timed,2,passed,0.0,,,,
1664,2048,7168,opus_9010,opus,9010,0,opus_gemm_gfx950_a8w8_mxscale_gemm_bpreshuffle_256x128x128x128_2x2_16x16x128_1x128x128_tiles1_nooob,timed,2,passed,0.0,,,,
1664,2048,7168,opus_9011,opus,9011,0,opus_gemm_gfx950_a8w8_mxscale_gemm_bpreshuffle_256x64x128x128_2x2_16x16x128_1x128x128_tiles1_nooob,timed,2,passed,0.0,,,,
1664,2048,7168,opus_9012,opus,9012,0,opus_gemm_gfx950_a8w8_mxscale_gemm_bpreshuffle_256x64x64x128_2x2_16x16x128_1x128x128_tiles1_nooob,timed,2,passed,0.0,,,,
1664,2048,7168,opus_9020,opus,9020,0,opus_gemm_gfx950_a8w8_mxscale_gemm_bpreshuffle_256x256x256x128_2x2_16x16x128_1x128x128_tiles1,timed,2,passed,0.0,,,,
1664,2048,7168,ck_0_split0,ck,0,0,a8w8_blockscale_bpreshuffle_1x128x128_256x128x128x128_16x16_16x16_8x32x1_8x32x1_1x32x1x8_8_2x1_intrawave_v3,timed,2,passed,0.0,,,,
1664,2048,7168,ck_1_split0,ck,1,0,a8w8_blockscale_bpreshuffle_1x128x128_256x64x128x128_16x16_16x16_8x32x1_8x32x1_1x32x1x8_8_2x1_intrawave_v3,timed,2,passed,0.0,,,,
1664,2048,7168,ck_2_split0,ck,2,0,a8w8_blockscale_bpreshuffle_1x128x128_256x64x64x128_16x16_16x16_8x32x1_8x32x1_1x32x1x8_8_2x1_intrawave_v3,timed,2,passed,0.0,,,,
1664,2048,7168,ck_3_split0,ck,3,0,a8w8_blockscale_bpreshuffle_1x128x128_256x16x256x128_8x16_16x16_16x16x1_8x32x1_1x16x1x16_8_1x2_intrawave_v1,timed,2,passed,0.0,,,,
1664,2048,7168,ck_4_split0,ck,4,0,a8w8_blockscale_bpreshuffle_1x128x128_256x16x128x128_8x16_16x16_16x16x1_8x32x1_1x16x1x16_8_1x2_intrawave_v1,timed,2,passed,0.0,,,,
1664,2048,7168,ck_5_split0,ck,5,0,a8w8_blockscale_bpreshuffle_1x128x128_256x16x64x128_8x16_16x16_16x16x1_8x32x1_1x16x1x16_4_1x1_intrawave_v1,timed,2,passed,0.0,,,,
1664,2048,7168,ck_6_split0,ck,6,0,a8w8_blockscale_bpreshuffle_1x128x128_256x16x128x256_16x16_16x16_16x16x1_16x16x1_1x16x1x16_8_1x2_intrawave_v1,timed,2,passed,0.0,,,,
1664,2048,7168,ck_7_split0,ck,7,0,a8w8_blockscale_bpreshuffle_1x128x128_256x16x64x256_16x16_16x16_16x16x1_16x16x1_1x16x1x16_4_1x1_intrawave_v1,timed,2,passed,0.0,,,,
1664,2048,7168,ck_8_split0,ck,8,0,a8w8_blockscale_bpreshuffle_1x128x128_256x32x256x128_16x16_16x16_8x32x1_8x32x1_1x32x1x8_8_2x1_intrawave_v1,timed,2,passed,0.0,,,,
1664,2048,7168,ck_9_split0,ck,9,0,a8w8_blockscale_bpreshuffle_1x128x128_256x32x128x128_16x16_16x16_8x32x1_8x32x1_1x32x1x8_8_2x1_intrawave_v1,timed,2,passed,0.0,,,,
1920,2048,7168,ck_0_split0,ck,0,0,a8w8_blockscale_bpreshuffle_1x128x128_256x128x128x128_16x16_16x16_8x32x1_8x32x1_1x32x1x8_8_2x1_intrawave_v3,preflight,-1,passed,0.0,,,,
1920,2048,7168,ck_1_split0,ck,1,0,a8w8_blockscale_bpreshuffle_1x128x128_256x64x128x128_16x16_16x16_8x32x1_8x32x1_1x32x1x8_8_2x1_intrawave_v3,preflight,-1,passed,0.0,,,,
1920,2048,7168,ck_2_split0,ck,2,0,a8w8_blockscale_bpreshuffle_1x128x128_256x64x64x128_16x16_16x16_8x32x1_8x32x1_1x32x1x8_8_2x1_intrawave_v3,preflight,-1,passed,0.0,,,,
1920,2048,7168,ck_3_split0,ck,3,0,a8w8_blockscale_bpreshuffle_1x128x128_256x16x256x128_8x16_16x16_16x16x1_8x32x1_1x16x1x16_8_1x2_intrawave_v1,preflight,-1,passed,0.0,,,,
1920,2048,7168,ck_4_split0,ck,4,0,a8w8_blockscale_bpreshuffle_1x128x128_256x16x128x128_8x16_16x16_16x16x1_8x32x1_1x16x1x16_8_1x2_intrawave_v1,preflight,-1,passed,0.0,,,,
1920,2048,7168,ck_5_split0,ck,5,0,a8w8_blockscale_bpreshuffle_1x128x128_256x16x64x128_8x16_16x16_16x16x1_8x32x1_1x16x1x16_4_1x1_intrawave_v1,preflight,-1,passed,0.0,,,,
1920,2048,7168,ck_6_split0,ck,6,0,a8w8_blockscale_bpreshuffle_1x128x128_256x16x128x256_16x16_16x16_16x16x1_16x16x1_1x16x1x16_8_1x2_intrawave_v1,preflight,-1,passed,0.0,,,,
1920,2048,7168,ck_7_split0,ck,7,0,a8w8_blockscale_bpreshuffle_1x128x128_256x16x64x256_16x16_16x16_16x16x1_16x16x1_1x16x1x16_4_1x1_intrawave_v1,preflight,-1,passed,0.0,,,,
1920,2048,7168,ck_8_split0,ck,8,0,a8w8_blockscale_bpreshuffle_1x128x128_256x32x256x128_16x16_16x16_8x32x1_8x32x1_1x32x1x8_8_2x1_intrawave_v1,preflight,-1,passed,0.0,,,,
1920,2048,7168,ck_9_split0,ck,9,0,a8w8_blockscale_bpreshuffle_1x128x128_256x32x128x128_16x16_16x16_8x32x1_8x32x1_1x32x1x8_8_2x1_intrawave_v1,preflight,-1,passed,0.0,,,,
1920,2048,7168,ck_10_split0,ck,10,0,a8w8_blockscale_bpreshuffle_1x128x128_256x32x64x128_16x16_16x16_8x32x1_8x32x1_1x32x1x8_8_2x1_intrawave_v1,preflight,-1,passed,0.0,,,,
1920,2048,7168,ck_11_split0,ck,11,0,a8w8_blockscale_bpreshuffle_1x128x128_256x32x128x256_16x16_16x16_16x16x1_16x16x1_1x32x1x8_8_2x1_intrawave_v1,preflight,-1,passed,0.0,,,,
1920,2048,7168,ck_12_split0,ck,12,0,a8w8_blockscale_bpreshuffle_1x128x128_256x32x64x256_16x16_16x16_16x16x1_16x16x1_1x32x1x8_8_2x1_intrawave_v1,preflight,-1,passed,0.0,,,,
1920,2048,7168,ck_13_split0,ck,13,0,a8w8_blockscale_bpreshuffle_1x128x128_256x64x256x128_16x16_16x16_8x32x1_8x32x1_1x32x1x8_8_2x1_intrawave_v1,preflight,-1,passed,0.0,,,,
1920,2048,7168,ck_14_split0,ck,14,0,a8w8_blockscale_bpreshuffle_1x128x128_256x64x128x128_16x16_16x16_8x32x1_8x32x1_1x32x1x8_8_2x1_intrawave_v1,preflight,-1,passed,0.0,,,,
1920,2048,7168,ck_15_split0,ck,15,0,a8w8_blockscale_bpreshuffle_1x128x128_256x64x64x128_16x16_16x16_8x32x1_8x32x1_1x32x1x8_8_2x1_intrawave_v1,preflight,-1,passed,0.0,,,,
1920,2048,7168,ck_16_split0,ck,16,0,a8w8_blockscale_bpreshuffle_1x128x128_256x64x128x256_16x16_16x16_16x16x1_16x16x1_1x32x1x8_8_2x1_intrawave_v1,preflight,-1,passed,0.0,,,,
1920,2048,7168,ck_17_split0,ck,17,0,a8w8_blockscale_bpreshuffle_1x128x128_256x64x64x256_16x16_16x16_16x16x1_16x16x1_1x32x1x8_8_2x1_intrawave_v1,preflight,-1,passed,0.0,,,,
1920,2048,7168,cktile_0_split0,cktile,0,0,a8w8_blockscale_cktile_16x128x256_1x4x1_16x16x128_intrawave_0x1x0_1,preflight,-1,passed,0.0,,,,
1920,2048,7168,cktile_1_split0,cktile,1,0,a8w8_blockscale_cktile_16x128x256_1x4x1_16x16x128_intrawave_0x1x0_2,preflight,-1,passed,0.0,,,,
1920,2048,7168,cktile_2_split0,cktile,2,0,a8w8_blockscale_cktile_16x128x256_1x4x1_16x16x64_intrawave_0x1x0_1,preflight,-1,passed,0.0,,,,
1920,2048,7168,cktile_3_split0,cktile,3,0,a8w8_blockscale_cktile_16x128x256_1x4x1_16x16x64_intrawave_0x1x0_2,preflight,-1,passed,0.0,,,,
1920,2048,7168,cktile_4_split0,cktile,4,0,a8w8_blockscale_cktile_32x128x128_1x4x1_16x16x128_intrawave_0x1x0_1,preflight,-1,passed,0.0,,,,
1920,2048,7168,cktile_5_split0,cktile,5,0,a8w8_blockscale_cktile_32x128x128_1x4x1_16x16x128_intrawave_0x1x0_2,preflight,-1,passed,0.0,,,,
1920,2048,7168,cktile_6_split0,cktile,6,0,a8w8_blockscale_cktile_32x128x128_1x4x1_16x16x64_intrawave_0x1x0_1,preflight,-1,passed,0.0,,,,
1920,2048,7168,cktile_7_split0,cktile,7,0,a8w8_blockscale_cktile_32x128x128_1x4x1_16x16x64_intrawave_0x1x0_2,preflight,-1,passed,0.0,,,,
1920,2048,7168,cktile_8_split0,cktile,8,0,a8w8_blockscale_cktile_128x128x128_1x4x1_16x16x128_intrawave_0x1x0_1,preflight,-1,passed,0.0,,,,
1920,2048,7168,cktile_9_split0,cktile,9,0,a8w8_blockscale_cktile_128x128x128_1x4x1_16x16x128_intrawave_0x1x0_1,preflight,-1,passed,0.0,,,,
1920,2048,7168,cktile_10_split0,cktile,10,0,a8w8_blockscale_cktile_128x128x128_2x2x1_16x16x128_intrawave_0x1x0_2,preflight,-1,passed,0.0,,,,
1920,2048,7168,cktile_11_split0,cktile,11,0,a8w8_blockscale_cktile_192x256x128_4x2x1_16x16x128_intrawave_0x1x0_1,preflight,-1,passed,0.0,,,,
1920,2048,7168,cktile_12_split0,cktile,12,0,a8w8_blockscale_cktile_192x256x128_4x2x1_16x16x128_intrawave_0x1x0_1_aqrm,preflight,-1,passed,0.0,,,,
1920,2048,7168,cktile_13_split0,cktile,13,0,a8w8_blockscale_cktile_16x128x256_1x4x1_16x16x128_intrawave_0x1x0_3,preflight,-1,passed,0.0,,,,
1920,2048,7168,cktile_14_split0,cktile,14,0,a8w8_blockscale_cktile_16x128x256_1x4x1_16x16x128_intrawave_0x1x0_4,preflight,-1,passed,0.0,,,,
1920,2048,7168,cktile_15_split0,cktile,15,0,a8w8_blockscale_cktile_16x128x256_1x4x1_16x16x64_intrawave_0x1x0_3,preflight,-1,passed,0.0,,,,
1920,2048,7168,cktile_16_split0,cktile,16,0,a8w8_blockscale_cktile_16x128x256_1x4x1_16x16x64_intrawave_0x1x0_4,preflight,-1,passed,0.0,,,,
1920,2048,7168,cktile_17_split0,cktile,17,0,a8w8_blockscale_cktile_32x128x128_1x4x1_16x16x128_intrawave_0x1x0_3,preflight,-1,passed,0.0,,,,
1920,2048,7168,cktile_18_split0,cktile,18,0,a8w8_blockscale_cktile_32x128x128_1x4x1_16x16x128_intrawave_0x1x0_4,preflight,-1,passed,0.0,,,,
1920,2048,7168,cktile_19_split0,cktile,19,0,a8w8_blockscale_cktile_32x128x128_1x4x1_16x16x64_intrawave_0x1x0_3,preflight,-1,passed,0.0,,,,
1920,2048,7168,cktile_20_split0,cktile,20,0,a8w8_blockscale_cktile_32x128x128_1x4x1_16x16x64_intrawave_0x1x0_4,preflight,-1,passed,0.0,,,,
1920,2048,7168,cktile_21_split0,cktile,21,0,a8w8_blockscale_cktile_128x128x128_1x4x1_16x16x128_intrawave_0x1x0_2,preflight,-1,passed,0.0,,,,
1920,2048,7168,cktile_22_split0,cktile,22,0,a8w8_blockscale_cktile_128x128x128_1x4x1_16x16x128_intrawave_0x1x0_3,preflight,-1,passed,0.0,,,,
1920,2048,7168,cktile_23_split0,cktile,23,0,a8w8_blockscale_cktile_128x128x128_1x4x1_16x16x128_intrawave_0x1x0_4,preflight,-1,passed,0.0,,,,
1920,2048,7168,cktile_24_split0,cktile,24,0,a8w8_blockscale_cktile_128x128x128_2x2x1_16x16x128_intrawave_0x1x0_1,preflight,-1,passed,0.0,,,,
1920,2048,7168,cktile_25_split0,cktile,25,0,a8w8_blockscale_cktile_128x128x128_2x2x1_16x16x128_intrawave_0x1x0_3,preflight,-1,passed,0.0,,,,
1920,2048,7168,cktile_26_split0,cktile,26,0,a8w8_blockscale_cktile_128x128x128_2x2x1_16x16x128_intrawave_0x1x0_4,preflight,-1,passed,0.0,,,,
1920,2048,7168,cktile_27_split0,cktile,27,0,a8w8_blockscale_cktile_192x256x128_4x2x1_16x16x128_intrawave_0x1x0_2,preflight,-1,passed,0.0,,,,
1920,2048,7168,cktile_28_split0,cktile,28,0,a8w8_blockscale_cktile_192x256x128_4x2x1_16x16x128_intrawave_0x1x0_3,preflight,-1,passed,0.0,,,,
1920,2048,7168,cktile_29_split0,cktile,29,0,a8w8_blockscale_cktile_192x256x128_4x2x1_16x16x128_intrawave_0x1x0_4,preflight,-1,passed,0.0,,,,
1920,2048,7168,cktile_30_split0,cktile,30,0,a8w8_blockscale_cktile_192x256x128_4x2x1_16x16x128_intrawave_0x1x0_2_aqrm,preflight,-1,passed,0.0,,,,
1920,2048,7168,cktile_31_split0,cktile,31,0,a8w8_blockscale_cktile_192x256x128_4x2x1_16x16x128_intrawave_0x1x0_3_aqrm,preflight,-1,passed,0.0,,,,
1920,2048,7168,cktile_32_split0,cktile,32,0,a8w8_blockscale_cktile_192x256x128_4x2x1_16x16x128_intrawave_0x1x0_4_aqrm,preflight,-1,passed,0.0,,,,
1920,2048,7168,asm_0_split1,asm,0,1,_ZN5aiter42fp8gemm_bf16_blockscale_BpreShuffle_32x128E,preflight,-1,failed,0.1705,outside original FP32 accumulation bounds,0,670193,8.0008544921875
1920,2048,7168,asm_1_split2,asm,1,2,_ZN5aiter42fp8gemm_bf16_blockscale_BpreShuffle_32x128E,preflight,-1,failed,0.2597,outside original FP32 accumulation bounds,0,1020816,13.450439453125
1920,2048,7168,asm_2_split3,asm,2,3,_ZN5aiter42fp8gemm_bf16_blockscale_BpreShuffle_32x128E,preflight,-1,failed,0.3072,outside original FP32 accumulation bounds,0,1207883,15.374755859375
1920,2048,7168,asm_3_split4,asm,3,4,_ZN5aiter42fp8gemm_bf16_blockscale_BpreShuffle_32x128E,preflight,-1,failed,0.3382,outside original FP32 accumulation bounds,0,1329520,14.9876708984375
1920,2048,7168,asm_4_split5,asm,4,5,_ZN5aiter42fp8gemm_bf16_blockscale_BpreShuffle_32x128E,preflight,-1,failed,0.3645,outside original FP32 accumulation bounds,0,1433033,18.275146484375
1920,2048,7168,asm_5_split6,asm,5,6,_ZN5aiter42fp8gemm_bf16_blockscale_BpreShuffle_32x128E,preflight,-1,failed,0.3801,outside original FP32 accumulation bounds,0,1494405,18.2373046875
1920,2048,7168,asm_6_split7,asm,6,7,_ZN5aiter42fp8gemm_bf16_blockscale_BpreShuffle_32x128E,preflight,-1,failed,0.398,outside original FP32 accumulation bounds,0,1564674,21.3048095703125
1920,2048,7168,asm_7_split8,asm,7,8,_ZN5aiter42fp8gemm_bf16_blockscale_BpreShuffle_32x128E,preflight,-1,failed,0.4164,outside original FP32 accumulation bounds,0,1637168,18.589599609375
1920,2048,7168,asm_8_split1,asm,8,1,_ZN5aiter42fp8gemm_bf16_blockscale_BpreShuffle_48x128E,preflight,-1,failed,0.1705,outside original FP32 accumulation bounds,0,670193,8.0008544921875
1920,2048,7168,asm_9_split2,asm,9,2,_ZN5aiter42fp8gemm_bf16_blockscale_BpreShuffle_48x128E,preflight,-1,failed,0.2597,outside original FP32 accumulation bounds,0,1020816,13.450439453125
1920,2048,7168,asm_10_split3,asm,10,3,_ZN5aiter42fp8gemm_bf16_blockscale_BpreShuffle_48x128E,preflight,-1,failed,0.3072,outside original FP32 accumulation bounds,0,1207670,15.374755859375
1920,2048,7168,asm_11_split4,asm,11,4,_ZN5aiter42fp8gemm_bf16_blockscale_BpreShuffle_48x128E,preflight,-1,failed,0.3389,outside original FP32 accumulation bounds,0,1332219,15.374755859375
1920,2048,7168,asm_12_split5,asm,12,5,_ZN5aiter42fp8gemm_bf16_blockscale_BpreShuffle_48x128E,preflight,-1,failed,0.3638,outside original FP32 accumulation bounds,0,1430319,16.17626953125
1920,2048,7168,asm_13_split6,asm,13,6,_ZN5aiter42fp8gemm_bf16_blockscale_BpreShuffle_48x128E,preflight,-1,failed,0.3806,outside original FP32 accumulation bounds,0,1496443,18.030517578125
1920,2048,7168,asm_14_split7,asm,14,7,_ZN5aiter42fp8gemm_bf16_blockscale_BpreShuffle_48x128E,preflight,-1,failed,0.3978,outside original FP32 accumulation bounds,0,1563862,16.88671875
1920,2048,7168,asm_15_split8,asm,15,8,_ZN5aiter42fp8gemm_bf16_blockscale_BpreShuffle_48x128E,preflight,-1,failed,0.4144,outside original FP32 accumulation bounds,0,1629347,19.1927490234375
1920,2048,7168,asm_16_split1,asm,16,1,_ZN5aiter42fp8gemm_bf16_blockscale_BpreShuffle_64x128E,preflight,-1,failed,0.1705,outside original FP32 accumulation bounds,0,670193,8.0008544921875
1920,2048,7168,asm_17_split2,asm,17,2,_ZN5aiter42fp8gemm_bf16_blockscale_BpreShuffle_64x128E,preflight,-1,failed,0.2597,outside original FP32 accumulation bounds,0,1020816,13.450439453125
1920,2048,7168,asm_18_split3,asm,18,3,_ZN5aiter42fp8gemm_bf16_blockscale_BpreShuffle_64x128E,preflight,-1,failed,0.3067,outside original FP32 accumulation bounds,0,1205806,15.374755859375
1920,2048,7168,asm_19_split4,asm,19,4,_ZN5aiter42fp8gemm_bf16_blockscale_BpreShuffle_64x128E,preflight,-1,failed,0.3379,outside original FP32 accumulation bounds,0,1328538,14.9876708984375
1920,2048,7168,asm_20_split5,asm,20,5,_ZN5aiter42fp8gemm_bf16_blockscale_BpreShuffle_64x128E,preflight,-1,failed,0.3617,outside original FP32 accumulation bounds,0,1422226,16.95166015625
1920,2048,7168,asm_21_split6,asm,21,6,_ZN5aiter42fp8gemm_bf16_blockscale_BpreShuffle_64x128E,preflight,-1,failed,0.3801,outside original FP32 accumulation bounds,0,1494436,18.030517578125
1920,2048,7168,asm_22_split7,asm,22,7,_ZN5aiter42fp8gemm_bf16_blockscale_BpreShuffle_64x128E,preflight,-1,failed,0.3969,outside original FP32 accumulation bounds,0,1560580,20.5369873046875
1920,2048,7168,asm_23_split8,asm,23,8,_ZN5aiter42fp8gemm_bf16_blockscale_BpreShuffle_64x128E,preflight,-1,failed,0.4148,outside original FP32 accumulation bounds,0,1630773,25.713623046875
1920,2048,7168,asm_24_split1,asm,24,1,_ZN5aiter42fp8gemm_bf16_blockscale_BpreShuffle_80x128E,preflight,-1,failed,0.1705,outside original FP32 accumulation bounds,0,670193,8.0008544921875
1920,2048,7168,asm_25_split2,asm,25,2,_ZN5aiter42fp8gemm_bf16_blockscale_BpreShuffle_80x128E,preflight,-1,failed,0.2597,outside original FP32 accumulation bounds,0,1020816,13.450439453125
1920,2048,7168,asm_26_split3,asm,26,3,_ZN5aiter42fp8gemm_bf16_blockscale_BpreShuffle_80x128E,preflight,-1,failed,0.307,outside original FP32 accumulation bounds,0,1206907,15.374755859375
1920,2048,7168,asm_27_split4,asm,27,4,_ZN5aiter42fp8gemm_bf16_blockscale_BpreShuffle_80x128E,preflight,-1,failed,0.3381,outside original FP32 accumulation bounds,0,1329144,14.9876708984375
1920,2048,7168,asm_28_split5,asm,28,5,_ZN5aiter42fp8gemm_bf16_blockscale_BpreShuffle_80x128E,preflight,-1,failed,0.3628,outside original FP32 accumulation bounds,0,1426472,17.6357421875
1920,2048,7168,asm_29_split6,asm,29,6,_ZN5aiter42fp8gemm_bf16_blockscale_BpreShuffle_80x128E,preflight,-1,failed,0.3809,outside original FP32 accumulation bounds,0,1497464,18.2373046875
1920,2048,7168,asm_30_split7,asm,30,7,_ZN5aiter42fp8gemm_bf16_blockscale_BpreShuffle_80x128E,preflight,-1,failed,0.3993,outside original FP32 accumulation bounds,0,1569808,18.898193359375
1920,2048,7168,asm_31_split8,asm,31,8,_ZN5aiter42fp8gemm_bf16_blockscale_BpreShuffle_80x128E,preflight,-1,failed,0.4132,outside original FP32 accumulation bounds,0,1624704,17.9114990234375
1920,2048,7168,asm_32_split1,asm,32,1,_ZN5aiter42fp8gemm_bf16_blockscale_BpreShuffle_96x128E,preflight,-1,failed,0.1705,outside original FP32 accumulation bounds,0,670193,8.0008544921875
1920,2048,7168,asm_33_split2,asm,33,2,_ZN5aiter42fp8gemm_bf16_blockscale_BpreShuffle_96x128E,preflight,-1,failed,0.2597,outside original FP32 accumulation bounds,0,1020816,13.450439453125
1920,2048,7168,asm_34_split3,asm,34,3,_ZN5aiter42fp8gemm_bf16_blockscale_BpreShuffle_96x128E,preflight,-1,failed,0.3071,outside original FP32 accumulation bounds,0,1207209,15.374755859375
1920,2048,7168,asm_35_split4,asm,35,4,_ZN5aiter42fp8gemm_bf16_blockscale_BpreShuffle_96x128E,preflight,-1,failed,0.3383,outside original FP32 accumulation bounds,0,1329902,14.9876708984375
1920,2048,7168,asm_36_split5,asm,36,5,_ZN5aiter42fp8gemm_bf16_blockscale_BpreShuffle_96x128E,preflight,-1,failed,0.3612,outside original FP32 accumulation bounds,0,1420288,16.95166015625
1920,2048,7168,asm_37_split6,asm,37,6,_ZN5aiter42fp8gemm_bf16_blockscale_BpreShuffle_96x128E,preflight,-1,failed,0.381,outside original FP32 accumulation bounds,0,1497831,18.2373046875
1920,2048,7168,asm_38_split7,asm,38,7,_ZN5aiter42fp8gemm_bf16_blockscale_BpreShuffle_96x128E,preflight,-1,failed,0.3996,outside original FP32 accumulation bounds,0,1570939,17.481201171875
1920,2048,7168,asm_39_split8,asm,39,8,_ZN5aiter42fp8gemm_bf16_blockscale_BpreShuffle_96x128E,preflight,-1,failed,0.4103,outside original FP32 accumulation bounds,0,1613062,19.99560546875
1920,2048,7168,asm_40_split1,asm,40,1,_ZN5aiter43fp8gemm_bf16_blockscale_BpreShuffle_128x128E,preflight,-1,failed,0.1705,outside original FP32 accumulation bounds,0,670193,8.0008544921875
1920,2048,7168,asm_41_split2,asm,41,2,_ZN5aiter43fp8gemm_bf16_blockscale_BpreShuffle_128x128E,preflight,-1,failed,0.2597,outside original FP32 accumulation bounds,0,1020816,13.450439453125
1920,2048,7168,asm_42_split3,asm,42,3,_ZN5aiter43fp8gemm_bf16_blockscale_BpreShuffle_128x128E,preflight,-1,failed,0.3068,outside original FP32 accumulation bounds,0,1206189,15.374755859375
1920,2048,7168,asm_43_split4,asm,43,4,_ZN5aiter43fp8gemm_bf16_blockscale_BpreShuffle_128x128E,preflight,-1,failed,0.338,outside original FP32 accumulation bounds,0,1328835,14.9876708984375
1920,2048,7168,asm_44_split5,asm,44,5,_ZN5aiter43fp8gemm_bf16_blockscale_BpreShuffle_128x128E,preflight,-1,failed,0.3626,outside original FP32 accumulation bounds,0,1425727,17.6357421875
1920,2048,7168,asm_45_split6,asm,45,6,_ZN5aiter43fp8gemm_bf16_blockscale_BpreShuffle_128x128E,preflight,-1,failed,0.381,outside original FP32 accumulation bounds,0,1497841,16.8070068359375
1920,2048,7168,asm_46_split7,asm,46,7,_ZN5aiter43fp8gemm_bf16_blockscale_BpreShuffle_128x128E,preflight,-1,failed,0.4008,outside original FP32 accumulation bounds,0,1575936,18.4359130859375
1920,2048,7168,asm_47_split8,asm,47,8,_ZN5aiter43fp8gemm_bf16_blockscale_BpreShuffle_128x128E,preflight,-1,failed,0.4124,outside original FP32 accumulation bounds,0,1621580,19.1927490234375
1920,2048,7168,opus_9010,opus,9010,0,opus_gemm_gfx950_a8w8_mxscale_gemm_bpreshuffle_256x128x128x128_2x2_16x16x128_1x128x128_tiles1_nooob,preflight,-1,passed,0.0,,,,
1920,2048,7168,opus_9011,opus,9011,0,opus_gemm_gfx950_a8w8_mxscale_gemm_bpreshuffle_256x64x128x128_2x2_16x16x128_1x128x128_tiles1_nooob,preflight,-1,passed,0.0,,,,
1920,2048,7168,opus_9012,opus,9012,0,opus_gemm_gfx950_a8w8_mxscale_gemm_bpreshuffle_256x64x64x128_2x2_16x16x128_1x128x128_tiles1_nooob,preflight,-1,passed,0.0,,,,
1920,2048,7168,opus_9020,opus,9020,0,opus_gemm_gfx950_a8w8_mxscale_gemm_bpreshuffle_256x256x256x128_2x2_16x16x128_1x128x128_tiles1,preflight,-1,passed,0.0,,,,
1920,2048,7168,ck_9_split0,ck,9,0,a8w8_blockscale_bpreshuffle_1x128x128_256x32x128x128_16x16_16x16_8x32x1_8x32x1_1x32x1x8_8_2x1_intrawave_v1,timed,0,passed,0.0,,,,
1920,2048,7168,ck_10_split0,ck,10,0,a8w8_blockscale_bpreshuffle_1x128x128_256x32x64x128_16x16_16x16_8x32x1_8x32x1_1x32x1x8_8_2x1_intrawave_v1,timed,0,passed,0.0,,,,
1920,2048,7168,ck_11_split0,ck,11,0,a8w8_blockscale_bpreshuffle_1x128x128_256x32x128x256_16x16_16x16_16x16x1_16x16x1_1x32x1x8_8_2x1_intrawave_v1,timed,0,passed,0.0,,,,
1920,2048,7168,ck_12_split0,ck,12,0,a8w8_blockscale_bpreshuffle_1x128x128_256x32x64x256_16x16_16x16_16x16x1_16x16x1_1x32x1x8_8_2x1_intrawave_v1,timed,0,passed,0.0,,,,
1920,2048,7168,ck_13_split0,ck,13,0,a8w8_blockscale_bpreshuffle_1x128x128_256x64x256x128_16x16_16x16_8x32x1_8x32x1_1x32x1x8_8_2x1_intrawave_v1,timed,0,passed,0.0,,,,
1920,2048,7168,ck_14_split0,ck,14,0,a8w8_blockscale_bpreshuffle_1x128x128_256x64x128x128_16x16_16x16_8x32x1_8x32x1_1x32x1x8_8_2x1_intrawave_v1,timed,0,passed,0.0,,,,
1920,2048,7168,ck_15_split0,ck,15,0,a8w8_blockscale_bpreshuffle_1x128x128_256x64x64x128_16x16_16x16_8x32x1_8x32x1_1x32x1x8_8_2x1_intrawave_v1,timed,0,passed,0.0,,,,
1920,2048,7168,ck_16_split0,ck,16,0,a8w8_blockscale_bpreshuffle_1x128x128_256x64x128x256_16x16_16x16_16x16x1_16x16x1_1x32x1x8_8_2x1_intrawave_v1,timed,0,passed,0.0,,,,
1920,2048,7168,ck_17_split0,ck,17,0,a8w8_blockscale_bpreshuffle_1x128x128_256x64x64x256_16x16_16x16_16x16x1_16x16x1_1x32x1x8_8_2x1_intrawave_v1,timed,0,passed,0.0,,,,
1920,2048,7168,cktile_0_split0,cktile,0,0,a8w8_blockscale_cktile_16x128x256_1x4x1_16x16x128_intrawave_0x1x0_1,timed,0,passed,0.0,,,,
1920,2048,7168,cktile_1_split0,cktile,1,0,a8w8_blockscale_cktile_16x128x256_1x4x1_16x16x128_intrawave_0x1x0_2,timed,0,passed,0.0,,,,
1920,2048,7168,cktile_2_split0,cktile,2,0,a8w8_blockscale_cktile_16x128x256_1x4x1_16x16x64_intrawave_0x1x0_1,timed,0,passed,0.0,,,,
1920,2048,7168,cktile_3_split0,cktile,3,0,a8w8_blockscale_cktile_16x128x256_1x4x1_16x16x64_intrawave_0x1x0_2,timed,0,passed,0.0,,,,
1920,2048,7168,cktile_4_split0,cktile,4,0,a8w8_blockscale_cktile_32x128x128_1x4x1_16x16x128_intrawave_0x1x0_1,timed,0,passed,0.0,,,,
1920,2048,7168,cktile_5_split0,cktile,5,0,a8w8_blockscale_cktile_32x128x128_1x4x1_16x16x128_intrawave_0x1x0_2,timed,0,passed,0.0,,,,
1920,2048,7168,cktile_6_split0,cktile,6,0,a8w8_blockscale_cktile_32x128x128_1x4x1_16x16x64_intrawave_0x1x0_1,timed,0,passed,0.0,,,,
1920,2048,7168,cktile_7_split0,cktile,7,0,a8w8_blockscale_cktile_32x128x128_1x4x1_16x16x64_intrawave_0x1x0_2,timed,0,passed,0.0,,,,
1920,2048,7168,cktile_8_split0,cktile,8,0,a8w8_blockscale_cktile_128x128x128_1x4x1_16x16x128_intrawave_0x1x0_1,timed,0,passed,0.0,,,,
1920,2048,7168,cktile_9_split0,cktile,9,0,a8w8_blockscale_cktile_128x128x128_1x4x1_16x16x128_intrawave_0x1x0_1,timed,0,passed,0.0,,,,
1920,2048,7168,cktile_10_split0,cktile,10,0,a8w8_blockscale_cktile_128x128x128_2x2x1_16x16x128_intrawave_0x1x0_2,timed,0,passed,0.0,,,,
1920,2048,7168,cktile_11_split0,cktile,11,0,a8w8_blockscale_cktile_192x256x128_4x2x1_16x16x128_intrawave_0x1x0_1,timed,0,passed,0.0,,,,
1920,2048,7168,cktile_12_split0,cktile,12,0,a8w8_blockscale_cktile_192x256x128_4x2x1_16x16x128_intrawave_0x1x0_1_aqrm,timed,0,passed,0.0,,,,
1920,2048,7168,cktile_13_split0,cktile,13,0,a8w8_blockscale_cktile_16x128x256_1x4x1_16x16x128_intrawave_0x1x0_3,timed,0,passed,0.0,,,,
1920,2048,7168,cktile_14_split0,cktile,14,0,a8w8_blockscale_cktile_16x128x256_1x4x1_16x16x128_intrawave_0x1x0_4,timed,0,passed,0.0,,,,
1920,2048,7168,cktile_15_split0,cktile,15,0,a8w8_blockscale_cktile_16x128x256_1x4x1_16x16x64_intrawave_0x1x0_3,timed,0,passed,0.0,,,,
1920,2048,7168,cktile_16_split0,cktile,16,0,a8w8_blockscale_cktile_16x128x256_1x4x1_16x16x64_intrawave_0x1x0_4,timed,0,passed,0.0,,,,
1920,2048,7168,cktile_17_split0,cktile,17,0,a8w8_blockscale_cktile_32x128x128_1x4x1_16x16x128_intrawave_0x1x0_3,timed,0,passed,0.0,,,,
1920,2048,7168,cktile_18_split0,cktile,18,0,a8w8_blockscale_cktile_32x128x128_1x4x1_16x16x128_intrawave_0x1x0_4,timed,0,passed,0.0,,,,
1920,2048,7168,cktile_19_split0,cktile,19,0,a8w8_blockscale_cktile_32x128x128_1x4x1_16x16x64_intrawave_0x1x0_3,timed,0,passed,0.0,,,,
1920,2048,7168,cktile_20_split0,cktile,20,0,a8w8_blockscale_cktile_32x128x128_1x4x1_16x16x64_intrawave_0x1x0_4,timed,0,passed,0.0,,,,
1920,2048,7168,cktile_21_split0,cktile,21,0,a8w8_blockscale_cktile_128x128x128_1x4x1_16x16x128_intrawave_0x1x0_2,timed,0,passed,0.0,,,,
1920,2048,7168,cktile_22_split0,cktile,22,0,a8w8_blockscale_cktile_128x128x128_1x4x1_16x16x128_intrawave_0x1x0_3,timed,0,passed,0.0,,,,
1920,2048,7168,cktile_23_split0,cktile,23,0,a8w8_blockscale_cktile_128x128x128_1x4x1_16x16x128_intrawave_0x1x0_4,timed,0,passed,0.0,,,,
1920,2048,7168,cktile_24_split0,cktile,24,0,a8w8_blockscale_cktile_128x128x128_2x2x1_16x16x128_intrawave_0x1x0_1,timed,0,passed,0.0,,,,
1920,2048,7168,cktile_25_split0,cktile,25,0,a8w8_blockscale_cktile_128x128x128_2x2x1_16x16x128_intrawave_0x1x0_3,timed,0,passed,0.0,,,,
1920,2048,7168,cktile_26_split0,cktile,26,0,a8w8_blockscale_cktile_128x128x128_2x2x1_16x16x128_intrawave_0x1x0_4,timed,0,passed,0.0,,,,
1920,2048,7168,cktile_27_split0,cktile,27,0,a8w8_blockscale_cktile_192x256x128_4x2x1_16x16x128_intrawave_0x1x0_2,timed,0,passed,0.0,,,,
1920,2048,7168,cktile_28_split0,cktile,28,0,a8w8_blockscale_cktile_192x256x128_4x2x1_16x16x128_intrawave_0x1x0_3,timed,0,passed,0.0,,,,
1920,2048,7168,cktile_29_split0,cktile,29,0,a8w8_blockscale_cktile_192x256x128_4x2x1_16x16x128_intrawave_0x1x0_4,timed,0,passed,0.0,,,,
1920,2048,7168,cktile_30_split0,cktile,30,0,a8w8_blockscale_cktile_192x256x128_4x2x1_16x16x128_intrawave_0x1x0_2_aqrm,timed,0,passed,0.0,,,,
1920,2048,7168,cktile_31_split0,cktile,31,0,a8w8_blockscale_cktile_192x256x128_4x2x1_16x16x128_intrawave_0x1x0_3_aqrm,timed,0,passed,0.0,,,,
1920,2048,7168,cktile_32_split0,cktile,32,0,a8w8_blockscale_cktile_192x256x128_4x2x1_16x16x128_intrawave_0x1x0_4_aqrm,timed,0,passed,0.0,,,,
1920,2048,7168,opus_9010,opus,9010,0,opus_gemm_gfx950_a8w8_mxscale_gemm_bpreshuffle_256x128x128x128_2x2_16x16x128_1x128x128_tiles1_nooob,timed,0,passed,0.0,,,,
1920,2048,7168,opus_9011,opus,9011,0,opus_gemm_gfx950_a8w8_mxscale_gemm_bpreshuffle_256x64x128x128_2x2_16x16x128_1x128x128_tiles1_nooob,timed,0,passed,0.0,,,,
1920,2048,7168,opus_9012,opus,9012,0,opus_gemm_gfx950_a8w8_mxscale_gemm_bpreshuffle_256x64x64x128_2x2_16x16x128_1x128x128_tiles1_nooob,timed,0,passed,0.0,,,,
1920,2048,7168,opus_9020,opus,9020,0,opus_gemm_gfx950_a8w8_mxscale_gemm_bpreshuffle_256x256x256x128_2x2_16x16x128_1x128x128_tiles1,timed,0,passed,0.0,,,,
1920,2048,7168,ck_0_split0,ck,0,0,a8w8_blockscale_bpreshuffle_1x128x128_256x128x128x128_16x16_16x16_8x32x1_8x32x1_1x32x1x8_8_2x1_intrawave_v3,timed,0,passed,0.0,,,,
1920,2048,7168,ck_1_split0,ck,1,0,a8w8_blockscale_bpreshuffle_1x128x128_256x64x128x128_16x16_16x16_8x32x1_8x32x1_1x32x1x8_8_2x1_intrawave_v3,timed,0,passed,0.0,,,,
1920,2048,7168,ck_2_split0,ck,2,0,a8w8_blockscale_bpreshuffle_1x128x128_256x64x64x128_16x16_16x16_8x32x1_8x32x1_1x32x1x8_8_2x1_intrawave_v3,timed,0,passed,0.0,,,,
1920,2048,7168,ck_3_split0,ck,3,0,a8w8_blockscale_bpreshuffle_1x128x128_256x16x256x128_8x16_16x16_16x16x1_8x32x1_1x16x1x16_8_1x2_intrawave_v1,timed,0,passed,0.0,,,,
1920,2048,7168,ck_4_split0,ck,4,0,a8w8_blockscale_bpreshuffle_1x128x128_256x16x128x128_8x16_16x16_16x16x1_8x32x1_1x16x1x16_8_1x2_intrawave_v1,timed,0,passed,0.0,,,,
1920,2048,7168,ck_5_split0,ck,5,0,a8w8_blockscale_bpreshuffle_1x128x128_256x16x64x128_8x16_16x16_16x16x1_8x32x1_1x16x1x16_4_1x1_intrawave_v1,timed,0,passed,0.0,,,,
1920,2048,7168,ck_6_split0,ck,6,0,a8w8_blockscale_bpreshuffle_1x128x128_256x16x128x256_16x16_16x16_16x16x1_16x16x1_1x16x1x16_8_1x2_intrawave_v1,timed,0,passed,0.0,,,,
1920,2048,7168,ck_7_split0,ck,7,0,a8w8_blockscale_bpreshuffle_1x128x128_256x16x64x256_16x16_16x16_16x16x1_16x16x1_1x16x1x16_4_1x1_intrawave_v1,timed,0,passed,0.0,,,,
1920,2048,7168,ck_8_split0,ck,8,0,a8w8_blockscale_bpreshuffle_1x128x128_256x32x256x128_16x16_16x16_8x32x1_8x32x1_1x32x1x8_8_2x1_intrawave_v1,timed,0,passed,0.0,,,,
1920,2048,7168,ck_9_split0,ck,9,0,a8w8_blockscale_bpreshuffle_1x128x128_256x32x128x128_16x16_16x16_8x32x1_8x32x1_1x32x1x8_8_2x1_intrawave_v1,timed,1,passed,0.0,,,,
1920,2048,7168,ck_8_split0,ck,8,0,a8w8_blockscale_bpreshuffle_1x128x128_256x32x256x128_16x16_16x16_8x32x1_8x32x1_1x32x1x8_8_2x1_intrawave_v1,timed,1,passed,0.0,,,,
1920,2048,7168,ck_7_split0,ck,7,0,a8w8_blockscale_bpreshuffle_1x128x128_256x16x64x256_16x16_16x16_16x16x1_16x16x1_1x16x1x16_4_1x1_intrawave_v1,timed,1,passed,0.0,,,,
1920,2048,7168,ck_6_split0,ck,6,0,a8w8_blockscale_bpreshuffle_1x128x128_256x16x128x256_16x16_16x16_16x16x1_16x16x1_1x16x1x16_8_1x2_intrawave_v1,timed,1,passed,0.0,,,,
1920,2048,7168,ck_5_split0,ck,5,0,a8w8_blockscale_bpreshuffle_1x128x128_256x16x64x128_8x16_16x16_16x16x1_8x32x1_1x16x1x16_4_1x1_intrawave_v1,timed,1,passed,0.0,,,,
1920,2048,7168,ck_4_split0,ck,4,0,a8w8_blockscale_bpreshuffle_1x128x128_256x16x128x128_8x16_16x16_16x16x1_8x32x1_1x16x1x16_8_1x2_intrawave_v1,timed,1,passed,0.0,,,,
1920,2048,7168,ck_3_split0,ck,3,0,a8w8_blockscale_bpreshuffle_1x128x128_256x16x256x128_8x16_16x16_16x16x1_8x32x1_1x16x1x16_8_1x2_intrawave_v1,timed,1,passed,0.0,,,,
1920,2048,7168,ck_2_split0,ck,2,0,a8w8_blockscale_bpreshuffle_1x128x128_256x64x64x128_16x16_16x16_8x32x1_8x32x1_1x32x1x8_8_2x1_intrawave_v3,timed,1,passed,0.0,,,,
1920,2048,7168,ck_1_split0,ck,1,0,a8w8_blockscale_bpreshuffle_1x128x128_256x64x128x128_16x16_16x16_8x32x1_8x32x1_1x32x1x8_8_2x1_intrawave_v3,timed,1,passed,0.0,,,,
1920,2048,7168,ck_0_split0,ck,0,0,a8w8_blockscale_bpreshuffle_1x128x128_256x128x128x128_16x16_16x16_8x32x1_8x32x1_1x32x1x8_8_2x1_intrawave_v3,timed,1,passed,0.0,,,,
1920,2048,7168,opus_9020,opus,9020,0,opus_gemm_gfx950_a8w8_mxscale_gemm_bpreshuffle_256x256x256x128_2x2_16x16x128_1x128x128_tiles1,timed,1,passed,0.0,,,,
1920,2048,7168,opus_9012,opus,9012,0,opus_gemm_gfx950_a8w8_mxscale_gemm_bpreshuffle_256x64x64x128_2x2_16x16x128_1x128x128_tiles1_nooob,timed,1,passed,0.0,,,,
1920,2048,7168,opus_9011,opus,9011,0,opus_gemm_gfx950_a8w8_mxscale_gemm_bpreshuffle_256x64x128x128_2x2_16x16x128_1x128x128_tiles1_nooob,timed,1,passed,0.0,,,,
1920,2048,7168,opus_9010,opus,9010,0,opus_gemm_gfx950_a8w8_mxscale_gemm_bpreshuffle_256x128x128x128_2x2_16x16x128_1x128x128_tiles1_nooob,timed,1,passed,0.0,,,,
1920,2048,7168,cktile_32_split0,cktile,32,0,a8w8_blockscale_cktile_192x256x128_4x2x1_16x16x128_intrawave_0x1x0_4_aqrm,timed,1,passed,0.0,,,,
1920,2048,7168,cktile_31_split0,cktile,31,0,a8w8_blockscale_cktile_192x256x128_4x2x1_16x16x128_intrawave_0x1x0_3_aqrm,timed,1,passed,0.0,,,,
1920,2048,7168,cktile_30_split0,cktile,30,0,a8w8_blockscale_cktile_192x256x128_4x2x1_16x16x128_intrawave_0x1x0_2_aqrm,timed,1,passed,0.0,,,,
1920,2048,7168,cktile_29_split0,cktile,29,0,a8w8_blockscale_cktile_192x256x128_4x2x1_16x16x128_intrawave_0x1x0_4,timed,1,passed,0.0,,,,
1920,2048,7168,cktile_28_split0,cktile,28,0,a8w8_blockscale_cktile_192x256x128_4x2x1_16x16x128_intrawave_0x1x0_3,timed,1,passed,0.0,,,,
1920,2048,7168,cktile_27_split0,cktile,27,0,a8w8_blockscale_cktile_192x256x128_4x2x1_16x16x128_intrawave_0x1x0_2,timed,1,passed,0.0,,,,
1920,2048,7168,cktile_26_split0,cktile,26,0,a8w8_blockscale_cktile_128x128x128_2x2x1_16x16x128_intrawave_0x1x0_4,timed,1,passed,0.0,,,,
1920,2048,7168,cktile_25_split0,cktile,25,0,a8w8_blockscale_cktile_128x128x128_2x2x1_16x16x128_intrawave_0x1x0_3,timed,1,passed,0.0,,,,
1920,2048,7168,cktile_24_split0,cktile,24,0,a8w8_blockscale_cktile_128x128x128_2x2x1_16x16x128_intrawave_0x1x0_1,timed,1,passed,0.0,,,,
1920,2048,7168,cktile_23_split0,cktile,23,0,a8w8_blockscale_cktile_128x128x128_1x4x1_16x16x128_intrawave_0x1x0_4,timed,1,passed,0.0,,,,
1920,2048,7168,cktile_22_split0,cktile,22,0,a8w8_blockscale_cktile_128x128x128_1x4x1_16x16x128_intrawave_0x1x0_3,timed,1,passed,0.0,,,,
1920,2048,7168,cktile_21_split0,cktile,21,0,a8w8_blockscale_cktile_128x128x128_1x4x1_16x16x128_intrawave_0x1x0_2,timed,1,passed,0.0,,,,
1920,2048,7168,cktile_20_split0,cktile,20,0,a8w8_blockscale_cktile_32x128x128_1x4x1_16x16x64_intrawave_0x1x0_4,timed,1,passed,0.0,,,,
1920,2048,7168,cktile_19_split0,cktile,19,0,a8w8_blockscale_cktile_32x128x128_1x4x1_16x16x64_intrawave_0x1x0_3,timed,1,passed,0.0,,,,
1920,2048,7168,cktile_18_split0,cktile,18,0,a8w8_blockscale_cktile_32x128x128_1x4x1_16x16x128_intrawave_0x1x0_4,timed,1,passed,0.0,,,,
1920,2048,7168,cktile_17_split0,cktile,17,0,a8w8_blockscale_cktile_32x128x128_1x4x1_16x16x128_intrawave_0x1x0_3,timed,1,passed,0.0,,,,
1920,2048,7168,cktile_16_split0,cktile,16,0,a8w8_blockscale_cktile_16x128x256_1x4x1_16x16x64_intrawave_0x1x0_4,timed,1,passed,0.0,,,,
1920,2048,7168,cktile_15_split0,cktile,15,0,a8w8_blockscale_cktile_16x128x256_1x4x1_16x16x64_intrawave_0x1x0_3,timed,1,passed,0.0,,,,
1920,2048,7168,cktile_14_split0,cktile,14,0,a8w8_blockscale_cktile_16x128x256_1x4x1_16x16x128_intrawave_0x1x0_4,timed,1,passed,0.0,,,,
1920,2048,7168,cktile_13_split0,cktile,13,0,a8w8_blockscale_cktile_16x128x256_1x4x1_16x16x128_intrawave_0x1x0_3,timed,1,passed,0.0,,,,
1920,2048,7168,cktile_12_split0,cktile,12,0,a8w8_blockscale_cktile_192x256x128_4x2x1_16x16x128_intrawave_0x1x0_1_aqrm,timed,1,passed,0.0,,,,
1920,2048,7168,cktile_11_split0,cktile,11,0,a8w8_blockscale_cktile_192x256x128_4x2x1_16x16x128_intrawave_0x1x0_1,timed,1,passed,0.0,,,,
1920,2048,7168,cktile_10_split0,cktile,10,0,a8w8_blockscale_cktile_128x128x128_2x2x1_16x16x128_intrawave_0x1x0_2,timed,1,passed,0.0,,,,
1920,2048,7168,cktile_9_split0,cktile,9,0,a8w8_blockscale_cktile_128x128x128_1x4x1_16x16x128_intrawave_0x1x0_1,timed,1,passed,0.0,,,,
1920,2048,7168,cktile_8_split0,cktile,8,0,a8w8_blockscale_cktile_128x128x128_1x4x1_16x16x128_intrawave_0x1x0_1,timed,1,passed,0.0,,,,
1920,2048,7168,cktile_7_split0,cktile,7,0,a8w8_blockscale_cktile_32x128x128_1x4x1_16x16x64_intrawave_0x1x0_2,timed,1,passed,0.0,,,,
1920,2048,7168,cktile_6_split0,cktile,6,0,a8w8_blockscale_cktile_32x128x128_1x4x1_16x16x64_intrawave_0x1x0_1,timed,1,passed,0.0,,,,
1920,2048,7168,cktile_5_split0,cktile,5,0,a8w8_blockscale_cktile_32x128x128_1x4x1_16x16x128_intrawave_0x1x0_2,timed,1,passed,0.0,,,,
1920,2048,7168,cktile_4_split0,cktile,4,0,a8w8_blockscale_cktile_32x128x128_1x4x1_16x16x128_intrawave_0x1x0_1,timed,1,passed,0.0,,,,
1920,2048,7168,cktile_3_split0,cktile,3,0,a8w8_blockscale_cktile_16x128x256_1x4x1_16x16x64_intrawave_0x1x0_2,timed,1,passed,0.0,,,,
1920,2048,7168,cktile_2_split0,cktile,2,0,a8w8_blockscale_cktile_16x128x256_1x4x1_16x16x64_intrawave_0x1x0_1,timed,1,passed,0.0,,,,
1920,2048,7168,cktile_1_split0,cktile,1,0,a8w8_blockscale_cktile_16x128x256_1x4x1_16x16x128_intrawave_0x1x0_2,timed,1,passed,0.0,,,,
1920,2048,7168,cktile_0_split0,cktile,0,0,a8w8_blockscale_cktile_16x128x256_1x4x1_16x16x128_intrawave_0x1x0_1,timed,1,passed,0.0,,,,
1920,2048,7168,ck_17_split0,ck,17,0,a8w8_blockscale_bpreshuffle_1x128x128_256x64x64x256_16x16_16x16_16x16x1_16x16x1_1x32x1x8_8_2x1_intrawave_v1,timed,1,passed,0.0,,,,
1920,2048,7168,ck_16_split0,ck,16,0,a8w8_blockscale_bpreshuffle_1x128x128_256x64x128x256_16x16_16x16_16x16x1_16x16x1_1x32x1x8_8_2x1_intrawave_v1,timed,1,passed,0.0,,,,
1920,2048,7168,ck_15_split0,ck,15,0,a8w8_blockscale_bpreshuffle_1x128x128_256x64x64x128_16x16_16x16_8x32x1_8x32x1_1x32x1x8_8_2x1_intrawave_v1,timed,1,passed,0.0,,,,
1920,2048,7168,ck_14_split0,ck,14,0,a8w8_blockscale_bpreshuffle_1x128x128_256x64x128x128_16x16_16x16_8x32x1_8x32x1_1x32x1x8_8_2x1_intrawave_v1,timed,1,passed,0.0,,,,
1920,2048,7168,ck_13_split0,ck,13,0,a8w8_blockscale_bpreshuffle_1x128x128_256x64x256x128_16x16_16x16_8x32x1_8x32x1_1x32x1x8_8_2x1_intrawave_v1,timed,1,passed,0.0,,,,
1920,2048,7168,ck_12_split0,ck,12,0,a8w8_blockscale_bpreshuffle_1x128x128_256x32x64x256_16x16_16x16_16x16x1_16x16x1_1x32x1x8_8_2x1_intrawave_v1,timed,1,passed,0.0,,,,
1920,2048,7168,ck_11_split0,ck,11,0,a8w8_blockscale_bpreshuffle_1x128x128_256x32x128x256_16x16_16x16_16x16x1_16x16x1_1x32x1x8_8_2x1_intrawave_v1,timed,1,passed,0.0,,,,
1920,2048,7168,ck_10_split0,ck,10,0,a8w8_blockscale_bpreshuffle_1x128x128_256x32x64x128_16x16_16x16_8x32x1_8x32x1_1x32x1x8_8_2x1_intrawave_v1,timed,1,passed,0.0,,,,
1920,2048,7168,ck_11_split0,ck,11,0,a8w8_blockscale_bpreshuffle_1x128x128_256x32x128x256_16x16_16x16_16x16x1_16x16x1_1x32x1x8_8_2x1_intrawave_v1,timed,2,passed,0.0,,,,
1920,2048,7168,ck_12_split0,ck,12,0,a8w8_blockscale_bpreshuffle_1x128x128_256x32x64x256_16x16_16x16_16x16x1_16x16x1_1x32x1x8_8_2x1_intrawave_v1,timed,2,passed,0.0,,,,
1920,2048,7168,ck_13_split0,ck,13,0,a8w8_blockscale_bpreshuffle_1x128x128_256x64x256x128_16x16_16x16_8x32x1_8x32x1_1x32x1x8_8_2x1_intrawave_v1,timed,2,passed,0.0,,,,
1920,2048,7168,ck_14_split0,ck,14,0,a8w8_blockscale_bpreshuffle_1x128x128_256x64x128x128_16x16_16x16_8x32x1_8x32x1_1x32x1x8_8_2x1_intrawave_v1,timed,2,passed,0.0,,,,
1920,2048,7168,ck_15_split0,ck,15,0,a8w8_blockscale_bpreshuffle_1x128x128_256x64x64x128_16x16_16x16_8x32x1_8x32x1_1x32x1x8_8_2x1_intrawave_v1,timed,2,passed,0.0,,,,
1920,2048,7168,ck_16_split0,ck,16,0,a8w8_blockscale_bpreshuffle_1x128x128_256x64x128x256_16x16_16x16_16x16x1_16x16x1_1x32x1x8_8_2x1_intrawave_v1,timed,2,passed,0.0,,,,
1920,2048,7168,ck_17_split0,ck,17,0,a8w8_blockscale_bpreshuffle_1x128x128_256x64x64x256_16x16_16x16_16x16x1_16x16x1_1x32x1x8_8_2x1_intrawave_v1,timed,2,passed,0.0,,,,
1920,2048,7168,cktile_0_split0,cktile,0,0,a8w8_blockscale_cktile_16x128x256_1x4x1_16x16x128_intrawave_0x1x0_1,timed,2,passed,0.0,,,,
1920,2048,7168,cktile_1_split0,cktile,1,0,a8w8_blockscale_cktile_16x128x256_1x4x1_16x16x128_intrawave_0x1x0_2,timed,2,passed,0.0,,,,
1920,2048,7168,cktile_2_split0,cktile,2,0,a8w8_blockscale_cktile_16x128x256_1x4x1_16x16x64_intrawave_0x1x0_1,timed,2,passed,0.0,,,,
1920,2048,7168,cktile_3_split0,cktile,3,0,a8w8_blockscale_cktile_16x128x256_1x4x1_16x16x64_intrawave_0x1x0_2,timed,2,passed,0.0,,,,
1920,2048,7168,cktile_4_split0,cktile,4,0,a8w8_blockscale_cktile_32x128x128_1x4x1_16x16x128_intrawave_0x1x0_1,timed,2,passed,0.0,,,,
1920,2048,7168,cktile_5_split0,cktile,5,0,a8w8_blockscale_cktile_32x128x128_1x4x1_16x16x128_intrawave_0x1x0_2,timed,2,passed,0.0,,,,
1920,2048,7168,cktile_6_split0,cktile,6,0,a8w8_blockscale_cktile_32x128x128_1x4x1_16x16x64_intrawave_0x1x0_1,timed,2,passed,0.0,,,,
1920,2048,7168,cktile_7_split0,cktile,7,0,a8w8_blockscale_cktile_32x128x128_1x4x1_16x16x64_intrawave_0x1x0_2,timed,2,passed,0.0,,,,
1920,2048,7168,cktile_8_split0,cktile,8,0,a8w8_blockscale_cktile_128x128x128_1x4x1_16x16x128_intrawave_0x1x0_1,timed,2,passed,0.0,,,,
1920,2048,7168,cktile_9_split0,cktile,9,0,a8w8_blockscale_cktile_128x128x128_1x4x1_16x16x128_intrawave_0x1x0_1,timed,2,passed,0.0,,,,
1920,2048,7168,cktile_10_split0,cktile,10,0,a8w8_blockscale_cktile_128x128x128_2x2x1_16x16x128_intrawave_0x1x0_2,timed,2,passed,0.0,,,,
1920,2048,7168,cktile_11_split0,cktile,11,0,a8w8_blockscale_cktile_192x256x128_4x2x1_16x16x128_intrawave_0x1x0_1,timed,2,passed,0.0,,,,
1920,2048,7168,cktile_12_split0,cktile,12,0,a8w8_blockscale_cktile_192x256x128_4x2x1_16x16x128_intrawave_0x1x0_1_aqrm,timed,2,passed,0.0,,,,
1920,2048,7168,cktile_13_split0,cktile,13,0,a8w8_blockscale_cktile_16x128x256_1x4x1_16x16x128_intrawave_0x1x0_3,timed,2,passed,0.0,,,,
1920,2048,7168,cktile_14_split0,cktile,14,0,a8w8_blockscale_cktile_16x128x256_1x4x1_16x16x128_intrawave_0x1x0_4,timed,2,passed,0.0,,,,
1920,2048,7168,cktile_15_split0,cktile,15,0,a8w8_blockscale_cktile_16x128x256_1x4x1_16x16x64_intrawave_0x1x0_3,timed,2,passed,0.0,,,,
1920,2048,7168,cktile_16_split0,cktile,16,0,a8w8_blockscale_cktile_16x128x256_1x4x1_16x16x64_intrawave_0x1x0_4,timed,2,passed,0.0,,,,
1920,2048,7168,cktile_17_split0,cktile,17,0,a8w8_blockscale_cktile_32x128x128_1x4x1_16x16x128_intrawave_0x1x0_3,timed,2,passed,0.0,,,,
1920,2048,7168,cktile_18_split0,cktile,18,0,a8w8_blockscale_cktile_32x128x128_1x4x1_16x16x128_intrawave_0x1x0_4,timed,2,passed,0.0,,,,
1920,2048,7168,cktile_19_split0,cktile,19,0,a8w8_blockscale_cktile_32x128x128_1x4x1_16x16x64_intrawave_0x1x0_3,timed,2,passed,0.0,,,,
1920,2048,7168,cktile_20_split0,cktile,20,0,a8w8_blockscale_cktile_32x128x128_1x4x1_16x16x64_intrawave_0x1x0_4,timed,2,passed,0.0,,,,
1920,2048,7168,cktile_21_split0,cktile,21,0,a8w8_blockscale_cktile_128x128x128_1x4x1_16x16x128_intrawave_0x1x0_2,timed,2,passed,0.0,,,,
1920,2048,7168,cktile_22_split0,cktile,22,0,a8w8_blockscale_cktile_128x128x128_1x4x1_16x16x128_intrawave_0x1x0_3,timed,2,passed,0.0,,,,
1920,2048,7168,cktile_23_split0,cktile,23,0,a8w8_blockscale_cktile_128x128x128_1x4x1_16x16x128_intrawave_0x1x0_4,timed,2,passed,0.0,,,,
1920,2048,7168,cktile_24_split0,cktile,24,0,a8w8_blockscale_cktile_128x128x128_2x2x1_16x16x128_intrawave_0x1x0_1,timed,2,passed,0.0,,,,
1920,2048,7168,cktile_25_split0,cktile,25,0,a8w8_blockscale_cktile_128x128x128_2x2x1_16x16x128_intrawave_0x1x0_3,timed,2,passed,0.0,,,,
1920,2048,7168,cktile_26_split0,cktile,26,0,a8w8_blockscale_cktile_128x128x128_2x2x1_16x16x128_intrawave_0x1x0_4,timed,2,passed,0.0,,,,
1920,2048,7168,cktile_27_split0,cktile,27,0,a8w8_blockscale_cktile_192x256x128_4x2x1_16x16x128_intrawave_0x1x0_2,timed,2,passed,0.0,,,,
1920,2048,7168,cktile_28_split0,cktile,28,0,a8w8_blockscale_cktile_192x256x128_4x2x1_16x16x128_intrawave_0x1x0_3,timed,2,passed,0.0,,,,
1920,2048,7168,cktile_29_split0,cktile,29,0,a8w8_blockscale_cktile_192x256x128_4x2x1_16x16x128_intrawave_0x1x0_4,timed,2,passed,0.0,,,,
1920,2048,7168,cktile_30_split0,cktile,30,0,a8w8_blockscale_cktile_192x256x128_4x2x1_16x16x128_intrawave_0x1x0_2_aqrm,timed,2,passed,0.0,,,,
1920,2048,7168,cktile_31_split0,cktile,31,0,a8w8_blockscale_cktile_192x256x128_4x2x1_16x16x128_intrawave_0x1x0_3_aqrm,timed,2,passed,0.0,,,,
1920,2048,7168,cktile_32_split0,cktile,32,0,a8w8_blockscale_cktile_192x256x128_4x2x1_16x16x128_intrawave_0x1x0_4_aqrm,timed,2,passed,0.0,,,,
1920,2048,7168,opus_9010,opus,9010,0,opus_gemm_gfx950_a8w8_mxscale_gemm_bpreshuffle_256x128x128x128_2x2_16x16x128_1x128x128_tiles1_nooob,timed,2,passed,0.0,,,,
1920,2048,7168,opus_9011,opus,9011,0,opus_gemm_gfx950_a8w8_mxscale_gemm_bpreshuffle_256x64x128x128_2x2_16x16x128_1x128x128_tiles1_nooob,timed,2,passed,0.0,,,,
1920,2048,7168,opus_9012,opus,9012,0,opus_gemm_gfx950_a8w8_mxscale_gemm_bpreshuffle_256x64x64x128_2x2_16x16x128_1x128x128_tiles1_nooob,timed,2,passed,0.0,,,,
1920,2048,7168,opus_9020,opus,9020,0,opus_gemm_gfx950_a8w8_mxscale_gemm_bpreshuffle_256x256x256x128_2x2_16x16x128_1x128x128_tiles1,timed,2,passed,0.0,,,,
1920,2048,7168,ck_0_split0,ck,0,0,a8w8_blockscale_bpreshuffle_1x128x128_256x128x128x128_16x16_16x16_8x32x1_8x32x1_1x32x1x8_8_2x1_intrawave_v3,timed,2,passed,0.0,,,,
1920,2048,7168,ck_1_split0,ck,1,0,a8w8_blockscale_bpreshuffle_1x128x128_256x64x128x128_16x16_16x16_8x32x1_8x32x1_1x32x1x8_8_2x1_intrawave_v3,timed,2,passed,0.0,,,,
1920,2048,7168,ck_2_split0,ck,2,0,a8w8_blockscale_bpreshuffle_1x128x128_256x64x64x128_16x16_16x16_8x32x1_8x32x1_1x32x1x8_8_2x1_intrawave_v3,timed,2,passed,0.0,,,,
1920,2048,7168,ck_3_split0,ck,3,0,a8w8_blockscale_bpreshuffle_1x128x128_256x16x256x128_8x16_16x16_16x16x1_8x32x1_1x16x1x16_8_1x2_intrawave_v1,timed,2,passed,0.0,,,,
1920,2048,7168,ck_4_split0,ck,4,0,a8w8_blockscale_bpreshuffle_1x128x128_256x16x128x128_8x16_16x16_16x16x1_8x32x1_1x16x1x16_8_1x2_intrawave_v1,timed,2,passed,0.0,,,,
1920,2048,7168,ck_5_split0,ck,5,0,a8w8_blockscale_bpreshuffle_1x128x128_256x16x64x128_8x16_16x16_16x16x1_8x32x1_1x16x1x16_4_1x1_intrawave_v1,timed,2,passed,0.0,,,,
1920,2048,7168,ck_6_split0,ck,6,0,a8w8_blockscale_bpreshuffle_1x128x128_256x16x128x256_16x16_16x16_16x16x1_16x16x1_1x16x1x16_8_1x2_intrawave_v1,timed,2,passed,0.0,,,,
1920,2048,7168,ck_7_split0,ck,7,0,a8w8_blockscale_bpreshuffle_1x128x128_256x16x64x256_16x16_16x16_16x16x1_16x16x1_1x16x1x16_4_1x1_intrawave_v1,timed,2,passed,0.0,,,,
1920,2048,7168,ck_8_split0,ck,8,0,a8w8_blockscale_bpreshuffle_1x128x128_256x32x256x128_16x16_16x16_8x32x1_8x32x1_1x32x1x8_8_2x1_intrawave_v1,timed,2,passed,0.0,,,,
1920,2048,7168,ck_9_split0,ck,9,0,a8w8_blockscale_bpreshuffle_1x128x128_256x32x128x128_16x16_16x16_8x32x1_8x32x1_1x32x1x8_8_2x1_intrawave_v1,timed,2,passed,0.0,,,,
1920,2048,7168,ck_10_split0,ck,10,0,a8w8_blockscale_bpreshuffle_1x128x128_256x32x64x128_16x16_16x16_8x32x1_8x32x1_1x32x1x8_8_2x1_intrawave_v1,timed,2,passed,0.0,,,,
6144,2048,7168,ck_0_split0,ck,0,0,a8w8_blockscale_bpreshuffle_1x128x128_256x128x128x128_16x16_16x16_8x32x1_8x32x1_1x32x1x8_8_2x1_intrawave_v3,preflight,-1,passed,0.0,,,,
6144,2048,7168,ck_1_split0,ck,1,0,a8w8_blockscale_bpreshuffle_1x128x128_256x64x128x128_16x16_16x16_8x32x1_8x32x1_1x32x1x8_8_2x1_intrawave_v3,preflight,-1,passed,0.0,,,,
6144,2048,7168,ck_2_split0,ck,2,0,a8w8_blockscale_bpreshuffle_1x128x128_256x64x64x128_16x16_16x16_8x32x1_8x32x1_1x32x1x8_8_2x1_intrawave_v3,preflight,-1,passed,0.0,,,,
6144,2048,7168,ck_3_split0,ck,3,0,a8w8_blockscale_bpreshuffle_1x128x128_256x16x256x128_8x16_16x16_16x16x1_8x32x1_1x16x1x16_8_1x2_intrawave_v1,preflight,-1,passed,0.0,,,,
6144,2048,7168,ck_4_split0,ck,4,0,a8w8_blockscale_bpreshuffle_1x128x128_256x16x128x128_8x16_16x16_16x16x1_8x32x1_1x16x1x16_8_1x2_intrawave_v1,preflight,-1,passed,0.0,,,,
6144,2048,7168,ck_5_split0,ck,5,0,a8w8_blockscale_bpreshuffle_1x128x128_256x16x64x128_8x16_16x16_16x16x1_8x32x1_1x16x1x16_4_1x1_intrawave_v1,preflight,-1,passed,0.0,,,,
6144,2048,7168,ck_6_split0,ck,6,0,a8w8_blockscale_bpreshuffle_1x128x128_256x16x128x256_16x16_16x16_16x16x1_16x16x1_1x16x1x16_8_1x2_intrawave_v1,preflight,-1,passed,0.0,,,,
6144,2048,7168,ck_7_split0,ck,7,0,a8w8_blockscale_bpreshuffle_1x128x128_256x16x64x256_16x16_16x16_16x16x1_16x16x1_1x16x1x16_4_1x1_intrawave_v1,preflight,-1,passed,0.0,,,,
6144,2048,7168,ck_8_split0,ck,8,0,a8w8_blockscale_bpreshuffle_1x128x128_256x32x256x128_16x16_16x16_8x32x1_8x32x1_1x32x1x8_8_2x1_intrawave_v1,preflight,-1,passed,0.0,,,,
6144,2048,7168,ck_9_split0,ck,9,0,a8w8_blockscale_bpreshuffle_1x128x128_256x32x128x128_16x16_16x16_8x32x1_8x32x1_1x32x1x8_8_2x1_intrawave_v1,preflight,-1,passed,0.0,,,,
6144,2048,7168,ck_10_split0,ck,10,0,a8w8_blockscale_bpreshuffle_1x128x128_256x32x64x128_16x16_16x16_8x32x1_8x32x1_1x32x1x8_8_2x1_intrawave_v1,preflight,-1,passed,0.0,,,,
6144,2048,7168,ck_11_split0,ck,11,0,a8w8_blockscale_bpreshuffle_1x128x128_256x32x128x256_16x16_16x16_16x16x1_16x16x1_1x32x1x8_8_2x1_intrawave_v1,preflight,-1,passed,0.0,,,,
6144,2048,7168,ck_12_split0,ck,12,0,a8w8_blockscale_bpreshuffle_1x128x128_256x32x64x256_16x16_16x16_16x16x1_16x16x1_1x32x1x8_8_2x1_intrawave_v1,preflight,-1,passed,0.0,,,,
6144,2048,7168,ck_13_split0,ck,13,0,a8w8_blockscale_bpreshuffle_1x128x128_256x64x256x128_16x16_16x16_8x32x1_8x32x1_1x32x1x8_8_2x1_intrawave_v1,preflight,-1,passed,0.0,,,,
6144,2048,7168,ck_14_split0,ck,14,0,a8w8_blockscale_bpreshuffle_1x128x128_256x64x128x128_16x16_16x16_8x32x1_8x32x1_1x32x1x8_8_2x1_intrawave_v1,preflight,-1,passed,0.0,,,,
6144,2048,7168,ck_15_split0,ck,15,0,a8w8_blockscale_bpreshuffle_1x128x128_256x64x64x128_16x16_16x16_8x32x1_8x32x1_1x32x1x8_8_2x1_intrawave_v1,preflight,-1,passed,0.0,,,,
6144,2048,7168,ck_16_split0,ck,16,0,a8w8_blockscale_bpreshuffle_1x128x128_256x64x128x256_16x16_16x16_16x16x1_16x16x1_1x32x1x8_8_2x1_intrawave_v1,preflight,-1,passed,0.0,,,,
6144,2048,7168,ck_17_split0,ck,17,0,a8w8_blockscale_bpreshuffle_1x128x128_256x64x64x256_16x16_16x16_16x16x1_16x16x1_1x32x1x8_8_2x1_intrawave_v1,preflight,-1,passed,0.0,,,,
6144,2048,7168,cktile_0_split0,cktile,0,0,a8w8_blockscale_cktile_16x128x256_1x4x1_16x16x128_intrawave_0x1x0_1,preflight,-1,passed,0.0,,,,
6144,2048,7168,cktile_1_split0,cktile,1,0,a8w8_blockscale_cktile_16x128x256_1x4x1_16x16x128_intrawave_0x1x0_2,preflight,-1,passed,0.0,,,,
6144,2048,7168,cktile_2_split0,cktile,2,0,a8w8_blockscale_cktile_16x128x256_1x4x1_16x16x64_intrawave_0x1x0_1,preflight,-1,passed,0.0,,,,
6144,2048,7168,cktile_3_split0,cktile,3,0,a8w8_blockscale_cktile_16x128x256_1x4x1_16x16x64_intrawave_0x1x0_2,preflight,-1,passed,0.0,,,,
6144,2048,7168,cktile_4_split0,cktile,4,0,a8w8_blockscale_cktile_32x128x128_1x4x1_16x16x128_intrawave_0x1x0_1,preflight,-1,passed,0.0,,,,
6144,2048,7168,cktile_5_split0,cktile,5,0,a8w8_blockscale_cktile_32x128x128_1x4x1_16x16x128_intrawave_0x1x0_2,preflight,-1,passed,0.0,,,,
6144,2048,7168,cktile_6_split0,cktile,6,0,a8w8_blockscale_cktile_32x128x128_1x4x1_16x16x64_intrawave_0x1x0_1,preflight,-1,passed,0.0,,,,
6144,2048,7168,cktile_7_split0,cktile,7,0,a8w8_blockscale_cktile_32x128x128_1x4x1_16x16x64_intrawave_0x1x0_2,preflight,-1,passed,0.0,,,,
6144,2048,7168,cktile_8_split0,cktile,8,0,a8w8_blockscale_cktile_128x128x128_1x4x1_16x16x128_intrawave_0x1x0_1,preflight,-1,passed,0.0,,,,
6144,2048,7168,cktile_9_split0,cktile,9,0,a8w8_blockscale_cktile_128x128x128_1x4x1_16x16x128_intrawave_0x1x0_1,preflight,-1,passed,0.0,,,,
6144,2048,7168,cktile_10_split0,cktile,10,0,a8w8_blockscale_cktile_128x128x128_2x2x1_16x16x128_intrawave_0x1x0_2,preflight,-1,passed,0.0,,,,
6144,2048,7168,cktile_11_split0,cktile,11,0,a8w8_blockscale_cktile_192x256x128_4x2x1_16x16x128_intrawave_0x1x0_1,preflight,-1,passed,0.0,,,,
6144,2048,7168,cktile_12_split0,cktile,12,0,a8w8_blockscale_cktile_192x256x128_4x2x1_16x16x128_intrawave_0x1x0_1_aqrm,preflight,-1,passed,0.0,,,,
6144,2048,7168,cktile_13_split0,cktile,13,0,a8w8_blockscale_cktile_16x128x256_1x4x1_16x16x128_intrawave_0x1x0_3,preflight,-1,passed,0.0,,,,
6144,2048,7168,cktile_14_split0,cktile,14,0,a8w8_blockscale_cktile_16x128x256_1x4x1_16x16x128_intrawave_0x1x0_4,preflight,-1,passed,0.0,,,,
6144,2048,7168,cktile_15_split0,cktile,15,0,a8w8_blockscale_cktile_16x128x256_1x4x1_16x16x64_intrawave_0x1x0_3,preflight,-1,passed,0.0,,,,
6144,2048,7168,cktile_16_split0,cktile,16,0,a8w8_blockscale_cktile_16x128x256_1x4x1_16x16x64_intrawave_0x1x0_4,preflight,-1,passed,0.0,,,,
6144,2048,7168,cktile_17_split0,cktile,17,0,a8w8_blockscale_cktile_32x128x128_1x4x1_16x16x128_intrawave_0x1x0_3,preflight,-1,passed,0.0,,,,
6144,2048,7168,cktile_18_split0,cktile,18,0,a8w8_blockscale_cktile_32x128x128_1x4x1_16x16x128_intrawave_0x1x0_4,preflight,-1,passed,0.0,,,,
6144,2048,7168,cktile_19_split0,cktile,19,0,a8w8_blockscale_cktile_32x128x128_1x4x1_16x16x64_intrawave_0x1x0_3,preflight,-1,passed,0.0,,,,
6144,2048,7168,cktile_20_split0,cktile,20,0,a8w8_blockscale_cktile_32x128x128_1x4x1_16x16x64_intrawave_0x1x0_4,preflight,-1,passed,0.0,,,,
6144,2048,7168,cktile_21_split0,cktile,21,0,a8w8_blockscale_cktile_128x128x128_1x4x1_16x16x128_intrawave_0x1x0_2,preflight,-1,passed,0.0,,,,
6144,2048,7168,cktile_22_split0,cktile,22,0,a8w8_blockscale_cktile_128x128x128_1x4x1_16x16x128_intrawave_0x1x0_3,preflight,-1,passed,0.0,,,,
6144,2048,7168,cktile_23_split0,cktile,23,0,a8w8_blockscale_cktile_128x128x128_1x4x1_16x16x128_intrawave_0x1x0_4,preflight,-1,passed,0.0,,,,
6144,2048,7168,cktile_24_split0,cktile,24,0,a8w8_blockscale_cktile_128x128x128_2x2x1_16x16x128_intrawave_0x1x0_1,preflight,-1,passed,0.0,,,,
6144,2048,7168,cktile_25_split0,cktile,25,0,a8w8_blockscale_cktile_128x128x128_2x2x1_16x16x128_intrawave_0x1x0_3,preflight,-1,passed,0.0,,,,
6144,2048,7168,cktile_26_split0,cktile,26,0,a8w8_blockscale_cktile_128x128x128_2x2x1_16x16x128_intrawave_0x1x0_4,preflight,-1,passed,0.0,,,,
6144,2048,7168,cktile_27_split0,cktile,27,0,a8w8_blockscale_cktile_192x256x128_4x2x1_16x16x128_intrawave_0x1x0_2,preflight,-1,passed,0.0,,,,
6144,2048,7168,cktile_28_split0,cktile,28,0,a8w8_blockscale_cktile_192x256x128_4x2x1_16x16x128_intrawave_0x1x0_3,preflight,-1,passed,0.0,,,,
6144,2048,7168,cktile_29_split0,cktile,29,0,a8w8_blockscale_cktile_192x256x128_4x2x1_16x16x128_intrawave_0x1x0_4,preflight,-1,passed,0.0,,,,
6144,2048,7168,cktile_30_split0,cktile,30,0,a8w8_blockscale_cktile_192x256x128_4x2x1_16x16x128_intrawave_0x1x0_2_aqrm,preflight,-1,passed,0.0,,,,
6144,2048,7168,cktile_31_split0,cktile,31,0,a8w8_blockscale_cktile_192x256x128_4x2x1_16x16x128_intrawave_0x1x0_3_aqrm,preflight,-1,passed,0.0,,,,
6144,2048,7168,cktile_32_split0,cktile,32,0,a8w8_blockscale_cktile_192x256x128_4x2x1_16x16x128_intrawave_0x1x0_4_aqrm,preflight,-1,passed,0.0,,,,
6144,2048,7168,asm_0_split1,asm,0,1,_ZN5aiter42fp8gemm_bf16_blockscale_BpreShuffle_32x128E,preflight,-1,failed,0.1703,outside original FP32 accumulation bounds,0,2142520,10.819091796875
6144,2048,7168,asm_1_split2,asm,1,2,_ZN5aiter42fp8gemm_bf16_blockscale_BpreShuffle_32x128E,preflight,-1,failed,0.2606,outside original FP32 accumulation bounds,0,3277884,14.25537109375
6144,2048,7168,asm_2_split3,asm,2,3,_ZN5aiter42fp8gemm_bf16_blockscale_BpreShuffle_32x128E,preflight,-1,failed,0.3061,outside original FP32 accumulation bounds,0,3851417,15.51611328125
6144,2048,7168,asm_3_split4,asm,3,4,_ZN5aiter42fp8gemm_bf16_blockscale_BpreShuffle_32x128E,preflight,-1,failed,0.3388,outside original FP32 accumulation bounds,0,4262523,15.102783203125
6144,2048,7168,asm_4_split5,asm,4,5,_ZN5aiter42fp8gemm_bf16_blockscale_BpreShuffle_32x128E,preflight,-1,failed,0.3597,outside original FP32 accumulation bounds,0,4524872,26.819091796875
6144,2048,7168,asm_5_split6,asm,5,6,_ZN5aiter42fp8gemm_bf16_blockscale_BpreShuffle_32x128E,preflight,-1,failed,0.379,outside original FP32 accumulation bounds,0,4768017,20.4635009765625
6144,2048,7168,asm_6_split7,asm,6,7,_ZN5aiter42fp8gemm_bf16_blockscale_BpreShuffle_32x128E,preflight,-1,failed,0.3975,outside original FP32 accumulation bounds,0,5001085,18.811767578125
6144,2048,7168,asm_7_split8,asm,7,8,_ZN5aiter42fp8gemm_bf16_blockscale_BpreShuffle_32x128E,preflight,-1,failed,0.411,outside original FP32 accumulation bounds,0,5170646,23.51806640625
6144,2048,7168,asm_8_split1,asm,8,1,_ZN5aiter42fp8gemm_bf16_blockscale_BpreShuffle_48x128E,preflight,-1,failed,0.1703,outside original FP32 accumulation bounds,0,2142520,10.819091796875
6144,2048,7168,asm_9_split2,asm,9,2,_ZN5aiter42fp8gemm_bf16_blockscale_BpreShuffle_48x128E,preflight,-1,failed,0.2606,outside original FP32 accumulation bounds,0,3277884,14.25537109375
6144,2048,7168,asm_10_split3,asm,10,3,_ZN5aiter42fp8gemm_bf16_blockscale_BpreShuffle_48x128E,preflight,-1,failed,0.3062,outside original FP32 accumulation bounds,0,3852530,14.5933837890625
6144,2048,7168,asm_11_split4,asm,11,4,_ZN5aiter42fp8gemm_bf16_blockscale_BpreShuffle_48x128E,preflight,-1,failed,0.3383,outside original FP32 accumulation bounds,0,4256498,15.8822021484375
6144,2048,7168,asm_12_split5,asm,12,5,_ZN5aiter42fp8gemm_bf16_blockscale_BpreShuffle_48x128E,preflight,-1,failed,0.3599,outside original FP32 accumulation bounds,0,4528572,26.819091796875
6144,2048,7168,asm_13_split6,asm,13,6,_ZN5aiter42fp8gemm_bf16_blockscale_BpreShuffle_48x128E,preflight,-1,failed,0.3791,outside original FP32 accumulation bounds,0,4769565,17.240966796875
6144,2048,7168,asm_14_split7,asm,14,7,_ZN5aiter42fp8gemm_bf16_blockscale_BpreShuffle_48x128E,preflight,-1,failed,0.3965,outside original FP32 accumulation bounds,0,4988348,18.204833984375
6144,2048,7168,asm_15_split8,asm,15,8,_ZN5aiter42fp8gemm_bf16_blockscale_BpreShuffle_48x128E,preflight,-1,failed,0.4122,outside original FP32 accumulation bounds,0,5185796,27.40869140625
6144,2048,7168,asm_16_split1,asm,16,1,_ZN5aiter42fp8gemm_bf16_blockscale_BpreShuffle_64x128E,preflight,-1,failed,0.1703,outside original FP32 accumulation bounds,0,2142520,10.819091796875
6144,2048,7168,asm_17_split2,asm,17,2,_ZN5aiter42fp8gemm_bf16_blockscale_BpreShuffle_64x128E,preflight,-1,failed,0.2606,outside original FP32 accumulation bounds,0,3277884,14.25537109375
6144,2048,7168,asm_18_split3,asm,18,3,_ZN5aiter42fp8gemm_bf16_blockscale_BpreShuffle_64x128E,preflight,-1,failed,0.3062,outside original FP32 accumulation bounds,0,3852024,15.51611328125
6144,2048,7168,asm_19_split4,asm,19,4,_ZN5aiter42fp8gemm_bf16_blockscale_BpreShuffle_64x128E,preflight,-1,failed,0.3382,outside original FP32 accumulation bounds,0,4254776,15.0645751953125
6144,2048,7168,asm_20_split5,asm,20,5,_ZN5aiter42fp8gemm_bf16_blockscale_BpreShuffle_64x128E,preflight,-1,failed,0.36,outside original FP32 accumulation bounds,0,4529268,16.7491455078125
6144,2048,7168,asm_21_split6,asm,21,6,_ZN5aiter42fp8gemm_bf16_blockscale_BpreShuffle_64x128E,preflight,-1,failed,0.3791,outside original FP32 accumulation bounds,0,4770059,18.9765625
6144,2048,7168,asm_22_split7,asm,22,7,_ZN5aiter42fp8gemm_bf16_blockscale_BpreShuffle_64x128E,preflight,-1,failed,0.3959,outside original FP32 accumulation bounds,0,4980775,19.501708984375
6144,2048,7168,asm_23_split8,asm,23,8,_ZN5aiter42fp8gemm_bf16_blockscale_BpreShuffle_64x128E,preflight,-1,failed,0.4103,outside original FP32 accumulation bounds,0,5162099,19.40869140625
6144,2048,7168,asm_24_split1,asm,24,1,_ZN5aiter42fp8gemm_bf16_blockscale_BpreShuffle_80x128E,preflight,-1,failed,0.1703,outside original FP32 accumulation bounds,0,2142520,10.819091796875
6144,2048,7168,asm_25_split2,asm,25,2,_ZN5aiter42fp8gemm_bf16_blockscale_BpreShuffle_80x128E,preflight,-1,failed,0.2606,outside original FP32 accumulation bounds,0,3277884,14.25537109375
6144,2048,7168,asm_26_split3,asm,26,3,_ZN5aiter42fp8gemm_bf16_blockscale_BpreShuffle_80x128E,preflight,-1,failed,0.3061,outside original FP32 accumulation bounds,0,3850857,14.5933837890625
6144,2048,7168,asm_27_split4,asm,27,4,_ZN5aiter42fp8gemm_bf16_blockscale_BpreShuffle_80x128E,preflight,-1,failed,0.3383,outside original FP32 accumulation bounds,0,4256335,16.623779296875
6144,2048,7168,asm_28_split5,asm,28,5,_ZN5aiter42fp8gemm_bf16_blockscale_BpreShuffle_80x128E,preflight,-1,failed,0.3604,outside original FP32 accumulation bounds,0,4534241,19.76220703125
6144,2048,7168,asm_29_split6,asm,29,6,_ZN5aiter42fp8gemm_bf16_blockscale_BpreShuffle_80x128E,preflight,-1,failed,0.3789,outside original FP32 accumulation bounds,0,4766786,20.4635009765625
6144,2048,7168,asm_30_split7,asm,30,7,_ZN5aiter42fp8gemm_bf16_blockscale_BpreShuffle_80x128E,preflight,-1,failed,0.3958,outside original FP32 accumulation bounds,0,4980227,21.9031982421875
6144,2048,7168,asm_31_split8,asm,31,8,_ZN5aiter42fp8gemm_bf16_blockscale_BpreShuffle_80x128E,preflight,-1,failed,0.4094,outside original FP32 accumulation bounds,0,5150793,19.2470703125
6144,2048,7168,asm_32_split1,asm,32,1,_ZN5aiter42fp8gemm_bf16_blockscale_BpreShuffle_96x128E,preflight,-1,failed,0.1703,outside original FP32 accumulation bounds,0,2142520,10.819091796875
6144,2048,7168,asm_33_split2,asm,33,2,_ZN5aiter42fp8gemm_bf16_blockscale_BpreShuffle_96x128E,preflight,-1,failed,0.2606,outside original FP32 accumulation bounds,0,3277884,14.25537109375
6144,2048,7168,asm_34_split3,asm,34,3,_ZN5aiter42fp8gemm_bf16_blockscale_BpreShuffle_96x128E,preflight,-1,failed,0.3058,outside original FP32 accumulation bounds,0,3847227,14.5933837890625
6144,2048,7168,asm_35_split4,asm,35,4,_ZN5aiter42fp8gemm_bf16_blockscale_BpreShuffle_96x128E,preflight,-1,failed,0.3382,outside original FP32 accumulation bounds,0,4254612,15.8822021484375
6144,2048,7168,asm_36_split5,asm,36,5,_ZN5aiter42fp8gemm_bf16_blockscale_BpreShuffle_96x128E,preflight,-1,failed,0.3605,outside original FP32 accumulation bounds,0,4535987,16.985107421875
6144,2048,7168,asm_37_split6,asm,37,6,_ZN5aiter42fp8gemm_bf16_blockscale_BpreShuffle_96x128E,preflight,-1,failed,0.3792,outside original FP32 accumulation bounds,0,4771101,18.3233642578125
6144,2048,7168,asm_38_split7,asm,38,7,_ZN5aiter42fp8gemm_bf16_blockscale_BpreShuffle_96x128E,preflight,-1,failed,0.3987,outside original FP32 accumulation bounds,0,5016397,18.869873046875
6144,2048,7168,asm_39_split8,asm,39,8,_ZN5aiter42fp8gemm_bf16_blockscale_BpreShuffle_96x128E,preflight,-1,failed,0.41,outside original FP32 accumulation bounds,0,5158560,20.99365234375
6144,2048,7168,asm_40_split1,asm,40,1,_ZN5aiter43fp8gemm_bf16_blockscale_BpreShuffle_128x128E,preflight,-1,failed,0.1703,outside original FP32 accumulation bounds,0,2142520,10.819091796875
6144,2048,7168,asm_41_split2,asm,41,2,_ZN5aiter43fp8gemm_bf16_blockscale_BpreShuffle_128x128E,preflight,-1,failed,0.2606,outside original FP32 accumulation bounds,0,3277884,14.25537109375
6144,2048,7168,asm_42_split3,asm,42,3,_ZN5aiter43fp8gemm_bf16_blockscale_BpreShuffle_128x128E,preflight,-1,failed,0.3058,outside original FP32 accumulation bounds,0,3847171,14.25537109375
6144,2048,7168,asm_43_split4,asm,43,4,_ZN5aiter43fp8gemm_bf16_blockscale_BpreShuffle_128x128E,preflight,-1,failed,0.3382,outside original FP32 accumulation bounds,0,4255091,16.623779296875
6144,2048,7168,asm_44_split5,asm,44,5,_ZN5aiter43fp8gemm_bf16_blockscale_BpreShuffle_128x128E,preflight,-1,failed,0.361,outside original FP32 accumulation bounds,0,4541763,26.819091796875
6144,2048,7168,asm_45_split6,asm,45,6,_ZN5aiter43fp8gemm_bf16_blockscale_BpreShuffle_128x128E,preflight,-1,failed,0.3788,outside original FP32 accumulation bounds,0,4765317,18.0941162109375
6144,2048,7168,asm_46_split7,asm,46,7,_ZN5aiter43fp8gemm_bf16_blockscale_BpreShuffle_128x128E,preflight,-1,failed,0.3976,outside original FP32 accumulation bounds,0,5001962,21.4503173828125
6144,2048,7168,asm_47_split8,asm,47,8,_ZN5aiter43fp8gemm_bf16_blockscale_BpreShuffle_128x128E,preflight,-1,failed,0.4113,outside original FP32 accumulation bounds,0,5175227,22.71728515625
6144,2048,7168,opus_9000,opus,9000,0,opus_gemm_gfx950_a8w8_mxscale_gemm_bpreshuffle_256x256x256x128_2x2_16x16x128_1x128x128_tiles1_nooob,preflight,-1,passed,0.0,,,,
6144,2048,7168,opus_9010,opus,9010,0,opus_gemm_gfx950_a8w8_mxscale_gemm_bpreshuffle_256x128x128x128_2x2_16x16x128_1x128x128_tiles1_nooob,preflight,-1,passed,0.0,,,,
6144,2048,7168,opus_9011,opus,9011,0,opus_gemm_gfx950_a8w8_mxscale_gemm_bpreshuffle_256x64x128x128_2x2_16x16x128_1x128x128_tiles1_nooob,preflight,-1,passed,0.0,,,,
6144,2048,7168,opus_9012,opus,9012,0,opus_gemm_gfx950_a8w8_mxscale_gemm_bpreshuffle_256x64x64x128_2x2_16x16x128_1x128x128_tiles1_nooob,preflight,-1,passed,0.0,,,,
6144,2048,7168,opus_9020,opus,9020,0,opus_gemm_gfx950_a8w8_mxscale_gemm_bpreshuffle_256x256x256x128_2x2_16x16x128_1x128x128_tiles1,preflight,-1,passed,0.0,,,,
6144,2048,7168,ck_10_split0,ck,10,0,a8w8_blockscale_bpreshuffle_1x128x128_256x32x64x128_16x16_16x16_8x32x1_8x32x1_1x32x1x8_8_2x1_intrawave_v1,timed,0,passed,0.0,,,,
6144,2048,7168,ck_11_split0,ck,11,0,a8w8_blockscale_bpreshuffle_1x128x128_256x32x128x256_16x16_16x16_16x16x1_16x16x1_1x32x1x8_8_2x1_intrawave_v1,timed,0,passed,0.0,,,,
6144,2048,7168,ck_12_split0,ck,12,0,a8w8_blockscale_bpreshuffle_1x128x128_256x32x64x256_16x16_16x16_16x16x1_16x16x1_1x32x1x8_8_2x1_intrawave_v1,timed,0,passed,0.0,,,,
6144,2048,7168,ck_13_split0,ck,13,0,a8w8_blockscale_bpreshuffle_1x128x128_256x64x256x128_16x16_16x16_8x32x1_8x32x1_1x32x1x8_8_2x1_intrawave_v1,timed,0,passed,0.0,,,,
6144,2048,7168,ck_14_split0,ck,14,0,a8w8_blockscale_bpreshuffle_1x128x128_256x64x128x128_16x16_16x16_8x32x1_8x32x1_1x32x1x8_8_2x1_intrawave_v1,timed,0,passed,0.0,,,,
6144,2048,7168,ck_15_split0,ck,15,0,a8w8_blockscale_bpreshuffle_1x128x128_256x64x64x128_16x16_16x16_8x32x1_8x32x1_1x32x1x8_8_2x1_intrawave_v1,timed,0,passed,0.0,,,,
6144,2048,7168,ck_16_split0,ck,16,0,a8w8_blockscale_bpreshuffle_1x128x128_256x64x128x256_16x16_16x16_16x16x1_16x16x1_1x32x1x8_8_2x1_intrawave_v1,timed,0,passed,0.0,,,,
6144,2048,7168,ck_17_split0,ck,17,0,a8w8_blockscale_bpreshuffle_1x128x128_256x64x64x256_16x16_16x16_16x16x1_16x16x1_1x32x1x8_8_2x1_intrawave_v1,timed,0,passed,0.0,,,,
6144,2048,7168,cktile_0_split0,cktile,0,0,a8w8_blockscale_cktile_16x128x256_1x4x1_16x16x128_intrawave_0x1x0_1,timed,0,passed,0.0,,,,
6144,2048,7168,cktile_1_split0,cktile,1,0,a8w8_blockscale_cktile_16x128x256_1x4x1_16x16x128_intrawave_0x1x0_2,timed,0,passed,0.0,,,,
6144,2048,7168,cktile_2_split0,cktile,2,0,a8w8_blockscale_cktile_16x128x256_1x4x1_16x16x64_intrawave_0x1x0_1,timed,0,passed,0.0,,,,
6144,2048,7168,cktile_3_split0,cktile,3,0,a8w8_blockscale_cktile_16x128x256_1x4x1_16x16x64_intrawave_0x1x0_2,timed,0,passed,0.0,,,,
6144,2048,7168,cktile_4_split0,cktile,4,0,a8w8_blockscale_cktile_32x128x128_1x4x1_16x16x128_intrawave_0x1x0_1,timed,0,passed,0.0,,,,
6144,2048,7168,cktile_5_split0,cktile,5,0,a8w8_blockscale_cktile_32x128x128_1x4x1_16x16x128_intrawave_0x1x0_2,timed,0,passed,0.0,,,,
6144,2048,7168,cktile_6_split0,cktile,6,0,a8w8_blockscale_cktile_32x128x128_1x4x1_16x16x64_intrawave_0x1x0_1,timed,0,passed,0.0,,,,
6144,2048,7168,cktile_7_split0,cktile,7,0,a8w8_blockscale_cktile_32x128x128_1x4x1_16x16x64_intrawave_0x1x0_2,timed,0,passed,0.0,,,,
6144,2048,7168,cktile_8_split0,cktile,8,0,a8w8_blockscale_cktile_128x128x128_1x4x1_16x16x128_intrawave_0x1x0_1,timed,0,passed,0.0,,,,
6144,2048,7168,cktile_9_split0,cktile,9,0,a8w8_blockscale_cktile_128x128x128_1x4x1_16x16x128_intrawave_0x1x0_1,timed,0,passed,0.0,,,,
6144,2048,7168,cktile_10_split0,cktile,10,0,a8w8_blockscale_cktile_128x128x128_2x2x1_16x16x128_intrawave_0x1x0_2,timed,0,passed,0.0,,,,
6144,2048,7168,cktile_11_split0,cktile,11,0,a8w8_blockscale_cktile_192x256x128_4x2x1_16x16x128_intrawave_0x1x0_1,timed,0,passed,0.0,,,,
6144,2048,7168,cktile_12_split0,cktile,12,0,a8w8_blockscale_cktile_192x256x128_4x2x1_16x16x128_intrawave_0x1x0_1_aqrm,timed,0,passed,0.0,,,,
6144,2048,7168,cktile_13_split0,cktile,13,0,a8w8_blockscale_cktile_16x128x256_1x4x1_16x16x128_intrawave_0x1x0_3,timed,0,passed,0.0,,,,
6144,2048,7168,cktile_14_split0,cktile,14,0,a8w8_blockscale_cktile_16x128x256_1x4x1_16x16x128_intrawave_0x1x0_4,timed,0,passed,0.0,,,,
6144,2048,7168,cktile_15_split0,cktile,15,0,a8w8_blockscale_cktile_16x128x256_1x4x1_16x16x64_intrawave_0x1x0_3,timed,0,passed,0.0,,,,
6144,2048,7168,cktile_16_split0,cktile,16,0,a8w8_blockscale_cktile_16x128x256_1x4x1_16x16x64_intrawave_0x1x0_4,timed,0,passed,0.0,,,,
6144,2048,7168,cktile_17_split0,cktile,17,0,a8w8_blockscale_cktile_32x128x128_1x4x1_16x16x128_intrawave_0x1x0_3,timed,0,passed,0.0,,,,
6144,2048,7168,cktile_18_split0,cktile,18,0,a8w8_blockscale_cktile_32x128x128_1x4x1_16x16x128_intrawave_0x1x0_4,timed,0,passed,0.0,,,,
6144,2048,7168,cktile_19_split0,cktile,19,0,a8w8_blockscale_cktile_32x128x128_1x4x1_16x16x64_intrawave_0x1x0_3,timed,0,passed,0.0,,,,
6144,2048,7168,cktile_20_split0,cktile,20,0,a8w8_blockscale_cktile_32x128x128_1x4x1_16x16x64_intrawave_0x1x0_4,timed,0,passed,0.0,,,,
6144,2048,7168,cktile_21_split0,cktile,21,0,a8w8_blockscale_cktile_128x128x128_1x4x1_16x16x128_intrawave_0x1x0_2,timed,0,passed,0.0,,,,
6144,2048,7168,cktile_22_split0,cktile,22,0,a8w8_blockscale_cktile_128x128x128_1x4x1_16x16x128_intrawave_0x1x0_3,timed,0,passed,0.0,,,,
6144,2048,7168,cktile_23_split0,cktile,23,0,a8w8_blockscale_cktile_128x128x128_1x4x1_16x16x128_intrawave_0x1x0_4,timed,0,passed,0.0,,,,
6144,2048,7168,cktile_24_split0,cktile,24,0,a8w8_blockscale_cktile_128x128x128_2x2x1_16x16x128_intrawave_0x1x0_1,timed,0,passed,0.0,,,,
6144,2048,7168,cktile_25_split0,cktile,25,0,a8w8_blockscale_cktile_128x128x128_2x2x1_16x16x128_intrawave_0x1x0_3,timed,0,passed,0.0,,,,
6144,2048,7168,cktile_26_split0,cktile,26,0,a8w8_blockscale_cktile_128x128x128_2x2x1_16x16x128_intrawave_0x1x0_4,timed,0,passed,0.0,,,,
6144,2048,7168,cktile_27_split0,cktile,27,0,a8w8_blockscale_cktile_192x256x128_4x2x1_16x16x128_intrawave_0x1x0_2,timed,0,passed,0.0,,,,
6144,2048,7168,cktile_28_split0,cktile,28,0,a8w8_blockscale_cktile_192x256x128_4x2x1_16x16x128_intrawave_0x1x0_3,timed,0,passed,0.0,,,,
6144,2048,7168,cktile_29_split0,cktile,29,0,a8w8_blockscale_cktile_192x256x128_4x2x1_16x16x128_intrawave_0x1x0_4,timed,0,passed,0.0,,,,
6144,2048,7168,cktile_30_split0,cktile,30,0,a8w8_blockscale_cktile_192x256x128_4x2x1_16x16x128_intrawave_0x1x0_2_aqrm,timed,0,passed,0.0,,,,
6144,2048,7168,cktile_31_split0,cktile,31,0,a8w8_blockscale_cktile_192x256x128_4x2x1_16x16x128_intrawave_0x1x0_3_aqrm,timed,0,passed,0.0,,,,
6144,2048,7168,cktile_32_split0,cktile,32,0,a8w8_blockscale_cktile_192x256x128_4x2x1_16x16x128_intrawave_0x1x0_4_aqrm,timed,0,passed,0.0,,,,
6144,2048,7168,opus_9000,opus,9000,0,opus_gemm_gfx950_a8w8_mxscale_gemm_bpreshuffle_256x256x256x128_2x2_16x16x128_1x128x128_tiles1_nooob,timed,0,passed,0.0,,,,
6144,2048,7168,opus_9010,opus,9010,0,opus_gemm_gfx950_a8w8_mxscale_gemm_bpreshuffle_256x128x128x128_2x2_16x16x128_1x128x128_tiles1_nooob,timed,0,passed,0.0,,,,
6144,2048,7168,opus_9011,opus,9011,0,opus_gemm_gfx950_a8w8_mxscale_gemm_bpreshuffle_256x64x128x128_2x2_16x16x128_1x128x128_tiles1_nooob,timed,0,passed,0.0,,,,
6144,2048,7168,opus_9012,opus,9012,0,opus_gemm_gfx950_a8w8_mxscale_gemm_bpreshuffle_256x64x64x128_2x2_16x16x128_1x128x128_tiles1_nooob,timed,0,passed,0.0,,,,
6144,2048,7168,opus_9020,opus,9020,0,opus_gemm_gfx950_a8w8_mxscale_gemm_bpreshuffle_256x256x256x128_2x2_16x16x128_1x128x128_tiles1,timed,0,passed,0.0,,,,
6144,2048,7168,ck_0_split0,ck,0,0,a8w8_blockscale_bpreshuffle_1x128x128_256x128x128x128_16x16_16x16_8x32x1_8x32x1_1x32x1x8_8_2x1_intrawave_v3,timed,0,passed,0.0,,,,
6144,2048,7168,ck_1_split0,ck,1,0,a8w8_blockscale_bpreshuffle_1x128x128_256x64x128x128_16x16_16x16_8x32x1_8x32x1_1x32x1x8_8_2x1_intrawave_v3,timed,0,passed,0.0,,,,
6144,2048,7168,ck_2_split0,ck,2,0,a8w8_blockscale_bpreshuffle_1x128x128_256x64x64x128_16x16_16x16_8x32x1_8x32x1_1x32x1x8_8_2x1_intrawave_v3,timed,0,passed,0.0,,,,
6144,2048,7168,ck_3_split0,ck,3,0,a8w8_blockscale_bpreshuffle_1x128x128_256x16x256x128_8x16_16x16_16x16x1_8x32x1_1x16x1x16_8_1x2_intrawave_v1,timed,0,passed,0.0,,,,
6144,2048,7168,ck_4_split0,ck,4,0,a8w8_blockscale_bpreshuffle_1x128x128_256x16x128x128_8x16_16x16_16x16x1_8x32x1_1x16x1x16_8_1x2_intrawave_v1,timed,0,passed,0.0,,,,
6144,2048,7168,ck_5_split0,ck,5,0,a8w8_blockscale_bpreshuffle_1x128x128_256x16x64x128_8x16_16x16_16x16x1_8x32x1_1x16x1x16_4_1x1_intrawave_v1,timed,0,passed,0.0,,,,
6144,2048,7168,ck_6_split0,ck,6,0,a8w8_blockscale_bpreshuffle_1x128x128_256x16x128x256_16x16_16x16_16x16x1_16x16x1_1x16x1x16_8_1x2_intrawave_v1,timed,0,passed,0.0,,,,
6144,2048,7168,ck_7_split0,ck,7,0,a8w8_blockscale_bpreshuffle_1x128x128_256x16x64x256_16x16_16x16_16x16x1_16x16x1_1x16x1x16_4_1x1_intrawave_v1,timed,0,passed,0.0,,,,
6144,2048,7168,ck_8_split0,ck,8,0,a8w8_blockscale_bpreshuffle_1x128x128_256x32x256x128_16x16_16x16_8x32x1_8x32x1_1x32x1x8_8_2x1_intrawave_v1,timed,0,passed,0.0,,,,
6144,2048,7168,ck_9_split0,ck,9,0,a8w8_blockscale_bpreshuffle_1x128x128_256x32x128x128_16x16_16x16_8x32x1_8x32x1_1x32x1x8_8_2x1_intrawave_v1,timed,0,passed,0.0,,,,
6144,2048,7168,ck_10_split0,ck,10,0,a8w8_blockscale_bpreshuffle_1x128x128_256x32x64x128_16x16_16x16_8x32x1_8x32x1_1x32x1x8_8_2x1_intrawave_v1,timed,1,passed,0.0,,,,
6144,2048,7168,ck_9_split0,ck,9,0,a8w8_blockscale_bpreshuffle_1x128x128_256x32x128x128_16x16_16x16_8x32x1_8x32x1_1x32x1x8_8_2x1_intrawave_v1,timed,1,passed,0.0,,,,
6144,2048,7168,ck_8_split0,ck,8,0,a8w8_blockscale_bpreshuffle_1x128x128_256x32x256x128_16x16_16x16_8x32x1_8x32x1_1x32x1x8_8_2x1_intrawave_v1,timed,1,passed,0.0,,,,
6144,2048,7168,ck_7_split0,ck,7,0,a8w8_blockscale_bpreshuffle_1x128x128_256x16x64x256_16x16_16x16_16x16x1_16x16x1_1x16x1x16_4_1x1_intrawave_v1,timed,1,passed,0.0,,,,
6144,2048,7168,ck_6_split0,ck,6,0,a8w8_blockscale_bpreshuffle_1x128x128_256x16x128x256_16x16_16x16_16x16x1_16x16x1_1x16x1x16_8_1x2_intrawave_v1,timed,1,passed,0.0,,,,
6144,2048,7168,ck_5_split0,ck,5,0,a8w8_blockscale_bpreshuffle_1x128x128_256x16x64x128_8x16_16x16_16x16x1_8x32x1_1x16x1x16_4_1x1_intrawave_v1,timed,1,passed,0.0,,,,
6144,2048,7168,ck_4_split0,ck,4,0,a8w8_blockscale_bpreshuffle_1x128x128_256x16x128x128_8x16_16x16_16x16x1_8x32x1_1x16x1x16_8_1x2_intrawave_v1,timed,1,passed,0.0,,,,
6144,2048,7168,ck_3_split0,ck,3,0,a8w8_blockscale_bpreshuffle_1x128x128_256x16x256x128_8x16_16x16_16x16x1_8x32x1_1x16x1x16_8_1x2_intrawave_v1,timed,1,passed,0.0,,,,
6144,2048,7168,ck_2_split0,ck,2,0,a8w8_blockscale_bpreshuffle_1x128x128_256x64x64x128_16x16_16x16_8x32x1_8x32x1_1x32x1x8_8_2x1_intrawave_v3,timed,1,passed,0.0,,,,
6144,2048,7168,ck_1_split0,ck,1,0,a8w8_blockscale_bpreshuffle_1x128x128_256x64x128x128_16x16_16x16_8x32x1_8x32x1_1x32x1x8_8_2x1_intrawave_v3,timed,1,passed,0.0,,,,
6144,2048,7168,ck_0_split0,ck,0,0,a8w8_blockscale_bpreshuffle_1x128x128_256x128x128x128_16x16_16x16_8x32x1_8x32x1_1x32x1x8_8_2x1_intrawave_v3,timed,1,passed,0.0,,,,
6144,2048,7168,opus_9020,opus,9020,0,opus_gemm_gfx950_a8w8_mxscale_gemm_bpreshuffle_256x256x256x128_2x2_16x16x128_1x128x128_tiles1,timed,1,passed,0.0,,,,
6144,2048,7168,opus_9012,opus,9012,0,opus_gemm_gfx950_a8w8_mxscale_gemm_bpreshuffle_256x64x64x128_2x2_16x16x128_1x128x128_tiles1_nooob,timed,1,passed,0.0,,,,
6144,2048,7168,opus_9011,opus,9011,0,opus_gemm_gfx950_a8w8_mxscale_gemm_bpreshuffle_256x64x128x128_2x2_16x16x128_1x128x128_tiles1_nooob,timed,1,passed,0.0,,,,
6144,2048,7168,opus_9010,opus,9010,0,opus_gemm_gfx950_a8w8_mxscale_gemm_bpreshuffle_256x128x128x128_2x2_16x16x128_1x128x128_tiles1_nooob,timed,1,passed,0.0,,,,
6144,2048,7168,opus_9000,opus,9000,0,opus_gemm_gfx950_a8w8_mxscale_gemm_bpreshuffle_256x256x256x128_2x2_16x16x128_1x128x128_tiles1_nooob,timed,1,passed,0.0,,,,
6144,2048,7168,cktile_32_split0,cktile,32,0,a8w8_blockscale_cktile_192x256x128_4x2x1_16x16x128_intrawave_0x1x0_4_aqrm,timed,1,passed,0.0,,,,
6144,2048,7168,cktile_31_split0,cktile,31,0,a8w8_blockscale_cktile_192x256x128_4x2x1_16x16x128_intrawave_0x1x0_3_aqrm,timed,1,passed,0.0,,,,
6144,2048,7168,cktile_30_split0,cktile,30,0,a8w8_blockscale_cktile_192x256x128_4x2x1_16x16x128_intrawave_0x1x0_2_aqrm,timed,1,passed,0.0,,,,
6144,2048,7168,cktile_29_split0,cktile,29,0,a8w8_blockscale_cktile_192x256x128_4x2x1_16x16x128_intrawave_0x1x0_4,timed,1,passed,0.0,,,,
6144,2048,7168,cktile_28_split0,cktile,28,0,a8w8_blockscale_cktile_192x256x128_4x2x1_16x16x128_intrawave_0x1x0_3,timed,1,passed,0.0,,,,
6144,2048,7168,cktile_27_split0,cktile,27,0,a8w8_blockscale_cktile_192x256x128_4x2x1_16x16x128_intrawave_0x1x0_2,timed,1,passed,0.0,,,,
6144,2048,7168,cktile_26_split0,cktile,26,0,a8w8_blockscale_cktile_128x128x128_2x2x1_16x16x128_intrawave_0x1x0_4,timed,1,passed,0.0,,,,
6144,2048,7168,cktile_25_split0,cktile,25,0,a8w8_blockscale_cktile_128x128x128_2x2x1_16x16x128_intrawave_0x1x0_3,timed,1,passed,0.0,,,,
6144,2048,7168,cktile_24_split0,cktile,24,0,a8w8_blockscale_cktile_128x128x128_2x2x1_16x16x128_intrawave_0x1x0_1,timed,1,passed,0.0,,,,
6144,2048,7168,cktile_23_split0,cktile,23,0,a8w8_blockscale_cktile_128x128x128_1x4x1_16x16x128_intrawave_0x1x0_4,timed,1,passed,0.0,,,,
6144,2048,7168,cktile_22_split0,cktile,22,0,a8w8_blockscale_cktile_128x128x128_1x4x1_16x16x128_intrawave_0x1x0_3,timed,1,passed,0.0,,,,
6144,2048,7168,cktile_21_split0,cktile,21,0,a8w8_blockscale_cktile_128x128x128_1x4x1_16x16x128_intrawave_0x1x0_2,timed,1,passed,0.0,,,,
6144,2048,7168,cktile_20_split0,cktile,20,0,a8w8_blockscale_cktile_32x128x128_1x4x1_16x16x64_intrawave_0x1x0_4,timed,1,passed,0.0,,,,
6144,2048,7168,cktile_19_split0,cktile,19,0,a8w8_blockscale_cktile_32x128x128_1x4x1_16x16x64_intrawave_0x1x0_3,timed,1,passed,0.0,,,,
6144,2048,7168,cktile_18_split0,cktile,18,0,a8w8_blockscale_cktile_32x128x128_1x4x1_16x16x128_intrawave_0x1x0_4,timed,1,passed,0.0,,,,
6144,2048,7168,cktile_17_split0,cktile,17,0,a8w8_blockscale_cktile_32x128x128_1x4x1_16x16x128_intrawave_0x1x0_3,timed,1,passed,0.0,,,,
6144,2048,7168,cktile_16_split0,cktile,16,0,a8w8_blockscale_cktile_16x128x256_1x4x1_16x16x64_intrawave_0x1x0_4,timed,1,passed,0.0,,,,
6144,2048,7168,cktile_15_split0,cktile,15,0,a8w8_blockscale_cktile_16x128x256_1x4x1_16x16x64_intrawave_0x1x0_3,timed,1,passed,0.0,,,,
6144,2048,7168,cktile_14_split0,cktile,14,0,a8w8_blockscale_cktile_16x128x256_1x4x1_16x16x128_intrawave_0x1x0_4,timed,1,passed,0.0,,,,
6144,2048,7168,cktile_13_split0,cktile,13,0,a8w8_blockscale_cktile_16x128x256_1x4x1_16x16x128_intrawave_0x1x0_3,timed,1,passed,0.0,,,,
6144,2048,7168,cktile_12_split0,cktile,12,0,a8w8_blockscale_cktile_192x256x128_4x2x1_16x16x128_intrawave_0x1x0_1_aqrm,timed,1,passed,0.0,,,,
6144,2048,7168,cktile_11_split0,cktile,11,0,a8w8_blockscale_cktile_192x256x128_4x2x1_16x16x128_intrawave_0x1x0_1,timed,1,passed,0.0,,,,
6144,2048,7168,cktile_10_split0,cktile,10,0,a8w8_blockscale_cktile_128x128x128_2x2x1_16x16x128_intrawave_0x1x0_2,timed,1,passed,0.0,,,,
6144,2048,7168,cktile_9_split0,cktile,9,0,a8w8_blockscale_cktile_128x128x128_1x4x1_16x16x128_intrawave_0x1x0_1,timed,1,passed,0.0,,,,
6144,2048,7168,cktile_8_split0,cktile,8,0,a8w8_blockscale_cktile_128x128x128_1x4x1_16x16x128_intrawave_0x1x0_1,timed,1,passed,0.0,,,,
6144,2048,7168,cktile_7_split0,cktile,7,0,a8w8_blockscale_cktile_32x128x128_1x4x1_16x16x64_intrawave_0x1x0_2,timed,1,passed,0.0,,,,
6144,2048,7168,cktile_6_split0,cktile,6,0,a8w8_blockscale_cktile_32x128x128_1x4x1_16x16x64_intrawave_0x1x0_1,timed,1,passed,0.0,,,,
6144,2048,7168,cktile_5_split0,cktile,5,0,a8w8_blockscale_cktile_32x128x128_1x4x1_16x16x128_intrawave_0x1x0_2,timed,1,passed,0.0,,,,
6144,2048,7168,cktile_4_split0,cktile,4,0,a8w8_blockscale_cktile_32x128x128_1x4x1_16x16x128_intrawave_0x1x0_1,timed,1,passed,0.0,,,,
6144,2048,7168,cktile_3_split0,cktile,3,0,a8w8_blockscale_cktile_16x128x256_1x4x1_16x16x64_intrawave_0x1x0_2,timed,1,passed,0.0,,,,
6144,2048,7168,cktile_2_split0,cktile,2,0,a8w8_blockscale_cktile_16x128x256_1x4x1_16x16x64_intrawave_0x1x0_1,timed,1,passed,0.0,,,,
6144,2048,7168,cktile_1_split0,cktile,1,0,a8w8_blockscale_cktile_16x128x256_1x4x1_16x16x128_intrawave_0x1x0_2,timed,1,passed,0.0,,,,
6144,2048,7168,cktile_0_split0,cktile,0,0,a8w8_blockscale_cktile_16x128x256_1x4x1_16x16x128_intrawave_0x1x0_1,timed,1,passed,0.0,,,,
6144,2048,7168,ck_17_split0,ck,17,0,a8w8_blockscale_bpreshuffle_1x128x128_256x64x64x256_16x16_16x16_16x16x1_16x16x1_1x32x1x8_8_2x1_intrawave_v1,timed,1,passed,0.0,,,,
6144,2048,7168,ck_16_split0,ck,16,0,a8w8_blockscale_bpreshuffle_1x128x128_256x64x128x256_16x16_16x16_16x16x1_16x16x1_1x32x1x8_8_2x1_intrawave_v1,timed,1,passed,0.0,,,,
6144,2048,7168,ck_15_split0,ck,15,0,a8w8_blockscale_bpreshuffle_1x128x128_256x64x64x128_16x16_16x16_8x32x1_8x32x1_1x32x1x8_8_2x1_intrawave_v1,timed,1,passed,0.0,,,,
6144,2048,7168,ck_14_split0,ck,14,0,a8w8_blockscale_bpreshuffle_1x128x128_256x64x128x128_16x16_16x16_8x32x1_8x32x1_1x32x1x8_8_2x1_intrawave_v1,timed,1,passed,0.0,,,,
6144,2048,7168,ck_13_split0,ck,13,0,a8w8_blockscale_bpreshuffle_1x128x128_256x64x256x128_16x16_16x16_8x32x1_8x32x1_1x32x1x8_8_2x1_intrawave_v1,timed,1,passed,0.0,,,,
6144,2048,7168,ck_12_split0,ck,12,0,a8w8_blockscale_bpreshuffle_1x128x128_256x32x64x256_16x16_16x16_16x16x1_16x16x1_1x32x1x8_8_2x1_intrawave_v1,timed,1,passed,0.0,,,,
6144,2048,7168,ck_11_split0,ck,11,0,a8w8_blockscale_bpreshuffle_1x128x128_256x32x128x256_16x16_16x16_16x16x1_16x16x1_1x32x1x8_8_2x1_intrawave_v1,timed,1,passed,0.0,,,,
6144,2048,7168,ck_12_split0,ck,12,0,a8w8_blockscale_bpreshuffle_1x128x128_256x32x64x256_16x16_16x16_16x16x1_16x16x1_1x32x1x8_8_2x1_intrawave_v1,timed,2,passed,0.0,,,,
6144,2048,7168,ck_13_split0,ck,13,0,a8w8_blockscale_bpreshuffle_1x128x128_256x64x256x128_16x16_16x16_8x32x1_8x32x1_1x32x1x8_8_2x1_intrawave_v1,timed,2,passed,0.0,,,,
6144,2048,7168,ck_14_split0,ck,14,0,a8w8_blockscale_bpreshuffle_1x128x128_256x64x128x128_16x16_16x16_8x32x1_8x32x1_1x32x1x8_8_2x1_intrawave_v1,timed,2,passed,0.0,,,,
6144,2048,7168,ck_15_split0,ck,15,0,a8w8_blockscale_bpreshuffle_1x128x128_256x64x64x128_16x16_16x16_8x32x1_8x32x1_1x32x1x8_8_2x1_intrawave_v1,timed,2,passed,0.0,,,,
6144,2048,7168,ck_16_split0,ck,16,0,a8w8_blockscale_bpreshuffle_1x128x128_256x64x128x256_16x16_16x16_16x16x1_16x16x1_1x32x1x8_8_2x1_intrawave_v1,timed,2,passed,0.0,,,,
6144,2048,7168,ck_17_split0,ck,17,0,a8w8_blockscale_bpreshuffle_1x128x128_256x64x64x256_16x16_16x16_16x16x1_16x16x1_1x32x1x8_8_2x1_intrawave_v1,timed,2,passed,0.0,,,,
6144,2048,7168,cktile_0_split0,cktile,0,0,a8w8_blockscale_cktile_16x128x256_1x4x1_16x16x128_intrawave_0x1x0_1,timed,2,passed,0.0,,,,
6144,2048,7168,cktile_1_split0,cktile,1,0,a8w8_blockscale_cktile_16x128x256_1x4x1_16x16x128_intrawave_0x1x0_2,timed,2,passed,0.0,,,,
6144,2048,7168,cktile_2_split0,cktile,2,0,a8w8_blockscale_cktile_16x128x256_1x4x1_16x16x64_intrawave_0x1x0_1,timed,2,passed,0.0,,,,
6144,2048,7168,cktile_3_split0,cktile,3,0,a8w8_blockscale_cktile_16x128x256_1x4x1_16x16x64_intrawave_0x1x0_2,timed,2,passed,0.0,,,,
6144,2048,7168,cktile_4_split0,cktile,4,0,a8w8_blockscale_cktile_32x128x128_1x4x1_16x16x128_intrawave_0x1x0_1,timed,2,passed,0.0,,,,
6144,2048,7168,cktile_5_split0,cktile,5,0,a8w8_blockscale_cktile_32x128x128_1x4x1_16x16x128_intrawave_0x1x0_2,timed,2,passed,0.0,,,,
6144,2048,7168,cktile_6_split0,cktile,6,0,a8w8_blockscale_cktile_32x128x128_1x4x1_16x16x64_intrawave_0x1x0_1,timed,2,passed,0.0,,,,
6144,2048,7168,cktile_7_split0,cktile,7,0,a8w8_blockscale_cktile_32x128x128_1x4x1_16x16x64_intrawave_0x1x0_2,timed,2,passed,0.0,,,,
6144,2048,7168,cktile_8_split0,cktile,8,0,a8w8_blockscale_cktile_128x128x128_1x4x1_16x16x128_intrawave_0x1x0_1,timed,2,passed,0.0,,,,
6144,2048,7168,cktile_9_split0,cktile,9,0,a8w8_blockscale_cktile_128x128x128_1x4x1_16x16x128_intrawave_0x1x0_1,timed,2,passed,0.0,,,,
6144,2048,7168,cktile_10_split0,cktile,10,0,a8w8_blockscale_cktile_128x128x128_2x2x1_16x16x128_intrawave_0x1x0_2,timed,2,passed,0.0,,,,
6144,2048,7168,cktile_11_split0,cktile,11,0,a8w8_blockscale_cktile_192x256x128_4x2x1_16x16x128_intrawave_0x1x0_1,timed,2,passed,0.0,,,,
6144,2048,7168,cktile_12_split0,cktile,12,0,a8w8_blockscale_cktile_192x256x128_4x2x1_16x16x128_intrawave_0x1x0_1_aqrm,timed,2,passed,0.0,,,,
6144,2048,7168,cktile_13_split0,cktile,13,0,a8w8_blockscale_cktile_16x128x256_1x4x1_16x16x128_intrawave_0x1x0_3,timed,2,passed,0.0,,,,
6144,2048,7168,cktile_14_split0,cktile,14,0,a8w8_blockscale_cktile_16x128x256_1x4x1_16x16x128_intrawave_0x1x0_4,timed,2,passed,0.0,,,,
6144,2048,7168,cktile_15_split0,cktile,15,0,a8w8_blockscale_cktile_16x128x256_1x4x1_16x16x64_intrawave_0x1x0_3,timed,2,passed,0.0,,,,
6144,2048,7168,cktile_16_split0,cktile,16,0,a8w8_blockscale_cktile_16x128x256_1x4x1_16x16x64_intrawave_0x1x0_4,timed,2,passed,0.0,,,,
6144,2048,7168,cktile_17_split0,cktile,17,0,a8w8_blockscale_cktile_32x128x128_1x4x1_16x16x128_intrawave_0x1x0_3,timed,2,passed,0.0,,,,
6144,2048,7168,cktile_18_split0,cktile,18,0,a8w8_blockscale_cktile_32x128x128_1x4x1_16x16x128_intrawave_0x1x0_4,timed,2,passed,0.0,,,,
6144,2048,7168,cktile_19_split0,cktile,19,0,a8w8_blockscale_cktile_32x128x128_1x4x1_16x16x64_intrawave_0x1x0_3,timed,2,passed,0.0,,,,
6144,2048,7168,cktile_20_split0,cktile,20,0,a8w8_blockscale_cktile_32x128x128_1x4x1_16x16x64_intrawave_0x1x0_4,timed,2,passed,0.0,,,,
6144,2048,7168,cktile_21_split0,cktile,21,0,a8w8_blockscale_cktile_128x128x128_1x4x1_16x16x128_intrawave_0x1x0_2,timed,2,passed,0.0,,,,
6144,2048,7168,cktile_22_split0,cktile,22,0,a8w8_blockscale_cktile_128x128x128_1x4x1_16x16x128_intrawave_0x1x0_3,timed,2,passed,0.0,,,,
6144,2048,7168,cktile_23_split0,cktile,23,0,a8w8_blockscale_cktile_128x128x128_1x4x1_16x16x128_intrawave_0x1x0_4,timed,2,passed,0.0,,,,
6144,2048,7168,cktile_24_split0,cktile,24,0,a8w8_blockscale_cktile_128x128x128_2x2x1_16x16x128_intrawave_0x1x0_1,timed,2,passed,0.0,,,,
6144,2048,7168,cktile_25_split0,cktile,25,0,a8w8_blockscale_cktile_128x128x128_2x2x1_16x16x128_intrawave_0x1x0_3,timed,2,passed,0.0,,,,
6144,2048,7168,cktile_26_split0,cktile,26,0,a8w8_blockscale_cktile_128x128x128_2x2x1_16x16x128_intrawave_0x1x0_4,timed,2,passed,0.0,,,,
6144,2048,7168,cktile_27_split0,cktile,27,0,a8w8_blockscale_cktile_192x256x128_4x2x1_16x16x128_intrawave_0x1x0_2,timed,2,passed,0.0,,,,
6144,2048,7168,cktile_28_split0,cktile,28,0,a8w8_blockscale_cktile_192x256x128_4x2x1_16x16x128_intrawave_0x1x0_3,timed,2,passed,0.0,,,,
6144,2048,7168,cktile_29_split0,cktile,29,0,a8w8_blockscale_cktile_192x256x128_4x2x1_16x16x128_intrawave_0x1x0_4,timed,2,passed,0.0,,,,
6144,2048,7168,cktile_30_split0,cktile,30,0,a8w8_blockscale_cktile_192x256x128_4x2x1_16x16x128_intrawave_0x1x0_2_aqrm,timed,2,passed,0.0,,,,
6144,2048,7168,cktile_31_split0,cktile,31,0,a8w8_blockscale_cktile_192x256x128_4x2x1_16x16x128_intrawave_0x1x0_3_aqrm,timed,2,passed,0.0,,,,
6144,2048,7168,cktile_32_split0,cktile,32,0,a8w8_blockscale_cktile_192x256x128_4x2x1_16x16x128_intrawave_0x1x0_4_aqrm,timed,2,passed,0.0,,,,
6144,2048,7168,opus_9000,opus,9000,0,opus_gemm_gfx950_a8w8_mxscale_gemm_bpreshuffle_256x256x256x128_2x2_16x16x128_1x128x128_tiles1_nooob,timed,2,passed,0.0,,,,
6144,2048,7168,opus_9010,opus,9010,0,opus_gemm_gfx950_a8w8_mxscale_gemm_bpreshuffle_256x128x128x128_2x2_16x16x128_1x128x128_tiles1_nooob,timed,2,passed,0.0,,,,
6144,2048,7168,opus_9011,opus,9011,0,opus_gemm_gfx950_a8w8_mxscale_gemm_bpreshuffle_256x64x128x128_2x2_16x16x128_1x128x128_tiles1_nooob,timed,2,passed,0.0,,,,
6144,2048,7168,opus_9012,opus,9012,0,opus_gemm_gfx950_a8w8_mxscale_gemm_bpreshuffle_256x64x64x128_2x2_16x16x128_1x128x128_tiles1_nooob,timed,2,passed,0.0,,,,
6144,2048,7168,opus_9020,opus,9020,0,opus_gemm_gfx950_a8w8_mxscale_gemm_bpreshuffle_256x256x256x128_2x2_16x16x128_1x128x128_tiles1,timed,2,passed,0.0,,,,
6144,2048,7168,ck_0_split0,ck,0,0,a8w8_blockscale_bpreshuffle_1x128x128_256x128x128x128_16x16_16x16_8x32x1_8x32x1_1x32x1x8_8_2x1_intrawave_v3,timed,2,passed,0.0,,,,
6144,2048,7168,ck_1_split0,ck,1,0,a8w8_blockscale_bpreshuffle_1x128x128_256x64x128x128_16x16_16x16_8x32x1_8x32x1_1x32x1x8_8_2x1_intrawave_v3,timed,2,passed,0.0,,,,
6144,2048,7168,ck_2_split0,ck,2,0,a8w8_blockscale_bpreshuffle_1x128x128_256x64x64x128_16x16_16x16_8x32x1_8x32x1_1x32x1x8_8_2x1_intrawave_v3,timed,2,passed,0.0,,,,
6144,2048,7168,ck_3_split0,ck,3,0,a8w8_blockscale_bpreshuffle_1x128x128_256x16x256x128_8x16_16x16_16x16x1_8x32x1_1x16x1x16_8_1x2_intrawave_v1,timed,2,passed,0.0,,,,
6144,2048,7168,ck_4_split0,ck,4,0,a8w8_blockscale_bpreshuffle_1x128x128_256x16x128x128_8x16_16x16_16x16x1_8x32x1_1x16x1x16_8_1x2_intrawave_v1,timed,2,passed,0.0,,,,
6144,2048,7168,ck_5_split0,ck,5,0,a8w8_blockscale_bpreshuffle_1x128x128_256x16x64x128_8x16_16x16_16x16x1_8x32x1_1x16x1x16_4_1x1_intrawave_v1,timed,2,passed,0.0,,,,
6144,2048,7168,ck_6_split0,ck,6,0,a8w8_blockscale_bpreshuffle_1x128x128_256x16x128x256_16x16_16x16_16x16x1_16x16x1_1x16x1x16_8_1x2_intrawave_v1,timed,2,passed,0.0,,,,
6144,2048,7168,ck_7_split0,ck,7,0,a8w8_blockscale_bpreshuffle_1x128x128_256x16x64x256_16x16_16x16_16x16x1_16x16x1_1x16x1x16_4_1x1_intrawave_v1,timed,2,passed,0.0,,,,
6144,2048,7168,ck_8_split0,ck,8,0,a8w8_blockscale_bpreshuffle_1x128x128_256x32x256x128_16x16_16x16_8x32x1_8x32x1_1x32x1x8_8_2x1_intrawave_v1,timed,2,passed,0.0,,,,
6144,2048,7168,ck_9_split0,ck,9,0,a8w8_blockscale_bpreshuffle_1x128x128_256x32x128x128_16x16_16x16_8x32x1_8x32x1_1x32x1x8_8_2x1_intrawave_v1,timed,2,passed,0.0,,,,
6144,2048,7168,ck_10_split0,ck,10,0,a8w8_blockscale_bpreshuffle_1x128x128_256x32x64x128_16x16_16x16_8x32x1_8x32x1_1x32x1x8_8_2x1_intrawave_v1,timed,2,passed,0.0,,,,
6144,2048,7168,ck_11_split0,ck,11,0,a8w8_blockscale_bpreshuffle_1x128x128_256x32x128x256_16x16_16x16_16x16x1_16x16x1_1x32x1x8_8_2x1_intrawave_v1,timed,2,passed,0.0,,,,
14336,2048,7168,ck_0_split0,ck,0,0,a8w8_blockscale_bpreshuffle_1x128x128_256x128x128x128_16x16_16x16_8x32x1_8x32x1_1x32x1x8_8_2x1_intrawave_v3,preflight,-1,passed,0.0,,,,
14336,2048,7168,ck_1_split0,ck,1,0,a8w8_blockscale_bpreshuffle_1x128x128_256x64x128x128_16x16_16x16_8x32x1_8x32x1_1x32x1x8_8_2x1_intrawave_v3,preflight,-1,passed,0.0,,,,
14336,2048,7168,ck_2_split0,ck,2,0,a8w8_blockscale_bpreshuffle_1x128x128_256x64x64x128_16x16_16x16_8x32x1_8x32x1_1x32x1x8_8_2x1_intrawave_v3,preflight,-1,passed,0.0,,,,
14336,2048,7168,ck_3_split0,ck,3,0,a8w8_blockscale_bpreshuffle_1x128x128_256x16x256x128_8x16_16x16_16x16x1_8x32x1_1x16x1x16_8_1x2_intrawave_v1,preflight,-1,passed,0.0,,,,
14336,2048,7168,ck_4_split0,ck,4,0,a8w8_blockscale_bpreshuffle_1x128x128_256x16x128x128_8x16_16x16_16x16x1_8x32x1_1x16x1x16_8_1x2_intrawave_v1,preflight,-1,passed,0.0,,,,
14336,2048,7168,ck_5_split0,ck,5,0,a8w8_blockscale_bpreshuffle_1x128x128_256x16x64x128_8x16_16x16_16x16x1_8x32x1_1x16x1x16_4_1x1_intrawave_v1,preflight,-1,passed,0.0,,,,
14336,2048,7168,ck_6_split0,ck,6,0,a8w8_blockscale_bpreshuffle_1x128x128_256x16x128x256_16x16_16x16_16x16x1_16x16x1_1x16x1x16_8_1x2_intrawave_v1,preflight,-1,passed,0.0,,,,
14336,2048,7168,ck_7_split0,ck,7,0,a8w8_blockscale_bpreshuffle_1x128x128_256x16x64x256_16x16_16x16_16x16x1_16x16x1_1x16x1x16_4_1x1_intrawave_v1,preflight,-1,passed,0.0,,,,
14336,2048,7168,ck_8_split0,ck,8,0,a8w8_blockscale_bpreshuffle_1x128x128_256x32x256x128_16x16_16x16_8x32x1_8x32x1_1x32x1x8_8_2x1_intrawave_v1,preflight,-1,passed,0.0,,,,
14336,2048,7168,ck_9_split0,ck,9,0,a8w8_blockscale_bpreshuffle_1x128x128_256x32x128x128_16x16_16x16_8x32x1_8x32x1_1x32x1x8_8_2x1_intrawave_v1,preflight,-1,passed,0.0,,,,
14336,2048,7168,ck_10_split0,ck,10,0,a8w8_blockscale_bpreshuffle_1x128x128_256x32x64x128_16x16_16x16_8x32x1_8x32x1_1x32x1x8_8_2x1_intrawave_v1,preflight,-1,passed,0.0,,,,
14336,2048,7168,ck_11_split0,ck,11,0,a8w8_blockscale_bpreshuffle_1x128x128_256x32x128x256_16x16_16x16_16x16x1_16x16x1_1x32x1x8_8_2x1_intrawave_v1,preflight,-1,passed,0.0,,,,
14336,2048,7168,ck_12_split0,ck,12,0,a8w8_blockscale_bpreshuffle_1x128x128_256x32x64x256_16x16_16x16_16x16x1_16x16x1_1x32x1x8_8_2x1_intrawave_v1,preflight,-1,passed,0.0,,,,
14336,2048,7168,ck_13_split0,ck,13,0,a8w8_blockscale_bpreshuffle_1x128x128_256x64x256x128_16x16_16x16_8x32x1_8x32x1_1x32x1x8_8_2x1_intrawave_v1,preflight,-1,passed,0.0,,,,
14336,2048,7168,ck_14_split0,ck,14,0,a8w8_blockscale_bpreshuffle_1x128x128_256x64x128x128_16x16_16x16_8x32x1_8x32x1_1x32x1x8_8_2x1_intrawave_v1,preflight,-1,passed,0.0,,,,
14336,2048,7168,ck_15_split0,ck,15,0,a8w8_blockscale_bpreshuffle_1x128x128_256x64x64x128_16x16_16x16_8x32x1_8x32x1_1x32x1x8_8_2x1_intrawave_v1,preflight,-1,passed,0.0,,,,
14336,2048,7168,ck_16_split0,ck,16,0,a8w8_blockscale_bpreshuffle_1x128x128_256x64x128x256_16x16_16x16_16x16x1_16x16x1_1x32x1x8_8_2x1_intrawave_v1,preflight,-1,passed,0.0,,,,
14336,2048,7168,ck_17_split0,ck,17,0,a8w8_blockscale_bpreshuffle_1x128x128_256x64x64x256_16x16_16x16_16x16x1_16x16x1_1x32x1x8_8_2x1_intrawave_v1,preflight,-1,passed,0.0,,,,
14336,2048,7168,cktile_0_split0,cktile,0,0,a8w8_blockscale_cktile_16x128x256_1x4x1_16x16x128_intrawave_0x1x0_1,preflight,-1,passed,0.0,,,,
14336,2048,7168,cktile_1_split0,cktile,1,0,a8w8_blockscale_cktile_16x128x256_1x4x1_16x16x128_intrawave_0x1x0_2,preflight,-1,passed,0.0,,,,
14336,2048,7168,cktile_2_split0,cktile,2,0,a8w8_blockscale_cktile_16x128x256_1x4x1_16x16x64_intrawave_0x1x0_1,preflight,-1,passed,0.0,,,,
14336,2048,7168,cktile_3_split0,cktile,3,0,a8w8_blockscale_cktile_16x128x256_1x4x1_16x16x64_intrawave_0x1x0_2,preflight,-1,passed,0.0,,,,
14336,2048,7168,cktile_4_split0,cktile,4,0,a8w8_blockscale_cktile_32x128x128_1x4x1_16x16x128_intrawave_0x1x0_1,preflight,-1,passed,0.0,,,,
14336,2048,7168,cktile_5_split0,cktile,5,0,a8w8_blockscale_cktile_32x128x128_1x4x1_16x16x128_intrawave_0x1x0_2,preflight,-1,passed,0.0,,,,
14336,2048,7168,cktile_6_split0,cktile,6,0,a8w8_blockscale_cktile_32x128x128_1x4x1_16x16x64_intrawave_0x1x0_1,preflight,-1,passed,0.0,,,,
14336,2048,7168,cktile_7_split0,cktile,7,0,a8w8_blockscale_cktile_32x128x128_1x4x1_16x16x64_intrawave_0x1x0_2,preflight,-1,passed,0.0,,,,
14336,2048,7168,cktile_8_split0,cktile,8,0,a8w8_blockscale_cktile_128x128x128_1x4x1_16x16x128_intrawave_0x1x0_1,preflight,-1,passed,0.0,,,,
14336,2048,7168,cktile_9_split0,cktile,9,0,a8w8_blockscale_cktile_128x128x128_1x4x1_16x16x128_intrawave_0x1x0_1,preflight,-1,passed,0.0,,,,
14336,2048,7168,cktile_10_split0,cktile,10,0,a8w8_blockscale_cktile_128x128x128_2x2x1_16x16x128_intrawave_0x1x0_2,preflight,-1,passed,0.0,,,,
14336,2048,7168,cktile_11_split0,cktile,11,0,a8w8_blockscale_cktile_192x256x128_4x2x1_16x16x128_intrawave_0x1x0_1,preflight,-1,passed,0.0,,,,
14336,2048,7168,cktile_12_split0,cktile,12,0,a8w8_blockscale_cktile_192x256x128_4x2x1_16x16x128_intrawave_0x1x0_1_aqrm,preflight,-1,passed,0.0,,,,
14336,2048,7168,cktile_13_split0,cktile,13,0,a8w8_blockscale_cktile_16x128x256_1x4x1_16x16x128_intrawave_0x1x0_3,preflight,-1,passed,0.0,,,,
14336,2048,7168,cktile_14_split0,cktile,14,0,a8w8_blockscale_cktile_16x128x256_1x4x1_16x16x128_intrawave_0x1x0_4,preflight,-1,passed,0.0,,,,
14336,2048,7168,cktile_15_split0,cktile,15,0,a8w8_blockscale_cktile_16x128x256_1x4x1_16x16x64_intrawave_0x1x0_3,preflight,-1,passed,0.0,,,,
14336,2048,7168,cktile_16_split0,cktile,16,0,a8w8_blockscale_cktile_16x128x256_1x4x1_16x16x64_intrawave_0x1x0_4,preflight,-1,passed,0.0,,,,
14336,2048,7168,cktile_17_split0,cktile,17,0,a8w8_blockscale_cktile_32x128x128_1x4x1_16x16x128_intrawave_0x1x0_3,preflight,-1,passed,0.0,,,,
14336,2048,7168,cktile_18_split0,cktile,18,0,a8w8_blockscale_cktile_32x128x128_1x4x1_16x16x128_intrawave_0x1x0_4,preflight,-1,passed,0.0,,,,
14336,2048,7168,cktile_19_split0,cktile,19,0,a8w8_blockscale_cktile_32x128x128_1x4x1_16x16x64_intrawave_0x1x0_3,preflight,-1,passed,0.0,,,,
14336,2048,7168,cktile_20_split0,cktile,20,0,a8w8_blockscale_cktile_32x128x128_1x4x1_16x16x64_intrawave_0x1x0_4,preflight,-1,passed,0.0,,,,
14336,2048,7168,cktile_21_split0,cktile,21,0,a8w8_blockscale_cktile_128x128x128_1x4x1_16x16x128_intrawave_0x1x0_2,preflight,-1,passed,0.0,,,,
14336,2048,7168,cktile_22_split0,cktile,22,0,a8w8_blockscale_cktile_128x128x128_1x4x1_16x16x128_intrawave_0x1x0_3,preflight,-1,passed,0.0,,,,
14336,2048,7168,cktile_23_split0,cktile,23,0,a8w8_blockscale_cktile_128x128x128_1x4x1_16x16x128_intrawave_0x1x0_4,preflight,-1,passed,0.0,,,,
14336,2048,7168,cktile_24_split0,cktile,24,0,a8w8_blockscale_cktile_128x128x128_2x2x1_16x16x128_intrawave_0x1x0_1,preflight,-1,passed,0.0,,,,
14336,2048,7168,cktile_25_split0,cktile,25,0,a8w8_blockscale_cktile_128x128x128_2x2x1_16x16x128_intrawave_0x1x0_3,preflight,-1,passed,0.0,,,,
14336,2048,7168,cktile_26_split0,cktile,26,0,a8w8_blockscale_cktile_128x128x128_2x2x1_16x16x128_intrawave_0x1x0_4,preflight,-1,passed,0.0,,,,
14336,2048,7168,cktile_27_split0,cktile,27,0,a8w8_blockscale_cktile_192x256x128_4x2x1_16x16x128_intrawave_0x1x0_2,preflight,-1,passed,0.0,,,,
14336,2048,7168,cktile_28_split0,cktile,28,0,a8w8_blockscale_cktile_192x256x128_4x2x1_16x16x128_intrawave_0x1x0_3,preflight,-1,passed,0.0,,,,
14336,2048,7168,cktile_29_split0,cktile,29,0,a8w8_blockscale_cktile_192x256x128_4x2x1_16x16x128_intrawave_0x1x0_4,preflight,-1,passed,0.0,,,,
14336,2048,7168,cktile_30_split0,cktile,30,0,a8w8_blockscale_cktile_192x256x128_4x2x1_16x16x128_intrawave_0x1x0_2_aqrm,preflight,-1,passed,0.0,,,,
14336,2048,7168,cktile_31_split0,cktile,31,0,a8w8_blockscale_cktile_192x256x128_4x2x1_16x16x128_intrawave_0x1x0_3_aqrm,preflight,-1,passed,0.0,,,,
14336,2048,7168,cktile_32_split0,cktile,32,0,a8w8_blockscale_cktile_192x256x128_4x2x1_16x16x128_intrawave_0x1x0_4_aqrm,preflight,-1,passed,0.0,,,,
14336,2048,7168,asm_0_split1,asm,0,1,_ZN5aiter42fp8gemm_bf16_blockscale_BpreShuffle_32x128E,preflight,-1,failed,0.1689,outside original FP32 accumulation bounds,0,4957302,8.0064697265625
14336,2048,7168,asm_1_split2,asm,1,2,_ZN5aiter42fp8gemm_bf16_blockscale_BpreShuffle_32x128E,preflight,-1,failed,0.2579,outside original FP32 accumulation bounds,0,7569100,15.23486328125
14336,2048,7168,asm_2_split3,asm,2,3,_ZN5aiter42fp8gemm_bf16_blockscale_BpreShuffle_32x128E,preflight,-1,failed,0.3038,outside original FP32 accumulation bounds,0,8916811,15.45166015625
14336,2048,7168,asm_3_split4,asm,3,4,_ZN5aiter42fp8gemm_bf16_blockscale_BpreShuffle_32x128E,preflight,-1,failed,0.3371,outside original FP32 accumulation bounds,0,9895587,16.78173828125
14336,2048,7168,asm_4_split5,asm,4,5,_ZN5aiter42fp8gemm_bf16_blockscale_BpreShuffle_32x128E,preflight,-1,failed,0.3607,outside original FP32 accumulation bounds,0,10589745,17.267822265625
14336,2048,7168,asm_5_split6,asm,5,6,_ZN5aiter42fp8gemm_bf16_blockscale_BpreShuffle_32x128E,preflight,-1,failed,0.3806,outside original FP32 accumulation bounds,0,11172022,17.972412109375
14336,2048,7168,asm_6_split7,asm,6,7,_ZN5aiter42fp8gemm_bf16_blockscale_BpreShuffle_32x128E,preflight,-1,failed,0.3966,outside original FP32 accumulation bounds,0,11641865,19.392333984375
14336,2048,7168,asm_7_split8,asm,7,8,_ZN5aiter42fp8gemm_bf16_blockscale_BpreShuffle_32x128E,preflight,-1,failed,0.4133,outside original FP32 accumulation bounds,0,12132369,19.9652099609375
14336,2048,7168,asm_8_split1,asm,8,1,_ZN5aiter42fp8gemm_bf16_blockscale_BpreShuffle_48x128E,preflight,-1,failed,0.1689,outside original FP32 accumulation bounds,0,4957302,8.0064697265625
14336,2048,7168,asm_9_split2,asm,9,2,_ZN5aiter42fp8gemm_bf16_blockscale_BpreShuffle_48x128E,preflight,-1,failed,0.2579,outside original FP32 accumulation bounds,0,7569100,15.23486328125
14336,2048,7168,asm_10_split3,asm,10,3,_ZN5aiter42fp8gemm_bf16_blockscale_BpreShuffle_48x128E,preflight,-1,failed,0.3038,outside original FP32 accumulation bounds,0,8918716,14.7744140625
14336,2048,7168,asm_11_split4,asm,11,4,_ZN5aiter42fp8gemm_bf16_blockscale_BpreShuffle_48x128E,preflight,-1,failed,0.3361,outside original FP32 accumulation bounds,0,9867278,17.3614501953125
14336,2048,7168,asm_12_split5,asm,12,5,_ZN5aiter42fp8gemm_bf16_blockscale_BpreShuffle_48x128E,preflight,-1,failed,0.3606,outside original FP32 accumulation bounds,0,10584795,17.0355224609375
14336,2048,7168,asm_13_split6,asm,13,6,_ZN5aiter42fp8gemm_bf16_blockscale_BpreShuffle_48x128E,preflight,-1,failed,0.3807,outside original FP32 accumulation bounds,0,11176952,20.550537109375
14336,2048,7168,asm_14_split7,asm,14,7,_ZN5aiter42fp8gemm_bf16_blockscale_BpreShuffle_48x128E,preflight,-1,failed,0.3967,outside original FP32 accumulation bounds,0,11645254,19.13671875
14336,2048,7168,asm_15_split8,asm,15,8,_ZN5aiter42fp8gemm_bf16_blockscale_BpreShuffle_48x128E,preflight,-1,failed,0.4146,outside original FP32 accumulation bounds,0,12171410,21.38720703125
14336,2048,7168,asm_16_split1,asm,16,1,_ZN5aiter42fp8gemm_bf16_blockscale_BpreShuffle_64x128E,preflight,-1,failed,0.1689,outside original FP32 accumulation bounds,0,4957302,8.0064697265625
14336,2048,7168,asm_17_split2,asm,17,2,_ZN5aiter42fp8gemm_bf16_blockscale_BpreShuffle_64x128E,preflight,-1,failed,0.2579,outside original FP32 accumulation bounds,0,7569100,15.23486328125
14336,2048,7168,asm_18_split3,asm,18,3,_ZN5aiter42fp8gemm_bf16_blockscale_BpreShuffle_64x128E,preflight,-1,failed,0.3039,outside original FP32 accumulation bounds,0,8921196,15.45166015625
14336,2048,7168,asm_19_split4,asm,19,4,_ZN5aiter42fp8gemm_bf16_blockscale_BpreShuffle_64x128E,preflight,-1,failed,0.3366,outside original FP32 accumulation bounds,0,9880676,20.550537109375
14336,2048,7168,asm_20_split5,asm,20,5,_ZN5aiter42fp8gemm_bf16_blockscale_BpreShuffle_64x128E,preflight,-1,failed,0.3607,outside original FP32 accumulation bounds,0,10589053,17.860595703125
14336,2048,7168,asm_21_split6,asm,21,6,_ZN5aiter42fp8gemm_bf16_blockscale_BpreShuffle_64x128E,preflight,-1,failed,0.3806,outside original FP32 accumulation bounds,0,11173938,19.58056640625
14336,2048,7168,asm_22_split7,asm,22,7,_ZN5aiter42fp8gemm_bf16_blockscale_BpreShuffle_64x128E,preflight,-1,failed,0.3972,outside original FP32 accumulation bounds,0,11659942,20.1781005859375
14336,2048,7168,asm_23_split8,asm,23,8,_ZN5aiter42fp8gemm_bf16_blockscale_BpreShuffle_64x128E,preflight,-1,failed,0.4143,outside original FP32 accumulation bounds,0,12163218,21.070556640625
14336,2048,7168,asm_24_split1,asm,24,1,_ZN5aiter42fp8gemm_bf16_blockscale_BpreShuffle_80x128E,preflight,-1,failed,0.1689,outside original FP32 accumulation bounds,0,4957302,8.0064697265625
14336,2048,7168,asm_25_split2,asm,25,2,_ZN5aiter42fp8gemm_bf16_blockscale_BpreShuffle_80x128E,preflight,-1,failed,0.2579,outside original FP32 accumulation bounds,0,7569100,15.23486328125
14336,2048,7168,asm_26_split3,asm,26,3,_ZN5aiter42fp8gemm_bf16_blockscale_BpreShuffle_80x128E,preflight,-1,failed,0.3039,outside original FP32 accumulation bounds,0,8921667,15.329345703125
14336,2048,7168,asm_27_split4,asm,27,4,_ZN5aiter42fp8gemm_bf16_blockscale_BpreShuffle_80x128E,preflight,-1,failed,0.3367,outside original FP32 accumulation bounds,0,9885094,16.2545166015625
14336,2048,7168,asm_28_split5,asm,28,5,_ZN5aiter42fp8gemm_bf16_blockscale_BpreShuffle_80x128E,preflight,-1,failed,0.3607,outside original FP32 accumulation bounds,0,10589785,17.30078125
14336,2048,7168,asm_29_split6,asm,29,6,_ZN5aiter42fp8gemm_bf16_blockscale_BpreShuffle_80x128E,preflight,-1,failed,0.3809,outside original FP32 accumulation bounds,0,11181475,20.550537109375
14336,2048,7168,asm_30_split7,asm,30,7,_ZN5aiter42fp8gemm_bf16_blockscale_BpreShuffle_80x128E,preflight,-1,failed,0.3979,outside original FP32 accumulation bounds,0,11680431,20.9385986328125
14336,2048,7168,asm_31_split8,asm,31,8,_ZN5aiter42fp8gemm_bf16_blockscale_BpreShuffle_80x128E,preflight,-1,failed,0.4134,outside original FP32 accumulation bounds,0,12137456,20.9346923828125
14336,2048,7168,asm_32_split1,asm,32,1,_ZN5aiter42fp8gemm_bf16_blockscale_BpreShuffle_96x128E,preflight,-1,failed,0.1689,outside original FP32 accumulation bounds,0,4957302,8.0064697265625
14336,2048,7168,asm_33_split2,asm,33,2,_ZN5aiter42fp8gemm_bf16_blockscale_BpreShuffle_96x128E,preflight,-1,failed,0.2579,outside original FP32 accumulation bounds,0,7569100,15.23486328125
14336,2048,7168,asm_34_split3,asm,34,3,_ZN5aiter42fp8gemm_bf16_blockscale_BpreShuffle_96x128E,preflight,-1,failed,0.304,outside original FP32 accumulation bounds,0,8922719,15.329345703125
14336,2048,7168,asm_35_split4,asm,35,4,_ZN5aiter42fp8gemm_bf16_blockscale_BpreShuffle_96x128E,preflight,-1,failed,0.3367,outside original FP32 accumulation bounds,0,9883715,20.550537109375
14336,2048,7168,asm_36_split5,asm,36,5,_ZN5aiter42fp8gemm_bf16_blockscale_BpreShuffle_96x128E,preflight,-1,failed,0.3609,outside original FP32 accumulation bounds,0,10595923,17.267822265625
14336,2048,7168,asm_37_split6,asm,37,6,_ZN5aiter42fp8gemm_bf16_blockscale_BpreShuffle_96x128E,preflight,-1,failed,0.3812,outside original FP32 accumulation bounds,0,11189348,20.550537109375
14336,2048,7168,asm_38_split7,asm,38,7,_ZN5aiter42fp8gemm_bf16_blockscale_BpreShuffle_96x128E,preflight,-1,failed,0.3983,outside original FP32 accumulation bounds,0,11692768,20.0931396484375
14336,2048,7168,asm_39_split8,asm,39,8,_ZN5aiter42fp8gemm_bf16_blockscale_BpreShuffle_96x128E,preflight,-1,failed,0.4153,outside original FP32 accumulation bounds,0,12192425,22.8612060546875
14336,2048,7168,asm_40_split1,asm,40,1,_ZN5aiter43fp8gemm_bf16_blockscale_BpreShuffle_128x128E,preflight,-1,failed,0.1689,outside original FP32 accumulation bounds,0,4957302,8.0064697265625
14336,2048,7168,asm_41_split2,asm,41,2,_ZN5aiter43fp8gemm_bf16_blockscale_BpreShuffle_128x128E,preflight,-1,failed,0.2579,outside original FP32 accumulation bounds,0,7569100,15.23486328125
14336,2048,7168,asm_42_split3,asm,42,3,_ZN5aiter43fp8gemm_bf16_blockscale_BpreShuffle_128x128E,preflight,-1,failed,0.3041,outside original FP32 accumulation bounds,0,8928354,15.329345703125
14336,2048,7168,asm_43_split4,asm,43,4,_ZN5aiter43fp8gemm_bf16_blockscale_BpreShuffle_128x128E,preflight,-1,failed,0.3366,outside original FP32 accumulation bounds,0,9882436,20.550537109375
14336,2048,7168,asm_44_split5,asm,44,5,_ZN5aiter43fp8gemm_bf16_blockscale_BpreShuffle_128x128E,preflight,-1,failed,0.3608,outside original FP32 accumulation bounds,0,10591615,16.997314453125
14336,2048,7168,asm_45_split6,asm,45,6,_ZN5aiter43fp8gemm_bf16_blockscale_BpreShuffle_128x128E,preflight,-1,failed,0.3811,outside original FP32 accumulation bounds,0,11187781,20.550537109375
14336,2048,7168,asm_46_split7,asm,46,7,_ZN5aiter43fp8gemm_bf16_blockscale_BpreShuffle_128x128E,preflight,-1,failed,0.3984,outside original FP32 accumulation bounds,0,11695375,20.261474609375
14336,2048,7168,asm_47_split8,asm,47,8,_ZN5aiter43fp8gemm_bf16_blockscale_BpreShuffle_128x128E,preflight,-1,failed,0.4128,outside original FP32 accumulation bounds,0,12118316,21.3294677734375
14336,2048,7168,opus_9000,opus,9000,0,opus_gemm_gfx950_a8w8_mxscale_gemm_bpreshuffle_256x256x256x128_2x2_16x16x128_1x128x128_tiles1_nooob,preflight,-1,passed,0.0,,,,
14336,2048,7168,opus_9010,opus,9010,0,opus_gemm_gfx950_a8w8_mxscale_gemm_bpreshuffle_256x128x128x128_2x2_16x16x128_1x128x128_tiles1_nooob,preflight,-1,passed,0.0,,,,
14336,2048,7168,opus_9011,opus,9011,0,opus_gemm_gfx950_a8w8_mxscale_gemm_bpreshuffle_256x64x128x128_2x2_16x16x128_1x128x128_tiles1_nooob,preflight,-1,passed,0.0,,,,
14336,2048,7168,opus_9012,opus,9012,0,opus_gemm_gfx950_a8w8_mxscale_gemm_bpreshuffle_256x64x64x128_2x2_16x16x128_1x128x128_tiles1_nooob,preflight,-1,passed,0.0,,,,
14336,2048,7168,opus_9020,opus,9020,0,opus_gemm_gfx950_a8w8_mxscale_gemm_bpreshuffle_256x256x256x128_2x2_16x16x128_1x128x128_tiles1,preflight,-1,passed,0.0,,,,
14336,2048,7168,ck_11_split0,ck,11,0,a8w8_blockscale_bpreshuffle_1x128x128_256x32x128x256_16x16_16x16_16x16x1_16x16x1_1x32x1x8_8_2x1_intrawave_v1,timed,0,passed,0.0,,,,
14336,2048,7168,ck_12_split0,ck,12,0,a8w8_blockscale_bpreshuffle_1x128x128_256x32x64x256_16x16_16x16_16x16x1_16x16x1_1x32x1x8_8_2x1_intrawave_v1,timed,0,passed,0.0,,,,
14336,2048,7168,ck_13_split0,ck,13,0,a8w8_blockscale_bpreshuffle_1x128x128_256x64x256x128_16x16_16x16_8x32x1_8x32x1_1x32x1x8_8_2x1_intrawave_v1,timed,0,passed,0.0,,,,
14336,2048,7168,ck_14_split0,ck,14,0,a8w8_blockscale_bpreshuffle_1x128x128_256x64x128x128_16x16_16x16_8x32x1_8x32x1_1x32x1x8_8_2x1_intrawave_v1,timed,0,passed,0.0,,,,
14336,2048,7168,ck_15_split0,ck,15,0,a8w8_blockscale_bpreshuffle_1x128x128_256x64x64x128_16x16_16x16_8x32x1_8x32x1_1x32x1x8_8_2x1_intrawave_v1,timed,0,passed,0.0,,,,
14336,2048,7168,ck_16_split0,ck,16,0,a8w8_blockscale_bpreshuffle_1x128x128_256x64x128x256_16x16_16x16_16x16x1_16x16x1_1x32x1x8_8_2x1_intrawave_v1,timed,0,passed,0.0,,,,
14336,2048,7168,ck_17_split0,ck,17,0,a8w8_blockscale_bpreshuffle_1x128x128_256x64x64x256_16x16_16x16_16x16x1_16x16x1_1x32x1x8_8_2x1_intrawave_v1,timed,0,passed,0.0,,,,
14336,2048,7168,cktile_0_split0,cktile,0,0,a8w8_blockscale_cktile_16x128x256_1x4x1_16x16x128_intrawave_0x1x0_1,timed,0,passed,0.0,,,,
14336,2048,7168,cktile_1_split0,cktile,1,0,a8w8_blockscale_cktile_16x128x256_1x4x1_16x16x128_intrawave_0x1x0_2,timed,0,passed,0.0,,,,
14336,2048,7168,cktile_2_split0,cktile,2,0,a8w8_blockscale_cktile_16x128x256_1x4x1_16x16x64_intrawave_0x1x0_1,timed,0,passed,0.0,,,,
14336,2048,7168,cktile_3_split0,cktile,3,0,a8w8_blockscale_cktile_16x128x256_1x4x1_16x16x64_intrawave_0x1x0_2,timed,0,passed,0.0,,,,
14336,2048,7168,cktile_4_split0,cktile,4,0,a8w8_blockscale_cktile_32x128x128_1x4x1_16x16x128_intrawave_0x1x0_1,timed,0,passed,0.0,,,,
14336,2048,7168,cktile_5_split0,cktile,5,0,a8w8_blockscale_cktile_32x128x128_1x4x1_16x16x128_intrawave_0x1x0_2,timed,0,passed,0.0,,,,
14336,2048,7168,cktile_6_split0,cktile,6,0,a8w8_blockscale_cktile_32x128x128_1x4x1_16x16x64_intrawave_0x1x0_1,timed,0,passed,0.0,,,,
14336,2048,7168,cktile_7_split0,cktile,7,0,a8w8_blockscale_cktile_32x128x128_1x4x1_16x16x64_intrawave_0x1x0_2,timed,0,passed,0.0,,,,
14336,2048,7168,cktile_8_split0,cktile,8,0,a8w8_blockscale_cktile_128x128x128_1x4x1_16x16x128_intrawave_0x1x0_1,timed,0,passed,0.0,,,,
14336,2048,7168,cktile_9_split0,cktile,9,0,a8w8_blockscale_cktile_128x128x128_1x4x1_16x16x128_intrawave_0x1x0_1,timed,0,passed,0.0,,,,
14336,2048,7168,cktile_10_split0,cktile,10,0,a8w8_blockscale_cktile_128x128x128_2x2x1_16x16x128_intrawave_0x1x0_2,timed,0,passed,0.0,,,,
14336,2048,7168,cktile_11_split0,cktile,11,0,a8w8_blockscale_cktile_192x256x128_4x2x1_16x16x128_intrawave_0x1x0_1,timed,0,passed,0.0,,,,
14336,2048,7168,cktile_12_split0,cktile,12,0,a8w8_blockscale_cktile_192x256x128_4x2x1_16x16x128_intrawave_0x1x0_1_aqrm,timed,0,passed,0.0,,,,
14336,2048,7168,cktile_13_split0,cktile,13,0,a8w8_blockscale_cktile_16x128x256_1x4x1_16x16x128_intrawave_0x1x0_3,timed,0,passed,0.0,,,,
14336,2048,7168,cktile_14_split0,cktile,14,0,a8w8_blockscale_cktile_16x128x256_1x4x1_16x16x128_intrawave_0x1x0_4,timed,0,passed,0.0,,,,
14336,2048,7168,cktile_15_split0,cktile,15,0,a8w8_blockscale_cktile_16x128x256_1x4x1_16x16x64_intrawave_0x1x0_3,timed,0,passed,0.0,,,,
14336,2048,7168,cktile_16_split0,cktile,16,0,a8w8_blockscale_cktile_16x128x256_1x4x1_16x16x64_intrawave_0x1x0_4,timed,0,passed,0.0,,,,
14336,2048,7168,cktile_17_split0,cktile,17,0,a8w8_blockscale_cktile_32x128x128_1x4x1_16x16x128_intrawave_0x1x0_3,timed,0,passed,0.0,,,,
14336,2048,7168,cktile_18_split0,cktile,18,0,a8w8_blockscale_cktile_32x128x128_1x4x1_16x16x128_intrawave_0x1x0_4,timed,0,passed,0.0,,,,
14336,2048,7168,cktile_19_split0,cktile,19,0,a8w8_blockscale_cktile_32x128x128_1x4x1_16x16x64_intrawave_0x1x0_3,timed,0,passed,0.0,,,,
14336,2048,7168,cktile_20_split0,cktile,20,0,a8w8_blockscale_cktile_32x128x128_1x4x1_16x16x64_intrawave_0x1x0_4,timed,0,passed,0.0,,,,
14336,2048,7168,cktile_21_split0,cktile,21,0,a8w8_blockscale_cktile_128x128x128_1x4x1_16x16x128_intrawave_0x1x0_2,timed,0,passed,0.0,,,,
14336,2048,7168,cktile_22_split0,cktile,22,0,a8w8_blockscale_cktile_128x128x128_1x4x1_16x16x128_intrawave_0x1x0_3,timed,0,passed,0.0,,,,
14336,2048,7168,cktile_23_split0,cktile,23,0,a8w8_blockscale_cktile_128x128x128_1x4x1_16x16x128_intrawave_0x1x0_4,timed,0,passed,0.0,,,,
14336,2048,7168,cktile_24_split0,cktile,24,0,a8w8_blockscale_cktile_128x128x128_2x2x1_16x16x128_intrawave_0x1x0_1,timed,0,passed,0.0,,,,
14336,2048,7168,cktile_25_split0,cktile,25,0,a8w8_blockscale_cktile_128x128x128_2x2x1_16x16x128_intrawave_0x1x0_3,timed,0,passed,0.0,,,,
14336,2048,7168,cktile_26_split0,cktile,26,0,a8w8_blockscale_cktile_128x128x128_2x2x1_16x16x128_intrawave_0x1x0_4,timed,0,passed,0.0,,,,
14336,2048,7168,cktile_27_split0,cktile,27,0,a8w8_blockscale_cktile_192x256x128_4x2x1_16x16x128_intrawave_0x1x0_2,timed,0,passed,0.0,,,,
14336,2048,7168,cktile_28_split0,cktile,28,0,a8w8_blockscale_cktile_192x256x128_4x2x1_16x16x128_intrawave_0x1x0_3,timed,0,passed,0.0,,,,
14336,2048,7168,cktile_29_split0,cktile,29,0,a8w8_blockscale_cktile_192x256x128_4x2x1_16x16x128_intrawave_0x1x0_4,timed,0,passed,0.0,,,,
14336,2048,7168,cktile_30_split0,cktile,30,0,a8w8_blockscale_cktile_192x256x128_4x2x1_16x16x128_intrawave_0x1x0_2_aqrm,timed,0,passed,0.0,,,,
14336,2048,7168,cktile_31_split0,cktile,31,0,a8w8_blockscale_cktile_192x256x128_4x2x1_16x16x128_intrawave_0x1x0_3_aqrm,timed,0,passed,0.0,,,,
14336,2048,7168,cktile_32_split0,cktile,32,0,a8w8_blockscale_cktile_192x256x128_4x2x1_16x16x128_intrawave_0x1x0_4_aqrm,timed,0,passed,0.0,,,,
14336,2048,7168,opus_9000,opus,9000,0,opus_gemm_gfx950_a8w8_mxscale_gemm_bpreshuffle_256x256x256x128_2x2_16x16x128_1x128x128_tiles1_nooob,timed,0,passed,0.0,,,,
14336,2048,7168,opus_9010,opus,9010,0,opus_gemm_gfx950_a8w8_mxscale_gemm_bpreshuffle_256x128x128x128_2x2_16x16x128_1x128x128_tiles1_nooob,timed,0,passed,0.0,,,,
14336,2048,7168,opus_9011,opus,9011,0,opus_gemm_gfx950_a8w8_mxscale_gemm_bpreshuffle_256x64x128x128_2x2_16x16x128_1x128x128_tiles1_nooob,timed,0,passed,0.0,,,,
14336,2048,7168,opus_9012,opus,9012,0,opus_gemm_gfx950_a8w8_mxscale_gemm_bpreshuffle_256x64x64x128_2x2_16x16x128_1x128x128_tiles1_nooob,timed,0,passed,0.0,,,,
14336,2048,7168,opus_9020,opus,9020,0,opus_gemm_gfx950_a8w8_mxscale_gemm_bpreshuffle_256x256x256x128_2x2_16x16x128_1x128x128_tiles1,timed,0,passed,0.0,,,,
14336,2048,7168,ck_0_split0,ck,0,0,a8w8_blockscale_bpreshuffle_1x128x128_256x128x128x128_16x16_16x16_8x32x1_8x32x1_1x32x1x8_8_2x1_intrawave_v3,timed,0,passed,0.0,,,,
14336,2048,7168,ck_1_split0,ck,1,0,a8w8_blockscale_bpreshuffle_1x128x128_256x64x128x128_16x16_16x16_8x32x1_8x32x1_1x32x1x8_8_2x1_intrawave_v3,timed,0,passed,0.0,,,,
14336,2048,7168,ck_2_split0,ck,2,0,a8w8_blockscale_bpreshuffle_1x128x128_256x64x64x128_16x16_16x16_8x32x1_8x32x1_1x32x1x8_8_2x1_intrawave_v3,timed,0,passed,0.0,,,,
14336,2048,7168,ck_3_split0,ck,3,0,a8w8_blockscale_bpreshuffle_1x128x128_256x16x256x128_8x16_16x16_16x16x1_8x32x1_1x16x1x16_8_1x2_intrawave_v1,timed,0,passed,0.0,,,,
14336,2048,7168,ck_4_split0,ck,4,0,a8w8_blockscale_bpreshuffle_1x128x128_256x16x128x128_8x16_16x16_16x16x1_8x32x1_1x16x1x16_8_1x2_intrawave_v1,timed,0,passed,0.0,,,,
14336,2048,7168,ck_5_split0,ck,5,0,a8w8_blockscale_bpreshuffle_1x128x128_256x16x64x128_8x16_16x16_16x16x1_8x32x1_1x16x1x16_4_1x1_intrawave_v1,timed,0,passed,0.0,,,,
14336,2048,7168,ck_6_split0,ck,6,0,a8w8_blockscale_bpreshuffle_1x128x128_256x16x128x256_16x16_16x16_16x16x1_16x16x1_1x16x1x16_8_1x2_intrawave_v1,timed,0,passed,0.0,,,,
14336,2048,7168,ck_7_split0,ck,7,0,a8w8_blockscale_bpreshuffle_1x128x128_256x16x64x256_16x16_16x16_16x16x1_16x16x1_1x16x1x16_4_1x1_intrawave_v1,timed,0,passed,0.0,,,,
14336,2048,7168,ck_8_split0,ck,8,0,a8w8_blockscale_bpreshuffle_1x128x128_256x32x256x128_16x16_16x16_8x32x1_8x32x1_1x32x1x8_8_2x1_intrawave_v1,timed,0,passed,0.0,,,,
14336,2048,7168,ck_9_split0,ck,9,0,a8w8_blockscale_bpreshuffle_1x128x128_256x32x128x128_16x16_16x16_8x32x1_8x32x1_1x32x1x8_8_2x1_intrawave_v1,timed,0,passed,0.0,,,,
14336,2048,7168,ck_10_split0,ck,10,0,a8w8_blockscale_bpreshuffle_1x128x128_256x32x64x128_16x16_16x16_8x32x1_8x32x1_1x32x1x8_8_2x1_intrawave_v1,timed,0,passed,0.0,,,,
14336,2048,7168,ck_11_split0,ck,11,0,a8w8_blockscale_bpreshuffle_1x128x128_256x32x128x256_16x16_16x16_16x16x1_16x16x1_1x32x1x8_8_2x1_intrawave_v1,timed,1,passed,0.0,,,,
14336,2048,7168,ck_10_split0,ck,10,0,a8w8_blockscale_bpreshuffle_1x128x128_256x32x64x128_16x16_16x16_8x32x1_8x32x1_1x32x1x8_8_2x1_intrawave_v1,timed,1,passed,0.0,,,,
14336,2048,7168,ck_9_split0,ck,9,0,a8w8_blockscale_bpreshuffle_1x128x128_256x32x128x128_16x16_16x16_8x32x1_8x32x1_1x32x1x8_8_2x1_intrawave_v1,timed,1,passed,0.0,,,,
14336,2048,7168,ck_8_split0,ck,8,0,a8w8_blockscale_bpreshuffle_1x128x128_256x32x256x128_16x16_16x16_8x32x1_8x32x1_1x32x1x8_8_2x1_intrawave_v1,timed,1,passed,0.0,,,,
14336,2048,7168,ck_7_split0,ck,7,0,a8w8_blockscale_bpreshuffle_1x128x128_256x16x64x256_16x16_16x16_16x16x1_16x16x1_1x16x1x16_4_1x1_intrawave_v1,timed,1,passed,0.0,,,,
14336,2048,7168,ck_6_split0,ck,6,0,a8w8_blockscale_bpreshuffle_1x128x128_256x16x128x256_16x16_16x16_16x16x1_16x16x1_1x16x1x16_8_1x2_intrawave_v1,timed,1,passed,0.0,,,,
14336,2048,7168,ck_5_split0,ck,5,0,a8w8_blockscale_bpreshuffle_1x128x128_256x16x64x128_8x16_16x16_16x16x1_8x32x1_1x16x1x16_4_1x1_intrawave_v1,timed,1,passed,0.0,,,,
14336,2048,7168,ck_4_split0,ck,4,0,a8w8_blockscale_bpreshuffle_1x128x128_256x16x128x128_8x16_16x16_16x16x1_8x32x1_1x16x1x16_8_1x2_intrawave_v1,timed,1,passed,0.0,,,,
14336,2048,7168,ck_3_split0,ck,3,0,a8w8_blockscale_bpreshuffle_1x128x128_256x16x256x128_8x16_16x16_16x16x1_8x32x1_1x16x1x16_8_1x2_intrawave_v1,timed,1,passed,0.0,,,,
14336,2048,7168,ck_2_split0,ck,2,0,a8w8_blockscale_bpreshuffle_1x128x128_256x64x64x128_16x16_16x16_8x32x1_8x32x1_1x32x1x8_8_2x1_intrawave_v3,timed,1,passed,0.0,,,,
14336,2048,7168,ck_1_split0,ck,1,0,a8w8_blockscale_bpreshuffle_1x128x128_256x64x128x128_16x16_16x16_8x32x1_8x32x1_1x32x1x8_8_2x1_intrawave_v3,timed,1,passed,0.0,,,,
14336,2048,7168,ck_0_split0,ck,0,0,a8w8_blockscale_bpreshuffle_1x128x128_256x128x128x128_16x16_16x16_8x32x1_8x32x1_1x32x1x8_8_2x1_intrawave_v3,timed,1,passed,0.0,,,,
14336,2048,7168,opus_9020,opus,9020,0,opus_gemm_gfx950_a8w8_mxscale_gemm_bpreshuffle_256x256x256x128_2x2_16x16x128_1x128x128_tiles1,timed,1,passed,0.0,,,,
14336,2048,7168,opus_9012,opus,9012,0,opus_gemm_gfx950_a8w8_mxscale_gemm_bpreshuffle_256x64x64x128_2x2_16x16x128_1x128x128_tiles1_nooob,timed,1,passed,0.0,,,,
14336,2048,7168,opus_9011,opus,9011,0,opus_gemm_gfx950_a8w8_mxscale_gemm_bpreshuffle_256x64x128x128_2x2_16x16x128_1x128x128_tiles1_nooob,timed,1,passed,0.0,,,,
14336,2048,7168,opus_9010,opus,9010,0,opus_gemm_gfx950_a8w8_mxscale_gemm_bpreshuffle_256x128x128x128_2x2_16x16x128_1x128x128_tiles1_nooob,timed,1,passed,0.0,,,,
14336,2048,7168,opus_9000,opus,9000,0,opus_gemm_gfx950_a8w8_mxscale_gemm_bpreshuffle_256x256x256x128_2x2_16x16x128_1x128x128_tiles1_nooob,timed,1,passed,0.0,,,,
14336,2048,7168,cktile_32_split0,cktile,32,0,a8w8_blockscale_cktile_192x256x128_4x2x1_16x16x128_intrawave_0x1x0_4_aqrm,timed,1,passed,0.0,,,,
14336,2048,7168,cktile_31_split0,cktile,31,0,a8w8_blockscale_cktile_192x256x128_4x2x1_16x16x128_intrawave_0x1x0_3_aqrm,timed,1,passed,0.0,,,,
14336,2048,7168,cktile_30_split0,cktile,30,0,a8w8_blockscale_cktile_192x256x128_4x2x1_16x16x128_intrawave_0x1x0_2_aqrm,timed,1,passed,0.0,,,,
14336,2048,7168,cktile_29_split0,cktile,29,0,a8w8_blockscale_cktile_192x256x128_4x2x1_16x16x128_intrawave_0x1x0_4,timed,1,passed,0.0,,,,
14336,2048,7168,cktile_28_split0,cktile,28,0,a8w8_blockscale_cktile_192x256x128_4x2x1_16x16x128_intrawave_0x1x0_3,timed,1,passed,0.0,,,,
14336,2048,7168,cktile_27_split0,cktile,27,0,a8w8_blockscale_cktile_192x256x128_4x2x1_16x16x128_intrawave_0x1x0_2,timed,1,passed,0.0,,,,
14336,2048,7168,cktile_26_split0,cktile,26,0,a8w8_blockscale_cktile_128x128x128_2x2x1_16x16x128_intrawave_0x1x0_4,timed,1,passed,0.0,,,,
14336,2048,7168,cktile_25_split0,cktile,25,0,a8w8_blockscale_cktile_128x128x128_2x2x1_16x16x128_intrawave_0x1x0_3,timed,1,passed,0.0,,,,
14336,2048,7168,cktile_24_split0,cktile,24,0,a8w8_blockscale_cktile_128x128x128_2x2x1_16x16x128_intrawave_0x1x0_1,timed,1,passed,0.0,,,,
14336,2048,7168,cktile_23_split0,cktile,23,0,a8w8_blockscale_cktile_128x128x128_1x4x1_16x16x128_intrawave_0x1x0_4,timed,1,passed,0.0,,,,
14336,2048,7168,cktile_22_split0,cktile,22,0,a8w8_blockscale_cktile_128x128x128_1x4x1_16x16x128_intrawave_0x1x0_3,timed,1,passed,0.0,,,,
14336,2048,7168,cktile_21_split0,cktile,21,0,a8w8_blockscale_cktile_128x128x128_1x4x1_16x16x128_intrawave_0x1x0_2,timed,1,passed,0.0,,,,
14336,2048,7168,cktile_20_split0,cktile,20,0,a8w8_blockscale_cktile_32x128x128_1x4x1_16x16x64_intrawave_0x1x0_4,timed,1,passed,0.0,,,,
14336,2048,7168,cktile_19_split0,cktile,19,0,a8w8_blockscale_cktile_32x128x128_1x4x1_16x16x64_intrawave_0x1x0_3,timed,1,passed,0.0,,,,
14336,2048,7168,cktile_18_split0,cktile,18,0,a8w8_blockscale_cktile_32x128x128_1x4x1_16x16x128_intrawave_0x1x0_4,timed,1,passed,0.0,,,,
14336,2048,7168,cktile_17_split0,cktile,17,0,a8w8_blockscale_cktile_32x128x128_1x4x1_16x16x128_intrawave_0x1x0_3,timed,1,passed,0.0,,,,
14336,2048,7168,cktile_16_split0,cktile,16,0,a8w8_blockscale_cktile_16x128x256_1x4x1_16x16x64_intrawave_0x1x0_4,timed,1,passed,0.0,,,,
14336,2048,7168,cktile_15_split0,cktile,15,0,a8w8_blockscale_cktile_16x128x256_1x4x1_16x16x64_intrawave_0x1x0_3,timed,1,passed,0.0,,,,
14336,2048,7168,cktile_14_split0,cktile,14,0,a8w8_blockscale_cktile_16x128x256_1x4x1_16x16x128_intrawave_0x1x0_4,timed,1,passed,0.0,,,,
14336,2048,7168,cktile_13_split0,cktile,13,0,a8w8_blockscale_cktile_16x128x256_1x4x1_16x16x128_intrawave_0x1x0_3,timed,1,passed,0.0,,,,
14336,2048,7168,cktile_12_split0,cktile,12,0,a8w8_blockscale_cktile_192x256x128_4x2x1_16x16x128_intrawave_0x1x0_1_aqrm,timed,1,passed,0.0,,,,
14336,2048,7168,cktile_11_split0,cktile,11,0,a8w8_blockscale_cktile_192x256x128_4x2x1_16x16x128_intrawave_0x1x0_1,timed,1,passed,0.0,,,,
14336,2048,7168,cktile_10_split0,cktile,10,0,a8w8_blockscale_cktile_128x128x128_2x2x1_16x16x128_intrawave_0x1x0_2,timed,1,passed,0.0,,,,
14336,2048,7168,cktile_9_split0,cktile,9,0,a8w8_blockscale_cktile_128x128x128_1x4x1_16x16x128_intrawave_0x1x0_1,timed,1,passed,0.0,,,,
14336,2048,7168,cktile_8_split0,cktile,8,0,a8w8_blockscale_cktile_128x128x128_1x4x1_16x16x128_intrawave_0x1x0_1,timed,1,passed,0.0,,,,
14336,2048,7168,cktile_7_split0,cktile,7,0,a8w8_blockscale_cktile_32x128x128_1x4x1_16x16x64_intrawave_0x1x0_2,timed,1,passed,0.0,,,,
14336,2048,7168,cktile_6_split0,cktile,6,0,a8w8_blockscale_cktile_32x128x128_1x4x1_16x16x64_intrawave_0x1x0_1,timed,1,passed,0.0,,,,
14336,2048,7168,cktile_5_split0,cktile,5,0,a8w8_blockscale_cktile_32x128x128_1x4x1_16x16x128_intrawave_0x1x0_2,timed,1,passed,0.0,,,,
14336,2048,7168,cktile_4_split0,cktile,4,0,a8w8_blockscale_cktile_32x128x128_1x4x1_16x16x128_intrawave_0x1x0_1,timed,1,passed,0.0,,,,
14336,2048,7168,cktile_3_split0,cktile,3,0,a8w8_blockscale_cktile_16x128x256_1x4x1_16x16x64_intrawave_0x1x0_2,timed,1,passed,0.0,,,,
14336,2048,7168,cktile_2_split0,cktile,2,0,a8w8_blockscale_cktile_16x128x256_1x4x1_16x16x64_intrawave_0x1x0_1,timed,1,passed,0.0,,,,
14336,2048,7168,cktile_1_split0,cktile,1,0,a8w8_blockscale_cktile_16x128x256_1x4x1_16x16x128_intrawave_0x1x0_2,timed,1,passed,0.0,,,,
14336,2048,7168,cktile_0_split0,cktile,0,0,a8w8_blockscale_cktile_16x128x256_1x4x1_16x16x128_intrawave_0x1x0_1,timed,1,passed,0.0,,,,
14336,2048,7168,ck_17_split0,ck,17,0,a8w8_blockscale_bpreshuffle_1x128x128_256x64x64x256_16x16_16x16_16x16x1_16x16x1_1x32x1x8_8_2x1_intrawave_v1,timed,1,passed,0.0,,,,
14336,2048,7168,ck_16_split0,ck,16,0,a8w8_blockscale_bpreshuffle_1x128x128_256x64x128x256_16x16_16x16_16x16x1_16x16x1_1x32x1x8_8_2x1_intrawave_v1,timed,1,passed,0.0,,,,
14336,2048,7168,ck_15_split0,ck,15,0,a8w8_blockscale_bpreshuffle_1x128x128_256x64x64x128_16x16_16x16_8x32x1_8x32x1_1x32x1x8_8_2x1_intrawave_v1,timed,1,passed,0.0,,,,
14336,2048,7168,ck_14_split0,ck,14,0,a8w8_blockscale_bpreshuffle_1x128x128_256x64x128x128_16x16_16x16_8x32x1_8x32x1_1x32x1x8_8_2x1_intrawave_v1,timed,1,passed,0.0,,,,
14336,2048,7168,ck_13_split0,ck,13,0,a8w8_blockscale_bpreshuffle_1x128x128_256x64x256x128_16x16_16x16_8x32x1_8x32x1_1x32x1x8_8_2x1_intrawave_v1,timed,1,passed,0.0,,,,
14336,2048,7168,ck_12_split0,ck,12,0,a8w8_blockscale_bpreshuffle_1x128x128_256x32x64x256_16x16_16x16_16x16x1_16x16x1_1x32x1x8_8_2x1_intrawave_v1,timed,1,passed,0.0,,,,
14336,2048,7168,ck_13_split0,ck,13,0,a8w8_blockscale_bpreshuffle_1x128x128_256x64x256x128_16x16_16x16_8x32x1_8x32x1_1x32x1x8_8_2x1_intrawave_v1,timed,2,passed,0.0,,,,
14336,2048,7168,ck_14_split0,ck,14,0,a8w8_blockscale_bpreshuffle_1x128x128_256x64x128x128_16x16_16x16_8x32x1_8x32x1_1x32x1x8_8_2x1_intrawave_v1,timed,2,passed,0.0,,,,
14336,2048,7168,ck_15_split0,ck,15,0,a8w8_blockscale_bpreshuffle_1x128x128_256x64x64x128_16x16_16x16_8x32x1_8x32x1_1x32x1x8_8_2x1_intrawave_v1,timed,2,passed,0.0,,,,
14336,2048,7168,ck_16_split0,ck,16,0,a8w8_blockscale_bpreshuffle_1x128x128_256x64x128x256_16x16_16x16_16x16x1_16x16x1_1x32x1x8_8_2x1_intrawave_v1,timed,2,passed,0.0,,,,
14336,2048,7168,ck_17_split0,ck,17,0,a8w8_blockscale_bpreshuffle_1x128x128_256x64x64x256_16x16_16x16_16x16x1_16x16x1_1x32x1x8_8_2x1_intrawave_v1,timed,2,passed,0.0,,,,
14336,2048,7168,cktile_0_split0,cktile,0,0,a8w8_blockscale_cktile_16x128x256_1x4x1_16x16x128_intrawave_0x1x0_1,timed,2,passed,0.0,,,,
14336,2048,7168,cktile_1_split0,cktile,1,0,a8w8_blockscale_cktile_16x128x256_1x4x1_16x16x128_intrawave_0x1x0_2,timed,2,passed,0.0,,,,
14336,2048,7168,cktile_2_split0,cktile,2,0,a8w8_blockscale_cktile_16x128x256_1x4x1_16x16x64_intrawave_0x1x0_1,timed,2,passed,0.0,,,,
14336,2048,7168,cktile_3_split0,cktile,3,0,a8w8_blockscale_cktile_16x128x256_1x4x1_16x16x64_intrawave_0x1x0_2,timed,2,passed,0.0,,,,
14336,2048,7168,cktile_4_split0,cktile,4,0,a8w8_blockscale_cktile_32x128x128_1x4x1_16x16x128_intrawave_0x1x0_1,timed,2,passed,0.0,,,,
14336,2048,7168,cktile_5_split0,cktile,5,0,a8w8_blockscale_cktile_32x128x128_1x4x1_16x16x128_intrawave_0x1x0_2,timed,2,passed,0.0,,,,
14336,2048,7168,cktile_6_split0,cktile,6,0,a8w8_blockscale_cktile_32x128x128_1x4x1_16x16x64_intrawave_0x1x0_1,timed,2,passed,0.0,,,,
14336,2048,7168,cktile_7_split0,cktile,7,0,a8w8_blockscale_cktile_32x128x128_1x4x1_16x16x64_intrawave_0x1x0_2,timed,2,passed,0.0,,,,
14336,2048,7168,cktile_8_split0,cktile,8,0,a8w8_blockscale_cktile_128x128x128_1x4x1_16x16x128_intrawave_0x1x0_1,timed,2,passed,0.0,,,,
14336,2048,7168,cktile_9_split0,cktile,9,0,a8w8_blockscale_cktile_128x128x128_1x4x1_16x16x128_intrawave_0x1x0_1,timed,2,passed,0.0,,,,
14336,2048,7168,cktile_10_split0,cktile,10,0,a8w8_blockscale_cktile_128x128x128_2x2x1_16x16x128_intrawave_0x1x0_2,timed,2,passed,0.0,,,,
14336,2048,7168,cktile_11_split0,cktile,11,0,a8w8_blockscale_cktile_192x256x128_4x2x1_16x16x128_intrawave_0x1x0_1,timed,2,passed,0.0,,,,
14336,2048,7168,cktile_12_split0,cktile,12,0,a8w8_blockscale_cktile_192x256x128_4x2x1_16x16x128_intrawave_0x1x0_1_aqrm,timed,2,passed,0.0,,,,
14336,2048,7168,cktile_13_split0,cktile,13,0,a8w8_blockscale_cktile_16x128x256_1x4x1_16x16x128_intrawave_0x1x0_3,timed,2,passed,0.0,,,,
14336,2048,7168,cktile_14_split0,cktile,14,0,a8w8_blockscale_cktile_16x128x256_1x4x1_16x16x128_intrawave_0x1x0_4,timed,2,passed,0.0,,,,
14336,2048,7168,cktile_15_split0,cktile,15,0,a8w8_blockscale_cktile_16x128x256_1x4x1_16x16x64_intrawave_0x1x0_3,timed,2,passed,0.0,,,,
14336,2048,7168,cktile_16_split0,cktile,16,0,a8w8_blockscale_cktile_16x128x256_1x4x1_16x16x64_intrawave_0x1x0_4,timed,2,passed,0.0,,,,
14336,2048,7168,cktile_17_split0,cktile,17,0,a8w8_blockscale_cktile_32x128x128_1x4x1_16x16x128_intrawave_0x1x0_3,timed,2,passed,0.0,,,,
14336,2048,7168,cktile_18_split0,cktile,18,0,a8w8_blockscale_cktile_32x128x128_1x4x1_16x16x128_intrawave_0x1x0_4,timed,2,passed,0.0,,,,
14336,2048,7168,cktile_19_split0,cktile,19,0,a8w8_blockscale_cktile_32x128x128_1x4x1_16x16x64_intrawave_0x1x0_3,timed,2,passed,0.0,,,,
14336,2048,7168,cktile_20_split0,cktile,20,0,a8w8_blockscale_cktile_32x128x128_1x4x1_16x16x64_intrawave_0x1x0_4,timed,2,passed,0.0,,,,
14336,2048,7168,cktile_21_split0,cktile,21,0,a8w8_blockscale_cktile_128x128x128_1x4x1_16x16x128_intrawave_0x1x0_2,timed,2,passed,0.0,,,,
14336,2048,7168,cktile_22_split0,cktile,22,0,a8w8_blockscale_cktile_128x128x128_1x4x1_16x16x128_intrawave_0x1x0_3,timed,2,passed,0.0,,,,
14336,2048,7168,cktile_23_split0,cktile,23,0,a8w8_blockscale_cktile_128x128x128_1x4x1_16x16x128_intrawave_0x1x0_4,timed,2,passed,0.0,,,,
14336,2048,7168,cktile_24_split0,cktile,24,0,a8w8_blockscale_cktile_128x128x128_2x2x1_16x16x128_intrawave_0x1x0_1,timed,2,passed,0.0,,,,
14336,2048,7168,cktile_25_split0,cktile,25,0,a8w8_blockscale_cktile_128x128x128_2x2x1_16x16x128_intrawave_0x1x0_3,timed,2,passed,0.0,,,,
14336,2048,7168,cktile_26_split0,cktile,26,0,a8w8_blockscale_cktile_128x128x128_2x2x1_16x16x128_intrawave_0x1x0_4,timed,2,passed,0.0,,,,
14336,2048,7168,cktile_27_split0,cktile,27,0,a8w8_blockscale_cktile_192x256x128_4x2x1_16x16x128_intrawave_0x1x0_2,timed,2,passed,0.0,,,,
14336,2048,7168,cktile_28_split0,cktile,28,0,a8w8_blockscale_cktile_192x256x128_4x2x1_16x16x128_intrawave_0x1x0_3,timed,2,passed,0.0,,,,
14336,2048,7168,cktile_29_split0,cktile,29,0,a8w8_blockscale_cktile_192x256x128_4x2x1_16x16x128_intrawave_0x1x0_4,timed,2,passed,0.0,,,,
14336,2048,7168,cktile_30_split0,cktile,30,0,a8w8_blockscale_cktile_192x256x128_4x2x1_16x16x128_intrawave_0x1x0_2_aqrm,timed,2,passed,0.0,,,,
14336,2048,7168,cktile_31_split0,cktile,31,0,a8w8_blockscale_cktile_192x256x128_4x2x1_16x16x128_intrawave_0x1x0_3_aqrm,timed,2,passed,0.0,,,,
14336,2048,7168,cktile_32_split0,cktile,32,0,a8w8_blockscale_cktile_192x256x128_4x2x1_16x16x128_intrawave_0x1x0_4_aqrm,timed,2,passed,0.0,,,,
14336,2048,7168,opus_9000,opus,9000,0,opus_gemm_gfx950_a8w8_mxscale_gemm_bpreshuffle_256x256x256x128_2x2_16x16x128_1x128x128_tiles1_nooob,timed,2,passed,0.0,,,,
14336,2048,7168,opus_9010,opus,9010,0,opus_gemm_gfx950_a8w8_mxscale_gemm_bpreshuffle_256x128x128x128_2x2_16x16x128_1x128x128_tiles1_nooob,timed,2,passed,0.0,,,,
14336,2048,7168,opus_9011,opus,9011,0,opus_gemm_gfx950_a8w8_mxscale_gemm_bpreshuffle_256x64x128x128_2x2_16x16x128_1x128x128_tiles1_nooob,timed,2,passed,0.0,,,,
14336,2048,7168,opus_9012,opus,9012,0,opus_gemm_gfx950_a8w8_mxscale_gemm_bpreshuffle_256x64x64x128_2x2_16x16x128_1x128x128_tiles1_nooob,timed,2,passed,0.0,,,,
14336,2048,7168,opus_9020,opus,9020,0,opus_gemm_gfx950_a8w8_mxscale_gemm_bpreshuffle_256x256x256x128_2x2_16x16x128_1x128x128_tiles1,timed,2,passed,0.0,,,,
14336,2048,7168,ck_0_split0,ck,0,0,a8w8_blockscale_bpreshuffle_1x128x128_256x128x128x128_16x16_16x16_8x32x1_8x32x1_1x32x1x8_8_2x1_intrawave_v3,timed,2,passed,0.0,,,,
14336,2048,7168,ck_1_split0,ck,1,0,a8w8_blockscale_bpreshuffle_1x128x128_256x64x128x128_16x16_16x16_8x32x1_8x32x1_1x32x1x8_8_2x1_intrawave_v3,timed,2,passed,0.0,,,,
14336,2048,7168,ck_2_split0,ck,2,0,a8w8_blockscale_bpreshuffle_1x128x128_256x64x64x128_16x16_16x16_8x32x1_8x32x1_1x32x1x8_8_2x1_intrawave_v3,timed,2,passed,0.0,,,,
14336,2048,7168,ck_3_split0,ck,3,0,a8w8_blockscale_bpreshuffle_1x128x128_256x16x256x128_8x16_16x16_16x16x1_8x32x1_1x16x1x16_8_1x2_intrawave_v1,timed,2,passed,0.0,,,,
14336,2048,7168,ck_4_split0,ck,4,0,a8w8_blockscale_bpreshuffle_1x128x128_256x16x128x128_8x16_16x16_16x16x1_8x32x1_1x16x1x16_8_1x2_intrawave_v1,timed,2,passed,0.0,,,,
14336,2048,7168,ck_5_split0,ck,5,0,a8w8_blockscale_bpreshuffle_1x128x128_256x16x64x128_8x16_16x16_16x16x1_8x32x1_1x16x1x16_4_1x1_intrawave_v1,timed,2,passed,0.0,,,,
14336,2048,7168,ck_6_split0,ck,6,0,a8w8_blockscale_bpreshuffle_1x128x128_256x16x128x256_16x16_16x16_16x16x1_16x16x1_1x16x1x16_8_1x2_intrawave_v1,timed,2,passed,0.0,,,,
14336,2048,7168,ck_7_split0,ck,7,0,a8w8_blockscale_bpreshuffle_1x128x128_256x16x64x256_16x16_16x16_16x16x1_16x16x1_1x16x1x16_4_1x1_intrawave_v1,timed,2,passed,0.0,,,,
14336,2048,7168,ck_8_split0,ck,8,0,a8w8_blockscale_bpreshuffle_1x128x128_256x32x256x128_16x16_16x16_8x32x1_8x32x1_1x32x1x8_8_2x1_intrawave_v1,timed,2,passed,0.0,,,,
14336,2048,7168,ck_9_split0,ck,9,0,a8w8_blockscale_bpreshuffle_1x128x128_256x32x128x128_16x16_16x16_8x32x1_8x32x1_1x32x1x8_8_2x1_intrawave_v1,timed,2,passed,0.0,,,,
14336,2048,7168,ck_10_split0,ck,10,0,a8w8_blockscale_bpreshuffle_1x128x128_256x32x64x128_16x16_16x16_8x32x1_8x32x1_1x32x1x8_8_2x1_intrawave_v1,timed,2,passed,0.0,,,,
14336,2048,7168,ck_11_split0,ck,11,0,a8w8_blockscale_bpreshuffle_1x128x128_256x32x128x256_16x16_16x16_16x16x1_16x16x1_1x32x1x8_8_2x1_intrawave_v1,timed,2,passed,0.0,,,,
14336,2048,7168,ck_12_split0,ck,12,0,a8w8_blockscale_bpreshuffle_1x128x128_256x32x64x256_16x16_16x16_16x16x1_16x16x1_1x32x1x8_8_2x1_intrawave_v1,timed,2,passed,0.0,,,,
1088,6144,7168,ck_0_split0,ck,0,0,a8w8_blockscale_bpreshuffle_1x128x128_256x128x128x128_16x16_16x16_8x32x1_8x32x1_1x32x1x8_8_2x1_intrawave_v3,preflight,-1,passed,0.0,,,,
1088,6144,7168,ck_1_split0,ck,1,0,a8w8_blockscale_bpreshuffle_1x128x128_256x64x128x128_16x16_16x16_8x32x1_8x32x1_1x32x1x8_8_2x1_intrawave_v3,preflight,-1,passed,0.0,,,,
1088,6144,7168,ck_2_split0,ck,2,0,a8w8_blockscale_bpreshuffle_1x128x128_256x64x64x128_16x16_16x16_8x32x1_8x32x1_1x32x1x8_8_2x1_intrawave_v3,preflight,-1,passed,0.0,,,,
1088,6144,7168,ck_3_split0,ck,3,0,a8w8_blockscale_bpreshuffle_1x128x128_256x16x256x128_8x16_16x16_16x16x1_8x32x1_1x16x1x16_8_1x2_intrawave_v1,preflight,-1,passed,0.0,,,,
1088,6144,7168,ck_4_split0,ck,4,0,a8w8_blockscale_bpreshuffle_1x128x128_256x16x128x128_8x16_16x16_16x16x1_8x32x1_1x16x1x16_8_1x2_intrawave_v1,preflight,-1,passed,0.0,,,,
1088,6144,7168,ck_5_split0,ck,5,0,a8w8_blockscale_bpreshuffle_1x128x128_256x16x64x128_8x16_16x16_16x16x1_8x32x1_1x16x1x16_4_1x1_intrawave_v1,preflight,-1,passed,0.0,,,,
1088,6144,7168,ck_6_split0,ck,6,0,a8w8_blockscale_bpreshuffle_1x128x128_256x16x128x256_16x16_16x16_16x16x1_16x16x1_1x16x1x16_8_1x2_intrawave_v1,preflight,-1,passed,0.0,,,,
1088,6144,7168,ck_7_split0,ck,7,0,a8w8_blockscale_bpreshuffle_1x128x128_256x16x64x256_16x16_16x16_16x16x1_16x16x1_1x16x1x16_4_1x1_intrawave_v1,preflight,-1,passed,0.0,,,,
1088,6144,7168,ck_8_split0,ck,8,0,a8w8_blockscale_bpreshuffle_1x128x128_256x32x256x128_16x16_16x16_8x32x1_8x32x1_1x32x1x8_8_2x1_intrawave_v1,preflight,-1,passed,0.0,,,,
1088,6144,7168,ck_9_split0,ck,9,0,a8w8_blockscale_bpreshuffle_1x128x128_256x32x128x128_16x16_16x16_8x32x1_8x32x1_1x32x1x8_8_2x1_intrawave_v1,preflight,-1,passed,0.0,,,,
1088,6144,7168,ck_10_split0,ck,10,0,a8w8_blockscale_bpreshuffle_1x128x128_256x32x64x128_16x16_16x16_8x32x1_8x32x1_1x32x1x8_8_2x1_intrawave_v1,preflight,-1,passed,0.0,,,,
1088,6144,7168,ck_11_split0,ck,11,0,a8w8_blockscale_bpreshuffle_1x128x128_256x32x128x256_16x16_16x16_16x16x1_16x16x1_1x32x1x8_8_2x1_intrawave_v1,preflight,-1,passed,0.0,,,,
1088,6144,7168,ck_12_split0,ck,12,0,a8w8_blockscale_bpreshuffle_1x128x128_256x32x64x256_16x16_16x16_16x16x1_16x16x1_1x32x1x8_8_2x1_intrawave_v1,preflight,-1,passed,0.0,,,,
1088,6144,7168,ck_13_split0,ck,13,0,a8w8_blockscale_bpreshuffle_1x128x128_256x64x256x128_16x16_16x16_8x32x1_8x32x1_1x32x1x8_8_2x1_intrawave_v1,preflight,-1,passed,0.0,,,,
1088,6144,7168,ck_14_split0,ck,14,0,a8w8_blockscale_bpreshuffle_1x128x128_256x64x128x128_16x16_16x16_8x32x1_8x32x1_1x32x1x8_8_2x1_intrawave_v1,preflight,-1,passed,0.0,,,,
1088,6144,7168,ck_15_split0,ck,15,0,a8w8_blockscale_bpreshuffle_1x128x128_256x64x64x128_16x16_16x16_8x32x1_8x32x1_1x32x1x8_8_2x1_intrawave_v1,preflight,-1,passed,0.0,,,,
1088,6144,7168,ck_16_split0,ck,16,0,a8w8_blockscale_bpreshuffle_1x128x128_256x64x128x256_16x16_16x16_16x16x1_16x16x1_1x32x1x8_8_2x1_intrawave_v1,preflight,-1,passed,0.0,,,,
1088,6144,7168,ck_17_split0,ck,17,0,a8w8_blockscale_bpreshuffle_1x128x128_256x64x64x256_16x16_16x16_16x16x1_16x16x1_1x32x1x8_8_2x1_intrawave_v1,preflight,-1,passed,0.0,,,,
1088,6144,7168,cktile_0_split0,cktile,0,0,a8w8_blockscale_cktile_16x128x256_1x4x1_16x16x128_intrawave_0x1x0_1,preflight,-1,passed,0.0,,,,
1088,6144,7168,cktile_1_split0,cktile,1,0,a8w8_blockscale_cktile_16x128x256_1x4x1_16x16x128_intrawave_0x1x0_2,preflight,-1,passed,0.0,,,,
1088,6144,7168,cktile_2_split0,cktile,2,0,a8w8_blockscale_cktile_16x128x256_1x4x1_16x16x64_intrawave_0x1x0_1,preflight,-1,passed,0.0,,,,
1088,6144,7168,cktile_3_split0,cktile,3,0,a8w8_blockscale_cktile_16x128x256_1x4x1_16x16x64_intrawave_0x1x0_2,preflight,-1,passed,0.0,,,,
1088,6144,7168,cktile_4_split0,cktile,4,0,a8w8_blockscale_cktile_32x128x128_1x4x1_16x16x128_intrawave_0x1x0_1,preflight,-1,passed,0.0,,,,
1088,6144,7168,cktile_5_split0,cktile,5,0,a8w8_blockscale_cktile_32x128x128_1x4x1_16x16x128_intrawave_0x1x0_2,preflight,-1,passed,0.0,,,,
1088,6144,7168,cktile_6_split0,cktile,6,0,a8w8_blockscale_cktile_32x128x128_1x4x1_16x16x64_intrawave_0x1x0_1,preflight,-1,passed,0.0,,,,
1088,6144,7168,cktile_7_split0,cktile,7,0,a8w8_blockscale_cktile_32x128x128_1x4x1_16x16x64_intrawave_0x1x0_2,preflight,-1,passed,0.0,,,,
1088,6144,7168,cktile_8_split0,cktile,8,0,a8w8_blockscale_cktile_128x128x128_1x4x1_16x16x128_intrawave_0x1x0_1,preflight,-1,passed,0.0,,,,
1088,6144,7168,cktile_9_split0,cktile,9,0,a8w8_blockscale_cktile_128x128x128_1x4x1_16x16x128_intrawave_0x1x0_1,preflight,-1,passed,0.0,,,,
1088,6144,7168,cktile_10_split0,cktile,10,0,a8w8_blockscale_cktile_128x128x128_2x2x1_16x16x128_intrawave_0x1x0_2,preflight,-1,passed,0.0,,,,
1088,6144,7168,cktile_11_split0,cktile,11,0,a8w8_blockscale_cktile_192x256x128_4x2x1_16x16x128_intrawave_0x1x0_1,preflight,-1,passed,0.0,,,,
1088,6144,7168,cktile_12_split0,cktile,12,0,a8w8_blockscale_cktile_192x256x128_4x2x1_16x16x128_intrawave_0x1x0_1_aqrm,preflight,-1,passed,0.0,,,,
1088,6144,7168,cktile_13_split0,cktile,13,0,a8w8_blockscale_cktile_16x128x256_1x4x1_16x16x128_intrawave_0x1x0_3,preflight,-1,passed,0.0,,,,
1088,6144,7168,cktile_14_split0,cktile,14,0,a8w8_blockscale_cktile_16x128x256_1x4x1_16x16x128_intrawave_0x1x0_4,preflight,-1,passed,0.0,,,,
1088,6144,7168,cktile_15_split0,cktile,15,0,a8w8_blockscale_cktile_16x128x256_1x4x1_16x16x64_intrawave_0x1x0_3,preflight,-1,passed,0.0,,,,
1088,6144,7168,cktile_16_split0,cktile,16,0,a8w8_blockscale_cktile_16x128x256_1x4x1_16x16x64_intrawave_0x1x0_4,preflight,-1,passed,0.0,,,,
1088,6144,7168,cktile_17_split0,cktile,17,0,a8w8_blockscale_cktile_32x128x128_1x4x1_16x16x128_intrawave_0x1x0_3,preflight,-1,passed,0.0,,,,
1088,6144,7168,cktile_18_split0,cktile,18,0,a8w8_blockscale_cktile_32x128x128_1x4x1_16x16x128_intrawave_0x1x0_4,preflight,-1,passed,0.0,,,,
1088,6144,7168,cktile_19_split0,cktile,19,0,a8w8_blockscale_cktile_32x128x128_1x4x1_16x16x64_intrawave_0x1x0_3,preflight,-1,passed,0.0,,,,
1088,6144,7168,cktile_20_split0,cktile,20,0,a8w8_blockscale_cktile_32x128x128_1x4x1_16x16x64_intrawave_0x1x0_4,preflight,-1,passed,0.0,,,,
1088,6144,7168,cktile_21_split0,cktile,21,0,a8w8_blockscale_cktile_128x128x128_1x4x1_16x16x128_intrawave_0x1x0_2,preflight,-1,passed,0.0,,,,
1088,6144,7168,cktile_22_split0,cktile,22,0,a8w8_blockscale_cktile_128x128x128_1x4x1_16x16x128_intrawave_0x1x0_3,preflight,-1,passed,0.0,,,,
1088,6144,7168,cktile_23_split0,cktile,23,0,a8w8_blockscale_cktile_128x128x128_1x4x1_16x16x128_intrawave_0x1x0_4,preflight,-1,passed,0.0,,,,
1088,6144,7168,cktile_24_split0,cktile,24,0,a8w8_blockscale_cktile_128x128x128_2x2x1_16x16x128_intrawave_0x1x0_1,preflight,-1,passed,0.0,,,,
1088,6144,7168,cktile_25_split0,cktile,25,0,a8w8_blockscale_cktile_128x128x128_2x2x1_16x16x128_intrawave_0x1x0_3,preflight,-1,passed,0.0,,,,
1088,6144,7168,cktile_26_split0,cktile,26,0,a8w8_blockscale_cktile_128x128x128_2x2x1_16x16x128_intrawave_0x1x0_4,preflight,-1,passed,0.0,,,,
1088,6144,7168,cktile_27_split0,cktile,27,0,a8w8_blockscale_cktile_192x256x128_4x2x1_16x16x128_intrawave_0x1x0_2,preflight,-1,passed,0.0,,,,
1088,6144,7168,cktile_28_split0,cktile,28,0,a8w8_blockscale_cktile_192x256x128_4x2x1_16x16x128_intrawave_0x1x0_3,preflight,-1,passed,0.0,,,,
1088,6144,7168,cktile_29_split0,cktile,29,0,a8w8_blockscale_cktile_192x256x128_4x2x1_16x16x128_intrawave_0x1x0_4,preflight,-1,passed,0.0,,,,
1088,6144,7168,cktile_30_split0,cktile,30,0,a8w8_blockscale_cktile_192x256x128_4x2x1_16x16x128_intrawave_0x1x0_2_aqrm,preflight,-1,passed,0.0,,,,
1088,6144,7168,cktile_31_split0,cktile,31,0,a8w8_blockscale_cktile_192x256x128_4x2x1_16x16x128_intrawave_0x1x0_3_aqrm,preflight,-1,passed,0.0,,,,
1088,6144,7168,cktile_32_split0,cktile,32,0,a8w8_blockscale_cktile_192x256x128_4x2x1_16x16x128_intrawave_0x1x0_4_aqrm,preflight,-1,passed,0.0,,,,
1088,6144,7168,asm_0_split1,asm,0,1,_ZN5aiter42fp8gemm_bf16_blockscale_BpreShuffle_32x128E,preflight,-1,failed,0.1703,outside original FP32 accumulation bounds,0,1138022,14.95166015625
1088,6144,7168,asm_1_split2,asm,1,2,_ZN5aiter42fp8gemm_bf16_blockscale_BpreShuffle_32x128E,preflight,-1,failed,0.2594,outside original FP32 accumulation bounds,0,1733344,14.95166015625
1088,6144,7168,asm_2_split3,asm,2,3,_ZN5aiter42fp8gemm_bf16_blockscale_BpreShuffle_32x128E,preflight,-1,failed,0.3072,outside original FP32 accumulation bounds,0,2053197,15.3720703125
1088,6144,7168,asm_3_split4,asm,3,4,_ZN5aiter42fp8gemm_bf16_blockscale_BpreShuffle_32x128E,preflight,-1,failed,0.3386,outside original FP32 accumulation bounds,0,2263059,17.767822265625
1088,6144,7168,asm_4_split5,asm,4,5,_ZN5aiter42fp8gemm_bf16_blockscale_BpreShuffle_32x128E,preflight,-1,failed,0.3604,outside original FP32 accumulation bounds,0,2408784,18.318603515625
1088,6144,7168,asm_5_split6,asm,5,6,_ZN5aiter42fp8gemm_bf16_blockscale_BpreShuffle_32x128E,preflight,-1,failed,0.3794,outside original FP32 accumulation bounds,0,2536151,22.6097412109375
1088,6144,7168,asm_6_split7,asm,6,7,_ZN5aiter42fp8gemm_bf16_blockscale_BpreShuffle_32x128E,preflight,-1,failed,0.3986,outside original FP32 accumulation bounds,0,2664173,21.326416015625
1088,6144,7168,asm_7_split8,asm,7,8,_ZN5aiter42fp8gemm_bf16_blockscale_BpreShuffle_32x128E,preflight,-1,failed,0.4127,outside original FP32 accumulation bounds,0,2758233,19.8170166015625
1088,6144,7168,asm_8_split1,asm,8,1,_ZN5aiter42fp8gemm_bf16_blockscale_BpreShuffle_48x128E,preflight,-1,failed,0.1703,outside original FP32 accumulation bounds,0,1138022,14.95166015625
1088,6144,7168,asm_9_split2,asm,9,2,_ZN5aiter42fp8gemm_bf16_blockscale_BpreShuffle_48x128E,preflight,-1,failed,0.2594,outside original FP32 accumulation bounds,0,1733344,14.95166015625
1088,6144,7168,asm_10_split3,asm,10,3,_ZN5aiter42fp8gemm_bf16_blockscale_BpreShuffle_48x128E,preflight,-1,failed,0.3072,outside original FP32 accumulation bounds,0,2053419,15.3720703125
1088,6144,7168,asm_11_split4,asm,11,4,_ZN5aiter42fp8gemm_bf16_blockscale_BpreShuffle_48x128E,preflight,-1,failed,0.3393,outside original FP32 accumulation bounds,0,2267586,17.767822265625
1088,6144,7168,asm_12_split5,asm,12,5,_ZN5aiter42fp8gemm_bf16_blockscale_BpreShuffle_48x128E,preflight,-1,failed,0.3607,outside original FP32 accumulation bounds,0,2410871,18.318603515625
1088,6144,7168,asm_13_split6,asm,13,6,_ZN5aiter42fp8gemm_bf16_blockscale_BpreShuffle_48x128E,preflight,-1,failed,0.3796,outside original FP32 accumulation bounds,0,2536861,22.6097412109375
1088,6144,7168,asm_14_split7,asm,14,7,_ZN5aiter42fp8gemm_bf16_blockscale_BpreShuffle_48x128E,preflight,-1,failed,0.3993,outside original FP32 accumulation bounds,0,2668725,19.74462890625
1088,6144,7168,asm_15_split8,asm,15,8,_ZN5aiter42fp8gemm_bf16_blockscale_BpreShuffle_48x128E,preflight,-1,failed,0.4136,outside original FP32 accumulation bounds,0,2764433,20.741455078125
1088,6144,7168,asm_16_split1,asm,16,1,_ZN5aiter42fp8gemm_bf16_blockscale_BpreShuffle_64x128E,preflight,-1,failed,0.1703,outside original FP32 accumulation bounds,0,1138022,14.95166015625
1088,6144,7168,asm_17_split2,asm,17,2,_ZN5aiter42fp8gemm_bf16_blockscale_BpreShuffle_64x128E,preflight,-1,failed,0.2594,outside original FP32 accumulation bounds,0,1733344,14.95166015625
1088,6144,7168,asm_18_split3,asm,18,3,_ZN5aiter42fp8gemm_bf16_blockscale_BpreShuffle_64x128E,preflight,-1,failed,0.3073,outside original FP32 accumulation bounds,0,2053617,15.3720703125
1088,6144,7168,asm_19_split4,asm,19,4,_ZN5aiter42fp8gemm_bf16_blockscale_BpreShuffle_64x128E,preflight,-1,failed,0.3393,outside original FP32 accumulation bounds,0,2267776,16.14306640625
1088,6144,7168,asm_20_split5,asm,20,5,_ZN5aiter42fp8gemm_bf16_blockscale_BpreShuffle_64x128E,preflight,-1,failed,0.36,outside original FP32 accumulation bounds,0,2406234,17.7635498046875
1088,6144,7168,asm_21_split6,asm,21,6,_ZN5aiter42fp8gemm_bf16_blockscale_BpreShuffle_64x128E,preflight,-1,failed,0.3793,outside original FP32 accumulation bounds,0,2535393,22.6097412109375
1088,6144,7168,asm_22_split7,asm,22,7,_ZN5aiter42fp8gemm_bf16_blockscale_BpreShuffle_64x128E,preflight,-1,failed,0.3979,outside original FP32 accumulation bounds,0,2659287,21.688232421875
1088,6144,7168,asm_23_split8,asm,23,8,_ZN5aiter42fp8gemm_bf16_blockscale_BpreShuffle_64x128E,preflight,-1,failed,0.4123,outside original FP32 accumulation bounds,0,2756006,18.2454833984375
1088,6144,7168,asm_24_split1,asm,24,1,_ZN5aiter42fp8gemm_bf16_blockscale_BpreShuffle_80x128E,preflight,-1,failed,0.1703,outside original FP32 accumulation bounds,0,1138022,14.95166015625
1088,6144,7168,asm_25_split2,asm,25,2,_ZN5aiter42fp8gemm_bf16_blockscale_BpreShuffle_80x128E,preflight,-1,failed,0.2594,outside original FP32 accumulation bounds,0,1733344,14.95166015625
1088,6144,7168,asm_26_split3,asm,26,3,_ZN5aiter42fp8gemm_bf16_blockscale_BpreShuffle_80x128E,preflight,-1,failed,0.3072,outside original FP32 accumulation bounds,0,2053223,15.3720703125
1088,6144,7168,asm_27_split4,asm,27,4,_ZN5aiter42fp8gemm_bf16_blockscale_BpreShuffle_80x128E,preflight,-1,failed,0.3383,outside original FP32 accumulation bounds,0,2260835,15.7308349609375
1088,6144,7168,asm_28_split5,asm,28,5,_ZN5aiter42fp8gemm_bf16_blockscale_BpreShuffle_80x128E,preflight,-1,failed,0.3601,outside original FP32 accumulation bounds,0,2406543,18.3680419921875
1088,6144,7168,asm_29_split6,asm,29,6,_ZN5aiter42fp8gemm_bf16_blockscale_BpreShuffle_80x128E,preflight,-1,failed,0.379,outside original FP32 accumulation bounds,0,2533278,22.6097412109375
1088,6144,7168,asm_30_split7,asm,30,7,_ZN5aiter42fp8gemm_bf16_blockscale_BpreShuffle_80x128E,preflight,-1,failed,0.3985,outside original FP32 accumulation bounds,0,2663465,18.0108642578125
1088,6144,7168,asm_31_split8,asm,31,8,_ZN5aiter42fp8gemm_bf16_blockscale_BpreShuffle_80x128E,preflight,-1,failed,0.4153,outside original FP32 accumulation bounds,0,2775695,20.5498046875
1088,6144,7168,asm_32_split1,asm,32,1,_ZN5aiter42fp8gemm_bf16_blockscale_BpreShuffle_96x128E,preflight,-1,failed,0.1703,outside original FP32 accumulation bounds,0,1138022,14.95166015625
1088,6144,7168,asm_33_split2,asm,33,2,_ZN5aiter42fp8gemm_bf16_blockscale_BpreShuffle_96x128E,preflight,-1,failed,0.2594,outside original FP32 accumulation bounds,0,1733344,14.95166015625
1088,6144,7168,asm_34_split3,asm,34,3,_ZN5aiter42fp8gemm_bf16_blockscale_BpreShuffle_96x128E,preflight,-1,failed,0.3071,outside original FP32 accumulation bounds,0,2052636,15.3720703125
1088,6144,7168,asm_35_split4,asm,35,4,_ZN5aiter42fp8gemm_bf16_blockscale_BpreShuffle_96x128E,preflight,-1,failed,0.339,outside original FP32 accumulation bounds,0,2265850,15.7598876953125
1088,6144,7168,asm_36_split5,asm,36,5,_ZN5aiter42fp8gemm_bf16_blockscale_BpreShuffle_96x128E,preflight,-1,failed,0.3603,outside original FP32 accumulation bounds,0,2408186,17.0667724609375
1088,6144,7168,asm_37_split6,asm,37,6,_ZN5aiter42fp8gemm_bf16_blockscale_BpreShuffle_96x128E,preflight,-1,failed,0.3797,outside original FP32 accumulation bounds,0,2538047,22.6097412109375
1088,6144,7168,asm_38_split7,asm,38,7,_ZN5aiter42fp8gemm_bf16_blockscale_BpreShuffle_96x128E,preflight,-1,failed,0.3992,outside original FP32 accumulation bounds,0,2667985,17.677490234375
1088,6144,7168,asm_39_split8,asm,39,8,_ZN5aiter42fp8gemm_bf16_blockscale_BpreShuffle_96x128E,preflight,-1,failed,0.4146,outside original FP32 accumulation bounds,0,2771081,19.24658203125
1088,6144,7168,asm_40_split1,asm,40,1,_ZN5aiter43fp8gemm_bf16_blockscale_BpreShuffle_128x128E,preflight,-1,failed,0.1703,outside original FP32 accumulation bounds,0,1138022,14.95166015625
1088,6144,7168,asm_41_split2,asm,41,2,_ZN5aiter43fp8gemm_bf16_blockscale_BpreShuffle_128x128E,preflight,-1,failed,0.2594,outside original FP32 accumulation bounds,0,1733344,14.95166015625
1088,6144,7168,asm_42_split3,asm,42,3,_ZN5aiter43fp8gemm_bf16_blockscale_BpreShuffle_128x128E,preflight,-1,failed,0.3069,outside original FP32 accumulation bounds,0,2051496,15.3720703125
1088,6144,7168,asm_43_split4,asm,43,4,_ZN5aiter43fp8gemm_bf16_blockscale_BpreShuffle_128x128E,preflight,-1,failed,0.3389,outside original FP32 accumulation bounds,0,2265154,14.674072265625
1088,6144,7168,asm_44_split5,asm,44,5,_ZN5aiter43fp8gemm_bf16_blockscale_BpreShuffle_128x128E,preflight,-1,failed,0.36,outside original FP32 accumulation bounds,0,2406174,15.855712890625
1088,6144,7168,asm_45_split6,asm,45,6,_ZN5aiter43fp8gemm_bf16_blockscale_BpreShuffle_128x128E,preflight,-1,failed,0.3795,outside original FP32 accumulation bounds,0,2536209,22.6097412109375
1088,6144,7168,asm_46_split7,asm,46,7,_ZN5aiter43fp8gemm_bf16_blockscale_BpreShuffle_128x128E,preflight,-1,failed,0.3979,outside original FP32 accumulation bounds,0,2659543,30.95166015625
1088,6144,7168,asm_47_split8,asm,47,8,_ZN5aiter43fp8gemm_bf16_blockscale_BpreShuffle_128x128E,preflight,-1,failed,0.4148,outside original FP32 accumulation bounds,0,2772253,19.6353759765625
1088,6144,7168,opus_9011,opus,9011,0,opus_gemm_gfx950_a8w8_mxscale_gemm_bpreshuffle_256x64x128x128_2x2_16x16x128_1x128x128_tiles1_nooob,preflight,-1,passed,0.0,,,,
1088,6144,7168,opus_9012,opus,9012,0,opus_gemm_gfx950_a8w8_mxscale_gemm_bpreshuffle_256x64x64x128_2x2_16x16x128_1x128x128_tiles1_nooob,preflight,-1,passed,0.0,,,,
1088,6144,7168,opus_9020,opus,9020,0,opus_gemm_gfx950_a8w8_mxscale_gemm_bpreshuffle_256x256x256x128_2x2_16x16x128_1x128x128_tiles1,preflight,-1,passed,0.0,,,,
1088,6144,7168,ck_12_split0,ck,12,0,a8w8_blockscale_bpreshuffle_1x128x128_256x32x64x256_16x16_16x16_16x16x1_16x16x1_1x32x1x8_8_2x1_intrawave_v1,timed,0,passed,0.0,,,,
1088,6144,7168,ck_13_split0,ck,13,0,a8w8_blockscale_bpreshuffle_1x128x128_256x64x256x128_16x16_16x16_8x32x1_8x32x1_1x32x1x8_8_2x1_intrawave_v1,timed,0,passed,0.0,,,,
1088,6144,7168,ck_14_split0,ck,14,0,a8w8_blockscale_bpreshuffle_1x128x128_256x64x128x128_16x16_16x16_8x32x1_8x32x1_1x32x1x8_8_2x1_intrawave_v1,timed,0,passed,0.0,,,,
1088,6144,7168,ck_15_split0,ck,15,0,a8w8_blockscale_bpreshuffle_1x128x128_256x64x64x128_16x16_16x16_8x32x1_8x32x1_1x32x1x8_8_2x1_intrawave_v1,timed,0,passed,0.0,,,,
1088,6144,7168,ck_16_split0,ck,16,0,a8w8_blockscale_bpreshuffle_1x128x128_256x64x128x256_16x16_16x16_16x16x1_16x16x1_1x32x1x8_8_2x1_intrawave_v1,timed,0,passed,0.0,,,,
1088,6144,7168,ck_17_split0,ck,17,0,a8w8_blockscale_bpreshuffle_1x128x128_256x64x64x256_16x16_16x16_16x16x1_16x16x1_1x32x1x8_8_2x1_intrawave_v1,timed,0,passed,0.0,,,,
1088,6144,7168,cktile_0_split0,cktile,0,0,a8w8_blockscale_cktile_16x128x256_1x4x1_16x16x128_intrawave_0x1x0_1,timed,0,passed,0.0,,,,
1088,6144,7168,cktile_1_split0,cktile,1,0,a8w8_blockscale_cktile_16x128x256_1x4x1_16x16x128_intrawave_0x1x0_2,timed,0,passed,0.0,,,,
1088,6144,7168,cktile_2_split0,cktile,2,0,a8w8_blockscale_cktile_16x128x256_1x4x1_16x16x64_intrawave_0x1x0_1,timed,0,passed,0.0,,,,
1088,6144,7168,cktile_3_split0,cktile,3,0,a8w8_blockscale_cktile_16x128x256_1x4x1_16x16x64_intrawave_0x1x0_2,timed,0,passed,0.0,,,,
1088,6144,7168,cktile_4_split0,cktile,4,0,a8w8_blockscale_cktile_32x128x128_1x4x1_16x16x128_intrawave_0x1x0_1,timed,0,passed,0.0,,,,
1088,6144,7168,cktile_5_split0,cktile,5,0,a8w8_blockscale_cktile_32x128x128_1x4x1_16x16x128_intrawave_0x1x0_2,timed,0,passed,0.0,,,,
1088,6144,7168,cktile_6_split0,cktile,6,0,a8w8_blockscale_cktile_32x128x128_1x4x1_16x16x64_intrawave_0x1x0_1,timed,0,passed,0.0,,,,
1088,6144,7168,cktile_7_split0,cktile,7,0,a8w8_blockscale_cktile_32x128x128_1x4x1_16x16x64_intrawave_0x1x0_2,timed,0,passed,0.0,,,,
1088,6144,7168,cktile_8_split0,cktile,8,0,a8w8_blockscale_cktile_128x128x128_1x4x1_16x16x128_intrawave_0x1x0_1,timed,0,passed,0.0,,,,
1088,6144,7168,cktile_9_split0,cktile,9,0,a8w8_blockscale_cktile_128x128x128_1x4x1_16x16x128_intrawave_0x1x0_1,timed,0,passed,0.0,,,,
1088,6144,7168,cktile_10_split0,cktile,10,0,a8w8_blockscale_cktile_128x128x128_2x2x1_16x16x128_intrawave_0x1x0_2,timed,0,passed,0.0,,,,
1088,6144,7168,cktile_11_split0,cktile,11,0,a8w8_blockscale_cktile_192x256x128_4x2x1_16x16x128_intrawave_0x1x0_1,timed,0,passed,0.0,,,,
1088,6144,7168,cktile_12_split0,cktile,12,0,a8w8_blockscale_cktile_192x256x128_4x2x1_16x16x128_intrawave_0x1x0_1_aqrm,timed,0,passed,0.0,,,,
1088,6144,7168,cktile_13_split0,cktile,13,0,a8w8_blockscale_cktile_16x128x256_1x4x1_16x16x128_intrawave_0x1x0_3,timed,0,passed,0.0,,,,
1088,6144,7168,cktile_14_split0,cktile,14,0,a8w8_blockscale_cktile_16x128x256_1x4x1_16x16x128_intrawave_0x1x0_4,timed,0,passed,0.0,,,,
1088,6144,7168,cktile_15_split0,cktile,15,0,a8w8_blockscale_cktile_16x128x256_1x4x1_16x16x64_intrawave_0x1x0_3,timed,0,passed,0.0,,,,
1088,6144,7168,cktile_16_split0,cktile,16,0,a8w8_blockscale_cktile_16x128x256_1x4x1_16x16x64_intrawave_0x1x0_4,timed,0,passed,0.0,,,,
1088,6144,7168,cktile_17_split0,cktile,17,0,a8w8_blockscale_cktile_32x128x128_1x4x1_16x16x128_intrawave_0x1x0_3,timed,0,passed,0.0,,,,
1088,6144,7168,cktile_18_split0,cktile,18,0,a8w8_blockscale_cktile_32x128x128_1x4x1_16x16x128_intrawave_0x1x0_4,timed,0,passed,0.0,,,,
1088,6144,7168,cktile_19_split0,cktile,19,0,a8w8_blockscale_cktile_32x128x128_1x4x1_16x16x64_intrawave_0x1x0_3,timed,0,passed,0.0,,,,
1088,6144,7168,cktile_20_split0,cktile,20,0,a8w8_blockscale_cktile_32x128x128_1x4x1_16x16x64_intrawave_0x1x0_4,timed,0,passed,0.0,,,,
1088,6144,7168,cktile_21_split0,cktile,21,0,a8w8_blockscale_cktile_128x128x128_1x4x1_16x16x128_intrawave_0x1x0_2,timed,0,passed,0.0,,,,
1088,6144,7168,cktile_22_split0,cktile,22,0,a8w8_blockscale_cktile_128x128x128_1x4x1_16x16x128_intrawave_0x1x0_3,timed,0,passed,0.0,,,,
1088,6144,7168,cktile_23_split0,cktile,23,0,a8w8_blockscale_cktile_128x128x128_1x4x1_16x16x128_intrawave_0x1x0_4,timed,0,passed,0.0,,,,
1088,6144,7168,cktile_24_split0,cktile,24,0,a8w8_blockscale_cktile_128x128x128_2x2x1_16x16x128_intrawave_0x1x0_1,timed,0,passed,0.0,,,,
1088,6144,7168,cktile_25_split0,cktile,25,0,a8w8_blockscale_cktile_128x128x128_2x2x1_16x16x128_intrawave_0x1x0_3,timed,0,passed,0.0,,,,
1088,6144,7168,cktile_26_split0,cktile,26,0,a8w8_blockscale_cktile_128x128x128_2x2x1_16x16x128_intrawave_0x1x0_4,timed,0,passed,0.0,,,,
1088,6144,7168,cktile_27_split0,cktile,27,0,a8w8_blockscale_cktile_192x256x128_4x2x1_16x16x128_intrawave_0x1x0_2,timed,0,passed,0.0,,,,
1088,6144,7168,cktile_28_split0,cktile,28,0,a8w8_blockscale_cktile_192x256x128_4x2x1_16x16x128_intrawave_0x1x0_3,timed,0,passed,0.0,,,,
1088,6144,7168,cktile_29_split0,cktile,29,0,a8w8_blockscale_cktile_192x256x128_4x2x1_16x16x128_intrawave_0x1x0_4,timed,0,passed,0.0,,,,
1088,6144,7168,cktile_30_split0,cktile,30,0,a8w8_blockscale_cktile_192x256x128_4x2x1_16x16x128_intrawave_0x1x0_2_aqrm,timed,0,passed,0.0,,,,
1088,6144,7168,cktile_31_split0,cktile,31,0,a8w8_blockscale_cktile_192x256x128_4x2x1_16x16x128_intrawave_0x1x0_3_aqrm,timed,0,passed,0.0,,,,
1088,6144,7168,cktile_32_split0,cktile,32,0,a8w8_blockscale_cktile_192x256x128_4x2x1_16x16x128_intrawave_0x1x0_4_aqrm,timed,0,passed,0.0,,,,
1088,6144,7168,opus_9011,opus,9011,0,opus_gemm_gfx950_a8w8_mxscale_gemm_bpreshuffle_256x64x128x128_2x2_16x16x128_1x128x128_tiles1_nooob,timed,0,passed,0.0,,,,
1088,6144,7168,opus_9012,opus,9012,0,opus_gemm_gfx950_a8w8_mxscale_gemm_bpreshuffle_256x64x64x128_2x2_16x16x128_1x128x128_tiles1_nooob,timed,0,passed,0.0,,,,
1088,6144,7168,opus_9020,opus,9020,0,opus_gemm_gfx950_a8w8_mxscale_gemm_bpreshuffle_256x256x256x128_2x2_16x16x128_1x128x128_tiles1,timed,0,passed,0.0,,,,
1088,6144,7168,ck_0_split0,ck,0,0,a8w8_blockscale_bpreshuffle_1x128x128_256x128x128x128_16x16_16x16_8x32x1_8x32x1_1x32x1x8_8_2x1_intrawave_v3,timed,0,passed,0.0,,,,
1088,6144,7168,ck_1_split0,ck,1,0,a8w8_blockscale_bpreshuffle_1x128x128_256x64x128x128_16x16_16x16_8x32x1_8x32x1_1x32x1x8_8_2x1_intrawave_v3,timed,0,passed,0.0,,,,
1088,6144,7168,ck_2_split0,ck,2,0,a8w8_blockscale_bpreshuffle_1x128x128_256x64x64x128_16x16_16x16_8x32x1_8x32x1_1x32x1x8_8_2x1_intrawave_v3,timed,0,passed,0.0,,,,
1088,6144,7168,ck_3_split0,ck,3,0,a8w8_blockscale_bpreshuffle_1x128x128_256x16x256x128_8x16_16x16_16x16x1_8x32x1_1x16x1x16_8_1x2_intrawave_v1,timed,0,passed,0.0,,,,
1088,6144,7168,ck_4_split0,ck,4,0,a8w8_blockscale_bpreshuffle_1x128x128_256x16x128x128_8x16_16x16_16x16x1_8x32x1_1x16x1x16_8_1x2_intrawave_v1,timed,0,passed,0.0,,,,
1088,6144,7168,ck_5_split0,ck,5,0,a8w8_blockscale_bpreshuffle_1x128x128_256x16x64x128_8x16_16x16_16x16x1_8x32x1_1x16x1x16_4_1x1_intrawave_v1,timed,0,passed,0.0,,,,
1088,6144,7168,ck_6_split0,ck,6,0,a8w8_blockscale_bpreshuffle_1x128x128_256x16x128x256_16x16_16x16_16x16x1_16x16x1_1x16x1x16_8_1x2_intrawave_v1,timed,0,passed,0.0,,,,
1088,6144,7168,ck_7_split0,ck,7,0,a8w8_blockscale_bpreshuffle_1x128x128_256x16x64x256_16x16_16x16_16x16x1_16x16x1_1x16x1x16_4_1x1_intrawave_v1,timed,0,passed,0.0,,,,
1088,6144,7168,ck_8_split0,ck,8,0,a8w8_blockscale_bpreshuffle_1x128x128_256x32x256x128_16x16_16x16_8x32x1_8x32x1_1x32x1x8_8_2x1_intrawave_v1,timed,0,passed,0.0,,,,
1088,6144,7168,ck_9_split0,ck,9,0,a8w8_blockscale_bpreshuffle_1x128x128_256x32x128x128_16x16_16x16_8x32x1_8x32x1_1x32x1x8_8_2x1_intrawave_v1,timed,0,passed,0.0,,,,
1088,6144,7168,ck_10_split0,ck,10,0,a8w8_blockscale_bpreshuffle_1x128x128_256x32x64x128_16x16_16x16_8x32x1_8x32x1_1x32x1x8_8_2x1_intrawave_v1,timed,0,passed,0.0,,,,
1088,6144,7168,ck_11_split0,ck,11,0,a8w8_blockscale_bpreshuffle_1x128x128_256x32x128x256_16x16_16x16_16x16x1_16x16x1_1x32x1x8_8_2x1_intrawave_v1,timed,0,passed,0.0,,,,
1088,6144,7168,ck_12_split0,ck,12,0,a8w8_blockscale_bpreshuffle_1x128x128_256x32x64x256_16x16_16x16_16x16x1_16x16x1_1x32x1x8_8_2x1_intrawave_v1,timed,1,passed,0.0,,,,
1088,6144,7168,ck_11_split0,ck,11,0,a8w8_blockscale_bpreshuffle_1x128x128_256x32x128x256_16x16_16x16_16x16x1_16x16x1_1x32x1x8_8_2x1_intrawave_v1,timed,1,passed,0.0,,,,
1088,6144,7168,ck_10_split0,ck,10,0,a8w8_blockscale_bpreshuffle_1x128x128_256x32x64x128_16x16_16x16_8x32x1_8x32x1_1x32x1x8_8_2x1_intrawave_v1,timed,1,passed,0.0,,,,
1088,6144,7168,ck_9_split0,ck,9,0,a8w8_blockscale_bpreshuffle_1x128x128_256x32x128x128_16x16_16x16_8x32x1_8x32x1_1x32x1x8_8_2x1_intrawave_v1,timed,1,passed,0.0,,,,
1088,6144,7168,ck_8_split0,ck,8,0,a8w8_blockscale_bpreshuffle_1x128x128_256x32x256x128_16x16_16x16_8x32x1_8x32x1_1x32x1x8_8_2x1_intrawave_v1,timed,1,passed,0.0,,,,
1088,6144,7168,ck_7_split0,ck,7,0,a8w8_blockscale_bpreshuffle_1x128x128_256x16x64x256_16x16_16x16_16x16x1_16x16x1_1x16x1x16_4_1x1_intrawave_v1,timed,1,passed,0.0,,,,
1088,6144,7168,ck_6_split0,ck,6,0,a8w8_blockscale_bpreshuffle_1x128x128_256x16x128x256_16x16_16x16_16x16x1_16x16x1_1x16x1x16_8_1x2_intrawave_v1,timed,1,passed,0.0,,,,
1088,6144,7168,ck_5_split0,ck,5,0,a8w8_blockscale_bpreshuffle_1x128x128_256x16x64x128_8x16_16x16_16x16x1_8x32x1_1x16x1x16_4_1x1_intrawave_v1,timed,1,passed,0.0,,,,
1088,6144,7168,ck_4_split0,ck,4,0,a8w8_blockscale_bpreshuffle_1x128x128_256x16x128x128_8x16_16x16_16x16x1_8x32x1_1x16x1x16_8_1x2_intrawave_v1,timed,1,passed,0.0,,,,
1088,6144,7168,ck_3_split0,ck,3,0,a8w8_blockscale_bpreshuffle_1x128x128_256x16x256x128_8x16_16x16_16x16x1_8x32x1_1x16x1x16_8_1x2_intrawave_v1,timed,1,passed,0.0,,,,
1088,6144,7168,ck_2_split0,ck,2,0,a8w8_blockscale_bpreshuffle_1x128x128_256x64x64x128_16x16_16x16_8x32x1_8x32x1_1x32x1x8_8_2x1_intrawave_v3,timed,1,passed,0.0,,,,
1088,6144,7168,ck_1_split0,ck,1,0,a8w8_blockscale_bpreshuffle_1x128x128_256x64x128x128_16x16_16x16_8x32x1_8x32x1_1x32x1x8_8_2x1_intrawave_v3,timed,1,passed,0.0,,,,
1088,6144,7168,ck_0_split0,ck,0,0,a8w8_blockscale_bpreshuffle_1x128x128_256x128x128x128_16x16_16x16_8x32x1_8x32x1_1x32x1x8_8_2x1_intrawave_v3,timed,1,passed,0.0,,,,
1088,6144,7168,opus_9020,opus,9020,0,opus_gemm_gfx950_a8w8_mxscale_gemm_bpreshuffle_256x256x256x128_2x2_16x16x128_1x128x128_tiles1,timed,1,passed,0.0,,,,
1088,6144,7168,opus_9012,opus,9012,0,opus_gemm_gfx950_a8w8_mxscale_gemm_bpreshuffle_256x64x64x128_2x2_16x16x128_1x128x128_tiles1_nooob,timed,1,passed,0.0,,,,
1088,6144,7168,opus_9011,opus,9011,0,opus_gemm_gfx950_a8w8_mxscale_gemm_bpreshuffle_256x64x128x128_2x2_16x16x128_1x128x128_tiles1_nooob,timed,1,passed,0.0,,,,
1088,6144,7168,cktile_32_split0,cktile,32,0,a8w8_blockscale_cktile_192x256x128_4x2x1_16x16x128_intrawave_0x1x0_4_aqrm,timed,1,passed,0.0,,,,
1088,6144,7168,cktile_31_split0,cktile,31,0,a8w8_blockscale_cktile_192x256x128_4x2x1_16x16x128_intrawave_0x1x0_3_aqrm,timed,1,passed,0.0,,,,
1088,6144,7168,cktile_30_split0,cktile,30,0,a8w8_blockscale_cktile_192x256x128_4x2x1_16x16x128_intrawave_0x1x0_2_aqrm,timed,1,passed,0.0,,,,
1088,6144,7168,cktile_29_split0,cktile,29,0,a8w8_blockscale_cktile_192x256x128_4x2x1_16x16x128_intrawave_0x1x0_4,timed,1,passed,0.0,,,,
1088,6144,7168,cktile_28_split0,cktile,28,0,a8w8_blockscale_cktile_192x256x128_4x2x1_16x16x128_intrawave_0x1x0_3,timed,1,passed,0.0,,,,
1088,6144,7168,cktile_27_split0,cktile,27,0,a8w8_blockscale_cktile_192x256x128_4x2x1_16x16x128_intrawave_0x1x0_2,timed,1,passed,0.0,,,,
1088,6144,7168,cktile_26_split0,cktile,26,0,a8w8_blockscale_cktile_128x128x128_2x2x1_16x16x128_intrawave_0x1x0_4,timed,1,passed,0.0,,,,
1088,6144,7168,cktile_25_split0,cktile,25,0,a8w8_blockscale_cktile_128x128x128_2x2x1_16x16x128_intrawave_0x1x0_3,timed,1,passed,0.0,,,,
1088,6144,7168,cktile_24_split0,cktile,24,0,a8w8_blockscale_cktile_128x128x128_2x2x1_16x16x128_intrawave_0x1x0_1,timed,1,passed,0.0,,,,
1088,6144,7168,cktile_23_split0,cktile,23,0,a8w8_blockscale_cktile_128x128x128_1x4x1_16x16x128_intrawave_0x1x0_4,timed,1,passed,0.0,,,,
1088,6144,7168,cktile_22_split0,cktile,22,0,a8w8_blockscale_cktile_128x128x128_1x4x1_16x16x128_intrawave_0x1x0_3,timed,1,passed,0.0,,,,
1088,6144,7168,cktile_21_split0,cktile,21,0,a8w8_blockscale_cktile_128x128x128_1x4x1_16x16x128_intrawave_0x1x0_2,timed,1,passed,0.0,,,,
1088,6144,7168,cktile_20_split0,cktile,20,0,a8w8_blockscale_cktile_32x128x128_1x4x1_16x16x64_intrawave_0x1x0_4,timed,1,passed,0.0,,,,
1088,6144,7168,cktile_19_split0,cktile,19,0,a8w8_blockscale_cktile_32x128x128_1x4x1_16x16x64_intrawave_0x1x0_3,timed,1,passed,0.0,,,,
1088,6144,7168,cktile_18_split0,cktile,18,0,a8w8_blockscale_cktile_32x128x128_1x4x1_16x16x128_intrawave_0x1x0_4,timed,1,passed,0.0,,,,
1088,6144,7168,cktile_17_split0,cktile,17,0,a8w8_blockscale_cktile_32x128x128_1x4x1_16x16x128_intrawave_0x1x0_3,timed,1,passed,0.0,,,,
1088,6144,7168,cktile_16_split0,cktile,16,0,a8w8_blockscale_cktile_16x128x256_1x4x1_16x16x64_intrawave_0x1x0_4,timed,1,passed,0.0,,,,
1088,6144,7168,cktile_15_split0,cktile,15,0,a8w8_blockscale_cktile_16x128x256_1x4x1_16x16x64_intrawave_0x1x0_3,timed,1,passed,0.0,,,,
1088,6144,7168,cktile_14_split0,cktile,14,0,a8w8_blockscale_cktile_16x128x256_1x4x1_16x16x128_intrawave_0x1x0_4,timed,1,passed,0.0,,,,
1088,6144,7168,cktile_13_split0,cktile,13,0,a8w8_blockscale_cktile_16x128x256_1x4x1_16x16x128_intrawave_0x1x0_3,timed,1,passed,0.0,,,,
1088,6144,7168,cktile_12_split0,cktile,12,0,a8w8_blockscale_cktile_192x256x128_4x2x1_16x16x128_intrawave_0x1x0_1_aqrm,timed,1,passed,0.0,,,,
1088,6144,7168,cktile_11_split0,cktile,11,0,a8w8_blockscale_cktile_192x256x128_4x2x1_16x16x128_intrawave_0x1x0_1,timed,1,passed,0.0,,,,
1088,6144,7168,cktile_10_split0,cktile,10,0,a8w8_blockscale_cktile_128x128x128_2x2x1_16x16x128_intrawave_0x1x0_2,timed,1,passed,0.0,,,,
1088,6144,7168,cktile_9_split0,cktile,9,0,a8w8_blockscale_cktile_128x128x128_1x4x1_16x16x128_intrawave_0x1x0_1,timed,1,passed,0.0,,,,
1088,6144,7168,cktile_8_split0,cktile,8,0,a8w8_blockscale_cktile_128x128x128_1x4x1_16x16x128_intrawave_0x1x0_1,timed,1,passed,0.0,,,,
1088,6144,7168,cktile_7_split0,cktile,7,0,a8w8_blockscale_cktile_32x128x128_1x4x1_16x16x64_intrawave_0x1x0_2,timed,1,passed,0.0,,,,
1088,6144,7168,cktile_6_split0,cktile,6,0,a8w8_blockscale_cktile_32x128x128_1x4x1_16x16x64_intrawave_0x1x0_1,timed,1,passed,0.0,,,,
1088,6144,7168,cktile_5_split0,cktile,5,0,a8w8_blockscale_cktile_32x128x128_1x4x1_16x16x128_intrawave_0x1x0_2,timed,1,passed,0.0,,,,
1088,6144,7168,cktile_4_split0,cktile,4,0,a8w8_blockscale_cktile_32x128x128_1x4x1_16x16x128_intrawave_0x1x0_1,timed,1,passed,0.0,,,,
1088,6144,7168,cktile_3_split0,cktile,3,0,a8w8_blockscale_cktile_16x128x256_1x4x1_16x16x64_intrawave_0x1x0_2,timed,1,passed,0.0,,,,
1088,6144,7168,cktile_2_split0,cktile,2,0,a8w8_blockscale_cktile_16x128x256_1x4x1_16x16x64_intrawave_0x1x0_1,timed,1,passed,0.0,,,,
1088,6144,7168,cktile_1_split0,cktile,1,0,a8w8_blockscale_cktile_16x128x256_1x4x1_16x16x128_intrawave_0x1x0_2,timed,1,passed,0.0,,,,
1088,6144,7168,cktile_0_split0,cktile,0,0,a8w8_blockscale_cktile_16x128x256_1x4x1_16x16x128_intrawave_0x1x0_1,timed,1,passed,0.0,,,,
1088,6144,7168,ck_17_split0,ck,17,0,a8w8_blockscale_bpreshuffle_1x128x128_256x64x64x256_16x16_16x16_16x16x1_16x16x1_1x32x1x8_8_2x1_intrawave_v1,timed,1,passed,0.0,,,,
1088,6144,7168,ck_16_split0,ck,16,0,a8w8_blockscale_bpreshuffle_1x128x128_256x64x128x256_16x16_16x16_16x16x1_16x16x1_1x32x1x8_8_2x1_intrawave_v1,timed,1,passed,0.0,,,,
1088,6144,7168,ck_15_split0,ck,15,0,a8w8_blockscale_bpreshuffle_1x128x128_256x64x64x128_16x16_16x16_8x32x1_8x32x1_1x32x1x8_8_2x1_intrawave_v1,timed,1,passed,0.0,,,,
1088,6144,7168,ck_14_split0,ck,14,0,a8w8_blockscale_bpreshuffle_1x128x128_256x64x128x128_16x16_16x16_8x32x1_8x32x1_1x32x1x8_8_2x1_intrawave_v1,timed,1,passed,0.0,,,,
1088,6144,7168,ck_13_split0,ck,13,0,a8w8_blockscale_bpreshuffle_1x128x128_256x64x256x128_16x16_16x16_8x32x1_8x32x1_1x32x1x8_8_2x1_intrawave_v1,timed,1,passed,0.0,,,,
