"Correlation_Id","Dispatch_Id","Agent_Id","Queue_Id","Process_Id","Thread_Id","Grid_Size","Kernel_Id","Kernel_Name","Workgroup_Size","LDS_Block_Size","Scratch_Size","VGPR_Count","Accum_VGPR_Count","SGPR_Count","Counter_Name","Counter_Value","Start_Timestamp","End_Timestamp"
24,24,"Agent 6",1,1368909,1368909,71680,1393,"void gemm_a8w8_mxfp8_scale_4wave_160x128_kernel<opus_gemm_mxscale_bpreshuffle_4wave_160x128_traits_gfx950>(opus_gemm_mxscale_bpreshuffle_kargs_gfx950)",256,81408,0,100,0,112,"OPUS_GFX950_GRBM_COUNT_MAX",39534.000000,3271249875145663,3271249875155064
24,24,"Agent 6",1,1368909,1368909,71680,1393,"void gemm_a8w8_mxfp8_scale_4wave_160x128_kernel<opus_gemm_mxscale_bpreshuffle_4wave_160x128_traits_gfx950>(opus_gemm_mxscale_bpreshuffle_kargs_gfx950)",256,81408,0,100,0,112,"OPUS_GFX950_GRBM_GUI_ACTIVE_MAX",39534.000000,3271249875145663,3271249875155064
24,24,"Agent 6",1,1368909,1368909,71680,1393,"void gemm_a8w8_mxfp8_scale_4wave_160x128_kernel<opus_gemm_mxscale_bpreshuffle_4wave_160x128_traits_gfx950>(opus_gemm_mxscale_bpreshuffle_kargs_gfx950)",256,81408,0,100,0,112,"OPUS_GFX950_SQ_WAVE_CYCLES_SUM",4193729.000000,3271249875145663,3271249875155064
24,24,"Agent 6",1,1368909,1368909,71680,1393,"void gemm_a8w8_mxfp8_scale_4wave_160x128_kernel<opus_gemm_mxscale_bpreshuffle_4wave_160x128_traits_gfx950>(opus_gemm_mxscale_bpreshuffle_kargs_gfx950)",256,81408,0,100,0,112,"OPUS_GFX950_SQ_WAVES_SUM",1120.000000,3271249875145663,3271249875155064
24,24,"Agent 6",1,1368909,1368909,71680,1393,"void gemm_a8w8_mxfp8_scale_4wave_160x128_kernel<opus_gemm_mxscale_bpreshuffle_4wave_160x128_traits_gfx950>(opus_gemm_mxscale_bpreshuffle_kargs_gfx950)",256,81408,0,100,0,112,"OPUS_GFX950_SQ_WAIT_ANY_SUM",2237908.000000,3271249875145663,3271249875155064
24,24,"Agent 6",1,1368909,1368909,71680,1393,"void gemm_a8w8_mxfp8_scale_4wave_160x128_kernel<opus_gemm_mxscale_bpreshuffle_4wave_160x128_traits_gfx950>(opus_gemm_mxscale_bpreshuffle_kargs_gfx950)",256,81408,0,100,0,112,"OPUS_GFX950_SQ_WAIT_INST_ANY_SUM",863187.000000,3271249875145663,3271249875155064
24,24,"Agent 6",1,1368909,1368909,71680,1393,"void gemm_a8w8_mxfp8_scale_4wave_160x128_kernel<opus_gemm_mxscale_bpreshuffle_4wave_160x128_traits_gfx950>(opus_gemm_mxscale_bpreshuffle_kargs_gfx950)",256,81408,0,100,0,112,"OPUS_GFX950_SQ_ACTIVE_INST_ANY_SUM",1092634.000000,3271249875145663,3271249875155064
24,24,"Agent 6",1,1368909,1368909,71680,1393,"void gemm_a8w8_mxfp8_scale_4wave_160x128_kernel<opus_gemm_mxscale_bpreshuffle_4wave_160x128_traits_gfx950>(opus_gemm_mxscale_bpreshuffle_kargs_gfx950)",256,81408,0,100,0,112,"OPUS_GFX950_SQ_BUSY_CYCLES_SUM",503477.000000,3271249875145663,3271249875155064
24,24,"Agent 6",1,1368909,1368909,71680,1393,"void gemm_a8w8_mxfp8_scale_4wave_160x128_kernel<opus_gemm_mxscale_bpreshuffle_4wave_160x128_traits_gfx950>(opus_gemm_mxscale_bpreshuffle_kargs_gfx950)",256,81408,0,100,0,112,"OPUS_GFX950_SQ_VALU_MFMA_BUSY_CYCLES_SUM",2150400.000000,3271249875145663,3271249875155064
24,24,"Agent 6",1,1368909,1368909,71680,1393,"void gemm_a8w8_mxfp8_scale_4wave_160x128_kernel<opus_gemm_mxscale_bpreshuffle_4wave_160x128_traits_gfx950>(opus_gemm_mxscale_bpreshuffle_kargs_gfx950)",256,81408,0,100,0,112,"OPUS_GFX950_SQ_INSTS_VALU_MFMA_MOPS_F8_SUM",8601600.000000,3271249875145663,3271249875155064
24,24,"Agent 6",1,1368909,1368909,71680,1393,"void gemm_a8w8_mxfp8_scale_4wave_160x128_kernel<opus_gemm_mxscale_bpreshuffle_4wave_160x128_traits_gfx950>(opus_gemm_mxscale_bpreshuffle_kargs_gfx950)",256,81408,0,100,0,112,"OPUS_GFX950_TCC_EA0_RDREQ_DRAM_32B_SUM",165584.000000,3271249875145663,3271249875155064
24,24,"Agent 6",1,1368909,1368909,71680,1393,"void gemm_a8w8_mxfp8_scale_4wave_160x128_kernel<opus_gemm_mxscale_bpreshuffle_4wave_160x128_traits_gfx950>(opus_gemm_mxscale_bpreshuffle_kargs_gfx950)",256,81408,0,100,0,112,"OPUS_GFX950_TCC_EA0_WRREQ_WRITE_DRAM_32B_SUM",358400.000000,3271249875145663,3271249875155064
24,24,"Agent 6",1,1368909,1368909,71680,1393,"void gemm_a8w8_mxfp8_scale_4wave_160x128_kernel<opus_gemm_mxscale_bpreshuffle_4wave_160x128_traits_gfx950>(opus_gemm_mxscale_bpreshuffle_kargs_gfx950)",256,81408,0,100,0,112,"OPUS_GFX950_TCP_TCP_TA_ADDR_STALL_CYCLES_SUM",72789.000000,3271249875145663,3271249875155064
24,24,"Agent 6",1,1368909,1368909,71680,1393,"void gemm_a8w8_mxfp8_scale_4wave_160x128_kernel<opus_gemm_mxscale_bpreshuffle_4wave_160x128_traits_gfx950>(opus_gemm_mxscale_bpreshuffle_kargs_gfx950)",256,81408,0,100,0,112,"OPUS_GFX950_TCP_TCR_TCP_STALL_CYCLES_SUM",304575.000000,3271249875145663,3271249875155064
24,24,"Agent 6",1,1368909,1368909,71680,1393,"void gemm_a8w8_mxfp8_scale_4wave_160x128_kernel<opus_gemm_mxscale_bpreshuffle_4wave_160x128_traits_gfx950>(opus_gemm_mxscale_bpreshuffle_kargs_gfx950)",256,81408,0,100,0,112,"OPUS_GFX950_TCP_LFIFO_STALL_CYCLES_SUM",0.00000000e+00,3271249875145663,3271249875155064
24,24,"Agent 6",1,1368909,1368909,71680,1393,"void gemm_a8w8_mxfp8_scale_4wave_160x128_kernel<opus_gemm_mxscale_bpreshuffle_4wave_160x128_traits_gfx950>(opus_gemm_mxscale_bpreshuffle_kargs_gfx950)",256,81408,0,100,0,112,"OPUS_GFX950_TCP_GATE_EN1_SUM",4652200.000000,3271249875145663,3271249875155064
25,25,"Agent 6",1,1368909,1368909,71680,1393,"void gemm_a8w8_mxfp8_scale_4wave_160x128_kernel<opus_gemm_mxscale_bpreshuffle_4wave_160x128_traits_gfx950>(opus_gemm_mxscale_bpreshuffle_kargs_gfx950)",256,81408,0,100,0,112,"OPUS_GFX950_GRBM_COUNT_MAX",40420.000000,3271249878220096,3271249878229136
25,25,"Agent 6",1,1368909,1368909,71680,1393,"void gemm_a8w8_mxfp8_scale_4wave_160x128_kernel<opus_gemm_mxscale_bpreshuffle_4wave_160x128_traits_gfx950>(opus_gemm_mxscale_bpreshuffle_kargs_gfx950)",256,81408,0,100,0,112,"OPUS_GFX950_GRBM_GUI_ACTIVE_MAX",40420.000000,3271249878220096,3271249878229136
25,25,"Agent 6",1,1368909,1368909,71680,1393,"void gemm_a8w8_mxfp8_scale_4wave_160x128_kernel<opus_gemm_mxscale_bpreshuffle_4wave_160x128_traits_gfx950>(opus_gemm_mxscale_bpreshuffle_kargs_gfx950)",256,81408,0,100,0,112,"OPUS_GFX950_SQ_WAVE_CYCLES_SUM",3793123.000000,3271249878220096,3271249878229136
25,25,"Agent 6",1,1368909,1368909,71680,1393,"void gemm_a8w8_mxfp8_scale_4wave_160x128_kernel<opus_gemm_mxscale_bpreshuffle_4wave_160x128_traits_gfx950>(opus_gemm_mxscale_bpreshuffle_kargs_gfx950)",256,81408,0,100,0,112,"OPUS_GFX950_SQ_WAVES_SUM",1120.000000,3271249878220096,3271249878229136
25,25,"Agent 6",1,1368909,1368909,71680,1393,"void gemm_a8w8_mxfp8_scale_4wave_160x128_kernel<opus_gemm_mxscale_bpreshuffle_4wave_160x128_traits_gfx950>(opus_gemm_mxscale_bpreshuffle_kargs_gfx950)",256,81408,0,100,0,112,"OPUS_GFX950_SQ_WAIT_ANY_SUM",1932443.000000,3271249878220096,3271249878229136
25,25,"Agent 6",1,1368909,1368909,71680,1393,"void gemm_a8w8_mxfp8_scale_4wave_160x128_kernel<opus_gemm_mxscale_bpreshuffle_4wave_160x128_traits_gfx950>(opus_gemm_mxscale_bpreshuffle_kargs_gfx950)",256,81408,0,100,0,112,"OPUS_GFX950_SQ_WAIT_INST_ANY_SUM",767403.000000,3271249878220096,3271249878229136
25,25,"Agent 6",1,1368909,1368909,71680,1393,"void gemm_a8w8_mxfp8_scale_4wave_160x128_kernel<opus_gemm_mxscale_bpreshuffle_4wave_160x128_traits_gfx950>(opus_gemm_mxscale_bpreshuffle_kargs_gfx950)",256,81408,0,100,0,112,"OPUS_GFX950_SQ_ACTIVE_INST_ANY_SUM",1093277.000000,3271249878220096,3271249878229136
25,25,"Agent 6",1,1368909,1368909,71680,1393,"void gemm_a8w8_mxfp8_scale_4wave_160x128_kernel<opus_gemm_mxscale_bpreshuffle_4wave_160x128_traits_gfx950>(opus_gemm_mxscale_bpreshuffle_kargs_gfx950)",256,81408,0,100,0,112,"OPUS_GFX950_SQ_BUSY_CYCLES_SUM",473782.000000,3271249878220096,3271249878229136
25,25,"Agent 6",1,1368909,1368909,71680,1393,"void gemm_a8w8_mxfp8_scale_4wave_160x128_kernel<opus_gemm_mxscale_bpreshuffle_4wave_160x128_traits_gfx950>(opus_gemm_mxscale_bpreshuffle_kargs_gfx950)",256,81408,0,100,0,112,"OPUS_GFX950_SQ_VALU_MFMA_BUSY_CYCLES_SUM",2150400.000000,3271249878220096,3271249878229136
25,25,"Agent 6",1,1368909,1368909,71680,1393,"void gemm_a8w8_mxfp8_scale_4wave_160x128_kernel<opus_gemm_mxscale_bpreshuffle_4wave_160x128_traits_gfx950>(opus_gemm_mxscale_bpreshuffle_kargs_gfx950)",256,81408,0,100,0,112,"OPUS_GFX950_SQ_INSTS_VALU_MFMA_MOPS_F8_SUM",8601600.000000,3271249878220096,3271249878229136
25,25,"Agent 6",1,1368909,1368909,71680,1393,"void gemm_a8w8_mxfp8_scale_4wave_160x128_kernel<opus_gemm_mxscale_bpreshuffle_4wave_160x128_traits_gfx950>(opus_gemm_mxscale_bpreshuffle_kargs_gfx950)",256,81408,0,100,0,112,"OPUS_GFX950_TCC_EA0_RDREQ_DRAM_32B_SUM",165504.000000,3271249878220096,3271249878229136
25,25,"Agent 6",1,1368909,1368909,71680,1393,"void gemm_a8w8_mxfp8_scale_4wave_160x128_kernel<opus_gemm_mxscale_bpreshuffle_4wave_160x128_traits_gfx950>(opus_gemm_mxscale_bpreshuffle_kargs_gfx950)",256,81408,0,100,0,112,"OPUS_GFX950_TCC_EA0_WRREQ_WRITE_DRAM_32B_SUM",358400.000000,3271249878220096,3271249878229136
25,25,"Agent 6",1,1368909,1368909,71680,1393,"void gemm_a8w8_mxfp8_scale_4wave_160x128_kernel<opus_gemm_mxscale_bpreshuffle_4wave_160x128_traits_gfx950>(opus_gemm_mxscale_bpreshuffle_kargs_gfx950)",256,81408,0,100,0,112,"OPUS_GFX950_TCP_TCP_TA_ADDR_STALL_CYCLES_SUM",103662.000000,3271249878220096,3271249878229136
25,25,"Agent 6",1,1368909,1368909,71680,1393,"void gemm_a8w8_mxfp8_scale_4wave_160x128_kernel<opus_gemm_mxscale_bpreshuffle_4wave_160x128_traits_gfx950>(opus_gemm_mxscale_bpreshuffle_kargs_gfx950)",256,81408,0,100,0,112,"OPUS_GFX950_TCP_TCR_TCP_STALL_CYCLES_SUM",265606.000000,3271249878220096,3271249878229136
25,25,"Agent 6",1,1368909,1368909,71680,1393,"void gemm_a8w8_mxfp8_scale_4wave_160x128_kernel<opus_gemm_mxscale_bpreshuffle_4wave_160x128_traits_gfx950>(opus_gemm_mxscale_bpreshuffle_kargs_gfx950)",256,81408,0,100,0,112,"OPUS_GFX950_TCP_LFIFO_STALL_CYCLES_SUM",0.00000000e+00,3271249878220096,3271249878229136
25,25,"Agent 6",1,1368909,1368909,71680,1393,"void gemm_a8w8_mxfp8_scale_4wave_160x128_kernel<opus_gemm_mxscale_bpreshuffle_4wave_160x128_traits_gfx950>(opus_gemm_mxscale_bpreshuffle_kargs_gfx950)",256,81408,0,100,0,112,"OPUS_GFX950_TCP_GATE_EN1_SUM",4414544.000000,3271249878220096,3271249878229136
26,26,"Agent 6",1,1368909,1368909,71680,1393,"void gemm_a8w8_mxfp8_scale_4wave_160x128_kernel<opus_gemm_mxscale_bpreshuffle_4wave_160x128_traits_gfx950>(opus_gemm_mxscale_bpreshuffle_kargs_gfx950)",256,81408,0,100,0,112,"OPUS_GFX950_GRBM_COUNT_MAX",38666.000000,3271249878425217,3271249878434377
26,26,"Agent 6",1,1368909,1368909,71680,1393,"void gemm_a8w8_mxfp8_scale_4wave_160x128_kernel<opus_gemm_mxscale_bpreshuffle_4wave_160x128_traits_gfx950>(opus_gemm_mxscale_bpreshuffle_kargs_gfx950)",256,81408,0,100,0,112,"OPUS_GFX950_GRBM_GUI_ACTIVE_MAX",38666.000000,3271249878425217,3271249878434377
26,26,"Agent 6",1,1368909,1368909,71680,1393,"void gemm_a8w8_mxfp8_scale_4wave_160x128_kernel<opus_gemm_mxscale_bpreshuffle_4wave_160x128_traits_gfx950>(opus_gemm_mxscale_bpreshuffle_kargs_gfx950)",256,81408,0,100,0,112,"OPUS_GFX950_SQ_WAVE_CYCLES_SUM",3875247.000000,3271249878425217,3271249878434377
26,26,"Agent 6",1,1368909,1368909,71680,1393,"void gemm_a8w8_mxfp8_scale_4wave_160x128_kernel<opus_gemm_mxscale_bpreshuffle_4wave_160x128_traits_gfx950>(opus_gemm_mxscale_bpreshuffle_kargs_gfx950)",256,81408,0,100,0,112,"OPUS_GFX950_SQ_WAVES_SUM",1120.000000,3271249878425217,3271249878434377
26,26,"Agent 6",1,1368909,1368909,71680,1393,"void gemm_a8w8_mxfp8_scale_4wave_160x128_kernel<opus_gemm_mxscale_bpreshuffle_4wave_160x128_traits_gfx950>(opus_gemm_mxscale_bpreshuffle_kargs_gfx950)",256,81408,0,100,0,112,"OPUS_GFX950_SQ_WAIT_ANY_SUM",1982420.000000,3271249878425217,3271249878434377
26,26,"Agent 6",1,1368909,1368909,71680,1393,"void gemm_a8w8_mxfp8_scale_4wave_160x128_kernel<opus_gemm_mxscale_bpreshuffle_4wave_160x128_traits_gfx950>(opus_gemm_mxscale_bpreshuffle_kargs_gfx950)",256,81408,0,100,0,112,"OPUS_GFX950_SQ_WAIT_INST_ANY_SUM",799379.000000,3271249878425217,3271249878434377
26,26,"Agent 6",1,1368909,1368909,71680,1393,"void gemm_a8w8_mxfp8_scale_4wave_160x128_kernel<opus_gemm_mxscale_bpreshuffle_4wave_160x128_traits_gfx950>(opus_gemm_mxscale_bpreshuffle_kargs_gfx950)",256,81408,0,100,0,112,"OPUS_GFX950_SQ_ACTIVE_INST_ANY_SUM",1093448.000000,3271249878425217,3271249878434377
26,26,"Agent 6",1,1368909,1368909,71680,1393,"void gemm_a8w8_mxfp8_scale_4wave_160x128_kernel<opus_gemm_mxscale_bpreshuffle_4wave_160x128_traits_gfx950>(opus_gemm_mxscale_bpreshuffle_kargs_gfx950)",256,81408,0,100,0,112,"OPUS_GFX950_SQ_BUSY_CYCLES_SUM",480187.000000,3271249878425217,3271249878434377
26,26,"Agent 6",1,1368909,1368909,71680,1393,"void gemm_a8w8_mxfp8_scale_4wave_160x128_kernel<opus_gemm_mxscale_bpreshuffle_4wave_160x128_traits_gfx950>(opus_gemm_mxscale_bpreshuffle_kargs_gfx950)",256,81408,0,100,0,112,"OPUS_GFX950_SQ_VALU_MFMA_BUSY_CYCLES_SUM",2150400.000000,3271249878425217,3271249878434377
26,26,"Agent 6",1,1368909,1368909,71680,1393,"void gemm_a8w8_mxfp8_scale_4wave_160x128_kernel<opus_gemm_mxscale_bpreshuffle_4wave_160x128_traits_gfx950>(opus_gemm_mxscale_bpreshuffle_kargs_gfx950)",256,81408,0,100,0,112,"OPUS_GFX950_SQ_INSTS_VALU_MFMA_MOPS_F8_SUM",8601600.000000,3271249878425217,3271249878434377
26,26,"Agent 6",1,1368909,1368909,71680,1393,"void gemm_a8w8_mxfp8_scale_4wave_160x128_kernel<opus_gemm_mxscale_bpreshuffle_4wave_160x128_traits_gfx950>(opus_gemm_mxscale_bpreshuffle_kargs_gfx950)",256,81408,0,100,0,112,"OPUS_GFX950_TCC_EA0_RDREQ_DRAM_32B_SUM",165536.000000,3271249878425217,3271249878434377
26,26,"Agent 6",1,1368909,1368909,71680,1393,"void gemm_a8w8_mxfp8_scale_4wave_160x128_kernel<opus_gemm_mxscale_bpreshuffle_4wave_160x128_traits_gfx950>(opus_gemm_mxscale_bpreshuffle_kargs_gfx950)",256,81408,0,100,0,112,"OPUS_GFX950_TCC_EA0_WRREQ_WRITE_DRAM_32B_SUM",358400.000000,3271249878425217,3271249878434377
26,26,"Agent 6",1,1368909,1368909,71680,1393,"void gemm_a8w8_mxfp8_scale_4wave_160x128_kernel<opus_gemm_mxscale_bpreshuffle_4wave_160x128_traits_gfx950>(opus_gemm_mxscale_bpreshuffle_kargs_gfx950)",256,81408,0,100,0,112,"OPUS_GFX950_TCP_TCP_TA_ADDR_STALL_CYCLES_SUM",93369.000000,3271249878425217,3271249878434377
26,26,"Agent 6",1,1368909,1368909,71680,1393,"void gemm_a8w8_mxfp8_scale_4wave_160x128_kernel<opus_gemm_mxscale_bpreshuffle_4wave_160x128_traits_gfx950>(opus_gemm_mxscale_bpreshuffle_kargs_gfx950)",256,81408,0,100,0,112,"OPUS_GFX950_TCP_TCR_TCP_STALL_CYCLES_SUM",288468.000000,3271249878425217,3271249878434377
26,26,"Agent 6",1,1368909,1368909,71680,1393,"void gemm_a8w8_mxfp8_scale_4wave_160x128_kernel<opus_gemm_mxscale_bpreshuffle_4wave_160x128_traits_gfx950>(opus_gemm_mxscale_bpreshuffle_kargs_gfx950)",256,81408,0,100,0,112,"OPUS_GFX950_TCP_LFIFO_STALL_CYCLES_SUM",0.00000000e+00,3271249878425217,3271249878434377
26,26,"Agent 6",1,1368909,1368909,71680,1393,"void gemm_a8w8_mxfp8_scale_4wave_160x128_kernel<opus_gemm_mxscale_bpreshuffle_4wave_160x128_traits_gfx950>(opus_gemm_mxscale_bpreshuffle_kargs_gfx950)",256,81408,0,100,0,112,"OPUS_GFX950_TCP_GATE_EN1_SUM",4466000.000000,3271249878425217,3271249878434377
27,27,"Agent 6",1,1368909,1368909,71680,1393,"void gemm_a8w8_mxfp8_scale_4wave_160x128_kernel<opus_gemm_mxscale_bpreshuffle_4wave_160x128_traits_gfx950>(opus_gemm_mxscale_bpreshuffle_kargs_gfx950)",256,81408,0,100,0,112,"OPUS_GFX950_GRBM_COUNT_MAX",43251.000000,3271249878630259,3271249878639379
27,27,"Agent 6",1,1368909,1368909,71680,1393,"void gemm_a8w8_mxfp8_scale_4wave_160x128_kernel<opus_gemm_mxscale_bpreshuffle_4wave_160x128_traits_gfx950>(opus_gemm_mxscale_bpreshuffle_kargs_gfx950)",256,81408,0,100,0,112,"OPUS_GFX950_GRBM_GUI_ACTIVE_MAX",43251.000000,3271249878630259,3271249878639379
27,27,"Agent 6",1,1368909,1368909,71680,1393,"void gemm_a8w8_mxfp8_scale_4wave_160x128_kernel<opus_gemm_mxscale_bpreshuffle_4wave_160x128_traits_gfx950>(opus_gemm_mxscale_bpreshuffle_kargs_gfx950)",256,81408,0,100,0,112,"OPUS_GFX950_SQ_WAVE_CYCLES_SUM",3799389.000000,3271249878630259,3271249878639379
27,27,"Agent 6",1,1368909,1368909,71680,1393,"void gemm_a8w8_mxfp8_scale_4wave_160x128_kernel<opus_gemm_mxscale_bpreshuffle_4wave_160x128_traits_gfx950>(opus_gemm_mxscale_bpreshuffle_kargs_gfx950)",256,81408,0,100,0,112,"OPUS_GFX950_SQ_WAVES_SUM",1120.000000,3271249878630259,3271249878639379
27,27,"Agent 6",1,1368909,1368909,71680,1393,"void gemm_a8w8_mxfp8_scale_4wave_160x128_kernel<opus_gemm_mxscale_bpreshuffle_4wave_160x128_traits_gfx950>(opus_gemm_mxscale_bpreshuffle_kargs_gfx950)",256,81408,0,100,0,112,"OPUS_GFX950_SQ_WAIT_ANY_SUM",1924083.000000,3271249878630259,3271249878639379
27,27,"Agent 6",1,1368909,1368909,71680,1393,"void gemm_a8w8_mxfp8_scale_4wave_160x128_kernel<opus_gemm_mxscale_bpreshuffle_4wave_160x128_traits_gfx950>(opus_gemm_mxscale_bpreshuffle_kargs_gfx950)",256,81408,0,100,0,112,"OPUS_GFX950_SQ_WAIT_INST_ANY_SUM",781560.000000,3271249878630259,3271249878639379
27,27,"Agent 6",1,1368909,1368909,71680,1393,"void gemm_a8w8_mxfp8_scale_4wave_160x128_kernel<opus_gemm_mxscale_bpreshuffle_4wave_160x128_traits_gfx950>(opus_gemm_mxscale_bpreshuffle_kargs_gfx950)",256,81408,0,100,0,112,"OPUS_GFX950_SQ_ACTIVE_INST_ANY_SUM",1093746.000000,3271249878630259,3271249878639379
27,27,"Agent 6",1,1368909,1368909,71680,1393,"void gemm_a8w8_mxfp8_scale_4wave_160x128_kernel<opus_gemm_mxscale_bpreshuffle_4wave_160x128_traits_gfx950>(opus_gemm_mxscale_bpreshuffle_kargs_gfx950)",256,81408,0,100,0,112,"OPUS_GFX950_SQ_BUSY_CYCLES_SUM",471609.000000,3271249878630259,3271249878639379
27,27,"Agent 6",1,1368909,1368909,71680,1393,"void gemm_a8w8_mxfp8_scale_4wave_160x128_kernel<opus_gemm_mxscale_bpreshuffle_4wave_160x128_traits_gfx950>(opus_gemm_mxscale_bpreshuffle_kargs_gfx950)",256,81408,0,100,0,112,"OPUS_GFX950_SQ_VALU_MFMA_BUSY_CYCLES_SUM",2150400.000000,3271249878630259,3271249878639379
27,27,"Agent 6",1,1368909,1368909,71680,1393,"void gemm_a8w8_mxfp8_scale_4wave_160x128_kernel<opus_gemm_mxscale_bpreshuffle_4wave_160x128_traits_gfx950>(opus_gemm_mxscale_bpreshuffle_kargs_gfx950)",256,81408,0,100,0,112,"OPUS_GFX950_SQ_INSTS_VALU_MFMA_MOPS_F8_SUM",8601600.000000,3271249878630259,3271249878639379
27,27,"Agent 6",1,1368909,1368909,71680,1393,"void gemm_a8w8_mxfp8_scale_4wave_160x128_kernel<opus_gemm_mxscale_bpreshuffle_4wave_160x128_traits_gfx950>(opus_gemm_mxscale_bpreshuffle_kargs_gfx950)",256,81408,0,100,0,112,"OPUS_GFX950_TCC_EA0_RDREQ_DRAM_32B_SUM",165536.000000,3271249878630259,3271249878639379
27,27,"Agent 6",1,1368909,1368909,71680,1393,"void gemm_a8w8_mxfp8_scale_4wave_160x128_kernel<opus_gemm_mxscale_bpreshuffle_4wave_160x128_traits_gfx950>(opus_gemm_mxscale_bpreshuffle_kargs_gfx950)",256,81408,0,100,0,112,"OPUS_GFX950_TCC_EA0_WRREQ_WRITE_DRAM_32B_SUM",358400.000000,3271249878630259,3271249878639379
27,27,"Agent 6",1,1368909,1368909,71680,1393,"void gemm_a8w8_mxfp8_scale_4wave_160x128_kernel<opus_gemm_mxscale_bpreshuffle_4wave_160x128_traits_gfx950>(opus_gemm_mxscale_bpreshuffle_kargs_gfx950)",256,81408,0,100,0,112,"OPUS_GFX950_TCP_TCP_TA_ADDR_STALL_CYCLES_SUM",85132.000000,3271249878630259,3271249878639379
27,27,"Agent 6",1,1368909,1368909,71680,1393,"void gemm_a8w8_mxfp8_scale_4wave_160x128_kernel<opus_gemm_mxscale_bpreshuffle_4wave_160x128_traits_gfx950>(opus_gemm_mxscale_bpreshuffle_kargs_gfx950)",256,81408,0,100,0,112,"OPUS_GFX950_TCP_TCR_TCP_STALL_CYCLES_SUM",239603.000000,3271249878630259,3271249878639379
27,27,"Agent 6",1,1368909,1368909,71680,1393,"void gemm_a8w8_mxfp8_scale_4wave_160x128_kernel<opus_gemm_mxscale_bpreshuffle_4wave_160x128_traits_gfx950>(opus_gemm_mxscale_bpreshuffle_kargs_gfx950)",256,81408,0,100,0,112,"OPUS_GFX950_TCP_LFIFO_STALL_CYCLES_SUM",0.00000000e+00,3271249878630259,3271249878639379
27,27,"Agent 6",1,1368909,1368909,71680,1393,"void gemm_a8w8_mxfp8_scale_4wave_160x128_kernel<opus_gemm_mxscale_bpreshuffle_4wave_160x128_traits_gfx950>(opus_gemm_mxscale_bpreshuffle_kargs_gfx950)",256,81408,0,100,0,112,"OPUS_GFX950_TCP_GATE_EN1_SUM",4397328.000000,3271249878630259,3271249878639379
28,28,"Agent 6",1,1368909,1368909,71680,1393,"void gemm_a8w8_mxfp8_scale_4wave_160x128_kernel<opus_gemm_mxscale_bpreshuffle_4wave_160x128_traits_gfx950>(opus_gemm_mxscale_bpreshuffle_kargs_gfx950)",256,81408,0,100,0,112,"OPUS_GFX950_GRBM_COUNT_MAX",41603.000000,3271249878835060,3271249878844300
28,28,"Agent 6",1,1368909,1368909,71680,1393,"void gemm_a8w8_mxfp8_scale_4wave_160x128_kernel<opus_gemm_mxscale_bpreshuffle_4wave_160x128_traits_gfx950>(opus_gemm_mxscale_bpreshuffle_kargs_gfx950)",256,81408,0,100,0,112,"OPUS_GFX950_GRBM_GUI_ACTIVE_MAX",41603.000000,3271249878835060,3271249878844300
28,28,"Agent 6",1,1368909,1368909,71680,1393,"void gemm_a8w8_mxfp8_scale_4wave_160x128_kernel<opus_gemm_mxscale_bpreshuffle_4wave_160x128_traits_gfx950>(opus_gemm_mxscale_bpreshuffle_kargs_gfx950)",256,81408,0,100,0,112,"OPUS_GFX950_SQ_WAVE_CYCLES_SUM",3871679.000000,3271249878835060,3271249878844300
28,28,"Agent 6",1,1368909,1368909,71680,1393,"void gemm_a8w8_mxfp8_scale_4wave_160x128_kernel<opus_gemm_mxscale_bpreshuffle_4wave_160x128_traits_gfx950>(opus_gemm_mxscale_bpreshuffle_kargs_gfx950)",256,81408,0,100,0,112,"OPUS_GFX950_SQ_WAVES_SUM",1120.000000,3271249878835060,3271249878844300
28,28,"Agent 6",1,1368909,1368909,71680,1393,"void gemm_a8w8_mxfp8_scale_4wave_160x128_kernel<opus_gemm_mxscale_bpreshuffle_4wave_160x128_traits_gfx950>(opus_gemm_mxscale_bpreshuffle_kargs_gfx950)",256,81408,0,100,0,112,"OPUS_GFX950_SQ_WAIT_ANY_SUM",2007531.000000,3271249878835060,3271249878844300
28,28,"Agent 6",1,1368909,1368909,71680,1393,"void gemm_a8w8_mxfp8_scale_4wave_160x128_kernel<opus_gemm_mxscale_bpreshuffle_4wave_160x128_traits_gfx950>(opus_gemm_mxscale_bpreshuffle_kargs_gfx950)",256,81408,0,100,0,112,"OPUS_GFX950_SQ_WAIT_INST_ANY_SUM",770772.000000,3271249878835060,3271249878844300
28,28,"Agent 6",1,1368909,1368909,71680,1393,"void gemm_a8w8_mxfp8_scale_4wave_160x128_kernel<opus_gemm_mxscale_bpreshuffle_4wave_160x128_traits_gfx950>(opus_gemm_mxscale_bpreshuffle_kargs_gfx950)",256,81408,0,100,0,112,"OPUS_GFX950_SQ_ACTIVE_INST_ANY_SUM",1093376.000000,3271249878835060,3271249878844300
28,28,"Agent 6",1,1368909,1368909,71680,1393,"void gemm_a8w8_mxfp8_scale_4wave_160x128_kernel<opus_gemm_mxscale_bpreshuffle_4wave_160x128_traits_gfx950>(opus_gemm_mxscale_bpreshuffle_kargs_gfx950)",256,81408,0,100,0,112,"OPUS_GFX950_SQ_BUSY_CYCLES_SUM",476736.000000,3271249878835060,3271249878844300
28,28,"Agent 6",1,1368909,1368909,71680,1393,"void gemm_a8w8_mxfp8_scale_4wave_160x128_kernel<opus_gemm_mxscale_bpreshuffle_4wave_160x128_traits_gfx950>(opus_gemm_mxscale_bpreshuffle_kargs_gfx950)",256,81408,0,100,0,112,"OPUS_GFX950_SQ_VALU_MFMA_BUSY_CYCLES_SUM",2150400.000000,3271249878835060,3271249878844300
28,28,"Agent 6",1,1368909,1368909,71680,1393,"void gemm_a8w8_mxfp8_scale_4wave_160x128_kernel<opus_gemm_mxscale_bpreshuffle_4wave_160x128_traits_gfx950>(opus_gemm_mxscale_bpreshuffle_kargs_gfx950)",256,81408,0,100,0,112,"OPUS_GFX950_SQ_INSTS_VALU_MFMA_MOPS_F8_SUM",8601600.000000,3271249878835060,3271249878844300
28,28,"Agent 6",1,1368909,1368909,71680,1393,"void gemm_a8w8_mxfp8_scale_4wave_160x128_kernel<opus_gemm_mxscale_bpreshuffle_4wave_160x128_traits_gfx950>(opus_gemm_mxscale_bpreshuffle_kargs_gfx950)",256,81408,0,100,0,112,"OPUS_GFX950_TCC_EA0_RDREQ_DRAM_32B_SUM",165536.000000,3271249878835060,3271249878844300
28,28,"Agent 6",1,1368909,1368909,71680,1393,"void gemm_a8w8_mxfp8_scale_4wave_160x128_kernel<opus_gemm_mxscale_bpreshuffle_4wave_160x128_traits_gfx950>(opus_gemm_mxscale_bpreshuffle_kargs_gfx950)",256,81408,0,100,0,112,"OPUS_GFX950_TCC_EA0_WRREQ_WRITE_DRAM_32B_SUM",358400.000000,3271249878835060,3271249878844300
28,28,"Agent 6",1,1368909,1368909,71680,1393,"void gemm_a8w8_mxfp8_scale_4wave_160x128_kernel<opus_gemm_mxscale_bpreshuffle_4wave_160x128_traits_gfx950>(opus_gemm_mxscale_bpreshuffle_kargs_gfx950)",256,81408,0,100,0,112,"OPUS_GFX950_TCP_TCP_TA_ADDR_STALL_CYCLES_SUM",87483.000000,3271249878835060,3271249878844300
28,28,"Agent 6",1,1368909,1368909,71680,1393,"void gemm_a8w8_mxfp8_scale_4wave_160x128_kernel<opus_gemm_mxscale_bpreshuffle_4wave_160x128_traits_gfx950>(opus_gemm_mxscale_bpreshuffle_kargs_gfx950)",256,81408,0,100,0,112,"OPUS_GFX950_TCP_TCR_TCP_STALL_CYCLES_SUM",247008.000000,3271249878835060,3271249878844300
28,28,"Agent 6",1,1368909,1368909,71680,1393,"void gemm_a8w8_mxfp8_scale_4wave_160x128_kernel<opus_gemm_mxscale_bpreshuffle_4wave_160x128_traits_gfx950>(opus_gemm_mxscale_bpreshuffle_kargs_gfx950)",256,81408,0,100,0,112,"OPUS_GFX950_TCP_LFIFO_STALL_CYCLES_SUM",0.00000000e+00,3271249878835060,3271249878844300
28,28,"Agent 6",1,1368909,1368909,71680,1393,"void gemm_a8w8_mxfp8_scale_4wave_160x128_kernel<opus_gemm_mxscale_bpreshuffle_4wave_160x128_traits_gfx950>(opus_gemm_mxscale_bpreshuffle_kargs_gfx950)",256,81408,0,100,0,112,"OPUS_GFX950_TCP_GATE_EN1_SUM",4438384.000000,3271249878835060,3271249878844300
29,29,"Agent 6",1,1368909,1368909,71680,1393,"void gemm_a8w8_mxfp8_scale_4wave_160x128_kernel<opus_gemm_mxscale_bpreshuffle_4wave_160x128_traits_gfx950>(opus_gemm_mxscale_bpreshuffle_kargs_gfx950)",256,81408,0,100,0,112,"OPUS_GFX950_GRBM_COUNT_MAX",37588.000000,3271249879202983,3271249879212223
29,29,"Agent 6",1,1368909,1368909,71680,1393,"void gemm_a8w8_mxfp8_scale_4wave_160x128_kernel<opus_gemm_mxscale_bpreshuffle_4wave_160x128_traits_gfx950>(opus_gemm_mxscale_bpreshuffle_kargs_gfx950)",256,81408,0,100,0,112,"OPUS_GFX950_GRBM_GUI_ACTIVE_MAX",37588.000000,3271249879202983,3271249879212223
29,29,"Agent 6",1,1368909,1368909,71680,1393,"void gemm_a8w8_mxfp8_scale_4wave_160x128_kernel<opus_gemm_mxscale_bpreshuffle_4wave_160x128_traits_gfx950>(opus_gemm_mxscale_bpreshuffle_kargs_gfx950)",256,81408,0,100,0,112,"OPUS_GFX950_SQ_WAVE_CYCLES_SUM",3886770.000000,3271249879202983,3271249879212223
29,29,"Agent 6",1,1368909,1368909,71680,1393,"void gemm_a8w8_mxfp8_scale_4wave_160x128_kernel<opus_gemm_mxscale_bpreshuffle_4wave_160x128_traits_gfx950>(opus_gemm_mxscale_bpreshuffle_kargs_gfx950)",256,81408,0,100,0,112,"OPUS_GFX950_SQ_WAVES_SUM",1120.000000,3271249879202983,3271249879212223
29,29,"Agent 6",1,1368909,1368909,71680,1393,"void gemm_a8w8_mxfp8_scale_4wave_160x128_kernel<opus_gemm_mxscale_bpreshuffle_4wave_160x128_traits_gfx950>(opus_gemm_mxscale_bpreshuffle_kargs_gfx950)",256,81408,0,100,0,112,"OPUS_GFX950_SQ_WAIT_ANY_SUM",1993209.000000,3271249879202983,3271249879212223
29,29,"Agent 6",1,1368909,1368909,71680,1393,"void gemm_a8w8_mxfp8_scale_4wave_160x128_kernel<opus_gemm_mxscale_bpreshuffle_4wave_160x128_traits_gfx950>(opus_gemm_mxscale_bpreshuffle_kargs_gfx950)",256,81408,0,100,0,112,"OPUS_GFX950_SQ_WAIT_INST_ANY_SUM",800302.000000,3271249879202983,3271249879212223
29,29,"Agent 6",1,1368909,1368909,71680,1393,"void gemm_a8w8_mxfp8_scale_4wave_160x128_kernel<opus_gemm_mxscale_bpreshuffle_4wave_160x128_traits_gfx950>(opus_gemm_mxscale_bpreshuffle_kargs_gfx950)",256,81408,0,100,0,112,"OPUS_GFX950_SQ_ACTIVE_INST_ANY_SUM",1093259.000000,3271249879202983,3271249879212223
29,29,"Agent 6",1,1368909,1368909,71680,1393,"void gemm_a8w8_mxfp8_scale_4wave_160x128_kernel<opus_gemm_mxscale_bpreshuffle_4wave_160x128_traits_gfx950>(opus_gemm_mxscale_bpreshuffle_kargs_gfx950)",256,81408,0,100,0,112,"OPUS_GFX950_SQ_BUSY_CYCLES_SUM",480558.000000,3271249879202983,3271249879212223
29,29,"Agent 6",1,1368909,1368909,71680,1393,"void gemm_a8w8_mxfp8_scale_4wave_160x128_kernel<opus_gemm_mxscale_bpreshuffle_4wave_160x128_traits_gfx950>(opus_gemm_mxscale_bpreshuffle_kargs_gfx950)",256,81408,0,100,0,112,"OPUS_GFX950_SQ_VALU_MFMA_BUSY_CYCLES_SUM",2150400.000000,3271249879202983,3271249879212223
29,29,"Agent 6",1,1368909,1368909,71680,1393,"void gemm_a8w8_mxfp8_scale_4wave_160x128_kernel<opus_gemm_mxscale_bpreshuffle_4wave_160x128_traits_gfx950>(opus_gemm_mxscale_bpreshuffle_kargs_gfx950)",256,81408,0,100,0,112,"OPUS_GFX950_SQ_INSTS_VALU_MFMA_MOPS_F8_SUM",8601600.000000,3271249879202983,3271249879212223
29,29,"Agent 6",1,1368909,1368909,71680,1393,"void gemm_a8w8_mxfp8_scale_4wave_160x128_kernel<opus_gemm_mxscale_bpreshuffle_4wave_160x128_traits_gfx950>(opus_gemm_mxscale_bpreshuffle_kargs_gfx950)",256,81408,0,100,0,112,"OPUS_GFX950_TCC_EA0_RDREQ_DRAM_32B_SUM",165536.000000,3271249879202983,3271249879212223
29,29,"Agent 6",1,1368909,1368909,71680,1393,"void gemm_a8w8_mxfp8_scale_4wave_160x128_kernel<opus_gemm_mxscale_bpreshuffle_4wave_160x128_traits_gfx950>(opus_gemm_mxscale_bpreshuffle_kargs_gfx950)",256,81408,0,100,0,112,"OPUS_GFX950_TCC_EA0_WRREQ_WRITE_DRAM_32B_SUM",358400.000000,3271249879202983,3271249879212223
29,29,"Agent 6",1,1368909,1368909,71680,1393,"void gemm_a8w8_mxfp8_scale_4wave_160x128_kernel<opus_gemm_mxscale_bpreshuffle_4wave_160x128_traits_gfx950>(opus_gemm_mxscale_bpreshuffle_kargs_gfx950)",256,81408,0,100,0,112,"OPUS_GFX950_TCP_TCP_TA_ADDR_STALL_CYCLES_SUM",101450.000000,3271249879202983,3271249879212223
29,29,"Agent 6",1,1368909,1368909,71680,1393,"void gemm_a8w8_mxfp8_scale_4wave_160x128_kernel<opus_gemm_mxscale_bpreshuffle_4wave_160x128_traits_gfx950>(opus_gemm_mxscale_bpreshuffle_kargs_gfx950)",256,81408,0,100,0,112,"OPUS_GFX950_TCP_TCR_TCP_STALL_CYCLES_SUM",286906.000000,3271249879202983,3271249879212223
29,29,"Agent 6",1,1368909,1368909,71680,1393,"void gemm_a8w8_mxfp8_scale_4wave_160x128_kernel<opus_gemm_mxscale_bpreshuffle_4wave_160x128_traits_gfx950>(opus_gemm_mxscale_bpreshuffle_kargs_gfx950)",256,81408,0,100,0,112,"OPUS_GFX950_TCP_LFIFO_STALL_CYCLES_SUM",0.00000000e+00,3271249879202983,3271249879212223
29,29,"Agent 6",1,1368909,1368909,71680,1393,"void gemm_a8w8_mxfp8_scale_4wave_160x128_kernel<opus_gemm_mxscale_bpreshuffle_4wave_160x128_traits_gfx950>(opus_gemm_mxscale_bpreshuffle_kargs_gfx950)",256,81408,0,100,0,112,"OPUS_GFX950_TCP_GATE_EN1_SUM",4468672.000000,3271249879202983,3271249879212223
30,30,"Agent 6",1,1368909,1368909,71680,1393,"void gemm_a8w8_mxfp8_scale_4wave_160x128_kernel<opus_gemm_mxscale_bpreshuffle_4wave_160x128_traits_gfx950>(opus_gemm_mxscale_bpreshuffle_kargs_gfx950)",256,81408,0,100,0,112,"OPUS_GFX950_GRBM_COUNT_MAX",39234.000000,3271249879405624,3271249879414544
30,30,"Agent 6",1,1368909,1368909,71680,1393,"void gemm_a8w8_mxfp8_scale_4wave_160x128_kernel<opus_gemm_mxscale_bpreshuffle_4wave_160x128_traits_gfx950>(opus_gemm_mxscale_bpreshuffle_kargs_gfx950)",256,81408,0,100,0,112,"OPUS_GFX950_GRBM_GUI_ACTIVE_MAX",39234.000000,3271249879405624,3271249879414544
30,30,"Agent 6",1,1368909,1368909,71680,1393,"void gemm_a8w8_mxfp8_scale_4wave_160x128_kernel<opus_gemm_mxscale_bpreshuffle_4wave_160x128_traits_gfx950>(opus_gemm_mxscale_bpreshuffle_kargs_gfx950)",256,81408,0,100,0,112,"OPUS_GFX950_SQ_WAVE_CYCLES_SUM",3833861.000000,3271249879405624,3271249879414544
30,30,"Agent 6",1,1368909,1368909,71680,1393,"void gemm_a8w8_mxfp8_scale_4wave_160x128_kernel<opus_gemm_mxscale_bpreshuffle_4wave_160x128_traits_gfx950>(opus_gemm_mxscale_bpreshuffle_kargs_gfx950)",256,81408,0,100,0,112,"OPUS_GFX950_SQ_WAVES_SUM",1120.000000,3271249879405624,3271249879414544
30,30,"Agent 6",1,1368909,1368909,71680,1393,"void gemm_a8w8_mxfp8_scale_4wave_160x128_kernel<opus_gemm_mxscale_bpreshuffle_4wave_160x128_traits_gfx950>(opus_gemm_mxscale_bpreshuffle_kargs_gfx950)",256,81408,0,100,0,112,"OPUS_GFX950_SQ_WAIT_ANY_SUM",1970684.000000,3271249879405624,3271249879414544
30,30,"Agent 6",1,1368909,1368909,71680,1393,"void gemm_a8w8_mxfp8_scale_4wave_160x128_kernel<opus_gemm_mxscale_bpreshuffle_4wave_160x128_traits_gfx950>(opus_gemm_mxscale_bpreshuffle_kargs_gfx950)",256,81408,0,100,0,112,"OPUS_GFX950_SQ_WAIT_INST_ANY_SUM",769818.000000,3271249879405624,3271249879414544
30,30,"Agent 6",1,1368909,1368909,71680,1393,"void gemm_a8w8_mxfp8_scale_4wave_160x128_kernel<opus_gemm_mxscale_bpreshuffle_4wave_160x128_traits_gfx950>(opus_gemm_mxscale_bpreshuffle_kargs_gfx950)",256,81408,0,100,0,112,"OPUS_GFX950_SQ_ACTIVE_INST_ANY_SUM",1093359.000000,3271249879405624,3271249879414544
30,30,"Agent 6",1,1368909,1368909,71680,1393,"void gemm_a8w8_mxfp8_scale_4wave_160x128_kernel<opus_gemm_mxscale_bpreshuffle_4wave_160x128_traits_gfx950>(opus_gemm_mxscale_bpreshuffle_kargs_gfx950)",256,81408,0,100,0,112,"OPUS_GFX950_SQ_BUSY_CYCLES_SUM",471416.000000,3271249879405624,3271249879414544
30,30,"Agent 6",1,1368909,1368909,71680,1393,"void gemm_a8w8_mxfp8_scale_4wave_160x128_kernel<opus_gemm_mxscale_bpreshuffle_4wave_160x128_traits_gfx950>(opus_gemm_mxscale_bpreshuffle_kargs_gfx950)",256,81408,0,100,0,112,"OPUS_GFX950_SQ_VALU_MFMA_BUSY_CYCLES_SUM",2150400.000000,3271249879405624,3271249879414544
30,30,"Agent 6",1,1368909,1368909,71680,1393,"void gemm_a8w8_mxfp8_scale_4wave_160x128_kernel<opus_gemm_mxscale_bpreshuffle_4wave_160x128_traits_gfx950>(opus_gemm_mxscale_bpreshuffle_kargs_gfx950)",256,81408,0,100,0,112,"OPUS_GFX950_SQ_INSTS_VALU_MFMA_MOPS_F8_SUM",8601600.000000,3271249879405624,3271249879414544
30,30,"Agent 6",1,1368909,1368909,71680,1393,"void gemm_a8w8_mxfp8_scale_4wave_160x128_kernel<opus_gemm_mxscale_bpreshuffle_4wave_160x128_traits_gfx950>(opus_gemm_mxscale_bpreshuffle_kargs_gfx950)",256,81408,0,100,0,112,"OPUS_GFX950_TCC_EA0_RDREQ_DRAM_32B_SUM",165536.000000,3271249879405624,3271249879414544
30,30,"Agent 6",1,1368909,1368909,71680,1393,"void gemm_a8w8_mxfp8_scale_4wave_160x128_kernel<opus_gemm_mxscale_bpreshuffle_4wave_160x128_traits_gfx950>(opus_gemm_mxscale_bpreshuffle_kargs_gfx950)",256,81408,0,100,0,112,"OPUS_GFX950_TCC_EA0_WRREQ_WRITE_DRAM_32B_SUM",358400.000000,3271249879405624,3271249879414544
30,30,"Agent 6",1,1368909,1368909,71680,1393,"void gemm_a8w8_mxfp8_scale_4wave_160x128_kernel<opus_gemm_mxscale_bpreshuffle_4wave_160x128_traits_gfx950>(opus_gemm_mxscale_bpreshuffle_kargs_gfx950)",256,81408,0,100,0,112,"OPUS_GFX950_TCP_TCP_TA_ADDR_STALL_CYCLES_SUM",91470.000000,3271249879405624,3271249879414544
30,30,"Agent 6",1,1368909,1368909,71680,1393,"void gemm_a8w8_mxfp8_scale_4wave_160x128_kernel<opus_gemm_mxscale_bpreshuffle_4wave_160x128_traits_gfx950>(opus_gemm_mxscale_bpreshuffle_kargs_gfx950)",256,81408,0,100,0,112,"OPUS_GFX950_TCP_TCR_TCP_STALL_CYCLES_SUM",258273.000000,3271249879405624,3271249879414544
30,30,"Agent 6",1,1368909,1368909,71680,1393,"void gemm_a8w8_mxfp8_scale_4wave_160x128_kernel<opus_gemm_mxscale_bpreshuffle_4wave_160x128_traits_gfx950>(opus_gemm_mxscale_bpreshuffle_kargs_gfx950)",256,81408,0,100,0,112,"OPUS_GFX950_TCP_LFIFO_STALL_CYCLES_SUM",0.00000000e+00,3271249879405624,3271249879414544
30,30,"Agent 6",1,1368909,1368909,71680,1393,"void gemm_a8w8_mxfp8_scale_4wave_160x128_kernel<opus_gemm_mxscale_bpreshuffle_4wave_160x128_traits_gfx950>(opus_gemm_mxscale_bpreshuffle_kargs_gfx950)",256,81408,0,100,0,112,"OPUS_GFX950_TCP_GATE_EN1_SUM",4395632.000000,3271249879405624,3271249879414544
31,31,"Agent 6",1,1368909,1368909,71680,1393,"void gemm_a8w8_mxfp8_scale_4wave_160x128_kernel<opus_gemm_mxscale_bpreshuffle_4wave_160x128_traits_gfx950>(opus_gemm_mxscale_bpreshuffle_kargs_gfx950)",256,81408,0,100,0,112,"OPUS_GFX950_GRBM_COUNT_MAX",42879.000000,3271249879610746,3271249879620146
31,31,"Agent 6",1,1368909,1368909,71680,1393,"void gemm_a8w8_mxfp8_scale_4wave_160x128_kernel<opus_gemm_mxscale_bpreshuffle_4wave_160x128_traits_gfx950>(opus_gemm_mxscale_bpreshuffle_kargs_gfx950)",256,81408,0,100,0,112,"OPUS_GFX950_GRBM_GUI_ACTIVE_MAX",42879.000000,3271249879610746,3271249879620146
31,31,"Agent 6",1,1368909,1368909,71680,1393,"void gemm_a8w8_mxfp8_scale_4wave_160x128_kernel<opus_gemm_mxscale_bpreshuffle_4wave_160x128_traits_gfx950>(opus_gemm_mxscale_bpreshuffle_kargs_gfx950)",256,81408,0,100,0,112,"OPUS_GFX950_SQ_WAVE_CYCLES_SUM",3949841.000000,3271249879610746,3271249879620146
31,31,"Agent 6",1,1368909,1368909,71680,1393,"void gemm_a8w8_mxfp8_scale_4wave_160x128_kernel<opus_gemm_mxscale_bpreshuffle_4wave_160x128_traits_gfx950>(opus_gemm_mxscale_bpreshuffle_kargs_gfx950)",256,81408,0,100,0,112,"OPUS_GFX950_SQ_WAVES_SUM",1120.000000,3271249879610746,3271249879620146
31,31,"Agent 6",1,1368909,1368909,71680,1393,"void gemm_a8w8_mxfp8_scale_4wave_160x128_kernel<opus_gemm_mxscale_bpreshuffle_4wave_160x128_traits_gfx950>(opus_gemm_mxscale_bpreshuffle_kargs_gfx950)",256,81408,0,100,0,112,"OPUS_GFX950_SQ_WAIT_ANY_SUM",2037343.000000,3271249879610746,3271249879620146
31,31,"Agent 6",1,1368909,1368909,71680,1393,"void gemm_a8w8_mxfp8_scale_4wave_160x128_kernel<opus_gemm_mxscale_bpreshuffle_4wave_160x128_traits_gfx950>(opus_gemm_mxscale_bpreshuffle_kargs_gfx950)",256,81408,0,100,0,112,"OPUS_GFX950_SQ_WAIT_INST_ANY_SUM",818927.000000,3271249879610746,3271249879620146
31,31,"Agent 6",1,1368909,1368909,71680,1393,"void gemm_a8w8_mxfp8_scale_4wave_160x128_kernel<opus_gemm_mxscale_bpreshuffle_4wave_160x128_traits_gfx950>(opus_gemm_mxscale_bpreshuffle_kargs_gfx950)",256,81408,0,100,0,112,"OPUS_GFX950_SQ_ACTIVE_INST_ANY_SUM",1093571.000000,3271249879610746,3271249879620146
31,31,"Agent 6",1,1368909,1368909,71680,1393,"void gemm_a8w8_mxfp8_scale_4wave_160x128_kernel<opus_gemm_mxscale_bpreshuffle_4wave_160x128_traits_gfx950>(opus_gemm_mxscale_bpreshuffle_kargs_gfx950)",256,81408,0,100,0,112,"OPUS_GFX950_SQ_BUSY_CYCLES_SUM",488454.000000,3271249879610746,3271249879620146
31,31,"Agent 6",1,1368909,1368909,71680,1393,"void gemm_a8w8_mxfp8_scale_4wave_160x128_kernel<opus_gemm_mxscale_bpreshuffle_4wave_160x128_traits_gfx950>(opus_gemm_mxscale_bpreshuffle_kargs_gfx950)",256,81408,0,100,0,112,"OPUS_GFX950_SQ_VALU_MFMA_BUSY_CYCLES_SUM",2150400.000000,3271249879610746,3271249879620146
31,31,"Agent 6",1,1368909,1368909,71680,1393,"void gemm_a8w8_mxfp8_scale_4wave_160x128_kernel<opus_gemm_mxscale_bpreshuffle_4wave_160x128_traits_gfx950>(opus_gemm_mxscale_bpreshuffle_kargs_gfx950)",256,81408,0,100,0,112,"OPUS_GFX950_SQ_INSTS_VALU_MFMA_MOPS_F8_SUM",8601600.000000,3271249879610746,3271249879620146
31,31,"Agent 6",1,1368909,1368909,71680,1393,"void gemm_a8w8_mxfp8_scale_4wave_160x128_kernel<opus_gemm_mxscale_bpreshuffle_4wave_160x128_traits_gfx950>(opus_gemm_mxscale_bpreshuffle_kargs_gfx950)",256,81408,0,100,0,112,"OPUS_GFX950_TCC_EA0_RDREQ_DRAM_32B_SUM",165536.000000,3271249879610746,3271249879620146
31,31,"Agent 6",1,1368909,1368909,71680,1393,"void gemm_a8w8_mxfp8_scale_4wave_160x128_kernel<opus_gemm_mxscale_bpreshuffle_4wave_160x128_traits_gfx950>(opus_gemm_mxscale_bpreshuffle_kargs_gfx950)",256,81408,0,100,0,112,"OPUS_GFX950_TCC_EA0_WRREQ_WRITE_DRAM_32B_SUM",358400.000000,3271249879610746,3271249879620146
31,31,"Agent 6",1,1368909,1368909,71680,1393,"void gemm_a8w8_mxfp8_scale_4wave_160x128_kernel<opus_gemm_mxscale_bpreshuffle_4wave_160x128_traits_gfx950>(opus_gemm_mxscale_bpreshuffle_kargs_gfx950)",256,81408,0,100,0,112,"OPUS_GFX950_TCP_TCP_TA_ADDR_STALL_CYCLES_SUM",116811.000000,3271249879610746,3271249879620146
31,31,"Agent 6",1,1368909,1368909,71680,1393,"void gemm_a8w8_mxfp8_scale_4wave_160x128_kernel<opus_gemm_mxscale_bpreshuffle_4wave_160x128_traits_gfx950>(opus_gemm_mxscale_bpreshuffle_kargs_gfx950)",256,81408,0,100,0,112,"OPUS_GFX950_TCP_TCR_TCP_STALL_CYCLES_SUM",297332.000000,3271249879610746,3271249879620146
31,31,"Agent 6",1,1368909,1368909,71680,1393,"void gemm_a8w8_mxfp8_scale_4wave_160x128_kernel<opus_gemm_mxscale_bpreshuffle_4wave_160x128_traits_gfx950>(opus_gemm_mxscale_bpreshuffle_kargs_gfx950)",256,81408,0,100,0,112,"OPUS_GFX950_TCP_LFIFO_STALL_CYCLES_SUM",0.00000000e+00,3271249879610746,3271249879620146
31,31,"Agent 6",1,1368909,1368909,71680,1393,"void gemm_a8w8_mxfp8_scale_4wave_160x128_kernel<opus_gemm_mxscale_bpreshuffle_4wave_160x128_traits_gfx950>(opus_gemm_mxscale_bpreshuffle_kargs_gfx950)",256,81408,0,100,0,112,"OPUS_GFX950_TCP_GATE_EN1_SUM",4532200.000000,3271249879610746,3271249879620146
32,32,"Agent 6",1,1368909,1368909,71680,1393,"void gemm_a8w8_mxfp8_scale_4wave_160x128_kernel<opus_gemm_mxscale_bpreshuffle_4wave_160x128_traits_gfx950>(opus_gemm_mxscale_bpreshuffle_kargs_gfx950)",256,81408,0,100,0,112,"OPUS_GFX950_GRBM_COUNT_MAX",37375.000000,3271249879814027,3271249879823267
32,32,"Agent 6",1,1368909,1368909,71680,1393,"void gemm_a8w8_mxfp8_scale_4wave_160x128_kernel<opus_gemm_mxscale_bpreshuffle_4wave_160x128_traits_gfx950>(opus_gemm_mxscale_bpreshuffle_kargs_gfx950)",256,81408,0,100,0,112,"OPUS_GFX950_GRBM_GUI_ACTIVE_MAX",37375.000000,3271249879814027,3271249879823267
32,32,"Agent 6",1,1368909,1368909,71680,1393,"void gemm_a8w8_mxfp8_scale_4wave_160x128_kernel<opus_gemm_mxscale_bpreshuffle_4wave_160x128_traits_gfx950>(opus_gemm_mxscale_bpreshuffle_kargs_gfx950)",256,81408,0,100,0,112,"OPUS_GFX950_SQ_WAVE_CYCLES_SUM",3946897.000000,3271249879814027,3271249879823267
32,32,"Agent 6",1,1368909,1368909,71680,1393,"void gemm_a8w8_mxfp8_scale_4wave_160x128_kernel<opus_gemm_mxscale_bpreshuffle_4wave_160x128_traits_gfx950>(opus_gemm_mxscale_bpreshuffle_kargs_gfx950)",256,81408,0,100,0,112,"OPUS_GFX950_SQ_WAVES_SUM",1120.000000,3271249879814027,3271249879823267
32,32,"Agent 6",1,1368909,1368909,71680,1393,"void gemm_a8w8_mxfp8_scale_4wave_160x128_kernel<opus_gemm_mxscale_bpreshuffle_4wave_160x128_traits_gfx950>(opus_gemm_mxscale_bpreshuffle_kargs_gfx950)",256,81408,0,100,0,112,"OPUS_GFX950_SQ_WAIT_ANY_SUM",2044410.000000,3271249879814027,3271249879823267
32,32,"Agent 6",1,1368909,1368909,71680,1393,"void gemm_a8w8_mxfp8_scale_4wave_160x128_kernel<opus_gemm_mxscale_bpreshuffle_4wave_160x128_traits_gfx950>(opus_gemm_mxscale_bpreshuffle_kargs_gfx950)",256,81408,0,100,0,112,"OPUS_GFX950_SQ_WAIT_INST_ANY_SUM",809097.000000,3271249879814027,3271249879823267
32,32,"Agent 6",1,1368909,1368909,71680,1393,"void gemm_a8w8_mxfp8_scale_4wave_160x128_kernel<opus_gemm_mxscale_bpreshuffle_4wave_160x128_traits_gfx950>(opus_gemm_mxscale_bpreshuffle_kargs_gfx950)",256,81408,0,100,0,112,"OPUS_GFX950_SQ_ACTIVE_INST_ANY_SUM",1093390.000000,3271249879814027,3271249879823267
32,32,"Agent 6",1,1368909,1368909,71680,1393,"void gemm_a8w8_mxfp8_scale_4wave_160x128_kernel<opus_gemm_mxscale_bpreshuffle_4wave_160x128_traits_gfx950>(opus_gemm_mxscale_bpreshuffle_kargs_gfx950)",256,81408,0,100,0,112,"OPUS_GFX950_SQ_BUSY_CYCLES_SUM",488675.000000,3271249879814027,3271249879823267
32,32,"Agent 6",1,1368909,1368909,71680,1393,"void gemm_a8w8_mxfp8_scale_4wave_160x128_kernel<opus_gemm_mxscale_bpreshuffle_4wave_160x128_traits_gfx950>(opus_gemm_mxscale_bpreshuffle_kargs_gfx950)",256,81408,0,100,0,112,"OPUS_GFX950_SQ_VALU_MFMA_BUSY_CYCLES_SUM",2150400.000000,3271249879814027,3271249879823267
32,32,"Agent 6",1,1368909,1368909,71680,1393,"void gemm_a8w8_mxfp8_scale_4wave_160x128_kernel<opus_gemm_mxscale_bpreshuffle_4wave_160x128_traits_gfx950>(opus_gemm_mxscale_bpreshuffle_kargs_gfx950)",256,81408,0,100,0,112,"OPUS_GFX950_SQ_INSTS_VALU_MFMA_MOPS_F8_SUM",8601600.000000,3271249879814027,3271249879823267
32,32,"Agent 6",1,1368909,1368909,71680,1393,"void gemm_a8w8_mxfp8_scale_4wave_160x128_kernel<opus_gemm_mxscale_bpreshuffle_4wave_160x128_traits_gfx950>(opus_gemm_mxscale_bpreshuffle_kargs_gfx950)",256,81408,0,100,0,112,"OPUS_GFX950_TCC_EA0_RDREQ_DRAM_32B_SUM",165536.000000,3271249879814027,3271249879823267
32,32,"Agent 6",1,1368909,1368909,71680,1393,"void gemm_a8w8_mxfp8_scale_4wave_160x128_kernel<opus_gemm_mxscale_bpreshuffle_4wave_160x128_traits_gfx950>(opus_gemm_mxscale_bpreshuffle_kargs_gfx950)",256,81408,0,100,0,112,"OPUS_GFX950_TCC_EA0_WRREQ_WRITE_DRAM_32B_SUM",358400.000000,3271249879814027,3271249879823267
32,32,"Agent 6",1,1368909,1368909,71680,1393,"void gemm_a8w8_mxfp8_scale_4wave_160x128_kernel<opus_gemm_mxscale_bpreshuffle_4wave_160x128_traits_gfx950>(opus_gemm_mxscale_bpreshuffle_kargs_gfx950)",256,81408,0,100,0,112,"OPUS_GFX950_TCP_TCP_TA_ADDR_STALL_CYCLES_SUM",107622.000000,3271249879814027,3271249879823267
32,32,"Agent 6",1,1368909,1368909,71680,1393,"void gemm_a8w8_mxfp8_scale_4wave_160x128_kernel<opus_gemm_mxscale_bpreshuffle_4wave_160x128_traits_gfx950>(opus_gemm_mxscale_bpreshuffle_kargs_gfx950)",256,81408,0,100,0,112,"OPUS_GFX950_TCP_TCR_TCP_STALL_CYCLES_SUM",293717.000000,3271249879814027,3271249879823267
32,32,"Agent 6",1,1368909,1368909,71680,1393,"void gemm_a8w8_mxfp8_scale_4wave_160x128_kernel<opus_gemm_mxscale_bpreshuffle_4wave_160x128_traits_gfx950>(opus_gemm_mxscale_bpreshuffle_kargs_gfx950)",256,81408,0,100,0,112,"OPUS_GFX950_TCP_LFIFO_STALL_CYCLES_SUM",0.00000000e+00,3271249879814027,3271249879823267
32,32,"Agent 6",1,1368909,1368909,71680,1393,"void gemm_a8w8_mxfp8_scale_4wave_160x128_kernel<opus_gemm_mxscale_bpreshuffle_4wave_160x128_traits_gfx950>(opus_gemm_mxscale_bpreshuffle_kargs_gfx950)",256,81408,0,100,0,112,"OPUS_GFX950_TCP_GATE_EN1_SUM",4533544.000000,3271249879814027,3271249879823267
33,33,"Agent 6",1,1368909,1368909,71680,1393,"void gemm_a8w8_mxfp8_scale_4wave_160x128_kernel<opus_gemm_mxscale_bpreshuffle_4wave_160x128_traits_gfx950>(opus_gemm_mxscale_bpreshuffle_kargs_gfx950)",256,81408,0,100,0,112,"OPUS_GFX950_GRBM_COUNT_MAX",41678.000000,3271249880026269,3271249880035589
33,33,"Agent 6",1,1368909,1368909,71680,1393,"void gemm_a8w8_mxfp8_scale_4wave_160x128_kernel<opus_gemm_mxscale_bpreshuffle_4wave_160x128_traits_gfx950>(opus_gemm_mxscale_bpreshuffle_kargs_gfx950)",256,81408,0,100,0,112,"OPUS_GFX950_GRBM_GUI_ACTIVE_MAX",41678.000000,3271249880026269,3271249880035589
33,33,"Agent 6",1,1368909,1368909,71680,1393,"void gemm_a8w8_mxfp8_scale_4wave_160x128_kernel<opus_gemm_mxscale_bpreshuffle_4wave_160x128_traits_gfx950>(opus_gemm_mxscale_bpreshuffle_kargs_gfx950)",256,81408,0,100,0,112,"OPUS_GFX950_SQ_WAVE_CYCLES_SUM",3939237.000000,3271249880026269,3271249880035589
33,33,"Agent 6",1,1368909,1368909,71680,1393,"void gemm_a8w8_mxfp8_scale_4wave_160x128_kernel<opus_gemm_mxscale_bpreshuffle_4wave_160x128_traits_gfx950>(opus_gemm_mxscale_bpreshuffle_kargs_gfx950)",256,81408,0,100,0,112,"OPUS_GFX950_SQ_WAVES_SUM",1120.000000,3271249880026269,3271249880035589
33,33,"Agent 6",1,1368909,1368909,71680,1393,"void gemm_a8w8_mxfp8_scale_4wave_160x128_kernel<opus_gemm_mxscale_bpreshuffle_4wave_160x128_traits_gfx950>(opus_gemm_mxscale_bpreshuffle_kargs_gfx950)",256,81408,0,100,0,112,"OPUS_GFX950_SQ_WAIT_ANY_SUM",2064881.000000,3271249880026269,3271249880035589
33,33,"Agent 6",1,1368909,1368909,71680,1393,"void gemm_a8w8_mxfp8_scale_4wave_160x128_kernel<opus_gemm_mxscale_bpreshuffle_4wave_160x128_traits_gfx950>(opus_gemm_mxscale_bpreshuffle_kargs_gfx950)",256,81408,0,100,0,112,"OPUS_GFX950_SQ_WAIT_INST_ANY_SUM",780641.000000,3271249880026269,3271249880035589
33,33,"Agent 6",1,1368909,1368909,71680,1393,"void gemm_a8w8_mxfp8_scale_4wave_160x128_kernel<opus_gemm_mxscale_bpreshuffle_4wave_160x128_traits_gfx950>(opus_gemm_mxscale_bpreshuffle_kargs_gfx950)",256,81408,0,100,0,112,"OPUS_GFX950_SQ_ACTIVE_INST_ANY_SUM",1093715.000000,3271249880026269,3271249880035589
33,33,"Agent 6",1,1368909,1368909,71680,1393,"void gemm_a8w8_mxfp8_scale_4wave_160x128_kernel<opus_gemm_mxscale_bpreshuffle_4wave_160x128_traits_gfx950>(opus_gemm_mxscale_bpreshuffle_kargs_gfx950)",256,81408,0,100,0,112,"OPUS_GFX950_SQ_BUSY_CYCLES_SUM",487429.000000,3271249880026269,3271249880035589
33,33,"Agent 6",1,1368909,1368909,71680,1393,"void gemm_a8w8_mxfp8_scale_4wave_160x128_kernel<opus_gemm_mxscale_bpreshuffle_4wave_160x128_traits_gfx950>(opus_gemm_mxscale_bpreshuffle_kargs_gfx950)",256,81408,0,100,0,112,"OPUS_GFX950_SQ_VALU_MFMA_BUSY_CYCLES_SUM",2150400.000000,3271249880026269,3271249880035589
33,33,"Agent 6",1,1368909,1368909,71680,1393,"void gemm_a8w8_mxfp8_scale_4wave_160x128_kernel<opus_gemm_mxscale_bpreshuffle_4wave_160x128_traits_gfx950>(opus_gemm_mxscale_bpreshuffle_kargs_gfx950)",256,81408,0,100,0,112,"OPUS_GFX950_SQ_INSTS_VALU_MFMA_MOPS_F8_SUM",8601600.000000,3271249880026269,3271249880035589
33,33,"Agent 6",1,1368909,1368909,71680,1393,"void gemm_a8w8_mxfp8_scale_4wave_160x128_kernel<opus_gemm_mxscale_bpreshuffle_4wave_160x128_traits_gfx950>(opus_gemm_mxscale_bpreshuffle_kargs_gfx950)",256,81408,0,100,0,112,"OPUS_GFX950_TCC_EA0_RDREQ_DRAM_32B_SUM",165536.000000,3271249880026269,3271249880035589
33,33,"Agent 6",1,1368909,1368909,71680,1393,"void gemm_a8w8_mxfp8_scale_4wave_160x128_kernel<opus_gemm_mxscale_bpreshuffle_4wave_160x128_traits_gfx950>(opus_gemm_mxscale_bpreshuffle_kargs_gfx950)",256,81408,0,100,0,112,"OPUS_GFX950_TCC_EA0_WRREQ_WRITE_DRAM_32B_SUM",358400.000000,3271249880026269,3271249880035589
33,33,"Agent 6",1,1368909,1368909,71680,1393,"void gemm_a8w8_mxfp8_scale_4wave_160x128_kernel<opus_gemm_mxscale_bpreshuffle_4wave_160x128_traits_gfx950>(opus_gemm_mxscale_bpreshuffle_kargs_gfx950)",256,81408,0,100,0,112,"OPUS_GFX950_TCP_TCP_TA_ADDR_STALL_CYCLES_SUM",86938.000000,3271249880026269,3271249880035589
33,33,"Agent 6",1,1368909,1368909,71680,1393,"void gemm_a8w8_mxfp8_scale_4wave_160x128_kernel<opus_gemm_mxscale_bpreshuffle_4wave_160x128_traits_gfx950>(opus_gemm_mxscale_bpreshuffle_kargs_gfx950)",256,81408,0,100,0,112,"OPUS_GFX950_TCP_TCR_TCP_STALL_CYCLES_SUM",232265.000000,3271249880026269,3271249880035589
33,33,"Agent 6",1,1368909,1368909,71680,1393,"void gemm_a8w8_mxfp8_scale_4wave_160x128_kernel<opus_gemm_mxscale_bpreshuffle_4wave_160x128_traits_gfx950>(opus_gemm_mxscale_bpreshuffle_kargs_gfx950)",256,81408,0,100,0,112,"OPUS_GFX950_TCP_LFIFO_STALL_CYCLES_SUM",0.00000000e+00,3271249880026269,3271249880035589
33,33,"Agent 6",1,1368909,1368909,71680,1393,"void gemm_a8w8_mxfp8_scale_4wave_160x128_kernel<opus_gemm_mxscale_bpreshuffle_4wave_160x128_traits_gfx950>(opus_gemm_mxscale_bpreshuffle_kargs_gfx950)",256,81408,0,100,0,112,"OPUS_GFX950_TCP_GATE_EN1_SUM",4523792.000000,3271249880026269,3271249880035589
34,34,"Agent 6",1,1368909,1368909,71680,1393,"void gemm_a8w8_mxfp8_scale_4wave_160x128_kernel<opus_gemm_mxscale_bpreshuffle_4wave_160x128_traits_gfx950>(opus_gemm_mxscale_bpreshuffle_kargs_gfx950)",256,81408,0,100,0,112,"OPUS_GFX950_GRBM_COUNT_MAX",41404.000000,3271249880231070,3271249880240270
34,34,"Agent 6",1,1368909,1368909,71680,1393,"void gemm_a8w8_mxfp8_scale_4wave_160x128_kernel<opus_gemm_mxscale_bpreshuffle_4wave_160x128_traits_gfx950>(opus_gemm_mxscale_bpreshuffle_kargs_gfx950)",256,81408,0,100,0,112,"OPUS_GFX950_GRBM_GUI_ACTIVE_MAX",41404.000000,3271249880231070,3271249880240270
34,34,"Agent 6",1,1368909,1368909,71680,1393,"void gemm_a8w8_mxfp8_scale_4wave_160x128_kernel<opus_gemm_mxscale_bpreshuffle_4wave_160x128_traits_gfx950>(opus_gemm_mxscale_bpreshuffle_kargs_gfx950)",256,81408,0,100,0,112,"OPUS_GFX950_SQ_WAVE_CYCLES_SUM",3945931.000000,3271249880231070,3271249880240270
34,34,"Agent 6",1,1368909,1368909,71680,1393,"void gemm_a8w8_mxfp8_scale_4wave_160x128_kernel<opus_gemm_mxscale_bpreshuffle_4wave_160x128_traits_gfx950>(opus_gemm_mxscale_bpreshuffle_kargs_gfx950)",256,81408,0,100,0,112,"OPUS_GFX950_SQ_WAVES_SUM",1120.000000,3271249880231070,3271249880240270
34,34,"Agent 6",1,1368909,1368909,71680,1393,"void gemm_a8w8_mxfp8_scale_4wave_160x128_kernel<opus_gemm_mxscale_bpreshuffle_4wave_160x128_traits_gfx950>(opus_gemm_mxscale_bpreshuffle_kargs_gfx950)",256,81408,0,100,0,112,"OPUS_GFX950_SQ_WAIT_ANY_SUM",2050131.000000,3271249880231070,3271249880240270
34,34,"Agent 6",1,1368909,1368909,71680,1393,"void gemm_a8w8_mxfp8_scale_4wave_160x128_kernel<opus_gemm_mxscale_bpreshuffle_4wave_160x128_traits_gfx950>(opus_gemm_mxscale_bpreshuffle_kargs_gfx950)",256,81408,0,100,0,112,"OPUS_GFX950_SQ_WAIT_INST_ANY_SUM",802374.000000,3271249880231070,3271249880240270
34,34,"Agent 6",1,1368909,1368909,71680,1393,"void gemm_a8w8_mxfp8_scale_4wave_160x128_kernel<opus_gemm_mxscale_bpreshuffle_4wave_160x128_traits_gfx950>(opus_gemm_mxscale_bpreshuffle_kargs_gfx950)",256,81408,0,100,0,112,"OPUS_GFX950_SQ_ACTIVE_INST_ANY_SUM",1093426.000000,3271249880231070,3271249880240270
34,34,"Agent 6",1,1368909,1368909,71680,1393,"void gemm_a8w8_mxfp8_scale_4wave_160x128_kernel<opus_gemm_mxscale_bpreshuffle_4wave_160x128_traits_gfx950>(opus_gemm_mxscale_bpreshuffle_kargs_gfx950)",256,81408,0,100,0,112,"OPUS_GFX950_SQ_BUSY_CYCLES_SUM",487363.000000,3271249880231070,3271249880240270
34,34,"Agent 6",1,1368909,1368909,71680,1393,"void gemm_a8w8_mxfp8_scale_4wave_160x128_kernel<opus_gemm_mxscale_bpreshuffle_4wave_160x128_traits_gfx950>(opus_gemm_mxscale_bpreshuffle_kargs_gfx950)",256,81408,0,100,0,112,"OPUS_GFX950_SQ_VALU_MFMA_BUSY_CYCLES_SUM",2150400.000000,3271249880231070,3271249880240270
34,34,"Agent 6",1,1368909,1368909,71680,1393,"void gemm_a8w8_mxfp8_scale_4wave_160x128_kernel<opus_gemm_mxscale_bpreshuffle_4wave_160x128_traits_gfx950>(opus_gemm_mxscale_bpreshuffle_kargs_gfx950)",256,81408,0,100,0,112,"OPUS_GFX950_SQ_INSTS_VALU_MFMA_MOPS_F8_SUM",8601600.000000,3271249880231070,3271249880240270
34,34,"Agent 6",1,1368909,1368909,71680,1393,"void gemm_a8w8_mxfp8_scale_4wave_160x128_kernel<opus_gemm_mxscale_bpreshuffle_4wave_160x128_traits_gfx950>(opus_gemm_mxscale_bpreshuffle_kargs_gfx950)",256,81408,0,100,0,112,"OPUS_GFX950_TCC_EA0_RDREQ_DRAM_32B_SUM",165536.000000,3271249880231070,3271249880240270
34,34,"Agent 6",1,1368909,1368909,71680,1393,"void gemm_a8w8_mxfp8_scale_4wave_160x128_kernel<opus_gemm_mxscale_bpreshuffle_4wave_160x128_traits_gfx950>(opus_gemm_mxscale_bpreshuffle_kargs_gfx950)",256,81408,0,100,0,112,"OPUS_GFX950_TCC_EA0_WRREQ_WRITE_DRAM_32B_SUM",358400.000000,3271249880231070,3271249880240270
34,34,"Agent 6",1,1368909,1368909,71680,1393,"void gemm_a8w8_mxfp8_scale_4wave_160x128_kernel<opus_gemm_mxscale_bpreshuffle_4wave_160x128_traits_gfx950>(opus_gemm_mxscale_bpreshuffle_kargs_gfx950)",256,81408,0,100,0,112,"OPUS_GFX950_TCP_TCP_TA_ADDR_STALL_CYCLES_SUM",111304.000000,3271249880231070,3271249880240270
34,34,"Agent 6",1,1368909,1368909,71680,1393,"void gemm_a8w8_mxfp8_scale_4wave_160x128_kernel<opus_gemm_mxscale_bpreshuffle_4wave_160x128_traits_gfx950>(opus_gemm_mxscale_bpreshuffle_kargs_gfx950)",256,81408,0,100,0,112,"OPUS_GFX950_TCP_TCR_TCP_STALL_CYCLES_SUM",284063.000000,3271249880231070,3271249880240270
34,34,"Agent 6",1,1368909,1368909,71680,1393,"void gemm_a8w8_mxfp8_scale_4wave_160x128_kernel<opus_gemm_mxscale_bpreshuffle_4wave_160x128_traits_gfx950>(opus_gemm_mxscale_bpreshuffle_kargs_gfx950)",256,81408,0,100,0,112,"OPUS_GFX950_TCP_LFIFO_STALL_CYCLES_SUM",0.00000000e+00,3271249880231070,3271249880240270
34,34,"Agent 6",1,1368909,1368909,71680,1393,"void gemm_a8w8_mxfp8_scale_4wave_160x128_kernel<opus_gemm_mxscale_bpreshuffle_4wave_160x128_traits_gfx950>(opus_gemm_mxscale_bpreshuffle_kargs_gfx950)",256,81408,0,100,0,112,"OPUS_GFX950_TCP_GATE_EN1_SUM",4523240.000000,3271249880231070,3271249880240270
35,35,"Agent 6",1,1368909,1368909,71680,1393,"void gemm_a8w8_mxfp8_scale_4wave_160x128_kernel<opus_gemm_mxscale_bpreshuffle_4wave_160x128_traits_gfx950>(opus_gemm_mxscale_bpreshuffle_kargs_gfx950)",256,81408,0,100,0,112,"OPUS_GFX950_GRBM_COUNT_MAX",37156.000000,3271249880434152,3271249880443312
35,35,"Agent 6",1,1368909,1368909,71680,1393,"void gemm_a8w8_mxfp8_scale_4wave_160x128_kernel<opus_gemm_mxscale_bpreshuffle_4wave_160x128_traits_gfx950>(opus_gemm_mxscale_bpreshuffle_kargs_gfx950)",256,81408,0,100,0,112,"OPUS_GFX950_GRBM_GUI_ACTIVE_MAX",37156.000000,3271249880434152,3271249880443312
35,35,"Agent 6",1,1368909,1368909,71680,1393,"void gemm_a8w8_mxfp8_scale_4wave_160x128_kernel<opus_gemm_mxscale_bpreshuffle_4wave_160x128_traits_gfx950>(opus_gemm_mxscale_bpreshuffle_kargs_gfx950)",256,81408,0,100,0,112,"OPUS_GFX950_SQ_WAVE_CYCLES_SUM",3951669.000000,3271249880434152,3271249880443312
35,35,"Agent 6",1,1368909,1368909,71680,1393,"void gemm_a8w8_mxfp8_scale_4wave_160x128_kernel<opus_gemm_mxscale_bpreshuffle_4wave_160x128_traits_gfx950>(opus_gemm_mxscale_bpreshuffle_kargs_gfx950)",256,81408,0,100,0,112,"OPUS_GFX950_SQ_WAVES_SUM",1120.000000,3271249880434152,3271249880443312
35,35,"Agent 6",1,1368909,1368909,71680,1393,"void gemm_a8w8_mxfp8_scale_4wave_160x128_kernel<opus_gemm_mxscale_bpreshuffle_4wave_160x128_traits_gfx950>(opus_gemm_mxscale_bpreshuffle_kargs_gfx950)",256,81408,0,100,0,112,"OPUS_GFX950_SQ_WAIT_ANY_SUM",2088946.000000,3271249880434152,3271249880443312
35,35,"Agent 6",1,1368909,1368909,71680,1393,"void gemm_a8w8_mxfp8_scale_4wave_160x128_kernel<opus_gemm_mxscale_bpreshuffle_4wave_160x128_traits_gfx950>(opus_gemm_mxscale_bpreshuffle_kargs_gfx950)",256,81408,0,100,0,112,"OPUS_GFX950_SQ_WAIT_INST_ANY_SUM",769240.000000,3271249880434152,3271249880443312
35,35,"Agent 6",1,1368909,1368909,71680,1393,"void gemm_a8w8_mxfp8_scale_4wave_160x128_kernel<opus_gemm_mxscale_bpreshuffle_4wave_160x128_traits_gfx950>(opus_gemm_mxscale_bpreshuffle_kargs_gfx950)",256,81408,0,100,0,112,"OPUS_GFX950_SQ_ACTIVE_INST_ANY_SUM",1093483.000000,3271249880434152,3271249880443312
35,35,"Agent 6",1,1368909,1368909,71680,1393,"void gemm_a8w8_mxfp8_scale_4wave_160x128_kernel<opus_gemm_mxscale_bpreshuffle_4wave_160x128_traits_gfx950>(opus_gemm_mxscale_bpreshuffle_kargs_gfx950)",256,81408,0,100,0,112,"OPUS_GFX950_SQ_BUSY_CYCLES_SUM",485306.000000,3271249880434152,3271249880443312
35,35,"Agent 6",1,1368909,1368909,71680,1393,"void gemm_a8w8_mxfp8_scale_4wave_160x128_kernel<opus_gemm_mxscale_bpreshuffle_4wave_160x128_traits_gfx950>(opus_gemm_mxscale_bpreshuffle_kargs_gfx950)",256,81408,0,100,0,112,"OPUS_GFX950_SQ_VALU_MFMA_BUSY_CYCLES_SUM",2150400.000000,3271249880434152,3271249880443312
35,35,"Agent 6",1,1368909,1368909,71680,1393,"void gemm_a8w8_mxfp8_scale_4wave_160x128_kernel<opus_gemm_mxscale_bpreshuffle_4wave_160x128_traits_gfx950>(opus_gemm_mxscale_bpreshuffle_kargs_gfx950)",256,81408,0,100,0,112,"OPUS_GFX950_SQ_INSTS_VALU_MFMA_MOPS_F8_SUM",8601600.000000,3271249880434152,3271249880443312
35,35,"Agent 6",1,1368909,1368909,71680,1393,"void gemm_a8w8_mxfp8_scale_4wave_160x128_kernel<opus_gemm_mxscale_bpreshuffle_4wave_160x128_traits_gfx950>(opus_gemm_mxscale_bpreshuffle_kargs_gfx950)",256,81408,0,100,0,112,"OPUS_GFX950_TCC_EA0_RDREQ_DRAM_32B_SUM",165536.000000,3271249880434152,3271249880443312
35,35,"Agent 6",1,1368909,1368909,71680,1393,"void gemm_a8w8_mxfp8_scale_4wave_160x128_kernel<opus_gemm_mxscale_bpreshuffle_4wave_160x128_traits_gfx950>(opus_gemm_mxscale_bpreshuffle_kargs_gfx950)",256,81408,0,100,0,112,"OPUS_GFX950_TCC_EA0_WRREQ_WRITE_DRAM_32B_SUM",358400.000000,3271249880434152,3271249880443312
35,35,"Agent 6",1,1368909,1368909,71680,1393,"void gemm_a8w8_mxfp8_scale_4wave_160x128_kernel<opus_gemm_mxscale_bpreshuffle_4wave_160x128_traits_gfx950>(opus_gemm_mxscale_bpreshuffle_kargs_gfx950)",256,81408,0,100,0,112,"OPUS_GFX950_TCP_TCP_TA_ADDR_STALL_CYCLES_SUM",89959.000000,3271249880434152,3271249880443312
35,35,"Agent 6",1,1368909,1368909,71680,1393,"void gemm_a8w8_mxfp8_scale_4wave_160x128_kernel<opus_gemm_mxscale_bpreshuffle_4wave_160x128_traits_gfx950>(opus_gemm_mxscale_bpreshuffle_kargs_gfx950)",256,81408,0,100,0,112,"OPUS_GFX950_TCP_TCR_TCP_STALL_CYCLES_SUM",247394.000000,3271249880434152,3271249880443312
35,35,"Agent 6",1,1368909,1368909,71680,1393,"void gemm_a8w8_mxfp8_scale_4wave_160x128_kernel<opus_gemm_mxscale_bpreshuffle_4wave_160x128_traits_gfx950>(opus_gemm_mxscale_bpreshuffle_kargs_gfx950)",256,81408,0,100,0,112,"OPUS_GFX950_TCP_LFIFO_STALL_CYCLES_SUM",0.00000000e+00,3271249880434152,3271249880443312
35,35,"Agent 6",1,1368909,1368909,71680,1393,"void gemm_a8w8_mxfp8_scale_4wave_160x128_kernel<opus_gemm_mxscale_bpreshuffle_4wave_160x128_traits_gfx950>(opus_gemm_mxscale_bpreshuffle_kargs_gfx950)",256,81408,0,100,0,112,"OPUS_GFX950_TCP_GATE_EN1_SUM",4506672.000000,3271249880434152,3271249880443312
36,36,"Agent 6",1,1368909,1368909,71680,1393,"void gemm_a8w8_mxfp8_scale_4wave_160x128_kernel<opus_gemm_mxscale_bpreshuffle_4wave_160x128_traits_gfx950>(opus_gemm_mxscale_bpreshuffle_kargs_gfx950)",256,81408,0,100,0,112,"OPUS_GFX950_GRBM_COUNT_MAX",42471.000000,3271249880638113,3271249880647393
36,36,"Agent 6",1,1368909,1368909,71680,1393,"void gemm_a8w8_mxfp8_scale_4wave_160x128_kernel<opus_gemm_mxscale_bpreshuffle_4wave_160x128_traits_gfx950>(opus_gemm_mxscale_bpreshuffle_kargs_gfx950)",256,81408,0,100,0,112,"OPUS_GFX950_GRBM_GUI_ACTIVE_MAX",42471.000000,3271249880638113,3271249880647393
36,36,"Agent 6",1,1368909,1368909,71680,1393,"void gemm_a8w8_mxfp8_scale_4wave_160x128_kernel<opus_gemm_mxscale_bpreshuffle_4wave_160x128_traits_gfx950>(opus_gemm_mxscale_bpreshuffle_kargs_gfx950)",256,81408,0,100,0,112,"OPUS_GFX950_SQ_WAVE_CYCLES_SUM",4002416.000000,3271249880638113,3271249880647393
36,36,"Agent 6",1,1368909,1368909,71680,1393,"void gemm_a8w8_mxfp8_scale_4wave_160x128_kernel<opus_gemm_mxscale_bpreshuffle_4wave_160x128_traits_gfx950>(opus_gemm_mxscale_bpreshuffle_kargs_gfx950)",256,81408,0,100,0,112,"OPUS_GFX950_SQ_WAVES_SUM",1120.000000,3271249880638113,3271249880647393
36,36,"Agent 6",1,1368909,1368909,71680,1393,"void gemm_a8w8_mxfp8_scale_4wave_160x128_kernel<opus_gemm_mxscale_bpreshuffle_4wave_160x128_traits_gfx950>(opus_gemm_mxscale_bpreshuffle_kargs_gfx950)",256,81408,0,100,0,112,"OPUS_GFX950_SQ_WAIT_ANY_SUM",2120785.000000,3271249880638113,3271249880647393
36,36,"Agent 6",1,1368909,1368909,71680,1393,"void gemm_a8w8_mxfp8_scale_4wave_160x128_kernel<opus_gemm_mxscale_bpreshuffle_4wave_160x128_traits_gfx950>(opus_gemm_mxscale_bpreshuffle_kargs_gfx950)",256,81408,0,100,0,112,"OPUS_GFX950_SQ_WAIT_INST_ANY_SUM",788086.000000,3271249880638113,3271249880647393
36,36,"Agent 6",1,1368909,1368909,71680,1393,"void gemm_a8w8_mxfp8_scale_4wave_160x128_kernel<opus_gemm_mxscale_bpreshuffle_4wave_160x128_traits_gfx950>(opus_gemm_mxscale_bpreshuffle_kargs_gfx950)",256,81408,0,100,0,112,"OPUS_GFX950_SQ_ACTIVE_INST_ANY_SUM",1093545.000000,3271249880638113,3271249880647393
36,36,"Agent 6",1,1368909,1368909,71680,1393,"void gemm_a8w8_mxfp8_scale_4wave_160x128_kernel<opus_gemm_mxscale_bpreshuffle_4wave_160x128_traits_gfx950>(opus_gemm_mxscale_bpreshuffle_kargs_gfx950)",256,81408,0,100,0,112,"OPUS_GFX950_SQ_BUSY_CYCLES_SUM",490418.000000,3271249880638113,3271249880647393
36,36,"Agent 6",1,1368909,1368909,71680,1393,"void gemm_a8w8_mxfp8_scale_4wave_160x128_kernel<opus_gemm_mxscale_bpreshuffle_4wave_160x128_traits_gfx950>(opus_gemm_mxscale_bpreshuffle_kargs_gfx950)",256,81408,0,100,0,112,"OPUS_GFX950_SQ_VALU_MFMA_BUSY_CYCLES_SUM",2150400.000000,3271249880638113,3271249880647393
36,36,"Agent 6",1,1368909,1368909,71680,1393,"void gemm_a8w8_mxfp8_scale_4wave_160x128_kernel<opus_gemm_mxscale_bpreshuffle_4wave_160x128_traits_gfx950>(opus_gemm_mxscale_bpreshuffle_kargs_gfx950)",256,81408,0,100,0,112,"OPUS_GFX950_SQ_INSTS_VALU_MFMA_MOPS_F8_SUM",8601600.000000,3271249880638113,3271249880647393
36,36,"Agent 6",1,1368909,1368909,71680,1393,"void gemm_a8w8_mxfp8_scale_4wave_160x128_kernel<opus_gemm_mxscale_bpreshuffle_4wave_160x128_traits_gfx950>(opus_gemm_mxscale_bpreshuffle_kargs_gfx950)",256,81408,0,100,0,112,"OPUS_GFX950_TCC_EA0_RDREQ_DRAM_32B_SUM",165536.000000,3271249880638113,3271249880647393
36,36,"Agent 6",1,1368909,1368909,71680,1393,"void gemm_a8w8_mxfp8_scale_4wave_160x128_kernel<opus_gemm_mxscale_bpreshuffle_4wave_160x128_traits_gfx950>(opus_gemm_mxscale_bpreshuffle_kargs_gfx950)",256,81408,0,100,0,112,"OPUS_GFX950_TCC_EA0_WRREQ_WRITE_DRAM_32B_SUM",358400.000000,3271249880638113,3271249880647393
36,36,"Agent 6",1,1368909,1368909,71680,1393,"void gemm_a8w8_mxfp8_scale_4wave_160x128_kernel<opus_gemm_mxscale_bpreshuffle_4wave_160x128_traits_gfx950>(opus_gemm_mxscale_bpreshuffle_kargs_gfx950)",256,81408,0,100,0,112,"OPUS_GFX950_TCP_TCP_TA_ADDR_STALL_CYCLES_SUM",100694.000000,3271249880638113,3271249880647393
36,36,"Agent 6",1,1368909,1368909,71680,1393,"void gemm_a8w8_mxfp8_scale_4wave_160x128_kernel<opus_gemm_mxscale_bpreshuffle_4wave_160x128_traits_gfx950>(opus_gemm_mxscale_bpreshuffle_kargs_gfx950)",256,81408,0,100,0,112,"OPUS_GFX950_TCP_TCR_TCP_STALL_CYCLES_SUM",260773.000000,3271249880638113,3271249880647393
36,36,"Agent 6",1,1368909,1368909,71680,1393,"void gemm_a8w8_mxfp8_scale_4wave_160x128_kernel<opus_gemm_mxscale_bpreshuffle_4wave_160x128_traits_gfx950>(opus_gemm_mxscale_bpreshuffle_kargs_gfx950)",256,81408,0,100,0,112,"OPUS_GFX950_TCP_LFIFO_STALL_CYCLES_SUM",0.00000000e+00,3271249880638113,3271249880647393
36,36,"Agent 6",1,1368909,1368909,71680,1393,"void gemm_a8w8_mxfp8_scale_4wave_160x128_kernel<opus_gemm_mxscale_bpreshuffle_4wave_160x128_traits_gfx950>(opus_gemm_mxscale_bpreshuffle_kargs_gfx950)",256,81408,0,100,0,112,"OPUS_GFX950_TCP_GATE_EN1_SUM",4547752.000000,3271249880638113,3271249880647393
37,37,"Agent 6",1,1368909,1368909,71680,1393,"void gemm_a8w8_mxfp8_scale_4wave_160x128_kernel<opus_gemm_mxscale_bpreshuffle_4wave_160x128_traits_gfx950>(opus_gemm_mxscale_bpreshuffle_kargs_gfx950)",256,81408,0,100,0,112,"OPUS_GFX950_GRBM_COUNT_MAX",41168.000000,3271249880854355,3271249880863595
37,37,"Agent 6",1,1368909,1368909,71680,1393,"void gemm_a8w8_mxfp8_scale_4wave_160x128_kernel<opus_gemm_mxscale_bpreshuffle_4wave_160x128_traits_gfx950>(opus_gemm_mxscale_bpreshuffle_kargs_gfx950)",256,81408,0,100,0,112,"OPUS_GFX950_GRBM_GUI_ACTIVE_MAX",41168.000000,3271249880854355,3271249880863595
37,37,"Agent 6",1,1368909,1368909,71680,1393,"void gemm_a8w8_mxfp8_scale_4wave_160x128_kernel<opus_gemm_mxscale_bpreshuffle_4wave_160x128_traits_gfx950>(opus_gemm_mxscale_bpreshuffle_kargs_gfx950)",256,81408,0,100,0,112,"OPUS_GFX950_SQ_WAVE_CYCLES_SUM",3930020.000000,3271249880854355,3271249880863595
37,37,"Agent 6",1,1368909,1368909,71680,1393,"void gemm_a8w8_mxfp8_scale_4wave_160x128_kernel<opus_gemm_mxscale_bpreshuffle_4wave_160x128_traits_gfx950>(opus_gemm_mxscale_bpreshuffle_kargs_gfx950)",256,81408,0,100,0,112,"OPUS_GFX950_SQ_WAVES_SUM",1120.000000,3271249880854355,3271249880863595
37,37,"Agent 6",1,1368909,1368909,71680,1393,"void gemm_a8w8_mxfp8_scale_4wave_160x128_kernel<opus_gemm_mxscale_bpreshuffle_4wave_160x128_traits_gfx950>(opus_gemm_mxscale_bpreshuffle_kargs_gfx950)",256,81408,0,100,0,112,"OPUS_GFX950_SQ_WAIT_ANY_SUM",2017245.000000,3271249880854355,3271249880863595
37,37,"Agent 6",1,1368909,1368909,71680,1393,"void gemm_a8w8_mxfp8_scale_4wave_160x128_kernel<opus_gemm_mxscale_bpreshuffle_4wave_160x128_traits_gfx950>(opus_gemm_mxscale_bpreshuffle_kargs_gfx950)",256,81408,0,100,0,112,"OPUS_GFX950_SQ_WAIT_INST_ANY_SUM",819118.000000,3271249880854355,3271249880863595
37,37,"Agent 6",1,1368909,1368909,71680,1393,"void gemm_a8w8_mxfp8_scale_4wave_160x128_kernel<opus_gemm_mxscale_bpreshuffle_4wave_160x128_traits_gfx950>(opus_gemm_mxscale_bpreshuffle_kargs_gfx950)",256,81408,0,100,0,112,"OPUS_GFX950_SQ_ACTIVE_INST_ANY_SUM",1093657.000000,3271249880854355,3271249880863595
37,37,"Agent 6",1,1368909,1368909,71680,1393,"void gemm_a8w8_mxfp8_scale_4wave_160x128_kernel<opus_gemm_mxscale_bpreshuffle_4wave_160x128_traits_gfx950>(opus_gemm_mxscale_bpreshuffle_kargs_gfx950)",256,81408,0,100,0,112,"OPUS_GFX950_SQ_BUSY_CYCLES_SUM",485722.000000,3271249880854355,3271249880863595
37,37,"Agent 6",1,1368909,1368909,71680,1393,"void gemm_a8w8_mxfp8_scale_4wave_160x128_kernel<opus_gemm_mxscale_bpreshuffle_4wave_160x128_traits_gfx950>(opus_gemm_mxscale_bpreshuffle_kargs_gfx950)",256,81408,0,100,0,112,"OPUS_GFX950_SQ_VALU_MFMA_BUSY_CYCLES_SUM",2150400.000000,3271249880854355,3271249880863595
37,37,"Agent 6",1,1368909,1368909,71680,1393,"void gemm_a8w8_mxfp8_scale_4wave_160x128_kernel<opus_gemm_mxscale_bpreshuffle_4wave_160x128_traits_gfx950>(opus_gemm_mxscale_bpreshuffle_kargs_gfx950)",256,81408,0,100,0,112,"OPUS_GFX950_SQ_INSTS_VALU_MFMA_MOPS_F8_SUM",8601600.000000,3271249880854355,3271249880863595
37,37,"Agent 6",1,1368909,1368909,71680,1393,"void gemm_a8w8_mxfp8_scale_4wave_160x128_kernel<opus_gemm_mxscale_bpreshuffle_4wave_160x128_traits_gfx950>(opus_gemm_mxscale_bpreshuffle_kargs_gfx950)",256,81408,0,100,0,112,"OPUS_GFX950_TCC_EA0_RDREQ_DRAM_32B_SUM",165536.000000,3271249880854355,3271249880863595
37,37,"Agent 6",1,1368909,1368909,71680,1393,"void gemm_a8w8_mxfp8_scale_4wave_160x128_kernel<opus_gemm_mxscale_bpreshuffle_4wave_160x128_traits_gfx950>(opus_gemm_mxscale_bpreshuffle_kargs_gfx950)",256,81408,0,100,0,112,"OPUS_GFX950_TCC_EA0_WRREQ_WRITE_DRAM_32B_SUM",358400.000000,3271249880854355,3271249880863595
37,37,"Agent 6",1,1368909,1368909,71680,1393,"void gemm_a8w8_mxfp8_scale_4wave_160x128_kernel<opus_gemm_mxscale_bpreshuffle_4wave_160x128_traits_gfx950>(opus_gemm_mxscale_bpreshuffle_kargs_gfx950)",256,81408,0,100,0,112,"OPUS_GFX950_TCP_TCP_TA_ADDR_STALL_CYCLES_SUM",112259.000000,3271249880854355,3271249880863595
37,37,"Agent 6",1,1368909,1368909,71680,1393,"void gemm_a8w8_mxfp8_scale_4wave_160x128_kernel<opus_gemm_mxscale_bpreshuffle_4wave_160x128_traits_gfx950>(opus_gemm_mxscale_bpreshuffle_kargs_gfx950)",256,81408,0,100,0,112,"OPUS_GFX950_TCP_TCR_TCP_STALL_CYCLES_SUM",282499.000000,3271249880854355,3271249880863595
37,37,"Agent 6",1,1368909,1368909,71680,1393,"void gemm_a8w8_mxfp8_scale_4wave_160x128_kernel<opus_gemm_mxscale_bpreshuffle_4wave_160x128_traits_gfx950>(opus_gemm_mxscale_bpreshuffle_kargs_gfx950)",256,81408,0,100,0,112,"OPUS_GFX950_TCP_LFIFO_STALL_CYCLES_SUM",0.00000000e+00,3271249880854355,3271249880863595
37,37,"Agent 6",1,1368909,1368909,71680,1393,"void gemm_a8w8_mxfp8_scale_4wave_160x128_kernel<opus_gemm_mxscale_bpreshuffle_4wave_160x128_traits_gfx950>(opus_gemm_mxscale_bpreshuffle_kargs_gfx950)",256,81408,0,100,0,112,"OPUS_GFX950_TCP_GATE_EN1_SUM",4510304.000000,3271249880854355,3271249880863595
38,38,"Agent 6",1,1368909,1368909,71680,1393,"void gemm_a8w8_mxfp8_scale_4wave_160x128_kernel<opus_gemm_mxscale_bpreshuffle_4wave_160x128_traits_gfx950>(opus_gemm_mxscale_bpreshuffle_kargs_gfx950)",256,81408,0,100,0,112,"OPUS_GFX950_GRBM_COUNT_MAX",38330.000000,3271249881061356,3271249881070636
38,38,"Agent 6",1,1368909,1368909,71680,1393,"void gemm_a8w8_mxfp8_scale_4wave_160x128_kernel<opus_gemm_mxscale_bpreshuffle_4wave_160x128_traits_gfx950>(opus_gemm_mxscale_bpreshuffle_kargs_gfx950)",256,81408,0,100,0,112,"OPUS_GFX950_GRBM_GUI_ACTIVE_MAX",38330.000000,3271249881061356,3271249881070636
38,38,"Agent 6",1,1368909,1368909,71680,1393,"void gemm_a8w8_mxfp8_scale_4wave_160x128_kernel<opus_gemm_mxscale_bpreshuffle_4wave_160x128_traits_gfx950>(opus_gemm_mxscale_bpreshuffle_kargs_gfx950)",256,81408,0,100,0,112,"OPUS_GFX950_SQ_WAVE_CYCLES_SUM",3927146.000000,3271249881061356,3271249881070636
38,38,"Agent 6",1,1368909,1368909,71680,1393,"void gemm_a8w8_mxfp8_scale_4wave_160x128_kernel<opus_gemm_mxscale_bpreshuffle_4wave_160x128_traits_gfx950>(opus_gemm_mxscale_bpreshuffle_kargs_gfx950)",256,81408,0,100,0,112,"OPUS_GFX950_SQ_WAVES_SUM",1120.000000,3271249881061356,3271249881070636
38,38,"Agent 6",1,1368909,1368909,71680,1393,"void gemm_a8w8_mxfp8_scale_4wave_160x128_kernel<opus_gemm_mxscale_bpreshuffle_4wave_160x128_traits_gfx950>(opus_gemm_mxscale_bpreshuffle_kargs_gfx950)",256,81408,0,100,0,112,"OPUS_GFX950_SQ_WAIT_ANY_SUM",2027980.000000,3271249881061356,3271249881070636
38,38,"Agent 6",1,1368909,1368909,71680,1393,"void gemm_a8w8_mxfp8_scale_4wave_160x128_kernel<opus_gemm_mxscale_bpreshuffle_4wave_160x128_traits_gfx950>(opus_gemm_mxscale_bpreshuffle_kargs_gfx950)",256,81408,0,100,0,112,"OPUS_GFX950_SQ_WAIT_INST_ANY_SUM",805758.000000,3271249881061356,3271249881070636
38,38,"Agent 6",1,1368909,1368909,71680,1393,"void gemm_a8w8_mxfp8_scale_4wave_160x128_kernel<opus_gemm_mxscale_bpreshuffle_4wave_160x128_traits_gfx950>(opus_gemm_mxscale_bpreshuffle_kargs_gfx950)",256,81408,0,100,0,112,"OPUS_GFX950_SQ_ACTIVE_INST_ANY_SUM",1093408.000000,3271249881061356,3271249881070636
38,38,"Agent 6",1,1368909,1368909,71680,1393,"void gemm_a8w8_mxfp8_scale_4wave_160x128_kernel<opus_gemm_mxscale_bpreshuffle_4wave_160x128_traits_gfx950>(opus_gemm_mxscale_bpreshuffle_kargs_gfx950)",256,81408,0,100,0,112,"OPUS_GFX950_SQ_BUSY_CYCLES_SUM",485365.000000,3271249881061356,3271249881070636
38,38,"Agent 6",1,1368909,1368909,71680,1393,"void gemm_a8w8_mxfp8_scale_4wave_160x128_kernel<opus_gemm_mxscale_bpreshuffle_4wave_160x128_traits_gfx950>(opus_gemm_mxscale_bpreshuffle_kargs_gfx950)",256,81408,0,100,0,112,"OPUS_GFX950_SQ_VALU_MFMA_BUSY_CYCLES_SUM",2150400.000000,3271249881061356,3271249881070636
38,38,"Agent 6",1,1368909,1368909,71680,1393,"void gemm_a8w8_mxfp8_scale_4wave_160x128_kernel<opus_gemm_mxscale_bpreshuffle_4wave_160x128_traits_gfx950>(opus_gemm_mxscale_bpreshuffle_kargs_gfx950)",256,81408,0,100,0,112,"OPUS_GFX950_SQ_INSTS_VALU_MFMA_MOPS_F8_SUM",8601600.000000,3271249881061356,3271249881070636
38,38,"Agent 6",1,1368909,1368909,71680,1393,"void gemm_a8w8_mxfp8_scale_4wave_160x128_kernel<opus_gemm_mxscale_bpreshuffle_4wave_160x128_traits_gfx950>(opus_gemm_mxscale_bpreshuffle_kargs_gfx950)",256,81408,0,100,0,112,"OPUS_GFX950_TCC_EA0_RDREQ_DRAM_32B_SUM",165536.000000,3271249881061356,3271249881070636
38,38,"Agent 6",1,1368909,1368909,71680,1393,"void gemm_a8w8_mxfp8_scale_4wave_160x128_kernel<opus_gemm_mxscale_bpreshuffle_4wave_160x128_traits_gfx950>(opus_gemm_mxscale_bpreshuffle_kargs_gfx950)",256,81408,0,100,0,112,"OPUS_GFX950_TCC_EA0_WRREQ_WRITE_DRAM_32B_SUM",358400.000000,3271249881061356,3271249881070636
38,38,"Agent 6",1,1368909,1368909,71680,1393,"void gemm_a8w8_mxfp8_scale_4wave_160x128_kernel<opus_gemm_mxscale_bpreshuffle_4wave_160x128_traits_gfx950>(opus_gemm_mxscale_bpreshuffle_kargs_gfx950)",256,81408,0,100,0,112,"OPUS_GFX950_TCP_TCP_TA_ADDR_STALL_CYCLES_SUM",114532.000000,3271249881061356,3271249881070636
38,38,"Agent 6",1,1368909,1368909,71680,1393,"void gemm_a8w8_mxfp8_scale_4wave_160x128_kernel<opus_gemm_mxscale_bpreshuffle_4wave_160x128_traits_gfx950>(opus_gemm_mxscale_bpreshuffle_kargs_gfx950)",256,81408,0,100,0,112,"OPUS_GFX950_TCP_TCR_TCP_STALL_CYCLES_SUM",291670.000000,3271249881061356,3271249881070636
38,38,"Agent 6",1,1368909,1368909,71680,1393,"void gemm_a8w8_mxfp8_scale_4wave_160x128_kernel<opus_gemm_mxscale_bpreshuffle_4wave_160x128_traits_gfx950>(opus_gemm_mxscale_bpreshuffle_kargs_gfx950)",256,81408,0,100,0,112,"OPUS_GFX950_TCP_LFIFO_STALL_CYCLES_SUM",0.00000000e+00,3271249881061356,3271249881070636
38,38,"Agent 6",1,1368909,1368909,71680,1393,"void gemm_a8w8_mxfp8_scale_4wave_160x128_kernel<opus_gemm_mxscale_bpreshuffle_4wave_160x128_traits_gfx950>(opus_gemm_mxscale_bpreshuffle_kargs_gfx950)",256,81408,0,100,0,112,"OPUS_GFX950_TCP_GATE_EN1_SUM",4507152.000000,3271249881061356,3271249881070636
39,39,"Agent 6",1,1368909,1368909,71680,1393,"void gemm_a8w8_mxfp8_scale_4wave_160x128_kernel<opus_gemm_mxscale_bpreshuffle_4wave_160x128_traits_gfx950>(opus_gemm_mxscale_bpreshuffle_kargs_gfx950)",256,81408,0,100,0,112,"OPUS_GFX950_GRBM_COUNT_MAX",38476.000000,3271249881266958,3271249881276158
39,39,"Agent 6",1,1368909,1368909,71680,1393,"void gemm_a8w8_mxfp8_scale_4wave_160x128_kernel<opus_gemm_mxscale_bpreshuffle_4wave_160x128_traits_gfx950>(opus_gemm_mxscale_bpreshuffle_kargs_gfx950)",256,81408,0,100,0,112,"OPUS_GFX950_GRBM_GUI_ACTIVE_MAX",38476.000000,3271249881266958,3271249881276158
39,39,"Agent 6",1,1368909,1368909,71680,1393,"void gemm_a8w8_mxfp8_scale_4wave_160x128_kernel<opus_gemm_mxscale_bpreshuffle_4wave_160x128_traits_gfx950>(opus_gemm_mxscale_bpreshuffle_kargs_gfx950)",256,81408,0,100,0,112,"OPUS_GFX950_SQ_WAVE_CYCLES_SUM",3842834.000000,3271249881266958,3271249881276158
39,39,"Agent 6",1,1368909,1368909,71680,1393,"void gemm_a8w8_mxfp8_scale_4wave_160x128_kernel<opus_gemm_mxscale_bpreshuffle_4wave_160x128_traits_gfx950>(opus_gemm_mxscale_bpreshuffle_kargs_gfx950)",256,81408,0,100,0,112,"OPUS_GFX950_SQ_WAVES_SUM",1120.000000,3271249881266958,3271249881276158
39,39,"Agent 6",1,1368909,1368909,71680,1393,"void gemm_a8w8_mxfp8_scale_4wave_160x128_kernel<opus_gemm_mxscale_bpreshuffle_4wave_160x128_traits_gfx950>(opus_gemm_mxscale_bpreshuffle_kargs_gfx950)",256,81408,0,100,0,112,"OPUS_GFX950_SQ_WAIT_ANY_SUM",1963764.000000,3271249881266958,3271249881276158
39,39,"Agent 6",1,1368909,1368909,71680,1393,"void gemm_a8w8_mxfp8_scale_4wave_160x128_kernel<opus_gemm_mxscale_bpreshuffle_4wave_160x128_traits_gfx950>(opus_gemm_mxscale_bpreshuffle_kargs_gfx950)",256,81408,0,100,0,112,"OPUS_GFX950_SQ_WAIT_INST_ANY_SUM",785542.000000,3271249881266958,3271249881276158
39,39,"Agent 6",1,1368909,1368909,71680,1393,"void gemm_a8w8_mxfp8_scale_4wave_160x128_kernel<opus_gemm_mxscale_bpreshuffle_4wave_160x128_traits_gfx950>(opus_gemm_mxscale_bpreshuffle_kargs_gfx950)",256,81408,0,100,0,112,"OPUS_GFX950_SQ_ACTIVE_INST_ANY_SUM",1093528.000000,3271249881266958,3271249881276158
39,39,"Agent 6",1,1368909,1368909,71680,1393,"void gemm_a8w8_mxfp8_scale_4wave_160x128_kernel<opus_gemm_mxscale_bpreshuffle_4wave_160x128_traits_gfx950>(opus_gemm_mxscale_bpreshuffle_kargs_gfx950)",256,81408,0,100,0,112,"OPUS_GFX950_SQ_BUSY_CYCLES_SUM",478446.000000,3271249881266958,3271249881276158
39,39,"Agent 6",1,1368909,1368909,71680,1393,"void gemm_a8w8_mxfp8_scale_4wave_160x128_kernel<opus_gemm_mxscale_bpreshuffle_4wave_160x128_traits_gfx950>(opus_gemm_mxscale_bpreshuffle_kargs_gfx950)",256,81408,0,100,0,112,"OPUS_GFX950_SQ_VALU_MFMA_BUSY_CYCLES_SUM",2150400.000000,3271249881266958,3271249881276158
39,39,"Agent 6",1,1368909,1368909,71680,1393,"void gemm_a8w8_mxfp8_scale_4wave_160x128_kernel<opus_gemm_mxscale_bpreshuffle_4wave_160x128_traits_gfx950>(opus_gemm_mxscale_bpreshuffle_kargs_gfx950)",256,81408,0,100,0,112,"OPUS_GFX950_SQ_INSTS_VALU_MFMA_MOPS_F8_SUM",8601600.000000,3271249881266958,3271249881276158
39,39,"Agent 6",1,1368909,1368909,71680,1393,"void gemm_a8w8_mxfp8_scale_4wave_160x128_kernel<opus_gemm_mxscale_bpreshuffle_4wave_160x128_traits_gfx950>(opus_gemm_mxscale_bpreshuffle_kargs_gfx950)",256,81408,0,100,0,112,"OPUS_GFX950_TCC_EA0_RDREQ_DRAM_32B_SUM",165504.000000,3271249881266958,3271249881276158
39,39,"Agent 6",1,1368909,1368909,71680,1393,"void gemm_a8w8_mxfp8_scale_4wave_160x128_kernel<opus_gemm_mxscale_bpreshuffle_4wave_160x128_traits_gfx950>(opus_gemm_mxscale_bpreshuffle_kargs_gfx950)",256,81408,0,100,0,112,"OPUS_GFX950_TCC_EA0_WRREQ_WRITE_DRAM_32B_SUM",358400.000000,3271249881266958,3271249881276158
39,39,"Agent 6",1,1368909,1368909,71680,1393,"void gemm_a8w8_mxfp8_scale_4wave_160x128_kernel<opus_gemm_mxscale_bpreshuffle_4wave_160x128_traits_gfx950>(opus_gemm_mxscale_bpreshuffle_kargs_gfx950)",256,81408,0,100,0,112,"OPUS_GFX950_TCP_TCP_TA_ADDR_STALL_CYCLES_SUM",108091.000000,3271249881266958,3271249881276158
39,39,"Agent 6",1,1368909,1368909,71680,1393,"void gemm_a8w8_mxfp8_scale_4wave_160x128_kernel<opus_gemm_mxscale_bpreshuffle_4wave_160x128_traits_gfx950>(opus_gemm_mxscale_bpreshuffle_kargs_gfx950)",256,81408,0,100,0,112,"OPUS_GFX950_TCP_TCR_TCP_STALL_CYCLES_SUM",277792.000000,3271249881266958,3271249881276158
39,39,"Agent 6",1,1368909,1368909,71680,1393,"void gemm_a8w8_mxfp8_scale_4wave_160x128_kernel<opus_gemm_mxscale_bpreshuffle_4wave_160x128_traits_gfx950>(opus_gemm_mxscale_bpreshuffle_kargs_gfx950)",256,81408,0,100,0,112,"OPUS_GFX950_TCP_LFIFO_STALL_CYCLES_SUM",0.00000000e+00,3271249881266958,3271249881276158
39,39,"Agent 6",1,1368909,1368909,71680,1393,"void gemm_a8w8_mxfp8_scale_4wave_160x128_kernel<opus_gemm_mxscale_bpreshuffle_4wave_160x128_traits_gfx950>(opus_gemm_mxscale_bpreshuffle_kargs_gfx950)",256,81408,0,100,0,112,"OPUS_GFX950_TCP_GATE_EN1_SUM",4451784.000000,3271249881266958,3271249881276158
40,40,"Agent 6",1,1368909,1368909,71680,1393,"void gemm_a8w8_mxfp8_scale_4wave_160x128_kernel<opus_gemm_mxscale_bpreshuffle_4wave_160x128_traits_gfx950>(opus_gemm_mxscale_bpreshuffle_kargs_gfx950)",256,81408,0,100,0,112,"OPUS_GFX950_GRBM_COUNT_MAX",44263.000000,3271249881472879,3271249881482159
40,40,"Agent 6",1,1368909,1368909,71680,1393,"void gemm_a8w8_mxfp8_scale_4wave_160x128_kernel<opus_gemm_mxscale_bpreshuffle_4wave_160x128_traits_gfx950>(opus_gemm_mxscale_bpreshuffle_kargs_gfx950)",256,81408,0,100,0,112,"OPUS_GFX950_GRBM_GUI_ACTIVE_MAX",44263.000000,3271249881472879,3271249881482159
40,40,"Agent 6",1,1368909,1368909,71680,1393,"void gemm_a8w8_mxfp8_scale_4wave_160x128_kernel<opus_gemm_mxscale_bpreshuffle_4wave_160x128_traits_gfx950>(opus_gemm_mxscale_bpreshuffle_kargs_gfx950)",256,81408,0,100,0,112,"OPUS_GFX950_SQ_WAVE_CYCLES_SUM",3938049.000000,3271249881472879,3271249881482159
40,40,"Agent 6",1,1368909,1368909,71680,1393,"void gemm_a8w8_mxfp8_scale_4wave_160x128_kernel<opus_gemm_mxscale_bpreshuffle_4wave_160x128_traits_gfx950>(opus_gemm_mxscale_bpreshuffle_kargs_gfx950)",256,81408,0,100,0,112,"OPUS_GFX950_SQ_WAVES_SUM",1120.000000,3271249881472879,3271249881482159
40,40,"Agent 6",1,1368909,1368909,71680,1393,"void gemm_a8w8_mxfp8_scale_4wave_160x128_kernel<opus_gemm_mxscale_bpreshuffle_4wave_160x128_traits_gfx950>(opus_gemm_mxscale_bpreshuffle_kargs_gfx950)",256,81408,0,100,0,112,"OPUS_GFX950_SQ_WAIT_ANY_SUM",2036183.000000,3271249881472879,3271249881482159
40,40,"Agent 6",1,1368909,1368909,71680,1393,"void gemm_a8w8_mxfp8_scale_4wave_160x128_kernel<opus_gemm_mxscale_bpreshuffle_4wave_160x128_traits_gfx950>(opus_gemm_mxscale_bpreshuffle_kargs_gfx950)",256,81408,0,100,0,112,"OPUS_GFX950_SQ_WAIT_INST_ANY_SUM",808319.000000,3271249881472879,3271249881482159
40,40,"Agent 6",1,1368909,1368909,71680,1393,"void gemm_a8w8_mxfp8_scale_4wave_160x128_kernel<opus_gemm_mxscale_bpreshuffle_4wave_160x128_traits_gfx950>(opus_gemm_mxscale_bpreshuffle_kargs_gfx950)",256,81408,0,100,0,112,"OPUS_GFX950_SQ_ACTIVE_INST_ANY_SUM",1093547.000000,3271249881472879,3271249881482159
40,40,"Agent 6",1,1368909,1368909,71680,1393,"void gemm_a8w8_mxfp8_scale_4wave_160x128_kernel<opus_gemm_mxscale_bpreshuffle_4wave_160x128_traits_gfx950>(opus_gemm_mxscale_bpreshuffle_kargs_gfx950)",256,81408,0,100,0,112,"OPUS_GFX950_SQ_BUSY_CYCLES_SUM",486357.000000,3271249881472879,3271249881482159
40,40,"Agent 6",1,1368909,1368909,71680,1393,"void gemm_a8w8_mxfp8_scale_4wave_160x128_kernel<opus_gemm_mxscale_bpreshuffle_4wave_160x128_traits_gfx950>(opus_gemm_mxscale_bpreshuffle_kargs_gfx950)",256,81408,0,100,0,112,"OPUS_GFX950_SQ_VALU_MFMA_BUSY_CYCLES_SUM",2150400.000000,3271249881472879,3271249881482159
40,40,"Agent 6",1,1368909,1368909,71680,1393,"void gemm_a8w8_mxfp8_scale_4wave_160x128_kernel<opus_gemm_mxscale_bpreshuffle_4wave_160x128_traits_gfx950>(opus_gemm_mxscale_bpreshuffle_kargs_gfx950)",256,81408,0,100,0,112,"OPUS_GFX950_SQ_INSTS_VALU_MFMA_MOPS_F8_SUM",8601600.000000,3271249881472879,3271249881482159
40,40,"Agent 6",1,1368909,1368909,71680,1393,"void gemm_a8w8_mxfp8_scale_4wave_160x128_kernel<opus_gemm_mxscale_bpreshuffle_4wave_160x128_traits_gfx950>(opus_gemm_mxscale_bpreshuffle_kargs_gfx950)",256,81408,0,100,0,112,"OPUS_GFX950_TCC_EA0_RDREQ_DRAM_32B_SUM",165536.000000,3271249881472879,3271249881482159
40,40,"Agent 6",1,1368909,1368909,71680,1393,"void gemm_a8w8_mxfp8_scale_4wave_160x128_kernel<opus_gemm_mxscale_bpreshuffle_4wave_160x128_traits_gfx950>(opus_gemm_mxscale_bpreshuffle_kargs_gfx950)",256,81408,0,100,0,112,"OPUS_GFX950_TCC_EA0_WRREQ_WRITE_DRAM_32B_SUM",358400.000000,3271249881472879,3271249881482159
40,40,"Agent 6",1,1368909,1368909,71680,1393,"void gemm_a8w8_mxfp8_scale_4wave_160x128_kernel<opus_gemm_mxscale_bpreshuffle_4wave_160x128_traits_gfx950>(opus_gemm_mxscale_bpreshuffle_kargs_gfx950)",256,81408,0,100,0,112,"OPUS_GFX950_TCP_TCP_TA_ADDR_STALL_CYCLES_SUM",114695.000000,3271249881472879,3271249881482159
40,40,"Agent 6",1,1368909,1368909,71680,1393,"void gemm_a8w8_mxfp8_scale_4wave_160x128_kernel<opus_gemm_mxscale_bpreshuffle_4wave_160x128_traits_gfx950>(opus_gemm_mxscale_bpreshuffle_kargs_gfx950)",256,81408,0,100,0,112,"OPUS_GFX950_TCP_TCR_TCP_STALL_CYCLES_SUM",289732.000000,3271249881472879,3271249881482159
40,40,"Agent 6",1,1368909,1368909,71680,1393,"void gemm_a8w8_mxfp8_scale_4wave_160x128_kernel<opus_gemm_mxscale_bpreshuffle_4wave_160x128_traits_gfx950>(opus_gemm_mxscale_bpreshuffle_kargs_gfx950)",256,81408,0,100,0,112,"OPUS_GFX950_TCP_LFIFO_STALL_CYCLES_SUM",0.00000000e+00,3271249881472879,3271249881482159
40,40,"Agent 6",1,1368909,1368909,71680,1393,"void gemm_a8w8_mxfp8_scale_4wave_160x128_kernel<opus_gemm_mxscale_bpreshuffle_4wave_160x128_traits_gfx950>(opus_gemm_mxscale_bpreshuffle_kargs_gfx950)",256,81408,0,100,0,112,"OPUS_GFX950_TCP_GATE_EN1_SUM",4515064.000000,3271249881472879,3271249881482159
41,41,"Agent 6",1,1368909,1368909,71680,1393,"void gemm_a8w8_mxfp8_scale_4wave_160x128_kernel<opus_gemm_mxscale_bpreshuffle_4wave_160x128_traits_gfx950>(opus_gemm_mxscale_bpreshuffle_kargs_gfx950)",256,81408,0,100,0,112,"OPUS_GFX950_GRBM_COUNT_MAX",43818.000000,3271249881685521,3271249881694761
41,41,"Agent 6",1,1368909,1368909,71680,1393,"void gemm_a8w8_mxfp8_scale_4wave_160x128_kernel<opus_gemm_mxscale_bpreshuffle_4wave_160x128_traits_gfx950>(opus_gemm_mxscale_bpreshuffle_kargs_gfx950)",256,81408,0,100,0,112,"OPUS_GFX950_GRBM_GUI_ACTIVE_MAX",43818.000000,3271249881685521,3271249881694761
41,41,"Agent 6",1,1368909,1368909,71680,1393,"void gemm_a8w8_mxfp8_scale_4wave_160x128_kernel<opus_gemm_mxscale_bpreshuffle_4wave_160x128_traits_gfx950>(opus_gemm_mxscale_bpreshuffle_kargs_gfx950)",256,81408,0,100,0,112,"OPUS_GFX950_SQ_WAVE_CYCLES_SUM",3955073.000000,3271249881685521,3271249881694761
41,41,"Agent 6",1,1368909,1368909,71680,1393,"void gemm_a8w8_mxfp8_scale_4wave_160x128_kernel<opus_gemm_mxscale_bpreshuffle_4wave_160x128_traits_gfx950>(opus_gemm_mxscale_bpreshuffle_kargs_gfx950)",256,81408,0,100,0,112,"OPUS_GFX950_SQ_WAVES_SUM",1120.000000,3271249881685521,3271249881694761
41,41,"Agent 6",1,1368909,1368909,71680,1393,"void gemm_a8w8_mxfp8_scale_4wave_160x128_kernel<opus_gemm_mxscale_bpreshuffle_4wave_160x128_traits_gfx950>(opus_gemm_mxscale_bpreshuffle_kargs_gfx950)",256,81408,0,100,0,112,"OPUS_GFX950_SQ_WAIT_ANY_SUM",2051608.000000,3271249881685521,3271249881694761
41,41,"Agent 6",1,1368909,1368909,71680,1393,"void gemm_a8w8_mxfp8_scale_4wave_160x128_kernel<opus_gemm_mxscale_bpreshuffle_4wave_160x128_traits_gfx950>(opus_gemm_mxscale_bpreshuffle_kargs_gfx950)",256,81408,0,100,0,112,"OPUS_GFX950_SQ_WAIT_INST_ANY_SUM",809912.000000,3271249881685521,3271249881694761
41,41,"Agent 6",1,1368909,1368909,71680,1393,"void gemm_a8w8_mxfp8_scale_4wave_160x128_kernel<opus_gemm_mxscale_bpreshuffle_4wave_160x128_traits_gfx950>(opus_gemm_mxscale_bpreshuffle_kargs_gfx950)",256,81408,0,100,0,112,"OPUS_GFX950_SQ_ACTIVE_INST_ANY_SUM",1093553.000000,3271249881685521,3271249881694761
41,41,"Agent 6",1,1368909,1368909,71680,1393,"void gemm_a8w8_mxfp8_scale_4wave_160x128_kernel<opus_gemm_mxscale_bpreshuffle_4wave_160x128_traits_gfx950>(opus_gemm_mxscale_bpreshuffle_kargs_gfx950)",256,81408,0,100,0,112,"OPUS_GFX950_SQ_BUSY_CYCLES_SUM",487960.000000,3271249881685521,3271249881694761
41,41,"Agent 6",1,1368909,1368909,71680,1393,"void gemm_a8w8_mxfp8_scale_4wave_160x128_kernel<opus_gemm_mxscale_bpreshuffle_4wave_160x128_traits_gfx950>(opus_gemm_mxscale_bpreshuffle_kargs_gfx950)",256,81408,0,100,0,112,"OPUS_GFX950_SQ_VALU_MFMA_BUSY_CYCLES_SUM",2150400.000000,3271249881685521,3271249881694761
41,41,"Agent 6",1,1368909,1368909,71680,1393,"void gemm_a8w8_mxfp8_scale_4wave_160x128_kernel<opus_gemm_mxscale_bpreshuffle_4wave_160x128_traits_gfx950>(opus_gemm_mxscale_bpreshuffle_kargs_gfx950)",256,81408,0,100,0,112,"OPUS_GFX950_SQ_INSTS_VALU_MFMA_MOPS_F8_SUM",8601600.000000,3271249881685521,3271249881694761
41,41,"Agent 6",1,1368909,1368909,71680,1393,"void gemm_a8w8_mxfp8_scale_4wave_160x128_kernel<opus_gemm_mxscale_bpreshuffle_4wave_160x128_traits_gfx950>(opus_gemm_mxscale_bpreshuffle_kargs_gfx950)",256,81408,0,100,0,112,"OPUS_GFX950_TCC_EA0_RDREQ_DRAM_32B_SUM",165504.000000,3271249881685521,3271249881694761
41,41,"Agent 6",1,1368909,1368909,71680,1393,"void gemm_a8w8_mxfp8_scale_4wave_160x128_kernel<opus_gemm_mxscale_bpreshuffle_4wave_160x128_traits_gfx950>(opus_gemm_mxscale_bpreshuffle_kargs_gfx950)",256,81408,0,100,0,112,"OPUS_GFX950_TCC_EA0_WRREQ_WRITE_DRAM_32B_SUM",358400.000000,3271249881685521,3271249881694761
41,41,"Agent 6",1,1368909,1368909,71680,1393,"void gemm_a8w8_mxfp8_scale_4wave_160x128_kernel<opus_gemm_mxscale_bpreshuffle_4wave_160x128_traits_gfx950>(opus_gemm_mxscale_bpreshuffle_kargs_gfx950)",256,81408,0,100,0,112,"OPUS_GFX950_TCP_TCP_TA_ADDR_STALL_CYCLES_SUM",117449.000000,3271249881685521,3271249881694761
41,41,"Agent 6",1,1368909,1368909,71680,1393,"void gemm_a8w8_mxfp8_scale_4wave_160x128_kernel<opus_gemm_mxscale_bpreshuffle_4wave_160x128_traits_gfx950>(opus_gemm_mxscale_bpreshuffle_kargs_gfx950)",256,81408,0,100,0,112,"OPUS_GFX950_TCP_TCR_TCP_STALL_CYCLES_SUM",288260.000000,3271249881685521,3271249881694761
41,41,"Agent 6",1,1368909,1368909,71680,1393,"void gemm_a8w8_mxfp8_scale_4wave_160x128_kernel<opus_gemm_mxscale_bpreshuffle_4wave_160x128_traits_gfx950>(opus_gemm_mxscale_bpreshuffle_kargs_gfx950)",256,81408,0,100,0,112,"OPUS_GFX950_TCP_LFIFO_STALL_CYCLES_SUM",0.00000000e+00,3271249881685521,3271249881694761
41,41,"Agent 6",1,1368909,1368909,71680,1393,"void gemm_a8w8_mxfp8_scale_4wave_160x128_kernel<opus_gemm_mxscale_bpreshuffle_4wave_160x128_traits_gfx950>(opus_gemm_mxscale_bpreshuffle_kargs_gfx950)",256,81408,0,100,0,112,"OPUS_GFX950_TCP_GATE_EN1_SUM",4528216.000000,3271249881685521,3271249881694761
42,42,"Agent 6",1,1368909,1368909,71680,1393,"void gemm_a8w8_mxfp8_scale_4wave_160x128_kernel<opus_gemm_mxscale_bpreshuffle_4wave_160x128_traits_gfx950>(opus_gemm_mxscale_bpreshuffle_kargs_gfx950)",256,81408,0,100,0,112,"OPUS_GFX950_GRBM_COUNT_MAX",43177.000000,3271249881892882,3271249881902122
42,42,"Agent 6",1,1368909,1368909,71680,1393,"void gemm_a8w8_mxfp8_scale_4wave_160x128_kernel<opus_gemm_mxscale_bpreshuffle_4wave_160x128_traits_gfx950>(opus_gemm_mxscale_bpreshuffle_kargs_gfx950)",256,81408,0,100,0,112,"OPUS_GFX950_GRBM_GUI_ACTIVE_MAX",43177.000000,3271249881892882,3271249881902122
42,42,"Agent 6",1,1368909,1368909,71680,1393,"void gemm_a8w8_mxfp8_scale_4wave_160x128_kernel<opus_gemm_mxscale_bpreshuffle_4wave_160x128_traits_gfx950>(opus_gemm_mxscale_bpreshuffle_kargs_gfx950)",256,81408,0,100,0,112,"OPUS_GFX950_SQ_WAVE_CYCLES_SUM",3956100.000000,3271249881892882,3271249881902122
42,42,"Agent 6",1,1368909,1368909,71680,1393,"void gemm_a8w8_mxfp8_scale_4wave_160x128_kernel<opus_gemm_mxscale_bpreshuffle_4wave_160x128_traits_gfx950>(opus_gemm_mxscale_bpreshuffle_kargs_gfx950)",256,81408,0,100,0,112,"OPUS_GFX950_SQ_WAVES_SUM",1120.000000,3271249881892882,3271249881902122
42,42,"Agent 6",1,1368909,1368909,71680,1393,"void gemm_a8w8_mxfp8_scale_4wave_160x128_kernel<opus_gemm_mxscale_bpreshuffle_4wave_160x128_traits_gfx950>(opus_gemm_mxscale_bpreshuffle_kargs_gfx950)",256,81408,0,100,0,112,"OPUS_GFX950_SQ_WAIT_ANY_SUM",2095120.000000,3271249881892882,3271249881902122
42,42,"Agent 6",1,1368909,1368909,71680,1393,"void gemm_a8w8_mxfp8_scale_4wave_160x128_kernel<opus_gemm_mxscale_bpreshuffle_4wave_160x128_traits_gfx950>(opus_gemm_mxscale_bpreshuffle_kargs_gfx950)",256,81408,0,100,0,112,"OPUS_GFX950_SQ_WAIT_INST_ANY_SUM",767536.000000,3271249881892882,3271249881902122
42,42,"Agent 6",1,1368909,1368909,71680,1393,"void gemm_a8w8_mxfp8_scale_4wave_160x128_kernel<opus_gemm_mxscale_bpreshuffle_4wave_160x128_traits_gfx950>(opus_gemm_mxscale_bpreshuffle_kargs_gfx950)",256,81408,0,100,0,112,"OPUS_GFX950_SQ_ACTIVE_INST_ANY_SUM",1093444.000000,3271249881892882,3271249881902122
42,42,"Agent 6",1,1368909,1368909,71680,1393,"void gemm_a8w8_mxfp8_scale_4wave_160x128_kernel<opus_gemm_mxscale_bpreshuffle_4wave_160x128_traits_gfx950>(opus_gemm_mxscale_bpreshuffle_kargs_gfx950)",256,81408,0,100,0,112,"OPUS_GFX950_SQ_BUSY_CYCLES_SUM",488307.000000,3271249881892882,3271249881902122
42,42,"Agent 6",1,1368909,1368909,71680,1393,"void gemm_a8w8_mxfp8_scale_4wave_160x128_kernel<opus_gemm_mxscale_bpreshuffle_4wave_160x128_traits_gfx950>(opus_gemm_mxscale_bpreshuffle_kargs_gfx950)",256,81408,0,100,0,112,"OPUS_GFX950_SQ_VALU_MFMA_BUSY_CYCLES_SUM",2150400.000000,3271249881892882,3271249881902122
42,42,"Agent 6",1,1368909,1368909,71680,1393,"void gemm_a8w8_mxfp8_scale_4wave_160x128_kernel<opus_gemm_mxscale_bpreshuffle_4wave_160x128_traits_gfx950>(opus_gemm_mxscale_bpreshuffle_kargs_gfx950)",256,81408,0,100,0,112,"OPUS_GFX950_SQ_INSTS_VALU_MFMA_MOPS_F8_SUM",8601600.000000,3271249881892882,3271249881902122
42,42,"Agent 6",1,1368909,1368909,71680,1393,"void gemm_a8w8_mxfp8_scale_4wave_160x128_kernel<opus_gemm_mxscale_bpreshuffle_4wave_160x128_traits_gfx950>(opus_gemm_mxscale_bpreshuffle_kargs_gfx950)",256,81408,0,100,0,112,"OPUS_GFX950_TCC_EA0_RDREQ_DRAM_32B_SUM",165536.000000,3271249881892882,3271249881902122
42,42,"Agent 6",1,1368909,1368909,71680,1393,"void gemm_a8w8_mxfp8_scale_4wave_160x128_kernel<opus_gemm_mxscale_bpreshuffle_4wave_160x128_traits_gfx950>(opus_gemm_mxscale_bpreshuffle_kargs_gfx950)",256,81408,0,100,0,112,"OPUS_GFX950_TCC_EA0_WRREQ_WRITE_DRAM_32B_SUM",358400.000000,3271249881892882,3271249881902122
42,42,"Agent 6",1,1368909,1368909,71680,1393,"void gemm_a8w8_mxfp8_scale_4wave_160x128_kernel<opus_gemm_mxscale_bpreshuffle_4wave_160x128_traits_gfx950>(opus_gemm_mxscale_bpreshuffle_kargs_gfx950)",256,81408,0,100,0,112,"OPUS_GFX950_TCP_TCP_TA_ADDR_STALL_CYCLES_SUM",78384.000000,3271249881892882,3271249881902122
42,42,"Agent 6",1,1368909,1368909,71680,1393,"void gemm_a8w8_mxfp8_scale_4wave_160x128_kernel<opus_gemm_mxscale_bpreshuffle_4wave_160x128_traits_gfx950>(opus_gemm_mxscale_bpreshuffle_kargs_gfx950)",256,81408,0,100,0,112,"OPUS_GFX950_TCP_TCR_TCP_STALL_CYCLES_SUM",247031.000000,3271249881892882,3271249881902122
42,42,"Agent 6",1,1368909,1368909,71680,1393,"void gemm_a8w8_mxfp8_scale_4wave_160x128_kernel<opus_gemm_mxscale_bpreshuffle_4wave_160x128_traits_gfx950>(opus_gemm_mxscale_bpreshuffle_kargs_gfx950)",256,81408,0,100,0,112,"OPUS_GFX950_TCP_LFIFO_STALL_CYCLES_SUM",0.00000000e+00,3271249881892882,3271249881902122
42,42,"Agent 6",1,1368909,1368909,71680,1393,"void gemm_a8w8_mxfp8_scale_4wave_160x128_kernel<opus_gemm_mxscale_bpreshuffle_4wave_160x128_traits_gfx950>(opus_gemm_mxscale_bpreshuffle_kargs_gfx950)",256,81408,0,100,0,112,"OPUS_GFX950_TCP_GATE_EN1_SUM",4530656.000000,3271249881892882,3271249881902122
43,43,"Agent 6",1,1368909,1368909,71680,1393,"void gemm_a8w8_mxfp8_scale_4wave_160x128_kernel<opus_gemm_mxscale_bpreshuffle_4wave_160x128_traits_gfx950>(opus_gemm_mxscale_bpreshuffle_kargs_gfx950)",256,81408,0,100,0,112,"OPUS_GFX950_GRBM_COUNT_MAX",50057.000000,3271249882102524,3271249882114044
43,43,"Agent 6",1,1368909,1368909,71680,1393,"void gemm_a8w8_mxfp8_scale_4wave_160x128_kernel<opus_gemm_mxscale_bpreshuffle_4wave_160x128_traits_gfx950>(opus_gemm_mxscale_bpreshuffle_kargs_gfx950)",256,81408,0,100,0,112,"OPUS_GFX950_GRBM_GUI_ACTIVE_MAX",50057.000000,3271249882102524,3271249882114044
43,43,"Agent 6",1,1368909,1368909,71680,1393,"void gemm_a8w8_mxfp8_scale_4wave_160x128_kernel<opus_gemm_mxscale_bpreshuffle_4wave_160x128_traits_gfx950>(opus_gemm_mxscale_bpreshuffle_kargs_gfx950)",256,81408,0,100,0,112,"OPUS_GFX950_SQ_WAVE_CYCLES_SUM",4013231.000000,3271249882102524,3271249882114044
43,43,"Agent 6",1,1368909,1368909,71680,1393,"void gemm_a8w8_mxfp8_scale_4wave_160x128_kernel<opus_gemm_mxscale_bpreshuffle_4wave_160x128_traits_gfx950>(opus_gemm_mxscale_bpreshuffle_kargs_gfx950)",256,81408,0,100,0,112,"OPUS_GFX950_SQ_WAVES_SUM",1120.000000,3271249882102524,3271249882114044
43,43,"Agent 6",1,1368909,1368909,71680,1393,"void gemm_a8w8_mxfp8_scale_4wave_160x128_kernel<opus_gemm_mxscale_bpreshuffle_4wave_160x128_traits_gfx950>(opus_gemm_mxscale_bpreshuffle_kargs_gfx950)",256,81408,0,100,0,112,"OPUS_GFX950_SQ_WAIT_ANY_SUM",2145084.000000,3271249882102524,3271249882114044
43,43,"Agent 6",1,1368909,1368909,71680,1393,"void gemm_a8w8_mxfp8_scale_4wave_160x128_kernel<opus_gemm_mxscale_bpreshuffle_4wave_160x128_traits_gfx950>(opus_gemm_mxscale_bpreshuffle_kargs_gfx950)",256,81408,0,100,0,112,"OPUS_GFX950_SQ_WAIT_INST_ANY_SUM",774694.000000,3271249882102524,3271249882114044
43,43,"Agent 6",1,1368909,1368909,71680,1393,"void gemm_a8w8_mxfp8_scale_4wave_160x128_kernel<opus_gemm_mxscale_bpreshuffle_4wave_160x128_traits_gfx950>(opus_gemm_mxscale_bpreshuffle_kargs_gfx950)",256,81408,0,100,0,112,"OPUS_GFX950_SQ_ACTIVE_INST_ANY_SUM",1093453.000000,3271249882102524,3271249882114044
43,43,"Agent 6",1,1368909,1368909,71680,1393,"void gemm_a8w8_mxfp8_scale_4wave_160x128_kernel<opus_gemm_mxscale_bpreshuffle_4wave_160x128_traits_gfx950>(opus_gemm_mxscale_bpreshuffle_kargs_gfx950)",256,81408,0,100,0,112,"OPUS_GFX950_SQ_BUSY_CYCLES_SUM",495792.000000,3271249882102524,3271249882114044
43,43,"Agent 6",1,1368909,1368909,71680,1393,"void gemm_a8w8_mxfp8_scale_4wave_160x128_kernel<opus_gemm_mxscale_bpreshuffle_4wave_160x128_traits_gfx950>(opus_gemm_mxscale_bpreshuffle_kargs_gfx950)",256,81408,0,100,0,112,"OPUS_GFX950_SQ_VALU_MFMA_BUSY_CYCLES_SUM",2150400.000000,3271249882102524,3271249882114044
43,43,"Agent 6",1,1368909,1368909,71680,1393,"void gemm_a8w8_mxfp8_scale_4wave_160x128_kernel<opus_gemm_mxscale_bpreshuffle_4wave_160x128_traits_gfx950>(opus_gemm_mxscale_bpreshuffle_kargs_gfx950)",256,81408,0,100,0,112,"OPUS_GFX950_SQ_INSTS_VALU_MFMA_MOPS_F8_SUM",8601600.000000,3271249882102524,3271249882114044
43,43,"Agent 6",1,1368909,1368909,71680,1393,"void gemm_a8w8_mxfp8_scale_4wave_160x128_kernel<opus_gemm_mxscale_bpreshuffle_4wave_160x128_traits_gfx950>(opus_gemm_mxscale_bpreshuffle_kargs_gfx950)",256,81408,0,100,0,112,"OPUS_GFX950_TCC_EA0_RDREQ_DRAM_32B_SUM",165536.000000,3271249882102524,3271249882114044
43,43,"Agent 6",1,1368909,1368909,71680,1393,"void gemm_a8w8_mxfp8_scale_4wave_160x128_kernel<opus_gemm_mxscale_bpreshuffle_4wave_160x128_traits_gfx950>(opus_gemm_mxscale_bpreshuffle_kargs_gfx950)",256,81408,0,100,0,112,"OPUS_GFX950_TCC_EA0_WRREQ_WRITE_DRAM_32B_SUM",358400.000000,3271249882102524,3271249882114044
43,43,"Agent 6",1,1368909,1368909,71680,1393,"void gemm_a8w8_mxfp8_scale_4wave_160x128_kernel<opus_gemm_mxscale_bpreshuffle_4wave_160x128_traits_gfx950>(opus_gemm_mxscale_bpreshuffle_kargs_gfx950)",256,81408,0,100,0,112,"OPUS_GFX950_TCP_TCP_TA_ADDR_STALL_CYCLES_SUM",86599.000000,3271249882102524,3271249882114044
43,43,"Agent 6",1,1368909,1368909,71680,1393,"void gemm_a8w8_mxfp8_scale_4wave_160x128_kernel<opus_gemm_mxscale_bpreshuffle_4wave_160x128_traits_gfx950>(opus_gemm_mxscale_bpreshuffle_kargs_gfx950)",256,81408,0,100,0,112,"OPUS_GFX950_TCP_TCR_TCP_STALL_CYCLES_SUM",242828.000000,3271249882102524,3271249882114044
43,43,"Agent 6",1,1368909,1368909,71680,1393,"void gemm_a8w8_mxfp8_scale_4wave_160x128_kernel<opus_gemm_mxscale_bpreshuffle_4wave_160x128_traits_gfx950>(opus_gemm_mxscale_bpreshuffle_kargs_gfx950)",256,81408,0,100,0,112,"OPUS_GFX950_TCP_LFIFO_STALL_CYCLES_SUM",0.00000000e+00,3271249882102524,3271249882114044
43,43,"Agent 6",1,1368909,1368909,71680,1393,"void gemm_a8w8_mxfp8_scale_4wave_160x128_kernel<opus_gemm_mxscale_bpreshuffle_4wave_160x128_traits_gfx950>(opus_gemm_mxscale_bpreshuffle_kargs_gfx950)",256,81408,0,100,0,112,"OPUS_GFX950_TCP_GATE_EN1_SUM",4590552.000000,3271249882102524,3271249882114044
44,44,"Agent 6",1,1368909,1368909,71680,1393,"void gemm_a8w8_mxfp8_scale_4wave_160x128_kernel<opus_gemm_mxscale_bpreshuffle_4wave_160x128_traits_gfx950>(opus_gemm_mxscale_bpreshuffle_kargs_gfx950)",256,81408,0,100,0,112,"OPUS_GFX950_GRBM_COUNT_MAX",40785.000000,3271249882313925,3271249882323165
44,44,"Agent 6",1,1368909,1368909,71680,1393,"void gemm_a8w8_mxfp8_scale_4wave_160x128_kernel<opus_gemm_mxscale_bpreshuffle_4wave_160x128_traits_gfx950>(opus_gemm_mxscale_bpreshuffle_kargs_gfx950)",256,81408,0,100,0,112,"OPUS_GFX950_GRBM_GUI_ACTIVE_MAX",40785.000000,3271249882313925,3271249882323165
44,44,"Agent 6",1,1368909,1368909,71680,1393,"void gemm_a8w8_mxfp8_scale_4wave_160x128_kernel<opus_gemm_mxscale_bpreshuffle_4wave_160x128_traits_gfx950>(opus_gemm_mxscale_bpreshuffle_kargs_gfx950)",256,81408,0,100,0,112,"OPUS_GFX950_SQ_WAVE_CYCLES_SUM",3956641.000000,3271249882313925,3271249882323165
44,44,"Agent 6",1,1368909,1368909,71680,1393,"void gemm_a8w8_mxfp8_scale_4wave_160x128_kernel<opus_gemm_mxscale_bpreshuffle_4wave_160x128_traits_gfx950>(opus_gemm_mxscale_bpreshuffle_kargs_gfx950)",256,81408,0,100,0,112,"OPUS_GFX950_SQ_WAVES_SUM",1120.000000,3271249882313925,3271249882323165
44,44,"Agent 6",1,1368909,1368909,71680,1393,"void gemm_a8w8_mxfp8_scale_4wave_160x128_kernel<opus_gemm_mxscale_bpreshuffle_4wave_160x128_traits_gfx950>(opus_gemm_mxscale_bpreshuffle_kargs_gfx950)",256,81408,0,100,0,112,"OPUS_GFX950_SQ_WAIT_ANY_SUM",2079088.000000,3271249882313925,3271249882323165
44,44,"Agent 6",1,1368909,1368909,71680,1393,"void gemm_a8w8_mxfp8_scale_4wave_160x128_kernel<opus_gemm_mxscale_bpreshuffle_4wave_160x128_traits_gfx950>(opus_gemm_mxscale_bpreshuffle_kargs_gfx950)",256,81408,0,100,0,112,"OPUS_GFX950_SQ_WAIT_INST_ANY_SUM",783746.000000,3271249882313925,3271249882323165
44,44,"Agent 6",1,1368909,1368909,71680,1393,"void gemm_a8w8_mxfp8_scale_4wave_160x128_kernel<opus_gemm_mxscale_bpreshuffle_4wave_160x128_traits_gfx950>(opus_gemm_mxscale_bpreshuffle_kargs_gfx950)",256,81408,0,100,0,112,"OPUS_GFX950_SQ_ACTIVE_INST_ANY_SUM",1093807.000000,3271249882313925,3271249882323165
44,44,"Agent 6",1,1368909,1368909,71680,1393,"void gemm_a8w8_mxfp8_scale_4wave_160x128_kernel<opus_gemm_mxscale_bpreshuffle_4wave_160x128_traits_gfx950>(opus_gemm_mxscale_bpreshuffle_kargs_gfx950)",256,81408,0,100,0,112,"OPUS_GFX950_SQ_BUSY_CYCLES_SUM",486848.000000,3271249882313925,3271249882323165
44,44,"Agent 6",1,1368909,1368909,71680,1393,"void gemm_a8w8_mxfp8_scale_4wave_160x128_kernel<opus_gemm_mxscale_bpreshuffle_4wave_160x128_traits_gfx950>(opus_gemm_mxscale_bpreshuffle_kargs_gfx950)",256,81408,0,100,0,112,"OPUS_GFX950_SQ_VALU_MFMA_BUSY_CYCLES_SUM",2150400.000000,3271249882313925,3271249882323165
44,44,"Agent 6",1,1368909,1368909,71680,1393,"void gemm_a8w8_mxfp8_scale_4wave_160x128_kernel<opus_gemm_mxscale_bpreshuffle_4wave_160x128_traits_gfx950>(opus_gemm_mxscale_bpreshuffle_kargs_gfx950)",256,81408,0,100,0,112,"OPUS_GFX950_SQ_INSTS_VALU_MFMA_MOPS_F8_SUM",8601600.000000,3271249882313925,3271249882323165
44,44,"Agent 6",1,1368909,1368909,71680,1393,"void gemm_a8w8_mxfp8_scale_4wave_160x128_kernel<opus_gemm_mxscale_bpreshuffle_4wave_160x128_traits_gfx950>(opus_gemm_mxscale_bpreshuffle_kargs_gfx950)",256,81408,0,100,0,112,"OPUS_GFX950_TCC_EA0_RDREQ_DRAM_32B_SUM",165504.000000,3271249882313925,3271249882323165
44,44,"Agent 6",1,1368909,1368909,71680,1393,"void gemm_a8w8_mxfp8_scale_4wave_160x128_kernel<opus_gemm_mxscale_bpreshuffle_4wave_160x128_traits_gfx950>(opus_gemm_mxscale_bpreshuffle_kargs_gfx950)",256,81408,0,100,0,112,"OPUS_GFX950_TCC_EA0_WRREQ_WRITE_DRAM_32B_SUM",358400.000000,3271249882313925,3271249882323165
44,44,"Agent 6",1,1368909,1368909,71680,1393,"void gemm_a8w8_mxfp8_scale_4wave_160x128_kernel<opus_gemm_mxscale_bpreshuffle_4wave_160x128_traits_gfx950>(opus_gemm_mxscale_bpreshuffle_kargs_gfx950)",256,81408,0,100,0,112,"OPUS_GFX950_TCP_TCP_TA_ADDR_STALL_CYCLES_SUM",79326.000000,3271249882313925,3271249882323165
44,44,"Agent 6",1,1368909,1368909,71680,1393,"void gemm_a8w8_mxfp8_scale_4wave_160x128_kernel<opus_gemm_mxscale_bpreshuffle_4wave_160x128_traits_gfx950>(opus_gemm_mxscale_bpreshuffle_kargs_gfx950)",256,81408,0,100,0,112,"OPUS_GFX950_TCP_TCR_TCP_STALL_CYCLES_SUM",250592.000000,3271249882313925,3271249882323165
44,44,"Agent 6",1,1368909,1368909,71680,1393,"void gemm_a8w8_mxfp8_scale_4wave_160x128_kernel<opus_gemm_mxscale_bpreshuffle_4wave_160x128_traits_gfx950>(opus_gemm_mxscale_bpreshuffle_kargs_gfx950)",256,81408,0,100,0,112,"OPUS_GFX950_TCP_LFIFO_STALL_CYCLES_SUM",0.00000000e+00,3271249882313925,3271249882323165
44,44,"Agent 6",1,1368909,1368909,71680,1393,"void gemm_a8w8_mxfp8_scale_4wave_160x128_kernel<opus_gemm_mxscale_bpreshuffle_4wave_160x128_traits_gfx950>(opus_gemm_mxscale_bpreshuffle_kargs_gfx950)",256,81408,0,100,0,112,"OPUS_GFX950_TCP_GATE_EN1_SUM",4519104.000000,3271249882313925,3271249882323165
45,45,"Agent 6",1,1368909,1368909,71680,1393,"void gemm_a8w8_mxfp8_scale_4wave_160x128_kernel<opus_gemm_mxscale_bpreshuffle_4wave_160x128_traits_gfx950>(opus_gemm_mxscale_bpreshuffle_kargs_gfx950)",256,81408,0,100,0,112,"OPUS_GFX950_GRBM_COUNT_MAX",42078.000000,3271249882522767,3271249882531847
45,45,"Agent 6",1,1368909,1368909,71680,1393,"void gemm_a8w8_mxfp8_scale_4wave_160x128_kernel<opus_gemm_mxscale_bpreshuffle_4wave_160x128_traits_gfx950>(opus_gemm_mxscale_bpreshuffle_kargs_gfx950)",256,81408,0,100,0,112,"OPUS_GFX950_GRBM_GUI_ACTIVE_MAX",42078.000000,3271249882522767,3271249882531847
45,45,"Agent 6",1,1368909,1368909,71680,1393,"void gemm_a8w8_mxfp8_scale_4wave_160x128_kernel<opus_gemm_mxscale_bpreshuffle_4wave_160x128_traits_gfx950>(opus_gemm_mxscale_bpreshuffle_kargs_gfx950)",256,81408,0,100,0,112,"OPUS_GFX950_SQ_WAVE_CYCLES_SUM",3775333.000000,3271249882522767,3271249882531847
45,45,"Agent 6",1,1368909,1368909,71680,1393,"void gemm_a8w8_mxfp8_scale_4wave_160x128_kernel<opus_gemm_mxscale_bpreshuffle_4wave_160x128_traits_gfx950>(opus_gemm_mxscale_bpreshuffle_kargs_gfx950)",256,81408,0,100,0,112,"OPUS_GFX950_SQ_WAVES_SUM",1120.000000,3271249882522767,3271249882531847
45,45,"Agent 6",1,1368909,1368909,71680,1393,"void gemm_a8w8_mxfp8_scale_4wave_160x128_kernel<opus_gemm_mxscale_bpreshuffle_4wave_160x128_traits_gfx950>(opus_gemm_mxscale_bpreshuffle_kargs_gfx950)",256,81408,0,100,0,112,"OPUS_GFX950_SQ_WAIT_ANY_SUM",1944462.000000,3271249882522767,3271249882531847
45,45,"Agent 6",1,1368909,1368909,71680,1393,"void gemm_a8w8_mxfp8_scale_4wave_160x128_kernel<opus_gemm_mxscale_bpreshuffle_4wave_160x128_traits_gfx950>(opus_gemm_mxscale_bpreshuffle_kargs_gfx950)",256,81408,0,100,0,112,"OPUS_GFX950_SQ_WAIT_INST_ANY_SUM",737919.000000,3271249882522767,3271249882531847
45,45,"Agent 6",1,1368909,1368909,71680,1393,"void gemm_a8w8_mxfp8_scale_4wave_160x128_kernel<opus_gemm_mxscale_bpreshuffle_4wave_160x128_traits_gfx950>(opus_gemm_mxscale_bpreshuffle_kargs_gfx950)",256,81408,0,100,0,112,"OPUS_GFX950_SQ_ACTIVE_INST_ANY_SUM",1092952.000000,3271249882522767,3271249882531847
45,45,"Agent 6",1,1368909,1368909,71680,1393,"void gemm_a8w8_mxfp8_scale_4wave_160x128_kernel<opus_gemm_mxscale_bpreshuffle_4wave_160x128_traits_gfx950>(opus_gemm_mxscale_bpreshuffle_kargs_gfx950)",256,81408,0,100,0,112,"OPUS_GFX950_SQ_BUSY_CYCLES_SUM",468411.000000,3271249882522767,3271249882531847
45,45,"Agent 6",1,1368909,1368909,71680,1393,"void gemm_a8w8_mxfp8_scale_4wave_160x128_kernel<opus_gemm_mxscale_bpreshuffle_4wave_160x128_traits_gfx950>(opus_gemm_mxscale_bpreshuffle_kargs_gfx950)",256,81408,0,100,0,112,"OPUS_GFX950_SQ_VALU_MFMA_BUSY_CYCLES_SUM",2150400.000000,3271249882522767,3271249882531847
45,45,"Agent 6",1,1368909,1368909,71680,1393,"void gemm_a8w8_mxfp8_scale_4wave_160x128_kernel<opus_gemm_mxscale_bpreshuffle_4wave_160x128_traits_gfx950>(opus_gemm_mxscale_bpreshuffle_kargs_gfx950)",256,81408,0,100,0,112,"OPUS_GFX950_SQ_INSTS_VALU_MFMA_MOPS_F8_SUM",8601600.000000,3271249882522767,3271249882531847
45,45,"Agent 6",1,1368909,1368909,71680,1393,"void gemm_a8w8_mxfp8_scale_4wave_160x128_kernel<opus_gemm_mxscale_bpreshuffle_4wave_160x128_traits_gfx950>(opus_gemm_mxscale_bpreshuffle_kargs_gfx950)",256,81408,0,100,0,112,"OPUS_GFX950_TCC_EA0_RDREQ_DRAM_32B_SUM",165536.000000,3271249882522767,3271249882531847
45,45,"Agent 6",1,1368909,1368909,71680,1393,"void gemm_a8w8_mxfp8_scale_4wave_160x128_kernel<opus_gemm_mxscale_bpreshuffle_4wave_160x128_traits_gfx950>(opus_gemm_mxscale_bpreshuffle_kargs_gfx950)",256,81408,0,100,0,112,"OPUS_GFX950_TCC_EA0_WRREQ_WRITE_DRAM_32B_SUM",358400.000000,3271249882522767,3271249882531847
45,45,"Agent 6",1,1368909,1368909,71680,1393,"void gemm_a8w8_mxfp8_scale_4wave_160x128_kernel<opus_gemm_mxscale_bpreshuffle_4wave_160x128_traits_gfx950>(opus_gemm_mxscale_bpreshuffle_kargs_gfx950)",256,81408,0,100,0,112,"OPUS_GFX950_TCP_TCP_TA_ADDR_STALL_CYCLES_SUM",71256.000000,3271249882522767,3271249882531847
45,45,"Agent 6",1,1368909,1368909,71680,1393,"void gemm_a8w8_mxfp8_scale_4wave_160x128_kernel<opus_gemm_mxscale_bpreshuffle_4wave_160x128_traits_gfx950>(opus_gemm_mxscale_bpreshuffle_kargs_gfx950)",256,81408,0,100,0,112,"OPUS_GFX950_TCP_TCR_TCP_STALL_CYCLES_SUM",224845.000000,3271249882522767,3271249882531847
45,45,"Agent 6",1,1368909,1368909,71680,1393,"void gemm_a8w8_mxfp8_scale_4wave_160x128_kernel<opus_gemm_mxscale_bpreshuffle_4wave_160x128_traits_gfx950>(opus_gemm_mxscale_bpreshuffle_kargs_gfx950)",256,81408,0,100,0,112,"OPUS_GFX950_TCP_LFIFO_STALL_CYCLES_SUM",0.00000000e+00,3271249882522767,3271249882531847
45,45,"Agent 6",1,1368909,1368909,71680,1393,"void gemm_a8w8_mxfp8_scale_4wave_160x128_kernel<opus_gemm_mxscale_bpreshuffle_4wave_160x128_traits_gfx950>(opus_gemm_mxscale_bpreshuffle_kargs_gfx950)",256,81408,0,100,0,112,"OPUS_GFX950_TCP_GATE_EN1_SUM",4371592.000000,3271249882522767,3271249882531847
46,46,"Agent 6",1,1368909,1368909,71680,1393,"void gemm_a8w8_mxfp8_scale_4wave_160x128_kernel<opus_gemm_mxscale_bpreshuffle_4wave_160x128_traits_gfx950>(opus_gemm_mxscale_bpreshuffle_kargs_gfx950)",256,81408,0,100,0,112,"OPUS_GFX950_GRBM_COUNT_MAX",35333.000000,3271249882729368,3271249882738408
46,46,"Agent 6",1,1368909,1368909,71680,1393,"void gemm_a8w8_mxfp8_scale_4wave_160x128_kernel<opus_gemm_mxscale_bpreshuffle_4wave_160x128_traits_gfx950>(opus_gemm_mxscale_bpreshuffle_kargs_gfx950)",256,81408,0,100,0,112,"OPUS_GFX950_GRBM_GUI_ACTIVE_MAX",35333.000000,3271249882729368,3271249882738408
46,46,"Agent 6",1,1368909,1368909,71680,1393,"void gemm_a8w8_mxfp8_scale_4wave_160x128_kernel<opus_gemm_mxscale_bpreshuffle_4wave_160x128_traits_gfx950>(opus_gemm_mxscale_bpreshuffle_kargs_gfx950)",256,81408,0,100,0,112,"OPUS_GFX950_SQ_WAVE_CYCLES_SUM",3828862.000000,3271249882729368,3271249882738408
46,46,"Agent 6",1,1368909,1368909,71680,1393,"void gemm_a8w8_mxfp8_scale_4wave_160x128_kernel<opus_gemm_mxscale_bpreshuffle_4wave_160x128_traits_gfx950>(opus_gemm_mxscale_bpreshuffle_kargs_gfx950)",256,81408,0,100,0,112,"OPUS_GFX950_SQ_WAVES_SUM",1120.000000,3271249882729368,3271249882738408
46,46,"Agent 6",1,1368909,1368909,71680,1393,"void gemm_a8w8_mxfp8_scale_4wave_160x128_kernel<opus_gemm_mxscale_bpreshuffle_4wave_160x128_traits_gfx950>(opus_gemm_mxscale_bpreshuffle_kargs_gfx950)",256,81408,0,100,0,112,"OPUS_GFX950_SQ_WAIT_ANY_SUM",1966802.000000,3271249882729368,3271249882738408
46,46,"Agent 6",1,1368909,1368909,71680,1393,"void gemm_a8w8_mxfp8_scale_4wave_160x128_kernel<opus_gemm_mxscale_bpreshuffle_4wave_160x128_traits_gfx950>(opus_gemm_mxscale_bpreshuffle_kargs_gfx950)",256,81408,0,100,0,112,"OPUS_GFX950_SQ_WAIT_INST_ANY_SUM",768682.000000,3271249882729368,3271249882738408
46,46,"Agent 6",1,1368909,1368909,71680,1393,"void gemm_a8w8_mxfp8_scale_4wave_160x128_kernel<opus_gemm_mxscale_bpreshuffle_4wave_160x128_traits_gfx950>(opus_gemm_mxscale_bpreshuffle_kargs_gfx950)",256,81408,0,100,0,112,"OPUS_GFX950_SQ_ACTIVE_INST_ANY_SUM",1093378.000000,3271249882729368,3271249882738408
46,46,"Agent 6",1,1368909,1368909,71680,1393,"void gemm_a8w8_mxfp8_scale_4wave_160x128_kernel<opus_gemm_mxscale_bpreshuffle_4wave_160x128_traits_gfx950>(opus_gemm_mxscale_bpreshuffle_kargs_gfx950)",256,81408,0,100,0,112,"OPUS_GFX950_SQ_BUSY_CYCLES_SUM",471296.000000,3271249882729368,3271249882738408
46,46,"Agent 6",1,1368909,1368909,71680,1393,"void gemm_a8w8_mxfp8_scale_4wave_160x128_kernel<opus_gemm_mxscale_bpreshuffle_4wave_160x128_traits_gfx950>(opus_gemm_mxscale_bpreshuffle_kargs_gfx950)",256,81408,0,100,0,112,"OPUS_GFX950_SQ_VALU_MFMA_BUSY_CYCLES_SUM",2150400.000000,3271249882729368,3271249882738408
46,46,"Agent 6",1,1368909,1368909,71680,1393,"void gemm_a8w8_mxfp8_scale_4wave_160x128_kernel<opus_gemm_mxscale_bpreshuffle_4wave_160x128_traits_gfx950>(opus_gemm_mxscale_bpreshuffle_kargs_gfx950)",256,81408,0,100,0,112,"OPUS_GFX950_SQ_INSTS_VALU_MFMA_MOPS_F8_SUM",8601600.000000,3271249882729368,3271249882738408
46,46,"Agent 6",1,1368909,1368909,71680,1393,"void gemm_a8w8_mxfp8_scale_4wave_160x128_kernel<opus_gemm_mxscale_bpreshuffle_4wave_160x128_traits_gfx950>(opus_gemm_mxscale_bpreshuffle_kargs_gfx950)",256,81408,0,100,0,112,"OPUS_GFX950_TCC_EA0_RDREQ_DRAM_32B_SUM",165504.000000,3271249882729368,3271249882738408
46,46,"Agent 6",1,1368909,1368909,71680,1393,"void gemm_a8w8_mxfp8_scale_4wave_160x128_kernel<opus_gemm_mxscale_bpreshuffle_4wave_160x128_traits_gfx950>(opus_gemm_mxscale_bpreshuffle_kargs_gfx950)",256,81408,0,100,0,112,"OPUS_GFX950_TCC_EA0_WRREQ_WRITE_DRAM_32B_SUM",358400.000000,3271249882729368,3271249882738408
46,46,"Agent 6",1,1368909,1368909,71680,1393,"void gemm_a8w8_mxfp8_scale_4wave_160x128_kernel<opus_gemm_mxscale_bpreshuffle_4wave_160x128_traits_gfx950>(opus_gemm_mxscale_bpreshuffle_kargs_gfx950)",256,81408,0,100,0,112,"OPUS_GFX950_TCP_TCP_TA_ADDR_STALL_CYCLES_SUM",92749.000000,3271249882729368,3271249882738408
46,46,"Agent 6",1,1368909,1368909,71680,1393,"void gemm_a8w8_mxfp8_scale_4wave_160x128_kernel<opus_gemm_mxscale_bpreshuffle_4wave_160x128_traits_gfx950>(opus_gemm_mxscale_bpreshuffle_kargs_gfx950)",256,81408,0,100,0,112,"OPUS_GFX950_TCP_TCR_TCP_STALL_CYCLES_SUM",245033.000000,3271249882729368,3271249882738408
46,46,"Agent 6",1,1368909,1368909,71680,1393,"void gemm_a8w8_mxfp8_scale_4wave_160x128_kernel<opus_gemm_mxscale_bpreshuffle_4wave_160x128_traits_gfx950>(opus_gemm_mxscale_bpreshuffle_kargs_gfx950)",256,81408,0,100,0,112,"OPUS_GFX950_TCP_LFIFO_STALL_CYCLES_SUM",0.00000000e+00,3271249882729368,3271249882738408
46,46,"Agent 6",1,1368909,1368909,71680,1393,"void gemm_a8w8_mxfp8_scale_4wave_160x128_kernel<opus_gemm_mxscale_bpreshuffle_4wave_160x128_traits_gfx950>(opus_gemm_mxscale_bpreshuffle_kargs_gfx950)",256,81408,0,100,0,112,"OPUS_GFX950_TCP_GATE_EN1_SUM",4394616.000000,3271249882729368,3271249882738408
47,47,"Agent 6",1,1368909,1368909,71680,1393,"void gemm_a8w8_mxfp8_scale_4wave_160x128_kernel<opus_gemm_mxscale_bpreshuffle_4wave_160x128_traits_gfx950>(opus_gemm_mxscale_bpreshuffle_kargs_gfx950)",256,81408,0,100,0,112,"OPUS_GFX950_GRBM_COUNT_MAX",37983.000000,3271249882932970,3271249882942170
47,47,"Agent 6",1,1368909,1368909,71680,1393,"void gemm_a8w8_mxfp8_scale_4wave_160x128_kernel<opus_gemm_mxscale_bpreshuffle_4wave_160x128_traits_gfx950>(opus_gemm_mxscale_bpreshuffle_kargs_gfx950)",256,81408,0,100,0,112,"OPUS_GFX950_GRBM_GUI_ACTIVE_MAX",37983.000000,3271249882932970,3271249882942170
47,47,"Agent 6",1,1368909,1368909,71680,1393,"void gemm_a8w8_mxfp8_scale_4wave_160x128_kernel<opus_gemm_mxscale_bpreshuffle_4wave_160x128_traits_gfx950>(opus_gemm_mxscale_bpreshuffle_kargs_gfx950)",256,81408,0,100,0,112,"OPUS_GFX950_SQ_WAVE_CYCLES_SUM",3903325.000000,3271249882932970,3271249882942170
47,47,"Agent 6",1,1368909,1368909,71680,1393,"void gemm_a8w8_mxfp8_scale_4wave_160x128_kernel<opus_gemm_mxscale_bpreshuffle_4wave_160x128_traits_gfx950>(opus_gemm_mxscale_bpreshuffle_kargs_gfx950)",256,81408,0,100,0,112,"OPUS_GFX950_SQ_WAVES_SUM",1120.000000,3271249882932970,3271249882942170
47,47,"Agent 6",1,1368909,1368909,71680,1393,"void gemm_a8w8_mxfp8_scale_4wave_160x128_kernel<opus_gemm_mxscale_bpreshuffle_4wave_160x128_traits_gfx950>(opus_gemm_mxscale_bpreshuffle_kargs_gfx950)",256,81408,0,100,0,112,"OPUS_GFX950_SQ_WAIT_ANY_SUM",2029263.000000,3271249882932970,3271249882942170
47,47,"Agent 6",1,1368909,1368909,71680,1393,"void gemm_a8w8_mxfp8_scale_4wave_160x128_kernel<opus_gemm_mxscale_bpreshuffle_4wave_160x128_traits_gfx950>(opus_gemm_mxscale_bpreshuffle_kargs_gfx950)",256,81408,0,100,0,112,"OPUS_GFX950_SQ_WAIT_INST_ANY_SUM",780601.000000,3271249882932970,3271249882942170
47,47,"Agent 6",1,1368909,1368909,71680,1393,"void gemm_a8w8_mxfp8_scale_4wave_160x128_kernel<opus_gemm_mxscale_bpreshuffle_4wave_160x128_traits_gfx950>(opus_gemm_mxscale_bpreshuffle_kargs_gfx950)",256,81408,0,100,0,112,"OPUS_GFX950_SQ_ACTIVE_INST_ANY_SUM",1093461.000000,3271249882932970,3271249882942170
47,47,"Agent 6",1,1368909,1368909,71680,1393,"void gemm_a8w8_mxfp8_scale_4wave_160x128_kernel<opus_gemm_mxscale_bpreshuffle_4wave_160x128_traits_gfx950>(opus_gemm_mxscale_bpreshuffle_kargs_gfx950)",256,81408,0,100,0,112,"OPUS_GFX950_SQ_BUSY_CYCLES_SUM",482145.000000,3271249882932970,3271249882942170
47,47,"Agent 6",1,1368909,1368909,71680,1393,"void gemm_a8w8_mxfp8_scale_4wave_160x128_kernel<opus_gemm_mxscale_bpreshuffle_4wave_160x128_traits_gfx950>(opus_gemm_mxscale_bpreshuffle_kargs_gfx950)",256,81408,0,100,0,112,"OPUS_GFX950_SQ_VALU_MFMA_BUSY_CYCLES_SUM",2150400.000000,3271249882932970,3271249882942170
47,47,"Agent 6",1,1368909,1368909,71680,1393,"void gemm_a8w8_mxfp8_scale_4wave_160x128_kernel<opus_gemm_mxscale_bpreshuffle_4wave_160x128_traits_gfx950>(opus_gemm_mxscale_bpreshuffle_kargs_gfx950)",256,81408,0,100,0,112,"OPUS_GFX950_SQ_INSTS_VALU_MFMA_MOPS_F8_SUM",8601600.000000,3271249882932970,3271249882942170
47,47,"Agent 6",1,1368909,1368909,71680,1393,"void gemm_a8w8_mxfp8_scale_4wave_160x128_kernel<opus_gemm_mxscale_bpreshuffle_4wave_160x128_traits_gfx950>(opus_gemm_mxscale_bpreshuffle_kargs_gfx950)",256,81408,0,100,0,112,"OPUS_GFX950_TCC_EA0_RDREQ_DRAM_32B_SUM",165536.000000,3271249882932970,3271249882942170
47,47,"Agent 6",1,1368909,1368909,71680,1393,"void gemm_a8w8_mxfp8_scale_4wave_160x128_kernel<opus_gemm_mxscale_bpreshuffle_4wave_160x128_traits_gfx950>(opus_gemm_mxscale_bpreshuffle_kargs_gfx950)",256,81408,0,100,0,112,"OPUS_GFX950_TCC_EA0_WRREQ_WRITE_DRAM_32B_SUM",358400.000000,3271249882932970,3271249882942170
47,47,"Agent 6",1,1368909,1368909,71680,1393,"void gemm_a8w8_mxfp8_scale_4wave_160x128_kernel<opus_gemm_mxscale_bpreshuffle_4wave_160x128_traits_gfx950>(opus_gemm_mxscale_bpreshuffle_kargs_gfx950)",256,81408,0,100,0,112,"OPUS_GFX950_TCP_TCP_TA_ADDR_STALL_CYCLES_SUM",92638.000000,3271249882932970,3271249882942170
47,47,"Agent 6",1,1368909,1368909,71680,1393,"void gemm_a8w8_mxfp8_scale_4wave_160x128_kernel<opus_gemm_mxscale_bpreshuffle_4wave_160x128_traits_gfx950>(opus_gemm_mxscale_bpreshuffle_kargs_gfx950)",256,81408,0,100,0,112,"OPUS_GFX950_TCP_TCR_TCP_STALL_CYCLES_SUM",260252.000000,3271249882932970,3271249882942170
47,47,"Agent 6",1,1368909,1368909,71680,1393,"void gemm_a8w8_mxfp8_scale_4wave_160x128_kernel<opus_gemm_mxscale_bpreshuffle_4wave_160x128_traits_gfx950>(opus_gemm_mxscale_bpreshuffle_kargs_gfx950)",256,81408,0,100,0,112,"OPUS_GFX950_TCP_LFIFO_STALL_CYCLES_SUM",0.00000000e+00,3271249882932970,3271249882942170
47,47,"Agent 6",1,1368909,1368909,71680,1393,"void gemm_a8w8_mxfp8_scale_4wave_160x128_kernel<opus_gemm_mxscale_bpreshuffle_4wave_160x128_traits_gfx950>(opus_gemm_mxscale_bpreshuffle_kargs_gfx950)",256,81408,0,100,0,112,"OPUS_GFX950_TCP_GATE_EN1_SUM",4481560.000000,3271249882932970,3271249882942170
48,48,"Agent 6",1,1368909,1368909,71680,1393,"void gemm_a8w8_mxfp8_scale_4wave_160x128_kernel<opus_gemm_mxscale_bpreshuffle_4wave_160x128_traits_gfx950>(opus_gemm_mxscale_bpreshuffle_kargs_gfx950)",256,81408,0,100,0,112,"OPUS_GFX950_GRBM_COUNT_MAX",42370.000000,3271249883140531,3271249883149651
48,48,"Agent 6",1,1368909,1368909,71680,1393,"void gemm_a8w8_mxfp8_scale_4wave_160x128_kernel<opus_gemm_mxscale_bpreshuffle_4wave_160x128_traits_gfx950>(opus_gemm_mxscale_bpreshuffle_kargs_gfx950)",256,81408,0,100,0,112,"OPUS_GFX950_GRBM_GUI_ACTIVE_MAX",42370.000000,3271249883140531,3271249883149651
48,48,"Agent 6",1,1368909,1368909,71680,1393,"void gemm_a8w8_mxfp8_scale_4wave_160x128_kernel<opus_gemm_mxscale_bpreshuffle_4wave_160x128_traits_gfx950>(opus_gemm_mxscale_bpreshuffle_kargs_gfx950)",256,81408,0,100,0,112,"OPUS_GFX950_SQ_WAVE_CYCLES_SUM",3877279.000000,3271249883140531,3271249883149651
48,48,"Agent 6",1,1368909,1368909,71680,1393,"void gemm_a8w8_mxfp8_scale_4wave_160x128_kernel<opus_gemm_mxscale_bpreshuffle_4wave_160x128_traits_gfx950>(opus_gemm_mxscale_bpreshuffle_kargs_gfx950)",256,81408,0,100,0,112,"OPUS_GFX950_SQ_WAVES_SUM",1120.000000,3271249883140531,3271249883149651
48,48,"Agent 6",1,1368909,1368909,71680,1393,"void gemm_a8w8_mxfp8_scale_4wave_160x128_kernel<opus_gemm_mxscale_bpreshuffle_4wave_160x128_traits_gfx950>(opus_gemm_mxscale_bpreshuffle_kargs_gfx950)",256,81408,0,100,0,112,"OPUS_GFX950_SQ_WAIT_ANY_SUM",1983609.000000,3271249883140531,3271249883149651
48,48,"Agent 6",1,1368909,1368909,71680,1393,"void gemm_a8w8_mxfp8_scale_4wave_160x128_kernel<opus_gemm_mxscale_bpreshuffle_4wave_160x128_traits_gfx950>(opus_gemm_mxscale_bpreshuffle_kargs_gfx950)",256,81408,0,100,0,112,"OPUS_GFX950_SQ_WAIT_INST_ANY_SUM",799979.000000,3271249883140531,3271249883149651
48,48,"Agent 6",1,1368909,1368909,71680,1393,"void gemm_a8w8_mxfp8_scale_4wave_160x128_kernel<opus_gemm_mxscale_bpreshuffle_4wave_160x128_traits_gfx950>(opus_gemm_mxscale_bpreshuffle_kargs_gfx950)",256,81408,0,100,0,112,"OPUS_GFX950_SQ_ACTIVE_INST_ANY_SUM",1093691.000000,3271249883140531,3271249883149651
48,48,"Agent 6",1,1368909,1368909,71680,1393,"void gemm_a8w8_mxfp8_scale_4wave_160x128_kernel<opus_gemm_mxscale_bpreshuffle_4wave_160x128_traits_gfx950>(opus_gemm_mxscale_bpreshuffle_kargs_gfx950)",256,81408,0,100,0,112,"OPUS_GFX950_SQ_BUSY_CYCLES_SUM",479011.000000,3271249883140531,3271249883149651
48,48,"Agent 6",1,1368909,1368909,71680,1393,"void gemm_a8w8_mxfp8_scale_4wave_160x128_kernel<opus_gemm_mxscale_bpreshuffle_4wave_160x128_traits_gfx950>(opus_gemm_mxscale_bpreshuffle_kargs_gfx950)",256,81408,0,100,0,112,"OPUS_GFX950_SQ_VALU_MFMA_BUSY_CYCLES_SUM",2150400.000000,3271249883140531,3271249883149651
48,48,"Agent 6",1,1368909,1368909,71680,1393,"void gemm_a8w8_mxfp8_scale_4wave_160x128_kernel<opus_gemm_mxscale_bpreshuffle_4wave_160x128_traits_gfx950>(opus_gemm_mxscale_bpreshuffle_kargs_gfx950)",256,81408,0,100,0,112,"OPUS_GFX950_SQ_INSTS_VALU_MFMA_MOPS_F8_SUM",8601600.000000,3271249883140531,3271249883149651
48,48,"Agent 6",1,1368909,1368909,71680,1393,"void gemm_a8w8_mxfp8_scale_4wave_160x128_kernel<opus_gemm_mxscale_bpreshuffle_4wave_160x128_traits_gfx950>(opus_gemm_mxscale_bpreshuffle_kargs_gfx950)",256,81408,0,100,0,112,"OPUS_GFX950_TCC_EA0_RDREQ_DRAM_32B_SUM",165536.000000,3271249883140531,3271249883149651
48,48,"Agent 6",1,1368909,1368909,71680,1393,"void gemm_a8w8_mxfp8_scale_4wave_160x128_kernel<opus_gemm_mxscale_bpreshuffle_4wave_160x128_traits_gfx950>(opus_gemm_mxscale_bpreshuffle_kargs_gfx950)",256,81408,0,100,0,112,"OPUS_GFX950_TCC_EA0_WRREQ_WRITE_DRAM_32B_SUM",358400.000000,3271249883140531,3271249883149651
48,48,"Agent 6",1,1368909,1368909,71680,1393,"void gemm_a8w8_mxfp8_scale_4wave_160x128_kernel<opus_gemm_mxscale_bpreshuffle_4wave_160x128_traits_gfx950>(opus_gemm_mxscale_bpreshuffle_kargs_gfx950)",256,81408,0,100,0,112,"OPUS_GFX950_TCP_TCP_TA_ADDR_STALL_CYCLES_SUM",101617.000000,3271249883140531,3271249883149651
48,48,"Agent 6",1,1368909,1368909,71680,1393,"void gemm_a8w8_mxfp8_scale_4wave_160x128_kernel<opus_gemm_mxscale_bpreshuffle_4wave_160x128_traits_gfx950>(opus_gemm_mxscale_bpreshuffle_kargs_gfx950)",256,81408,0,100,0,112,"OPUS_GFX950_TCP_TCR_TCP_STALL_CYCLES_SUM",282920.000000,3271249883140531,3271249883149651
48,48,"Agent 6",1,1368909,1368909,71680,1393,"void gemm_a8w8_mxfp8_scale_4wave_160x128_kernel<opus_gemm_mxscale_bpreshuffle_4wave_160x128_traits_gfx950>(opus_gemm_mxscale_bpreshuffle_kargs_gfx950)",256,81408,0,100,0,112,"OPUS_GFX950_TCP_LFIFO_STALL_CYCLES_SUM",0.00000000e+00,3271249883140531,3271249883149651
48,48,"Agent 6",1,1368909,1368909,71680,1393,"void gemm_a8w8_mxfp8_scale_4wave_160x128_kernel<opus_gemm_mxscale_bpreshuffle_4wave_160x128_traits_gfx950>(opus_gemm_mxscale_bpreshuffle_kargs_gfx950)",256,81408,0,100,0,112,"OPUS_GFX950_TCP_GATE_EN1_SUM",4456448.000000,3271249883140531,3271249883149651
49,49,"Agent 6",1,1368909,1368909,71680,1393,"void gemm_a8w8_mxfp8_scale_4wave_160x128_kernel<opus_gemm_mxscale_bpreshuffle_4wave_160x128_traits_gfx950>(opus_gemm_mxscale_bpreshuffle_kargs_gfx950)",256,81408,0,100,0,112,"OPUS_GFX950_GRBM_COUNT_MAX",39974.000000,3271249883342853,3271249883352133
49,49,"Agent 6",1,1368909,1368909,71680,1393,"void gemm_a8w8_mxfp8_scale_4wave_160x128_kernel<opus_gemm_mxscale_bpreshuffle_4wave_160x128_traits_gfx950>(opus_gemm_mxscale_bpreshuffle_kargs_gfx950)",256,81408,0,100,0,112,"OPUS_GFX950_GRBM_GUI_ACTIVE_MAX",39974.000000,3271249883342853,3271249883352133
49,49,"Agent 6",1,1368909,1368909,71680,1393,"void gemm_a8w8_mxfp8_scale_4wave_160x128_kernel<opus_gemm_mxscale_bpreshuffle_4wave_160x128_traits_gfx950>(opus_gemm_mxscale_bpreshuffle_kargs_gfx950)",256,81408,0,100,0,112,"OPUS_GFX950_SQ_WAVE_CYCLES_SUM",3888023.000000,3271249883342853,3271249883352133
49,49,"Agent 6",1,1368909,1368909,71680,1393,"void gemm_a8w8_mxfp8_scale_4wave_160x128_kernel<opus_gemm_mxscale_bpreshuffle_4wave_160x128_traits_gfx950>(opus_gemm_mxscale_bpreshuffle_kargs_gfx950)",256,81408,0,100,0,112,"OPUS_GFX950_SQ_WAVES_SUM",1120.000000,3271249883342853,3271249883352133
49,49,"Agent 6",1,1368909,1368909,71680,1393,"void gemm_a8w8_mxfp8_scale_4wave_160x128_kernel<opus_gemm_mxscale_bpreshuffle_4wave_160x128_traits_gfx950>(opus_gemm_mxscale_bpreshuffle_kargs_gfx950)",256,81408,0,100,0,112,"OPUS_GFX950_SQ_WAIT_ANY_SUM",2014903.000000,3271249883342853,3271249883352133
49,49,"Agent 6",1,1368909,1368909,71680,1393,"void gemm_a8w8_mxfp8_scale_4wave_160x128_kernel<opus_gemm_mxscale_bpreshuffle_4wave_160x128_traits_gfx950>(opus_gemm_mxscale_bpreshuffle_kargs_gfx950)",256,81408,0,100,0,112,"OPUS_GFX950_SQ_WAIT_INST_ANY_SUM",779773.000000,3271249883342853,3271249883352133
49,49,"Agent 6",1,1368909,1368909,71680,1393,"void gemm_a8w8_mxfp8_scale_4wave_160x128_kernel<opus_gemm_mxscale_bpreshuffle_4wave_160x128_traits_gfx950>(opus_gemm_mxscale_bpreshuffle_kargs_gfx950)",256,81408,0,100,0,112,"OPUS_GFX950_SQ_ACTIVE_INST_ANY_SUM",1093347.000000,3271249883342853,3271249883352133
49,49,"Agent 6",1,1368909,1368909,71680,1393,"void gemm_a8w8_mxfp8_scale_4wave_160x128_kernel<opus_gemm_mxscale_bpreshuffle_4wave_160x128_traits_gfx950>(opus_gemm_mxscale_bpreshuffle_kargs_gfx950)",256,81408,0,100,0,112,"OPUS_GFX950_SQ_BUSY_CYCLES_SUM",481450.000000,3271249883342853,3271249883352133
49,49,"Agent 6",1,1368909,1368909,71680,1393,"void gemm_a8w8_mxfp8_scale_4wave_160x128_kernel<opus_gemm_mxscale_bpreshuffle_4wave_160x128_traits_gfx950>(opus_gemm_mxscale_bpreshuffle_kargs_gfx950)",256,81408,0,100,0,112,"OPUS_GFX950_SQ_VALU_MFMA_BUSY_CYCLES_SUM",2150400.000000,3271249883342853,3271249883352133
49,49,"Agent 6",1,1368909,1368909,71680,1393,"void gemm_a8w8_mxfp8_scale_4wave_160x128_kernel<opus_gemm_mxscale_bpreshuffle_4wave_160x128_traits_gfx950>(opus_gemm_mxscale_bpreshuffle_kargs_gfx950)",256,81408,0,100,0,112,"OPUS_GFX950_SQ_INSTS_VALU_MFMA_MOPS_F8_SUM",8601600.000000,3271249883342853,3271249883352133
49,49,"Agent 6",1,1368909,1368909,71680,1393,"void gemm_a8w8_mxfp8_scale_4wave_160x128_kernel<opus_gemm_mxscale_bpreshuffle_4wave_160x128_traits_gfx950>(opus_gemm_mxscale_bpreshuffle_kargs_gfx950)",256,81408,0,100,0,112,"OPUS_GFX950_TCC_EA0_RDREQ_DRAM_32B_SUM",165504.000000,3271249883342853,3271249883352133
49,49,"Agent 6",1,1368909,1368909,71680,1393,"void gemm_a8w8_mxfp8_scale_4wave_160x128_kernel<opus_gemm_mxscale_bpreshuffle_4wave_160x128_traits_gfx950>(opus_gemm_mxscale_bpreshuffle_kargs_gfx950)",256,81408,0,100,0,112,"OPUS_GFX950_TCC_EA0_WRREQ_WRITE_DRAM_32B_SUM",358400.000000,3271249883342853,3271249883352133
49,49,"Agent 6",1,1368909,1368909,71680,1393,"void gemm_a8w8_mxfp8_scale_4wave_160x128_kernel<opus_gemm_mxscale_bpreshuffle_4wave_160x128_traits_gfx950>(opus_gemm_mxscale_bpreshuffle_kargs_gfx950)",256,81408,0,100,0,112,"OPUS_GFX950_TCP_TCP_TA_ADDR_STALL_CYCLES_SUM",94054.000000,3271249883342853,3271249883352133
49,49,"Agent 6",1,1368909,1368909,71680,1393,"void gemm_a8w8_mxfp8_scale_4wave_160x128_kernel<opus_gemm_mxscale_bpreshuffle_4wave_160x128_traits_gfx950>(opus_gemm_mxscale_bpreshuffle_kargs_gfx950)",256,81408,0,100,0,112,"OPUS_GFX950_TCP_TCR_TCP_STALL_CYCLES_SUM",278839.000000,3271249883342853,3271249883352133
49,49,"Agent 6",1,1368909,1368909,71680,1393,"void gemm_a8w8_mxfp8_scale_4wave_160x128_kernel<opus_gemm_mxscale_bpreshuffle_4wave_160x128_traits_gfx950>(opus_gemm_mxscale_bpreshuffle_kargs_gfx950)",256,81408,0,100,0,112,"OPUS_GFX950_TCP_LFIFO_STALL_CYCLES_SUM",0.00000000e+00,3271249883342853,3271249883352133
49,49,"Agent 6",1,1368909,1368909,71680,1393,"void gemm_a8w8_mxfp8_scale_4wave_160x128_kernel<opus_gemm_mxscale_bpreshuffle_4wave_160x128_traits_gfx950>(opus_gemm_mxscale_bpreshuffle_kargs_gfx950)",256,81408,0,100,0,112,"OPUS_GFX950_TCP_GATE_EN1_SUM",4476096.000000,3271249883342853,3271249883352133
50,50,"Agent 6",1,1368909,1368909,71680,1393,"void gemm_a8w8_mxfp8_scale_4wave_160x128_kernel<opus_gemm_mxscale_bpreshuffle_4wave_160x128_traits_gfx950>(opus_gemm_mxscale_bpreshuffle_kargs_gfx950)",256,81408,0,100,0,112,"OPUS_GFX950_GRBM_COUNT_MAX",39865.000000,3271249883544654,3271249883553814
50,50,"Agent 6",1,1368909,1368909,71680,1393,"void gemm_a8w8_mxfp8_scale_4wave_160x128_kernel<opus_gemm_mxscale_bpreshuffle_4wave_160x128_traits_gfx950>(opus_gemm_mxscale_bpreshuffle_kargs_gfx950)",256,81408,0,100,0,112,"OPUS_GFX950_GRBM_GUI_ACTIVE_MAX",39865.000000,3271249883544654,3271249883553814
50,50,"Agent 6",1,1368909,1368909,71680,1393,"void gemm_a8w8_mxfp8_scale_4wave_160x128_kernel<opus_gemm_mxscale_bpreshuffle_4wave_160x128_traits_gfx950>(opus_gemm_mxscale_bpreshuffle_kargs_gfx950)",256,81408,0,100,0,112,"OPUS_GFX950_SQ_WAVE_CYCLES_SUM",3858652.000000,3271249883544654,3271249883553814
50,50,"Agent 6",1,1368909,1368909,71680,1393,"void gemm_a8w8_mxfp8_scale_4wave_160x128_kernel<opus_gemm_mxscale_bpreshuffle_4wave_160x128_traits_gfx950>(opus_gemm_mxscale_bpreshuffle_kargs_gfx950)",256,81408,0,100,0,112,"OPUS_GFX950_SQ_WAVES_SUM",1120.000000,3271249883544654,3271249883553814
50,50,"Agent 6",1,1368909,1368909,71680,1393,"void gemm_a8w8_mxfp8_scale_4wave_160x128_kernel<opus_gemm_mxscale_bpreshuffle_4wave_160x128_traits_gfx950>(opus_gemm_mxscale_bpreshuffle_kargs_gfx950)",256,81408,0,100,0,112,"OPUS_GFX950_SQ_WAIT_ANY_SUM",2008205.000000,3271249883544654,3271249883553814
50,50,"Agent 6",1,1368909,1368909,71680,1393,"void gemm_a8w8_mxfp8_scale_4wave_160x128_kernel<opus_gemm_mxscale_bpreshuffle_4wave_160x128_traits_gfx950>(opus_gemm_mxscale_bpreshuffle_kargs_gfx950)",256,81408,0,100,0,112,"OPUS_GFX950_SQ_WAIT_INST_ANY_SUM",757430.000000,3271249883544654,3271249883553814
50,50,"Agent 6",1,1368909,1368909,71680,1393,"void gemm_a8w8_mxfp8_scale_4wave_160x128_kernel<opus_gemm_mxscale_bpreshuffle_4wave_160x128_traits_gfx950>(opus_gemm_mxscale_bpreshuffle_kargs_gfx950)",256,81408,0,100,0,112,"OPUS_GFX950_SQ_ACTIVE_INST_ANY_SUM",1093017.000000,3271249883544654,3271249883553814
50,50,"Agent 6",1,1368909,1368909,71680,1393,"void gemm_a8w8_mxfp8_scale_4wave_160x128_kernel<opus_gemm_mxscale_bpreshuffle_4wave_160x128_traits_gfx950>(opus_gemm_mxscale_bpreshuffle_kargs_gfx950)",256,81408,0,100,0,112,"OPUS_GFX950_SQ_BUSY_CYCLES_SUM",477876.000000,3271249883544654,3271249883553814
50,50,"Agent 6",1,1368909,1368909,71680,1393,"void gemm_a8w8_mxfp8_scale_4wave_160x128_kernel<opus_gemm_mxscale_bpreshuffle_4wave_160x128_traits_gfx950>(opus_gemm_mxscale_bpreshuffle_kargs_gfx950)",256,81408,0,100,0,112,"OPUS_GFX950_SQ_VALU_MFMA_BUSY_CYCLES_SUM",2150400.000000,3271249883544654,3271249883553814
50,50,"Agent 6",1,1368909,1368909,71680,1393,"void gemm_a8w8_mxfp8_scale_4wave_160x128_kernel<opus_gemm_mxscale_bpreshuffle_4wave_160x128_traits_gfx950>(opus_gemm_mxscale_bpreshuffle_kargs_gfx950)",256,81408,0,100,0,112,"OPUS_GFX950_SQ_INSTS_VALU_MFMA_MOPS_F8_SUM",8601600.000000,3271249883544654,3271249883553814
50,50,"Agent 6",1,1368909,1368909,71680,1393,"void gemm_a8w8_mxfp8_scale_4wave_160x128_kernel<opus_gemm_mxscale_bpreshuffle_4wave_160x128_traits_gfx950>(opus_gemm_mxscale_bpreshuffle_kargs_gfx950)",256,81408,0,100,0,112,"OPUS_GFX950_TCC_EA0_RDREQ_DRAM_32B_SUM",165536.000000,3271249883544654,3271249883553814
50,50,"Agent 6",1,1368909,1368909,71680,1393,"void gemm_a8w8_mxfp8_scale_4wave_160x128_kernel<opus_gemm_mxscale_bpreshuffle_4wave_160x128_traits_gfx950>(opus_gemm_mxscale_bpreshuffle_kargs_gfx950)",256,81408,0,100,0,112,"OPUS_GFX950_TCC_EA0_WRREQ_WRITE_DRAM_32B_SUM",358400.000000,3271249883544654,3271249883553814
50,50,"Agent 6",1,1368909,1368909,71680,1393,"void gemm_a8w8_mxfp8_scale_4wave_160x128_kernel<opus_gemm_mxscale_bpreshuffle_4wave_160x128_traits_gfx950>(opus_gemm_mxscale_bpreshuffle_kargs_gfx950)",256,81408,0,100,0,112,"OPUS_GFX950_TCP_TCP_TA_ADDR_STALL_CYCLES_SUM",62316.000000,3271249883544654,3271249883553814
50,50,"Agent 6",1,1368909,1368909,71680,1393,"void gemm_a8w8_mxfp8_scale_4wave_160x128_kernel<opus_gemm_mxscale_bpreshuffle_4wave_160x128_traits_gfx950>(opus_gemm_mxscale_bpreshuffle_kargs_gfx950)",256,81408,0,100,0,112,"OPUS_GFX950_TCP_TCR_TCP_STALL_CYCLES_SUM",239378.000000,3271249883544654,3271249883553814
50,50,"Agent 6",1,1368909,1368909,71680,1393,"void gemm_a8w8_mxfp8_scale_4wave_160x128_kernel<opus_gemm_mxscale_bpreshuffle_4wave_160x128_traits_gfx950>(opus_gemm_mxscale_bpreshuffle_kargs_gfx950)",256,81408,0,100,0,112,"OPUS_GFX950_TCP_LFIFO_STALL_CYCLES_SUM",0.00000000e+00,3271249883544654,3271249883553814
50,50,"Agent 6",1,1368909,1368909,71680,1393,"void gemm_a8w8_mxfp8_scale_4wave_160x128_kernel<opus_gemm_mxscale_bpreshuffle_4wave_160x128_traits_gfx950>(opus_gemm_mxscale_bpreshuffle_kargs_gfx950)",256,81408,0,100,0,112,"OPUS_GFX950_TCP_GATE_EN1_SUM",4447296.000000,3271249883544654,3271249883553814
51,51,"Agent 6",1,1368909,1368909,71680,1393,"void gemm_a8w8_mxfp8_scale_4wave_160x128_kernel<opus_gemm_mxscale_bpreshuffle_4wave_160x128_traits_gfx950>(opus_gemm_mxscale_bpreshuffle_kargs_gfx950)",256,81408,0,100,0,112,"OPUS_GFX950_GRBM_COUNT_MAX",39616.000000,3271249883753855,3271249883762976
51,51,"Agent 6",1,1368909,1368909,71680,1393,"void gemm_a8w8_mxfp8_scale_4wave_160x128_kernel<opus_gemm_mxscale_bpreshuffle_4wave_160x128_traits_gfx950>(opus_gemm_mxscale_bpreshuffle_kargs_gfx950)",256,81408,0,100,0,112,"OPUS_GFX950_GRBM_GUI_ACTIVE_MAX",39616.000000,3271249883753855,3271249883762976
51,51,"Agent 6",1,1368909,1368909,71680,1393,"void gemm_a8w8_mxfp8_scale_4wave_160x128_kernel<opus_gemm_mxscale_bpreshuffle_4wave_160x128_traits_gfx950>(opus_gemm_mxscale_bpreshuffle_kargs_gfx950)",256,81408,0,100,0,112,"OPUS_GFX950_SQ_WAVE_CYCLES_SUM",3841383.000000,3271249883753855,3271249883762976
51,51,"Agent 6",1,1368909,1368909,71680,1393,"void gemm_a8w8_mxfp8_scale_4wave_160x128_kernel<opus_gemm_mxscale_bpreshuffle_4wave_160x128_traits_gfx950>(opus_gemm_mxscale_bpreshuffle_kargs_gfx950)",256,81408,0,100,0,112,"OPUS_GFX950_SQ_WAVES_SUM",1120.000000,3271249883753855,3271249883762976
51,51,"Agent 6",1,1368909,1368909,71680,1393,"void gemm_a8w8_mxfp8_scale_4wave_160x128_kernel<opus_gemm_mxscale_bpreshuffle_4wave_160x128_traits_gfx950>(opus_gemm_mxscale_bpreshuffle_kargs_gfx950)",256,81408,0,100,0,112,"OPUS_GFX950_SQ_WAIT_ANY_SUM",1976368.000000,3271249883753855,3271249883762976
51,51,"Agent 6",1,1368909,1368909,71680,1393,"void gemm_a8w8_mxfp8_scale_4wave_160x128_kernel<opus_gemm_mxscale_bpreshuffle_4wave_160x128_traits_gfx950>(opus_gemm_mxscale_bpreshuffle_kargs_gfx950)",256,81408,0,100,0,112,"OPUS_GFX950_SQ_WAIT_INST_ANY_SUM",771879.000000,3271249883753855,3271249883762976
51,51,"Agent 6",1,1368909,1368909,71680,1393,"void gemm_a8w8_mxfp8_scale_4wave_160x128_kernel<opus_gemm_mxscale_bpreshuffle_4wave_160x128_traits_gfx950>(opus_gemm_mxscale_bpreshuffle_kargs_gfx950)",256,81408,0,100,0,112,"OPUS_GFX950_SQ_ACTIVE_INST_ANY_SUM",1093136.000000,3271249883753855,3271249883762976
51,51,"Agent 6",1,1368909,1368909,71680,1393,"void gemm_a8w8_mxfp8_scale_4wave_160x128_kernel<opus_gemm_mxscale_bpreshuffle_4wave_160x128_traits_gfx950>(opus_gemm_mxscale_bpreshuffle_kargs_gfx950)",256,81408,0,100,0,112,"OPUS_GFX950_SQ_BUSY_CYCLES_SUM",474425.000000,3271249883753855,3271249883762976
51,51,"Agent 6",1,1368909,1368909,71680,1393,"void gemm_a8w8_mxfp8_scale_4wave_160x128_kernel<opus_gemm_mxscale_bpreshuffle_4wave_160x128_traits_gfx950>(opus_gemm_mxscale_bpreshuffle_kargs_gfx950)",256,81408,0,100,0,112,"OPUS_GFX950_SQ_VALU_MFMA_BUSY_CYCLES_SUM",2150400.000000,3271249883753855,3271249883762976
51,51,"Agent 6",1,1368909,1368909,71680,1393,"void gemm_a8w8_mxfp8_scale_4wave_160x128_kernel<opus_gemm_mxscale_bpreshuffle_4wave_160x128_traits_gfx950>(opus_gemm_mxscale_bpreshuffle_kargs_gfx950)",256,81408,0,100,0,112,"OPUS_GFX950_SQ_INSTS_VALU_MFMA_MOPS_F8_SUM",8601600.000000,3271249883753855,3271249883762976
51,51,"Agent 6",1,1368909,1368909,71680,1393,"void gemm_a8w8_mxfp8_scale_4wave_160x128_kernel<opus_gemm_mxscale_bpreshuffle_4wave_160x128_traits_gfx950>(opus_gemm_mxscale_bpreshuffle_kargs_gfx950)",256,81408,0,100,0,112,"OPUS_GFX950_TCC_EA0_RDREQ_DRAM_32B_SUM",165504.000000,3271249883753855,3271249883762976
51,51,"Agent 6",1,1368909,1368909,71680,1393,"void gemm_a8w8_mxfp8_scale_4wave_160x128_kernel<opus_gemm_mxscale_bpreshuffle_4wave_160x128_traits_gfx950>(opus_gemm_mxscale_bpreshuffle_kargs_gfx950)",256,81408,0,100,0,112,"OPUS_GFX950_TCC_EA0_WRREQ_WRITE_DRAM_32B_SUM",358400.000000,3271249883753855,3271249883762976
51,51,"Agent 6",1,1368909,1368909,71680,1393,"void gemm_a8w8_mxfp8_scale_4wave_160x128_kernel<opus_gemm_mxscale_bpreshuffle_4wave_160x128_traits_gfx950>(opus_gemm_mxscale_bpreshuffle_kargs_gfx950)",256,81408,0,100,0,112,"OPUS_GFX950_TCP_TCP_TA_ADDR_STALL_CYCLES_SUM",88029.000000,3271249883753855,3271249883762976
51,51,"Agent 6",1,1368909,1368909,71680,1393,"void gemm_a8w8_mxfp8_scale_4wave_160x128_kernel<opus_gemm_mxscale_bpreshuffle_4wave_160x128_traits_gfx950>(opus_gemm_mxscale_bpreshuffle_kargs_gfx950)",256,81408,0,100,0,112,"OPUS_GFX950_TCP_TCR_TCP_STALL_CYCLES_SUM",242986.000000,3271249883753855,3271249883762976
51,51,"Agent 6",1,1368909,1368909,71680,1393,"void gemm_a8w8_mxfp8_scale_4wave_160x128_kernel<opus_gemm_mxscale_bpreshuffle_4wave_160x128_traits_gfx950>(opus_gemm_mxscale_bpreshuffle_kargs_gfx950)",256,81408,0,100,0,112,"OPUS_GFX950_TCP_LFIFO_STALL_CYCLES_SUM",0.00000000e+00,3271249883753855,3271249883762976
51,51,"Agent 6",1,1368909,1368909,71680,1393,"void gemm_a8w8_mxfp8_scale_4wave_160x128_kernel<opus_gemm_mxscale_bpreshuffle_4wave_160x128_traits_gfx950>(opus_gemm_mxscale_bpreshuffle_kargs_gfx950)",256,81408,0,100,0,112,"OPUS_GFX950_TCP_GATE_EN1_SUM",4419720.000000,3271249883753855,3271249883762976
52,52,"Agent 6",1,1368909,1368909,71680,1393,"void gemm_a8w8_mxfp8_scale_4wave_160x128_kernel<opus_gemm_mxscale_bpreshuffle_4wave_160x128_traits_gfx950>(opus_gemm_mxscale_bpreshuffle_kargs_gfx950)",256,81408,0,100,0,112,"OPUS_GFX950_GRBM_COUNT_MAX",45693.000000,3271249883965257,3271249883974537
52,52,"Agent 6",1,1368909,1368909,71680,1393,"void gemm_a8w8_mxfp8_scale_4wave_160x128_kernel<opus_gemm_mxscale_bpreshuffle_4wave_160x128_traits_gfx950>(opus_gemm_mxscale_bpreshuffle_kargs_gfx950)",256,81408,0,100,0,112,"OPUS_GFX950_GRBM_GUI_ACTIVE_MAX",45693.000000,3271249883965257,3271249883974537
52,52,"Agent 6",1,1368909,1368909,71680,1393,"void gemm_a8w8_mxfp8_scale_4wave_160x128_kernel<opus_gemm_mxscale_bpreshuffle_4wave_160x128_traits_gfx950>(opus_gemm_mxscale_bpreshuffle_kargs_gfx950)",256,81408,0,100,0,112,"OPUS_GFX950_SQ_WAVE_CYCLES_SUM",3915114.000000,3271249883965257,3271249883974537
52,52,"Agent 6",1,1368909,1368909,71680,1393,"void gemm_a8w8_mxfp8_scale_4wave_160x128_kernel<opus_gemm_mxscale_bpreshuffle_4wave_160x128_traits_gfx950>(opus_gemm_mxscale_bpreshuffle_kargs_gfx950)",256,81408,0,100,0,112,"OPUS_GFX950_SQ_WAVES_SUM",1120.000000,3271249883965257,3271249883974537
52,52,"Agent 6",1,1368909,1368909,71680,1393,"void gemm_a8w8_mxfp8_scale_4wave_160x128_kernel<opus_gemm_mxscale_bpreshuffle_4wave_160x128_traits_gfx950>(opus_gemm_mxscale_bpreshuffle_kargs_gfx950)",256,81408,0,100,0,112,"OPUS_GFX950_SQ_WAIT_ANY_SUM",2005693.000000,3271249883965257,3271249883974537
52,52,"Agent 6",1,1368909,1368909,71680,1393,"void gemm_a8w8_mxfp8_scale_4wave_160x128_kernel<opus_gemm_mxscale_bpreshuffle_4wave_160x128_traits_gfx950>(opus_gemm_mxscale_bpreshuffle_kargs_gfx950)",256,81408,0,100,0,112,"OPUS_GFX950_SQ_WAIT_INST_ANY_SUM",815459.000000,3271249883965257,3271249883974537
52,52,"Agent 6",1,1368909,1368909,71680,1393,"void gemm_a8w8_mxfp8_scale_4wave_160x128_kernel<opus_gemm_mxscale_bpreshuffle_4wave_160x128_traits_gfx950>(opus_gemm_mxscale_bpreshuffle_kargs_gfx950)",256,81408,0,100,0,112,"OPUS_GFX950_SQ_ACTIVE_INST_ANY_SUM",1093962.000000,3271249883965257,3271249883974537
52,52,"Agent 6",1,1368909,1368909,71680,1393,"void gemm_a8w8_mxfp8_scale_4wave_160x128_kernel<opus_gemm_mxscale_bpreshuffle_4wave_160x128_traits_gfx950>(opus_gemm_mxscale_bpreshuffle_kargs_gfx950)",256,81408,0,100,0,112,"OPUS_GFX950_SQ_BUSY_CYCLES_SUM",485832.000000,3271249883965257,3271249883974537
52,52,"Agent 6",1,1368909,1368909,71680,1393,"void gemm_a8w8_mxfp8_scale_4wave_160x128_kernel<opus_gemm_mxscale_bpreshuffle_4wave_160x128_traits_gfx950>(opus_gemm_mxscale_bpreshuffle_kargs_gfx950)",256,81408,0,100,0,112,"OPUS_GFX950_SQ_VALU_MFMA_BUSY_CYCLES_SUM",2150400.000000,3271249883965257,3271249883974537
52,52,"Agent 6",1,1368909,1368909,71680,1393,"void gemm_a8w8_mxfp8_scale_4wave_160x128_kernel<opus_gemm_mxscale_bpreshuffle_4wave_160x128_traits_gfx950>(opus_gemm_mxscale_bpreshuffle_kargs_gfx950)",256,81408,0,100,0,112,"OPUS_GFX950_SQ_INSTS_VALU_MFMA_MOPS_F8_SUM",8601600.000000,3271249883965257,3271249883974537
52,52,"Agent 6",1,1368909,1368909,71680,1393,"void gemm_a8w8_mxfp8_scale_4wave_160x128_kernel<opus_gemm_mxscale_bpreshuffle_4wave_160x128_traits_gfx950>(opus_gemm_mxscale_bpreshuffle_kargs_gfx950)",256,81408,0,100,0,112,"OPUS_GFX950_TCC_EA0_RDREQ_DRAM_32B_SUM",165536.000000,3271249883965257,3271249883974537
52,52,"Agent 6",1,1368909,1368909,71680,1393,"void gemm_a8w8_mxfp8_scale_4wave_160x128_kernel<opus_gemm_mxscale_bpreshuffle_4wave_160x128_traits_gfx950>(opus_gemm_mxscale_bpreshuffle_kargs_gfx950)",256,81408,0,100,0,112,"OPUS_GFX950_TCC_EA0_WRREQ_WRITE_DRAM_32B_SUM",358400.000000,3271249883965257,3271249883974537
52,52,"Agent 6",1,1368909,1368909,71680,1393,"void gemm_a8w8_mxfp8_scale_4wave_160x128_kernel<opus_gemm_mxscale_bpreshuffle_4wave_160x128_traits_gfx950>(opus_gemm_mxscale_bpreshuffle_kargs_gfx950)",256,81408,0,100,0,112,"OPUS_GFX950_TCP_TCP_TA_ADDR_STALL_CYCLES_SUM",112553.000000,3271249883965257,3271249883974537
52,52,"Agent 6",1,1368909,1368909,71680,1393,"void gemm_a8w8_mxfp8_scale_4wave_160x128_kernel<opus_gemm_mxscale_bpreshuffle_4wave_160x128_traits_gfx950>(opus_gemm_mxscale_bpreshuffle_kargs_gfx950)",256,81408,0,100,0,112,"OPUS_GFX950_TCP_TCR_TCP_STALL_CYCLES_SUM",287710.000000,3271249883965257,3271249883974537
52,52,"Agent 6",1,1368909,1368909,71680,1393,"void gemm_a8w8_mxfp8_scale_4wave_160x128_kernel<opus_gemm_mxscale_bpreshuffle_4wave_160x128_traits_gfx950>(opus_gemm_mxscale_bpreshuffle_kargs_gfx950)",256,81408,0,100,0,112,"OPUS_GFX950_TCP_LFIFO_STALL_CYCLES_SUM",0.00000000e+00,3271249883965257,3271249883974537
52,52,"Agent 6",1,1368909,1368909,71680,1393,"void gemm_a8w8_mxfp8_scale_4wave_160x128_kernel<opus_gemm_mxscale_bpreshuffle_4wave_160x128_traits_gfx950>(opus_gemm_mxscale_bpreshuffle_kargs_gfx950)",256,81408,0,100,0,112,"OPUS_GFX950_TCP_GATE_EN1_SUM",4510864.000000,3271249883965257,3271249883974537
53,53,"Agent 6",1,1368909,1368909,71680,1393,"void gemm_a8w8_mxfp8_scale_4wave_160x128_kernel<opus_gemm_mxscale_bpreshuffle_4wave_160x128_traits_gfx950>(opus_gemm_mxscale_bpreshuffle_kargs_gfx950)",256,81408,0,100,0,112,"OPUS_GFX950_GRBM_COUNT_MAX",37913.000000,3271249884176019,3271249884185459
53,53,"Agent 6",1,1368909,1368909,71680,1393,"void gemm_a8w8_mxfp8_scale_4wave_160x128_kernel<opus_gemm_mxscale_bpreshuffle_4wave_160x128_traits_gfx950>(opus_gemm_mxscale_bpreshuffle_kargs_gfx950)",256,81408,0,100,0,112,"OPUS_GFX950_GRBM_GUI_ACTIVE_MAX",37913.000000,3271249884176019,3271249884185459
53,53,"Agent 6",1,1368909,1368909,71680,1393,"void gemm_a8w8_mxfp8_scale_4wave_160x128_kernel<opus_gemm_mxscale_bpreshuffle_4wave_160x128_traits_gfx950>(opus_gemm_mxscale_bpreshuffle_kargs_gfx950)",256,81408,0,100,0,112,"OPUS_GFX950_SQ_WAVE_CYCLES_SUM",4061510.000000,3271249884176019,3271249884185459
53,53,"Agent 6",1,1368909,1368909,71680,1393,"void gemm_a8w8_mxfp8_scale_4wave_160x128_kernel<opus_gemm_mxscale_bpreshuffle_4wave_160x128_traits_gfx950>(opus_gemm_mxscale_bpreshuffle_kargs_gfx950)",256,81408,0,100,0,112,"OPUS_GFX950_SQ_WAVES_SUM",1120.000000,3271249884176019,3271249884185459
53,53,"Agent 6",1,1368909,1368909,71680,1393,"void gemm_a8w8_mxfp8_scale_4wave_160x128_kernel<opus_gemm_mxscale_bpreshuffle_4wave_160x128_traits_gfx950>(opus_gemm_mxscale_bpreshuffle_kargs_gfx950)",256,81408,0,100,0,112,"OPUS_GFX950_SQ_WAIT_ANY_SUM",2181539.000000,3271249884176019,3271249884185459
53,53,"Agent 6",1,1368909,1368909,71680,1393,"void gemm_a8w8_mxfp8_scale_4wave_160x128_kernel<opus_gemm_mxscale_bpreshuffle_4wave_160x128_traits_gfx950>(opus_gemm_mxscale_bpreshuffle_kargs_gfx950)",256,81408,0,100,0,112,"OPUS_GFX950_SQ_WAIT_INST_ANY_SUM",786222.000000,3271249884176019,3271249884185459
53,53,"Agent 6",1,1368909,1368909,71680,1393,"void gemm_a8w8_mxfp8_scale_4wave_160x128_kernel<opus_gemm_mxscale_bpreshuffle_4wave_160x128_traits_gfx950>(opus_gemm_mxscale_bpreshuffle_kargs_gfx950)",256,81408,0,100,0,112,"OPUS_GFX950_SQ_ACTIVE_INST_ANY_SUM",1093749.000000,3271249884176019,3271249884185459
53,53,"Agent 6",1,1368909,1368909,71680,1393,"void gemm_a8w8_mxfp8_scale_4wave_160x128_kernel<opus_gemm_mxscale_bpreshuffle_4wave_160x128_traits_gfx950>(opus_gemm_mxscale_bpreshuffle_kargs_gfx950)",256,81408,0,100,0,112,"OPUS_GFX950_SQ_BUSY_CYCLES_SUM",502888.000000,3271249884176019,3271249884185459
53,53,"Agent 6",1,1368909,1368909,71680,1393,"void gemm_a8w8_mxfp8_scale_4wave_160x128_kernel<opus_gemm_mxscale_bpreshuffle_4wave_160x128_traits_gfx950>(opus_gemm_mxscale_bpreshuffle_kargs_gfx950)",256,81408,0,100,0,112,"OPUS_GFX950_SQ_VALU_MFMA_BUSY_CYCLES_SUM",2150400.000000,3271249884176019,3271249884185459
53,53,"Agent 6",1,1368909,1368909,71680,1393,"void gemm_a8w8_mxfp8_scale_4wave_160x128_kernel<opus_gemm_mxscale_bpreshuffle_4wave_160x128_traits_gfx950>(opus_gemm_mxscale_bpreshuffle_kargs_gfx950)",256,81408,0,100,0,112,"OPUS_GFX950_SQ_INSTS_VALU_MFMA_MOPS_F8_SUM",8601600.000000,3271249884176019,3271249884185459
53,53,"Agent 6",1,1368909,1368909,71680,1393,"void gemm_a8w8_mxfp8_scale_4wave_160x128_kernel<opus_gemm_mxscale_bpreshuffle_4wave_160x128_traits_gfx950>(opus_gemm_mxscale_bpreshuffle_kargs_gfx950)",256,81408,0,100,0,112,"OPUS_GFX950_TCC_EA0_RDREQ_DRAM_32B_SUM",165504.000000,3271249884176019,3271249884185459
53,53,"Agent 6",1,1368909,1368909,71680,1393,"void gemm_a8w8_mxfp8_scale_4wave_160x128_kernel<opus_gemm_mxscale_bpreshuffle_4wave_160x128_traits_gfx950>(opus_gemm_mxscale_bpreshuffle_kargs_gfx950)",256,81408,0,100,0,112,"OPUS_GFX950_TCC_EA0_WRREQ_WRITE_DRAM_32B_SUM",358400.000000,3271249884176019,3271249884185459
53,53,"Agent 6",1,1368909,1368909,71680,1393,"void gemm_a8w8_mxfp8_scale_4wave_160x128_kernel<opus_gemm_mxscale_bpreshuffle_4wave_160x128_traits_gfx950>(opus_gemm_mxscale_bpreshuffle_kargs_gfx950)",256,81408,0,100,0,112,"OPUS_GFX950_TCP_TCP_TA_ADDR_STALL_CYCLES_SUM",89726.000000,3271249884176019,3271249884185459
53,53,"Agent 6",1,1368909,1368909,71680,1393,"void gemm_a8w8_mxfp8_scale_4wave_160x128_kernel<opus_gemm_mxscale_bpreshuffle_4wave_160x128_traits_gfx950>(opus_gemm_mxscale_bpreshuffle_kargs_gfx950)",256,81408,0,100,0,112,"OPUS_GFX950_TCP_TCR_TCP_STALL_CYCLES_SUM",242365.000000,3271249884176019,3271249884185459
53,53,"Agent 6",1,1368909,1368909,71680,1393,"void gemm_a8w8_mxfp8_scale_4wave_160x128_kernel<opus_gemm_mxscale_bpreshuffle_4wave_160x128_traits_gfx950>(opus_gemm_mxscale_bpreshuffle_kargs_gfx950)",256,81408,0,100,0,112,"OPUS_GFX950_TCP_LFIFO_STALL_CYCLES_SUM",0.00000000e+00,3271249884176019,3271249884185459
53,53,"Agent 6",1,1368909,1368909,71680,1393,"void gemm_a8w8_mxfp8_scale_4wave_160x128_kernel<opus_gemm_mxscale_bpreshuffle_4wave_160x128_traits_gfx950>(opus_gemm_mxscale_bpreshuffle_kargs_gfx950)",256,81408,0,100,0,112,"OPUS_GFX950_TCP_GATE_EN1_SUM",4647360.000000,3271249884176019,3271249884185459
54,54,"Agent 6",1,1368909,1368909,71680,1393,"void gemm_a8w8_mxfp8_scale_4wave_160x128_kernel<opus_gemm_mxscale_bpreshuffle_4wave_160x128_traits_gfx950>(opus_gemm_mxscale_bpreshuffle_kargs_gfx950)",256,81408,0,100,0,112,"OPUS_GFX950_GRBM_COUNT_MAX",42903.000000,3271249884381060,3271249884390140
54,54,"Agent 6",1,1368909,1368909,71680,1393,"void gemm_a8w8_mxfp8_scale_4wave_160x128_kernel<opus_gemm_mxscale_bpreshuffle_4wave_160x128_traits_gfx950>(opus_gemm_mxscale_bpreshuffle_kargs_gfx950)",256,81408,0,100,0,112,"OPUS_GFX950_GRBM_GUI_ACTIVE_MAX",42903.000000,3271249884381060,3271249884390140
54,54,"Agent 6",1,1368909,1368909,71680,1393,"void gemm_a8w8_mxfp8_scale_4wave_160x128_kernel<opus_gemm_mxscale_bpreshuffle_4wave_160x128_traits_gfx950>(opus_gemm_mxscale_bpreshuffle_kargs_gfx950)",256,81408,0,100,0,112,"OPUS_GFX950_SQ_WAVE_CYCLES_SUM",3939630.000000,3271249884381060,3271249884390140
54,54,"Agent 6",1,1368909,1368909,71680,1393,"void gemm_a8w8_mxfp8_scale_4wave_160x128_kernel<opus_gemm_mxscale_bpreshuffle_4wave_160x128_traits_gfx950>(opus_gemm_mxscale_bpreshuffle_kargs_gfx950)",256,81408,0,100,0,112,"OPUS_GFX950_SQ_WAVES_SUM",1120.000000,3271249884381060,3271249884390140
54,54,"Agent 6",1,1368909,1368909,71680,1393,"void gemm_a8w8_mxfp8_scale_4wave_160x128_kernel<opus_gemm_mxscale_bpreshuffle_4wave_160x128_traits_gfx950>(opus_gemm_mxscale_bpreshuffle_kargs_gfx950)",256,81408,0,100,0,112,"OPUS_GFX950_SQ_WAIT_ANY_SUM",2081113.000000,3271249884381060,3271249884390140
54,54,"Agent 6",1,1368909,1368909,71680,1393,"void gemm_a8w8_mxfp8_scale_4wave_160x128_kernel<opus_gemm_mxscale_bpreshuffle_4wave_160x128_traits_gfx950>(opus_gemm_mxscale_bpreshuffle_kargs_gfx950)",256,81408,0,100,0,112,"OPUS_GFX950_SQ_WAIT_INST_ANY_SUM",765247.000000,3271249884381060,3271249884390140
54,54,"Agent 6",1,1368909,1368909,71680,1393,"void gemm_a8w8_mxfp8_scale_4wave_160x128_kernel<opus_gemm_mxscale_bpreshuffle_4wave_160x128_traits_gfx950>(opus_gemm_mxscale_bpreshuffle_kargs_gfx950)",256,81408,0,100,0,112,"OPUS_GFX950_SQ_ACTIVE_INST_ANY_SUM",1093270.000000,3271249884381060,3271249884390140
54,54,"Agent 6",1,1368909,1368909,71680,1393,"void gemm_a8w8_mxfp8_scale_4wave_160x128_kernel<opus_gemm_mxscale_bpreshuffle_4wave_160x128_traits_gfx950>(opus_gemm_mxscale_bpreshuffle_kargs_gfx950)",256,81408,0,100,0,112,"OPUS_GFX950_SQ_BUSY_CYCLES_SUM",483921.000000,3271249884381060,3271249884390140
54,54,"Agent 6",1,1368909,1368909,71680,1393,"void gemm_a8w8_mxfp8_scale_4wave_160x128_kernel<opus_gemm_mxscale_bpreshuffle_4wave_160x128_traits_gfx950>(opus_gemm_mxscale_bpreshuffle_kargs_gfx950)",256,81408,0,100,0,112,"OPUS_GFX950_SQ_VALU_MFMA_BUSY_CYCLES_SUM",2150400.000000,3271249884381060,3271249884390140
54,54,"Agent 6",1,1368909,1368909,71680,1393,"void gemm_a8w8_mxfp8_scale_4wave_160x128_kernel<opus_gemm_mxscale_bpreshuffle_4wave_160x128_traits_gfx950>(opus_gemm_mxscale_bpreshuffle_kargs_gfx950)",256,81408,0,100,0,112,"OPUS_GFX950_SQ_INSTS_VALU_MFMA_MOPS_F8_SUM",8601600.000000,3271249884381060,3271249884390140
54,54,"Agent 6",1,1368909,1368909,71680,1393,"void gemm_a8w8_mxfp8_scale_4wave_160x128_kernel<opus_gemm_mxscale_bpreshuffle_4wave_160x128_traits_gfx950>(opus_gemm_mxscale_bpreshuffle_kargs_gfx950)",256,81408,0,100,0,112,"OPUS_GFX950_TCC_EA0_RDREQ_DRAM_32B_SUM",165536.000000,3271249884381060,3271249884390140
54,54,"Agent 6",1,1368909,1368909,71680,1393,"void gemm_a8w8_mxfp8_scale_4wave_160x128_kernel<opus_gemm_mxscale_bpreshuffle_4wave_160x128_traits_gfx950>(opus_gemm_mxscale_bpreshuffle_kargs_gfx950)",256,81408,0,100,0,112,"OPUS_GFX950_TCC_EA0_WRREQ_WRITE_DRAM_32B_SUM",358400.000000,3271249884381060,3271249884390140
54,54,"Agent 6",1,1368909,1368909,71680,1393,"void gemm_a8w8_mxfp8_scale_4wave_160x128_kernel<opus_gemm_mxscale_bpreshuffle_4wave_160x128_traits_gfx950>(opus_gemm_mxscale_bpreshuffle_kargs_gfx950)",256,81408,0,100,0,112,"OPUS_GFX950_TCP_TCP_TA_ADDR_STALL_CYCLES_SUM",89565.000000,3271249884381060,3271249884390140
54,54,"Agent 6",1,1368909,1368909,71680,1393,"void gemm_a8w8_mxfp8_scale_4wave_160x128_kernel<opus_gemm_mxscale_bpreshuffle_4wave_160x128_traits_gfx950>(opus_gemm_mxscale_bpreshuffle_kargs_gfx950)",256,81408,0,100,0,112,"OPUS_GFX950_TCP_TCR_TCP_STALL_CYCLES_SUM",248956.000000,3271249884381060,3271249884390140
54,54,"Agent 6",1,1368909,1368909,71680,1393,"void gemm_a8w8_mxfp8_scale_4wave_160x128_kernel<opus_gemm_mxscale_bpreshuffle_4wave_160x128_traits_gfx950>(opus_gemm_mxscale_bpreshuffle_kargs_gfx950)",256,81408,0,100,0,112,"OPUS_GFX950_TCP_LFIFO_STALL_CYCLES_SUM",0.00000000e+00,3271249884381060,3271249884390140
54,54,"Agent 6",1,1368909,1368909,71680,1393,"void gemm_a8w8_mxfp8_scale_4wave_160x128_kernel<opus_gemm_mxscale_bpreshuffle_4wave_160x128_traits_gfx950>(opus_gemm_mxscale_bpreshuffle_kargs_gfx950)",256,81408,0,100,0,112,"OPUS_GFX950_TCP_GATE_EN1_SUM",4495512.000000,3271249884381060,3271249884390140
55,55,"Agent 6",1,1368909,1368909,71680,1393,"void gemm_a8w8_mxfp8_scale_4wave_160x128_kernel<opus_gemm_mxscale_bpreshuffle_4wave_160x128_traits_gfx950>(opus_gemm_mxscale_bpreshuffle_kargs_gfx950)",256,81408,0,100,0,112,"OPUS_GFX950_GRBM_COUNT_MAX",41252.000000,3271249884582821,3271249884592102
55,55,"Agent 6",1,1368909,1368909,71680,1393,"void gemm_a8w8_mxfp8_scale_4wave_160x128_kernel<opus_gemm_mxscale_bpreshuffle_4wave_160x128_traits_gfx950>(opus_gemm_mxscale_bpreshuffle_kargs_gfx950)",256,81408,0,100,0,112,"OPUS_GFX950_GRBM_GUI_ACTIVE_MAX",41252.000000,3271249884582821,3271249884592102
55,55,"Agent 6",1,1368909,1368909,71680,1393,"void gemm_a8w8_mxfp8_scale_4wave_160x128_kernel<opus_gemm_mxscale_bpreshuffle_4wave_160x128_traits_gfx950>(opus_gemm_mxscale_bpreshuffle_kargs_gfx950)",256,81408,0,100,0,112,"OPUS_GFX950_SQ_WAVE_CYCLES_SUM",3991634.000000,3271249884582821,3271249884592102
55,55,"Agent 6",1,1368909,1368909,71680,1393,"void gemm_a8w8_mxfp8_scale_4wave_160x128_kernel<opus_gemm_mxscale_bpreshuffle_4wave_160x128_traits_gfx950>(opus_gemm_mxscale_bpreshuffle_kargs_gfx950)",256,81408,0,100,0,112,"OPUS_GFX950_SQ_WAVES_SUM",1120.000000,3271249884582821,3271249884592102
55,55,"Agent 6",1,1368909,1368909,71680,1393,"void gemm_a8w8_mxfp8_scale_4wave_160x128_kernel<opus_gemm_mxscale_bpreshuffle_4wave_160x128_traits_gfx950>(opus_gemm_mxscale_bpreshuffle_kargs_gfx950)",256,81408,0,100,0,112,"OPUS_GFX950_SQ_WAIT_ANY_SUM",2138101.000000,3271249884582821,3271249884592102
55,55,"Agent 6",1,1368909,1368909,71680,1393,"void gemm_a8w8_mxfp8_scale_4wave_160x128_kernel<opus_gemm_mxscale_bpreshuffle_4wave_160x128_traits_gfx950>(opus_gemm_mxscale_bpreshuffle_kargs_gfx950)",256,81408,0,100,0,112,"OPUS_GFX950_SQ_WAIT_INST_ANY_SUM",760161.000000,3271249884582821,3271249884592102
55,55,"Agent 6",1,1368909,1368909,71680,1393,"void gemm_a8w8_mxfp8_scale_4wave_160x128_kernel<opus_gemm_mxscale_bpreshuffle_4wave_160x128_traits_gfx950>(opus_gemm_mxscale_bpreshuffle_kargs_gfx950)",256,81408,0,100,0,112,"OPUS_GFX950_SQ_ACTIVE_INST_ANY_SUM",1093372.000000,3271249884582821,3271249884592102
55,55,"Agent 6",1,1368909,1368909,71680,1393,"void gemm_a8w8_mxfp8_scale_4wave_160x128_kernel<opus_gemm_mxscale_bpreshuffle_4wave_160x128_traits_gfx950>(opus_gemm_mxscale_bpreshuffle_kargs_gfx950)",256,81408,0,100,0,112,"OPUS_GFX950_SQ_BUSY_CYCLES_SUM",490937.000000,3271249884582821,3271249884592102
55,55,"Agent 6",1,1368909,1368909,71680,1393,"void gemm_a8w8_mxfp8_scale_4wave_160x128_kernel<opus_gemm_mxscale_bpreshuffle_4wave_160x128_traits_gfx950>(opus_gemm_mxscale_bpreshuffle_kargs_gfx950)",256,81408,0,100,0,112,"OPUS_GFX950_SQ_VALU_MFMA_BUSY_CYCLES_SUM",2150400.000000,3271249884582821,3271249884592102
55,55,"Agent 6",1,1368909,1368909,71680,1393,"void gemm_a8w8_mxfp8_scale_4wave_160x128_kernel<opus_gemm_mxscale_bpreshuffle_4wave_160x128_traits_gfx950>(opus_gemm_mxscale_bpreshuffle_kargs_gfx950)",256,81408,0,100,0,112,"OPUS_GFX950_SQ_INSTS_VALU_MFMA_MOPS_F8_SUM",8601600.000000,3271249884582821,3271249884592102
55,55,"Agent 6",1,1368909,1368909,71680,1393,"void gemm_a8w8_mxfp8_scale_4wave_160x128_kernel<opus_gemm_mxscale_bpreshuffle_4wave_160x128_traits_gfx950>(opus_gemm_mxscale_bpreshuffle_kargs_gfx950)",256,81408,0,100,0,112,"OPUS_GFX950_TCC_EA0_RDREQ_DRAM_32B_SUM",165536.000000,3271249884582821,3271249884592102
55,55,"Agent 6",1,1368909,1368909,71680,1393,"void gemm_a8w8_mxfp8_scale_4wave_160x128_kernel<opus_gemm_mxscale_bpreshuffle_4wave_160x128_traits_gfx950>(opus_gemm_mxscale_bpreshuffle_kargs_gfx950)",256,81408,0,100,0,112,"OPUS_GFX950_TCC_EA0_WRREQ_WRITE_DRAM_32B_SUM",358400.000000,3271249884582821,3271249884592102
55,55,"Agent 6",1,1368909,1368909,71680,1393,"void gemm_a8w8_mxfp8_scale_4wave_160x128_kernel<opus_gemm_mxscale_bpreshuffle_4wave_160x128_traits_gfx950>(opus_gemm_mxscale_bpreshuffle_kargs_gfx950)",256,81408,0,100,0,112,"OPUS_GFX950_TCP_TCP_TA_ADDR_STALL_CYCLES_SUM",75286.000000,3271249884582821,3271249884592102
55,55,"Agent 6",1,1368909,1368909,71680,1393,"void gemm_a8w8_mxfp8_scale_4wave_160x128_kernel<opus_gemm_mxscale_bpreshuffle_4wave_160x128_traits_gfx950>(opus_gemm_mxscale_bpreshuffle_kargs_gfx950)",256,81408,0,100,0,112,"OPUS_GFX950_TCP_TCR_TCP_STALL_CYCLES_SUM",200603.000000,3271249884582821,3271249884592102
55,55,"Agent 6",1,1368909,1368909,71680,1393,"void gemm_a8w8_mxfp8_scale_4wave_160x128_kernel<opus_gemm_mxscale_bpreshuffle_4wave_160x128_traits_gfx950>(opus_gemm_mxscale_bpreshuffle_kargs_gfx950)",256,81408,0,100,0,112,"OPUS_GFX950_TCP_LFIFO_STALL_CYCLES_SUM",0.00000000e+00,3271249884582821,3271249884592102
55,55,"Agent 6",1,1368909,1368909,71680,1393,"void gemm_a8w8_mxfp8_scale_4wave_160x128_kernel<opus_gemm_mxscale_bpreshuffle_4wave_160x128_traits_gfx950>(opus_gemm_mxscale_bpreshuffle_kargs_gfx950)",256,81408,0,100,0,112,"OPUS_GFX950_TCP_GATE_EN1_SUM",4552152.000000,3271249884582821,3271249884592102
56,56,"Agent 6",1,1368909,1368909,71680,1393,"void gemm_a8w8_mxfp8_scale_4wave_160x128_kernel<opus_gemm_mxscale_bpreshuffle_4wave_160x128_traits_gfx950>(opus_gemm_mxscale_bpreshuffle_kargs_gfx950)",256,81408,0,100,0,112,"OPUS_GFX950_GRBM_COUNT_MAX",41165.000000,3271249884784823,3271249884794103
56,56,"Agent 6",1,1368909,1368909,71680,1393,"void gemm_a8w8_mxfp8_scale_4wave_160x128_kernel<opus_gemm_mxscale_bpreshuffle_4wave_160x128_traits_gfx950>(opus_gemm_mxscale_bpreshuffle_kargs_gfx950)",256,81408,0,100,0,112,"OPUS_GFX950_GRBM_GUI_ACTIVE_MAX",41165.000000,3271249884784823,3271249884794103
56,56,"Agent 6",1,1368909,1368909,71680,1393,"void gemm_a8w8_mxfp8_scale_4wave_160x128_kernel<opus_gemm_mxscale_bpreshuffle_4wave_160x128_traits_gfx950>(opus_gemm_mxscale_bpreshuffle_kargs_gfx950)",256,81408,0,100,0,112,"OPUS_GFX950_SQ_WAVE_CYCLES_SUM",3976222.000000,3271249884784823,3271249884794103
56,56,"Agent 6",1,1368909,1368909,71680,1393,"void gemm_a8w8_mxfp8_scale_4wave_160x128_kernel<opus_gemm_mxscale_bpreshuffle_4wave_160x128_traits_gfx950>(opus_gemm_mxscale_bpreshuffle_kargs_gfx950)",256,81408,0,100,0,112,"OPUS_GFX950_SQ_WAVES_SUM",1120.000000,3271249884784823,3271249884794103
56,56,"Agent 6",1,1368909,1368909,71680,1393,"void gemm_a8w8_mxfp8_scale_4wave_160x128_kernel<opus_gemm_mxscale_bpreshuffle_4wave_160x128_traits_gfx950>(opus_gemm_mxscale_bpreshuffle_kargs_gfx950)",256,81408,0,100,0,112,"OPUS_GFX950_SQ_WAIT_ANY_SUM",2101639.000000,3271249884784823,3271249884794103
56,56,"Agent 6",1,1368909,1368909,71680,1393,"void gemm_a8w8_mxfp8_scale_4wave_160x128_kernel<opus_gemm_mxscale_bpreshuffle_4wave_160x128_traits_gfx950>(opus_gemm_mxscale_bpreshuffle_kargs_gfx950)",256,81408,0,100,0,112,"OPUS_GFX950_SQ_WAIT_INST_ANY_SUM",781258.000000,3271249884784823,3271249884794103
56,56,"Agent 6",1,1368909,1368909,71680,1393,"void gemm_a8w8_mxfp8_scale_4wave_160x128_kernel<opus_gemm_mxscale_bpreshuffle_4wave_160x128_traits_gfx950>(opus_gemm_mxscale_bpreshuffle_kargs_gfx950)",256,81408,0,100,0,112,"OPUS_GFX950_SQ_ACTIVE_INST_ANY_SUM",1093325.000000,3271249884784823,3271249884794103
56,56,"Agent 6",1,1368909,1368909,71680,1393,"void gemm_a8w8_mxfp8_scale_4wave_160x128_kernel<opus_gemm_mxscale_bpreshuffle_4wave_160x128_traits_gfx950>(opus_gemm_mxscale_bpreshuffle_kargs_gfx950)",256,81408,0,100,0,112,"OPUS_GFX950_SQ_BUSY_CYCLES_SUM",491112.000000,3271249884784823,3271249884794103
56,56,"Agent 6",1,1368909,1368909,71680,1393,"void gemm_a8w8_mxfp8_scale_4wave_160x128_kernel<opus_gemm_mxscale_bpreshuffle_4wave_160x128_traits_gfx950>(opus_gemm_mxscale_bpreshuffle_kargs_gfx950)",256,81408,0,100,0,112,"OPUS_GFX950_SQ_VALU_MFMA_BUSY_CYCLES_SUM",2150400.000000,3271249884784823,3271249884794103
56,56,"Agent 6",1,1368909,1368909,71680,1393,"void gemm_a8w8_mxfp8_scale_4wave_160x128_kernel<opus_gemm_mxscale_bpreshuffle_4wave_160x128_traits_gfx950>(opus_gemm_mxscale_bpreshuffle_kargs_gfx950)",256,81408,0,100,0,112,"OPUS_GFX950_SQ_INSTS_VALU_MFMA_MOPS_F8_SUM",8601600.000000,3271249884784823,3271249884794103
56,56,"Agent 6",1,1368909,1368909,71680,1393,"void gemm_a8w8_mxfp8_scale_4wave_160x128_kernel<opus_gemm_mxscale_bpreshuffle_4wave_160x128_traits_gfx950>(opus_gemm_mxscale_bpreshuffle_kargs_gfx950)",256,81408,0,100,0,112,"OPUS_GFX950_TCC_EA0_RDREQ_DRAM_32B_SUM",165504.000000,3271249884784823,3271249884794103
56,56,"Agent 6",1,1368909,1368909,71680,1393,"void gemm_a8w8_mxfp8_scale_4wave_160x128_kernel<opus_gemm_mxscale_bpreshuffle_4wave_160x128_traits_gfx950>(opus_gemm_mxscale_bpreshuffle_kargs_gfx950)",256,81408,0,100,0,112,"OPUS_GFX950_TCC_EA0_WRREQ_WRITE_DRAM_32B_SUM",358400.000000,3271249884784823,3271249884794103
56,56,"Agent 6",1,1368909,1368909,71680,1393,"void gemm_a8w8_mxfp8_scale_4wave_160x128_kernel<opus_gemm_mxscale_bpreshuffle_4wave_160x128_traits_gfx950>(opus_gemm_mxscale_bpreshuffle_kargs_gfx950)",256,81408,0,100,0,112,"OPUS_GFX950_TCP_TCP_TA_ADDR_STALL_CYCLES_SUM",95931.000000,3271249884784823,3271249884794103
56,56,"Agent 6",1,1368909,1368909,71680,1393,"void gemm_a8w8_mxfp8_scale_4wave_160x128_kernel<opus_gemm_mxscale_bpreshuffle_4wave_160x128_traits_gfx950>(opus_gemm_mxscale_bpreshuffle_kargs_gfx950)",256,81408,0,100,0,112,"OPUS_GFX950_TCP_TCR_TCP_STALL_CYCLES_SUM",249248.000000,3271249884784823,3271249884794103
56,56,"Agent 6",1,1368909,1368909,71680,1393,"void gemm_a8w8_mxfp8_scale_4wave_160x128_kernel<opus_gemm_mxscale_bpreshuffle_4wave_160x128_traits_gfx950>(opus_gemm_mxscale_bpreshuffle_kargs_gfx950)",256,81408,0,100,0,112,"OPUS_GFX950_TCP_LFIFO_STALL_CYCLES_SUM",0.00000000e+00,3271249884784823,3271249884794103
56,56,"Agent 6",1,1368909,1368909,71680,1393,"void gemm_a8w8_mxfp8_scale_4wave_160x128_kernel<opus_gemm_mxscale_bpreshuffle_4wave_160x128_traits_gfx950>(opus_gemm_mxscale_bpreshuffle_kargs_gfx950)",256,81408,0,100,0,112,"OPUS_GFX950_TCP_GATE_EN1_SUM",4553072.000000,3271249884784823,3271249884794103
57,57,"Agent 6",1,1368909,1368909,71680,1393,"void gemm_a8w8_mxfp8_scale_4wave_160x128_kernel<opus_gemm_mxscale_bpreshuffle_4wave_160x128_traits_gfx950>(opus_gemm_mxscale_bpreshuffle_kargs_gfx950)",256,81408,0,100,0,112,"OPUS_GFX950_GRBM_COUNT_MAX",42394.000000,3271249884989784,3271249884999064
57,57,"Agent 6",1,1368909,1368909,71680,1393,"void gemm_a8w8_mxfp8_scale_4wave_160x128_kernel<opus_gemm_mxscale_bpreshuffle_4wave_160x128_traits_gfx950>(opus_gemm_mxscale_bpreshuffle_kargs_gfx950)",256,81408,0,100,0,112,"OPUS_GFX950_GRBM_GUI_ACTIVE_MAX",42394.000000,3271249884989784,3271249884999064
57,57,"Agent 6",1,1368909,1368909,71680,1393,"void gemm_a8w8_mxfp8_scale_4wave_160x128_kernel<opus_gemm_mxscale_bpreshuffle_4wave_160x128_traits_gfx950>(opus_gemm_mxscale_bpreshuffle_kargs_gfx950)",256,81408,0,100,0,112,"OPUS_GFX950_SQ_WAVE_CYCLES_SUM",3970068.000000,3271249884989784,3271249884999064
57,57,"Agent 6",1,1368909,1368909,71680,1393,"void gemm_a8w8_mxfp8_scale_4wave_160x128_kernel<opus_gemm_mxscale_bpreshuffle_4wave_160x128_traits_gfx950>(opus_gemm_mxscale_bpreshuffle_kargs_gfx950)",256,81408,0,100,0,112,"OPUS_GFX950_SQ_WAVES_SUM",1120.000000,3271249884989784,3271249884999064
57,57,"Agent 6",1,1368909,1368909,71680,1393,"void gemm_a8w8_mxfp8_scale_4wave_160x128_kernel<opus_gemm_mxscale_bpreshuffle_4wave_160x128_traits_gfx950>(opus_gemm_mxscale_bpreshuffle_kargs_gfx950)",256,81408,0,100,0,112,"OPUS_GFX950_SQ_WAIT_ANY_SUM",2077741.000000,3271249884989784,3271249884999064
57,57,"Agent 6",1,1368909,1368909,71680,1393,"void gemm_a8w8_mxfp8_scale_4wave_160x128_kernel<opus_gemm_mxscale_bpreshuffle_4wave_160x128_traits_gfx950>(opus_gemm_mxscale_bpreshuffle_kargs_gfx950)",256,81408,0,100,0,112,"OPUS_GFX950_SQ_WAIT_INST_ANY_SUM",798848.000000,3271249884989784,3271249884999064
57,57,"Agent 6",1,1368909,1368909,71680,1393,"void gemm_a8w8_mxfp8_scale_4wave_160x128_kernel<opus_gemm_mxscale_bpreshuffle_4wave_160x128_traits_gfx950>(opus_gemm_mxscale_bpreshuffle_kargs_gfx950)",256,81408,0,100,0,112,"OPUS_GFX950_SQ_ACTIVE_INST_ANY_SUM",1093479.000000,3271249884989784,3271249884999064
57,57,"Agent 6",1,1368909,1368909,71680,1393,"void gemm_a8w8_mxfp8_scale_4wave_160x128_kernel<opus_gemm_mxscale_bpreshuffle_4wave_160x128_traits_gfx950>(opus_gemm_mxscale_bpreshuffle_kargs_gfx950)",256,81408,0,100,0,112,"OPUS_GFX950_SQ_BUSY_CYCLES_SUM",491714.000000,3271249884989784,3271249884999064
57,57,"Agent 6",1,1368909,1368909,71680,1393,"void gemm_a8w8_mxfp8_scale_4wave_160x128_kernel<opus_gemm_mxscale_bpreshuffle_4wave_160x128_traits_gfx950>(opus_gemm_mxscale_bpreshuffle_kargs_gfx950)",256,81408,0,100,0,112,"OPUS_GFX950_SQ_VALU_MFMA_BUSY_CYCLES_SUM",2150400.000000,3271249884989784,3271249884999064
57,57,"Agent 6",1,1368909,1368909,71680,1393,"void gemm_a8w8_mxfp8_scale_4wave_160x128_kernel<opus_gemm_mxscale_bpreshuffle_4wave_160x128_traits_gfx950>(opus_gemm_mxscale_bpreshuffle_kargs_gfx950)",256,81408,0,100,0,112,"OPUS_GFX950_SQ_INSTS_VALU_MFMA_MOPS_F8_SUM",8601600.000000,3271249884989784,3271249884999064
57,57,"Agent 6",1,1368909,1368909,71680,1393,"void gemm_a8w8_mxfp8_scale_4wave_160x128_kernel<opus_gemm_mxscale_bpreshuffle_4wave_160x128_traits_gfx950>(opus_gemm_mxscale_bpreshuffle_kargs_gfx950)",256,81408,0,100,0,112,"OPUS_GFX950_TCC_EA0_RDREQ_DRAM_32B_SUM",165536.000000,3271249884989784,3271249884999064
57,57,"Agent 6",1,1368909,1368909,71680,1393,"void gemm_a8w8_mxfp8_scale_4wave_160x128_kernel<opus_gemm_mxscale_bpreshuffle_4wave_160x128_traits_gfx950>(opus_gemm_mxscale_bpreshuffle_kargs_gfx950)",256,81408,0,100,0,112,"OPUS_GFX950_TCC_EA0_WRREQ_WRITE_DRAM_32B_SUM",358400.000000,3271249884989784,3271249884999064
57,57,"Agent 6",1,1368909,1368909,71680,1393,"void gemm_a8w8_mxfp8_scale_4wave_160x128_kernel<opus_gemm_mxscale_bpreshuffle_4wave_160x128_traits_gfx950>(opus_gemm_mxscale_bpreshuffle_kargs_gfx950)",256,81408,0,100,0,112,"OPUS_GFX950_TCP_TCP_TA_ADDR_STALL_CYCLES_SUM",89495.000000,3271249884989784,3271249884999064
57,57,"Agent 6",1,1368909,1368909,71680,1393,"void gemm_a8w8_mxfp8_scale_4wave_160x128_kernel<opus_gemm_mxscale_bpreshuffle_4wave_160x128_traits_gfx950>(opus_gemm_mxscale_bpreshuffle_kargs_gfx950)",256,81408,0,100,0,112,"OPUS_GFX950_TCP_TCR_TCP_STALL_CYCLES_SUM",257155.000000,3271249884989784,3271249884999064
57,57,"Agent 6",1,1368909,1368909,71680,1393,"void gemm_a8w8_mxfp8_scale_4wave_160x128_kernel<opus_gemm_mxscale_bpreshuffle_4wave_160x128_traits_gfx950>(opus_gemm_mxscale_bpreshuffle_kargs_gfx950)",256,81408,0,100,0,112,"OPUS_GFX950_TCP_LFIFO_STALL_CYCLES_SUM",0.00000000e+00,3271249884989784,3271249884999064
57,57,"Agent 6",1,1368909,1368909,71680,1393,"void gemm_a8w8_mxfp8_scale_4wave_160x128_kernel<opus_gemm_mxscale_bpreshuffle_4wave_160x128_traits_gfx950>(opus_gemm_mxscale_bpreshuffle_kargs_gfx950)",256,81408,0,100,0,112,"OPUS_GFX950_TCP_GATE_EN1_SUM",4558288.000000,3271249884989784,3271249884999064
58,58,"Agent 6",1,1368909,1368909,71680,1393,"void gemm_a8w8_mxfp8_scale_4wave_160x128_kernel<opus_gemm_mxscale_bpreshuffle_4wave_160x128_traits_gfx950>(opus_gemm_mxscale_bpreshuffle_kargs_gfx950)",256,81408,0,100,0,112,"OPUS_GFX950_GRBM_COUNT_MAX",41261.000000,3271249885196946,3271249885206106
58,58,"Agent 6",1,1368909,1368909,71680,1393,"void gemm_a8w8_mxfp8_scale_4wave_160x128_kernel<opus_gemm_mxscale_bpreshuffle_4wave_160x128_traits_gfx950>(opus_gemm_mxscale_bpreshuffle_kargs_gfx950)",256,81408,0,100,0,112,"OPUS_GFX950_GRBM_GUI_ACTIVE_MAX",41261.000000,3271249885196946,3271249885206106
58,58,"Agent 6",1,1368909,1368909,71680,1393,"void gemm_a8w8_mxfp8_scale_4wave_160x128_kernel<opus_gemm_mxscale_bpreshuffle_4wave_160x128_traits_gfx950>(opus_gemm_mxscale_bpreshuffle_kargs_gfx950)",256,81408,0,100,0,112,"OPUS_GFX950_SQ_WAVE_CYCLES_SUM",3920942.000000,3271249885196946,3271249885206106
58,58,"Agent 6",1,1368909,1368909,71680,1393,"void gemm_a8w8_mxfp8_scale_4wave_160x128_kernel<opus_gemm_mxscale_bpreshuffle_4wave_160x128_traits_gfx950>(opus_gemm_mxscale_bpreshuffle_kargs_gfx950)",256,81408,0,100,0,112,"OPUS_GFX950_SQ_WAVES_SUM",1120.000000,3271249885196946,3271249885206106
58,58,"Agent 6",1,1368909,1368909,71680,1393,"void gemm_a8w8_mxfp8_scale_4wave_160x128_kernel<opus_gemm_mxscale_bpreshuffle_4wave_160x128_traits_gfx950>(opus_gemm_mxscale_bpreshuffle_kargs_gfx950)",256,81408,0,100,0,112,"OPUS_GFX950_SQ_WAIT_ANY_SUM",2057706.000000,3271249885196946,3271249885206106
58,58,"Agent 6",1,1368909,1368909,71680,1393,"void gemm_a8w8_mxfp8_scale_4wave_160x128_kernel<opus_gemm_mxscale_bpreshuffle_4wave_160x128_traits_gfx950>(opus_gemm_mxscale_bpreshuffle_kargs_gfx950)",256,81408,0,100,0,112,"OPUS_GFX950_SQ_WAIT_INST_ANY_SUM",769623.000000,3271249885196946,3271249885206106
58,58,"Agent 6",1,1368909,1368909,71680,1393,"void gemm_a8w8_mxfp8_scale_4wave_160x128_kernel<opus_gemm_mxscale_bpreshuffle_4wave_160x128_traits_gfx950>(opus_gemm_mxscale_bpreshuffle_kargs_gfx950)",256,81408,0,100,0,112,"OPUS_GFX950_SQ_ACTIVE_INST_ANY_SUM",1093613.000000,3271249885196946,3271249885206106
58,58,"Agent 6",1,1368909,1368909,71680,1393,"void gemm_a8w8_mxfp8_scale_4wave_160x128_kernel<opus_gemm_mxscale_bpreshuffle_4wave_160x128_traits_gfx950>(opus_gemm_mxscale_bpreshuffle_kargs_gfx950)",256,81408,0,100,0,112,"OPUS_GFX950_SQ_BUSY_CYCLES_SUM",483963.000000,3271249885196946,3271249885206106
58,58,"Agent 6",1,1368909,1368909,71680,1393,"void gemm_a8w8_mxfp8_scale_4wave_160x128_kernel<opus_gemm_mxscale_bpreshuffle_4wave_160x128_traits_gfx950>(opus_gemm_mxscale_bpreshuffle_kargs_gfx950)",256,81408,0,100,0,112,"OPUS_GFX950_SQ_VALU_MFMA_BUSY_CYCLES_SUM",2150400.000000,3271249885196946,3271249885206106
58,58,"Agent 6",1,1368909,1368909,71680,1393,"void gemm_a8w8_mxfp8_scale_4wave_160x128_kernel<opus_gemm_mxscale_bpreshuffle_4wave_160x128_traits_gfx950>(opus_gemm_mxscale_bpreshuffle_kargs_gfx950)",256,81408,0,100,0,112,"OPUS_GFX950_SQ_INSTS_VALU_MFMA_MOPS_F8_SUM",8601600.000000,3271249885196946,3271249885206106
58,58,"Agent 6",1,1368909,1368909,71680,1393,"void gemm_a8w8_mxfp8_scale_4wave_160x128_kernel<opus_gemm_mxscale_bpreshuffle_4wave_160x128_traits_gfx950>(opus_gemm_mxscale_bpreshuffle_kargs_gfx950)",256,81408,0,100,0,112,"OPUS_GFX950_TCC_EA0_RDREQ_DRAM_32B_SUM",165504.000000,3271249885196946,3271249885206106
58,58,"Agent 6",1,1368909,1368909,71680,1393,"void gemm_a8w8_mxfp8_scale_4wave_160x128_kernel<opus_gemm_mxscale_bpreshuffle_4wave_160x128_traits_gfx950>(opus_gemm_mxscale_bpreshuffle_kargs_gfx950)",256,81408,0,100,0,112,"OPUS_GFX950_TCC_EA0_WRREQ_WRITE_DRAM_32B_SUM",358400.000000,3271249885196946,3271249885206106
58,58,"Agent 6",1,1368909,1368909,71680,1393,"void gemm_a8w8_mxfp8_scale_4wave_160x128_kernel<opus_gemm_mxscale_bpreshuffle_4wave_160x128_traits_gfx950>(opus_gemm_mxscale_bpreshuffle_kargs_gfx950)",256,81408,0,100,0,112,"OPUS_GFX950_TCP_TCP_TA_ADDR_STALL_CYCLES_SUM",95960.000000,3271249885196946,3271249885206106
58,58,"Agent 6",1,1368909,1368909,71680,1393,"void gemm_a8w8_mxfp8_scale_4wave_160x128_kernel<opus_gemm_mxscale_bpreshuffle_4wave_160x128_traits_gfx950>(opus_gemm_mxscale_bpreshuffle_kargs_gfx950)",256,81408,0,100,0,112,"OPUS_GFX950_TCP_TCR_TCP_STALL_CYCLES_SUM",237728.000000,3271249885196946,3271249885206106
58,58,"Agent 6",1,1368909,1368909,71680,1393,"void gemm_a8w8_mxfp8_scale_4wave_160x128_kernel<opus_gemm_mxscale_bpreshuffle_4wave_160x128_traits_gfx950>(opus_gemm_mxscale_bpreshuffle_kargs_gfx950)",256,81408,0,100,0,112,"OPUS_GFX950_TCP_LFIFO_STALL_CYCLES_SUM",0.00000000e+00,3271249885196946,3271249885206106
58,58,"Agent 6",1,1368909,1368909,71680,1393,"void gemm_a8w8_mxfp8_scale_4wave_160x128_kernel<opus_gemm_mxscale_bpreshuffle_4wave_160x128_traits_gfx950>(opus_gemm_mxscale_bpreshuffle_kargs_gfx950)",256,81408,0,100,0,112,"OPUS_GFX950_TCP_GATE_EN1_SUM",4495944.000000,3271249885196946,3271249885206106
59,59,"Agent 6",1,1368909,1368909,71680,1393,"void gemm_a8w8_mxfp8_scale_4wave_160x128_kernel<opus_gemm_mxscale_bpreshuffle_4wave_160x128_traits_gfx950>(opus_gemm_mxscale_bpreshuffle_kargs_gfx950)",256,81408,0,100,0,112,"OPUS_GFX950_GRBM_COUNT_MAX",40256.000000,3271249885400147,3271249885409427
59,59,"Agent 6",1,1368909,1368909,71680,1393,"void gemm_a8w8_mxfp8_scale_4wave_160x128_kernel<opus_gemm_mxscale_bpreshuffle_4wave_160x128_traits_gfx950>(opus_gemm_mxscale_bpreshuffle_kargs_gfx950)",256,81408,0,100,0,112,"OPUS_GFX950_GRBM_GUI_ACTIVE_MAX",40256.000000,3271249885400147,3271249885409427
59,59,"Agent 6",1,1368909,1368909,71680,1393,"void gemm_a8w8_mxfp8_scale_4wave_160x128_kernel<opus_gemm_mxscale_bpreshuffle_4wave_160x128_traits_gfx950>(opus_gemm_mxscale_bpreshuffle_kargs_gfx950)",256,81408,0,100,0,112,"OPUS_GFX950_SQ_WAVE_CYCLES_SUM",3948597.000000,3271249885400147,3271249885409427
59,59,"Agent 6",1,1368909,1368909,71680,1393,"void gemm_a8w8_mxfp8_scale_4wave_160x128_kernel<opus_gemm_mxscale_bpreshuffle_4wave_160x128_traits_gfx950>(opus_gemm_mxscale_bpreshuffle_kargs_gfx950)",256,81408,0,100,0,112,"OPUS_GFX950_SQ_WAVES_SUM",1120.000000,3271249885400147,3271249885409427
59,59,"Agent 6",1,1368909,1368909,71680,1393,"void gemm_a8w8_mxfp8_scale_4wave_160x128_kernel<opus_gemm_mxscale_bpreshuffle_4wave_160x128_traits_gfx950>(opus_gemm_mxscale_bpreshuffle_kargs_gfx950)",256,81408,0,100,0,112,"OPUS_GFX950_SQ_WAIT_ANY_SUM",2054584.000000,3271249885400147,3271249885409427
59,59,"Agent 6",1,1368909,1368909,71680,1393,"void gemm_a8w8_mxfp8_scale_4wave_160x128_kernel<opus_gemm_mxscale_bpreshuffle_4wave_160x128_traits_gfx950>(opus_gemm_mxscale_bpreshuffle_kargs_gfx950)",256,81408,0,100,0,112,"OPUS_GFX950_SQ_WAIT_INST_ANY_SUM",800933.000000,3271249885400147,3271249885409427
59,59,"Agent 6",1,1368909,1368909,71680,1393,"void gemm_a8w8_mxfp8_scale_4wave_160x128_kernel<opus_gemm_mxscale_bpreshuffle_4wave_160x128_traits_gfx950>(opus_gemm_mxscale_bpreshuffle_kargs_gfx950)",256,81408,0,100,0,112,"OPUS_GFX950_SQ_ACTIVE_INST_ANY_SUM",1093080.000000,3271249885400147,3271249885409427
59,59,"Agent 6",1,1368909,1368909,71680,1393,"void gemm_a8w8_mxfp8_scale_4wave_160x128_kernel<opus_gemm_mxscale_bpreshuffle_4wave_160x128_traits_gfx950>(opus_gemm_mxscale_bpreshuffle_kargs_gfx950)",256,81408,0,100,0,112,"OPUS_GFX950_SQ_BUSY_CYCLES_SUM",485940.000000,3271249885400147,3271249885409427
59,59,"Agent 6",1,1368909,1368909,71680,1393,"void gemm_a8w8_mxfp8_scale_4wave_160x128_kernel<opus_gemm_mxscale_bpreshuffle_4wave_160x128_traits_gfx950>(opus_gemm_mxscale_bpreshuffle_kargs_gfx950)",256,81408,0,100,0,112,"OPUS_GFX950_SQ_VALU_MFMA_BUSY_CYCLES_SUM",2150400.000000,3271249885400147,3271249885409427
59,59,"Agent 6",1,1368909,1368909,71680,1393,"void gemm_a8w8_mxfp8_scale_4wave_160x128_kernel<opus_gemm_mxscale_bpreshuffle_4wave_160x128_traits_gfx950>(opus_gemm_mxscale_bpreshuffle_kargs_gfx950)",256,81408,0,100,0,112,"OPUS_GFX950_SQ_INSTS_VALU_MFMA_MOPS_F8_SUM",8601600.000000,3271249885400147,3271249885409427
59,59,"Agent 6",1,1368909,1368909,71680,1393,"void gemm_a8w8_mxfp8_scale_4wave_160x128_kernel<opus_gemm_mxscale_bpreshuffle_4wave_160x128_traits_gfx950>(opus_gemm_mxscale_bpreshuffle_kargs_gfx950)",256,81408,0,100,0,112,"OPUS_GFX950_TCC_EA0_RDREQ_DRAM_32B_SUM",165504.000000,3271249885400147,3271249885409427
59,59,"Agent 6",1,1368909,1368909,71680,1393,"void gemm_a8w8_mxfp8_scale_4wave_160x128_kernel<opus_gemm_mxscale_bpreshuffle_4wave_160x128_traits_gfx950>(opus_gemm_mxscale_bpreshuffle_kargs_gfx950)",256,81408,0,100,0,112,"OPUS_GFX950_TCC_EA0_WRREQ_WRITE_DRAM_32B_SUM",358400.000000,3271249885400147,3271249885409427
59,59,"Agent 6",1,1368909,1368909,71680,1393,"void gemm_a8w8_mxfp8_scale_4wave_160x128_kernel<opus_gemm_mxscale_bpreshuffle_4wave_160x128_traits_gfx950>(opus_gemm_mxscale_bpreshuffle_kargs_gfx950)",256,81408,0,100,0,112,"OPUS_GFX950_TCP_TCP_TA_ADDR_STALL_CYCLES_SUM",115565.000000,3271249885400147,3271249885409427
59,59,"Agent 6",1,1368909,1368909,71680,1393,"void gemm_a8w8_mxfp8_scale_4wave_160x128_kernel<opus_gemm_mxscale_bpreshuffle_4wave_160x128_traits_gfx950>(opus_gemm_mxscale_bpreshuffle_kargs_gfx950)",256,81408,0,100,0,112,"OPUS_GFX950_TCP_TCR_TCP_STALL_CYCLES_SUM",287696.000000,3271249885400147,3271249885409427
59,59,"Agent 6",1,1368909,1368909,71680,1393,"void gemm_a8w8_mxfp8_scale_4wave_160x128_kernel<opus_gemm_mxscale_bpreshuffle_4wave_160x128_traits_gfx950>(opus_gemm_mxscale_bpreshuffle_kargs_gfx950)",256,81408,0,100,0,112,"OPUS_GFX950_TCP_LFIFO_STALL_CYCLES_SUM",0.00000000e+00,3271249885400147,3271249885409427
59,59,"Agent 6",1,1368909,1368909,71680,1393,"void gemm_a8w8_mxfp8_scale_4wave_160x128_kernel<opus_gemm_mxscale_bpreshuffle_4wave_160x128_traits_gfx950>(opus_gemm_mxscale_bpreshuffle_kargs_gfx950)",256,81408,0,100,0,112,"OPUS_GFX950_TCP_GATE_EN1_SUM",4511840.000000,3271249885400147,3271249885409427
60,60,"Agent 6",1,1368909,1368909,71680,1393,"void gemm_a8w8_mxfp8_scale_4wave_160x128_kernel<opus_gemm_mxscale_bpreshuffle_4wave_160x128_traits_gfx950>(opus_gemm_mxscale_bpreshuffle_kargs_gfx950)",256,81408,0,100,0,112,"OPUS_GFX950_GRBM_COUNT_MAX",43493.000000,3271249885603709,3271249885612789
60,60,"Agent 6",1,1368909,1368909,71680,1393,"void gemm_a8w8_mxfp8_scale_4wave_160x128_kernel<opus_gemm_mxscale_bpreshuffle_4wave_160x128_traits_gfx950>(opus_gemm_mxscale_bpreshuffle_kargs_gfx950)",256,81408,0,100,0,112,"OPUS_GFX950_GRBM_GUI_ACTIVE_MAX",43493.000000,3271249885603709,3271249885612789
60,60,"Agent 6",1,1368909,1368909,71680,1393,"void gemm_a8w8_mxfp8_scale_4wave_160x128_kernel<opus_gemm_mxscale_bpreshuffle_4wave_160x128_traits_gfx950>(opus_gemm_mxscale_bpreshuffle_kargs_gfx950)",256,81408,0,100,0,112,"OPUS_GFX950_SQ_WAVE_CYCLES_SUM",3892679.000000,3271249885603709,3271249885612789
60,60,"Agent 6",1,1368909,1368909,71680,1393,"void gemm_a8w8_mxfp8_scale_4wave_160x128_kernel<opus_gemm_mxscale_bpreshuffle_4wave_160x128_traits_gfx950>(opus_gemm_mxscale_bpreshuffle_kargs_gfx950)",256,81408,0,100,0,112,"OPUS_GFX950_SQ_WAVES_SUM",1120.000000,3271249885603709,3271249885612789
60,60,"Agent 6",1,1368909,1368909,71680,1393,"void gemm_a8w8_mxfp8_scale_4wave_160x128_kernel<opus_gemm_mxscale_bpreshuffle_4wave_160x128_traits_gfx950>(opus_gemm_mxscale_bpreshuffle_kargs_gfx950)",256,81408,0,100,0,112,"OPUS_GFX950_SQ_WAIT_ANY_SUM",2027458.000000,3271249885603709,3271249885612789
60,60,"Agent 6",1,1368909,1368909,71680,1393,"void gemm_a8w8_mxfp8_scale_4wave_160x128_kernel<opus_gemm_mxscale_bpreshuffle_4wave_160x128_traits_gfx950>(opus_gemm_mxscale_bpreshuffle_kargs_gfx950)",256,81408,0,100,0,112,"OPUS_GFX950_SQ_WAIT_INST_ANY_SUM",771897.000000,3271249885603709,3271249885612789
60,60,"Agent 6",1,1368909,1368909,71680,1393,"void gemm_a8w8_mxfp8_scale_4wave_160x128_kernel<opus_gemm_mxscale_bpreshuffle_4wave_160x128_traits_gfx950>(opus_gemm_mxscale_bpreshuffle_kargs_gfx950)",256,81408,0,100,0,112,"OPUS_GFX950_SQ_ACTIVE_INST_ANY_SUM",1093324.000000,3271249885603709,3271249885612789
60,60,"Agent 6",1,1368909,1368909,71680,1393,"void gemm_a8w8_mxfp8_scale_4wave_160x128_kernel<opus_gemm_mxscale_bpreshuffle_4wave_160x128_traits_gfx950>(opus_gemm_mxscale_bpreshuffle_kargs_gfx950)",256,81408,0,100,0,112,"OPUS_GFX950_SQ_BUSY_CYCLES_SUM",479314.000000,3271249885603709,3271249885612789
60,60,"Agent 6",1,1368909,1368909,71680,1393,"void gemm_a8w8_mxfp8_scale_4wave_160x128_kernel<opus_gemm_mxscale_bpreshuffle_4wave_160x128_traits_gfx950>(opus_gemm_mxscale_bpreshuffle_kargs_gfx950)",256,81408,0,100,0,112,"OPUS_GFX950_SQ_VALU_MFMA_BUSY_CYCLES_SUM",2150400.000000,3271249885603709,3271249885612789
60,60,"Agent 6",1,1368909,1368909,71680,1393,"void gemm_a8w8_mxfp8_scale_4wave_160x128_kernel<opus_gemm_mxscale_bpreshuffle_4wave_160x128_traits_gfx950>(opus_gemm_mxscale_bpreshuffle_kargs_gfx950)",256,81408,0,100,0,112,"OPUS_GFX950_SQ_INSTS_VALU_MFMA_MOPS_F8_SUM",8601600.000000,3271249885603709,3271249885612789
60,60,"Agent 6",1,1368909,1368909,71680,1393,"void gemm_a8w8_mxfp8_scale_4wave_160x128_kernel<opus_gemm_mxscale_bpreshuffle_4wave_160x128_traits_gfx950>(opus_gemm_mxscale_bpreshuffle_kargs_gfx950)",256,81408,0,100,0,112,"OPUS_GFX950_TCC_EA0_RDREQ_DRAM_32B_SUM",165536.000000,3271249885603709,3271249885612789
60,60,"Agent 6",1,1368909,1368909,71680,1393,"void gemm_a8w8_mxfp8_scale_4wave_160x128_kernel<opus_gemm_mxscale_bpreshuffle_4wave_160x128_traits_gfx950>(opus_gemm_mxscale_bpreshuffle_kargs_gfx950)",256,81408,0,100,0,112,"OPUS_GFX950_TCC_EA0_WRREQ_WRITE_DRAM_32B_SUM",358400.000000,3271249885603709,3271249885612789
60,60,"Agent 6",1,1368909,1368909,71680,1393,"void gemm_a8w8_mxfp8_scale_4wave_160x128_kernel<opus_gemm_mxscale_bpreshuffle_4wave_160x128_traits_gfx950>(opus_gemm_mxscale_bpreshuffle_kargs_gfx950)",256,81408,0,100,0,112,"OPUS_GFX950_TCP_TCP_TA_ADDR_STALL_CYCLES_SUM",87169.000000,3271249885603709,3271249885612789
60,60,"Agent 6",1,1368909,1368909,71680,1393,"void gemm_a8w8_mxfp8_scale_4wave_160x128_kernel<opus_gemm_mxscale_bpreshuffle_4wave_160x128_traits_gfx950>(opus_gemm_mxscale_bpreshuffle_kargs_gfx950)",256,81408,0,100,0,112,"OPUS_GFX950_TCP_TCR_TCP_STALL_CYCLES_SUM",247997.000000,3271249885603709,3271249885612789
60,60,"Agent 6",1,1368909,1368909,71680,1393,"void gemm_a8w8_mxfp8_scale_4wave_160x128_kernel<opus_gemm_mxscale_bpreshuffle_4wave_160x128_traits_gfx950>(opus_gemm_mxscale_bpreshuffle_kargs_gfx950)",256,81408,0,100,0,112,"OPUS_GFX950_TCP_LFIFO_STALL_CYCLES_SUM",0.00000000e+00,3271249885603709,3271249885612789
60,60,"Agent 6",1,1368909,1368909,71680,1393,"void gemm_a8w8_mxfp8_scale_4wave_160x128_kernel<opus_gemm_mxscale_bpreshuffle_4wave_160x128_traits_gfx950>(opus_gemm_mxscale_bpreshuffle_kargs_gfx950)",256,81408,0,100,0,112,"OPUS_GFX950_TCP_GATE_EN1_SUM",4458720.000000,3271249885603709,3271249885612789
61,61,"Agent 6",1,1368909,1368909,71680,1393,"void gemm_a8w8_mxfp8_scale_4wave_160x128_kernel<opus_gemm_mxscale_bpreshuffle_4wave_160x128_traits_gfx950>(opus_gemm_mxscale_bpreshuffle_kargs_gfx950)",256,81408,0,100,0,112,"OPUS_GFX950_GRBM_COUNT_MAX",40546.000000,3271249885808990,3271249885818070
61,61,"Agent 6",1,1368909,1368909,71680,1393,"void gemm_a8w8_mxfp8_scale_4wave_160x128_kernel<opus_gemm_mxscale_bpreshuffle_4wave_160x128_traits_gfx950>(opus_gemm_mxscale_bpreshuffle_kargs_gfx950)",256,81408,0,100,0,112,"OPUS_GFX950_GRBM_GUI_ACTIVE_MAX",40546.000000,3271249885808990,3271249885818070
61,61,"Agent 6",1,1368909,1368909,71680,1393,"void gemm_a8w8_mxfp8_scale_4wave_160x128_kernel<opus_gemm_mxscale_bpreshuffle_4wave_160x128_traits_gfx950>(opus_gemm_mxscale_bpreshuffle_kargs_gfx950)",256,81408,0,100,0,112,"OPUS_GFX950_SQ_WAVE_CYCLES_SUM",3871550.000000,3271249885808990,3271249885818070
61,61,"Agent 6",1,1368909,1368909,71680,1393,"void gemm_a8w8_mxfp8_scale_4wave_160x128_kernel<opus_gemm_mxscale_bpreshuffle_4wave_160x128_traits_gfx950>(opus_gemm_mxscale_bpreshuffle_kargs_gfx950)",256,81408,0,100,0,112,"OPUS_GFX950_SQ_WAVES_SUM",1120.000000,3271249885808990,3271249885818070
61,61,"Agent 6",1,1368909,1368909,71680,1393,"void gemm_a8w8_mxfp8_scale_4wave_160x128_kernel<opus_gemm_mxscale_bpreshuffle_4wave_160x128_traits_gfx950>(opus_gemm_mxscale_bpreshuffle_kargs_gfx950)",256,81408,0,100,0,112,"OPUS_GFX950_SQ_WAIT_ANY_SUM",2023911.000000,3271249885808990,3271249885818070
61,61,"Agent 6",1,1368909,1368909,71680,1393,"void gemm_a8w8_mxfp8_scale_4wave_160x128_kernel<opus_gemm_mxscale_bpreshuffle_4wave_160x128_traits_gfx950>(opus_gemm_mxscale_bpreshuffle_kargs_gfx950)",256,81408,0,100,0,112,"OPUS_GFX950_SQ_WAIT_INST_ANY_SUM",754144.000000,3271249885808990,3271249885818070
61,61,"Agent 6",1,1368909,1368909,71680,1393,"void gemm_a8w8_mxfp8_scale_4wave_160x128_kernel<opus_gemm_mxscale_bpreshuffle_4wave_160x128_traits_gfx950>(opus_gemm_mxscale_bpreshuffle_kargs_gfx950)",256,81408,0,100,0,112,"OPUS_GFX950_SQ_ACTIVE_INST_ANY_SUM",1093495.000000,3271249885808990,3271249885818070
61,61,"Agent 6",1,1368909,1368909,71680,1393,"void gemm_a8w8_mxfp8_scale_4wave_160x128_kernel<opus_gemm_mxscale_bpreshuffle_4wave_160x128_traits_gfx950>(opus_gemm_mxscale_bpreshuffle_kargs_gfx950)",256,81408,0,100,0,112,"OPUS_GFX950_SQ_BUSY_CYCLES_SUM",476865.000000,3271249885808990,3271249885818070
61,61,"Agent 6",1,1368909,1368909,71680,1393,"void gemm_a8w8_mxfp8_scale_4wave_160x128_kernel<opus_gemm_mxscale_bpreshuffle_4wave_160x128_traits_gfx950>(opus_gemm_mxscale_bpreshuffle_kargs_gfx950)",256,81408,0,100,0,112,"OPUS_GFX950_SQ_VALU_MFMA_BUSY_CYCLES_SUM",2150400.000000,3271249885808990,3271249885818070
61,61,"Agent 6",1,1368909,1368909,71680,1393,"void gemm_a8w8_mxfp8_scale_4wave_160x128_kernel<opus_gemm_mxscale_bpreshuffle_4wave_160x128_traits_gfx950>(opus_gemm_mxscale_bpreshuffle_kargs_gfx950)",256,81408,0,100,0,112,"OPUS_GFX950_SQ_INSTS_VALU_MFMA_MOPS_F8_SUM",8601600.000000,3271249885808990,3271249885818070
61,61,"Agent 6",1,1368909,1368909,71680,1393,"void gemm_a8w8_mxfp8_scale_4wave_160x128_kernel<opus_gemm_mxscale_bpreshuffle_4wave_160x128_traits_gfx950>(opus_gemm_mxscale_bpreshuffle_kargs_gfx950)",256,81408,0,100,0,112,"OPUS_GFX950_TCC_EA0_RDREQ_DRAM_32B_SUM",165504.000000,3271249885808990,3271249885818070
61,61,"Agent 6",1,1368909,1368909,71680,1393,"void gemm_a8w8_mxfp8_scale_4wave_160x128_kernel<opus_gemm_mxscale_bpreshuffle_4wave_160x128_traits_gfx950>(opus_gemm_mxscale_bpreshuffle_kargs_gfx950)",256,81408,0,100,0,112,"OPUS_GFX950_TCC_EA0_WRREQ_WRITE_DRAM_32B_SUM",358400.000000,3271249885808990,3271249885818070
61,61,"Agent 6",1,1368909,1368909,71680,1393,"void gemm_a8w8_mxfp8_scale_4wave_160x128_kernel<opus_gemm_mxscale_bpreshuffle_4wave_160x128_traits_gfx950>(opus_gemm_mxscale_bpreshuffle_kargs_gfx950)",256,81408,0,100,0,112,"OPUS_GFX950_TCP_TCP_TA_ADDR_STALL_CYCLES_SUM",84628.000000,3271249885808990,3271249885818070
61,61,"Agent 6",1,1368909,1368909,71680,1393,"void gemm_a8w8_mxfp8_scale_4wave_160x128_kernel<opus_gemm_mxscale_bpreshuffle_4wave_160x128_traits_gfx950>(opus_gemm_mxscale_bpreshuffle_kargs_gfx950)",256,81408,0,100,0,112,"OPUS_GFX950_TCP_TCR_TCP_STALL_CYCLES_SUM",235858.000000,3271249885808990,3271249885818070
61,61,"Agent 6",1,1368909,1368909,71680,1393,"void gemm_a8w8_mxfp8_scale_4wave_160x128_kernel<opus_gemm_mxscale_bpreshuffle_4wave_160x128_traits_gfx950>(opus_gemm_mxscale_bpreshuffle_kargs_gfx950)",256,81408,0,100,0,112,"OPUS_GFX950_TCP_LFIFO_STALL_CYCLES_SUM",0.00000000e+00,3271249885808990,3271249885818070
61,61,"Agent 6",1,1368909,1368909,71680,1393,"void gemm_a8w8_mxfp8_scale_4wave_160x128_kernel<opus_gemm_mxscale_bpreshuffle_4wave_160x128_traits_gfx950>(opus_gemm_mxscale_bpreshuffle_kargs_gfx950)",256,81408,0,100,0,112,"OPUS_GFX950_TCP_GATE_EN1_SUM",4439184.000000,3271249885808990,3271249885818070
62,62,"Agent 6",1,1368909,1368909,71680,1393,"void gemm_a8w8_mxfp8_scale_4wave_160x128_kernel<opus_gemm_mxscale_bpreshuffle_4wave_160x128_traits_gfx950>(opus_gemm_mxscale_bpreshuffle_kargs_gfx950)",256,81408,0,100,0,112,"OPUS_GFX950_GRBM_COUNT_MAX",42751.000000,3271249886012352,3271249886021432
62,62,"Agent 6",1,1368909,1368909,71680,1393,"void gemm_a8w8_mxfp8_scale_4wave_160x128_kernel<opus_gemm_mxscale_bpreshuffle_4wave_160x128_traits_gfx950>(opus_gemm_mxscale_bpreshuffle_kargs_gfx950)",256,81408,0,100,0,112,"OPUS_GFX950_GRBM_GUI_ACTIVE_MAX",42751.000000,3271249886012352,3271249886021432
62,62,"Agent 6",1,1368909,1368909,71680,1393,"void gemm_a8w8_mxfp8_scale_4wave_160x128_kernel<opus_gemm_mxscale_bpreshuffle_4wave_160x128_traits_gfx950>(opus_gemm_mxscale_bpreshuffle_kargs_gfx950)",256,81408,0,100,0,112,"OPUS_GFX950_SQ_WAVE_CYCLES_SUM",3880519.000000,3271249886012352,3271249886021432
62,62,"Agent 6",1,1368909,1368909,71680,1393,"void gemm_a8w8_mxfp8_scale_4wave_160x128_kernel<opus_gemm_mxscale_bpreshuffle_4wave_160x128_traits_gfx950>(opus_gemm_mxscale_bpreshuffle_kargs_gfx950)",256,81408,0,100,0,112,"OPUS_GFX950_SQ_WAVES_SUM",1120.000000,3271249886012352,3271249886021432
62,62,"Agent 6",1,1368909,1368909,71680,1393,"void gemm_a8w8_mxfp8_scale_4wave_160x128_kernel<opus_gemm_mxscale_bpreshuffle_4wave_160x128_traits_gfx950>(opus_gemm_mxscale_bpreshuffle_kargs_gfx950)",256,81408,0,100,0,112,"OPUS_GFX950_SQ_WAIT_ANY_SUM",2027141.000000,3271249886012352,3271249886021432
62,62,"Agent 6",1,1368909,1368909,71680,1393,"void gemm_a8w8_mxfp8_scale_4wave_160x128_kernel<opus_gemm_mxscale_bpreshuffle_4wave_160x128_traits_gfx950>(opus_gemm_mxscale_bpreshuffle_kargs_gfx950)",256,81408,0,100,0,112,"OPUS_GFX950_SQ_WAIT_INST_ANY_SUM",760029.000000,3271249886012352,3271249886021432
62,62,"Agent 6",1,1368909,1368909,71680,1393,"void gemm_a8w8_mxfp8_scale_4wave_160x128_kernel<opus_gemm_mxscale_bpreshuffle_4wave_160x128_traits_gfx950>(opus_gemm_mxscale_bpreshuffle_kargs_gfx950)",256,81408,0,100,0,112,"OPUS_GFX950_SQ_ACTIVE_INST_ANY_SUM",1093349.000000,3271249886012352,3271249886021432
62,62,"Agent 6",1,1368909,1368909,71680,1393,"void gemm_a8w8_mxfp8_scale_4wave_160x128_kernel<opus_gemm_mxscale_bpreshuffle_4wave_160x128_traits_gfx950>(opus_gemm_mxscale_bpreshuffle_kargs_gfx950)",256,81408,0,100,0,112,"OPUS_GFX950_SQ_BUSY_CYCLES_SUM",476034.000000,3271249886012352,3271249886021432
62,62,"Agent 6",1,1368909,1368909,71680,1393,"void gemm_a8w8_mxfp8_scale_4wave_160x128_kernel<opus_gemm_mxscale_bpreshuffle_4wave_160x128_traits_gfx950>(opus_gemm_mxscale_bpreshuffle_kargs_gfx950)",256,81408,0,100,0,112,"OPUS_GFX950_SQ_VALU_MFMA_BUSY_CYCLES_SUM",2150400.000000,3271249886012352,3271249886021432
62,62,"Agent 6",1,1368909,1368909,71680,1393,"void gemm_a8w8_mxfp8_scale_4wave_160x128_kernel<opus_gemm_mxscale_bpreshuffle_4wave_160x128_traits_gfx950>(opus_gemm_mxscale_bpreshuffle_kargs_gfx950)",256,81408,0,100,0,112,"OPUS_GFX950_SQ_INSTS_VALU_MFMA_MOPS_F8_SUM",8601600.000000,3271249886012352,3271249886021432
62,62,"Agent 6",1,1368909,1368909,71680,1393,"void gemm_a8w8_mxfp8_scale_4wave_160x128_kernel<opus_gemm_mxscale_bpreshuffle_4wave_160x128_traits_gfx950>(opus_gemm_mxscale_bpreshuffle_kargs_gfx950)",256,81408,0,100,0,112,"OPUS_GFX950_TCC_EA0_RDREQ_DRAM_32B_SUM",165504.000000,3271249886012352,3271249886021432
62,62,"Agent 6",1,1368909,1368909,71680,1393,"void gemm_a8w8_mxfp8_scale_4wave_160x128_kernel<opus_gemm_mxscale_bpreshuffle_4wave_160x128_traits_gfx950>(opus_gemm_mxscale_bpreshuffle_kargs_gfx950)",256,81408,0,100,0,112,"OPUS_GFX950_TCC_EA0_WRREQ_WRITE_DRAM_32B_SUM",358400.000000,3271249886012352,3271249886021432
62,62,"Agent 6",1,1368909,1368909,71680,1393,"void gemm_a8w8_mxfp8_scale_4wave_160x128_kernel<opus_gemm_mxscale_bpreshuffle_4wave_160x128_traits_gfx950>(opus_gemm_mxscale_bpreshuffle_kargs_gfx950)",256,81408,0,100,0,112,"OPUS_GFX950_TCP_TCP_TA_ADDR_STALL_CYCLES_SUM",86873.000000,3271249886012352,3271249886021432
62,62,"Agent 6",1,1368909,1368909,71680,1393,"void gemm_a8w8_mxfp8_scale_4wave_160x128_kernel<opus_gemm_mxscale_bpreshuffle_4wave_160x128_traits_gfx950>(opus_gemm_mxscale_bpreshuffle_kargs_gfx950)",256,81408,0,100,0,112,"OPUS_GFX950_TCP_TCR_TCP_STALL_CYCLES_SUM",245231.000000,3271249886012352,3271249886021432
62,62,"Agent 6",1,1368909,1368909,71680,1393,"void gemm_a8w8_mxfp8_scale_4wave_160x128_kernel<opus_gemm_mxscale_bpreshuffle_4wave_160x128_traits_gfx950>(opus_gemm_mxscale_bpreshuffle_kargs_gfx950)",256,81408,0,100,0,112,"OPUS_GFX950_TCP_LFIFO_STALL_CYCLES_SUM",0.00000000e+00,3271249886012352,3271249886021432
62,62,"Agent 6",1,1368909,1368909,71680,1393,"void gemm_a8w8_mxfp8_scale_4wave_160x128_kernel<opus_gemm_mxscale_bpreshuffle_4wave_160x128_traits_gfx950>(opus_gemm_mxscale_bpreshuffle_kargs_gfx950)",256,81408,0,100,0,112,"OPUS_GFX950_TCP_GATE_EN1_SUM",4432616.000000,3271249886012352,3271249886021432
63,63,"Agent 6",1,1368909,1368909,71680,1393,"void gemm_a8w8_mxfp8_scale_4wave_160x128_kernel<opus_gemm_mxscale_bpreshuffle_4wave_160x128_traits_gfx950>(opus_gemm_mxscale_bpreshuffle_kargs_gfx950)",256,81408,0,100,0,112,"OPUS_GFX950_GRBM_COUNT_MAX",38266.000000,3271249886217113,3271249886226153
63,63,"Agent 6",1,1368909,1368909,71680,1393,"void gemm_a8w8_mxfp8_scale_4wave_160x128_kernel<opus_gemm_mxscale_bpreshuffle_4wave_160x128_traits_gfx950>(opus_gemm_mxscale_bpreshuffle_kargs_gfx950)",256,81408,0,100,0,112,"OPUS_GFX950_GRBM_GUI_ACTIVE_MAX",38266.000000,3271249886217113,3271249886226153
63,63,"Agent 6",1,1368909,1368909,71680,1393,"void gemm_a8w8_mxfp8_scale_4wave_160x128_kernel<opus_gemm_mxscale_bpreshuffle_4wave_160x128_traits_gfx950>(opus_gemm_mxscale_bpreshuffle_kargs_gfx950)",256,81408,0,100,0,112,"OPUS_GFX950_SQ_WAVE_CYCLES_SUM",3856151.000000,3271249886217113,3271249886226153
63,63,"Agent 6",1,1368909,1368909,71680,1393,"void gemm_a8w8_mxfp8_scale_4wave_160x128_kernel<opus_gemm_mxscale_bpreshuffle_4wave_160x128_traits_gfx950>(opus_gemm_mxscale_bpreshuffle_kargs_gfx950)",256,81408,0,100,0,112,"OPUS_GFX950_SQ_WAVES_SUM",1120.000000,3271249886217113,3271249886226153
63,63,"Agent 6",1,1368909,1368909,71680,1393,"void gemm_a8w8_mxfp8_scale_4wave_160x128_kernel<opus_gemm_mxscale_bpreshuffle_4wave_160x128_traits_gfx950>(opus_gemm_mxscale_bpreshuffle_kargs_gfx950)",256,81408,0,100,0,112,"OPUS_GFX950_SQ_WAIT_ANY_SUM",1996097.000000,3271249886217113,3271249886226153
63,63,"Agent 6",1,1368909,1368909,71680,1393,"void gemm_a8w8_mxfp8_scale_4wave_160x128_kernel<opus_gemm_mxscale_bpreshuffle_4wave_160x128_traits_gfx950>(opus_gemm_mxscale_bpreshuffle_kargs_gfx950)",256,81408,0,100,0,112,"OPUS_GFX950_SQ_WAIT_INST_ANY_SUM",766454.000000,3271249886217113,3271249886226153
63,63,"Agent 6",1,1368909,1368909,71680,1393,"void gemm_a8w8_mxfp8_scale_4wave_160x128_kernel<opus_gemm_mxscale_bpreshuffle_4wave_160x128_traits_gfx950>(opus_gemm_mxscale_bpreshuffle_kargs_gfx950)",256,81408,0,100,0,112,"OPUS_GFX950_SQ_ACTIVE_INST_ANY_SUM",1093600.000000,3271249886217113,3271249886226153
63,63,"Agent 6",1,1368909,1368909,71680,1393,"void gemm_a8w8_mxfp8_scale_4wave_160x128_kernel<opus_gemm_mxscale_bpreshuffle_4wave_160x128_traits_gfx950>(opus_gemm_mxscale_bpreshuffle_kargs_gfx950)",256,81408,0,100,0,112,"OPUS_GFX950_SQ_BUSY_CYCLES_SUM",475656.000000,3271249886217113,3271249886226153
63,63,"Agent 6",1,1368909,1368909,71680,1393,"void gemm_a8w8_mxfp8_scale_4wave_160x128_kernel<opus_gemm_mxscale_bpreshuffle_4wave_160x128_traits_gfx950>(opus_gemm_mxscale_bpreshuffle_kargs_gfx950)",256,81408,0,100,0,112,"OPUS_GFX950_SQ_VALU_MFMA_BUSY_CYCLES_SUM",2150400.000000,3271249886217113,3271249886226153
63,63,"Agent 6",1,1368909,1368909,71680,1393,"void gemm_a8w8_mxfp8_scale_4wave_160x128_kernel<opus_gemm_mxscale_bpreshuffle_4wave_160x128_traits_gfx950>(opus_gemm_mxscale_bpreshuffle_kargs_gfx950)",256,81408,0,100,0,112,"OPUS_GFX950_SQ_INSTS_VALU_MFMA_MOPS_F8_SUM",8601600.000000,3271249886217113,3271249886226153
63,63,"Agent 6",1,1368909,1368909,71680,1393,"void gemm_a8w8_mxfp8_scale_4wave_160x128_kernel<opus_gemm_mxscale_bpreshuffle_4wave_160x128_traits_gfx950>(opus_gemm_mxscale_bpreshuffle_kargs_gfx950)",256,81408,0,100,0,112,"OPUS_GFX950_TCC_EA0_RDREQ_DRAM_32B_SUM",165536.000000,3271249886217113,3271249886226153
63,63,"Agent 6",1,1368909,1368909,71680,1393,"void gemm_a8w8_mxfp8_scale_4wave_160x128_kernel<opus_gemm_mxscale_bpreshuffle_4wave_160x128_traits_gfx950>(opus_gemm_mxscale_bpreshuffle_kargs_gfx950)",256,81408,0,100,0,112,"OPUS_GFX950_TCC_EA0_WRREQ_WRITE_DRAM_32B_SUM",358400.000000,3271249886217113,3271249886226153
63,63,"Agent 6",1,1368909,1368909,71680,1393,"void gemm_a8w8_mxfp8_scale_4wave_160x128_kernel<opus_gemm_mxscale_bpreshuffle_4wave_160x128_traits_gfx950>(opus_gemm_mxscale_bpreshuffle_kargs_gfx950)",256,81408,0,100,0,112,"OPUS_GFX950_TCP_TCP_TA_ADDR_STALL_CYCLES_SUM",94142.000000,3271249886217113,3271249886226153
63,63,"Agent 6",1,1368909,1368909,71680,1393,"void gemm_a8w8_mxfp8_scale_4wave_160x128_kernel<opus_gemm_mxscale_bpreshuffle_4wave_160x128_traits_gfx950>(opus_gemm_mxscale_bpreshuffle_kargs_gfx950)",256,81408,0,100,0,112,"OPUS_GFX950_TCP_TCR_TCP_STALL_CYCLES_SUM",244391.000000,3271249886217113,3271249886226153
63,63,"Agent 6",1,1368909,1368909,71680,1393,"void gemm_a8w8_mxfp8_scale_4wave_160x128_kernel<opus_gemm_mxscale_bpreshuffle_4wave_160x128_traits_gfx950>(opus_gemm_mxscale_bpreshuffle_kargs_gfx950)",256,81408,0,100,0,112,"OPUS_GFX950_TCP_LFIFO_STALL_CYCLES_SUM",0.00000000e+00,3271249886217113,3271249886226153
63,63,"Agent 6",1,1368909,1368909,71680,1393,"void gemm_a8w8_mxfp8_scale_4wave_160x128_kernel<opus_gemm_mxscale_bpreshuffle_4wave_160x128_traits_gfx950>(opus_gemm_mxscale_bpreshuffle_kargs_gfx950)",256,81408,0,100,0,112,"OPUS_GFX950_TCP_GATE_EN1_SUM",4429672.000000,3271249886217113,3271249886226153
64,64,"Agent 6",1,1368909,1368909,71680,1393,"void gemm_a8w8_mxfp8_scale_4wave_160x128_kernel<opus_gemm_mxscale_bpreshuffle_4wave_160x128_traits_gfx950>(opus_gemm_mxscale_bpreshuffle_kargs_gfx950)",256,81408,0,100,0,112,"OPUS_GFX950_GRBM_COUNT_MAX",35276.000000,3271249886420435,3271249886429475
64,64,"Agent 6",1,1368909,1368909,71680,1393,"void gemm_a8w8_mxfp8_scale_4wave_160x128_kernel<opus_gemm_mxscale_bpreshuffle_4wave_160x128_traits_gfx950>(opus_gemm_mxscale_bpreshuffle_kargs_gfx950)",256,81408,0,100,0,112,"OPUS_GFX950_GRBM_GUI_ACTIVE_MAX",35276.000000,3271249886420435,3271249886429475
64,64,"Agent 6",1,1368909,1368909,71680,1393,"void gemm_a8w8_mxfp8_scale_4wave_160x128_kernel<opus_gemm_mxscale_bpreshuffle_4wave_160x128_traits_gfx950>(opus_gemm_mxscale_bpreshuffle_kargs_gfx950)",256,81408,0,100,0,112,"OPUS_GFX950_SQ_WAVE_CYCLES_SUM",3883066.000000,3271249886420435,3271249886429475
64,64,"Agent 6",1,1368909,1368909,71680,1393,"void gemm_a8w8_mxfp8_scale_4wave_160x128_kernel<opus_gemm_mxscale_bpreshuffle_4wave_160x128_traits_gfx950>(opus_gemm_mxscale_bpreshuffle_kargs_gfx950)",256,81408,0,100,0,112,"OPUS_GFX950_SQ_WAVES_SUM",1120.000000,3271249886420435,3271249886429475
64,64,"Agent 6",1,1368909,1368909,71680,1393,"void gemm_a8w8_mxfp8_scale_4wave_160x128_kernel<opus_gemm_mxscale_bpreshuffle_4wave_160x128_traits_gfx950>(opus_gemm_mxscale_bpreshuffle_kargs_gfx950)",256,81408,0,100,0,112,"OPUS_GFX950_SQ_WAIT_ANY_SUM",2002009.000000,3271249886420435,3271249886429475
64,64,"Agent 6",1,1368909,1368909,71680,1393,"void gemm_a8w8_mxfp8_scale_4wave_160x128_kernel<opus_gemm_mxscale_bpreshuffle_4wave_160x128_traits_gfx950>(opus_gemm_mxscale_bpreshuffle_kargs_gfx950)",256,81408,0,100,0,112,"OPUS_GFX950_SQ_WAIT_INST_ANY_SUM",787464.000000,3271249886420435,3271249886429475
64,64,"Agent 6",1,1368909,1368909,71680,1393,"void gemm_a8w8_mxfp8_scale_4wave_160x128_kernel<opus_gemm_mxscale_bpreshuffle_4wave_160x128_traits_gfx950>(opus_gemm_mxscale_bpreshuffle_kargs_gfx950)",256,81408,0,100,0,112,"OPUS_GFX950_SQ_ACTIVE_INST_ANY_SUM",1093593.000000,3271249886420435,3271249886429475
64,64,"Agent 6",1,1368909,1368909,71680,1393,"void gemm_a8w8_mxfp8_scale_4wave_160x128_kernel<opus_gemm_mxscale_bpreshuffle_4wave_160x128_traits_gfx950>(opus_gemm_mxscale_bpreshuffle_kargs_gfx950)",256,81408,0,100,0,112,"OPUS_GFX950_SQ_BUSY_CYCLES_SUM",479702.000000,3271249886420435,3271249886429475
64,64,"Agent 6",1,1368909,1368909,71680,1393,"void gemm_a8w8_mxfp8_scale_4wave_160x128_kernel<opus_gemm_mxscale_bpreshuffle_4wave_160x128_traits_gfx950>(opus_gemm_mxscale_bpreshuffle_kargs_gfx950)",256,81408,0,100,0,112,"OPUS_GFX950_SQ_VALU_MFMA_BUSY_CYCLES_SUM",2150400.000000,3271249886420435,3271249886429475
64,64,"Agent 6",1,1368909,1368909,71680,1393,"void gemm_a8w8_mxfp8_scale_4wave_160x128_kernel<opus_gemm_mxscale_bpreshuffle_4wave_160x128_traits_gfx950>(opus_gemm_mxscale_bpreshuffle_kargs_gfx950)",256,81408,0,100,0,112,"OPUS_GFX950_SQ_INSTS_VALU_MFMA_MOPS_F8_SUM",8601600.000000,3271249886420435,3271249886429475
64,64,"Agent 6",1,1368909,1368909,71680,1393,"void gemm_a8w8_mxfp8_scale_4wave_160x128_kernel<opus_gemm_mxscale_bpreshuffle_4wave_160x128_traits_gfx950>(opus_gemm_mxscale_bpreshuffle_kargs_gfx950)",256,81408,0,100,0,112,"OPUS_GFX950_TCC_EA0_RDREQ_DRAM_32B_SUM",165504.000000,3271249886420435,3271249886429475
64,64,"Agent 6",1,1368909,1368909,71680,1393,"void gemm_a8w8_mxfp8_scale_4wave_160x128_kernel<opus_gemm_mxscale_bpreshuffle_4wave_160x128_traits_gfx950>(opus_gemm_mxscale_bpreshuffle_kargs_gfx950)",256,81408,0,100,0,112,"OPUS_GFX950_TCC_EA0_WRREQ_WRITE_DRAM_32B_SUM",358400.000000,3271249886420435,3271249886429475
64,64,"Agent 6",1,1368909,1368909,71680,1393,"void gemm_a8w8_mxfp8_scale_4wave_160x128_kernel<opus_gemm_mxscale_bpreshuffle_4wave_160x128_traits_gfx950>(opus_gemm_mxscale_bpreshuffle_kargs_gfx950)",256,81408,0,100,0,112,"OPUS_GFX950_TCP_TCP_TA_ADDR_STALL_CYCLES_SUM",101943.000000,3271249886420435,3271249886429475
64,64,"Agent 6",1,1368909,1368909,71680,1393,"void gemm_a8w8_mxfp8_scale_4wave_160x128_kernel<opus_gemm_mxscale_bpreshuffle_4wave_160x128_traits_gfx950>(opus_gemm_mxscale_bpreshuffle_kargs_gfx950)",256,81408,0,100,0,112,"OPUS_GFX950_TCP_TCR_TCP_STALL_CYCLES_SUM",285659.000000,3271249886420435,3271249886429475
64,64,"Agent 6",1,1368909,1368909,71680,1393,"void gemm_a8w8_mxfp8_scale_4wave_160x128_kernel<opus_gemm_mxscale_bpreshuffle_4wave_160x128_traits_gfx950>(opus_gemm_mxscale_bpreshuffle_kargs_gfx950)",256,81408,0,100,0,112,"OPUS_GFX950_TCP_LFIFO_STALL_CYCLES_SUM",0.00000000e+00,3271249886420435,3271249886429475
64,64,"Agent 6",1,1368909,1368909,71680,1393,"void gemm_a8w8_mxfp8_scale_4wave_160x128_kernel<opus_gemm_mxscale_bpreshuffle_4wave_160x128_traits_gfx950>(opus_gemm_mxscale_bpreshuffle_kargs_gfx950)",256,81408,0,100,0,112,"OPUS_GFX950_TCP_GATE_EN1_SUM",4461992.000000,3271249886420435,3271249886429475
65,65,"Agent 6",1,1368909,1368909,71680,1393,"void gemm_a8w8_mxfp8_scale_4wave_160x128_kernel<opus_gemm_mxscale_bpreshuffle_4wave_160x128_traits_gfx950>(opus_gemm_mxscale_bpreshuffle_kargs_gfx950)",256,81408,0,100,0,112,"OPUS_GFX950_GRBM_COUNT_MAX",37344.000000,3271249886623076,3271249886632276
65,65,"Agent 6",1,1368909,1368909,71680,1393,"void gemm_a8w8_mxfp8_scale_4wave_160x128_kernel<opus_gemm_mxscale_bpreshuffle_4wave_160x128_traits_gfx950>(opus_gemm_mxscale_bpreshuffle_kargs_gfx950)",256,81408,0,100,0,112,"OPUS_GFX950_GRBM_GUI_ACTIVE_MAX",37344.000000,3271249886623076,3271249886632276
65,65,"Agent 6",1,1368909,1368909,71680,1393,"void gemm_a8w8_mxfp8_scale_4wave_160x128_kernel<opus_gemm_mxscale_bpreshuffle_4wave_160x128_traits_gfx950>(opus_gemm_mxscale_bpreshuffle_kargs_gfx950)",256,81408,0,100,0,112,"OPUS_GFX950_SQ_WAVE_CYCLES_SUM",3979516.000000,3271249886623076,3271249886632276
65,65,"Agent 6",1,1368909,1368909,71680,1393,"void gemm_a8w8_mxfp8_scale_4wave_160x128_kernel<opus_gemm_mxscale_bpreshuffle_4wave_160x128_traits_gfx950>(opus_gemm_mxscale_bpreshuffle_kargs_gfx950)",256,81408,0,100,0,112,"OPUS_GFX950_SQ_WAVES_SUM",1120.000000,3271249886623076,3271249886632276
65,65,"Agent 6",1,1368909,1368909,71680,1393,"void gemm_a8w8_mxfp8_scale_4wave_160x128_kernel<opus_gemm_mxscale_bpreshuffle_4wave_160x128_traits_gfx950>(opus_gemm_mxscale_bpreshuffle_kargs_gfx950)",256,81408,0,100,0,112,"OPUS_GFX950_SQ_WAIT_ANY_SUM",2066826.000000,3271249886623076,3271249886632276
65,65,"Agent 6",1,1368909,1368909,71680,1393,"void gemm_a8w8_mxfp8_scale_4wave_160x128_kernel<opus_gemm_mxscale_bpreshuffle_4wave_160x128_traits_gfx950>(opus_gemm_mxscale_bpreshuffle_kargs_gfx950)",256,81408,0,100,0,112,"OPUS_GFX950_SQ_WAIT_INST_ANY_SUM",819312.000000,3271249886623076,3271249886632276
65,65,"Agent 6",1,1368909,1368909,71680,1393,"void gemm_a8w8_mxfp8_scale_4wave_160x128_kernel<opus_gemm_mxscale_bpreshuffle_4wave_160x128_traits_gfx950>(opus_gemm_mxscale_bpreshuffle_kargs_gfx950)",256,81408,0,100,0,112,"OPUS_GFX950_SQ_ACTIVE_INST_ANY_SUM",1093378.000000,3271249886623076,3271249886632276
65,65,"Agent 6",1,1368909,1368909,71680,1393,"void gemm_a8w8_mxfp8_scale_4wave_160x128_kernel<opus_gemm_mxscale_bpreshuffle_4wave_160x128_traits_gfx950>(opus_gemm_mxscale_bpreshuffle_kargs_gfx950)",256,81408,0,100,0,112,"OPUS_GFX950_SQ_BUSY_CYCLES_SUM",492096.000000,3271249886623076,3271249886632276
65,65,"Agent 6",1,1368909,1368909,71680,1393,"void gemm_a8w8_mxfp8_scale_4wave_160x128_kernel<opus_gemm_mxscale_bpreshuffle_4wave_160x128_traits_gfx950>(opus_gemm_mxscale_bpreshuffle_kargs_gfx950)",256,81408,0,100,0,112,"OPUS_GFX950_SQ_VALU_MFMA_BUSY_CYCLES_SUM",2150400.000000,3271249886623076,3271249886632276
65,65,"Agent 6",1,1368909,1368909,71680,1393,"void gemm_a8w8_mxfp8_scale_4wave_160x128_kernel<opus_gemm_mxscale_bpreshuffle_4wave_160x128_traits_gfx950>(opus_gemm_mxscale_bpreshuffle_kargs_gfx950)",256,81408,0,100,0,112,"OPUS_GFX950_SQ_INSTS_VALU_MFMA_MOPS_F8_SUM",8601600.000000,3271249886623076,3271249886632276
65,65,"Agent 6",1,1368909,1368909,71680,1393,"void gemm_a8w8_mxfp8_scale_4wave_160x128_kernel<opus_gemm_mxscale_bpreshuffle_4wave_160x128_traits_gfx950>(opus_gemm_mxscale_bpreshuffle_kargs_gfx950)",256,81408,0,100,0,112,"OPUS_GFX950_TCC_EA0_RDREQ_DRAM_32B_SUM",165504.000000,3271249886623076,3271249886632276
65,65,"Agent 6",1,1368909,1368909,71680,1393,"void gemm_a8w8_mxfp8_scale_4wave_160x128_kernel<opus_gemm_mxscale_bpreshuffle_4wave_160x128_traits_gfx950>(opus_gemm_mxscale_bpreshuffle_kargs_gfx950)",256,81408,0,100,0,112,"OPUS_GFX950_TCC_EA0_WRREQ_WRITE_DRAM_32B_SUM",358400.000000,3271249886623076,3271249886632276
65,65,"Agent 6",1,1368909,1368909,71680,1393,"void gemm_a8w8_mxfp8_scale_4wave_160x128_kernel<opus_gemm_mxscale_bpreshuffle_4wave_160x128_traits_gfx950>(opus_gemm_mxscale_bpreshuffle_kargs_gfx950)",256,81408,0,100,0,112,"OPUS_GFX950_TCP_TCP_TA_ADDR_STALL_CYCLES_SUM",123832.000000,3271249886623076,3271249886632276
65,65,"Agent 6",1,1368909,1368909,71680,1393,"void gemm_a8w8_mxfp8_scale_4wave_160x128_kernel<opus_gemm_mxscale_bpreshuffle_4wave_160x128_traits_gfx950>(opus_gemm_mxscale_bpreshuffle_kargs_gfx950)",256,81408,0,100,0,112,"OPUS_GFX950_TCP_TCR_TCP_STALL_CYCLES_SUM",277754.000000,3271249886623076,3271249886632276
65,65,"Agent 6",1,1368909,1368909,71680,1393,"void gemm_a8w8_mxfp8_scale_4wave_160x128_kernel<opus_gemm_mxscale_bpreshuffle_4wave_160x128_traits_gfx950>(opus_gemm_mxscale_bpreshuffle_kargs_gfx950)",256,81408,0,100,0,112,"OPUS_GFX950_TCP_LFIFO_STALL_CYCLES_SUM",0.00000000e+00,3271249886623076,3271249886632276
65,65,"Agent 6",1,1368909,1368909,71680,1393,"void gemm_a8w8_mxfp8_scale_4wave_160x128_kernel<opus_gemm_mxscale_bpreshuffle_4wave_160x128_traits_gfx950>(opus_gemm_mxscale_bpreshuffle_kargs_gfx950)",256,81408,0,100,0,112,"OPUS_GFX950_TCP_GATE_EN1_SUM",4560936.000000,3271249886623076,3271249886632276
66,66,"Agent 6",1,1368909,1368909,71680,1393,"void gemm_a8w8_mxfp8_scale_4wave_160x128_kernel<opus_gemm_mxscale_bpreshuffle_4wave_160x128_traits_gfx950>(opus_gemm_mxscale_bpreshuffle_kargs_gfx950)",256,81408,0,100,0,112,"OPUS_GFX950_GRBM_COUNT_MAX",41675.000000,3271249886827598,3271249886836718
66,66,"Agent 6",1,1368909,1368909,71680,1393,"void gemm_a8w8_mxfp8_scale_4wave_160x128_kernel<opus_gemm_mxscale_bpreshuffle_4wave_160x128_traits_gfx950>(opus_gemm_mxscale_bpreshuffle_kargs_gfx950)",256,81408,0,100,0,112,"OPUS_GFX950_GRBM_GUI_ACTIVE_MAX",41675.000000,3271249886827598,3271249886836718
66,66,"Agent 6",1,1368909,1368909,71680,1393,"void gemm_a8w8_mxfp8_scale_4wave_160x128_kernel<opus_gemm_mxscale_bpreshuffle_4wave_160x128_traits_gfx950>(opus_gemm_mxscale_bpreshuffle_kargs_gfx950)",256,81408,0,100,0,112,"OPUS_GFX950_SQ_WAVE_CYCLES_SUM",3932784.000000,3271249886827598,3271249886836718
66,66,"Agent 6",1,1368909,1368909,71680,1393,"void gemm_a8w8_mxfp8_scale_4wave_160x128_kernel<opus_gemm_mxscale_bpreshuffle_4wave_160x128_traits_gfx950>(opus_gemm_mxscale_bpreshuffle_kargs_gfx950)",256,81408,0,100,0,112,"OPUS_GFX950_SQ_WAVES_SUM",1120.000000,3271249886827598,3271249886836718
66,66,"Agent 6",1,1368909,1368909,71680,1393,"void gemm_a8w8_mxfp8_scale_4wave_160x128_kernel<opus_gemm_mxscale_bpreshuffle_4wave_160x128_traits_gfx950>(opus_gemm_mxscale_bpreshuffle_kargs_gfx950)",256,81408,0,100,0,112,"OPUS_GFX950_SQ_WAIT_ANY_SUM",2084863.000000,3271249886827598,3271249886836718
66,66,"Agent 6",1,1368909,1368909,71680,1393,"void gemm_a8w8_mxfp8_scale_4wave_160x128_kernel<opus_gemm_mxscale_bpreshuffle_4wave_160x128_traits_gfx950>(opus_gemm_mxscale_bpreshuffle_kargs_gfx950)",256,81408,0,100,0,112,"OPUS_GFX950_SQ_WAIT_INST_ANY_SUM",755024.000000,3271249886827598,3271249886836718
66,66,"Agent 6",1,1368909,1368909,71680,1393,"void gemm_a8w8_mxfp8_scale_4wave_160x128_kernel<opus_gemm_mxscale_bpreshuffle_4wave_160x128_traits_gfx950>(opus_gemm_mxscale_bpreshuffle_kargs_gfx950)",256,81408,0,100,0,112,"OPUS_GFX950_SQ_ACTIVE_INST_ANY_SUM",1092897.000000,3271249886827598,3271249886836718
66,66,"Agent 6",1,1368909,1368909,71680,1393,"void gemm_a8w8_mxfp8_scale_4wave_160x128_kernel<opus_gemm_mxscale_bpreshuffle_4wave_160x128_traits_gfx950>(opus_gemm_mxscale_bpreshuffle_kargs_gfx950)",256,81408,0,100,0,112,"OPUS_GFX950_SQ_BUSY_CYCLES_SUM",483761.000000,3271249886827598,3271249886836718
66,66,"Agent 6",1,1368909,1368909,71680,1393,"void gemm_a8w8_mxfp8_scale_4wave_160x128_kernel<opus_gemm_mxscale_bpreshuffle_4wave_160x128_traits_gfx950>(opus_gemm_mxscale_bpreshuffle_kargs_gfx950)",256,81408,0,100,0,112,"OPUS_GFX950_SQ_VALU_MFMA_BUSY_CYCLES_SUM",2150400.000000,3271249886827598,3271249886836718
66,66,"Agent 6",1,1368909,1368909,71680,1393,"void gemm_a8w8_mxfp8_scale_4wave_160x128_kernel<opus_gemm_mxscale_bpreshuffle_4wave_160x128_traits_gfx950>(opus_gemm_mxscale_bpreshuffle_kargs_gfx950)",256,81408,0,100,0,112,"OPUS_GFX950_SQ_INSTS_VALU_MFMA_MOPS_F8_SUM",8601600.000000,3271249886827598,3271249886836718
66,66,"Agent 6",1,1368909,1368909,71680,1393,"void gemm_a8w8_mxfp8_scale_4wave_160x128_kernel<opus_gemm_mxscale_bpreshuffle_4wave_160x128_traits_gfx950>(opus_gemm_mxscale_bpreshuffle_kargs_gfx950)",256,81408,0,100,0,112,"OPUS_GFX950_TCC_EA0_RDREQ_DRAM_32B_SUM",165536.000000,3271249886827598,3271249886836718
66,66,"Agent 6",1,1368909,1368909,71680,1393,"void gemm_a8w8_mxfp8_scale_4wave_160x128_kernel<opus_gemm_mxscale_bpreshuffle_4wave_160x128_traits_gfx950>(opus_gemm_mxscale_bpreshuffle_kargs_gfx950)",256,81408,0,100,0,112,"OPUS_GFX950_TCC_EA0_WRREQ_WRITE_DRAM_32B_SUM",358400.000000,3271249886827598,3271249886836718
66,66,"Agent 6",1,1368909,1368909,71680,1393,"void gemm_a8w8_mxfp8_scale_4wave_160x128_kernel<opus_gemm_mxscale_bpreshuffle_4wave_160x128_traits_gfx950>(opus_gemm_mxscale_bpreshuffle_kargs_gfx950)",256,81408,0,100,0,112,"OPUS_GFX950_TCP_TCP_TA_ADDR_STALL_CYCLES_SUM",83950.000000,3271249886827598,3271249886836718
66,66,"Agent 6",1,1368909,1368909,71680,1393,"void gemm_a8w8_mxfp8_scale_4wave_160x128_kernel<opus_gemm_mxscale_bpreshuffle_4wave_160x128_traits_gfx950>(opus_gemm_mxscale_bpreshuffle_kargs_gfx950)",256,81408,0,100,0,112,"OPUS_GFX950_TCP_TCR_TCP_STALL_CYCLES_SUM",226807.000000,3271249886827598,3271249886836718
66,66,"Agent 6",1,1368909,1368909,71680,1393,"void gemm_a8w8_mxfp8_scale_4wave_160x128_kernel<opus_gemm_mxscale_bpreshuffle_4wave_160x128_traits_gfx950>(opus_gemm_mxscale_bpreshuffle_kargs_gfx950)",256,81408,0,100,0,112,"OPUS_GFX950_TCP_LFIFO_STALL_CYCLES_SUM",0.00000000e+00,3271249886827598,3271249886836718
66,66,"Agent 6",1,1368909,1368909,71680,1393,"void gemm_a8w8_mxfp8_scale_4wave_160x128_kernel<opus_gemm_mxscale_bpreshuffle_4wave_160x128_traits_gfx950>(opus_gemm_mxscale_bpreshuffle_kargs_gfx950)",256,81408,0,100,0,112,"OPUS_GFX950_TCP_GATE_EN1_SUM",4494336.000000,3271249886827598,3271249886836718
67,67,"Agent 6",1,1368909,1368909,71680,1393,"void gemm_a8w8_mxfp8_scale_4wave_160x128_kernel<opus_gemm_mxscale_bpreshuffle_4wave_160x128_traits_gfx950>(opus_gemm_mxscale_bpreshuffle_kargs_gfx950)",256,81408,0,100,0,112,"OPUS_GFX950_GRBM_COUNT_MAX",41078.000000,3271249887029559,3271249887038759
67,67,"Agent 6",1,1368909,1368909,71680,1393,"void gemm_a8w8_mxfp8_scale_4wave_160x128_kernel<opus_gemm_mxscale_bpreshuffle_4wave_160x128_traits_gfx950>(opus_gemm_mxscale_bpreshuffle_kargs_gfx950)",256,81408,0,100,0,112,"OPUS_GFX950_GRBM_GUI_ACTIVE_MAX",41078.000000,3271249887029559,3271249887038759
67,67,"Agent 6",1,1368909,1368909,71680,1393,"void gemm_a8w8_mxfp8_scale_4wave_160x128_kernel<opus_gemm_mxscale_bpreshuffle_4wave_160x128_traits_gfx950>(opus_gemm_mxscale_bpreshuffle_kargs_gfx950)",256,81408,0,100,0,112,"OPUS_GFX950_SQ_WAVE_CYCLES_SUM",3891080.000000,3271249887029559,3271249887038759
67,67,"Agent 6",1,1368909,1368909,71680,1393,"void gemm_a8w8_mxfp8_scale_4wave_160x128_kernel<opus_gemm_mxscale_bpreshuffle_4wave_160x128_traits_gfx950>(opus_gemm_mxscale_bpreshuffle_kargs_gfx950)",256,81408,0,100,0,112,"OPUS_GFX950_SQ_WAVES_SUM",1120.000000,3271249887029559,3271249887038759
67,67,"Agent 6",1,1368909,1368909,71680,1393,"void gemm_a8w8_mxfp8_scale_4wave_160x128_kernel<opus_gemm_mxscale_bpreshuffle_4wave_160x128_traits_gfx950>(opus_gemm_mxscale_bpreshuffle_kargs_gfx950)",256,81408,0,100,0,112,"OPUS_GFX950_SQ_WAIT_ANY_SUM",2011472.000000,3271249887029559,3271249887038759
67,67,"Agent 6",1,1368909,1368909,71680,1393,"void gemm_a8w8_mxfp8_scale_4wave_160x128_kernel<opus_gemm_mxscale_bpreshuffle_4wave_160x128_traits_gfx950>(opus_gemm_mxscale_bpreshuffle_kargs_gfx950)",256,81408,0,100,0,112,"OPUS_GFX950_SQ_WAIT_INST_ANY_SUM",786371.000000,3271249887029559,3271249887038759
67,67,"Agent 6",1,1368909,1368909,71680,1393,"void gemm_a8w8_mxfp8_scale_4wave_160x128_kernel<opus_gemm_mxscale_bpreshuffle_4wave_160x128_traits_gfx950>(opus_gemm_mxscale_bpreshuffle_kargs_gfx950)",256,81408,0,100,0,112,"OPUS_GFX950_SQ_ACTIVE_INST_ANY_SUM",1093237.000000,3271249887029559,3271249887038759
67,67,"Agent 6",1,1368909,1368909,71680,1393,"void gemm_a8w8_mxfp8_scale_4wave_160x128_kernel<opus_gemm_mxscale_bpreshuffle_4wave_160x128_traits_gfx950>(opus_gemm_mxscale_bpreshuffle_kargs_gfx950)",256,81408,0,100,0,112,"OPUS_GFX950_SQ_BUSY_CYCLES_SUM",483448.000000,3271249887029559,3271249887038759
67,67,"Agent 6",1,1368909,1368909,71680,1393,"void gemm_a8w8_mxfp8_scale_4wave_160x128_kernel<opus_gemm_mxscale_bpreshuffle_4wave_160x128_traits_gfx950>(opus_gemm_mxscale_bpreshuffle_kargs_gfx950)",256,81408,0,100,0,112,"OPUS_GFX950_SQ_VALU_MFMA_BUSY_CYCLES_SUM",2150400.000000,3271249887029559,3271249887038759
67,67,"Agent 6",1,1368909,1368909,71680,1393,"void gemm_a8w8_mxfp8_scale_4wave_160x128_kernel<opus_gemm_mxscale_bpreshuffle_4wave_160x128_traits_gfx950>(opus_gemm_mxscale_bpreshuffle_kargs_gfx950)",256,81408,0,100,0,112,"OPUS_GFX950_SQ_INSTS_VALU_MFMA_MOPS_F8_SUM",8601600.000000,3271249887029559,3271249887038759
67,67,"Agent 6",1,1368909,1368909,71680,1393,"void gemm_a8w8_mxfp8_scale_4wave_160x128_kernel<opus_gemm_mxscale_bpreshuffle_4wave_160x128_traits_gfx950>(opus_gemm_mxscale_bpreshuffle_kargs_gfx950)",256,81408,0,100,0,112,"OPUS_GFX950_TCC_EA0_RDREQ_DRAM_32B_SUM",165504.000000,3271249887029559,3271249887038759
67,67,"Agent 6",1,1368909,1368909,71680,1393,"void gemm_a8w8_mxfp8_scale_4wave_160x128_kernel<opus_gemm_mxscale_bpreshuffle_4wave_160x128_traits_gfx950>(opus_gemm_mxscale_bpreshuffle_kargs_gfx950)",256,81408,0,100,0,112,"OPUS_GFX950_TCC_EA0_WRREQ_WRITE_DRAM_32B_SUM",358400.000000,3271249887029559,3271249887038759
67,67,"Agent 6",1,1368909,1368909,71680,1393,"void gemm_a8w8_mxfp8_scale_4wave_160x128_kernel<opus_gemm_mxscale_bpreshuffle_4wave_160x128_traits_gfx950>(opus_gemm_mxscale_bpreshuffle_kargs_gfx950)",256,81408,0,100,0,112,"OPUS_GFX950_TCP_TCP_TA_ADDR_STALL_CYCLES_SUM",104415.000000,3271249887029559,3271249887038759
67,67,"Agent 6",1,1368909,1368909,71680,1393,"void gemm_a8w8_mxfp8_scale_4wave_160x128_kernel<opus_gemm_mxscale_bpreshuffle_4wave_160x128_traits_gfx950>(opus_gemm_mxscale_bpreshuffle_kargs_gfx950)",256,81408,0,100,0,112,"OPUS_GFX950_TCP_TCR_TCP_STALL_CYCLES_SUM",275117.000000,3271249887029559,3271249887038759
67,67,"Agent 6",1,1368909,1368909,71680,1393,"void gemm_a8w8_mxfp8_scale_4wave_160x128_kernel<opus_gemm_mxscale_bpreshuffle_4wave_160x128_traits_gfx950>(opus_gemm_mxscale_bpreshuffle_kargs_gfx950)",256,81408,0,100,0,112,"OPUS_GFX950_TCP_LFIFO_STALL_CYCLES_SUM",0.00000000e+00,3271249887029559,3271249887038759
67,67,"Agent 6",1,1368909,1368909,71680,1393,"void gemm_a8w8_mxfp8_scale_4wave_160x128_kernel<opus_gemm_mxscale_bpreshuffle_4wave_160x128_traits_gfx950>(opus_gemm_mxscale_bpreshuffle_kargs_gfx950)",256,81408,0,100,0,112,"OPUS_GFX950_TCP_GATE_EN1_SUM",4491656.000000,3271249887029559,3271249887038759
68,68,"Agent 6",1,1368909,1368909,71680,1393,"void gemm_a8w8_mxfp8_scale_4wave_160x128_kernel<opus_gemm_mxscale_bpreshuffle_4wave_160x128_traits_gfx950>(opus_gemm_mxscale_bpreshuffle_kargs_gfx950)",256,81408,0,100,0,112,"OPUS_GFX950_GRBM_COUNT_MAX",37695.000000,3271249887234921,3271249887244241
68,68,"Agent 6",1,1368909,1368909,71680,1393,"void gemm_a8w8_mxfp8_scale_4wave_160x128_kernel<opus_gemm_mxscale_bpreshuffle_4wave_160x128_traits_gfx950>(opus_gemm_mxscale_bpreshuffle_kargs_gfx950)",256,81408,0,100,0,112,"OPUS_GFX950_GRBM_GUI_ACTIVE_MAX",37695.000000,3271249887234921,3271249887244241
68,68,"Agent 6",1,1368909,1368909,71680,1393,"void gemm_a8w8_mxfp8_scale_4wave_160x128_kernel<opus_gemm_mxscale_bpreshuffle_4wave_160x128_traits_gfx950>(opus_gemm_mxscale_bpreshuffle_kargs_gfx950)",256,81408,0,100,0,112,"OPUS_GFX950_SQ_WAVE_CYCLES_SUM",4065564.000000,3271249887234921,3271249887244241
68,68,"Agent 6",1,1368909,1368909,71680,1393,"void gemm_a8w8_mxfp8_scale_4wave_160x128_kernel<opus_gemm_mxscale_bpreshuffle_4wave_160x128_traits_gfx950>(opus_gemm_mxscale_bpreshuffle_kargs_gfx950)",256,81408,0,100,0,112,"OPUS_GFX950_SQ_WAVES_SUM",1120.000000,3271249887234921,3271249887244241
68,68,"Agent 6",1,1368909,1368909,71680,1393,"void gemm_a8w8_mxfp8_scale_4wave_160x128_kernel<opus_gemm_mxscale_bpreshuffle_4wave_160x128_traits_gfx950>(opus_gemm_mxscale_bpreshuffle_kargs_gfx950)",256,81408,0,100,0,112,"OPUS_GFX950_SQ_WAIT_ANY_SUM",2148479.000000,3271249887234921,3271249887244241
68,68,"Agent 6",1,1368909,1368909,71680,1393,"void gemm_a8w8_mxfp8_scale_4wave_160x128_kernel<opus_gemm_mxscale_bpreshuffle_4wave_160x128_traits_gfx950>(opus_gemm_mxscale_bpreshuffle_kargs_gfx950)",256,81408,0,100,0,112,"OPUS_GFX950_SQ_WAIT_INST_ANY_SUM",823477.000000,3271249887234921,3271249887244241
68,68,"Agent 6",1,1368909,1368909,71680,1393,"void gemm_a8w8_mxfp8_scale_4wave_160x128_kernel<opus_gemm_mxscale_bpreshuffle_4wave_160x128_traits_gfx950>(opus_gemm_mxscale_bpreshuffle_kargs_gfx950)",256,81408,0,100,0,112,"OPUS_GFX950_SQ_ACTIVE_INST_ANY_SUM",1093608.000000,3271249887234921,3271249887244241
68,68,"Agent 6",1,1368909,1368909,71680,1393,"void gemm_a8w8_mxfp8_scale_4wave_160x128_kernel<opus_gemm_mxscale_bpreshuffle_4wave_160x128_traits_gfx950>(opus_gemm_mxscale_bpreshuffle_kargs_gfx950)",256,81408,0,100,0,112,"OPUS_GFX950_SQ_BUSY_CYCLES_SUM",501786.000000,3271249887234921,3271249887244241
68,68,"Agent 6",1,1368909,1368909,71680,1393,"void gemm_a8w8_mxfp8_scale_4wave_160x128_kernel<opus_gemm_mxscale_bpreshuffle_4wave_160x128_traits_gfx950>(opus_gemm_mxscale_bpreshuffle_kargs_gfx950)",256,81408,0,100,0,112,"OPUS_GFX950_SQ_VALU_MFMA_BUSY_CYCLES_SUM",2150400.000000,3271249887234921,3271249887244241
68,68,"Agent 6",1,1368909,1368909,71680,1393,"void gemm_a8w8_mxfp8_scale_4wave_160x128_kernel<opus_gemm_mxscale_bpreshuffle_4wave_160x128_traits_gfx950>(opus_gemm_mxscale_bpreshuffle_kargs_gfx950)",256,81408,0,100,0,112,"OPUS_GFX950_SQ_INSTS_VALU_MFMA_MOPS_F8_SUM",8601600.000000,3271249887234921,3271249887244241
68,68,"Agent 6",1,1368909,1368909,71680,1393,"void gemm_a8w8_mxfp8_scale_4wave_160x128_kernel<opus_gemm_mxscale_bpreshuffle_4wave_160x128_traits_gfx950>(opus_gemm_mxscale_bpreshuffle_kargs_gfx950)",256,81408,0,100,0,112,"OPUS_GFX950_TCC_EA0_RDREQ_DRAM_32B_SUM",165536.000000,3271249887234921,3271249887244241
68,68,"Agent 6",1,1368909,1368909,71680,1393,"void gemm_a8w8_mxfp8_scale_4wave_160x128_kernel<opus_gemm_mxscale_bpreshuffle_4wave_160x128_traits_gfx950>(opus_gemm_mxscale_bpreshuffle_kargs_gfx950)",256,81408,0,100,0,112,"OPUS_GFX950_TCC_EA0_WRREQ_WRITE_DRAM_32B_SUM",358400.000000,3271249887234921,3271249887244241
68,68,"Agent 6",1,1368909,1368909,71680,1393,"void gemm_a8w8_mxfp8_scale_4wave_160x128_kernel<opus_gemm_mxscale_bpreshuffle_4wave_160x128_traits_gfx950>(opus_gemm_mxscale_bpreshuffle_kargs_gfx950)",256,81408,0,100,0,112,"OPUS_GFX950_TCP_TCP_TA_ADDR_STALL_CYCLES_SUM",105754.000000,3271249887234921,3271249887244241
68,68,"Agent 6",1,1368909,1368909,71680,1393,"void gemm_a8w8_mxfp8_scale_4wave_160x128_kernel<opus_gemm_mxscale_bpreshuffle_4wave_160x128_traits_gfx950>(opus_gemm_mxscale_bpreshuffle_kargs_gfx950)",256,81408,0,100,0,112,"OPUS_GFX950_TCP_TCR_TCP_STALL_CYCLES_SUM",291722.000000,3271249887234921,3271249887244241
68,68,"Agent 6",1,1368909,1368909,71680,1393,"void gemm_a8w8_mxfp8_scale_4wave_160x128_kernel<opus_gemm_mxscale_bpreshuffle_4wave_160x128_traits_gfx950>(opus_gemm_mxscale_bpreshuffle_kargs_gfx950)",256,81408,0,100,0,112,"OPUS_GFX950_TCP_LFIFO_STALL_CYCLES_SUM",0.00000000e+00,3271249887234921,3271249887244241
68,68,"Agent 6",1,1368909,1368909,71680,1393,"void gemm_a8w8_mxfp8_scale_4wave_160x128_kernel<opus_gemm_mxscale_bpreshuffle_4wave_160x128_traits_gfx950>(opus_gemm_mxscale_bpreshuffle_kargs_gfx950)",256,81408,0,100,0,112,"OPUS_GFX950_TCP_GATE_EN1_SUM",4638528.000000,3271249887234921,3271249887244241
69,69,"Agent 6",1,1368909,1368909,71680,1393,"void gemm_a8w8_mxfp8_scale_4wave_160x128_kernel<opus_gemm_mxscale_bpreshuffle_4wave_160x128_traits_gfx950>(opus_gemm_mxscale_bpreshuffle_kargs_gfx950)",256,81408,0,100,0,112,"OPUS_GFX950_GRBM_COUNT_MAX",43781.000000,3271249887438522,3271249887448002
69,69,"Agent 6",1,1368909,1368909,71680,1393,"void gemm_a8w8_mxfp8_scale_4wave_160x128_kernel<opus_gemm_mxscale_bpreshuffle_4wave_160x128_traits_gfx950>(opus_gemm_mxscale_bpreshuffle_kargs_gfx950)",256,81408,0,100,0,112,"OPUS_GFX950_GRBM_GUI_ACTIVE_MAX",43781.000000,3271249887438522,3271249887448002
69,69,"Agent 6",1,1368909,1368909,71680,1393,"void gemm_a8w8_mxfp8_scale_4wave_160x128_kernel<opus_gemm_mxscale_bpreshuffle_4wave_160x128_traits_gfx950>(opus_gemm_mxscale_bpreshuffle_kargs_gfx950)",256,81408,0,100,0,112,"OPUS_GFX950_SQ_WAVE_CYCLES_SUM",4012241.000000,3271249887438522,3271249887448002
69,69,"Agent 6",1,1368909,1368909,71680,1393,"void gemm_a8w8_mxfp8_scale_4wave_160x128_kernel<opus_gemm_mxscale_bpreshuffle_4wave_160x128_traits_gfx950>(opus_gemm_mxscale_bpreshuffle_kargs_gfx950)",256,81408,0,100,0,112,"OPUS_GFX950_SQ_WAVES_SUM",1120.000000,3271249887438522,3271249887448002
69,69,"Agent 6",1,1368909,1368909,71680,1393,"void gemm_a8w8_mxfp8_scale_4wave_160x128_kernel<opus_gemm_mxscale_bpreshuffle_4wave_160x128_traits_gfx950>(opus_gemm_mxscale_bpreshuffle_kargs_gfx950)",256,81408,0,100,0,112,"OPUS_GFX950_SQ_WAIT_ANY_SUM",2092243.000000,3271249887438522,3271249887448002
69,69,"Agent 6",1,1368909,1368909,71680,1393,"void gemm_a8w8_mxfp8_scale_4wave_160x128_kernel<opus_gemm_mxscale_bpreshuffle_4wave_160x128_traits_gfx950>(opus_gemm_mxscale_bpreshuffle_kargs_gfx950)",256,81408,0,100,0,112,"OPUS_GFX950_SQ_WAIT_INST_ANY_SUM",826336.000000,3271249887438522,3271249887448002
69,69,"Agent 6",1,1368909,1368909,71680,1393,"void gemm_a8w8_mxfp8_scale_4wave_160x128_kernel<opus_gemm_mxscale_bpreshuffle_4wave_160x128_traits_gfx950>(opus_gemm_mxscale_bpreshuffle_kargs_gfx950)",256,81408,0,100,0,112,"OPUS_GFX950_SQ_ACTIVE_INST_ANY_SUM",1093662.000000,3271249887438522,3271249887448002
69,69,"Agent 6",1,1368909,1368909,71680,1393,"void gemm_a8w8_mxfp8_scale_4wave_160x128_kernel<opus_gemm_mxscale_bpreshuffle_4wave_160x128_traits_gfx950>(opus_gemm_mxscale_bpreshuffle_kargs_gfx950)",256,81408,0,100,0,112,"OPUS_GFX950_SQ_BUSY_CYCLES_SUM",494108.000000,3271249887438522,3271249887448002
69,69,"Agent 6",1,1368909,1368909,71680,1393,"void gemm_a8w8_mxfp8_scale_4wave_160x128_kernel<opus_gemm_mxscale_bpreshuffle_4wave_160x128_traits_gfx950>(opus_gemm_mxscale_bpreshuffle_kargs_gfx950)",256,81408,0,100,0,112,"OPUS_GFX950_SQ_VALU_MFMA_BUSY_CYCLES_SUM",2150400.000000,3271249887438522,3271249887448002
69,69,"Agent 6",1,1368909,1368909,71680,1393,"void gemm_a8w8_mxfp8_scale_4wave_160x128_kernel<opus_gemm_mxscale_bpreshuffle_4wave_160x128_traits_gfx950>(opus_gemm_mxscale_bpreshuffle_kargs_gfx950)",256,81408,0,100,0,112,"OPUS_GFX950_SQ_INSTS_VALU_MFMA_MOPS_F8_SUM",8601600.000000,3271249887438522,3271249887448002
69,69,"Agent 6",1,1368909,1368909,71680,1393,"void gemm_a8w8_mxfp8_scale_4wave_160x128_kernel<opus_gemm_mxscale_bpreshuffle_4wave_160x128_traits_gfx950>(opus_gemm_mxscale_bpreshuffle_kargs_gfx950)",256,81408,0,100,0,112,"OPUS_GFX950_TCC_EA0_RDREQ_DRAM_32B_SUM",165504.000000,3271249887438522,3271249887448002
69,69,"Agent 6",1,1368909,1368909,71680,1393,"void gemm_a8w8_mxfp8_scale_4wave_160x128_kernel<opus_gemm_mxscale_bpreshuffle_4wave_160x128_traits_gfx950>(opus_gemm_mxscale_bpreshuffle_kargs_gfx950)",256,81408,0,100,0,112,"OPUS_GFX950_TCC_EA0_WRREQ_WRITE_DRAM_32B_SUM",358400.000000,3271249887438522,3271249887448002
69,69,"Agent 6",1,1368909,1368909,71680,1393,"void gemm_a8w8_mxfp8_scale_4wave_160x128_kernel<opus_gemm_mxscale_bpreshuffle_4wave_160x128_traits_gfx950>(opus_gemm_mxscale_bpreshuffle_kargs_gfx950)",256,81408,0,100,0,112,"OPUS_GFX950_TCP_TCP_TA_ADDR_STALL_CYCLES_SUM",121741.000000,3271249887438522,3271249887448002
69,69,"Agent 6",1,1368909,1368909,71680,1393,"void gemm_a8w8_mxfp8_scale_4wave_160x128_kernel<opus_gemm_mxscale_bpreshuffle_4wave_160x128_traits_gfx950>(opus_gemm_mxscale_bpreshuffle_kargs_gfx950)",256,81408,0,100,0,112,"OPUS_GFX950_TCP_TCR_TCP_STALL_CYCLES_SUM",290469.000000,3271249887438522,3271249887448002
69,69,"Agent 6",1,1368909,1368909,71680,1393,"void gemm_a8w8_mxfp8_scale_4wave_160x128_kernel<opus_gemm_mxscale_bpreshuffle_4wave_160x128_traits_gfx950>(opus_gemm_mxscale_bpreshuffle_kargs_gfx950)",256,81408,0,100,0,112,"OPUS_GFX950_TCP_LFIFO_STALL_CYCLES_SUM",0.00000000e+00,3271249887438522,3271249887448002
69,69,"Agent 6",1,1368909,1368909,71680,1393,"void gemm_a8w8_mxfp8_scale_4wave_160x128_kernel<opus_gemm_mxscale_bpreshuffle_4wave_160x128_traits_gfx950>(opus_gemm_mxscale_bpreshuffle_kargs_gfx950)",256,81408,0,100,0,112,"OPUS_GFX950_TCP_GATE_EN1_SUM",4576976.000000,3271249887438522,3271249887448002
70,70,"Agent 6",1,1368909,1368909,71680,1393,"void gemm_a8w8_mxfp8_scale_4wave_160x128_kernel<opus_gemm_mxscale_bpreshuffle_4wave_160x128_traits_gfx950>(opus_gemm_mxscale_bpreshuffle_kargs_gfx950)",256,81408,0,100,0,112,"OPUS_GFX950_GRBM_COUNT_MAX",41618.000000,3271249887654404,3271249887663764
70,70,"Agent 6",1,1368909,1368909,71680,1393,"void gemm_a8w8_mxfp8_scale_4wave_160x128_kernel<opus_gemm_mxscale_bpreshuffle_4wave_160x128_traits_gfx950>(opus_gemm_mxscale_bpreshuffle_kargs_gfx950)",256,81408,0,100,0,112,"OPUS_GFX950_GRBM_GUI_ACTIVE_MAX",41618.000000,3271249887654404,3271249887663764
70,70,"Agent 6",1,1368909,1368909,71680,1393,"void gemm_a8w8_mxfp8_scale_4wave_160x128_kernel<opus_gemm_mxscale_bpreshuffle_4wave_160x128_traits_gfx950>(opus_gemm_mxscale_bpreshuffle_kargs_gfx950)",256,81408,0,100,0,112,"OPUS_GFX950_SQ_WAVE_CYCLES_SUM",4032717.000000,3271249887654404,3271249887663764
70,70,"Agent 6",1,1368909,1368909,71680,1393,"void gemm_a8w8_mxfp8_scale_4wave_160x128_kernel<opus_gemm_mxscale_bpreshuffle_4wave_160x128_traits_gfx950>(opus_gemm_mxscale_bpreshuffle_kargs_gfx950)",256,81408,0,100,0,112,"OPUS_GFX950_SQ_WAVES_SUM",1120.000000,3271249887654404,3271249887663764
70,70,"Agent 6",1,1368909,1368909,71680,1393,"void gemm_a8w8_mxfp8_scale_4wave_160x128_kernel<opus_gemm_mxscale_bpreshuffle_4wave_160x128_traits_gfx950>(opus_gemm_mxscale_bpreshuffle_kargs_gfx950)",256,81408,0,100,0,112,"OPUS_GFX950_SQ_WAIT_ANY_SUM",2115620.000000,3271249887654404,3271249887663764
70,70,"Agent 6",1,1368909,1368909,71680,1393,"void gemm_a8w8_mxfp8_scale_4wave_160x128_kernel<opus_gemm_mxscale_bpreshuffle_4wave_160x128_traits_gfx950>(opus_gemm_mxscale_bpreshuffle_kargs_gfx950)",256,81408,0,100,0,112,"OPUS_GFX950_SQ_WAIT_INST_ANY_SUM",823760.000000,3271249887654404,3271249887663764
70,70,"Agent 6",1,1368909,1368909,71680,1393,"void gemm_a8w8_mxfp8_scale_4wave_160x128_kernel<opus_gemm_mxscale_bpreshuffle_4wave_160x128_traits_gfx950>(opus_gemm_mxscale_bpreshuffle_kargs_gfx950)",256,81408,0,100,0,112,"OPUS_GFX950_SQ_ACTIVE_INST_ANY_SUM",1093337.000000,3271249887654404,3271249887663764
70,70,"Agent 6",1,1368909,1368909,71680,1393,"void gemm_a8w8_mxfp8_scale_4wave_160x128_kernel<opus_gemm_mxscale_bpreshuffle_4wave_160x128_traits_gfx950>(opus_gemm_mxscale_bpreshuffle_kargs_gfx950)",256,81408,0,100,0,112,"OPUS_GFX950_SQ_BUSY_CYCLES_SUM",496628.000000,3271249887654404,3271249887663764
70,70,"Agent 6",1,1368909,1368909,71680,1393,"void gemm_a8w8_mxfp8_scale_4wave_160x128_kernel<opus_gemm_mxscale_bpreshuffle_4wave_160x128_traits_gfx950>(opus_gemm_mxscale_bpreshuffle_kargs_gfx950)",256,81408,0,100,0,112,"OPUS_GFX950_SQ_VALU_MFMA_BUSY_CYCLES_SUM",2150400.000000,3271249887654404,3271249887663764
70,70,"Agent 6",1,1368909,1368909,71680,1393,"void gemm_a8w8_mxfp8_scale_4wave_160x128_kernel<opus_gemm_mxscale_bpreshuffle_4wave_160x128_traits_gfx950>(opus_gemm_mxscale_bpreshuffle_kargs_gfx950)",256,81408,0,100,0,112,"OPUS_GFX950_SQ_INSTS_VALU_MFMA_MOPS_F8_SUM",8601600.000000,3271249887654404,3271249887663764
70,70,"Agent 6",1,1368909,1368909,71680,1393,"void gemm_a8w8_mxfp8_scale_4wave_160x128_kernel<opus_gemm_mxscale_bpreshuffle_4wave_160x128_traits_gfx950>(opus_gemm_mxscale_bpreshuffle_kargs_gfx950)",256,81408,0,100,0,112,"OPUS_GFX950_TCC_EA0_RDREQ_DRAM_32B_SUM",165504.000000,3271249887654404,3271249887663764
70,70,"Agent 6",1,1368909,1368909,71680,1393,"void gemm_a8w8_mxfp8_scale_4wave_160x128_kernel<opus_gemm_mxscale_bpreshuffle_4wave_160x128_traits_gfx950>(opus_gemm_mxscale_bpreshuffle_kargs_gfx950)",256,81408,0,100,0,112,"OPUS_GFX950_TCC_EA0_WRREQ_WRITE_DRAM_32B_SUM",358400.000000,3271249887654404,3271249887663764
70,70,"Agent 6",1,1368909,1368909,71680,1393,"void gemm_a8w8_mxfp8_scale_4wave_160x128_kernel<opus_gemm_mxscale_bpreshuffle_4wave_160x128_traits_gfx950>(opus_gemm_mxscale_bpreshuffle_kargs_gfx950)",256,81408,0,100,0,112,"OPUS_GFX950_TCP_TCP_TA_ADDR_STALL_CYCLES_SUM",124359.000000,3271249887654404,3271249887663764
70,70,"Agent 6",1,1368909,1368909,71680,1393,"void gemm_a8w8_mxfp8_scale_4wave_160x128_kernel<opus_gemm_mxscale_bpreshuffle_4wave_160x128_traits_gfx950>(opus_gemm_mxscale_bpreshuffle_kargs_gfx950)",256,81408,0,100,0,112,"OPUS_GFX950_TCP_TCR_TCP_STALL_CYCLES_SUM",291558.000000,3271249887654404,3271249887663764
70,70,"Agent 6",1,1368909,1368909,71680,1393,"void gemm_a8w8_mxfp8_scale_4wave_160x128_kernel<opus_gemm_mxscale_bpreshuffle_4wave_160x128_traits_gfx950>(opus_gemm_mxscale_bpreshuffle_kargs_gfx950)",256,81408,0,100,0,112,"OPUS_GFX950_TCP_LFIFO_STALL_CYCLES_SUM",0.00000000e+00,3271249887654404,3271249887663764
70,70,"Agent 6",1,1368909,1368909,71680,1393,"void gemm_a8w8_mxfp8_scale_4wave_160x128_kernel<opus_gemm_mxscale_bpreshuffle_4wave_160x128_traits_gfx950>(opus_gemm_mxscale_bpreshuffle_kargs_gfx950)",256,81408,0,100,0,112,"OPUS_GFX950_TCP_GATE_EN1_SUM",4597440.000000,3271249887654404,3271249887663764
71,71,"Agent 6",1,1368909,1368909,71680,1393,"void gemm_a8w8_mxfp8_scale_4wave_160x128_kernel<opus_gemm_mxscale_bpreshuffle_4wave_160x128_traits_gfx950>(opus_gemm_mxscale_bpreshuffle_kargs_gfx950)",256,81408,0,100,0,112,"OPUS_GFX950_GRBM_COUNT_MAX",41393.000000,3271249887858245,3271249887867525
71,71,"Agent 6",1,1368909,1368909,71680,1393,"void gemm_a8w8_mxfp8_scale_4wave_160x128_kernel<opus_gemm_mxscale_bpreshuffle_4wave_160x128_traits_gfx950>(opus_gemm_mxscale_bpreshuffle_kargs_gfx950)",256,81408,0,100,0,112,"OPUS_GFX950_GRBM_GUI_ACTIVE_MAX",41393.000000,3271249887858245,3271249887867525
71,71,"Agent 6",1,1368909,1368909,71680,1393,"void gemm_a8w8_mxfp8_scale_4wave_160x128_kernel<opus_gemm_mxscale_bpreshuffle_4wave_160x128_traits_gfx950>(opus_gemm_mxscale_bpreshuffle_kargs_gfx950)",256,81408,0,100,0,112,"OPUS_GFX950_SQ_WAVE_CYCLES_SUM",3964343.000000,3271249887858245,3271249887867525
71,71,"Agent 6",1,1368909,1368909,71680,1393,"void gemm_a8w8_mxfp8_scale_4wave_160x128_kernel<opus_gemm_mxscale_bpreshuffle_4wave_160x128_traits_gfx950>(opus_gemm_mxscale_bpreshuffle_kargs_gfx950)",256,81408,0,100,0,112,"OPUS_GFX950_SQ_WAVES_SUM",1120.000000,3271249887858245,3271249887867525
71,71,"Agent 6",1,1368909,1368909,71680,1393,"void gemm_a8w8_mxfp8_scale_4wave_160x128_kernel<opus_gemm_mxscale_bpreshuffle_4wave_160x128_traits_gfx950>(opus_gemm_mxscale_bpreshuffle_kargs_gfx950)",256,81408,0,100,0,112,"OPUS_GFX950_SQ_WAIT_ANY_SUM",2099555.000000,3271249887858245,3271249887867525
71,71,"Agent 6",1,1368909,1368909,71680,1393,"void gemm_a8w8_mxfp8_scale_4wave_160x128_kernel<opus_gemm_mxscale_bpreshuffle_4wave_160x128_traits_gfx950>(opus_gemm_mxscale_bpreshuffle_kargs_gfx950)",256,81408,0,100,0,112,"OPUS_GFX950_SQ_WAIT_INST_ANY_SUM",771130.000000,3271249887858245,3271249887867525
71,71,"Agent 6",1,1368909,1368909,71680,1393,"void gemm_a8w8_mxfp8_scale_4wave_160x128_kernel<opus_gemm_mxscale_bpreshuffle_4wave_160x128_traits_gfx950>(opus_gemm_mxscale_bpreshuffle_kargs_gfx950)",256,81408,0,100,0,112,"OPUS_GFX950_SQ_ACTIVE_INST_ANY_SUM",1093658.000000,3271249887858245,3271249887867525
71,71,"Agent 6",1,1368909,1368909,71680,1393,"void gemm_a8w8_mxfp8_scale_4wave_160x128_kernel<opus_gemm_mxscale_bpreshuffle_4wave_160x128_traits_gfx950>(opus_gemm_mxscale_bpreshuffle_kargs_gfx950)",256,81408,0,100,0,112,"OPUS_GFX950_SQ_BUSY_CYCLES_SUM",490098.000000,3271249887858245,3271249887867525
71,71,"Agent 6",1,1368909,1368909,71680,1393,"void gemm_a8w8_mxfp8_scale_4wave_160x128_kernel<opus_gemm_mxscale_bpreshuffle_4wave_160x128_traits_gfx950>(opus_gemm_mxscale_bpreshuffle_kargs_gfx950)",256,81408,0,100,0,112,"OPUS_GFX950_SQ_VALU_MFMA_BUSY_CYCLES_SUM",2150400.000000,3271249887858245,3271249887867525
71,71,"Agent 6",1,1368909,1368909,71680,1393,"void gemm_a8w8_mxfp8_scale_4wave_160x128_kernel<opus_gemm_mxscale_bpreshuffle_4wave_160x128_traits_gfx950>(opus_gemm_mxscale_bpreshuffle_kargs_gfx950)",256,81408,0,100,0,112,"OPUS_GFX950_SQ_INSTS_VALU_MFMA_MOPS_F8_SUM",8601600.000000,3271249887858245,3271249887867525
71,71,"Agent 6",1,1368909,1368909,71680,1393,"void gemm_a8w8_mxfp8_scale_4wave_160x128_kernel<opus_gemm_mxscale_bpreshuffle_4wave_160x128_traits_gfx950>(opus_gemm_mxscale_bpreshuffle_kargs_gfx950)",256,81408,0,100,0,112,"OPUS_GFX950_TCC_EA0_RDREQ_DRAM_32B_SUM",165536.000000,3271249887858245,3271249887867525
71,71,"Agent 6",1,1368909,1368909,71680,1393,"void gemm_a8w8_mxfp8_scale_4wave_160x128_kernel<opus_gemm_mxscale_bpreshuffle_4wave_160x128_traits_gfx950>(opus_gemm_mxscale_bpreshuffle_kargs_gfx950)",256,81408,0,100,0,112,"OPUS_GFX950_TCC_EA0_WRREQ_WRITE_DRAM_32B_SUM",358400.000000,3271249887858245,3271249887867525
71,71,"Agent 6",1,1368909,1368909,71680,1393,"void gemm_a8w8_mxfp8_scale_4wave_160x128_kernel<opus_gemm_mxscale_bpreshuffle_4wave_160x128_traits_gfx950>(opus_gemm_mxscale_bpreshuffle_kargs_gfx950)",256,81408,0,100,0,112,"OPUS_GFX950_TCP_TCP_TA_ADDR_STALL_CYCLES_SUM",83249.000000,3271249887858245,3271249887867525
71,71,"Agent 6",1,1368909,1368909,71680,1393,"void gemm_a8w8_mxfp8_scale_4wave_160x128_kernel<opus_gemm_mxscale_bpreshuffle_4wave_160x128_traits_gfx950>(opus_gemm_mxscale_bpreshuffle_kargs_gfx950)",256,81408,0,100,0,112,"OPUS_GFX950_TCP_TCR_TCP_STALL_CYCLES_SUM",238743.000000,3271249887858245,3271249887867525
71,71,"Agent 6",1,1368909,1368909,71680,1393,"void gemm_a8w8_mxfp8_scale_4wave_160x128_kernel<opus_gemm_mxscale_bpreshuffle_4wave_160x128_traits_gfx950>(opus_gemm_mxscale_bpreshuffle_kargs_gfx950)",256,81408,0,100,0,112,"OPUS_GFX950_TCP_LFIFO_STALL_CYCLES_SUM",0.00000000e+00,3271249887858245,3271249887867525
71,71,"Agent 6",1,1368909,1368909,71680,1393,"void gemm_a8w8_mxfp8_scale_4wave_160x128_kernel<opus_gemm_mxscale_bpreshuffle_4wave_160x128_traits_gfx950>(opus_gemm_mxscale_bpreshuffle_kargs_gfx950)",256,81408,0,100,0,112,"OPUS_GFX950_TCP_GATE_EN1_SUM",4545144.000000,3271249887858245,3271249887867525
72,72,"Agent 6",1,1368909,1368909,71680,1393,"void gemm_a8w8_mxfp8_scale_4wave_160x128_kernel<opus_gemm_mxscale_bpreshuffle_4wave_160x128_traits_gfx950>(opus_gemm_mxscale_bpreshuffle_kargs_gfx950)",256,81408,0,100,0,112,"OPUS_GFX950_GRBM_COUNT_MAX",42536.000000,3271249888059127,3271249888068447
72,72,"Agent 6",1,1368909,1368909,71680,1393,"void gemm_a8w8_mxfp8_scale_4wave_160x128_kernel<opus_gemm_mxscale_bpreshuffle_4wave_160x128_traits_gfx950>(opus_gemm_mxscale_bpreshuffle_kargs_gfx950)",256,81408,0,100,0,112,"OPUS_GFX950_GRBM_GUI_ACTIVE_MAX",42536.000000,3271249888059127,3271249888068447
72,72,"Agent 6",1,1368909,1368909,71680,1393,"void gemm_a8w8_mxfp8_scale_4wave_160x128_kernel<opus_gemm_mxscale_bpreshuffle_4wave_160x128_traits_gfx950>(opus_gemm_mxscale_bpreshuffle_kargs_gfx950)",256,81408,0,100,0,112,"OPUS_GFX950_SQ_WAVE_CYCLES_SUM",3964094.000000,3271249888059127,3271249888068447
72,72,"Agent 6",1,1368909,1368909,71680,1393,"void gemm_a8w8_mxfp8_scale_4wave_160x128_kernel<opus_gemm_mxscale_bpreshuffle_4wave_160x128_traits_gfx950>(opus_gemm_mxscale_bpreshuffle_kargs_gfx950)",256,81408,0,100,0,112,"OPUS_GFX950_SQ_WAVES_SUM",1120.000000,3271249888059127,3271249888068447
72,72,"Agent 6",1,1368909,1368909,71680,1393,"void gemm_a8w8_mxfp8_scale_4wave_160x128_kernel<opus_gemm_mxscale_bpreshuffle_4wave_160x128_traits_gfx950>(opus_gemm_mxscale_bpreshuffle_kargs_gfx950)",256,81408,0,100,0,112,"OPUS_GFX950_SQ_WAIT_ANY_SUM",2074071.000000,3271249888059127,3271249888068447
72,72,"Agent 6",1,1368909,1368909,71680,1393,"void gemm_a8w8_mxfp8_scale_4wave_160x128_kernel<opus_gemm_mxscale_bpreshuffle_4wave_160x128_traits_gfx950>(opus_gemm_mxscale_bpreshuffle_kargs_gfx950)",256,81408,0,100,0,112,"OPUS_GFX950_SQ_WAIT_INST_ANY_SUM",796111.000000,3271249888059127,3271249888068447
72,72,"Agent 6",1,1368909,1368909,71680,1393,"void gemm_a8w8_mxfp8_scale_4wave_160x128_kernel<opus_gemm_mxscale_bpreshuffle_4wave_160x128_traits_gfx950>(opus_gemm_mxscale_bpreshuffle_kargs_gfx950)",256,81408,0,100,0,112,"OPUS_GFX950_SQ_ACTIVE_INST_ANY_SUM",1093912.000000,3271249888059127,3271249888068447
72,72,"Agent 6",1,1368909,1368909,71680,1393,"void gemm_a8w8_mxfp8_scale_4wave_160x128_kernel<opus_gemm_mxscale_bpreshuffle_4wave_160x128_traits_gfx950>(opus_gemm_mxscale_bpreshuffle_kargs_gfx950)",256,81408,0,100,0,112,"OPUS_GFX950_SQ_BUSY_CYCLES_SUM",488634.000000,3271249888059127,3271249888068447
72,72,"Agent 6",1,1368909,1368909,71680,1393,"void gemm_a8w8_mxfp8_scale_4wave_160x128_kernel<opus_gemm_mxscale_bpreshuffle_4wave_160x128_traits_gfx950>(opus_gemm_mxscale_bpreshuffle_kargs_gfx950)",256,81408,0,100,0,112,"OPUS_GFX950_SQ_VALU_MFMA_BUSY_CYCLES_SUM",2150400.000000,3271249888059127,3271249888068447
72,72,"Agent 6",1,1368909,1368909,71680,1393,"void gemm_a8w8_mxfp8_scale_4wave_160x128_kernel<opus_gemm_mxscale_bpreshuffle_4wave_160x128_traits_gfx950>(opus_gemm_mxscale_bpreshuffle_kargs_gfx950)",256,81408,0,100,0,112,"OPUS_GFX950_SQ_INSTS_VALU_MFMA_MOPS_F8_SUM",8601600.000000,3271249888059127,3271249888068447
72,72,"Agent 6",1,1368909,1368909,71680,1393,"void gemm_a8w8_mxfp8_scale_4wave_160x128_kernel<opus_gemm_mxscale_bpreshuffle_4wave_160x128_traits_gfx950>(opus_gemm_mxscale_bpreshuffle_kargs_gfx950)",256,81408,0,100,0,112,"OPUS_GFX950_TCC_EA0_RDREQ_DRAM_32B_SUM",165504.000000,3271249888059127,3271249888068447
72,72,"Agent 6",1,1368909,1368909,71680,1393,"void gemm_a8w8_mxfp8_scale_4wave_160x128_kernel<opus_gemm_mxscale_bpreshuffle_4wave_160x128_traits_gfx950>(opus_gemm_mxscale_bpreshuffle_kargs_gfx950)",256,81408,0,100,0,112,"OPUS_GFX950_TCC_EA0_WRREQ_WRITE_DRAM_32B_SUM",358400.000000,3271249888059127,3271249888068447
72,72,"Agent 6",1,1368909,1368909,71680,1393,"void gemm_a8w8_mxfp8_scale_4wave_160x128_kernel<opus_gemm_mxscale_bpreshuffle_4wave_160x128_traits_gfx950>(opus_gemm_mxscale_bpreshuffle_kargs_gfx950)",256,81408,0,100,0,112,"OPUS_GFX950_TCP_TCP_TA_ADDR_STALL_CYCLES_SUM",91586.000000,3271249888059127,3271249888068447
72,72,"Agent 6",1,1368909,1368909,71680,1393,"void gemm_a8w8_mxfp8_scale_4wave_160x128_kernel<opus_gemm_mxscale_bpreshuffle_4wave_160x128_traits_gfx950>(opus_gemm_mxscale_bpreshuffle_kargs_gfx950)",256,81408,0,100,0,112,"OPUS_GFX950_TCP_TCR_TCP_STALL_CYCLES_SUM",247683.000000,3271249888059127,3271249888068447
72,72,"Agent 6",1,1368909,1368909,71680,1393,"void gemm_a8w8_mxfp8_scale_4wave_160x128_kernel<opus_gemm_mxscale_bpreshuffle_4wave_160x128_traits_gfx950>(opus_gemm_mxscale_bpreshuffle_kargs_gfx950)",256,81408,0,100,0,112,"OPUS_GFX950_TCP_LFIFO_STALL_CYCLES_SUM",0.00000000e+00,3271249888059127,3271249888068447
72,72,"Agent 6",1,1368909,1368909,71680,1393,"void gemm_a8w8_mxfp8_scale_4wave_160x128_kernel<opus_gemm_mxscale_bpreshuffle_4wave_160x128_traits_gfx950>(opus_gemm_mxscale_bpreshuffle_kargs_gfx950)",256,81408,0,100,0,112,"OPUS_GFX950_TCP_GATE_EN1_SUM",4533320.000000,3271249888059127,3271249888068447
73,73,"Agent 6",1,1368909,1368909,71680,1393,"void gemm_a8w8_mxfp8_scale_4wave_160x128_kernel<opus_gemm_mxscale_bpreshuffle_4wave_160x128_traits_gfx950>(opus_gemm_mxscale_bpreshuffle_kargs_gfx950)",256,81408,0,100,0,112,"OPUS_GFX950_GRBM_COUNT_MAX",44208.000000,3271249888267648,3271249888276928
73,73,"Agent 6",1,1368909,1368909,71680,1393,"void gemm_a8w8_mxfp8_scale_4wave_160x128_kernel<opus_gemm_mxscale_bpreshuffle_4wave_160x128_traits_gfx950>(opus_gemm_mxscale_bpreshuffle_kargs_gfx950)",256,81408,0,100,0,112,"OPUS_GFX950_GRBM_GUI_ACTIVE_MAX",44208.000000,3271249888267648,3271249888276928
73,73,"Agent 6",1,1368909,1368909,71680,1393,"void gemm_a8w8_mxfp8_scale_4wave_160x128_kernel<opus_gemm_mxscale_bpreshuffle_4wave_160x128_traits_gfx950>(opus_gemm_mxscale_bpreshuffle_kargs_gfx950)",256,81408,0,100,0,112,"OPUS_GFX950_SQ_WAVE_CYCLES_SUM",3998432.000000,3271249888267648,3271249888276928
73,73,"Agent 6",1,1368909,1368909,71680,1393,"void gemm_a8w8_mxfp8_scale_4wave_160x128_kernel<opus_gemm_mxscale_bpreshuffle_4wave_160x128_traits_gfx950>(opus_gemm_mxscale_bpreshuffle_kargs_gfx950)",256,81408,0,100,0,112,"OPUS_GFX950_SQ_WAVES_SUM",1120.000000,3271249888267648,3271249888276928
73,73,"Agent 6",1,1368909,1368909,71680,1393,"void gemm_a8w8_mxfp8_scale_4wave_160x128_kernel<opus_gemm_mxscale_bpreshuffle_4wave_160x128_traits_gfx950>(opus_gemm_mxscale_bpreshuffle_kargs_gfx950)",256,81408,0,100,0,112,"OPUS_GFX950_SQ_WAIT_ANY_SUM",2086329.000000,3271249888267648,3271249888276928
73,73,"Agent 6",1,1368909,1368909,71680,1393,"void gemm_a8w8_mxfp8_scale_4wave_160x128_kernel<opus_gemm_mxscale_bpreshuffle_4wave_160x128_traits_gfx950>(opus_gemm_mxscale_bpreshuffle_kargs_gfx950)",256,81408,0,100,0,112,"OPUS_GFX950_SQ_WAIT_INST_ANY_SUM",818507.000000,3271249888267648,3271249888276928
73,73,"Agent 6",1,1368909,1368909,71680,1393,"void gemm_a8w8_mxfp8_scale_4wave_160x128_kernel<opus_gemm_mxscale_bpreshuffle_4wave_160x128_traits_gfx950>(opus_gemm_mxscale_bpreshuffle_kargs_gfx950)",256,81408,0,100,0,112,"OPUS_GFX950_SQ_ACTIVE_INST_ANY_SUM",1093596.000000,3271249888267648,3271249888276928
73,73,"Agent 6",1,1368909,1368909,71680,1393,"void gemm_a8w8_mxfp8_scale_4wave_160x128_kernel<opus_gemm_mxscale_bpreshuffle_4wave_160x128_traits_gfx950>(opus_gemm_mxscale_bpreshuffle_kargs_gfx950)",256,81408,0,100,0,112,"OPUS_GFX950_SQ_BUSY_CYCLES_SUM",493773.000000,3271249888267648,3271249888276928
73,73,"Agent 6",1,1368909,1368909,71680,1393,"void gemm_a8w8_mxfp8_scale_4wave_160x128_kernel<opus_gemm_mxscale_bpreshuffle_4wave_160x128_traits_gfx950>(opus_gemm_mxscale_bpreshuffle_kargs_gfx950)",256,81408,0,100,0,112,"OPUS_GFX950_SQ_VALU_MFMA_BUSY_CYCLES_SUM",2150400.000000,3271249888267648,3271249888276928
73,73,"Agent 6",1,1368909,1368909,71680,1393,"void gemm_a8w8_mxfp8_scale_4wave_160x128_kernel<opus_gemm_mxscale_bpreshuffle_4wave_160x128_traits_gfx950>(opus_gemm_mxscale_bpreshuffle_kargs_gfx950)",256,81408,0,100,0,112,"OPUS_GFX950_SQ_INSTS_VALU_MFMA_MOPS_F8_SUM",8601600.000000,3271249888267648,3271249888276928
73,73,"Agent 6",1,1368909,1368909,71680,1393,"void gemm_a8w8_mxfp8_scale_4wave_160x128_kernel<opus_gemm_mxscale_bpreshuffle_4wave_160x128_traits_gfx950>(opus_gemm_mxscale_bpreshuffle_kargs_gfx950)",256,81408,0,100,0,112,"OPUS_GFX950_TCC_EA0_RDREQ_DRAM_32B_SUM",165536.000000,3271249888267648,3271249888276928
73,73,"Agent 6",1,1368909,1368909,71680,1393,"void gemm_a8w8_mxfp8_scale_4wave_160x128_kernel<opus_gemm_mxscale_bpreshuffle_4wave_160x128_traits_gfx950>(opus_gemm_mxscale_bpreshuffle_kargs_gfx950)",256,81408,0,100,0,112,"OPUS_GFX950_TCC_EA0_WRREQ_WRITE_DRAM_32B_SUM",358400.000000,3271249888267648,3271249888276928
73,73,"Agent 6",1,1368909,1368909,71680,1393,"void gemm_a8w8_mxfp8_scale_4wave_160x128_kernel<opus_gemm_mxscale_bpreshuffle_4wave_160x128_traits_gfx950>(opus_gemm_mxscale_bpreshuffle_kargs_gfx950)",256,81408,0,100,0,112,"OPUS_GFX950_TCP_TCP_TA_ADDR_STALL_CYCLES_SUM",125960.000000,3271249888267648,3271249888276928
73,73,"Agent 6",1,1368909,1368909,71680,1393,"void gemm_a8w8_mxfp8_scale_4wave_160x128_kernel<opus_gemm_mxscale_bpreshuffle_4wave_160x128_traits_gfx950>(opus_gemm_mxscale_bpreshuffle_kargs_gfx950)",256,81408,0,100,0,112,"OPUS_GFX950_TCP_TCR_TCP_STALL_CYCLES_SUM",289504.000000,3271249888267648,3271249888276928
73,73,"Agent 6",1,1368909,1368909,71680,1393,"void gemm_a8w8_mxfp8_scale_4wave_160x128_kernel<opus_gemm_mxscale_bpreshuffle_4wave_160x128_traits_gfx950>(opus_gemm_mxscale_bpreshuffle_kargs_gfx950)",256,81408,0,100,0,112,"OPUS_GFX950_TCP_LFIFO_STALL_CYCLES_SUM",0.00000000e+00,3271249888267648,3271249888276928
73,73,"Agent 6",1,1368909,1368909,71680,1393,"void gemm_a8w8_mxfp8_scale_4wave_160x128_kernel<opus_gemm_mxscale_bpreshuffle_4wave_160x128_traits_gfx950>(opus_gemm_mxscale_bpreshuffle_kargs_gfx950)",256,81408,0,100,0,112,"OPUS_GFX950_TCP_GATE_EN1_SUM",4574240.000000,3271249888267648,3271249888276928
74,74,"Agent 6",1,1368909,1368909,71680,1393,"void gemm_a8w8_mxfp8_scale_4wave_160x128_kernel<opus_gemm_mxscale_bpreshuffle_4wave_160x128_traits_gfx950>(opus_gemm_mxscale_bpreshuffle_kargs_gfx950)",256,81408,0,100,0,112,"OPUS_GFX950_GRBM_COUNT_MAX",40329.000000,3271249888471209,3271249888480410
74,74,"Agent 6",1,1368909,1368909,71680,1393,"void gemm_a8w8_mxfp8_scale_4wave_160x128_kernel<opus_gemm_mxscale_bpreshuffle_4wave_160x128_traits_gfx950>(opus_gemm_mxscale_bpreshuffle_kargs_gfx950)",256,81408,0,100,0,112,"OPUS_GFX950_GRBM_GUI_ACTIVE_MAX",40329.000000,3271249888471209,3271249888480410
74,74,"Agent 6",1,1368909,1368909,71680,1393,"void gemm_a8w8_mxfp8_scale_4wave_160x128_kernel<opus_gemm_mxscale_bpreshuffle_4wave_160x128_traits_gfx950>(opus_gemm_mxscale_bpreshuffle_kargs_gfx950)",256,81408,0,100,0,112,"OPUS_GFX950_SQ_WAVE_CYCLES_SUM",3934599.000000,3271249888471209,3271249888480410
74,74,"Agent 6",1,1368909,1368909,71680,1393,"void gemm_a8w8_mxfp8_scale_4wave_160x128_kernel<opus_gemm_mxscale_bpreshuffle_4wave_160x128_traits_gfx950>(opus_gemm_mxscale_bpreshuffle_kargs_gfx950)",256,81408,0,100,0,112,"OPUS_GFX950_SQ_WAVES_SUM",1120.000000,3271249888471209,3271249888480410
74,74,"Agent 6",1,1368909,1368909,71680,1393,"void gemm_a8w8_mxfp8_scale_4wave_160x128_kernel<opus_gemm_mxscale_bpreshuffle_4wave_160x128_traits_gfx950>(opus_gemm_mxscale_bpreshuffle_kargs_gfx950)",256,81408,0,100,0,112,"OPUS_GFX950_SQ_WAIT_ANY_SUM",2061505.000000,3271249888471209,3271249888480410
74,74,"Agent 6",1,1368909,1368909,71680,1393,"void gemm_a8w8_mxfp8_scale_4wave_160x128_kernel<opus_gemm_mxscale_bpreshuffle_4wave_160x128_traits_gfx950>(opus_gemm_mxscale_bpreshuffle_kargs_gfx950)",256,81408,0,100,0,112,"OPUS_GFX950_SQ_WAIT_INST_ANY_SUM",779557.000000,3271249888471209,3271249888480410
74,74,"Agent 6",1,1368909,1368909,71680,1393,"void gemm_a8w8_mxfp8_scale_4wave_160x128_kernel<opus_gemm_mxscale_bpreshuffle_4wave_160x128_traits_gfx950>(opus_gemm_mxscale_bpreshuffle_kargs_gfx950)",256,81408,0,100,0,112,"OPUS_GFX950_SQ_ACTIVE_INST_ANY_SUM",1093537.000000,3271249888471209,3271249888480410
74,74,"Agent 6",1,1368909,1368909,71680,1393,"void gemm_a8w8_mxfp8_scale_4wave_160x128_kernel<opus_gemm_mxscale_bpreshuffle_4wave_160x128_traits_gfx950>(opus_gemm_mxscale_bpreshuffle_kargs_gfx950)",256,81408,0,100,0,112,"OPUS_GFX950_SQ_BUSY_CYCLES_SUM",485804.000000,3271249888471209,3271249888480410
74,74,"Agent 6",1,1368909,1368909,71680,1393,"void gemm_a8w8_mxfp8_scale_4wave_160x128_kernel<opus_gemm_mxscale_bpreshuffle_4wave_160x128_traits_gfx950>(opus_gemm_mxscale_bpreshuffle_kargs_gfx950)",256,81408,0,100,0,112,"OPUS_GFX950_SQ_VALU_MFMA_BUSY_CYCLES_SUM",2150400.000000,3271249888471209,3271249888480410
74,74,"Agent 6",1,1368909,1368909,71680,1393,"void gemm_a8w8_mxfp8_scale_4wave_160x128_kernel<opus_gemm_mxscale_bpreshuffle_4wave_160x128_traits_gfx950>(opus_gemm_mxscale_bpreshuffle_kargs_gfx950)",256,81408,0,100,0,112,"OPUS_GFX950_SQ_INSTS_VALU_MFMA_MOPS_F8_SUM",8601600.000000,3271249888471209,3271249888480410
74,74,"Agent 6",1,1368909,1368909,71680,1393,"void gemm_a8w8_mxfp8_scale_4wave_160x128_kernel<opus_gemm_mxscale_bpreshuffle_4wave_160x128_traits_gfx950>(opus_gemm_mxscale_bpreshuffle_kargs_gfx950)",256,81408,0,100,0,112,"OPUS_GFX950_TCC_EA0_RDREQ_DRAM_32B_SUM",165504.000000,3271249888471209,3271249888480410
74,74,"Agent 6",1,1368909,1368909,71680,1393,"void gemm_a8w8_mxfp8_scale_4wave_160x128_kernel<opus_gemm_mxscale_bpreshuffle_4wave_160x128_traits_gfx950>(opus_gemm_mxscale_bpreshuffle_kargs_gfx950)",256,81408,0,100,0,112,"OPUS_GFX950_TCC_EA0_WRREQ_WRITE_DRAM_32B_SUM",358400.000000,3271249888471209,3271249888480410
74,74,"Agent 6",1,1368909,1368909,71680,1393,"void gemm_a8w8_mxfp8_scale_4wave_160x128_kernel<opus_gemm_mxscale_bpreshuffle_4wave_160x128_traits_gfx950>(opus_gemm_mxscale_bpreshuffle_kargs_gfx950)",256,81408,0,100,0,112,"OPUS_GFX950_TCP_TCP_TA_ADDR_STALL_CYCLES_SUM",92152.000000,3271249888471209,3271249888480410
74,74,"Agent 6",1,1368909,1368909,71680,1393,"void gemm_a8w8_mxfp8_scale_4wave_160x128_kernel<opus_gemm_mxscale_bpreshuffle_4wave_160x128_traits_gfx950>(opus_gemm_mxscale_bpreshuffle_kargs_gfx950)",256,81408,0,100,0,112,"OPUS_GFX950_TCP_TCR_TCP_STALL_CYCLES_SUM",243958.000000,3271249888471209,3271249888480410
74,74,"Agent 6",1,1368909,1368909,71680,1393,"void gemm_a8w8_mxfp8_scale_4wave_160x128_kernel<opus_gemm_mxscale_bpreshuffle_4wave_160x128_traits_gfx950>(opus_gemm_mxscale_bpreshuffle_kargs_gfx950)",256,81408,0,100,0,112,"OPUS_GFX950_TCP_LFIFO_STALL_CYCLES_SUM",0.00000000e+00,3271249888471209,3271249888480410
74,74,"Agent 6",1,1368909,1368909,71680,1393,"void gemm_a8w8_mxfp8_scale_4wave_160x128_kernel<opus_gemm_mxscale_bpreshuffle_4wave_160x128_traits_gfx950>(opus_gemm_mxscale_bpreshuffle_kargs_gfx950)",256,81408,0,100,0,112,"OPUS_GFX950_TCP_GATE_EN1_SUM",4510648.000000,3271249888471209,3271249888480410
75,75,"Agent 6",1,1368909,1368909,71680,1393,"void gemm_a8w8_mxfp8_scale_4wave_160x128_kernel<opus_gemm_mxscale_bpreshuffle_4wave_160x128_traits_gfx950>(opus_gemm_mxscale_bpreshuffle_kargs_gfx950)",256,81408,0,100,0,112,"OPUS_GFX950_GRBM_COUNT_MAX",36867.000000,3271249888671851,3271249888680891
75,75,"Agent 6",1,1368909,1368909,71680,1393,"void gemm_a8w8_mxfp8_scale_4wave_160x128_kernel<opus_gemm_mxscale_bpreshuffle_4wave_160x128_traits_gfx950>(opus_gemm_mxscale_bpreshuffle_kargs_gfx950)",256,81408,0,100,0,112,"OPUS_GFX950_GRBM_GUI_ACTIVE_MAX",36867.000000,3271249888671851,3271249888680891
75,75,"Agent 6",1,1368909,1368909,71680,1393,"void gemm_a8w8_mxfp8_scale_4wave_160x128_kernel<opus_gemm_mxscale_bpreshuffle_4wave_160x128_traits_gfx950>(opus_gemm_mxscale_bpreshuffle_kargs_gfx950)",256,81408,0,100,0,112,"OPUS_GFX950_SQ_WAVE_CYCLES_SUM",3891209.000000,3271249888671851,3271249888680891
75,75,"Agent 6",1,1368909,1368909,71680,1393,"void gemm_a8w8_mxfp8_scale_4wave_160x128_kernel<opus_gemm_mxscale_bpreshuffle_4wave_160x128_traits_gfx950>(opus_gemm_mxscale_bpreshuffle_kargs_gfx950)",256,81408,0,100,0,112,"OPUS_GFX950_SQ_WAVES_SUM",1120.000000,3271249888671851,3271249888680891
75,75,"Agent 6",1,1368909,1368909,71680,1393,"void gemm_a8w8_mxfp8_scale_4wave_160x128_kernel<opus_gemm_mxscale_bpreshuffle_4wave_160x128_traits_gfx950>(opus_gemm_mxscale_bpreshuffle_kargs_gfx950)",256,81408,0,100,0,112,"OPUS_GFX950_SQ_WAIT_ANY_SUM",2017406.000000,3271249888671851,3271249888680891
75,75,"Agent 6",1,1368909,1368909,71680,1393,"void gemm_a8w8_mxfp8_scale_4wave_160x128_kernel<opus_gemm_mxscale_bpreshuffle_4wave_160x128_traits_gfx950>(opus_gemm_mxscale_bpreshuffle_kargs_gfx950)",256,81408,0,100,0,112,"OPUS_GFX950_SQ_WAIT_INST_ANY_SUM",780266.000000,3271249888671851,3271249888680891
75,75,"Agent 6",1,1368909,1368909,71680,1393,"void gemm_a8w8_mxfp8_scale_4wave_160x128_kernel<opus_gemm_mxscale_bpreshuffle_4wave_160x128_traits_gfx950>(opus_gemm_mxscale_bpreshuffle_kargs_gfx950)",256,81408,0,100,0,112,"OPUS_GFX950_SQ_ACTIVE_INST_ANY_SUM",1093537.000000,3271249888671851,3271249888680891
75,75,"Agent 6",1,1368909,1368909,71680,1393,"void gemm_a8w8_mxfp8_scale_4wave_160x128_kernel<opus_gemm_mxscale_bpreshuffle_4wave_160x128_traits_gfx950>(opus_gemm_mxscale_bpreshuffle_kargs_gfx950)",256,81408,0,100,0,112,"OPUS_GFX950_SQ_BUSY_CYCLES_SUM",476256.000000,3271249888671851,3271249888680891
75,75,"Agent 6",1,1368909,1368909,71680,1393,"void gemm_a8w8_mxfp8_scale_4wave_160x128_kernel<opus_gemm_mxscale_bpreshuffle_4wave_160x128_traits_gfx950>(opus_gemm_mxscale_bpreshuffle_kargs_gfx950)",256,81408,0,100,0,112,"OPUS_GFX950_SQ_VALU_MFMA_BUSY_CYCLES_SUM",2150400.000000,3271249888671851,3271249888680891
75,75,"Agent 6",1,1368909,1368909,71680,1393,"void gemm_a8w8_mxfp8_scale_4wave_160x128_kernel<opus_gemm_mxscale_bpreshuffle_4wave_160x128_traits_gfx950>(opus_gemm_mxscale_bpreshuffle_kargs_gfx950)",256,81408,0,100,0,112,"OPUS_GFX950_SQ_INSTS_VALU_MFMA_MOPS_F8_SUM",8601600.000000,3271249888671851,3271249888680891
75,75,"Agent 6",1,1368909,1368909,71680,1393,"void gemm_a8w8_mxfp8_scale_4wave_160x128_kernel<opus_gemm_mxscale_bpreshuffle_4wave_160x128_traits_gfx950>(opus_gemm_mxscale_bpreshuffle_kargs_gfx950)",256,81408,0,100,0,112,"OPUS_GFX950_TCC_EA0_RDREQ_DRAM_32B_SUM",165504.000000,3271249888671851,3271249888680891
75,75,"Agent 6",1,1368909,1368909,71680,1393,"void gemm_a8w8_mxfp8_scale_4wave_160x128_kernel<opus_gemm_mxscale_bpreshuffle_4wave_160x128_traits_gfx950>(opus_gemm_mxscale_bpreshuffle_kargs_gfx950)",256,81408,0,100,0,112,"OPUS_GFX950_TCC_EA0_WRREQ_WRITE_DRAM_32B_SUM",358400.000000,3271249888671851,3271249888680891
75,75,"Agent 6",1,1368909,1368909,71680,1393,"void gemm_a8w8_mxfp8_scale_4wave_160x128_kernel<opus_gemm_mxscale_bpreshuffle_4wave_160x128_traits_gfx950>(opus_gemm_mxscale_bpreshuffle_kargs_gfx950)",256,81408,0,100,0,112,"OPUS_GFX950_TCP_TCP_TA_ADDR_STALL_CYCLES_SUM",87418.000000,3271249888671851,3271249888680891
75,75,"Agent 6",1,1368909,1368909,71680,1393,"void gemm_a8w8_mxfp8_scale_4wave_160x128_kernel<opus_gemm_mxscale_bpreshuffle_4wave_160x128_traits_gfx950>(opus_gemm_mxscale_bpreshuffle_kargs_gfx950)",256,81408,0,100,0,112,"OPUS_GFX950_TCP_TCR_TCP_STALL_CYCLES_SUM",252737.000000,3271249888671851,3271249888680891
75,75,"Agent 6",1,1368909,1368909,71680,1393,"void gemm_a8w8_mxfp8_scale_4wave_160x128_kernel<opus_gemm_mxscale_bpreshuffle_4wave_160x128_traits_gfx950>(opus_gemm_mxscale_bpreshuffle_kargs_gfx950)",256,81408,0,100,0,112,"OPUS_GFX950_TCP_LFIFO_STALL_CYCLES_SUM",0.00000000e+00,3271249888671851,3271249888680891
75,75,"Agent 6",1,1368909,1368909,71680,1393,"void gemm_a8w8_mxfp8_scale_4wave_160x128_kernel<opus_gemm_mxscale_bpreshuffle_4wave_160x128_traits_gfx950>(opus_gemm_mxscale_bpreshuffle_kargs_gfx950)",256,81408,0,100,0,112,"OPUS_GFX950_TCP_GATE_EN1_SUM",4434560.000000,3271249888671851,3271249888680891
76,76,"Agent 6",1,1368909,1368909,71680,1393,"void gemm_a8w8_mxfp8_scale_4wave_160x128_kernel<opus_gemm_mxscale_bpreshuffle_4wave_160x128_traits_gfx950>(opus_gemm_mxscale_bpreshuffle_kargs_gfx950)",256,81408,0,100,0,112,"OPUS_GFX950_GRBM_COUNT_MAX",40557.000000,3271249888873852,3271249888883052
76,76,"Agent 6",1,1368909,1368909,71680,1393,"void gemm_a8w8_mxfp8_scale_4wave_160x128_kernel<opus_gemm_mxscale_bpreshuffle_4wave_160x128_traits_gfx950>(opus_gemm_mxscale_bpreshuffle_kargs_gfx950)",256,81408,0,100,0,112,"OPUS_GFX950_GRBM_GUI_ACTIVE_MAX",40557.000000,3271249888873852,3271249888883052
76,76,"Agent 6",1,1368909,1368909,71680,1393,"void gemm_a8w8_mxfp8_scale_4wave_160x128_kernel<opus_gemm_mxscale_bpreshuffle_4wave_160x128_traits_gfx950>(opus_gemm_mxscale_bpreshuffle_kargs_gfx950)",256,81408,0,100,0,112,"OPUS_GFX950_SQ_WAVE_CYCLES_SUM",3917166.000000,3271249888873852,3271249888883052
76,76,"Agent 6",1,1368909,1368909,71680,1393,"void gemm_a8w8_mxfp8_scale_4wave_160x128_kernel<opus_gemm_mxscale_bpreshuffle_4wave_160x128_traits_gfx950>(opus_gemm_mxscale_bpreshuffle_kargs_gfx950)",256,81408,0,100,0,112,"OPUS_GFX950_SQ_WAVES_SUM",1120.000000,3271249888873852,3271249888883052
76,76,"Agent 6",1,1368909,1368909,71680,1393,"void gemm_a8w8_mxfp8_scale_4wave_160x128_kernel<opus_gemm_mxscale_bpreshuffle_4wave_160x128_traits_gfx950>(opus_gemm_mxscale_bpreshuffle_kargs_gfx950)",256,81408,0,100,0,112,"OPUS_GFX950_SQ_WAIT_ANY_SUM",2032097.000000,3271249888873852,3271249888883052
76,76,"Agent 6",1,1368909,1368909,71680,1393,"void gemm_a8w8_mxfp8_scale_4wave_160x128_kernel<opus_gemm_mxscale_bpreshuffle_4wave_160x128_traits_gfx950>(opus_gemm_mxscale_bpreshuffle_kargs_gfx950)",256,81408,0,100,0,112,"OPUS_GFX950_SQ_WAIT_INST_ANY_SUM",791933.000000,3271249888873852,3271249888883052
76,76,"Agent 6",1,1368909,1368909,71680,1393,"void gemm_a8w8_mxfp8_scale_4wave_160x128_kernel<opus_gemm_mxscale_bpreshuffle_4wave_160x128_traits_gfx950>(opus_gemm_mxscale_bpreshuffle_kargs_gfx950)",256,81408,0,100,0,112,"OPUS_GFX950_SQ_ACTIVE_INST_ANY_SUM",1093136.000000,3271249888873852,3271249888883052
76,76,"Agent 6",1,1368909,1368909,71680,1393,"void gemm_a8w8_mxfp8_scale_4wave_160x128_kernel<opus_gemm_mxscale_bpreshuffle_4wave_160x128_traits_gfx950>(opus_gemm_mxscale_bpreshuffle_kargs_gfx950)",256,81408,0,100,0,112,"OPUS_GFX950_SQ_BUSY_CYCLES_SUM",484628.000000,3271249888873852,3271249888883052
76,76,"Agent 6",1,1368909,1368909,71680,1393,"void gemm_a8w8_mxfp8_scale_4wave_160x128_kernel<opus_gemm_mxscale_bpreshuffle_4wave_160x128_traits_gfx950>(opus_gemm_mxscale_bpreshuffle_kargs_gfx950)",256,81408,0,100,0,112,"OPUS_GFX950_SQ_VALU_MFMA_BUSY_CYCLES_SUM",2150400.000000,3271249888873852,3271249888883052
76,76,"Agent 6",1,1368909,1368909,71680,1393,"void gemm_a8w8_mxfp8_scale_4wave_160x128_kernel<opus_gemm_mxscale_bpreshuffle_4wave_160x128_traits_gfx950>(opus_gemm_mxscale_bpreshuffle_kargs_gfx950)",256,81408,0,100,0,112,"OPUS_GFX950_SQ_INSTS_VALU_MFMA_MOPS_F8_SUM",8601600.000000,3271249888873852,3271249888883052
76,76,"Agent 6",1,1368909,1368909,71680,1393,"void gemm_a8w8_mxfp8_scale_4wave_160x128_kernel<opus_gemm_mxscale_bpreshuffle_4wave_160x128_traits_gfx950>(opus_gemm_mxscale_bpreshuffle_kargs_gfx950)",256,81408,0,100,0,112,"OPUS_GFX950_TCC_EA0_RDREQ_DRAM_32B_SUM",165536.000000,3271249888873852,3271249888883052
76,76,"Agent 6",1,1368909,1368909,71680,1393,"void gemm_a8w8_mxfp8_scale_4wave_160x128_kernel<opus_gemm_mxscale_bpreshuffle_4wave_160x128_traits_gfx950>(opus_gemm_mxscale_bpreshuffle_kargs_gfx950)",256,81408,0,100,0,112,"OPUS_GFX950_TCC_EA0_WRREQ_WRITE_DRAM_32B_SUM",358400.000000,3271249888873852,3271249888883052
76,76,"Agent 6",1,1368909,1368909,71680,1393,"void gemm_a8w8_mxfp8_scale_4wave_160x128_kernel<opus_gemm_mxscale_bpreshuffle_4wave_160x128_traits_gfx950>(opus_gemm_mxscale_bpreshuffle_kargs_gfx950)",256,81408,0,100,0,112,"OPUS_GFX950_TCP_TCP_TA_ADDR_STALL_CYCLES_SUM",100559.000000,3271249888873852,3271249888883052
76,76,"Agent 6",1,1368909,1368909,71680,1393,"void gemm_a8w8_mxfp8_scale_4wave_160x128_kernel<opus_gemm_mxscale_bpreshuffle_4wave_160x128_traits_gfx950>(opus_gemm_mxscale_bpreshuffle_kargs_gfx950)",256,81408,0,100,0,112,"OPUS_GFX950_TCP_TCR_TCP_STALL_CYCLES_SUM",286479.000000,3271249888873852,3271249888883052
76,76,"Agent 6",1,1368909,1368909,71680,1393,"void gemm_a8w8_mxfp8_scale_4wave_160x128_kernel<opus_gemm_mxscale_bpreshuffle_4wave_160x128_traits_gfx950>(opus_gemm_mxscale_bpreshuffle_kargs_gfx950)",256,81408,0,100,0,112,"OPUS_GFX950_TCP_LFIFO_STALL_CYCLES_SUM",0.00000000e+00,3271249888873852,3271249888883052
76,76,"Agent 6",1,1368909,1368909,71680,1393,"void gemm_a8w8_mxfp8_scale_4wave_160x128_kernel<opus_gemm_mxscale_bpreshuffle_4wave_160x128_traits_gfx950>(opus_gemm_mxscale_bpreshuffle_kargs_gfx950)",256,81408,0,100,0,112,"OPUS_GFX950_TCP_GATE_EN1_SUM",4501080.000000,3271249888873852,3271249888883052
77,77,"Agent 6",1,1368909,1368909,71680,1393,"void gemm_a8w8_mxfp8_scale_4wave_160x128_kernel<opus_gemm_mxscale_bpreshuffle_4wave_160x128_traits_gfx950>(opus_gemm_mxscale_bpreshuffle_kargs_gfx950)",256,81408,0,100,0,112,"OPUS_GFX950_GRBM_COUNT_MAX",41249.000000,3271249889075414,3271249889084614
77,77,"Agent 6",1,1368909,1368909,71680,1393,"void gemm_a8w8_mxfp8_scale_4wave_160x128_kernel<opus_gemm_mxscale_bpreshuffle_4wave_160x128_traits_gfx950>(opus_gemm_mxscale_bpreshuffle_kargs_gfx950)",256,81408,0,100,0,112,"OPUS_GFX950_GRBM_GUI_ACTIVE_MAX",41249.000000,3271249889075414,3271249889084614
77,77,"Agent 6",1,1368909,1368909,71680,1393,"void gemm_a8w8_mxfp8_scale_4wave_160x128_kernel<opus_gemm_mxscale_bpreshuffle_4wave_160x128_traits_gfx950>(opus_gemm_mxscale_bpreshuffle_kargs_gfx950)",256,81408,0,100,0,112,"OPUS_GFX950_SQ_WAVE_CYCLES_SUM",3944341.000000,3271249889075414,3271249889084614
77,77,"Agent 6",1,1368909,1368909,71680,1393,"void gemm_a8w8_mxfp8_scale_4wave_160x128_kernel<opus_gemm_mxscale_bpreshuffle_4wave_160x128_traits_gfx950>(opus_gemm_mxscale_bpreshuffle_kargs_gfx950)",256,81408,0,100,0,112,"OPUS_GFX950_SQ_WAVES_SUM",1120.000000,3271249889075414,3271249889084614
77,77,"Agent 6",1,1368909,1368909,71680,1393,"void gemm_a8w8_mxfp8_scale_4wave_160x128_kernel<opus_gemm_mxscale_bpreshuffle_4wave_160x128_traits_gfx950>(opus_gemm_mxscale_bpreshuffle_kargs_gfx950)",256,81408,0,100,0,112,"OPUS_GFX950_SQ_WAIT_ANY_SUM",2076749.000000,3271249889075414,3271249889084614
77,77,"Agent 6",1,1368909,1368909,71680,1393,"void gemm_a8w8_mxfp8_scale_4wave_160x128_kernel<opus_gemm_mxscale_bpreshuffle_4wave_160x128_traits_gfx950>(opus_gemm_mxscale_bpreshuffle_kargs_gfx950)",256,81408,0,100,0,112,"OPUS_GFX950_SQ_WAIT_INST_ANY_SUM",774180.000000,3271249889075414,3271249889084614
77,77,"Agent 6",1,1368909,1368909,71680,1393,"void gemm_a8w8_mxfp8_scale_4wave_160x128_kernel<opus_gemm_mxscale_bpreshuffle_4wave_160x128_traits_gfx950>(opus_gemm_mxscale_bpreshuffle_kargs_gfx950)",256,81408,0,100,0,112,"OPUS_GFX950_SQ_ACTIVE_INST_ANY_SUM",1093412.000000,3271249889075414,3271249889084614
77,77,"Agent 6",1,1368909,1368909,71680,1393,"void gemm_a8w8_mxfp8_scale_4wave_160x128_kernel<opus_gemm_mxscale_bpreshuffle_4wave_160x128_traits_gfx950>(opus_gemm_mxscale_bpreshuffle_kargs_gfx950)",256,81408,0,100,0,112,"OPUS_GFX950_SQ_BUSY_CYCLES_SUM",486958.000000,3271249889075414,3271249889084614
77,77,"Agent 6",1,1368909,1368909,71680,1393,"void gemm_a8w8_mxfp8_scale_4wave_160x128_kernel<opus_gemm_mxscale_bpreshuffle_4wave_160x128_traits_gfx950>(opus_gemm_mxscale_bpreshuffle_kargs_gfx950)",256,81408,0,100,0,112,"OPUS_GFX950_SQ_VALU_MFMA_BUSY_CYCLES_SUM",2150400.000000,3271249889075414,3271249889084614
77,77,"Agent 6",1,1368909,1368909,71680,1393,"void gemm_a8w8_mxfp8_scale_4wave_160x128_kernel<opus_gemm_mxscale_bpreshuffle_4wave_160x128_traits_gfx950>(opus_gemm_mxscale_bpreshuffle_kargs_gfx950)",256,81408,0,100,0,112,"OPUS_GFX950_SQ_INSTS_VALU_MFMA_MOPS_F8_SUM",8601600.000000,3271249889075414,3271249889084614
77,77,"Agent 6",1,1368909,1368909,71680,1393,"void gemm_a8w8_mxfp8_scale_4wave_160x128_kernel<opus_gemm_mxscale_bpreshuffle_4wave_160x128_traits_gfx950>(opus_gemm_mxscale_bpreshuffle_kargs_gfx950)",256,81408,0,100,0,112,"OPUS_GFX950_TCC_EA0_RDREQ_DRAM_32B_SUM",165504.000000,3271249889075414,3271249889084614
77,77,"Agent 6",1,1368909,1368909,71680,1393,"void gemm_a8w8_mxfp8_scale_4wave_160x128_kernel<opus_gemm_mxscale_bpreshuffle_4wave_160x128_traits_gfx950>(opus_gemm_mxscale_bpreshuffle_kargs_gfx950)",256,81408,0,100,0,112,"OPUS_GFX950_TCC_EA0_WRREQ_WRITE_DRAM_32B_SUM",358400.000000,3271249889075414,3271249889084614
77,77,"Agent 6",1,1368909,1368909,71680,1393,"void gemm_a8w8_mxfp8_scale_4wave_160x128_kernel<opus_gemm_mxscale_bpreshuffle_4wave_160x128_traits_gfx950>(opus_gemm_mxscale_bpreshuffle_kargs_gfx950)",256,81408,0,100,0,112,"OPUS_GFX950_TCP_TCP_TA_ADDR_STALL_CYCLES_SUM",82363.000000,3271249889075414,3271249889084614
77,77,"Agent 6",1,1368909,1368909,71680,1393,"void gemm_a8w8_mxfp8_scale_4wave_160x128_kernel<opus_gemm_mxscale_bpreshuffle_4wave_160x128_traits_gfx950>(opus_gemm_mxscale_bpreshuffle_kargs_gfx950)",256,81408,0,100,0,112,"OPUS_GFX950_TCP_TCR_TCP_STALL_CYCLES_SUM",228007.000000,3271249889075414,3271249889084614
77,77,"Agent 6",1,1368909,1368909,71680,1393,"void gemm_a8w8_mxfp8_scale_4wave_160x128_kernel<opus_gemm_mxscale_bpreshuffle_4wave_160x128_traits_gfx950>(opus_gemm_mxscale_bpreshuffle_kargs_gfx950)",256,81408,0,100,0,112,"OPUS_GFX950_TCP_LFIFO_STALL_CYCLES_SUM",0.00000000e+00,3271249889075414,3271249889084614
77,77,"Agent 6",1,1368909,1368909,71680,1393,"void gemm_a8w8_mxfp8_scale_4wave_160x128_kernel<opus_gemm_mxscale_bpreshuffle_4wave_160x128_traits_gfx950>(opus_gemm_mxscale_bpreshuffle_kargs_gfx950)",256,81408,0,100,0,112,"OPUS_GFX950_TCP_GATE_EN1_SUM",4520232.000000,3271249889075414,3271249889084614
78,78,"Agent 6",1,1368909,1368909,71680,1393,"void gemm_a8w8_mxfp8_scale_4wave_160x128_kernel<opus_gemm_mxscale_bpreshuffle_4wave_160x128_traits_gfx950>(opus_gemm_mxscale_bpreshuffle_kargs_gfx950)",256,81408,0,100,0,112,"OPUS_GFX950_GRBM_COUNT_MAX",41550.000000,3271249889277655,3271249889286815
78,78,"Agent 6",1,1368909,1368909,71680,1393,"void gemm_a8w8_mxfp8_scale_4wave_160x128_kernel<opus_gemm_mxscale_bpreshuffle_4wave_160x128_traits_gfx950>(opus_gemm_mxscale_bpreshuffle_kargs_gfx950)",256,81408,0,100,0,112,"OPUS_GFX950_GRBM_GUI_ACTIVE_MAX",41550.000000,3271249889277655,3271249889286815
78,78,"Agent 6",1,1368909,1368909,71680,1393,"void gemm_a8w8_mxfp8_scale_4wave_160x128_kernel<opus_gemm_mxscale_bpreshuffle_4wave_160x128_traits_gfx950>(opus_gemm_mxscale_bpreshuffle_kargs_gfx950)",256,81408,0,100,0,112,"OPUS_GFX950_SQ_WAVE_CYCLES_SUM",3961362.000000,3271249889277655,3271249889286815
78,78,"Agent 6",1,1368909,1368909,71680,1393,"void gemm_a8w8_mxfp8_scale_4wave_160x128_kernel<opus_gemm_mxscale_bpreshuffle_4wave_160x128_traits_gfx950>(opus_gemm_mxscale_bpreshuffle_kargs_gfx950)",256,81408,0,100,0,112,"OPUS_GFX950_SQ_WAVES_SUM",1120.000000,3271249889277655,3271249889286815
78,78,"Agent 6",1,1368909,1368909,71680,1393,"void gemm_a8w8_mxfp8_scale_4wave_160x128_kernel<opus_gemm_mxscale_bpreshuffle_4wave_160x128_traits_gfx950>(opus_gemm_mxscale_bpreshuffle_kargs_gfx950)",256,81408,0,100,0,112,"OPUS_GFX950_SQ_WAIT_ANY_SUM",2096979.000000,3271249889277655,3271249889286815
78,78,"Agent 6",1,1368909,1368909,71680,1393,"void gemm_a8w8_mxfp8_scale_4wave_160x128_kernel<opus_gemm_mxscale_bpreshuffle_4wave_160x128_traits_gfx950>(opus_gemm_mxscale_bpreshuffle_kargs_gfx950)",256,81408,0,100,0,112,"OPUS_GFX950_SQ_WAIT_INST_ANY_SUM",770851.000000,3271249889277655,3271249889286815
78,78,"Agent 6",1,1368909,1368909,71680,1393,"void gemm_a8w8_mxfp8_scale_4wave_160x128_kernel<opus_gemm_mxscale_bpreshuffle_4wave_160x128_traits_gfx950>(opus_gemm_mxscale_bpreshuffle_kargs_gfx950)",256,81408,0,100,0,112,"OPUS_GFX950_SQ_ACTIVE_INST_ANY_SUM",1093532.000000,3271249889277655,3271249889286815
78,78,"Agent 6",1,1368909,1368909,71680,1393,"void gemm_a8w8_mxfp8_scale_4wave_160x128_kernel<opus_gemm_mxscale_bpreshuffle_4wave_160x128_traits_gfx950>(opus_gemm_mxscale_bpreshuffle_kargs_gfx950)",256,81408,0,100,0,112,"OPUS_GFX950_SQ_BUSY_CYCLES_SUM",489117.000000,3271249889277655,3271249889286815
78,78,"Agent 6",1,1368909,1368909,71680,1393,"void gemm_a8w8_mxfp8_scale_4wave_160x128_kernel<opus_gemm_mxscale_bpreshuffle_4wave_160x128_traits_gfx950>(opus_gemm_mxscale_bpreshuffle_kargs_gfx950)",256,81408,0,100,0,112,"OPUS_GFX950_SQ_VALU_MFMA_BUSY_CYCLES_SUM",2150400.000000,3271249889277655,3271249889286815
78,78,"Agent 6",1,1368909,1368909,71680,1393,"void gemm_a8w8_mxfp8_scale_4wave_160x128_kernel<opus_gemm_mxscale_bpreshuffle_4wave_160x128_traits_gfx950>(opus_gemm_mxscale_bpreshuffle_kargs_gfx950)",256,81408,0,100,0,112,"OPUS_GFX950_SQ_INSTS_VALU_MFMA_MOPS_F8_SUM",8601600.000000,3271249889277655,3271249889286815
78,78,"Agent 6",1,1368909,1368909,71680,1393,"void gemm_a8w8_mxfp8_scale_4wave_160x128_kernel<opus_gemm_mxscale_bpreshuffle_4wave_160x128_traits_gfx950>(opus_gemm_mxscale_bpreshuffle_kargs_gfx950)",256,81408,0,100,0,112,"OPUS_GFX950_TCC_EA0_RDREQ_DRAM_32B_SUM",165536.000000,3271249889277655,3271249889286815
78,78,"Agent 6",1,1368909,1368909,71680,1393,"void gemm_a8w8_mxfp8_scale_4wave_160x128_kernel<opus_gemm_mxscale_bpreshuffle_4wave_160x128_traits_gfx950>(opus_gemm_mxscale_bpreshuffle_kargs_gfx950)",256,81408,0,100,0,112,"OPUS_GFX950_TCC_EA0_WRREQ_WRITE_DRAM_32B_SUM",358400.000000,3271249889277655,3271249889286815
78,78,"Agent 6",1,1368909,1368909,71680,1393,"void gemm_a8w8_mxfp8_scale_4wave_160x128_kernel<opus_gemm_mxscale_bpreshuffle_4wave_160x128_traits_gfx950>(opus_gemm_mxscale_bpreshuffle_kargs_gfx950)",256,81408,0,100,0,112,"OPUS_GFX950_TCP_TCP_TA_ADDR_STALL_CYCLES_SUM",81733.000000,3271249889277655,3271249889286815
78,78,"Agent 6",1,1368909,1368909,71680,1393,"void gemm_a8w8_mxfp8_scale_4wave_160x128_kernel<opus_gemm_mxscale_bpreshuffle_4wave_160x128_traits_gfx950>(opus_gemm_mxscale_bpreshuffle_kargs_gfx950)",256,81408,0,100,0,112,"OPUS_GFX950_TCP_TCR_TCP_STALL_CYCLES_SUM",235455.000000,3271249889277655,3271249889286815
78,78,"Agent 6",1,1368909,1368909,71680,1393,"void gemm_a8w8_mxfp8_scale_4wave_160x128_kernel<opus_gemm_mxscale_bpreshuffle_4wave_160x128_traits_gfx950>(opus_gemm_mxscale_bpreshuffle_kargs_gfx950)",256,81408,0,100,0,112,"OPUS_GFX950_TCP_LFIFO_STALL_CYCLES_SUM",0.00000000e+00,3271249889277655,3271249889286815
78,78,"Agent 6",1,1368909,1368909,71680,1393,"void gemm_a8w8_mxfp8_scale_4wave_160x128_kernel<opus_gemm_mxscale_bpreshuffle_4wave_160x128_traits_gfx950>(opus_gemm_mxscale_bpreshuffle_kargs_gfx950)",256,81408,0,100,0,112,"OPUS_GFX950_TCP_GATE_EN1_SUM",4536888.000000,3271249889277655,3271249889286815
79,79,"Agent 6",1,1368909,1368909,71680,1393,"void gemm_a8w8_mxfp8_scale_4wave_160x128_kernel<opus_gemm_mxscale_bpreshuffle_4wave_160x128_traits_gfx950>(opus_gemm_mxscale_bpreshuffle_kargs_gfx950)",256,81408,0,100,0,112,"OPUS_GFX950_GRBM_COUNT_MAX",38374.000000,3271249889480337,3271249889489617
79,79,"Agent 6",1,1368909,1368909,71680,1393,"void gemm_a8w8_mxfp8_scale_4wave_160x128_kernel<opus_gemm_mxscale_bpreshuffle_4wave_160x128_traits_gfx950>(opus_gemm_mxscale_bpreshuffle_kargs_gfx950)",256,81408,0,100,0,112,"OPUS_GFX950_GRBM_GUI_ACTIVE_MAX",38374.000000,3271249889480337,3271249889489617
79,79,"Agent 6",1,1368909,1368909,71680,1393,"void gemm_a8w8_mxfp8_scale_4wave_160x128_kernel<opus_gemm_mxscale_bpreshuffle_4wave_160x128_traits_gfx950>(opus_gemm_mxscale_bpreshuffle_kargs_gfx950)",256,81408,0,100,0,112,"OPUS_GFX950_SQ_WAVE_CYCLES_SUM",3992486.000000,3271249889480337,3271249889489617
79,79,"Agent 6",1,1368909,1368909,71680,1393,"void gemm_a8w8_mxfp8_scale_4wave_160x128_kernel<opus_gemm_mxscale_bpreshuffle_4wave_160x128_traits_gfx950>(opus_gemm_mxscale_bpreshuffle_kargs_gfx950)",256,81408,0,100,0,112,"OPUS_GFX950_SQ_WAVES_SUM",1120.000000,3271249889480337,3271249889489617
79,79,"Agent 6",1,1368909,1368909,71680,1393,"void gemm_a8w8_mxfp8_scale_4wave_160x128_kernel<opus_gemm_mxscale_bpreshuffle_4wave_160x128_traits_gfx950>(opus_gemm_mxscale_bpreshuffle_kargs_gfx950)",256,81408,0,100,0,112,"OPUS_GFX950_SQ_WAIT_ANY_SUM",2122487.000000,3271249889480337,3271249889489617
79,79,"Agent 6",1,1368909,1368909,71680,1393,"void gemm_a8w8_mxfp8_scale_4wave_160x128_kernel<opus_gemm_mxscale_bpreshuffle_4wave_160x128_traits_gfx950>(opus_gemm_mxscale_bpreshuffle_kargs_gfx950)",256,81408,0,100,0,112,"OPUS_GFX950_SQ_WAIT_INST_ANY_SUM",776226.000000,3271249889480337,3271249889489617
79,79,"Agent 6",1,1368909,1368909,71680,1393,"void gemm_a8w8_mxfp8_scale_4wave_160x128_kernel<opus_gemm_mxscale_bpreshuffle_4wave_160x128_traits_gfx950>(opus_gemm_mxscale_bpreshuffle_kargs_gfx950)",256,81408,0,100,0,112,"OPUS_GFX950_SQ_ACTIVE_INST_ANY_SUM",1093773.000000,3271249889480337,3271249889489617
79,79,"Agent 6",1,1368909,1368909,71680,1393,"void gemm_a8w8_mxfp8_scale_4wave_160x128_kernel<opus_gemm_mxscale_bpreshuffle_4wave_160x128_traits_gfx950>(opus_gemm_mxscale_bpreshuffle_kargs_gfx950)",256,81408,0,100,0,112,"OPUS_GFX950_SQ_BUSY_CYCLES_SUM",491407.000000,3271249889480337,3271249889489617
79,79,"Agent 6",1,1368909,1368909,71680,1393,"void gemm_a8w8_mxfp8_scale_4wave_160x128_kernel<opus_gemm_mxscale_bpreshuffle_4wave_160x128_traits_gfx950>(opus_gemm_mxscale_bpreshuffle_kargs_gfx950)",256,81408,0,100,0,112,"OPUS_GFX950_SQ_VALU_MFMA_BUSY_CYCLES_SUM",2150400.000000,3271249889480337,3271249889489617
79,79,"Agent 6",1,1368909,1368909,71680,1393,"void gemm_a8w8_mxfp8_scale_4wave_160x128_kernel<opus_gemm_mxscale_bpreshuffle_4wave_160x128_traits_gfx950>(opus_gemm_mxscale_bpreshuffle_kargs_gfx950)",256,81408,0,100,0,112,"OPUS_GFX950_SQ_INSTS_VALU_MFMA_MOPS_F8_SUM",8601600.000000,3271249889480337,3271249889489617
79,79,"Agent 6",1,1368909,1368909,71680,1393,"void gemm_a8w8_mxfp8_scale_4wave_160x128_kernel<opus_gemm_mxscale_bpreshuffle_4wave_160x128_traits_gfx950>(opus_gemm_mxscale_bpreshuffle_kargs_gfx950)",256,81408,0,100,0,112,"OPUS_GFX950_TCC_EA0_RDREQ_DRAM_32B_SUM",165536.000000,3271249889480337,3271249889489617
79,79,"Agent 6",1,1368909,1368909,71680,1393,"void gemm_a8w8_mxfp8_scale_4wave_160x128_kernel<opus_gemm_mxscale_bpreshuffle_4wave_160x128_traits_gfx950>(opus_gemm_mxscale_bpreshuffle_kargs_gfx950)",256,81408,0,100,0,112,"OPUS_GFX950_TCC_EA0_WRREQ_WRITE_DRAM_32B_SUM",358400.000000,3271249889480337,3271249889489617
79,79,"Agent 6",1,1368909,1368909,71680,1393,"void gemm_a8w8_mxfp8_scale_4wave_160x128_kernel<opus_gemm_mxscale_bpreshuffle_4wave_160x128_traits_gfx950>(opus_gemm_mxscale_bpreshuffle_kargs_gfx950)",256,81408,0,100,0,112,"OPUS_GFX950_TCP_TCP_TA_ADDR_STALL_CYCLES_SUM",90936.000000,3271249889480337,3271249889489617
79,79,"Agent 6",1,1368909,1368909,71680,1393,"void gemm_a8w8_mxfp8_scale_4wave_160x128_kernel<opus_gemm_mxscale_bpreshuffle_4wave_160x128_traits_gfx950>(opus_gemm_mxscale_bpreshuffle_kargs_gfx950)",256,81408,0,100,0,112,"OPUS_GFX950_TCP_TCR_TCP_STALL_CYCLES_SUM",245986.000000,3271249889480337,3271249889489617
79,79,"Agent 6",1,1368909,1368909,71680,1393,"void gemm_a8w8_mxfp8_scale_4wave_160x128_kernel<opus_gemm_mxscale_bpreshuffle_4wave_160x128_traits_gfx950>(opus_gemm_mxscale_bpreshuffle_kargs_gfx950)",256,81408,0,100,0,112,"OPUS_GFX950_TCP_LFIFO_STALL_CYCLES_SUM",0.00000000e+00,3271249889480337,3271249889489617
79,79,"Agent 6",1,1368909,1368909,71680,1393,"void gemm_a8w8_mxfp8_scale_4wave_160x128_kernel<opus_gemm_mxscale_bpreshuffle_4wave_160x128_traits_gfx950>(opus_gemm_mxscale_bpreshuffle_kargs_gfx950)",256,81408,0,100,0,112,"OPUS_GFX950_TCP_GATE_EN1_SUM",4555568.000000,3271249889480337,3271249889489617
